comp_1,comp_2,comp_3
-0.27136301929334167,-2.3633784571268195,-1.9261431556706616
-1.53193001053478,-1.270375673657756,-2.616971566041415
-2.103060045377711,1.9409605180939251,0.18600467879675694
-3.6487002292705317,-0.1552266077314408,2.2336333242701576
0.8136214355633257,0.01797166459580153,-0.3038128739170227
1.84197416611311,-1.332444228638627,1.3322206330175081
1.5100598391664162,-0.17961293844888393,-0.5264557705453546
0.5673247649002798,-0.952518212086856,-1.6878996054471085
1.897142234393958,-2.9773366355332453,0.848734405761867
1.7568989918005364,1.0723103419899802,-0.9627512984542295
0.7430054051391832,0.5762809092206921,-0.3754745238283616
1.0989554428329067,-0.4323847144440012,0.0664802813433888
-1.7456037819188466,0.9490329278801136,1.175130763298925
-3.690696397671484,1.6470837871806812,-1.7353450361627967
0.40653133400710056,0.9045565628486459,1.5981064445880941
-4.525483909081,-4.238257163788863,-0.26119585561617487
1.7208900236591202,1.5070287603405748,-0.4410788181687657
0.26115097013711963,-0.18187528091339494,1.7487880645785707
-0.06196285815719326,-1.4712836730543088,-1.2346493188700522
-1.4507950188259149,1.7008570934981488,-0.05218547212275778
-2.266963772543152,1.2829573743650173,1.2048060857859808
-0.5564387783274528,1.7142604708719025,-0.4423634768468643
0.5948756651380522,0.5787358762322263,-0.22531472498567537
-1.6364091780906143,-2.8404443665692365,-0.30871372348181003
0.01808770888280254,1.4517834297996415,-0.1282107216055806
0.6023646240982021,-2.2264702004404793,-2.3570449782496636
0.47755159093725597,-1.4662816389730613,-1.632158933417285
-2.6585705149838272,-0.7742742260248603,3.320634985366538
1.5067385988949422,-0.5771472350148142,0.7705783194689427
-0.09515756654741635,-1.8739481652886065,-2.2107394157099622
-0.5704469707744722,0.02041699839990093,2.8225486872343057
1.422949038372993,-1.1210898405914222,-0.870077118563614
-1.7682431221673358,1.6247786477364425,-1.768707547995019
2.605998137858793,-0.6508937538590539,-0.49864579185311625
-0.38961091960090694,-0.8793033734713355,2.4070571401584298
0.6766065438027534,-3.7649460304173874,-1.9070519241104404
1.0372484955851589,-0.11803906122229842,-0.5459166019626684
-0.4217663639807445,1.5583427657932665,0.34778380958027116
0.6531401069515997,-1.7218052343028771,-0.20106844265078894
2.1532260054355294,-2.079520009128294,2.1507399877744353
2.2996246273468564,-0.3832536657096349,-0.4351148074094817
-1.737371795103625,-0.49541360723951106,0.6209308685455129
-2.00411255587693,0.2830111387349797,1.464494273842734
-1.4290360838565088,0.799648368811507,1.2794362852913606
-0.9583827314930746,0.40644284984747436,-0.2809173280757161
-1.4677900861000381,1.1406863703402221,-1.6044334552320625
0.7979156025750263,-1.2419951049461009,-0.6480530500024443
-3.3963750878149144,1.544960038383734,2.292427296706511
-1.1006644792406708,1.1561582629225153,2.246902384955903
1.1114400863514322,-2.677615308010446,-2.416754869306208
0.36055401677394144,0.36613339284236146,-0.9528276113794918
0.48476231028881483,0.38247505554159217,0.7472955552359044
0.8360813697743742,-0.8257036123448322,0.36489649462495555
0.7150827704679792,-0.07135338381447874,-0.10116434960036556
0.13986540650213547,-0.4237143455609461,2.229460741559613
-3.2194427659008844,1.1817281197960252,1.7457919498803005
0.9556740193317809,-0.7225326942001116,-0.17652884577935515
1.4255504188726493,-2.389895617200295,1.3142190846421897
0.33284390522642493,-1.1732844071749255,-0.9672479518131879
1.5420638132663314,-2.8317671253123384,1.1223243700574195
0.8390132332525487,-0.3422322896146947,0.5755351625214671
-3.1679484854911597,1.5411435914850573,-1.6150165907705374
0.874455532846216,1.1582359477703785,-0.7315375269383878
1.307273072055924,-3.135046488011643,-1.1543065836508457
-2.4150327517329657,-1.5076832476015958,0.4428337842797705
-1.7809432900765534,0.7871908929866116,-1.1773643331089039
0.5007229104143871,-0.9668072568786913,-0.41277152592713606
-1.9357005792609787,-0.1038617762380642,2.425671541788643
1.5930126111493714,-1.813779160801879,-0.6303227837360081
0.506765566910996,2.2373722354903456,-0.5577613575086833
-1.1426246260424855,0.0435665514768764,0.9813289766782365
-3.4338025564721275,2.75444271844729,0.0880377345821223
-2.8255900948241646,1.5023129840851477,-1.2037763052833559
1.3604691431589806,0.8217188223826083,-0.6360235628327986
1.2716122004547505,-0.3471447509849572,-0.855519148599552
0.23866981955823321,0.1548737431661048,0.08075972747559117
-0.5840076664780394,-2.486784333428488,2.2324944444452317
1.6779459598857993,0.019889651586587266,-2.786454795825546
-2.7997269883912597,-0.348650278462612,2.3061916526295576
-1.8064689312696196,2.0266122083835265,0.5602244214005605
2.2248669721590084,0.041199263842443004,-1.56922365049473
0.8555571813655153,0.09443754537570127,-2.1193056240825654
1.5514950547642903,-0.33614940455165054,-0.12125913216569108
-2.690703693739489,1.5477107831037713,-0.7046317718639502
-0.9386758999877506,0.920488864195878,-0.725138505802842
-1.538837011136624,1.0465632180241091,1.1795892126590641
-2.431439826159447,-3.539922615526976,0.07934075179435011
-1.166585767604123,1.6316847795973783,-2.167902748799394
1.0677066268850557,-2.8449047230911604,1.0439350190736565
1.4620451653006243,0.24150243712349245,-1.0314247363981883
-3.4442336221549095,1.1010713253656326,1.3275032622656198
0.022585635384898346,0.8427810549809966,0.6846990226603736
-1.944274781303163,0.27796062750894324,1.9163026246544612
-2.091538949670134,0.0728241281638252,2.03727694334331
1.4972929309868706,-2.693637235443806,0.6538489792095097
1.2938376802624747,-2.464967495044048,0.04795278437013911
0.24539875682059553,-1.1573725898376537,-0.7647451588462365
0.7871964728603154,0.6329046902126301,-1.0171086150710722
-0.5573175893642948,1.4072310500394618,-1.9980937546977882
1.9971130407508322,-1.12273170617116,1.4199999416238973
2.802081868946606,-0.24814627546370438,0.6199044600862933
1.389407117987266,-0.22171471299093443,-0.15792976975458017
1.6143488141302687,0.8597352523690652,-0.975124848448495
2.5027780695040085,0.6683665023070335,-0.9061497369713785
-0.5428466027674067,-1.512831922438882,0.5588609501346699
-1.1078182911165977,1.1076337315785565,-0.2983141974155876
-1.1038684763688391,1.4598111894020542,-1.7522933871459951
-0.6230249366356078,0.11107203896773374,1.6667642664542974
-2.1527035879735044,0.8477549501173205,2.1128587046920155
-1.5025684334569607,2.909585692955264,-0.9775948206305352
-1.7941099448151636,2.0432406420765803,-1.4337729382621416
-1.5599318118184475,0.4090332803846501,1.1243748166312886
-1.5750361896209604,1.6857355521588557,0.11853769203027803
1.5367985635318304,-0.1366674786235107,-0.5290191852562839
2.1519477273318057,-3.2487851742035607,-0.20116654047196056
0.9358791072200515,-0.7590889542555197,-0.8081879426355936
-2.213743253649015,0.5240361347223442,3.119631179655459
-1.2223429929838283,1.6723502903539762,0.7493740632646071
-0.914745100036162,0.6737510464541561,1.5024236995288016
1.0925714690747288,-0.805936460939084,0.7299603408109319
-3.7891638829348513,-0.2357180945232061,2.5636190776354697
-0.480339992473552,0.17249502796857488,-0.40481895060752326
0.015820581151871616,-1.6250907885213124,-2.6617620417893804
1.128691845505926,1.1819654052660773,-1.5614470863312642
-1.2953742258208487,1.3687935973065677,0.6691591171943791
0.5339264848618612,-1.7721391412632266,-0.46681426355746725
2.2579246153880006,0.3980970861380785,-0.38774254081756937
1.2176167064421337,1.947898625388962,-0.8043754153790561
1.7048898945524127,-0.5801139939992065,-1.0946404328045847
0.40564450390501516,-0.48270618730950443,0.09766719982008146
-4.163102115356626,0.5482552876413582,0.9018334734778459
1.0362985728928646,1.3604901320274854,-1.0630200661998497
0.3812052599721441,0.6736049311574877,0.9077250221574578
-1.4345365064335023,1.5288563936414494,1.2349010097427298
1.834504123065283,0.0406324083220568,-1.86627126460143
-0.713166200196722,1.4762446249939827,-0.7972371128283788
-1.5275201483301133,-2.998445951163471,-0.5469071865812015
-1.3304992587615116,2.3130703311140306,-1.3346063712319562
-0.962224664103373,-1.4369533763484006,-1.4207079007861563
-0.42259504531614556,2.0512448661633402,0.20625691631271295
1.3210479495761198,0.9914929464013739,0.43405513747783525
-1.097762667436025,1.462255957688232,-1.4961256048632954
0.9068157256697424,0.11065760918972173,0.8461698116909367
1.4099829935001458,-0.8291429635781851,1.4517006581751328
1.098242679475945,-0.8448036534485042,-0.7523226204000374
-1.463930510586125,1.433528836117911,1.187843550157621
1.3746938972467115,-0.4136699347085126,1.0438144261232531
-2.893558829710347,2.2682660967894552,-0.20390217129303562
-1.561138560511202,-0.5284911526563516,1.6098906809646865
-2.8013331322213118,3.1602901318664127,0.5187152025148787
1.1852286759916941,-2.172060596278259,0.6188102182004284
-1.793400237753321,1.7265651848055674,-0.49267763430715894
0.6018998755375434,-2.023851406309688,-2.3704901305731867
-1.4843553495329658,1.3848423459355428,0.13915665321052814
-1.6039380001721435,-0.20596726885590086,-0.12597266618435063
1.560290638859523,-0.16982765531518876,0.6494534193308817
1.4826011474760048,-1.8349310729309332,-1.2139666048601592
-2.3378490683526856,1.4949533813152118,-0.037530902756841476
1.057837014198276,-0.4408728191716311,0.7759874601654803
-1.3790664827039891,1.2695034668524736,1.0744776814505783
-0.7693742029784928,0.9237980482760235,2.476611735479914
-0.2655915747056502,0.14528463159241659,0.8040229193467691
-1.1814360246783666,-1.156825172882,-2.0522777253877633
2.45688474100496,-2.164428079117958,1.2872804834899556
-1.5742115591506114,2.4058701812546968,-0.6776657567055239
-0.4917083325676863,0.5866764355472459,-1.2147087516952273
1.392187326336274,-0.16655883302555996,1.38540207779272
1.1294960707710993,-0.2675122095381728,-2.3154392242099755
2.3178157225390663,1.0272090434286831,-0.69461577851635
2.2284300901904532,-1.0771717382581636,-1.8115269794199957
0.2794762734613987,1.6756901737071197,0.37307783394558564
1.0941581405474576,0.4327007664258131,-1.0367995147647493
1.8870473049512586,-0.4353143554309238,-0.5237309601649346
1.4051252535503758,-0.015419800770758305,0.10507011592240471
-0.9198041377651109,1.6703440252886343,-0.6515417040132686
1.114909298640852,-0.9188209549594483,-3.660864184801738
0.12170353422188732,2.338438455152342,-0.9447041239438576
-4.847576376696031,0.9970350586801299,-0.9001069330596492
-2.8791476163543828,1.6757873574454525,0.620207800079778
-1.2903491428899843,0.35178832416705785,0.38095169896286096
-0.06291219065757314,-3.1319387743730176,1.3732574321491213
0.5354339977432773,0.6410504590685144,-0.26965771857100584
1.48447963017439,-0.4957758795238284,-0.7192272705032065
-1.8455806394064613,2.144762114603391,-1.2608624396997543
0.0348347882266871,0.9812233383115484,-0.9364730954684171
-0.7103569676131474,-0.12593148789896352,1.8442140098518434
-3.8827728803158315,0.8708254359076849,0.042738498265343025
0.12151306139788867,0.4733541664628818,0.5965010651164796
1.0517928598861939,0.1563691749639122,-1.8988957409629599
-2.9865454536548754,1.2288617915438607,1.1800803699298652
1.835115603111998,-3.3537081424661315,0.8261249155461745
-2.2069615463023164,1.45578702344112,-0.32397068594198464
0.41023513479517487,0.035127232050836496,-0.08662901617962801
-1.6833627709830559,1.0185683903815963,0.03954526530415187
1.9919321694355836,-0.6322347004339715,0.5470543987465593
2.4507119010034555,-0.260612676069611,-0.9522590899235174
-2.004889403750525,2.126981038482196,-1.390097513341229
1.6404022488229293,0.5476515990401698,-0.628291752355542
-0.07444899008169924,-0.17895647434807552,-1.3577208413121185
0.015006923244726795,0.11295105807198201,1.5461692474212985
-0.5593676363901892,1.3505049975720944,-1.052460619224151
1.5023920811502178,1.759797666857654,-0.8186648734998365
-3.2965784482017666,0.5844342842304152,3.454527227437108
2.1237001482905544,-0.6629678254352808,-0.7088372097970329
-0.11222881752756321,-0.5008063813346922,0.427825397439161
2.4414528052710645,-2.3461885923191956,0.21269715320391736
-3.1525663592840503,2.132632231634895,-1.0179765280050268
-0.43212639481836246,2.1822269307157134,0.10068804575233013
0.9131406266445943,1.5481343086483919,-1.6540374585913935
1.3824634350451745,0.9695433481644639,-1.3206579875401872
1.099321138442772,-1.0983206368891483,-1.9115373318170368
-1.653389566651488,0.6598372662693035,1.0982884837682902
-1.686837792810616,-0.03277229170576236,1.3128853030129055
-2.413782447545205,1.8657305993392765,-0.530239031816587
1.1728938625674308,1.5195912041257418,-0.24783357310116647
1.3875963956100061,0.1365783971840099,-1.0019248035075705
0.4618938030243485,0.6266958948926129,-2.254267672017577
0.46007659963662506,2.0273652106936724,-1.2854450909597055
0.06750358570319928,1.1815856871537542,0.36340555900995675
0.7170025132790966,-0.5987799801301846,0.7115636038601931
1.2703919343150227,-1.7586055388085235,-0.41638363828747915
0.4828003142526923,0.3810080761843629,0.4984813802461186
-0.7166559837189984,-0.03723569766054765,-0.8650355505477383
1.4075404713695931,0.3999929041125411,0.4115048319676076
-0.2546947649835217,-0.46298876890524454,1.8212285487033864
0.29960971919423496,1.6114992911332509,0.5432318610296228
0.6866911364370225,-0.30675777208544297,1.6786620292859376
-0.8053959902241509,-0.06406172360813693,-1.4035824318738144
-1.7500319064717447,1.4344244310376904,0.02351163652223136
0.2774997362006654,-1.0507689709062118,2.0612766186156235
-0.5933223167014423,-1.1104711053170826,-1.9463998068723036
1.9605748373242524,0.18111937725178684,0.04846917409998956
-3.103445144086839,-0.43329358747657515,3.04799955602334
1.8736411025459772,-0.713973512634025,-0.1758632132150433
-0.636370334247166,2.620699583059277,0.024557108266863116
-1.5004359374222376,0.9751077247753998,0.2616620854790595
1.0114252077061627,0.42943946142830786,0.22112750276316998
-0.6624285033660401,1.3279992479734246,-2.2327843332499127
1.2395995339394732,0.45628978597165004,-1.8144918942952135
1.3237750430409057,-1.5254085417950232,0.4193820458334965
-1.6035182814169484,0.15998800793762372,1.4932893160270346
0.9981693136299818,-2.2480410972627523,-1.1353683188135613
-2.976957748258379,0.34474049150925007,2.249852870032815
-2.52536910520658,1.8980003066377293,0.4735775068209837
0.5011866418519031,0.39792109969670825,-0.08679900529384907
0.8134829636482392,0.5064307453391469,-0.752618995828601
1.8221804033453604,-0.9962021346713286,1.0275611020582238
-2.418482226494023,0.8483625573590828,0.21680846264644918
2.0384318660166407,-1.9802125757747535,0.7966895216682285
-0.9152952552399706,-0.512000478698172,0.49743210433585733
0.021252128279386887,-0.32135578974563583,2.3162599498534564
-2.3821663230327497,1.3262810961297318,1.1123059385164935
-0.8845025386128199,-0.1535375513175123,1.9328582442285447
-2.8604218544293007,-0.49897348309736445,2.8141386387154896
0.5462617849766134,0.6892854014178031,0.18140831853701683
-1.5263852401828701,2.215754171050663,-1.1670457243312677
-3.518141951262794,-4.32061598972656,4.758711401357308
-1.2354631948583819,-1.0837604501783196,0.20877740126353714
1.4459996782800906,-3.2148682831985624,1.1419417748645369
0.5416043815582643,-0.5231307133140485,2.177390448921018
-1.5000906171863897,-0.03958104261462119,1.9221339549643457
-1.29205899631035,0.31588760780618863,2.219683778306112
-2.4425884940726705,1.8791184559655492,-1.912641352874658
-2.3176725418826103,2.2226921180578167,-0.6935952478823126
1.4149542072321264,-1.0042188830965093,-1.143399329085144
-3.044324651755639,-2.317056004948448,1.5287224157737838
0.30257306501391135,0.3639746661052484,1.6354066885219598
-2.8060718631069776,1.7872366854691593,2.190931300119592
-1.5966874357613885,-0.16812461462094067,2.1745042155607366
-1.588949115739813,1.1949619298972987,-0.45473884921962876
-1.8602195884571668,0.9938939853362599,-0.19444464934040287
1.0045102382425004,-0.15316246271060832,-1.3712511645919836
1.2157575112215813,-0.006657469101814996,-0.5930929096017921
-3.285356868075493,-3.9474106605278685,-0.4051897295005806
-3.500459805633447,-1.075282750669705,0.3082695613653569
-0.8313957581761193,-1.2410106046067566,-1.7753419565893112
-2.481528118855222,-1.0000298656381872,-0.5926488271764717
-0.22700023111983722,1.377903995293894,0.7425241197529443
1.5820553137040647,1.2721413706275189,-0.6791440212616688
0.5692130820328754,0.9896264289404783,0.844377604114886
0.7091741747823956,0.07395004222887056,-0.3105756461746354
0.8054780030289456,-1.4344437274423107,1.7135805721737147
-1.0402059881113617,1.390344151180287,0.36256238614933245
1.7084779068880807,-2.2456399992207836,1.339655709075998
0.9125717508134686,1.152534754485771,-1.1682377865886748
-0.45353568400658417,0.6667777631316163,-1.816807179356399
-0.13707510896062264,0.34392833901310466,0.006104194112790589
-1.068424165914192,-0.37421772531486286,-2.1098207749753186
0.2654770509947392,-3.931437021501203,-0.47103211135801476
-3.644982458942071,-0.31261315925599903,3.0019897081915117
0.06496708345036285,0.7262357320506435,-0.2715175314017403
-0.07149998999363748,1.3575820229939104,-1.8489966072211317
-0.04091207973428627,-3.467440860833386,-0.49037611424663835
0.035167578903049924,1.2073749017490742,-1.543022658905858
1.8880914871939043,-1.5917571676732811,-0.3451676907747083
-2.2304281043620415,0.26260173721082225,1.7668243129207168
-1.4302624893693512,0.959057345452183,2.180621103989874
1.3371919309068925,1.2012183906329323,-3.827776456309868
-2.214636409040373,1.9353044533565258,-2.1496499219056053
-1.4495752434663685,3.0147418293968893,-0.30706850302598093
-0.43396083733804347,1.545553278607347,-0.8934418305686905
0.7083310852667375,0.5114979467965972,0.5774292663602795
-1.97748398678654,1.949911219042159,1.40859739718665
0.48494514417805623,1.046990974149391,0.898167020343552
0.47077826406013235,0.5124463740269728,-0.6290533174968284
1.214583672201957,-1.2371008181681835,0.23508883665669278
1.8084868828466438,-0.4986211037385829,-0.24161352167424316
0.5553824634784483,0.1863624459858366,0.8207844047951152
-1.6476765562901106,0.8511711667554764,0.13851009927121224
0.6769553973445963,-1.268048582025156,-0.6290736797258674
1.5044525583796124,-2.565437597395482,-1.394847320581748
-2.1089080458721554,0.17873354029674526,1.594785195109937
1.1243001093829859,-1.8475473019029587,1.8325519812251185
-2.672925600175908,0.8453232393607956,1.114247773086306
1.3431963128699012,-0.2990663200349775,-3.026451913612375
-1.5674100687359684,1.5108097177287103,-1.2273097137878992
1.3526665455318034,-1.550636478132355,1.139912662364935
0.07069397565912248,0.5608461256799355,-0.31600990827466807
1.9308131883422992,-0.5457286171222535,-1.388694727269035
0.6298361827007005,-0.1894162973362336,-1.4416190138437024
0.19110508668685988,0.21790742776643607,-0.5775213376920401
1.0679977972291637,0.3961989543827873,-2.2476560081457118
0.48319603064990096,1.3677361739003588,0.14593647395254403
-0.4161604314516378,-0.2701921930959241,1.8074663596404863
0.32592941402156167,0.5697831338147769,-1.888055955804198
-0.8789210902853353,-0.6954010780679069,-0.039333052341475536
2.050654826571087,-0.09887790825806841,-1.842157413804781
2.572360621062968,-2.2579501640511173,0.9482368582858652
2.790746017151746,-0.2390400774836892,-0.8649307234953436
1.0004116309237647,-2.3057019544593484,-0.25380112559996426
1.2362650409639147,-0.03533236308027008,-1.1091550622237398
0.1180639393387289,1.187157980454375,-0.7173229717863298
0.2672127071497842,0.9168044627425643,-0.3247347725209361
-0.5940781648332062,0.21585608382767668,1.7419372840874525
1.0441397605516263,-0.4829841917537144,-2.5206826034219687
0.9265248613362332,0.1588563510710727,1.5834461067381136
-1.9371631216155405,-1.430056944250717,-0.6466591501613765
-3.3352878860044544,2.244347961745157,-1.2531316713287162
0.03918852632853774,-0.2837146005843013,-1.0728373499448194
2.6661441717777996,-1.3147062472797686,1.1371238455918578
1.3192767238399936,0.9861520202388493,-1.0487647738955546
-2.603359199681132,1.8015014472438593,-1.2169493329313446
0.5940067335054745,1.0555119948718736,0.056180013056379485
-1.0119728024444397,0.8110317653238228,-0.9491224523218782
-0.055799686719838815,-1.6877144248299214,-2.0431751502681865
0.9168257567021082,-3.6750705368222896,0.48782100254449884
-0.5453548097415782,0.050382914673659226,2.491459477481167
-0.17511650616915936,0.4237804918071699,-1.1797699150749108
-1.3679347628863103,0.7932222425115293,0.7456225046918209
-0.6301180422978573,-0.07220135417798676,-1.7193399786993482
-0.6383414496270792,-1.4295744817134004,-1.3745966452999514
-2.0047621241860534,-0.1796941436265541,-0.6299301814188157
-0.7815845086888824,0.42004727324190255,0.7162143898306892
0.1173274397599116,-1.1516891302058176,2.5070285019103262
-0.4838589303736607,0.7607950431687325,-0.7065901828723067
-2.7060122898509253,0.46039930310399513,1.4304601688212
-1.8837843790508788,0.021992774335741913,2.046468454124547
2.161828262730564,-3.333146508732615,-0.5865100521643556
-0.6103246329230431,0.8137429727861513,-1.9813753871091384
1.5489663247199599,-0.15358433502963623,0.5415898615917263
-1.6801275058017064,-0.26134027806850035,2.0993563585096724
0.5876217952215138,-0.9267418045382194,1.9388931848774562
-0.6578065186862063,1.5148992028694566,-0.6878359365787974
1.2582671631724849,-0.4126125337005547,0.12116288971067558
0.4122472877457879,0.6193780598347859,0.5402050671872483
1.8457966796039498,-2.320949073948505,0.5338301518099378
-1.682747172525436,1.2333871222530706,-1.0356417808408942
-1.3691293965164415,1.533079167996821,-1.7601016830307235
-1.7799380241950669,1.1510590695564493,-0.15890539196164682
0.5363024323208517,0.755814053868857,-1.5067681168028082
1.9279354142816318,0.07402067978593793,-0.9341826032221253
1.0691847258827303,-0.3999311305616879,-1.0877594329161986
0.3400760748764441,-1.9685421220413153,-2.121718128368379
1.1093507427348601,0.0917300199496483,-0.40530953584612517
2.0631801156832124,-1.5592528746196828,0.27956238359205443
1.3561013399246973,-2.3814795256233023,-1.22849727878087
13.72812169473006,4.581495785499839,3.2850554692631153
-4.562077215739252,0.3165216058013999,2.365973378914093
-0.5268699899427806,0.6239076492497596,-0.1690814445787412
0.8530390617289004,-2.4646109735498465,1.3996467591862132
2.4463278420212484,-0.8355145447400959,0.5239721828726055
-0.9022030219737852,0.7605453542356675,-0.15697457117209412
1.4243178322368482,-0.9310067505913995,-2.154122524118813
1.1890836708255919,-0.31539914561312016,-1.598499903589113
-0.1912594675420913,0.8088252999511145,2.0460748332860925
0.31580616886595503,-0.5878290482573286,0.027205753160261248
-1.5178201319233615,1.4992687108266036,1.282666675796971
-2.9871423688395446,0.8311504111541269,0.5206635195278342
-0.7451137913856228,0.15579030100975816,-2.329349291586641
-0.07413100556781599,-0.9881780689877582,-1.1067845505122726
2.0591977161692587,-0.2547154562008207,-0.847324037512066
-0.6846762626572558,1.064206903992995,-1.0887678462375932
-0.5011659151015403,0.6165713724937578,-2.2877162473486576
0.8623098025321679,-2.1750083510847023,-2.481806664672777
1.9845183270299354,-1.6567310500924326,-0.3164721947272187
-1.553841204508171,-0.5263119829444296,-0.13624793835400364
0.7865181460534253,0.41155161091331693,-1.742264183183553
2.2349179322223045,0.0671444330003554,0.1549948124217358
0.9505528719856252,-0.04816932074597549,1.686979628171658
2.4385683407867247,-1.473622479134882,0.14913976011848523
0.40880157881526247,-2.534130504825172,-1.7437665378431384
1.5397657069994768,-2.75247783424311,0.8377978876465894
-0.7524843607160058,-1.7219147492944427,0.679369694049031
2.8893486906468033,-1.487339818367075,0.23150632675729038
0.43227549312483193,-0.6241093032668389,0.7230552062608946
-2.364913716232954,2.7803278089442602,1.1549125047571702
0.20188110397991518,0.5816378551868114,-2.142672212629668
0.6403028273684133,1.2379517831199565,-1.67059434853326
-0.8114162738372345,0.76057633391756,1.546578722805098
2.324994744271938,-0.1556523737048958,0.23894368090603058
-0.9915898347995336,1.0005052168673396,-1.8187694671409906
-0.9816482306033651,0.31878372491532353,0.7817652524705362
2.171177094782111,-2.459694518470483,0.30793241324280574
0.43639365607343006,-0.598908797598956,-0.5587995798352872
-0.6597531798887495,0.2865176722560408,-0.5626770168924535
0.8649125186277735,0.6575537243716225,-1.6259594182559869
-1.4498350872951693,1.1455177566276689,0.801361624382598
-1.6559794289675553,-0.08547229824249686,2.0817631606378666
-2.3503370511609196,2.978623899855936,0.08889156501626141
-2.7793843980489017,1.683608557521176,-1.6183890259874347
-1.6569026204354433,0.761490144264302,0.4130592052584231
-1.5439018941887674,1.9425015079020356,1.083380940271778
2.310535401196344,-0.9242824723795492,-0.03482898521887948
1.4929833523613214,-1.6945674118056389,-1.600496686471617
-2.130671942122038,1.9457540476586892,0.9492867968480083
-3.6797153975742036,2.264071612389484,-0.9264013335141859
1.730482174294629,0.17960571794024877,-0.0929571304963065
0.10927797534141837,0.869397795608022,-2.3694657035648996
-3.206127780313518,0.8052702864680564,0.2959025161464729
1.3296261779055902,-1.3447262912778173,-1.1981649920292992
-0.9186690156541536,0.539717266088435,1.3299160573120172
-0.5045934408740229,1.6886126067699196,0.7468045954527817
-1.5014212998333947,-0.4595742196520112,2.0425596168257707
0.38047890511192434,0.7196268876076113,1.3636308078365411
-0.27290523701626296,0.05051879576937791,-1.0377530505365706
1.9353013261270378,-0.8723616878938588,0.800569647615399
0.20130606607923904,-0.11282338107227848,0.8343532156733413
-2.1043936184071153,2.8581695130626565,-0.005347629919476095
0.9722890122470319,0.021535240673845452,-1.9609032770061265
-1.470646926587058,0.9319947940196175,-0.6881044938448281
-1.7823372138312,2.674737976466989,-0.3706945277618736
-1.099336531273992,-0.5524620906962989,-1.7067261176123623
1.894931768569509,0.20817013181421978,-1.6633312979102801
-3.235372388464732,-0.14935267754410836,0.7637055820513705
-0.7651671477583258,-1.939228434326042,-0.7654387434715947
-1.391058827675931,0.5156402231994673,1.9557233139399066
-2.768960502121727,2.360017967751549,-0.749947616395083
1.7910578432820785,0.6228768173708058,-0.11313237609462688
1.8159098705432124,-2.3541272219425147,1.8976458760347374
0.554645081151333,-0.9243794106432753,2.413968728538146
2.109808759791684,-0.16877319324244539,-0.15123775043835522
-0.05692464179965255,0.4864985836901642,-1.1229811392188147
-3.494797146728287,2.4010486051168174,0.49467143096615557
-1.0206140732163729,0.30259624925232254,1.9739533021745317
-0.4058579404809118,1.0012351629099874,1.6285786790802965
0.7274470871718683,-1.2232895493064082,1.3061339577627826
2.340146264731097,0.3086093301065316,1.254030911881578
-3.1565534963208757,-4.522154235714779,3.3451945234296274
1.898532242474785,-2.6520008968215216,0.8153453491992723
-2.749330432333163,0.9441324530482453,0.210612296910986
-3.929829198744187,-3.222552716009647,-1.4224186179858176
-2.135765011362363,-1.0387195720318794,0.43891103117581665
0.8362119370787193,-0.18939063892589797,-2.499024465521325
-0.4425846386409478,1.2680951083715775,0.3413721029538109
0.9665270153076937,-1.2395859209202136,-2.0563125901010078
-2.2536541826775585,-0.6492584109684231,-1.2379585869210108
-0.7200054904976321,-0.1456153250041523,2.8445166279203824
-3.3380851542699532,0.4414306579052023,2.1082820341409345
-2.6637978136384133,1.3461642005319667,0.6873559503941673
1.4356646243307514,-1.7496267047637948,1.6820000370817538
1.8303891200777407,-0.30047185856361897,0.6755598716508256
0.9589764297411202,0.12501027901377182,-0.8549149721071385
-0.019269051025132013,0.8940320338281665,-1.528627134883506
0.00802101422409568,-1.260207169847215,-1.0981130676875737
-0.5546146184275377,0.3193265542764809,1.0337353055051197
-1.8484581393665795,0.951900679169086,1.4565194400835086
-3.1389575816158795,-0.5611160675606625,1.9328516229029813
13.86632475165477,4.639899925349792,3.320592915825602
-0.1531167736834195,-1.303976010240459,0.5088782804603547
2.016743267797203,-3.1960549904426925,-1.1717989717608
-0.12217052234046534,-0.9466880036706163,2.037999721429465
-0.7975757849232586,0.8976673080781152,0.09218435485919725
-1.0120968116973983,-3.107063666110056,-0.379462966120542
1.2835158466170593,1.3111014673007715,-1.667306965991992
3.169956289671423,-1.7016315828342212,1.603543514086173
0.11113261786284469,0.4585083173578391,2.4107623948537937
1.4895062689641503,-1.835848466787485,1.7003080628391671
-1.9849969425066494,1.6523971142757239,1.1585156250550308
1.3749327160923976,-0.888582164467866,-0.3840527810242414
0.7780985168765624,0.07669084143561028,-0.8811120382144771
-4.041185470490985,0.5753932867996848,2.0127774552732385
-1.2567641937284968,0.0668167481784627,0.2887353218432954
-3.538227791254646,0.0025439939503288473,1.7243790453545171
2.015820008469157,-1.322407002547853,-0.14309601833165342
1.2865186710261847,-2.7524032115238697,1.2068069424206729
1.7858715899383517,-1.9383950882263787,1.4599858675475228
0.744928527239803,-0.3760372969535022,-1.3137405214933557
0.3249148711880863,1.0298271981159635,-1.5396987839158767
0.5403856093210512,-1.2424127200192385,-0.93975556548279
1.4717560642259038,0.9223514984966159,-0.33455502407788745
0.8290527917107852,-1.20260429761242,-1.8203293014504023
1.7494140131737452,0.6565735905839609,-0.38430432943816584
-2.14230164378185,1.1933972696222634,0.9362892504737899
1.7832991555911286,-0.5042913389206858,-0.3053080144832087
0.6565169202458876,-0.1521587625531332,-0.4027459864383907
-3.814376978450301,0.4121365250718249,1.1207888334500031
0.8500774040942319,-0.528863682054347,-1.4119857483135543
1.5918264007079257,-1.1565527739102994,1.7455252274353996
1.322678448107966,-0.684461761817062,-0.7867014189107654
1.065482779868979,-0.33262784626687586,-0.786558602302078
0.6756136335812467,-0.5140828464067332,0.10985005520476282
1.4848159145448183,0.40525879418150523,0.5286241014983872
1.260487292700877,1.1648575249058128,-1.5075972140199014
-1.4939964475476943,-1.0040394416778637,3.2412789889257607
-0.5905199091732926,0.653604126683854,-1.2677566929863673
-1.431769773078299,-1.0945023182277263,-0.0948511695897739
1.5077778427191926,1.3907517119010269,-0.2023950540606935
1.1650321097022438,-0.21526905402233146,-0.5297981793592011
1.539358146540556,-1.3600362010421838,-1.8962394007884265
0.850666030003968,-1.2800423115781625,1.7068904131822467
0.5034302700537056,0.19078359598570693,0.4713616993696962
0.20568284253084926,0.3934180136752432,0.36757282019673476
-1.1947840470115627,2.62963912260291,-2.13447531276655
0.8182029480370031,1.1245906245649069,0.025253033697506144
-1.5200055202517286,-0.41704381230064386,-0.7948099033193325
-0.8000894538603972,0.7221992971416178,-2.646303389620902
1.2113538500211773,-0.700599730695347,-2.536272459985593
-0.34969569271825135,0.8741137228257925,-0.03935420585750167
1.8029558330449766,0.3480596288268652,-0.27596355711945875
0.6266636447715802,0.5276739539613442,-2.4400025182358105
3.142902476498672,-1.6727573165112855,-0.6049440194135951
0.2885189623589091,1.2029043880039378,-0.10023894104538277
-0.060720923773276515,1.311651746489776,-0.4542233632190253
-0.1682695924962519,0.5678667982761347,-2.652756188583183
-0.4872608898083723,1.6248548168660373,0.39913655688886074
-1.0794434606292909,1.6156988065913673,1.7447348623707357
2.2350952543729443,-1.6455159737088256,0.04444460640092197
10.492227053722495,3.521417137768679,2.6632920684131833
-0.10847012712892025,1.6703421922389068,0.4710105722158614
2.2730125771557783,-0.9144378202160159,0.23497635938001304
0.18223006502895653,-0.4384887303448873,2.547156645558927
-2.8411822757919394,1.56824586159705,-1.5777165053105395
-1.4111765085992685,1.0349463883064303,0.10323450829842083
0.97028429327225,1.2693758941417406,-1.5402432972544087
-2.499378032821509,-1.681747139093895,4.027688444026189
-0.4933731126118945,0.4975052188902789,-5.89490952398961
1.4024297597468598,-1.6973748194038847,-0.46582692610337184
0.5697047626536075,1.1050598140463637,-0.5453469050470985
-1.2640815231432738,0.5287785613171001,2.5093069794769516
-0.14068514168872845,0.03990463055122308,1.088370322563484
1.9706601461775193,-2.564908231622724,1.2119212119608895
1.6059888060464649,-0.45157429803670823,1.8543282725042904
2.4567838197533938,-1.090103231260827,-0.23852596328342487
-1.503167276565417,1.600504331508813,1.267064578663371
2.115518283219846,-0.5944638637099721,0.7468083990780902
-3.5184060230131835,-0.6036599594547012,3.329764438365344
1.4244425917595138,-1.2788518891518406,1.4442656768165822
-0.3690789242068311,-0.629457561214417,1.886677186828311
-0.613218967413004,1.9048990107151467,-1.3682407767575724
1.7371553958637693,-1.7339252365369398,-0.9538165534874239
-2.395418333908726,1.514774016240727,-1.40087657456486
-0.7484625016071002,1.92799049343752,-1.2106126307956115
-0.4694592263559595,-0.8782894083718055,-2.2949049460494195
-3.50005284031779,0.4969691203520492,1.2321129406085607
0.23849943507935323,0.5233235137549554,-0.9288061151104057
1.0002907571891522,-2.3439111261564416,0.9749349127577337
-0.41923550462896086,0.046721312701708054,-1.5117461481669243
1.3120124650353746,-0.9959785761079291,-0.24918878356065235
0.5415020848532668,-1.9387890416625289,-0.10938188599195373
0.23983728129331328,0.29774445186673865,-1.2405510122760308
0.8340834626398974,-1.7213922762109146,-0.4892451677932695
0.7579451061414494,-0.6588976658776635,-0.4186218090232612
0.9152291046674871,1.0787738059321352,-1.7401650764234766
2.306370845899321,-1.5977789441716956,1.3038969363923503
-2.456970018163788,-0.6887710187723527,1.3300378038372764
1.1505933752779645,0.22854889387893204,-1.5303530418539488
1.6827033620801555,-2.7124863819240095,0.8171947828642822
0.08292708993040211,1.0288498549169158,-2.3211409678340007
-2.1148480306372055,3.2348021901031454,-0.10498518307132367
0.35167308895830585,-0.1238419265026951,-2.138439939146707
0.8683468164411804,-1.7431128894707228,2.059018548248139
1.3971917423199247,0.31510339819109606,-0.7079800187331847
0.8364704483713318,0.17832040226471288,0.571434723604311
-0.1683406652792106,1.3420130541236308,-0.1822240367908735
-0.8480668138468159,1.6491206228590203,1.113770577239124
-0.6853017679417056,-1.7190010288205697,2.161100611268751
0.14172572904583702,-0.6323364430675281,1.4852387379589576
0.39166817364576223,1.9768942934728702,-0.5094213739790955
-1.47747803240459,0.7215115942833269,0.722719414166617
0.1271850833281329,0.1347822533863207,-1.5506236334764831
1.4222450935003759,-1.694794747675677,-0.7708704858442303
-2.4458481848053255,-0.22279090542643495,2.4884738068132175
0.35618087178437635,0.5907052034689386,-0.84995245217226
-1.7365246936870564,-0.0138705270679228,1.7522759944194903
1.2009983460683127,0.09408767077136987,0.9715958160389349
1.1226960408480604,0.05256587450961363,0.1467904216147549
0.1893964777210097,-0.4297438194206064,-3.0621405788418508
1.091674405514402,-1.079193855520947,-0.019289763126689924
-0.4234893345663903,2.493490387801122,-0.4722099373574052
1.940017897856252,-0.8610093510111357,0.8824968575934494
0.2917272238067579,1.362878896092901,-0.32648038232559323
1.7654064396807663,-1.2614430466280295,-0.2699341225343653
0.5915827697250383,0.4315483485342125,-1.0531678040544679
1.0844757419359328,-1.0399614228624914,-1.0291837029325441
1.075731917981386,0.14542281420006076,-2.3957998236295586
2.3396761517024114,-2.7124684110766015,0.37958603729311247
2.0040035327086274,-1.8085798743668926,0.8299501791047237
1.7703383956550254,0.7903977632740726,-0.7374352774988027
0.7507051386549223,-1.8061398986840196,1.4918571600737083
-2.473100179137188,-2.37468362762905,2.3231178927193303
-2.719689778045981,-3.7450466481983784,0.8297493489983992
-1.9252250567845648,-0.5773649148452162,-1.4213213599479213
-1.1231505033904552,1.2574677565413863,0.32294578254850653
-0.4821843831470279,-2.1321283240937787,0.4046258493387587
-2.5082923433858078,-0.07667325715889584,2.3851950655213945
1.9058831373308684,-1.5089264515261638,0.13930645883637086
1.2281293623252427,0.2984383228948428,-1.130674601124205
-1.1372258546921945,1.285083703972702,0.5013857705313881
2.34612729402085,-1.394147872216442,0.08425938353272311
1.1906184899638348,0.39204091592358875,-0.7311668730277108
-1.7169824861277816,-0.07343551430060909,1.861519297677992
-1.812801633015204,0.29937961884514175,1.3628117562601534
-3.6768313724265873,0.925171580105747,1.4506166783842909
-1.2742757681711507,-0.4224878805773985,1.2840018918076883
0.9549270213203851,0.44923534504330326,0.21299041555777676
-0.7595431908990804,-0.1534719495931177,1.03380377101595
1.9589795562857921,-1.0038791245078533,0.7843424155249261
1.7736703331884023,-1.2210901460587102,-0.5046925250825
-0.6622966844018124,0.5584831297186503,2.091897814781237
1.3067811819727975,0.1742928544477322,-4.1025669372676195
1.0605342612471043,0.8100992933357059,-0.6806493049670006
0.22599963705755635,-2.0894772531190213,-2.4360901143131666
-3.508006950599957,-2.7777240289059106,2.605617325889389
-0.004273322321129002,1.5410267983790458,0.4789873491206331
-2.7419155117263196,0.8651820871768954,0.9627719981374399
0.36476339656419904,0.6660918682653307,0.5519435277762323
-0.36253564714196784,-1.5151650262253025,-1.6878980517187205
-1.451430614255614,1.3995436391846796,2.222289074262101
1.4295907596200441,-0.08843959950788872,0.5746751067403477
-1.270654237970409,-0.13555530836716187,1.5945822670403222
0.3493101108385089,2.149822122259759,-1.3042487205341045
0.7757614390122314,-1.6137385862699,-0.7914296071230726
0.5465046972173754,0.9668000232040952,-1.7672702773644755
1.5366105037203175,0.2771792073291617,-1.1449502784109158
2.0589040521423296,-1.1688446524223182,0.874877603520303
2.0397151578676205,-0.3429379774171177,-0.005195453345674583
-4.8424661958814115,-0.2393271545782622,1.352303179843647
0.9504787076951435,-1.281677894919265,1.6029960442333224
-1.9630589554201001,0.6268399811320695,1.4973372075736744
-0.7840061992897541,0.209871007024204,-1.1203813382060537
-0.4873362733512022,0.34207073316023373,-0.6212022145240891
-2.0416093586452693,1.1648580326347489,-1.2394083785000733
0.6572316265316688,0.26918611830797273,0.22189283784120603
0.2299397726583255,-0.5582914551926801,2.2548356590589123
0.32446633944744147,-1.1460930273830012,-3.085149589145364
-0.7388082767411306,1.3920637785791095,-1.2135652440664277
-0.09329496448243803,-1.723818974839342,1.5476726325845027
0.4439225645102508,-0.32627227091912675,1.6613812738841978
-1.5931329103248295,2.109431103093699,-2.327052944019127
-2.9669036415673196,0.3205853154194531,0.8896521092380767
-1.8803035281434883,0.9805562629198861,0.15793747378242975
0.31006811786491395,-2.832185738409583,-0.6482583008567105
-3.8321555006276053,1.0612916502004683,1.0059330896589918
-1.7997459705430534,0.48587701922799365,1.8258350867471231
-2.7109993352605075,0.978247208204213,2.9632418390762996
0.5834881375828342,1.9025684220999832,-0.02075270466922593
-1.535840542257757,2.226225169372654,-0.7257615976681122
0.6250456071614208,0.6649443813828869,-1.9949702872322421
-1.1134168025565754,-1.006394321880344,1.3562584446588577
2.1787522311772154,0.23553455760525951,-1.3802411779594403
0.714500059934358,-2.8740394059791172,-1.9368197064932566
0.3909955661015936,0.2780757879408789,1.2124888109760201
-2.4813161810967808,1.1329111257739766,1.0081801119517964
0.07512585854077074,1.7426186641504096,0.5173827294527712
-0.5478693604175512,-1.4405060397063914,-0.44376213055228375
1.1777826995558134,-2.9298834946737835,0.9952952624569126
1.4181148134400374,0.6694775927800348,-0.04249149342842255
1.2904038211035567,-3.102449096330622,-1.4747165874636599
-1.774338114700813,1.3130386648720314,0.4464109306051254
-3.787406827050428,1.9169745783689016,-0.7926011446039595
-0.9600601806986566,1.0042724638717957,-2.1028708293181015
-2.5219744383620304,1.8977767798401546,-1.2766400987528896
0.6702193747920142,-0.7878904182382933,-2.035546568767443
1.6948597910473742,1.0028136173177038,0.17853090018155074
1.7957837336607338,-1.787747732332907,0.6940696194152313
1.64953350223426,-0.01599286101616642,0.0476953721397459
2.6248011410623517,-2.8036532797762526,0.5183083189946229
0.16296644689658663,-0.4415682740463712,-0.20716735276305054
1.4652144382130856,-0.9796311762187396,0.3741039753220929
0.6097122362373492,-3.4730119229547687,-1.1054057216302506
-0.4182022185073071,-0.6420147785655682,-1.5743691434381464
2.135882273944221,-2.2731498504718135,0.43731892744511003
-0.29605796733583095,-1.327952881917167,1.5574170737132618
0.0005813320086279789,-0.24309876015991666,-1.287697680880544
1.4023874284569644,-0.1860421235400766,-1.7684204456328632
-1.264203249696844,1.6652973539740488,2.1432694034698896
1.4297000377231048,-2.025379800087911,-0.3310379896937417
2.0684428206861356,-0.1336078940590476,-0.05589634373110449
2.210934313741754,-2.0525058745882676,0.5185985995437636
-1.3868535090000518,1.5595551442334816,0.9758565698261129
-0.9625692598861388,-0.4272750827526262,1.515844560289847
2.465084810896301,-2.0749768270071245,0.13715175908879146
-2.668293488093486,1.0237359478034542,2.2110850737118697
1.192923984063276,1.6613356047385048,-0.5098756458893867
-0.8924670979856918,0.33940716688616757,0.6418538299300237
-3.2733867168061788,0.26346794553398273,1.9184680786487216
-1.2883393969412678,0.2524096546690709,1.4786298380718503
1.8419653665893923,-2.910340531211174,-0.03515362250721511
-0.5505971612384212,-1.9495703001744613,2.16676411439538
-1.7550139763583046,1.0638645231138795,0.04075487779220545
2.214484581459527,-0.43129465502999886,-1.622204714643723
-1.3728901364068362,0.1687571362418269,0.2837108943229496
-0.5890831534666824,0.9744858600210158,-0.40924399554353025
-4.9468347817154585,1.7766614778401888,-1.0013182257320004
-3.379322655179924,1.0368763527080698,0.9395528078148455
-2.925396551055149,0.5913318432068502,1.662476045434461
-0.6827554257706792,0.5512065367234349,1.2643483903238628
0.6579553031437027,-2.460546891816685,-3.096594233899326
-0.05328304956753976,0.7070874353402999,1.158629809541362
0.8580783409337897,1.6173196929869191,0.2579171950245396
-0.8022851049317055,1.0834826139028395,-2.1451388658580113
2.2583376302379636,-0.046154178155739585,0.18593429598356884
0.5632424721790115,1.1458256405943432,0.7163756714730131
0.22771306687494833,0.40821657498369496,-2.02125888455684
1.6431411130739937,-0.8058755718634193,-1.2310268175331898
0.7218615399450581,-1.9543535913350212,-0.7036769499642889
0.8458251190368941,0.6194573111013045,-1.2937206581905147
0.9906915585371042,-0.15622721590388783,-1.0610204595871342
-0.5433689487217171,2.340114895191978,0.279502747674183
-2.606482703765978,1.0573036860802336,-2.094970205824834
-1.8124055655747007,1.236934153564278,-0.9765546711864175
-1.5112169419885084,0.8346340105364959,0.8168732038502232
0.9544252078371944,-1.986553218101566,-0.3282536898012786
1.8220312260163425,-2.4021867057616015,0.6858039886945964
-0.5862903026281313,0.7041987105312278,-0.5166239591488134
0.6096242834891505,-0.25049605978103234,1.7573556366788259
3.3939756685860676,-1.2109170097583912,-0.674579023576682
0.9957989025266317,-2.2589812609741218,-1.2855529156184855
-1.0963951743944247,0.7618385322620157,-0.4183937734637465
-0.180540578683874,1.3907581760450867,-0.2638514930150437
-3.680514034816561,0.8189144407527863,0.03141609738716956
1.938979925799873,-0.5133293572061745,0.4891400431209597
-2.542431326708173,-0.5242824686571161,-0.9807282712389501
2.186030985699011,-2.8506106154559414,0.8466796764647365
-1.448470684334103,2.0233593226328557,0.5782565901277286
-0.24666255308598628,0.2790358616371013,-1.0088490526947482
-1.3033891036596081,0.9473460334494516,0.7424777149322644
1.217841144293679,1.2053901327575371,-1.1216954897350864
2.0208038139734668,-0.9995831774983119,-1.3652564131617557
-0.6965274885624595,1.123794328695851,-2.44104340519134
0.8914879817483439,-1.6764373643694366,1.626710116559514
-0.03624788283094641,1.7849096838592495,0.658650862470386
-0.896183705567807,1.5583445805264473,-1.3496599377545144
-2.117477509149958,0.1537658519460292,0.05406392913035831
0.6607325182029214,0.033284172776507547,-0.6908108162089279
-1.3838375041045017,0.9807569234563339,-0.9875460523597228
-3.9145655343168335,-2.6819453074254107,-1.8652848352285232
-0.9948907683950258,1.1369114388609072,0.5565452240086749
0.23080423044956846,-0.010768698570316608,0.6793777383354931
1.8535348801719915,-0.47768483428794994,-1.3140705167550268
0.3219091889832459,2.00347031424044,-0.4419628930815082
0.7696195759268293,-1.5089541023480053,2.3792858120154508
2.558170883252602,-1.1466541222666184,-2.1930049136310354
-0.8448318904526549,-1.3066395753768163,-1.1621346865248943
-1.865124718154532,2.2480210176148336,-0.8772450486852756
0.8030890076560853,-0.17839319824682004,-0.298657743464847
-2.634253559386492,0.7474615738532435,0.7505475370762141
-1.8048690977610806,1.4035383060410913,-0.5857137215395559
0.07554628525745091,0.6763375240550985,-2.1321945130701048
-2.231326940710052,-2.873834027636011,0.12262451984968468
1.535925763002359,-2.6789376991673683,-2.411678494842931
0.3494052205947105,-0.5060579592660838,-0.5154250284572263
-2.8270985354507405,0.619136626484182,0.6114218992008035
-1.1795148460991205,1.0155191471670222,-0.21417021407405237
-2.3650458656495683,1.4317819635431392,-1.3490183916236345
-4.094993772798511,0.7047503631306262,0.4970341538157706
0.2752072753776902,2.071617463865946,-3.281645463882974
1.019508914499786,-2.354934533806379,1.0138948987856764
0.6469964633333111,-0.22155195165376299,0.45803802625153006
-0.21639663323180192,-0.9975630115461067,1.023353303825814
-2.6572811570283266,0.9156253673162328,0.6979834913709437
2.470955177409396,-0.86003411918018,-0.13230704007061206
-1.8756779817406075,0.21194348809442448,1.3575848213386652
1.5814458443133794,-1.2176470247482774,0.59710450006728
2.0452207371239473,-3.177080655736318,0.5015426728396699
-2.3208826622065404,1.7091038150540034,-1.3627934865490774
-0.8812813188015531,0.2328198342812764,2.0831448581554857
-2.03554373873354,0.5358562337819941,-0.1927384095823371
-3.303997047814881,1.2928949605795492,-0.7335284610229358
0.4034770658995662,0.04527480814617645,0.15541078129550748
-0.4973157408659542,-0.5379074811515523,1.9907614982615784
-1.2268736841642227,-1.3793935825423316,1.618059358821569
-0.47838526940545495,0.9601559744960915,-0.9848915740648119
-1.8357849798608872,2.7642053356472096,-0.4180532555630668
-0.9421829643860326,1.6339400820766488,-0.6162565758963068
-2.1756744644977366,2.71505593593184,-1.0601361247707703
-1.4740527136249046,0.2989089941465775,3.120870572406395
2.4929436670763403,-0.9188680188619027,0.5293329188628693
-0.9241206500609079,1.8430342003556075,0.30224615145470296
0.42510206124682165,-1.7301616775316078,-1.557385051832528
-0.80271266453882,-0.2868681864848518,0.3854109802430505
-0.6914205702981848,-0.9642664614121199,-2.8419919018749367
-4.167715320366817,-3.850505605782662,1.1822400574130334
-2.9551402935248516,1.8712154197886612,-0.7579486587433908
-0.5694489681701117,1.6601731004945208,-0.756492832634149
0.06883690537894094,0.33526546224245646,-0.3067575410811964
0.1770452674356291,-0.21740492011348383,1.8532968903030982
1.063436744123673,0.3581456299260425,-1.60407773202832
-1.878010699453865,1.4577937988735306,0.3248754273509513
-1.469139681674509,2.795701287568826,-1.1199815502075203
-1.3358941604376922,1.0764297604144832,-0.8697971591043832
58.623607201806095,20.5603095837329,12.335763741152023
2.273368383389058,1.0680276104986612,-0.010551734182060745
-0.9923375495832577,1.999869762151439,0.3711169017384697
1.0964679157183996,-1.772568561851006,2.233782191524612
0.3276806147126735,0.5158010398164141,0.18724727866879776
-1.192281481391363,1.1042181972635547,1.3146451147988685
1.7337715346530147,0.36158738902925625,0.3615563968055698
-1.6084240604690874,0.9683963296494476,0.008910726609125365
-3.1572412949048174,1.5104780243932348,-0.9730200089887703
0.6725652900679898,-2.7720554975933043,-1.9751609248798028
-2.7178833978240142,1.825884378859692,-1.5471459020173888
1.6319251047120016,0.4295952347380679,-0.2797569240134654
0.573049631324801,0.8171923566124747,0.3054803764888121
2.2934569941103913,-2.288061596089419,0.6479044264941656
2.3160807812857627,-0.07876836027242778,-1.1748541486688917
1.4511976816849927,1.2643654978625927,-1.4022328713071102
-2.484050321710642,2.548395504509292,0.326965676793534
1.744872336974537,0.7981948996814668,-0.7963467881009361
0.6420775638193438,0.17988272168511107,0.43053160514770217
-0.34834865736134696,1.2583387020154275,0.4595061106441342
-3.582948706033847,-2.121401440247936,2.3753854208962366
0.5266600353473205,0.7232013170222941,0.13740884432930256
-1.0730235008795646,1.0607657476843193,-0.9303328533105361
0.5853482651194256,-2.113145458979593,1.442241604274544
1.987256419132912,-0.4433088058843561,-2.49190586049892
-1.0614523296081084,1.1308000178261761,-1.0360594769850089
1.0307887913430025,-3.566126929769081,-1.5527038314921064
-1.3709523834447606,1.475526114409509,0.6487518271494703
0.5323471307739311,0.9889278477582673,0.2899744621570816
-0.3737882084066474,0.4978974389712514,1.0711322272348804
-3.178215263547082,0.3675466245917477,1.2702221846272006
11.644813221285212,3.957250491135497,2.9259648222726913
-0.8593019561511046,-1.468230956975131,1.1924824185275817
1.2418003150385986,-1.2057714535084858,0.13520221515064734
-0.8329109912521229,-1.1640690204963047,0.6121590698227598
-0.975223836939326,0.3769656643244368,0.9402064032881423
-1.8086658277491354,0.24967400847146293,2.0964152717734317
-0.929430297350518,0.3680993893681914,0.32039937480635916
1.5718539111972494,-3.0544305030260763,-1.2690152687913003
-0.7180702989751708,0.4446734128400663,-1.9957427816362974
-0.6156307548861458,-0.5496398705390624,-1.6481330348289533
-2.7771472071883694,3.020219951489183,-0.48690917873964473
1.110107642181424,0.5038297984648634,-1.9405027136856483
1.19043598243701,0.14497656472430845,-0.747135423557317
0.01840791254778411,0.5131854708457314,0.4022803819578364
-2.391578272260943,-1.5493352904810043,1.5460037358557357
1.0960451578158537,-1.1727805664002275,0.04233721887948979
-0.4138703175080177,0.3790564185831367,1.3685872307479654
-1.2523893453890769,-0.028103563484928644,1.3285875259976412
-2.4156115487768326,0.6525708023300116,0.6725424128671177
-1.4952455263090747,-0.5032574854609745,2.2577068841157937
-1.831410697985156,0.2011650218917561,-3.23933065449312
0.03712916960052442,1.095312822762089,0.4363410503858538
0.43806023095331037,-0.23159062292795055,0.40564055063584736
3.019112266362205,-0.33453612501120594,0.06936791170287782
1.594672540464193,1.5661257449511972,-1.1832006691153023
2.329780815531424,-0.621952036973091,0.28126202936190386
1.6453749755226184,-1.0366469892562367,-0.9451051390060733
-1.8916865033046917,2.2568420102960114,-0.6846466605400018
-1.0970617342348437,0.0683002751818285,1.9414131207843424
1.5600219975541816,1.525358532249439,-0.40929308119519653
0.712364744446401,0.11234385470328881,-0.3560805172527556
0.8418240085236811,0.7491380943262623,-1.2591194370779517
0.08109814705038804,1.3506363939598403,0.12185733311758966
0.8982525380955003,-0.4149326701861004,-0.4514830066884324
-0.15436659440177888,-0.3395070468771309,2.029497879380432
2.737941847371632,-1.4485714505700635,-1.3720126071043657
-0.48528839290305736,0.2631296724519286,-2.9636877741627283
1.535769665752215,-0.3423328058025088,-1.5563455099546877
-0.4457250745153527,1.2566062475690596,-1.2299985724959837
0.8496877824184963,-0.7864402998049759,0.7956947212080832
2.051105661784767,-0.5326619004151762,0.5091956759138476
-2.5212973193568993,0.755659291655241,1.1445044053431472
2.043232968180312,-0.1156286066360377,-1.8989327335429538
-0.36920592894815285,0.5598326882500144,1.2536112968384379
-2.5490162033630424,0.5313859809313957,0.7404616239324519
1.5589511702574865,-0.5047773904499597,0.8259759857385419
-3.7414517278131325,1.3119412194258455,-1.0144347362900792
0.5590021583975439,0.5113238811391653,-0.3039167592557304
0.8897357975225231,-1.5741671297730906,-0.17627412779457016
-0.9765570843104888,0.13126608270214313,2.244958805700659
-2.993131072103855,1.5151215147400026,1.240588977682792
-0.15643681334559942,0.6445716464184035,1.0485490396270005
-1.3987805134546027,0.2884191033934711,1.3144289407449203
0.6954298607120891,1.4112376439198842,-0.15683026020377092
2.2900765984444234,-0.7713836094391253,-1.9304622435087915
1.4083749604740765,-0.440758906750452,0.7603302958081253
2.0049448690370553,-0.25201402188155636,1.2909272954554196
-1.446826965782367,0.5276692164762208,-2.4050023655779813
-0.788568125954031,0.07354127121298325,-1.1339229691141552
-2.1043634240983025,2.977476120460748,0.1902757259937063
-1.1924179674958526,1.2766415019989439,-2.7236997102714007
-1.1517631660743024,0.24728462545131866,-0.46123728794811564
0.6908319141988745,0.25259617010553054,1.8290741454364075
-0.5205993361913022,-0.3883136063415721,2.423551093711987
-1.0356625415764023,0.9801801391474425,-2.503769291423973
-1.7407435592439522,-1.9736546490573896,2.2208961472329594
1.183489919334459,-1.6548923259228037,0.6001967451991288
-0.795340052955518,0.6997540582493696,0.7643316422657086
-3.5684683179348995,-0.04867392747778893,2.354976575860232
-0.6135093341542825,0.7420433987307343,0.9089350247797491
-2.6305803382060047,0.7586419403620134,2.1928004605897624
0.5982583654137361,-3.1578276391042257,-2.1325344369275507
-0.7155082907556342,-0.04823448043310244,1.6342399396235305
0.21944529877708266,-0.18316080122765502,-2.295524821527606
-0.8060264233879244,0.4069765594268613,-0.5808644025068098
-2.2939079464365837,-0.8569093495950677,-1.2081102741300114
-0.30215464739956466,-2.561793719729695,-0.2155851270700885
1.0772235195969115,-2.275537294881541,-0.8454117656580206
-0.1771914779179053,-1.9653465231752558,-0.7805159799283095
1.9490938049051905,-0.026640254867581176,-0.48057984817156607
-1.5783454210226107,0.7514887205935072,3.221793325276373
1.6322266413594118,-0.6359348204778688,-0.24442554564502186
-1.0769583897194543,1.7410522632753376,1.017207990266236
1.7148664823115194,-1.8079252008506939,-0.5017814786234187
-2.4129467697374327,1.6382609989259267,0.602912791474183
-0.5846956068004667,-1.5544425966121065,1.1266154289717234
0.2021590672601358,1.3803852416015079,-0.40837802397598044
-3.986966256167238,3.3236176862235287,0.9269007060768762
1.7978764479285096,-3.879886924781479,0.35869349980653203
0.39291447392738704,-0.8926679143604885,-1.0125727744493482
2.311299737983611,-0.7825628229067536,-2.923607055945039
0.021247051848077524,1.485986684409091,-0.5101160823240788
1.1876524938413062,-0.2584019277979752,-3.470980509903781
0.2567915864521717,-1.1524407777766523,-1.5631928008372997
1.6888911859831626,1.0348454407241485,-0.5222612478162774
-0.7933505631692046,1.278364175146209,1.2531311746781135
1.3945814377180465,-0.2563521642528699,-1.278633085277944
-1.5920639661511367,-0.07401263761606497,-2.2194384035430486
2.360944661471517,-1.276610064204023,-1.2859667513852873
1.9771204437592451,-2.7064520793025997,0.33706271944799193
-3.6105273020364823,0.18665642510970196,1.421679919467572
-0.7211719906792727,-0.3433658514168393,2.0886781560939767
-2.9183715036491447,2.086235152548317,0.4912574224801603
-2.0616692612892455,0.7612958946946031,2.8877826627106025
-0.17215707704811417,1.327656086569199,1.630013993920627
-0.5801238385344653,0.4506354309751137,-0.002450630860493476
2.0443487305469294,-3.216049666357147,1.4071007991918303
1.1419936648636162,-1.4444853956904429,-1.9908059384533572
1.7576117252129235,-2.1809546333106224,-1.9966395494582494
11.086254820710458,3.683394827335798,2.742073293894726
0.4623531848856815,-2.286379798692824,-0.5161490116330468
-0.9118546623263123,1.9972800308391057,0.533877764643608
-0.28582573483823986,0.1023708491410939,1.6033762811766312
-0.13161843543391463,0.38629448495541896,1.0590797939030558
14.206966135949965,4.766025221393242,3.3983938813649845
-0.8702512097890857,-0.5666343604828844,2.206420093208542
12.492441102019466,4.192342392255544,3.0588312986162696
-1.9529010448059037,0.7363395441857988,0.6340941941412481
1.6723327701278092,-0.5498447619441768,-0.2609044083226473
1.8563609941646855,-0.9778332496214139,-0.948970285762158
-0.29770416155757773,-3.105835878648922,-1.1750956456868575
-0.6315847245121788,0.2299776810783883,1.6746493901431676
0.7795681986508465,-0.3457398771309632,-2.446626715351842
-3.472208832592407,0.8064657193309693,-0.21442800494617972
-0.5872026664170538,-1.8202916468986057,-1.7564113425216976
1.8305023034732888,-1.5701150292382462,0.7857591472371492
0.5926118328307757,-0.846726728988861,-2.755030771163332
1.1400710692753218,0.9761178192350931,-1.1175034279598006
-0.7662612748114593,0.5188171014337123,0.4909016173404351
-0.28688422964686233,-0.2636373222471959,-1.4911074033302414
1.2664721500611105,0.13554887731308893,-0.8240780774542186
0.8949294443969775,-1.0196430878727902,2.048188505340299
0.9635344836940763,-0.6970465668607976,-2.6917007396885304
0.05525588612832184,-1.5563445172289099,-1.052970957489879
-3.468693922242908,0.6164418387823417,1.4075287724441476
-0.8428943221740216,-0.12053703378538629,-0.35888155735278754
1.350134830368532,0.13244357762426373,-1.2925398823337018
2.120839123762471,-1.288820374212525,-1.0177314094961274
-1.533404132354896,1.952472183441703,1.0510222223078618
0.39043172734129744,1.0242080956540662,-1.100343352311574
-1.5308509419682703,-0.026747589051043425,1.9145030256121618
0.9231087223033531,-0.04073950815222525,0.06756740046297541
-2.0002870122957415,-0.10228356107208403,2.138202015571958
0.48044188908380553,0.852190248300347,-1.8666160678280483
1.9226805472324346,0.9354205961657129,0.13495634173865587
-4.48474583023419,0.7390556542430389,0.7358143039120225
1.5646546214558135,0.12169629374358043,-1.3235729562196137
1.9349167404624268,-1.5416745138820684,0.867256691235475
-1.870179223427567,-1.0360463336573071,2.4899158161372097
-2.2834792129948807,0.7498733839390481,0.6781960710234781
12.343704125859672,4.092780708305959,2.986597432630563
-3.177369932171333,0.4708566565774608,1.0859216380829488
1.0258176212538077,-2.062917620668616,0.28728961665790553
-0.5943640293662418,0.8125778981221462,1.3095479342738559
-1.0708761944939964,-0.196643564164038,0.9059333797831052
0.21261715393774777,0.5449836314260095,0.14995731924736366
0.4730482675946272,2.039767161115605,-0.011261859654820277
-0.33442831894365616,1.206333930934303,1.6822000139883344
1.0150745941349768,-1.6522908112063288,-0.4097937076761616
1.2610608515400359,-0.3133645043405385,-0.5932043417530498
-0.4540744853327619,-0.34159691142334186,-2.126669529903721
-0.9529597430513582,-1.977158690095246,-0.1841238162211493
-2.4370197218345253,1.154247470071822,0.9534639471535891
-3.478852103478925,1.458862023876627,-1.4652566085287764
-0.17408359418993746,-0.5954102686939425,0.5243386283544574
2.0887779175662873,-0.437975851248848,-0.06376979270695539
-1.3571481955831894,1.4769450056755549,-0.04420100627143159
-0.17887864064743383,-2.2817335047014824,0.19212425784772388
-2.0072646755779333,-2.506095257029205,3.3158928255389553
0.9435498788795377,1.0301645232679866,-0.008937703071051288
0.2976409191024715,0.44058865554467047,0.2123471949775493
0.07276704119904498,0.7333656148119023,0.4372278271407713
1.4438460385162013,-3.733280860781635,0.7999921600352887
-0.6910801684393345,-0.2427415924423967,1.0572167502439613
-0.5000087651707162,-0.46795420513552377,2.1150985627231287
-1.6801561965645102,1.0773040941511656,-0.29230321519297003
1.48368850282053,-1.8120205893193024,-0.5941353986541994
0.16107724500190687,-1.3027700256805261,0.7740654030391028
-0.7020079744689622,-0.14015400235057182,-1.6858361023063835
-1.5444549430413208,0.7992569532480485,-2.918491953098553
1.0684946008823555,0.030346699646890525,1.9920734506773623
1.4317259398812043,-0.38136914981537756,0.3948641631502137
2.0249660510721226,-3.0793210683592065,0.7738832355838833
1.203947681802903,-0.7598259637005137,-0.05152693137151386
-1.7911304954775378,0.1236739956005744,1.7272173744393808
-1.163479325538155,1.6878024399503113,-1.464371821475694
1.4444948346143294,-0.2790874975584975,0.013217976964893024
0.6954876092100011,0.7991808362033532,0.33095535829574046
2.50071066574251,-0.35457136529308275,-0.710401998083279
-3.886314314688821,-3.334975206750323,1.17973322281651
-0.0030560100072926917,0.3760637096027119,1.193748593496045
1.3333381872930823,-0.07853731599547469,-1.1491742978158133
1.3905567223817221,-1.3032063618885164,1.018127842284132
1.500685449222482,-1.1593494621912346,-0.4920244032603061
-0.1037667933908648,1.0813638425219119,0.9428985176486863
-3.2729084930085315,2.036043245842798,-0.06364405070825403
-0.09545077491467863,-0.6579558750661926,-2.503823864781904
-1.1132714680971894,-0.0680865491127727,2.4846077005919924
2.0712250093967715,-1.7873981639431935,-0.13216982707927916
-0.8167915864086416,1.0947615132071362,-2.1070621091481736
0.751629273411623,0.6350432593323485,-1.2680985896788302
-0.19811756020576993,0.5387685203222006,-1.3255895275475198
0.1132803797883552,-0.6536506313146223,1.7870438907212758
-0.3587463279914621,0.38930259162870107,0.0009166436216795804
0.15849428538396063,-0.4215204925099407,-0.5465401031567424
1.2744265851375152,-0.4398023024255467,-1.0404432462164412
1.1017122201358798,-0.18600930745580757,-1.5317398812026235
-3.0041756779011206,2.5299730130383358,-0.5786696711876472
0.6341659243161905,0.4711807404243399,-0.8730453881048467
-1.7262626069005527,-0.8129342242997762,1.8383464456867766
-1.201592642625643,-1.220873361244466,0.4534047588390365
-1.7983631129377484,1.9938599466389,1.2498309566117072
0.8705111188098624,-0.3368772331942145,-2.830061081777299
-2.3068905044017054,-2.6045735243674137,3.994227928064725
-4.22910014861511,0.8938037381977008,0.34283139666939355
-2.0562456747889737,-0.023681856724176425,-0.19290447532325636
-0.9464972427149905,2.9035706492834374,-1.4399516324050339
1.1095155291082635,0.8717570564526587,-1.4789862277758177
-2.3351964806928,0.18073714002632596,1.488213024070795
-0.3928832127059905,-0.4229575223170173,-1.192380672489192
0.8369249076893871,1.2086520666030693,-0.8957960020488303
-1.3209628564687133,-0.9550223973310242,2.569847248990339
-3.1844076108501613,0.3513307044210162,2.4761404210874582
-0.4773377765056313,1.1119740256235757,0.5600665005911963
-0.26517635500694287,-0.3879976699312064,1.9468354610996739
0.8513540586192921,-0.15755311205879313,0.35864558307187683
-1.3319438520661653,2.6794112357375757,-0.7135011795208267
-2.857996230045779,1.1991591598305607,2.2717281330306687
-0.1273662249474967,-0.23997514782997253,-0.16735602423411877
-1.4449106400643261,1.1165917397142375,-0.44943488719929614
-0.021264636189379092,-0.4329979589001044,2.224447049809547
0.0005752279711058877,1.8429260271150416,0.1660453816217528
-2.8622788985660264,2.2139387766090577,1.2482598111275232
1.9164600364804742,-1.0899256768077619,0.8535222136782612
-0.4400733078887058,-0.07278722603503103,-1.2814623509313048
-1.1824499943833569,-1.266164438332355,-1.2917354212990486
-1.26711066987888,1.0056515618684143,0.23849436497761797
0.18527054538502866,1.464324646848611,-1.1071198623739815
0.4000053475396551,-0.3778872887667775,0.4605093324563753
1.2804760615952258,-2.747956887092862,-1.5744781802753953
2.223698716846533,-2.6136555899703566,-0.4893091055133955
0.8454514149575622,0.7445329220053574,1.1489885187074491
0.2884912781653998,-0.9092916352094564,2.285197427642658
-0.25170089580337496,0.3506789473086791,1.2013204159132453
2.868556721837965,-0.36835804629583774,0.712393454288056
-0.43828754570306555,-0.5539998258411628,2.072948429466623
12.590542080591886,4.267260381702373,3.1028183727011744
1.7025288339584497,-2.716033875276311,1.1689482700429037
0.36914260734980486,1.6958431855424057,0.5915252998679735
1.1057948768620447,0.08468650872587911,-3.4045010677106133
0.7480324113908274,-2.8149373731796965,0.5725986845662918
2.2369227405747507,-1.1909135425586777,-0.34192334909183325
2.1612174251363583,-2.8359902688372127,0.9413848194691661
1.45575314621671,0.31892692000841705,-1.051963765452021
-0.4377929484089443,2.8544422289701417,-0.9384283599390055
-0.18627064672532478,0.4595092375486707,-0.06653926632268188
1.7116918383282294,1.5060971190598218,-1.1394949300865755
0.9161177107614865,-0.06499031617138296,-0.2710714859645622
-2.7656209257794653,-0.4340498355930036,1.4612545167439386
0.43771054394650766,-1.6514110903926154,-1.8531049840527392
0.8294679204401014,0.7416315052861825,-1.4578307280576357
-0.5337459535581024,0.9551657507304803,-0.6951546941424935
0.5743496441137896,-0.25166273168879194,0.4598837299755215
-0.9998820775136313,-0.5562421603617853,-1.6670223423540067
-2.6693828144491016,1.0559922936076327,-1.7646186931327625
1.5422294730462407,-2.1998448038356817,0.9481420873173618
12.735723016108759,4.2567785953945085,3.094706671256348
-0.7868449681986651,0.5638852818347335,1.042557176295389
13.147627865790005,4.384131738497233,3.164890629968061
0.7236316911088445,-2.7028650004294206,-2.7236640021284564
-3.7715443028811095,1.255072987063463,-1.22129069194411
-0.340012286496203,-0.670914087772364,-2.0419944900358273
1.3135469991350894,-1.8892271362968784,1.4386944488753386
-1.3442105269825555,1.4001995852411966,2.1634288793456937
-1.7496666815277189,1.9021117421849543,-0.18185214871427105
-2.6139833762402134,1.2628372380943118,-0.007508226664571866
0.11940786899804569,-3.02323697356095,-1.741783738335454
1.6593806757667104,-0.2876168074675655,-0.4361511177197395
0.05289607148585192,1.3988632309902396,0.8980928183357686
1.058538020914291,-0.9884447410260828,-2.8950148363480457
0.504936261979912,-0.9183902213519088,0.6168840558117735
-0.49757748173472155,1.8768493233826742,0.26479935759716394
-3.4695717592830615,0.8135162373945382,-0.32623470610695404
-1.499560202742881,2.8439899666709794,-0.9413824279863866
3.6760173550581454,-0.24722159711835207,1.4548011190844166
-2.6606168129401,0.668042955663252,1.1810028031331656
-1.301934348422526,-1.3996455141929058,1.700242536162289
1.786688659068479,-1.6845891356943423,0.4844969707135721
0.3216065830467147,-1.1051680958115813,2.0638402916341905
2.322082948540571,-0.628909020695309,-2.378999487596721
1.5574663040359513,-0.39671446147495043,-0.291846496444768
-2.0707857661739646,-0.22941218898457175,2.4006281612052707
1.4215886168479637,-0.7216600634021845,-0.560919419036179
0.8298022272003056,-5.106681367420116,-0.9294767464439406
-1.0101597023933324,-1.6235684866592754,-0.36659822022013067
0.21067073349865809,-1.6120345035564898,0.7210491314286127
0.24144651221044391,1.2774881881355549,-1.3379190307684183
0.017263968745151074,0.9687528382069495,-0.7189881139734233
-1.3618594022288841,1.7799082959021553,-0.6731937096988212
-0.22198255668887346,2.1842198685140373,-0.720580348463473
-0.7044736298168034,1.3297622607035222,-1.9478477085008836
-0.5985590659387392,-2.3966739518146456,0.05609547937517036
0.9181980849900062,-0.7807971149268615,0.900414158104465
0.8736062407760187,0.44071972419021954,0.751272723922867
-4.139392695781635,1.2625413892542898,-0.5250733892544899
0.26241746192241383,-0.9220234245943252,2.5589270595555136
-2.094504988656344,-0.08951561857325982,-0.061196251956629345
-1.6587254857815288,1.5910508332735933,-0.9305749358995443
0.9182635020681232,-0.7368749985062252,1.5907516048381194
0.47249438250624226,0.4421412722185774,0.46323626323458317
0.6810880441375715,0.07317770491712684,-0.7521974112203095
1.8973145443475126,-2.242714946200228,-2.3275070206955615
-2.010868943360473,2.7109772541597406,-1.311749857803975
-2.7852401103033784,1.711882895511671,1.356701426984543
-2.660247548749364,1.0036269879595998,0.38073235189304194
0.6028382813216857,-3.120205117295726,0.023255313753619493
-1.0505525401528746,0.2093615114233364,-0.10053183380311655
0.6435510921450069,0.7331799488179577,1.0463192030369657
0.5396274321633696,-0.8231831046925354,-1.8948483981195283
1.6336769521730425,-0.5938253491269943,-1.4586279966518492
1.2601832773522053,-1.164367666550999,-1.834435661553813
-0.7787335626486126,1.545616514095337,-1.8589205181214727
1.4171427612596885,0.4013273410219252,-0.1448803880957422
1.4266453489186817,-0.3812864544062444,1.687407453802255
-2.4496623560955144,-1.2962598485980361,0.45928241125313585
-0.8971892251536587,-0.6485689049717142,-2.6623016573634377
-1.494302619152146,0.14389408333720363,1.9521015666707868
-0.3588115196467348,0.5661307229543404,1.187557784544776
-2.314447134934936,1.365538679464928,-0.04565225676966717
1.2866715627252814,0.6958587865818642,1.7010130414663451
-1.8288474557274899,3.0562895889915174,-0.1581271342018563
-1.0050674734205152,0.9272736304411859,0.9975114893344447
-4.365577755035031,1.1950714753423617,-0.29766050900081503
1.000846077622777,1.2381320225175667,-0.4709792585905487
-3.943935811985731,-3.2772631226286375,2.929203798497039
-2.0470718440275726,1.1936946467799001,-0.25946640683436356
-1.2644391557488834,0.7434934839416381,1.114211403032459
1.4967136982721265,-1.3938367562323641,-1.4648244010431941
-1.7227407009942375,2.0793980225340176,-0.6596387001094461
-3.2836762111632,2.4478894086622116,1.351216785683161
-1.0087133790721015,-2.0008778799603464,-1.3100590915044772
-0.7229643636015333,1.1805072299057326,0.2073093768652034
0.8645664928704928,0.6073678390715184,-1.8231438573932441
-4.256131386528196,0.4242820319557282,1.2314365602534079
0.5933367861290175,-1.4053096208980205,-0.6395312000400641
1.7113110272667407,-2.452713901272879,-1.1624726283193862
2.2210522316109924,-3.0851611415474167,0.828959873684646
-1.8315183364007617,-3.334249115975211,3.0271046441451723
-1.639736539465973,1.6762481890505736,0.1278651719968859
-0.015531452386898818,-1.7067808683586767,-0.5639924779470821
1.217582673245527,0.7815145896939995,-0.510077565358832
0.07996612648489981,-0.1774567383552154,1.8176634213274292
-2.5038979327524875,0.35212791008198496,1.6319559342243344
1.9765379876366151,-1.6756718024047306,-0.7431684818663368
-1.3822789763692602,-0.15093761197496344,1.9270238997457418
-0.10556483554126389,-0.7954572417247635,2.4053906799069242
1.4881184950026216,-0.853265748052468,2.0402119037980264
1.6566622339733426,-0.7212112974063308,-0.6323578046563539
-0.46622462869481024,-0.7312910972738121,-2.3922333612270097
0.9291825088318484,-1.7629543813127202,-1.815098498296112
-0.7405283221553974,1.2376449317152902,0.09709904949843345
0.7703516343547947,-0.5281779806710758,0.32632577667776036
-1.4273391972538372,1.1143073023164007,1.7595378704173867
-0.8074013350538868,1.9510745365986235,-0.3291351106009249
0.45405910819912126,1.8435854485401577,-0.5780887607456301
-2.065380203291501,1.2788139596669816,-1.0612610112376268
0.41907366693606146,-0.25795738768576215,2.0583760832106828
0.2063013164308206,0.8921121774848308,-0.8462449591111891
-2.0022135645466665,0.15698028415730642,1.5778678026100563
0.9914941791734383,-0.5211668550603641,-1.6450356640422419
-0.5914342746699008,1.7815480990861623,0.6209368266190407
-0.06789190057811913,-0.9635707107264707,1.006301446294801
0.32370872034936504,0.28168312322892586,-1.141148487008563
-1.4896247915836471,2.05363097520276,0.6963986243131092
-0.6197868170769304,-2.353798803157316,0.89283636354013
2.5869332530654,-0.022229675490928545,0.7622259695682088
-3.751985529628475,2.0799987835324356,1.1026893693189628
-0.4512878201074162,1.8012991998336914,-0.2852456875860071
-3.2396175386640227,0.8191185383693691,-0.15874686423299086
-2.2128666735397013,1.6244692660059779,-0.26962569935447034
0.5549295296246489,0.2966342363656292,1.4469334292376765
1.0650031162433335,-1.1139344839783205,0.31911801742657137
1.0267148560737163,0.35792008166153727,-1.680185450659996
0.9508993933581249,-3.2341402750792825,-1.4035919128441914
0.8590811377127168,0.19855230604905777,-0.5837172288242816
0.8018445369077208,-4.570904521198981,-1.0164221212361233
-2.4562736492844413,1.1202551193116228,-0.5502436014645452
1.7330898988484456,0.018349376074755803,0.7930211050047686
-1.1806720425298,0.3280340012470806,0.03813492435096952
-0.22981428239282692,0.7758693626649543,1.242481276178695
-2.161138916062501,-2.4455498215868663,-3.2779875802297984
-1.4818454841448154,1.993683856612947,-1.7583080419929595
-0.09352464312478669,0.8919629561998773,-1.2975571637080991
1.2913080086557642,-0.4836450427612623,-0.3776101836967759
0.374839937226799,1.4602680041193534,0.7424025752561834
0.9928957068474188,-0.4320272920821762,-0.3858970216507239
2.579369193771406,-1.8021443752609383,-1.0034303503980486
-0.7396441941263382,1.3023299148191925,-2.2642746409648313
2.414413403585788,-1.2560337296938913,-2.0689099562411504
0.833183408220748,1.4126283776919089,-0.3031650615640359
1.672715971743608,-2.255649443285982,-1.311888841491105
-0.6771988154573477,-0.16674883098448884,1.2131595071592167
0.7400110934805174,-0.9262270139362089,-0.23893873613293043
0.43876028974112047,1.8621485002033302,-0.34345208821368545
1.1906698499212591,-0.7954482759151003,0.9664806039856908
0.5239795743035912,-0.8277993731634556,2.1489732787834384
1.201435346413005,-1.355918991129662,-3.1332234334365396
1.4857141644330385,-3.7552262578612083,-0.4090704310548089
0.46864603388814086,-0.38708984563495996,0.11122069822468174
-0.06629761401191592,-0.5843055858680932,-2.7130940449762777
-2.6493362287365665,0.9169616171257566,-2.4417389361214203
-0.3792309906512995,0.05674153464672612,1.0937595937287607
0.08012982870527868,1.0708100011338966,-0.14976825720077463
0.9641124276268007,0.18784896556205166,1.0836491393117662
0.8496398997969862,-1.1090244337484918,-0.13860314550842925
-0.05769031514114135,-0.8184841283492185,2.671769411117565
-3.8190200905885936,-4.262571774461343,0.037080110120270196
-3.1309684426614237,1.5157257528141153,-1.368164241840325
1.4461090325197592,-2.936507160232911,0.6865855202209339
0.9549270213203851,0.44923534504330326,0.21299041555777676
0.8431168814880386,-1.134744568934649,-0.2129265051110968
0.23780296300982537,1.670997575066439,-0.8466076096900355
0.7108168504641034,1.87930660138274,-2.0217949504982116
0.8342569139356856,0.5026158143891285,-1.8911292780443645
1.0213427430102562,0.27914218433035354,-2.06001637649429
1.0727307760992733,-0.9918230009339537,0.29606482890740715
1.0045592069805283,-0.11563795075766019,0.8660601741574825
-1.353214394796416,-1.7428322930172833,1.7466396736488892
0.31696734273077093,-0.735154939039124,2.308188596875245
1.4383295648434198,0.05133141879245577,-1.0715710328732988
1.2345176364685893,-1.092470040749315,-1.2981786493856553
2.0214070044374037,-0.5048211101379132,0.33335848391591133
1.8738274388084009,-0.007107977064883616,0.4649820673946846
-0.28732936709901796,-0.27125229827608904,2.043108022944268
0.6882637795477531,-0.8184112570766344,-1.461769000237703
2.0307187056342175,0.26390541243652166,-0.8932517437953331
-0.9309974596797258,-0.36277601569520795,0.1985349010446733
-2.357895250724851,-2.2331902639026477,2.060601964176743
-2.4509357640042104,-0.56745291965709,1.5027712164553249
0.17496018587955917,1.0912994663206896,1.09590937803048
-1.466695740882636,2.0594240116900955,-0.37927741257499076
1.0346291601095812,-1.3916857591939702,-1.0754099250812328
-2.070713070696859,1.0955638773791012,-0.3001495679038683
1.4256332534247718,1.1110683586683643,-1.5269792853820743
-0.4852282846433502,-0.3650816024696503,-0.7787930450532033
2.646108738356105,-0.49623387000590224,-0.997114109287214
1.5093834118699372,-1.2327023016059175,0.5506531778344194
0.04106979238704737,0.47436923214074783,-0.08011691900388178
-0.8980072984701696,1.4794099460616623,-2.1958571973785346
2.040568275324876,-2.364655210677104,0.7967537278294653
-1.9258156040309071,1.7775649107947646,-0.21689807831660085
1.8456179680590359,-0.6604811187765283,1.2655407029325776
-0.09681063244619395,-0.5172180925132873,0.3479898085467714
0.4607956298085696,0.3894550271498405,-0.9967464256143908
2.4011776185443248,-1.612769081347257,0.4612636699854384
-0.8485326709936625,1.545154908940828,2.5094745537312555
-3.3593062745144104,-1.0731448317874532,-0.17532647258260614
2.18585222190483,0.4739337202217357,-0.012552816050337251
3.228155397197681,-0.09458641080718876,-1.6986805871644568
1.8723983253148946,-1.6647522145843598,0.335217326279704
-2.5570308300009517,0.978039851254903,-3.280674260968979
-1.4881343532591091,1.126311819268308,0.058506952361971405
0.3723296247652003,-2.155557843418996,-3.5425442621008285
0.5918655916916473,1.3827129845846813,-0.9849042236456903
-1.1528029955595263,0.9546513739034431,1.479822651764558
0.09792925175170601,-3.1339940095071848,-2.1849245840677542
-0.702847690840118,0.3151140786687384,2.6828926551742587
0.04835915426054203,0.4449259206044417,1.171727516119088
4.460213641761443,1.1202591207532202,1.1650583096975597
-2.2276259034783266,0.6481672156351684,0.9168559951583595
-0.5440412475117721,2.717948708341747,-1.3823814802540226
-1.5279422713817283,0.7946466350680091,-2.9489405570816363
0.11120657711975722,0.5705117133101145,1.913934839667693
0.788722764395313,-0.09199611811530645,1.9946937915838707
-0.04774499094724019,0.7661356981067842,-1.5314541449366759
-1.2676553793260288,2.498381647551595,-0.7273365838645449
0.3580255557120972,-1.9001776216061634,-1.9868439580812285
-2.0299793457486808,0.8758096529645379,1.192515054423402
-3.4636063240233015,1.2589920918584596,0.47108551951649985
-1.65586749637848,1.6216165118540684,-1.2638044070689667
-3.6019552909389976,-1.4506182467597206,0.28175501428035254
-0.2313729207711804,0.9679985316390718,-2.5471679447213518
2.0138843445276806,-0.7265813672073609,0.8725796502900524
0.4436137133130256,-0.19348312184403282,-0.5189924278187497
0.32386963650368317,-0.3553382959798504,-0.6190758915549345
-1.20755720162161,2.0446604011120035,-1.0330442405759777
1.4510838251535312,-2.1701110974033364,0.39193618644702977
0.5210970269445182,-0.6570178861702287,2.2415998011625864
0.6528767154737524,-3.170688107186242,-1.6380248542122835
0.10666011462815514,-0.3793446047248264,0.4256651296905301
2.6484924277377258,-1.1800889046095764,-0.6549982833576148
0.785512044100703,-1.2537345854869113,-0.8702854716783803
-1.4337567884404028,0.8102246888113146,0.306365342175544
-1.9950459222659613,-0.13212990159541507,0.5945047780907127
0.904482768943714,-0.5114544747415036,-0.7302750586132428
-0.6232277141978827,-0.8256808619222279,0.14898426911368004
-0.13831300912280953,0.45374676753730697,-1.2336473381553559
0.9218957057782727,-2.7900024761718907,-0.43639135226962794
2.1996706905160233,-1.4398207986658456,0.6186486784539056
-1.3607655688267892,1.7479489213126638,2.0582233572990627
0.420074379099565,-4.50454155723513,-0.6577911305770928
-3.761172484798487,-1.5946095676045442,3.4584017003062715
-2.0412849267417528,0.5001487998623743,0.31723784041134145
-2.2325817868318323,0.9070223862604749,0.9311280676041737
2.2316528119373205,0.17148819815374408,-1.176573270427742
-1.0951286646502278,1.3966609038080435,0.012200592266511748
-4.777241277946849,0.6215954705472938,0.7989049438826924
-0.34518258762431286,2.1951670544861814,-0.13677172644087773
-0.8371280848516004,-1.0291205556486427,-0.9271545109063015
-4.525829078021319,0.646521820505378,3.8374916318869716
0.8913174080761097,1.2658151156254636,0.7344470508507683
-0.5848055299183048,-1.2012035787803355,0.22124568119861887
-1.5926313274511015,-0.9002215388470407,-1.1527999417590054
1.1170893793336636,-1.3130133824505021,-0.6061214798024643
1.7042271019317818,-1.8145885473877421,-2.477368227616322
1.1026301817570237,0.8081392205390003,-1.4076235191170057
0.8429885205954482,0.6871676010210069,-1.9343688657735918
-3.617055974859859,-0.08721062477928639,2.3514907540247667
0.20622269519388528,0.06264176082202193,-2.315995494362572
-0.23747513282474614,0.8105817473931596,-0.8541373839354525
-1.9797328749127432,-1.5229792119402645,0.06246540255054415
-1.0864992660351935,1.478856868790334,-0.7440577171114816
-2.188509524709211,0.6613428660958101,1.1479538279206885
-3.0379512725496927,-0.48945830927159173,2.3756273479108128
0.81210071538293,-1.9643220787289197,0.9533633524364807
2.544516006798161,-2.9735734576185653,0.764670878922373
-0.3952761724449409,-1.191678152303722,1.1372385157094382
-1.0577256171286484,1.6669603752496183,-0.06412727578937462
-2.8817159653885827,0.49808523846313485,0.6137018672616515
-0.4563776596541279,-0.12875651978199998,1.1333773770116575
-2.0239270799059574,-0.24245344530625662,-0.7143654421324968
1.357631705379333,-0.44456397007733284,1.823963289164284
11.293268163847728,3.804176511827856,2.834575061426615
-3.5013998910627038,-3.935695091380514,2.588562359162796
0.8260504575523999,1.301683961404296,0.8179198597811904
-0.19132597152152062,0.9316307343572192,-0.8822769405894518
-3.1013418056922375,1.4389403776926728,-0.6656412531359281
0.5061627856417393,1.5969351749118346,0.0833466886061316
1.668888816271421,0.5142267732211498,-0.6982267356343471
-2.0880419882763643,0.8595453938894186,-1.2299653950117422
1.0474918310564847,-2.925763968551088,0.8894779817417343
1.065777101868757,-1.7235497525146637,0.20824569647161828
-1.3675169681105528,1.6055769973012146,-1.6128305558018239
1.5367060459653077,-0.7378796520136409,-0.8502418553257212
1.188662541293204,-1.094478004171017,-0.4350771588800256
-1.1009816810590838,2.4673579681470135,-1.663571466143068
-1.318490718881062,0.833339919715531,-0.5128485485054212
1.9817193565925997,-1.5609834051294247,-1.1269013606879126
-0.8282018030710011,-0.719780567761009,-0.8070817265314508
-1.1599549037337291,2.034631816181808,0.09879876521770418
2.4018557285503146,-1.0834810733371067,-1.0139731875908697
-2.3965016026701593,1.3203337931697374,-1.0826675181474021
0.005439707416161852,-1.072808363604251,2.6457487088071563
0.23837816459270725,0.38149343815191206,1.8690704962677862
-1.801379122912922,2.148868731990144,-1.4005228716296012
-2.4855786342582387,-1.606193216404606,1.040052822198346
-1.2871809286540319,0.0015849176335032658,1.8417770265289686
1.514066040725554,-2.0804073353117642,0.4931629721649617
-0.23140639862742873,-2.0930669955015,2.0718616378972303
1.290575637545853,0.6263245962190839,-1.0010051973166572
-2.4006401351119426,-3.806326697713032,0.9305288245583084
2.19050221621714,0.9903987435672583,-1.4227538734232366
1.0008537455918176,-0.568804473916069,1.598498735798912
-0.7801673273144287,-2.0062411221802106,1.0354590648298259
-3.2000519783630423,-4.082865713176411,0.1960839515473986
12.300029637368553,4.121618736920332,3.0191722047442826
-0.8779537888479955,-0.6655947094662942,-2.30820314113463
1.8280808351797775,-0.9135130741700032,-1.7115728967437889
1.6887235082881868,0.40308432642284175,-1.4708756806715086
1.1774257035729843,-1.6620823476954742,-1.2141908072692373
-2.1495502954445325,-0.7580613310028191,3.097940730084694
-2.147800139351183,0.39401554576771547,-1.4017159573953584
-2.079485391669439,2.7871884659486943,-1.8894231876464875
-0.41733082247657644,0.5547760176778184,-1.566651024509612
1.0072517113079569,0.9535604795400915,0.6995532939834025
2.1857185991093635,-0.6416130989300274,0.04908501559648683
13.745438902462613,4.556924971980793,3.2663564934036478
-0.1415638775001911,-2.1394339481491906,-2.282721207391194
-1.020840294735905,1.8090172564858735,-1.6164122830570529
0.04434466495114504,0.513294892774842,-0.17564737034329386
1.045856232254532,1.1528171270093794,-1.2582691928128547
1.4329252348099724,-2.992761277442587,0.24686998697860416
1.0111862756461392,-0.8517644083790206,0.13805312746797357
2.1140763720470046,-1.1645214036173182,0.46577525326415264
-0.6167543078456554,0.06623827921852032,-1.0970202348157803
-2.885852610224508,0.9355985476406407,0.8441632365651195
0.23077708639170155,-2.9539103528406803,-1.6696020175409356
0.7783872480020911,0.7504899246559986,-0.9538518642532282
-1.9694496295976105,0.5021467254172929,-1.7098307758025397
-1.2288117896070654,-1.420004956858342,0.1600930319438578
1.9755467751762201,-0.6420110167365529,0.6791435657102202
0.7506733332063934,-0.8424077668469171,-0.022493784405617334
-1.1678806727098483,1.466290027406062,2.1353363932479126
1.0442012384156834,-1.2059887033706846,-1.622463034983812
-0.43492157129441034,0.8588716649598773,0.7448018615623987
-0.06338765274340717,0.5224403090755856,-1.2852950814033377
0.6556644092918534,-0.6611000300358629,-2.0679904097649313
1.0998204263900744,0.006127486283847454,1.2427155594213595
-2.541017716828507,-2.8074577034692956,3.5710802366908143
1.136193669410201,1.6818197583547032,0.048113729019695545
-3.2419772174776087,1.2456033172664702,0.5844764742962304
1.7966343148354502,0.53896043522147,-0.84637011355943
0.8367432352680905,0.2727993884208317,-1.074856433094822
-1.9884407768857588,1.7685407403428897,0.42272221667760645
1.8885163271067122,0.17475638364664348,0.00022567846926198457
-1.605325705326582,1.193461497346067,-2.098519742197045
-2.43852785702639,2.1314221789800376,-1.4612835012294598
-1.4760386601166862,1.346736614002996,-0.5132824089249002
-2.071419138197964,-3.746336601064018,1.151171646094062
1.138718357149397,-0.20283775365656267,-0.6817953887266371
-2.0704591453302004,0.9299487400839538,0.7220182518690637
-2.9872875797056366,0.6373855559436957,0.4079575236410898
-0.2703265551234205,-0.07421296905364015,1.5871511720599492
0.4670090026213353,0.7669896449426221,2.0338072329369585
-1.6519754255523613,1.844836240976353,-0.13406642799576668
0.5547790766556253,1.3641222323381894,-1.6708506844478113
1.7727656775301879,0.058798214266311155,-0.6437433104250995
-1.2911314279762136,-0.04818359485530895,0.7631030707542478
-0.4257208744104285,0.890983021259514,0.963557542653992
0.31034597034144845,0.6367770489105085,0.11026244667644292
0.16679558655758106,-0.43267697475905764,1.9943378878681013
-0.16811990755536746,0.15171478973733102,-0.8749493948581193
0.6552096317731874,-1.6624683719428157,-1.895327094082353
-0.7138509787219702,1.4331430472283972,-2.008588059020961
-2.3100943965547667,-0.11278075584100025,0.09389472585559468
1.2158905295365234,-2.519894114136968,-0.6282466352519414
1.508978293032856,-0.4975191070489251,-0.8093674832123289
10.940895776666311,3.6518183623899474,2.7323244225477086
1.6629275051031374,-2.8964987534038857,0.3207561921657355
-1.5568794652916031,-0.036917191400265996,1.9425164326301283
1.2868748266214372,0.3225607476203369,0.9668487125165003
-3.550845569699728,2.894985243657779,1.5910864052936198
1.2404695444472593,-1.902688369798277,-1.0943950347335578
-2.3465460606514834,1.0717717576809591,0.34317162245535027
-0.2070565840098672,2.3358391998571104,-0.780427373682456
0.570098575989524,1.027275072142839,-0.12529552988704862
1.3650691394081793,-0.2988163752085846,-1.8258584238027808
2.4172363588150674,-1.1093081705135701,0.085939786333195
-0.43560069653418254,2.6915953226586757,-2.920380890643729
-3.0334032302709923,0.3339049325659646,1.32213902372306
-1.2898275344414505,0.4418801455128161,1.2518962899902841
0.7703930852913289,0.1651359225386796,-0.8196314935519567
-0.6990528709119832,2.360395669895979,-0.8448759090710536
2.7105109565626977,-0.9465755172735925,-2.1307198736439874
1.7466623383328705,-0.9559491855221038,1.104555179046023
-1.8471824605496825,0.1605987928476785,0.5680856051266316
-1.0056384443679787,0.9283509651224945,0.2671508531686181
1.8204835059055537,-0.18093988438256212,0.33393386245046053
2.092715203277611,0.6195780610206906,-0.04480612777363773
-0.3766782312804978,-0.8010599095694291,0.8672703269480858
-2.831908651162187,1.285988138885847,4.158854285591445
-2.000496763559085,1.2756911443235839,-1.5242959962983273
1.0770065257481294,-4.295028613705772,-1.935072339263906
0.7821857449465819,-1.3195835300315821,-2.034746758644892
-2.319043071864104,3.213317976450579,0.047581638583749385
0.46178295668554115,-1.6171361963765107,-2.0093669904635685
-0.47064011140644857,1.3413036657885669,1.877190319364877
-0.4643897437182021,-3.0986577291136497,-1.9218819579043538
0.3707560281079647,0.5835173692387708,0.8284562051612956
1.2310525472448257,-1.6190664271229254,1.2566539899805307
-0.8798610094627559,-1.820831172838909,0.27229044513526957
-1.481796122287924,-0.6272755011511743,1.827839006343018
-2.4800579081841567,0.16593892834116486,-0.012671878803377903
13.728659088796142,4.589027523077226,3.291098177881704
1.3335176906894664,-1.1273205650061093,-0.1426249745778308
-2.9679367684817093,0.06108436720461006,1.7835445827020626
0.5983230792741036,1.4038318520768822,0.775360586182978
-0.7563204826559164,1.7937231137420535,0.2753227936197146
-2.5132199661716808,2.27887861476408,-0.1548473344938303
0.29868284046901,0.5920315961811183,-0.07329832191247963
-1.4321363409054242,1.39466130788465,0.18399808866251252
-1.9076576758579775,-1.870447027111902,2.7575939494287223
-0.7345140653014909,1.010766901060557,0.3121725619770331
0.7895295548974748,-3.910183635647238,-0.25736850514953713
1.1528940329200577,0.7177198139771424,1.2425167510377821
-1.3496068089442639,-0.5324096380018627,1.0928855960505286
1.5729714604474543,-0.48511081011739926,-0.6880506425165956
-0.3189528867677353,-1.5168272665788431,-1.9822459487672885
0.6124243472342732,-0.7161878398773873,0.5242413467354272
1.3579663645872493,0.22836996350382238,-1.2490467615501393
-2.239338469385678,3.214422049049099,-0.3859469099603496
0.5566740708064266,0.31852854517189855,-3.043833223695723
1.1002454418104253,-0.22544783583414996,-0.2152783827167111
-1.7754420471549484,-1.182300155072509,-1.4367243833833845
-1.1062790463209446,1.9348822637331837,-0.692721482395182
0.9764878129452296,0.5160270820653188,-0.6910765323116184
1.9139119947686962,0.5863880714542195,-1.615185944244997
-1.1099312518924733,1.9231803051209115,-0.14761037973170194
1.3053038330381765,-1.7755537638697583,-2.5090833908665364
-0.13826501064464966,-2.920828684605247,-0.3987789746880478
1.7793845348137833,-0.44282520698315114,0.12659009005497512
-2.319472289133141,-0.3085980989328528,2.017776351865875
2.3070058792509998,-0.9405423244428057,-2.0990324968643637
3.366347373363659,-1.291631261731661,0.4092168070974221
1.2754759461620766,-2.480639390870812,-1.3912121644364315
2.6906725130035274,0.16515299001414477,-1.2652767993743856
1.4903083392170349,-3.563156243521754,-0.3300280389255709
1.8152937231535837,-1.4374934505579633,-0.5345779926339426
1.9315038440075478,-0.48362015461326135,0.10392635634017361
-0.7932630209554782,1.3466437178412316,1.3365850020842802
0.283379879644657,-0.6108533465653118,2.3009271508605864
1.851216239106543,-1.9310043478652765,-2.4983433109428512
1.5563145230925588,-0.9599791031973144,-1.6522810776135854
-3.394932034058803,-1.1536374307083561,0.7835044683105047
-0.9981209003191786,1.1674873527049936,0.4593807526468462
-5.197650920596613,-0.7792436753685508,-0.044169120027169086
-1.563664651757243,2.133646602453622,0.5022948884108507
0.3415988557140192,-0.7569961017923302,2.3885392323394634
2.8840361404908736,-0.0730381359461519,0.7459871100655503
1.065366007562601,-2.0959971035047107,-2.000741295122296
0.7807924577062754,-1.3964822508946266,-2.3493149238889117
-1.1833681568802321,1.5585768258196584,-0.669436195155509
-1.796533376923753,0.9387124084231878,1.0713050021748824
1.6050773815174275,-2.868059290490896,0.8519723448086299
-1.0718049186899619,2.171396226651893,0.1390775988304351
0.681190434765816,-0.1267072379086596,0.7219408338496938
-0.967390214999075,0.25193281731734685,1.0774430947573266
1.487835750466334,1.5491118430502842,-1.2874347319494488
0.15358185581626846,2.423282535285549,-0.3455352239108875
-0.5382236725581742,0.21216103223695132,1.4850859731828054
2.092586152054271,0.7917202038818667,-0.9945157801993649
-0.5110790196429761,0.31187399776084074,-1.3491540624564118
0.4461458376416148,-0.6108352168332297,1.1368142737626021
-0.5956025698559088,-0.3443652483258262,1.8889008803426102
1.6321897251657018,-1.3111345738162705,1.0613306086398167
0.25227030019670127,1.33295989003075,-1.0190430414754532
1.8394716197586418,-2.862741247151019,1.2337886849949373
0.404330180605223,0.7583922361740477,-0.7123015983079984
-0.4575531766331006,-1.6440029954448172,2.2184280269469068
-1.0665090976738518,-0.3145874922483116,1.9430639977163733
0.6618167635483663,-3.824328764255644,-1.3580596085027667
-0.6618722280467766,1.3092452757763673,-0.9623514483502489
-1.106889652572848,1.317474505236954,2.237017353628689
-1.0602486978398813,1.6287483214056557,0.3476668298477072
-0.8662691125040403,0.7815084083890127,0.7380996404611445
1.3128170177802931,-1.5973656428310334,0.5194934618888701
-2.3480107762314733,1.2139256348655107,-2.8254748105401015
0.44530128654111456,-0.34859531126783416,-0.38759892895114323
0.2166754574970166,1.2564095824946984,0.6636033689207306
2.14745901844039,-0.7171860286641374,-0.2972291972815223
2.116735976141275,-3.5159173810968456,0.9293800828405219
-1.3269305538354317,0.5674842556357271,2.5318120310744896
0.7720381986344761,-3.081736547955953,-0.9622856476904184
1.9301951689032706,-0.5848666430040607,0.29044972516808326
1.7282131896260224,-0.9348095288485978,-2.2075796686121163
-0.589091454450374,1.931667504244362,0.21343238459258
-3.1941445922676284,2.991770799137669,-0.8031467208460314
-3.3453450571256402,2.1670501218795053,-0.814104757364427
-0.6262678937748848,-1.1592128432118705,-1.1723240558006207
-3.9375112726847283,-0.47638967764123163,1.5532621780975067
0.06208410095051163,1.3726791463576327,0.6194287231675901
11.889299744836663,4.010865653519103,2.9570117665592144
-1.6138651825798827,2.9001887641138175,-0.8341279132076588
0.4840360480527228,0.4008613577903423,1.446567405024776
-3.262114220813191,-4.402658912911779,4.510555570047785
1.852004776712337,-0.2705966165055255,-0.0569382011821262
1.210671859135383,-0.98347644687952,-1.2892973624894553
1.6763496884404396,-3.8330924377049413,0.7015321556140666
2.446598704607955,0.8433917815470151,0.6785160362670204
-0.3773714128775248,1.848954355513852,-1.9360966370765031
-2.1148480306372055,3.2348021901031454,-0.10498518307132367
-2.133444650194376,1.492796697039749,-1.3400297510817532
-0.8366129908079352,-0.8230151747512663,-1.122567072656451
1.7461835162176613,-3.2385268183072764,0.511768626281289
-1.5779546662165018,-0.5738790936857648,-1.3392417830533105
-1.2856196803325977,2.3137454058904545,-1.812933815896831
0.1143125195956595,0.08749950861541406,-1.5291620910741206
-1.238131469020275,0.7625639182542102,1.719419100905253
0.19945269950518452,-2.407013310384345,-0.1386494411668957
1.0953219159777272,-0.13352023848014327,0.835942187927939
1.7882295733212161,-0.9533615478278151,-0.36621849790878896
-1.1753816122542657,-0.2531766182867818,2.4957596745862887
0.6988907571264908,-2.8579176184337958,-2.2518888884801442
0.8833790482905702,0.2839712109129013,0.8753562795090611
-3.326984384061814,1.3639341958703088,-1.6432278598440564
1.5870329866689483,-3.4520214554357964,0.5364605260459879
1.7714747084134228,0.06342709896320063,-0.9216947122624263
-2.8282893083708154,1.7192864802875967,1.9541501206870626
12.586025996257026,4.209235359783278,3.0582645035814657
1.0622527927869947,-1.2467242320266991,-0.7087825398639791
1.4231953818934038,-0.9445098685344491,-0.5176967847555829
0.288812813024619,0.351432024686448,0.32680730332271
0.49634959454722943,0.2985894882278914,-0.887324715684289
0.03113683583606376,0.9250807428083114,-1.1719096822630555
1.2761761967816632,-3.492631321928662,0.9880113220288196
2.026087525347633,-0.5410844838527054,0.3779342644881568
-2.6563587629743344,-1.9257899714912703,0.8644622094302343
2.280158948383999,-2.653959832252602,-0.9324283908251754
-1.2594010303007794,0.3854187628371885,1.3428194856920284
1.5296690380365032,-2.6987316335524887,0.9427600772893158
1.6659850967447876,0.2530339739865364,-1.8296653094874678
0.8494201831075276,-0.44816406649688845,1.1504404287300876
0.6593926740759881,-0.1651073249270333,0.2814395646656591
-2.380385714985072,0.25342600927982545,2.2012537692837686
0.7002140865615023,-2.876301910026228,-0.9560281688319087
-0.00783425893668481,1.2957285137987635,-0.568994784381941
0.26655192062102884,-0.6929648403660233,1.146458736454601
1.757038451866961,1.3081239419395194,-0.23650119966873584
-0.5336320687887465,0.6814915853193487,1.2393670480585388
-0.7584849268031099,1.7676774828576631,-1.0366381352429233
1.6158945565623648,-1.3408567602523551,1.0736997566475401
1.3300632011795368,0.10978456022039132,-0.615706075263679
1.4710013034176657,-2.6502168649334155,0.7442749681173931
-0.4613490411792677,0.61286384255718,-2.7343050606118973
-1.0370004642818003,1.50405253817396,-0.9060511635869325
-1.2494850375785067,0.6199612957880507,1.457533101344066
-0.43371067517704537,-0.14371368078174515,-1.6788903941414113
1.278567980528342,0.8036432000702964,-1.5015052406373806
0.8994411177874179,-1.084127028440311,0.23273497307053548
-0.8851360590032874,1.1355078290354632,-2.383436471453498
1.2738694026808959,-0.3715746968268598,0.6370697065458238
1.2157575112215813,-0.006657469101814996,-0.5930929096017921
-2.9700490882169346,0.6740224075082732,0.4445705114166366
0.8628335613958249,-0.45325002146093807,-0.8090544219403125
-3.3190053068144247,0.2671765225030534,1.6418329939556562
-0.8979828630858356,0.21627359617670233,2.151570086830417
-1.6226380585352125,0.6304378126568402,0.6127754398819704
-1.8400477787821994,1.1865377546759444,-0.6622753795765325
0.7591376302913194,0.19727796548382964,-1.378159815647445
-0.6784325404186959,0.7936908366093863,-0.09143467957831934
0.00793283927804112,0.07986503652872415,-0.448982416795692
-1.7903095990910178,2.113200796652462,0.16870408842650492
-0.7070480202092965,-2.087831949387184,-0.16461195727197664
-1.4287754176828404,2.6561907020857918,-1.3173320899964676
1.764825110000367,-0.19652793410466313,0.48162601507686553
0.5172276353431123,-1.3927975767046246,0.7443542649538945
2.4367672873670534,-2.0329574407210584,0.039259212177873454
1.8096953350310243,-1.5391290654567478,0.2640242927125172
2.0684428206861356,-0.1336078940590476,-0.05589634373110449
-0.2778086120341852,1.2564361769345245,-1.8563457259452114
1.1412426380707565,-0.3309740202432066,-1.2115931307405015
1.2345542781794983,-0.36436024210617207,0.592712726763996
0.24458922690451665,0.36641101528213027,-1.499740575241072
-0.3495158902540977,-0.22471060574359097,1.3152441164227142
0.4872114769095101,-2.331051047339785,1.6051140898788392
0.8109055602992069,1.3341634487040395,0.5856737310995616
0.2685047856749468,0.5134008905934272,-0.9475584729052559
-0.715142459909337,0.21243890853309502,-1.4411790428161089
-1.5964860462405241,-1.239232386606629,0.5758159431727561
-0.9551256529127906,1.4301204307764073,-0.7843988418032891
0.6242009548184556,-1.0819030091893789,-0.7407787161141195
-2.8425620387560637,-1.455211171567372,3.0031526108540505
0.8964672041292997,0.18497050361842185,-1.2554545671186363
-0.5356193853612898,1.0556605055158044,-0.9482639433736402
-2.8889817019362827,2.8095711407988118,-1.5232675617669458
2.0564114985812876,-1.8419864625319293,0.7968910546890282
1.1690714661255286,0.8171409491826422,1.6373353925798464
-2.4129467697374327,1.6382609989259267,0.602912791474183
1.5466068070304066,0.6781184888921792,-0.3751057091409456
0.9567493649659222,-1.8588199452858067,-2.6678459951943427
11.38663196608277,3.837591793717328,2.8425109576729644
1.511364029879155,-0.0258619279551097,-1.8278818762493236
2.496852744944472,-2.7766163806868702,1.2157266289607291
0.7953785755245606,0.37775894858001763,0.8985858445982382
1.4941941382065345,-2.4251818001997703,-0.8776714277759258
-0.07139338030686776,1.4125586588205385,0.49812291300592315
1.0150311134887093,0.29876699891415476,-0.5944444003251461
-0.699202824748283,-2.185055418612934,4.0660529368157095
2.341400607206883,-1.1494136432806559,0.7467388448924304
0.4971879535488559,-0.1796146848109156,-1.5148935883738923
-3.135054759419734,1.4981420367106972,2.8015926633398736
1.5858127473825128,-1.6967315633847322,0.5951166527219226
-1.520954356988107,0.759466910708543,1.4900906047242974
1.6120163230838374,-0.06416174295042443,0.6163478890191654
0.6276561342404408,-0.9518352974032824,-1.945519307604069
12.851646351275654,4.2597181314562755,3.0896376447792924
13.818939575181709,4.586631396078637,3.286026151943473
-1.324625521248846,2.120140649296153,-1.0555733805073373
-0.5562942419807908,0.8827266356209369,0.5486369663892026
1.4711034646005385,0.2968691404161975,0.4919642635454994
-0.870373575404576,-0.8095544184560306,2.355250503783872
1.6970016362827705,-1.0105906854266944,-0.4588556281784177
3.364810940181485,-2.133207930036716,1.5133435449324915
2.221879041922089,0.5506133551810306,-0.5867208954355089
-2.3639909815461047,2.5350494333394997,-0.1722063539502447
1.514717149851169,-2.5556083640874987,-3.6543325130081037
-1.4444828934834966,2.1853768298487486,-1.3052674864960636
1.3326627545213332,-1.7166556974931337,1.606273110729189
0.2818425225717648,0.747850794298294,-2.3857089183963582
-3.584627516579686,0.9396266780006592,0.24778451152491981
1.304625985395118,-0.27147111553728154,-0.7366572672741597
2.6495446352417766,-0.15418667322863966,0.06394855271634584
2.2089782903603012,-0.3048877636742076,-0.09772876257127931
-1.3301626152577477,-0.10106238320157414,-0.6670486135817179
1.077891187691632,0.15568441397162525,-0.492912583207528
-2.7645210384880574,0.8282899797997537,2.9420576709025923
0.9213149603471633,-0.4995582210315524,-1.0023984619481838
-0.7009788486764155,0.4155647423770031,2.814267377304833
-2.475648041936766,-0.4869349574356577,-1.841365415226997
1.7634103264333743,0.43446372646155024,-1.7323138051596287
1.8826752581120068,-0.8809296775799694,0.08392475831171128
0.15076702636551753,-1.2860003365276136,0.39928362971035536
-2.208047261610254,0.4111654200716876,-0.05482581530932881
-1.5934158369386775,0.41429878016749677,1.3939851787834368
-1.3289098004313327,1.2121407871613543,-0.7990400381455941
-2.1031603223154502,1.0892279079829676,-0.7638347879532695
2.0062186781154776,1.3649136080899231,-0.17139553259962723
0.023191596784592785,0.9353411934907324,0.3893764615002168
-0.8813329311083644,-0.3866391213436444,1.9669238215735636
-1.2985516445365946,-1.7777109113232947,1.9269094408646092
0.548431443559532,0.9381207362401349,-1.8736195958680089
0.6764686885866716,-1.9673467738718442,-0.048275862029224965
-1.1907199540742563,1.0521411610162543,0.2831760329290125
-1.3115857341156318,0.29743263641806933,1.711505243712096
0.5451158883232899,0.6218126005671942,-1.7127214593795432
1.2396144339060555,-0.6588633358198579,-0.07696734374751822
0.2563242965509968,2.3266467796444648,0.5631952341579409
-2.3703004814310993,-1.5375675983237842,1.633950186820002
-0.6577593575696979,0.4132823394231136,0.6347913728542282
-0.4200094502131649,-2.0351759200782347,1.367005211332018
0.07310673210903561,2.0869085063243693,-0.8019381309932148
-0.8511929024044991,0.1925016246138744,0.01635581141859078
0.1768442901635663,-1.2955549400408053,1.628722121652432
-3.7857264875617385,-2.78982058236866,-1.631435496775666
-0.5177433453883724,0.6781017767733523,-2.020169322418095
-4.455990523062023,-0.4081284651725417,2.928384977155008
-1.3106712267662288,-0.05668880029751994,1.8193408128664008
-2.3556780547421403,0.8001035801470047,-3.7300485754601236
-0.6281005085285734,-2.6161581961407587,-1.0566838271430634
-0.08500484984702711,-0.9733977057139654,2.128238751210062
0.5437578630545763,1.2628451877524365,-0.6616781265941345
0.42232559131993247,-2.1687639799510685,-2.1807285317933105
-1.7271992841024626,0.9053385045009744,-0.36360742081759373
-3.386778855736331,0.9231408675994591,0.2976394383550733
2.598209001884113,-0.38557801414725285,0.3623380716310937
0.22688034308763239,-2.078845328325747,-1.1288475849152857
1.1406649900803671,1.1034757002967133,-1.9855347194132302
-3.09047282923722,1.4232964228410423,-1.3838526729602112
-0.947333323443863,1.17586417059835,-1.2376370902304847
2.686877127528988,-0.05828918631439193,-1.2214136664230721
1.9665822948018772,-0.2701490049358735,-0.13172794983779298
2.8795339413786385,-1.600476762528562,-1.75674024114465
-2.132009436184039,1.8430528777271327,-1.9243761900566727
0.36587176862980114,1.5352299026374774,-1.4075768614209963
0.3236218923810373,-1.8420525713814506,-2.291814241919067
2.436853457700322,0.22674471753234043,0.7457603278975244
-3.622889765048817,0.9929555963844978,-0.6913287961672996
-0.6294547433929455,-1.089887600011662,-1.6934766124284764
-0.2081114931296813,-2.8658255914636124,-0.29980372612692885
2.2694921853890544,-0.8736978089553686,-0.15107133485282523
0.5483756180480792,0.9381485683589873,-1.8737407338305894
-0.23584155238620413,1.5064043844071568,-1.2718480715840639
1.7106411923610216,-2.2681092675551433,-0.7465647839155324
0.8680079775630796,1.0780024149879108,1.1786363955529913
0.17213143300253597,-2.050789835676014,-0.7138129922115265
-0.8267219983667122,0.42472538081559924,0.8702218336164081
1.9790280940190237,-0.9759360540568276,1.0552820027362686
-0.5794039232041304,-0.9410899972023621,1.2342481712765894
-1.2104379392329423,-0.3384649891861871,1.9391523985826398
-0.39785788219679963,2.015223737398439,0.5764367002690609
-0.25708929166235284,-0.28959674035816724,0.19088943274944134
1.8550750621206649,-1.8451080404457245,0.13513840099814176
2.346041178519979,-1.8659724552879444,-1.0032447379946814
1.964246808970702,-1.9560062190020038,-1.5763406835059548
1.951644194478053,-1.6525166706673164,-2.0222477094218734
1.4451548416303581,-0.19815512670054877,-0.5052224308783589
1.0857953246242744,0.7583575657106058,0.3850842285750861
0.7353883041553594,-0.4451320169955865,-0.5717851680951842
-1.3550623422043457,1.2706469755919154,-3.384784511537651
0.8219044821080367,-1.4009846907888264,-1.5614851107013392
1.0890728621956676,-0.456602725291379,-1.6657996013990277
2.2586728452910783,0.5083527961998404,2.0598276309882184
-0.0338318878004987,0.2512285127396974,-2.548464968018628
-1.2063705525791228,0.042649904862773105,1.7097821551110925
-2.9901720222362558,0.1739875061785556,1.8534734690889816
1.5487120469323998,0.9406656914904753,-0.2949874377812382
-1.0236873448775126,2.8535846775855878,0.0008272038192727476
-0.17613761549373477,0.1629218748485492,-0.9175510821250816
-1.4259329623754693,0.9320579443316044,-0.5777630015930685
-2.753314857306023,-0.746208575671094,0.2633960277968478
-0.199579001841312,0.41169316195759975,-0.263525077730516
-1.904435474240119,0.5425660309047892,2.0525343903483613
1.1476785396297984,-3.0894067992916736,1.1271329529876277
-0.8295939992909241,-0.08778084464692158,-0.4319491690422615
1.4532816194737816,-0.7618824844485684,-2.909695944307154
1.178826864170511,-4.138559732714342,-1.1726006017112387
0.3149063365149376,-1.1715140441078258,-0.9651919455511426
-1.0407011543556874,2.2785085582629505,-0.09297398804292309
1.8069812236314058,-1.1945352118740626,1.0917255146219456
-1.6536628307675427,-0.4662667456898242,0.2970314302434138
0.760111215568084,1.2869781835876004,-0.9303568192475398
-2.070520926556653,1.5373245568767473,0.6524205996354357
-0.6744336364234694,0.4917012942648271,1.8566152086826837
1.5440409902461012,-0.4574573355983174,1.2895826365375815
1.6636478452600656,0.657973580959782,-0.8175333816623775
-2.4792702876045154,2.0032987985046065,-1.7795379519489198
0.0030100850729244386,-3.068171263772933,-0.1716942868433747
-1.6902892491753851,1.897531930851331,0.1445911513998157
-3.317508805008041,1.0904400871048148,-0.10349146764715367
-0.15710946434818682,0.7940008495089018,-1.5959442962417718
-1.2015814603024868,-0.35861778052322224,-0.3747185322262634
0.19033712247013412,1.341601177368871,-1.204222886035869
0.9302167240067801,-0.29605665886847926,0.01826944228926304
-1.464196815453506,0.7535207126732466,-0.10219479657781019
0.3662620005897435,0.13024614930163664,0.4857802031316293
-3.196436458051863,0.9236043299957233,0.21734456917923514
-2.296687118341502,-2.0901063979791332,1.701928860379367
12.442349652401413,4.201296478104592,3.071321763987657
-2.0652035413256264,0.2351285499150127,-0.7788767723171668
0.12984105124045442,-1.351182171156127,1.5107262925102432
-0.8678158348061007,-0.6810590364104282,2.2004927541034545
-0.7092272776852775,-0.22873878531015845,2.2466362796953026
0.07104449190433829,0.7618953288815119,-0.12243718830239134
0.22998231936029256,-2.883982869158809,-0.026361732883747057
-1.1814806518940018,1.5747310288154677,-0.6503144158988168
-1.3766940996518964,2.1346357489742025,-1.2547565023039515
-0.9027243379059278,1.120107256111598,-0.019370332275126464
-2.563294550398136,1.2735267784403623,2.4557648957567237
1.2380802578701846,-0.06271722695130234,1.1559880568695504
-0.507992466173264,-0.23290501055944857,2.1114052926309683
-2.781277117907265,0.45852467596738405,1.1697254949776674
2.2571739896892735,-0.9195199832808562,-0.9351125287820686
-0.7240029411195401,-1.1148156136322036,-0.6385725769336412
1.9702006631735747,-2.772235443725718,0.4663556412861452
1.7840228486676037,0.21583363008122053,0.3774362391341664
1.3965697793339542,0.8391277866405057,-1.8770096624606523
-2.1748817735901107,1.0442845509058334,-1.4976367189691129
0.42152653721541283,-2.0111549978222802,0.03248028229573511
-0.7103377334929697,-0.8687838219207838,-0.00694240038319554
-2.4525902477770463,2.0626327676783993,-2.162436771476802
0.2843449260487869,0.6879284762510014,0.4283542351876982
-0.3574286695378997,1.6188580629604203,-0.46921881580389957
1.1142567390069824,-0.5963205731317142,0.7941976500324321
0.2311203006358065,0.4070735969492,1.0584890265044382
1.6711407439281232,0.6542128660426393,-0.033153021231254784
1.3086573381392765,-1.3292869721734304,0.2960140505693034
0.09466378982474194,1.236951494428594,-0.15148587814356193
-4.509343710617144,-4.275529616650755,-0.026660379267298705
2.59318512103061,-0.45879817034225895,-2.4513694699842996
0.6148901164920645,0.14648794519943642,-2.0637980191749463
1.235115335377906,-0.3527523394612897,-0.46302179087161927
-0.0032735642780879187,-1.4010752308980619,0.5777884306359062
-1.7514809970233853,0.6390947729121415,1.728060552236379
-2.2052575621282577,-0.7053837772702336,-0.14607695649912192
-0.14996633520908412,-0.3219040778961176,1.9709280932755981
1.7328382742053188,-2.049247111629738,1.9194347843443775
0.7935075650684754,-2.1350684667659343,-2.08555521624599
0.3511362469840291,-0.9469558015513566,-2.7144837211864457
-4.67062494693589,1.2668981206133711,-0.7623996274833733
0.8796657003570514,-0.07432729025054001,-0.78818091821814
-2.9118904869401008,0.02801359400640395,1.3991601835115262
0.1828794256081177,-1.5352442135671531,1.4614855360490633
-1.3660320613909385,1.6844678055145923,-0.15616846996934158
-1.5187722067633171,1.1182615646257017,0.5595128500288911
-4.053766731336835,0.9910256097258763,1.4665572213927698
1.1456299602790985,-0.029725086325077695,-0.9570906201556625
2.0128156866883438,-2.882417913545574,0.9627191724532745
1.1519872889310279,-0.8563418636129606,-3.14852698030734
1.0896989679210747,1.6360423725890325,-0.05253462171356325
0.3029694612349648,0.2680170911959706,0.6847971577018888
2.6692885118585634,-0.11613967177886145,0.03859398385118484
-0.8885055476614703,-2.397665907820621,-1.300119543550096
1.3667457977290454,-0.10310742274930501,-1.0877661002165906
1.7300161033897334,-0.45104702076396597,-1.3504056740942454
-2.7293585313467483,1.4588024882888087,-1.3737850510995167
2.636780066206532,-0.7594084490927488,0.29722012405836246
1.567531519135708,-1.0127370888655356,-0.8148464557877585
0.566942861352452,-1.213954205634914,0.0910707087533164
-0.6544574173072586,0.33647007250926503,3.3887019942219596
-0.05747990941074829,1.1286807614807046,-0.7241515586601159
12.902517280533933,4.326935910521859,3.141712950804519
-0.6582912363363325,0.20319807647811955,1.5907996847616506
1.3217274526916742,0.27137422557298185,-0.7566624324678013
1.6745157749855761,0.7394842996184959,0.10142841011530203
13.728849150592806,4.628722306569546,3.3185490801069797
2.6141592309129713,0.19933624720142545,-0.22892853423856238
-4.1704290944601,-0.44205629774865474,2.8862188005458806
-2.0856293717450978,2.847691543233286,-0.18053404454517
1.5570005197878187,0.06506489560032486,-2.0389577123489064
0.08678666642981049,-0.9134588575134954,2.527918358605992
-0.9909397433716614,1.1708244082494859,0.3622302193689222
-1.108583301524044,1.1072540794402677,-2.489834412582584
2.2040060699973516,-1.6904429398553367,1.255602094236599
1.3650427754633447,-2.7121506826616235,0.9646548735294491
-0.13185628848320674,1.7669945697865765,-0.4362026769828315
0.48661244935880194,1.9787576765139436,-0.6994230490772766
-2.67970197519456,1.3200437217928258,0.7075819733017097
-3.7174747644069646,2.4165429694662057,-1.0860919263689526
1.920456025318446,0.5419706452683417,-1.1244944966153614
0.8695356807159397,-1.0043602768955804,1.739183716527808
-2.1393098727495223,1.1867700534133252,0.5854765585847586
-3.1243183181174055,-0.05785480892345978,1.0658226155050359
-2.4715472538115346,-0.05888504628967833,1.7237053899206114
2.2727900680253,-0.7549469403753357,-0.24870855486413662
-1.9729989789739621,0.9438695235641998,-2.5785228806508576
-0.2834305693061926,1.100595643792823,0.49497226255662946
-1.4332980425641297,-0.169368750917967,0.7328625621210805
1.8327205235489545,0.7576205656961553,0.023306310480823673
0.9708862142752995,0.8535492821132499,-0.16042200989478292
-0.58683721501242,-0.0013833569026363345,-1.9230451235692398
-0.14847835064168513,-0.7426641922542573,2.4421484041734796
0.906312548486939,-0.27713805193482144,-0.4318824491161018
3.741029502315741,-0.034542892214894025,-0.5921584308959202
-0.31393247321013856,2.2997805024468496,-0.9508437195158095
-2.171984147248403,0.8252452410241857,0.3594177185074739
-0.6871546386981839,-0.7550598082712386,-0.05872737831359193
-1.30588982187342,0.2692674591852225,0.4989953313536697
0.9620983712963607,0.45009649939370105,0.5188376584427166
1.101298076203094,1.819142321101618,-1.3783203887605155
-1.3589533235610551,0.22392740355668456,1.218145553785924
-1.051019250284524,1.264870553174411,-1.289792260835393
0.03579526374014943,0.49489830947087293,0.5405946500083874
-0.8754567048036443,-0.4430846084650233,-0.5981168244930226
-0.33000887132184425,1.7224418420565768,0.12284101575105497
-0.8428552154827625,0.3805823342724412,-2.7330579024119634
1.3759177604377033,0.7650887434109147,-1.9279428428390828
2.046142682953195,-1.7741077329777013,0.3881010862967231
0.7883010815263045,0.6509119101826009,1.0191103624553484
0.07534840368923042,-0.3377275840473495,-0.7042315956182733
2.0612342507337815,0.7480523809432914,-0.7318684350385184
2.181183729113105,0.10275423607582466,-1.3564199372929504
-1.8427499998998242,0.6177830982657445,0.4773237694115031
-0.05074444068642862,0.5054389835411798,-1.5209011321453474
0.8841824209124555,-0.36231187911190976,-1.9159119431314746
1.319455518183484,-0.7855859999721562,-0.9012031957302354
1.1579466635297568,0.08755071638248382,-0.29604640071856897
0.3004901574513296,0.2666055904941468,1.0277567031386237
0.9705734527275371,-0.5022275608449085,-1.7948020747916278
1.1167106886704852,0.9290263130158936,-0.6715249278236382
1.9154981319729418,-2.907298731558187,0.4602043723148542
-3.8301094320561853,-1.525744640932675,-0.7717370310202822
-1.5130575348319084,-0.09014706164480517,1.8220813451253637
-0.7878530525693539,-3.0454903904263935,-0.3719714111796397
-2.5212973193568993,0.755659291655241,1.1445044053431472
-1.192139368261457,2.3407518129980596,-0.5707705711767064
1.350028359640501,-2.3192716983916277,1.552420263421222
0.7385980198653138,0.7800184671976059,-0.9274870551761035
0.6823302159547012,-1.7609976829328835,1.5790494606699277
1.7550452833079475,-0.8518359866671856,-2.079253594888988
0.748086469955136,0.3968308357501492,0.2207006776034186
0.5791040624940786,0.028283248908096605,0.8473092241781435
0.19237398852746856,-0.07024529210658921,0.09875248417505705
0.16948907377891143,0.5670366687921696,-0.11638265465010328
1.2873451838041683,0.5257644680249398,-2.1630785432882944
-0.043786500734121866,1.0614177425659852,-0.8850609689187589
0.794511325635341,-2.105376851967215,1.1523292519950064
1.5303415531409377,-0.9782822654439997,-0.6394727010378041
1.8587247290243474,-3.682495613329978,0.2928959460395059
-2.908343310832841,0.8997800839414097,4.0047376208825725
0.5757417569017946,-3.2308493597159895,-1.0556372265502623
1.4991721506949214,1.016226161476392,-1.287569854784543
-0.4688040084882076,1.6579092434344216,-0.5970928124136766
1.1810067249911171,0.5237065768437965,1.315695617245611
1.0382885786642313,-0.05314500564113457,-0.8234871049968093
0.30876281121015764,-3.021154266623684,-0.7416344098075798
1.1542133837976698,-0.33966350556859415,-3.8255307019085625
-2.309992438426531,2.152771310675546,1.7465072909390011
1.3736242188795234,-1.1890011673317622,-2.0415522033155473
1.1827771237051425,-3.3280458767919265,0.42909394483164676
-3.6347813193058727,2.1455294848680113,-2.123335242620328
-2.0711977605329297,-0.2996873980577162,-1.4405359864939824
1.6897331459835119,-0.5397005911183694,1.0875560713781254
0.4347523617111123,0.6680632003386883,0.3127068504107184
-1.4572007048418356,3.0627022307117713,-0.7816235647001348
1.26256705543603,-0.4154210958424476,-0.23340965537557928
0.3456156265769529,-2.124643555102958,-1.1676584274406445
-0.2964886544310981,0.36144439049239097,-2.0366535575809475
-0.21717902415069051,-0.24278148489441212,-1.5889557271210457
2.263291583902561,0.08227858665976079,-1.759879912637421
-1.027583091794505,0.34935413899760204,1.5301944507525815
2.2655079096072916,-1.0448780465076886,-1.3028518626583176
1.4127190094179896,-0.0719719612585402,0.5217241999803953
1.4749539727064076,-0.42381538769943833,-0.6111098481509741
-2.7248175011290288,-1.6746260998056257,-1.967264486331242
-0.49055578629207586,-0.6981098199100606,1.843121846878805
0.7299759491744928,-1.683375302404772,-1.949270220676103
-0.01668948069509048,0.5237502333329517,1.5973510766381576
0.07394874556904872,-0.01349769152014704,-2.2297091815143135
0.6938185434461902,-0.9433146099774553,-2.5667842057574353
0.3123271375824553,1.6744398375170793,0.05940760184414705
-0.9748643958544175,-0.039037656059531314,1.757024260540525
-0.6895057501989825,2.366190406063439,-1.2231722884317917
1.7387979394167792,-1.3033217929085752,-1.3330777057972731
-1.0283204410095164,0.44306592414325546,1.1985269839066386
-2.7394991198402803,1.9294416370831002,-1.5704415316986768
-1.0079684249339327,-1.3266405142789979,-1.3313160877752253
-4.481710190040418,1.0778362283711462,2.781422323959747
0.3735417584766081,0.2987170385545351,1.6851329146098466
-2.038104681578125,1.4499851408518254,-0.6280756755851077
-4.696216781306684,0.5904532520507665,0.8790902376567581
-0.9654402254280752,0.30872004668560477,1.1007745729151466
0.0020981324454571195,-0.1767925815932613,1.170424632939163
4.5927677177451995,0.4662610941237869,0.6777300581311261
0.9679090346023198,0.2838520180405731,-1.2146050545680913
1.8346057001817087,-1.1697790677443614,-1.826084405612134
0.5524724330490923,-0.09682886941126148,0.2353848062603096
-1.1206237037116473,0.15237084543291116,0.6505548167066953
-3.107017998021132,-3.85464809232994,0.2771188459948554
1.1478560201274695,-0.9585833943227018,-3.546247884620635
2.4742582616748146,-2.156798925682742,0.338873567258254
0.6061484044429394,-1.2016135783724957,-0.30488365766456343
1.356211952434355,-0.9180772127598846,0.45561876841222076
0.2669503059261268,-0.5594216339690379,-0.10390802962584902
0.3348540959664038,-0.9787389657304686,-1.8134017486603247
-2.0101460376723614,0.7144192000237344,0.7212228250257567
1.8035829423967689,-0.30696218754162985,0.5481039730466251
1.0212515995009337,1.3287398108001447,-0.41132219374004
-0.5319959957164293,1.4569444490596073,-1.316310231346038
2.733402547398052,-1.8019266101692246,0.053226096709128715
0.5062152464423954,-0.8950692419335716,-0.09002566757314673
2.2519165519010094,-1.9439303833392778,-0.5918119487137046
-2.4996699773321773,-1.0798818793708678,2.921804927247192
0.5568974751397249,-0.6547186227329977,0.8890278536597224
-0.007141598444271716,0.752321195249555,2.218781630541394
0.20286676877258863,1.1568961762960939,0.6891715292015516
2.295977700105717,-1.3848261537719984,0.435231396642204
-0.5720681207872331,2.014446568924029,0.1605024539714988
0.9239817521032672,-0.48792322612077776,-2.639121641271501
0.19819530246591427,0.7655174895923249,-0.5067501165455317
1.3232631987062666,1.1850877137463862,-0.8500675517400772
2.29587921917577,-0.6851350287446205,-0.16309000524666376
-5.172043631911096,-5.215605314396974,2.314891468372507
-0.4102758858662403,0.9836587786591089,1.3052402128102936
-1.2657216318887567,1.9942212262069388,0.563686609603711
-0.36407937096079485,2.485247756766997,0.05202012158814164
-0.6521462180484427,-1.0114358951639697,0.4400184482314551
-0.006207381301874387,-0.03721204771806516,-0.4514908796132048
1.2052362675720534,-2.954423622791916,-0.26650859651716047
-2.13433785120826,0.7340442854445394,0.17557514895707893
-2.1012094602913534,1.2554950534861808,-0.9255341360618476
1.2123246383078008,-4.226556306817869,-0.7034365475424577
-0.5331446000898549,2.035516988132376,-0.7411236476715802
1.2870052282774354,0.1735005201978323,-2.8957836757290814
0.3731383760496772,-1.356754103977741,1.4359067925295292
1.6251236461757828,0.5466539897512298,-0.15250344079166686
-1.9812783866196204,1.481031365899414,1.4665936803042077
1.820714274300768,0.1383127211677619,-0.9004018195380874
-0.8039657227204791,-0.5699955618946569,2.4476307315064583
1.40157080326529,-0.18291187172326726,-1.8042093977591032
-1.4894025512781,0.7804814682618967,-0.07028010702391035
-1.3968435919914541,0.613909304420402,-0.4817699715717928
0.8992967521877834,-1.070774825930087,0.45653507404932947
1.2798839742622388,0.4420078392331358,-0.9157933656860304
-2.001982192234428,0.8418052528179731,1.4524724045491357
-3.8424704439757837,2.4023875100068253,-1.4942160062467997
-2.623196073576076,-0.2970903098475386,2.562078086712576
0.3496807342804702,-1.2904852802717783,0.24315573810428645
1.1080351825198143,-3.4738870556933157,-0.05717082696879301
-1.2805447532973753,0.5425330183908429,-0.35610518403451474
0.1678099628037731,0.6814849748291317,-2.5047596566725168
-1.0767966831689366,-0.1918719542163952,1.8152397206065016
0.6331563494043363,-1.9801058701764505,-1.1113073915359337
0.2036556484764945,-0.0005061681595067771,1.8621371160397224
-0.6094201221024836,-0.48904141928348793,2.0604223944870763
-2.8548495099755162,0.6802950371134145,0.42831311783142306
-4.72986006231238,-4.239653057943758,-0.06052617581563483
1.5373473596847103,-1.4537957491780384,1.3992475460511766
-2.5246643576287964,1.4621905650497908,0.3813440250683149
1.1261183289341616,-1.1120043255556462,-0.05144172313842613
0.7875695941237093,0.9187217244377792,1.0932476150051393
1.9566357340426894,-0.9050674362153667,-0.22184236060662163
2.5919575605265135,-0.9811519915614618,0.2734898048032363
-2.7185643084965805,1.9426864908192534,-1.8415601474956769
1.335242192180182,-0.07877892995330915,-1.31063824516545
1.908881631174889,-1.2542203009696673,-1.590367750536317
2.301336172848692,-1.6218447337933435,0.8852769705904738
0.1634366743971162,-0.9415826209422392,-1.6926922934069122
13.806955104273849,4.635729847187833,3.3174761607943664
-4.191700923366009,0.7397882139317238,0.6108404930544556
0.22316670672345892,0.6223246171899369,-0.15244019261280972
-2.987178059628329,2.401860771458165,1.2908198889533438
-1.4857379763595029,0.7270316016747044,1.5978366628459184
1.6781087913515678,-2.838812688981618,1.4029071059700755
0.8854210036696305,-1.2451684304756259,1.122438824422614
0.55918018525136,1.6733825065686845,0.14641150726434252
-0.3597324154495547,-1.0825641043072678,1.6779722298501714
-1.5916283097405637,1.3279454852759516,0.0027855227077449476
-0.7459747608301535,-0.07870109603559028,2.1103381624340423
1.3709047798933556,-2.160008497258309,-0.4482898482561519
-2.211097693671475,2.1940175075991064,-0.11822954011362592
0.5765436498360945,0.2617042885129033,-0.20667061577691556
-0.7196916854841809,0.5920075556439665,2.6644317891266533
1.4888198536894655,-0.6573667190465255,0.43760306607159966
-2.131673265238658,0.8993474282505298,-0.7323322470129998
-1.2023039410539387,-0.9703939340959619,2.059934049459535
-1.7196190394800026,-1.1347459670416007,0.8898256651966319
-1.308521007317382,1.667379931829926,1.9155271960895603
-1.3553256700216827,-0.5952432976829812,-0.27615034655515347
-3.347390182436611,-4.11729570698315,1.910672805934075
-1.6348173472464906,1.051567572569805,-0.6755628298597827
-0.4792375229761029,-2.569201644651074,-0.10977754275262507
1.0752767262567533,0.7697541165228018,-1.3480956449268864
-2.560661689631486,1.6701959852413115,2.0215781360028453
-1.1526549742968415,0.027593754150891686,-0.3748523152256506
0.8450941912482446,0.34339465440575695,-0.5993571431414041
0.04450105332758612,-1.2858895663564174,1.5664369969504026
-0.7765159828100936,1.614179223300761,1.0973618660506643
-2.961371906398465,1.4362420700959182,0.9981842939414745
0.1626170018342167,0.9224055145253505,-1.851359302776157
-1.3970464219318233,-1.2780565506211625,0.4115763979148595
-3.5061949379630146,0.40803040468202056,1.7897669980534963
1.1711651880442477,-1.3514007048830186,1.8031006207530904
-2.979641851310998,-1.537395674367037,0.8719219446228624
1.4460325420248379,-0.2134922778657872,-0.2083997870898296
-0.33989845968191473,-0.3163840728845215,-1.6644298527618493
2.4165072283155657,-1.2584558946256124,1.0700240477933998
0.1758795233827909,0.5127502061878229,-2.2246547328276587
-0.8059944549903466,-1.3162223978794363,-1.3535062532830162
-2.6072162432825348,1.0956885520795898,0.13747438477412646
1.2649894283577952,0.36678589370325515,-0.4168338323345329
2.3189193016381795,2.339618113950463,-0.1534091179395023
-0.7184803916835885,0.46474278413771863,0.08870707957182555
1.9354795754923282,0.9087446677976877,-1.0207115031123268
0.9540228579407871,-0.22879871040938254,1.2119286261763236
-2.2032470147523204,-1.5997734694940924,-1.3404519748107315
2.053630689720245,0.5303232173213936,-0.4721616922096194
0.1996625881924443,-1.7647703926000704,2.5894723291241046
-0.599673517209569,-0.2597168762707734,2.1429839088287923
0.2489634329678476,0.23948951867913057,-2.0532399473619525
-2.7091586284199205,0.2880990244065368,0.25596930564075177
-2.529423163720277,0.12137440197968885,3.3137569616484814
-1.4690509076101477,0.21071295857867312,2.2618493575798295
1.1636625671542213,-3.810851976899058,-2.8250570657907326
2.078817301236382,-1.289967741874592,-1.5623121042705852
-0.035069686158209316,2.6284346905006317,-0.4002570479068568
1.8859027820328635,-0.865187864444219,0.5405042102868256
-0.8046746080564963,1.2637648199459564,-0.39067669326466714
-1.390709532768156,0.7897876077049927,0.6867085976599626
1.762365688245906,-2.059848926665512,0.12720487470496405
-0.924476761563551,0.6861653316712978,-0.2427847205494467
2.754596933522404,0.16799210105667584,-0.3178373146847501
0.16374514237855628,-2.673122707323127,-0.47124924386401096
-1.918054908557863,-0.22837167135464564,2.2323090740244345
0.594356847294181,0.16228903208247686,-0.9719393234372837
1.2095616173517316,-0.8424767293334943,-2.5578276317527444
-0.21922921577078708,1.4268787808917207,-0.8734827550772547
0.9605193359037972,0.23639514806249198,0.2117464195814929
1.2373763776599833,-0.15368700603283295,-0.2646626005640794
-3.6849607819580155,2.2103411767477907,-1.3564071224975107
1.759825257373923,0.6285876246876121,-0.7778577740107437
-1.744209456021845,1.3877294124809627,1.162485511857167
-3.684987510736405,-0.42007486707586844,2.6721686181619826
1.3771222488338215,0.42823248943187703,-0.9619077917526022
1.1636162762202007,-1.319077314963154,-0.6405948424141709
0.5655078790431856,-4.207032426780253,-0.3529275280440089
1.4200346684889331,0.3239982253051398,-0.13214535213884918
-2.8858151209992715,-1.38845945760836,1.9814054474934615
-2.611814920926677,0.8993694922055,0.7996182508711184
-0.8984108146791073,-1.5160536503967632,0.1691721525672039
0.12899789257502814,-0.18406364624758462,-2.6437003406833313
0.9764013641256142,-0.03759396603917185,-1.5376007508943015
-0.10986841747195514,-0.43492209067620435,2.094347103295901
-2.137104483029444,1.3807519884808497,-1.558472078889761
-2.159495298528233,-1.6298717888233274,-0.387982754447227
-1.6518016854241853,-1.569785944526387,0.6059076044287581
1.1726967469162415,-1.5152938815373038,0.7629953221830501
2.590229971783896,-2.1221395403202865,0.6781665497215509
-1.8723649668826468,0.5548611293453114,0.06083801830493644
0.5083357282524232,1.9409730934734921,-0.8902324880824022
3.349527414810282,0.38676574712914014,0.44176749514327296
0.251449487930933,1.3075610478008155,0.8475962860603266
1.7789521044430983,-3.641255188117775,-1.2364257332320676
-0.8709138586553044,-0.022880992569992844,2.189467291443027
2.0696375488695833,0.6345241393182894,0.6683888409766923
2.256019348076572,-2.2475188316439993,0.13824909439518762
1.5383570895348635,0.8038998722524606,-2.336206416770852
1.163556813034006,-1.1264660737960208,-0.5771103660883643
0.8626752058775833,0.06448936852387409,-3.2824026239270214
-0.0693015456160137,1.7080232938929603,-1.2952201603900695
-1.6794916694097293,1.2866205427147537,-2.584707291298236
-3.101716644641324,1.5661961181406792,2.1836263842189947
-1.1194818785645133,1.0107331879266912,-1.267978182084962
-1.574352796296917,0.5759625650433742,0.3921372856351138
1.8650187456809275,-1.4359508169384643,0.4344982081718315
0.733659875930929,0.7951773391968021,-1.4811850334937768
0.2344445592515554,0.303399248512789,-1.939835401462395
-0.6629102254234341,-0.738227011308873,-2.1778649052002175
-1.5970357689372272,0.35074528477832917,1.3610976270859256
1.6400728568805427,-0.022122558265933925,-1.24760930926052
-3.9837409181089383,0.3592617519270758,3.1731454703307715
-1.29933809916604,0.22597920341477654,0.1970521130157446
0.03682158280220569,0.8486870626342605,2.036752898342886
-1.500619065575839,2.1491670148747493,-0.386384400906827
-2.1557631751447586,2.8559974564850528,-2.0066594165350353
-0.6517266984915815,-0.3709382139743459,1.0844061901357234
-2.78380811502954,1.5688273090800655,-1.3112848611067907
-2.8061534095082217,-1.2834774429015992,1.6307448910446967
-0.9912813266895567,0.5273106899235716,1.8791445590063833
-1.4595590251553547,1.5490359115150123,-1.4120795314422894
-2.8028020445838218,-0.23368482264406454,1.667987606008019
-0.9515362253397438,0.31905612726929766,2.0021263664467184
0.4785853911856121,0.7360368686480754,-1.9218198064759273
1.4935589475916247,1.177479012017763,-1.16826386914524
0.9602702475513014,-4.441341387055543,-0.39752514567450187
0.7435920543959154,-0.6628784945894692,-0.19176557215286164
1.556851952811291,-0.84469175193465,0.2561590012329385
1.1132505380316982,-0.05899732698707989,-0.7226404878908421
1.0681478527427237,-0.039376151705088486,-0.4577101342216676
-3.392223190785352,-0.2144539417854787,1.8364264512978057
1.2084331340174814,0.741199967184965,-0.593325234285211
0.5317752408081702,1.4394557966706916,0.5976258440258712
0.2829504854575823,0.6882533558680503,-2.192569558567469
0.3565254971091981,-0.2201206315466313,-1.449887225557078
-1.9378242878327432,1.762968578099254,-1.9608359943936662
-1.1310510794830217,-0.5366653646734767,0.6226281601689071
-0.4753349254669357,0.22091594005497756,1.0515460556009868
0.4154220103183915,-1.9838856943836711,-1.2129796734658131
2.226971697971011,-0.7815909257564847,0.1984721510053955
12.062576554944313,4.033300972803722,2.9654945173244074
-1.2919002005993951,0.733649320535499,-4.323854347207026
-0.4075390766805411,0.7493227143204769,0.9021088506798397
1.4819753981759964,-0.38682802975955155,-2.454282917342572
0.18582137992607417,0.2485087205624145,1.539325169665545
1.228349168511188,-0.8229692667201373,1.7650221397851196
-3.8802673163273123,2.089775303061137,-0.9366992688304192
1.2750790075716611,0.3770112835824654,0.7051581503250133
-0.732040677820243,1.1980384849076426,1.2621921297171226
-1.657428417889308,0.902191738905882,1.8264448278258645
0.8601434841160938,0.01392811187062325,0.8115464228985804
0.8868539863829281,-2.3532001486046363,-2.4190208335042827
-1.7286174100268508,2.329931256567255,2.05327964798803
-0.6765769953750195,1.6726089800539485,0.26461131070682675
-1.4995384368780047,-2.081370295101823,-0.1883004895817423
2.1733980897115894,-1.0551474643427388,0.21450653146733556
0.08987746427814873,-1.5115937655567628,-1.2989459906624936
-3.3632431014464927,0.9403805842364421,1.7170579282733707
-1.5929124215528323,2.8844591000860147,-0.1663849841482448
0.887413991306293,-1.2934354466793005,-0.2596595360911356
1.968297211478033,-0.8524342966324472,0.4616683938467321
-3.273351932529951,1.5133028199207654,-1.3246363366451275
1.2319020083180041,0.12189567332292504,0.9625829657393734
2.0460266634066615,-2.050255826577474,0.40677872569887874
0.7220626865192075,-1.1902408797659545,2.5353851257093325
1.2631446113555749,-0.32280078911940696,-1.5594445307902047
1.4630780101200311,-1.346822270095999,0.7148393742510623
1.7390528133018315,-0.8683488499306445,1.5898958018313907
1.819596958954276,-1.5121106574061745,0.761232321013523
-0.11865134078103516,0.23387232414197068,-1.6416039496697383
1.2064213304636606,-0.29074185677054815,-0.9449199581914941
1.1827843657654251,0.12176002194712267,-1.3784046267012104
2.5548691078001915,-0.2944616170725491,0.32827400741189233
0.5675317000520693,-0.909138893624108,0.16163645657203315
-3.1763062839707006,-2.688485089151867,-0.4660199540747919
-3.4646648566440965,1.2011127524145804,2.440110721419315
-1.4422866498170475,0.13543535644076432,-1.659335575324945
1.140679434136339,0.30493277014712417,-2.3973458812864505
1.386829029505925,0.7674001543911423,-1.273351019281061
-0.3227335963271894,1.074728085364838,-1.1315538013389819
-2.7925681446195956,0.5300412214426407,2.00060534022796
0.5740215108969758,-0.6581802920074863,2.043120777224183
-2.183937326568454,-1.7911287370593176,0.9775726404857702
0.14883663176903306,-0.6765763422962408,-1.4002515678940488
2.234767437677517,0.884089415647902,0.7175735802760044
0.13520820890238852,0.27651491313205945,1.3523088635148781
-4.021938572513764,0.47693710272285506,3.1834659659461093
-1.062122532032268,0.4233437836597875,0.7123180086731447
0.4119506592942633,1.2210757880688532,-2.118215635891376
-0.7336619106556462,-1.256470982899077,0.49197580270529195
1.9171998657589904,-0.21905493714338473,0.33712435160706533
1.1012255493648675,0.09725974196675649,-1.1216381148179735
1.4734764614213722,-3.2616999419482435,1.0729814731102953
-0.5202966131179827,0.43888694037130715,1.373826394657034
0.3219091889832459,2.00347031424044,-0.4419628930815082
-0.9600601806986566,1.0042724638717957,-2.1028708293181015
-1.82306643398783,2.1818486785832976,-0.8592826118837714
1.3496290054350453,0.0626177440884463,0.9905392963544773
0.9764013641256142,-0.03759396603917185,-1.5376007508943015
1.1864550440941197,-0.21847409176161045,-0.15015715160524426
-0.9566633712759647,-0.46372451112896973,2.0504642616194944
-0.7110482412875968,0.9571585161625172,1.7659359064152056
-3.8971089555494456,1.0918742200852976,1.0216402654467627
-2.452414714623047,0.08665465386625622,-0.9357010821122679
1.9128267090723932,-1.087250911405118,0.08182222124095756
-2.135765011362363,-1.0387195720318794,0.43891103117581665
-2.1576818096761565,1.5981741350292396,-0.6450604383279067
1.2093654789190007,-0.05291372501288171,0.972370878604001
-2.23651052741144,1.4464417677248937,2.682990143353306
1.0205717643211765,0.09709592173915425,-1.4921367034684396
-0.35924449195764263,0.7753844235793358,-2.499001223720985
-3.780891010551033,0.5845316666278279,3.7671844196430264
-2.3857008075948034,-1.9969509342881013,1.1266168716575709
0.30710146123586035,-0.6771247967050706,-1.7043973801975203
1.3776715482688953,0.44129830308648466,-0.8412440869996065
-1.1232935642772417,0.8830074377449673,-0.15923239904149877
-1.2202066650070873,1.8406592973228633,1.1966222836521436
-1.7204964840719685,0.2011540362730738,1.4254835251452176
-1.266067078056808,1.3237381867676155,-0.43999958290752667
0.5262164510085803,0.12054202597847957,-2.4828803739982153
-0.05245343806090862,0.37789479910905893,-2.682678803040258
-0.046111078189408156,-0.7788028592635168,2.457640124716748
-0.3848712916747819,-0.08008360099881741,-0.45735217201479267
-0.4213733231853651,-0.03667542964584779,-3.316517130514775
0.4147744649668595,0.3078453986815006,0.6124438762384069
-1.6487556007971995,1.1141333281833445,1.5747411727362195
-2.9922133503938833,1.5908510734094312,-1.7544838902500288
2.187427592004489,-0.3640390635342813,-0.7469532257349768
-2.4489416832973427,-0.017393281611248586,2.5644663088109034
1.342865577254414,-1.451837304068293,-0.01417316438890091
0.9252373200985647,-0.15710748638238786,-0.6286119108284466
-0.7381798508553349,1.2868800122309783,-1.8467679129865322
2.3292957077755956,-2.4333930551727967,0.5229307886413285
0.10067630189795224,-2.284207947932831,-0.7999247636737705
-0.38297936218936923,1.3575729412030717,-0.43409446349047925
0.5906787663568808,-0.6273876145680417,1.0631581628815183
-2.946996222069192,1.4647192634452113,-0.8635914581447994
-3.856571518112913,2.3185579106949725,0.1441342965673718
0.577064400527895,0.5753205950672918,-2.5107332623921734
1.1989590713836602,-1.9742858466272282,1.5157422761585855
1.4830105758552112,-0.261194026197629,-0.7365245997002132
-2.222420976822348,1.6783017039256862,1.1554510170111782
2.0037902356046566,0.5241003582877037,1.4844001374934244
1.2385300550266047,1.0089045301715918,-0.479504370780382
-0.641293567372726,0.4340390214017371,-3.0015679519313614
0.3496878934311641,-0.30910127939799026,-2.663023282971037
0.5380478008764986,-1.2682669718804733,1.3166863929166919
0.6600630685134228,0.22243619247223323,-0.7865671093678925
-0.03527118863357544,0.04426169661185321,0.9919077861872447
0.00032387619446802893,0.8066727149756115,0.4352819165042892
0.17197344491651226,-2.541637939105204,-1.6986568882388335
1.185113561408119,0.7944354634687453,-0.1274474907494568
-3.3913698126984944,1.4908846712967938,-1.5196931454949163
0.40067163790379384,1.4543410064488878,-1.1547720894580285
1.9948561593601581,-1.9693889320417775,-0.8071289363581842
0.9568609095138857,-1.6986261348305336,1.169760895908979
-1.701547204174919,-1.1398174743452347,3.1513860842563086
1.1390478916229527,-0.5400887376903319,1.6953897038869095
-0.24267676394113913,-1.1211973197047447,1.6535781375809075
-0.7351344526776586,-0.35070306083987657,-0.5026935214304911
-0.4065336087681001,0.8432213661325073,1.1777898862277831
1.777024659882423,-1.6264964254642922,1.3322444184044144
-0.6537729963576663,0.5454330741674661,0.7705219503104679
-1.2811165700152871,0.04368236307075431,0.6849791961789468
-0.27029444310652084,0.619621589833606,-0.07819482480874793
-1.453159029878388,0.33162929824134457,2.182783757123508
2.3421143964779376,-1.7334423702562018,1.3284199161258239
-4.013874713933888,-3.3244519238654133,4.8131231579177625
0.6857795743556941,-1.6001595681958916,-1.8011234269832792
0.7743094849996773,-0.4952327087958673,-2.665217967298063
1.9971106890807,-0.7516040520118477,-0.02294738659551301
-2.0864289821153794,0.6834035823025543,-2.5563527603101925
1.4801034889923221,-1.6562338830571155,1.5365776094600536
0.30434711345105026,-0.06657890189728839,0.19816666863134721
-0.01044149528477906,1.1587501898708834,1.074653490270712
0.8997579404529599,-1.5475212968219594,0.29701344937210505
1.1365057461978478,-1.6117799601221352,0.588157318856508
-0.5985065828432489,-0.7359530463118428,2.5060350111783176
-0.1260180738740171,1.0743812987496084,-1.64499761570405
-0.550096106015254,-0.147253019801991,-2.0754541338028325
-0.1571384253186706,0.8447874190601244,0.44195719434954067
0.29780743378255686,-0.3027999396605968,0.47464989033087257
0.5707592838585588,-1.5424920009315877,-0.8782390277874891
0.9688941709997956,-3.3529055417160007,-1.6176409924043194
1.0936054110333693,-0.8982651621729765,0.6568477343924436
1.5709205623400528,-0.9709838898264948,-2.32805087832728
-1.5766468470556756,1.3679684496629152,1.3630834174364417
-0.1180920810238682,1.028048138021091,1.1389432328962585
0.3432418734163867,-0.8288631724962384,0.8546758871701507
-0.6263855445198792,1.1483361761915332,-2.387597451274978
0.8517185471680112,0.3836621313392042,1.7979291722276765
0.32205678440177554,-0.8878625569858587,-1.4470818747485141
0.1502693758688766,-1.6585886219923645,-0.41668473867992456
0.3457219441634878,-1.6558295274078312,0.4418708884343153
2.2694921853890544,-0.8736978089553686,-0.15107133485282523
0.03960291922889726,2.560094275135183,-1.5232778365984696
-4.23729536362522,0.3602370615417817,1.4179787169552984
-3.461803602061912,1.4350706534816011,-1.7084784080003599
2.5239340176596534,-0.2476424346298291,-0.46384486087747345
0.29532353375869475,0.32943777480034003,1.24819245579274
-1.6971160964098169,1.005858174959963,0.2513097900451209
-0.8754215484757187,-2.577269722449233,-1.104126282398353
-1.3789296592734104,0.42771276166222066,2.248637066388749
0.6201416433864245,-2.487650122772217,-0.3846782471395826
0.4967376087505552,0.8408111337968539,-0.6523418185993352
-0.6169574799141239,-0.8685295364319753,1.4526823165599214
1.2136317323430696,-2.5895666933170487,-1.2041322368069265
-4.149662613115375,1.1733068730485532,2.9652359517694764
1.2366502710498406,0.23840777507701355,-0.21633120299846517
1.4649046905790344,-2.0000993570647125,-1.6547999211077495
-0.6409925451989046,-0.2393273670718431,0.1486116164831487
2.05535378499531,0.07030327106155113,-0.8899245429571616
-2.3532337898255165,0.26494065576454534,1.6037764072954406
1.2753471925069801,-3.2960917234358353,-1.601703769208743
-0.459868102380329,1.1314125479786148,-0.6802857238030245
-0.8896935652125003,0.39347121500885157,0.6985094217635974
2.376657482745655,-1.1659624603005563,0.2371426691878203
1.6322122429214734,-0.09753984610350722,-1.6446617802776118
0.6394189165264059,-0.40533810826269706,-0.7583219846828805
-3.3237147865303496,1.8926705481971873,-2.098117122409937
2.3805612691006575,-0.15149754330952334,-1.2751264773666553
-3.1152341095706126,0.7447923820205533,2.213494668734937
1.2520584075254642,-0.38707733873088584,-1.1650129742515947
1.246436044816958,1.6511882488492182,-0.2227034294182911
1.1546760795709192,0.08309686062685827,-0.8241147810748967
-1.1186664099959616,1.9181060316120888,1.203321323612602
-0.3062109621345695,-1.8748511410552127,0.24705720837283213
2.239566787448051,-1.1431193836895248,-0.20029440440073162
-1.2670009826419342,1.0161490199691334,0.4313525291744006
13.177408738026735,4.405139754461167,3.1856048179011327
1.1413072225015237,-0.10163069070239528,1.9886074798889115
-0.6821783127210753,1.0829194300240657,2.2973936281601444
1.1165891127280771,-0.8994268689745543,2.3404797521242777
-1.6065168858064278,0.07442752535870076,-0.8929150552831783
-1.5364691378167288,-1.4929068244710957,0.4625306936180773
12.401824860277154,4.16710005129466,3.043213571047656
1.8895426361788392,-1.263119677077782,0.4043560776729999
0.7130528897524155,-0.47812716999216903,2.09005394154595
0.19738697710453124,-0.0038545774596017443,-2.566726049088876
-4.5469516184627965,-0.19022139957328169,2.8195158709574644
-3.011589980240843,1.780161057789193,-0.30842930576575706
0.24184961420901552,-1.15062517615847,-0.5702553050683805
-3.210673338313215,0.4811724080979392,3.1918080665397373
0.6010486106722008,0.6103120683984834,-1.218111022671749
-2.596676071288606,0.562686554864792,2.6583656866883545
1.3987433105797886,-1.375608674019267,-0.030608746971256155
1.839797103492722,-1.5219503782677843,-1.2564512749697274
1.8471684157066524,0.7389843739715832,-1.2289188246270393
0.00753025655805121,-0.5846566877085451,-3.43781820761801
-2.7707517670902724,-2.6529217970755843,0.6390440105452885
2.2120004038494923,-0.9475868890294038,0.6094080308174759
0.8236287577690948,0.2031866100435682,-0.9443790271637017
1.6457368685061564,-0.005049770206402051,-0.6638667042742332
-2.621310085773067,1.2751074703774274,2.1175901159873645
-3.597598872581529,1.606894064547837,-0.2227671477899843
1.923892597590817,-1.1729691252574266,0.0928362359497965
-0.17049276419179196,1.1305919443145256,0.44997437063302204
1.9308964345935888,-1.6532350167489007,1.2625431086983718
-2.603072984097185,-1.49676074688401,0.43324752224646645
-0.371117717407255,-1.8979549977407462,-1.645989209297999
-2.493247521824448,1.360572019456272,0.7641689587978716
-0.1501382610531039,0.49230145549750687,-1.379116228346129
2.181143563067747,-2.2123286091696466,1.3750222022486331
0.7849080675871926,-0.7205158667513573,0.814723309441731
-1.162885409974403,2.5902171550940096,0.3159410949139702
1.7191434405322423,-1.3739082372822202,-0.29953559532431273
-2.862839482105762,2.1986027099901704,1.2535225583583434
-1.9362263313842252,0.7549765261743386,0.6624583652710458
-1.2106290578711758,-0.6954889453489599,0.4798689658043461
2.2824131403015047,-1.0884684577044441,-1.952302700785965
-0.7859028988438046,2.8065896245633914,-0.6528285221662723
-1.751305525796155,0.7127734174924817,1.0320788845824307
1.7738682132529986,-2.609151597099893,1.704752149018201
1.9278066234329618,0.9728278148483972,0.7623827696729892
-0.6474386593676958,1.544598212016385,-2.113606952975151
2.082886379400704,0.6521495416469377,0.10900339713502119
1.7574542914270388,-0.7701443127042739,-1.6907708925553393
-1.2161940508861921,0.010129127089059458,-2.0926202260155398
-0.8515269717507512,1.1730939903473958,1.4105844063051383
-1.6629528727171912,1.9134642755342237,-0.8051730170109686
0.08127726537637178,2.1785186220982258,-1.4851081834666557
-0.6028227021359249,2.0350494944047175,-1.4096261787036939
-0.31848397291608826,1.5826666004299896,0.48849894604305627
-0.41387068006525535,-0.33516085468339507,1.5103750147925936
-3.7905706455208628,0.7856373168030824,3.4782796120805477
2.568820158406814,-0.7266743957586709,-0.15847572672949276
0.5734477571691242,-2.898357590489806,0.1283794529301192
-3.709217337195429,1.5648344904876832,-0.6786454576675052
-1.036519488558636,2.5332635981862177,-0.23259517648194797
0.42466190063255316,0.3025166212028312,0.37752617640748354
-0.07149998999363748,1.3575820229939104,-1.8489966072211317
1.3500585784573629,-1.867532813907171,2.190108849932538
1.6655767082203488,1.2792255510754575,-0.16048642669866425
0.826697185544843,0.013576292179863189,-0.8544815066692963
0.5206439173278833,-0.013422924843344721,1.5937430929729857
0.8415097731271318,-0.4431220040012074,-1.3151316748407251
-1.7272163174402404,-0.11059352443154068,2.4851126335673768
1.242229250776633,-2.4924575972049903,0.0697379563131265
-0.5690313218043209,2.0527329715138167,-1.066704007781815
0.9774435722496604,-0.6051294464221733,2.277769760075457
-0.831007078953324,-0.24689473312735113,-1.983514219516951
-1.3114210333797507,-1.2889149783529956,-1.3292037852944525
1.6941410410711208,-0.514494476095371,-1.2353322223328447
-4.121639732599624,-4.984106307983791,1.177802833415425
-2.3287106535667292,1.9513154526419476,-0.5660436379640862
12.112425160582655,4.100234532214334,3.0034242323611524
0.5740215108969758,-0.6581802920074863,2.043120777224183
1.2266408768554713,0.3121831362462284,0.24644117242766347
-2.8542641953905252,0.4215145519958713,1.473242503887898
1.2765166547108053,-2.2308869285290824,-0.0031485630014239
0.9996955084426663,-2.095321348578518,0.7320867761940698
-1.4776721108345656,-4.390867138178151,3.028904746161877
1.152999744160131,-0.9531064496986539,1.2052255820643012
2.032259635361911,0.42699426082199315,0.09764018990601477
1.8478958755937334,-3.6277573683267996,0.4223532704931249
1.3377376072588794,-2.481048837138067,-0.6613227065965328
12.897744241519087,4.274737863490164,3.0861759697191653
-1.4105360926229151,1.4998185580669947,2.283881676760319
1.1267994810414472,2.3638675729131786,-0.831198026211625
0.8979126122974034,0.16156096429701605,-0.7821416109024311
-4.878548979217097,0.13611339579615298,2.1412284693173507
1.5288433050548549,-0.43740602054853095,-0.8639342183803602
1.2964723473553874,-0.4706467505393144,0.016788330702392325
-0.8617528830642851,0.052537823836640254,-1.0686174317088533
-4.56936844424177,1.1302883141995892,-0.617210973917601
1.7055300333927257,0.8183597187431272,0.22119994394641582
-0.35220307458415334,1.2675950058715808,-1.3881742877335934
-4.449129683386393,0.37976439344396573,2.344622578706239
-2.798042234747419,1.68248584468387,-2.017755704527428
2.340703167741529,0.10949099055087898,0.5642562800549472
0.4628660853403947,-0.8917783915706601,0.3431363130039101
2.2178883387840704,0.11254564703103037,-0.1280003019511287
1.0079224859066427,1.2514150223542861,-0.01116340836841661
1.1711442287577756,-0.9953142048797988,0.5721262826382246
-1.2348823212217725,2.558223804210199,-0.6357782573495455
0.3953165572770719,-0.4901454198185952,1.9702714486512825
-0.26608319974347006,0.6783376209271981,0.503669130478596
-0.1791846921717322,0.8937668236777807,0.684043933830609
-0.05528636081060061,-0.6186610135145425,-1.6953471930923283
-0.26396402593686935,1.3714366372034432,-0.903151360978678
-2.777569768859449,0.7042410984054667,0.2973461080944124
-1.5435559089317528,2.6867036596677876,-1.14449766788368
-1.3211692583549544,-0.738089707547256,-2.468930183149971
2.49418988372303,-2.718662669906537,0.22146922173060227
-1.1370225268602874,-2.088811560492095,1.1558870357654212
1.6052458826541998,0.31690257619131557,0.19023188485245623
1.5596803961008805,-0.11905318503195593,0.4955328763883201
-2.199029963109391,0.09508505061137694,2.1066078056553827
0.4733583499644536,-1.432577053847667,0.5390613668540327
-1.356785693348168,1.608867323362264,1.4599945257019267
1.6390742129993399,0.020227004838702232,0.3330553574272319
-0.6188555628455121,1.1469388371560103,-2.383683454109052
-0.29544718550843,0.4145205187751727,2.2974776735640283
-1.511917982264806,2.7288130549457255,-0.08406312546765833
2.084604150679874,-0.5030528044076481,0.7739647227132279
-2.2304281043620415,0.26260173721082225,1.7668243129207168
1.1263198671542503,-4.32406159298857,0.011328753999367459
-4.8349754190801,-4.363255318315766,3.0779686765321586
-2.022294534044833,0.39234418791241693,2.4871606419036865
0.4216489584590977,1.1610480924664521,-0.8455069711506685
-1.6071423040274972,1.3767995115626792,0.5576522318596453
-1.7389843032703605,0.856728916544872,-1.2394260757477433
-2.1817259320415134,1.1073086704270327,1.3276443885150755
1.3621920187749055,1.3704217804078773,-0.16316397131845758
-3.257979975770174,0.41181665464303335,1.1955346272163823
-1.3327130687024589,1.5159234909781383,1.2794838135856452
1.965222380815924,-0.7604967212251259,0.41422798012266615
-1.0933884819636177,0.8344487908763966,0.985563538485293
-1.797001431381752,2.350498280559833,-0.8021835649850575
0.443689325639338,-1.0945741210826874,-0.33917868486610003
1.323319768036454,-0.1997864021641738,1.3146787519619987
-0.6846758183952663,-0.6554614177116682,2.752347798393341
-1.9289803933371872,1.6510996482845406,-0.38935821740783555
-2.3155378639095883,0.5844639609173734,2.2536135800333574
-1.5831643918766818,0.4499698017299572,2.0080906549521025
-1.8593267563960956,0.7726282770192455,0.6657021937571833
2.1499584977953763,0.8799621884431735,0.5507074779274358
-1.8124055655747007,1.236934153564278,-0.9765546711864175
-1.3809338090143415,1.520537117198575,-1.3714409496863853
-0.7775280312058009,0.6947111897389814,1.9302312448199417
2.887588167967694,-0.1773959969501909,-0.39704897491121266
2.422257393332986,-2.1073952323522427,0.09770237812244525
-0.7481104744085384,1.241217535723658,-1.4791520590067202
0.9663630059885292,-1.0538835105611744,0.786342007816116
-1.543519317861882,0.9528795208279605,-1.065375198211313
0.08982501496041413,-0.9788715128308116,1.8176200616093063
2.0334283258042545,-2.5015511724499166,1.611282258050928
1.734956922163672,0.8631720186745053,-1.4952818297188755
1.716921807488386,-0.2458924383333113,0.1602424866538138
-0.0971051899273252,-0.3539354968177069,1.8293832988302048
-0.5570782252293005,0.3391829543117528,1.1243202176362108
1.7452896152359676,-1.0062705725841377,0.8706617272055542
-2.0436163746296345,0.9877471163133097,-0.04897136786281032
2.132621181709714,-1.7963478205448415,0.8235457483849947
-3.5307151754828507,0.6761841088285567,3.1868269185196323
-3.534482521371251,-4.4220167428092045,0.4960393980072695
1.0866228701891383,-2.601374704001843,-0.8671814107274108
-0.26812917678714254,0.7453848572952728,-2.6537325853628153
-2.9219328333817414,0.4550633386111231,1.1665989485277504
0.005052346679181133,-2.5993276416376725,0.11397770047184153
1.234372067774643,-0.2889815188991383,0.41615431964175437
1.9732958140117045,-2.9082910692779977,1.3987954168083232
-3.1670676481879867,1.3880730922795443,-1.0459284745699402
1.0378984041953139,0.09753935021243716,-2.3427666649735475
1.2068496610116521,0.6007516045558169,-1.689854318591483
2.1151575635915325,0.4901128457366245,-0.8680222397843103
-2.6978353658368435,0.28335905180812765,1.721792206399675
-2.9786674193298155,1.9585207356251746,-0.4152364277305584
-0.914997532562384,-0.011875117715364506,1.4593534217617896
1.3781097842896253,-0.12103708776823253,0.05868561835791198
-0.9495614021209914,2.541381270923761,-0.6009624418303491
-2.816695777126855,0.27238885634471377,-1.1347571173106148
1.864655759519953,-0.689798621820388,-0.17750153496064708
-2.5114610925474268,0.7740715899299577,0.94704651087538
-0.15500643241526194,-2.018237449701689,-0.6209203614362155
-2.911319341957492,1.4532428398452513,0.6897813705513949
-0.7844981066294106,-0.8592289769451888,0.11677616056988735
-0.6597531798887495,0.2865176722560408,-0.5626770168924535
0.908326470399963,-5.209761723780708,-0.5793624847965722
-2.873410784228934,1.0484857433722043,-0.5249781359250356
-1.207450408688643,-0.34171033003515705,-2.7131363291957866
0.9940889228545557,-1.172845437086209,-0.6524902504352185
0.5509380480982978,-0.9472240007593167,-1.7824150769006897
-0.8411006951096723,0.09380767224947499,-0.20229666359666218
-0.7715570060779072,0.15280513444697372,2.5678397667406467
0.5260711669081539,0.6265245104250572,-2.5177834471227674
-0.06944322204294971,0.7658972749056291,0.827773212388773
1.5874455044315843,-2.4742599733110318,-2.148932556118285
12.198886379343229,4.093836721522219,3.0030679017301396
-1.2894562776740988,-1.771860349491921,1.8114632686312302
-1.5509155208527103,1.5948454963184664,-0.3451361245134586
-0.4294792296807372,1.1392874244379736,-1.043549401321141
-0.9127141778642841,-0.3230806626973178,2.1162521504142546
0.8631590581183053,-0.24757778339618725,1.00963881949592
0.745359775280488,-0.17014671099635661,0.46316332201346533
1.6486068203309912,-0.3581125454733004,-1.5598349305286026
-3.0647649093784746,2.747923045610641,1.3146384473567514
-0.07413100556781599,-0.9881780689877582,-1.1067845505122726
2.4148996250196375,-0.9176516473131264,0.47959622243041167
-1.0323067762219513,1.0612497434871704,0.02257737050554866
0.3342950502514452,-1.6817344152430875,2.421047416710242
-0.3908788213922811,1.135951302340116,-0.7877399977299752
1.4967199320133053,0.22525750523074248,-1.8364755187098036
1.8650079223411178,-2.9636172230098596,0.4078858463436058
-2.3547202756161227,-1.0815711630210074,1.7554889587372537
-1.458847045720138,-0.4226649678046734,1.728510620484003
-0.6878384944641857,0.280602132390038,1.114131736063794
2.0617093703138782,-2.3756188062775143,1.5376289642476166
-0.42095989404952217,-1.32043988838382,-0.8943421224284828
0.39933887924484485,1.1832080602344328,-2.142243397674569
-3.890389303216241,1.8936168990742361,-1.812894981709438
0.3993731624990085,-0.5665561831432915,0.38856312442437485
-0.4167315742171882,-0.13389725176144845,-0.34044903597338405
-0.47594208258798637,-0.20010977201637942,1.652413054065986
2.2332184773309853,-0.7381220656951709,-0.17265922414549376
0.720794773879589,-0.44467028953162246,-1.7439513688834698
-1.536501374379134,1.0133382394012436,0.9640204796515821
-1.2968348705249095,1.1368446086770223,-0.9458103292690342
0.4961240193713828,-2.1002271902767506,0.25122150803725335
1.3277843919174257,0.8105489599598763,-0.5345291267608463
-3.6942224506544976,-0.43031881284664797,2.6346566931531568
1.3632686460183743,0.085276470454049,-0.21832513427650324
2.511782467530584,0.9248677868373973,-0.6596058215246569
2.2037769425028397,-3.568872084507948,0.294858449629273
0.14049488484759592,1.581296990184958,-0.8021386206263755
0.10623210220261382,-1.8571480795650863,-0.9910961443886238
-0.808141772620754,0.3145459646795552,-1.1358847016540303
0.602494996372418,-1.1968572031407674,-4.499569678634633
1.8458049161474437,-0.5845179148705685,0.6678510448768451
-3.707123221299794,0.9857513370404141,0.13036729028448873
-3.631791706678939,0.08740640987847771,1.5077212124026418
1.0291011418622695,1.9196363261219782,-1.2732721006226548
1.9760116175231144,-0.6805351099757445,-0.5133648169489232
2.1293708469984893,-0.9803937692860293,0.6671405701857643
-3.4499778573346123,-4.858256955044157,1.5649162520452224
-3.4834670796720664,0.5670391088822091,1.0835387995322618
1.2911262861097186,-1.0092728748625457,-1.897000645681216
0.3129805578414154,-1.7678383243329914,-1.9866846956237196
-1.6281795953545575,-0.19871584487109772,-1.8806494458291245
2.411266440597716,-0.5998993155959106,-0.11951554628122701
-2.207686059561895,0.6534768655788874,2.173086165263843
-0.686709571585223,-1.618535678197346,-0.6369940947976407
1.3791709554129126,0.1301182832308946,-1.4235306136039076
-1.070088981442111,0.2982263013964227,1.2645822849979156
0.33196527790024444,0.8508276023813455,-2.3690628247834935
0.2220654576374622,0.8801713850429859,0.5983086969707153
1.7561593671813895,-3.2552974906555736,1.0519283679564477
-0.38181593519807,-0.35867008656034094,-1.2638633898785872
1.1636131844730286,0.8924871299881086,0.16992302695812816
1.2098102957592851,0.32088177779932486,-3.155726192912989
0.17561658812473188,-0.5438886713041525,-1.0015527715700698
-0.831139839828752,0.8165614502981746,-1.451038703524309
0.28616415178422294,-0.32345741737391126,1.703122030417374
0.6157685010052046,0.44300456099397456,0.51940872034965
-3.6610642566499854,0.9275941019432726,-0.46855209305891865
1.219673342507072,-0.5752021799563435,-0.41367555287431923
0.6320493237757948,0.42839004851631945,1.2734374549001164
1.825084691062003,-1.7983782476114964,-0.7257892906042471
1.2397791563116944,-0.7168522827318823,-0.9349101485086645
1.5136772670414012,-4.838272429408687,-0.11347475196671708
0.9231660548439493,-0.5671375605366613,0.7320110049018176
0.23188189339953638,1.2979272170040423,-1.3739053899933207
-1.4288727446347804,-0.06003272566901567,1.843886720693062
-0.4091927671225906,1.9952459957918367,-1.4267533963304901
12.587299247054117,4.212483289989056,3.0591801588079592
-0.11696092743611762,1.1759236865810294,-0.27554629383353957
-3.6479555260135377,0.37744145330104484,1.3403011259933912
-1.1594465144633743,1.2415081935574708,0.5500863121677914
2.062001498147644,-2.613355349068119,0.46846739155510975
0.7262570494697507,-1.220541391310318,1.8911099206644228
-1.6356500862229169,-0.24766160160263184,-0.0974557488513673
-0.18348023431837227,-0.34063274422108525,1.9592299950173775
1.4408545669006418,-2.2187201897541837,-0.10167889375858404
-0.23089179085678305,-2.270122583435114,-0.21290962209885167
-1.4979306446973082,0.2578911915836562,1.4753278737362354
-1.5875079330324,0.29768476151147777,0.7243539708133412
-0.005435311070954533,0.6541896011698191,-1.3596854440379982
-2.1759008251931045,0.7686058269689439,1.0635103026028383
0.8381821512761679,-1.7727694177547486,-2.8815227951444102
-0.17060227371809855,-0.3151736066448133,1.921933731586403
0.9849881032235924,-0.12831194450975397,2.131437777248182
2.022186064599868,0.6400695082416443,-0.8685510919190995
1.0087170893496957,-0.31313262183618285,-1.3819552627129652
-3.0680483206979785,1.4821633782218953,2.2016269693046184
0.7333340123596368,1.7399252892612151,-0.10541415906716228
0.948604753820933,-2.8425894135820613,-3.3364822949453745
1.0480386709033416,0.6305539172683222,-1.5238071284747248
0.2300637639496841,0.05622093318171331,2.5393473417691563
-1.95063445642602,0.09175687933185987,1.2055902428199237
-0.2736429728795314,-0.3142022239929739,1.4024581038043067
0.8449164348104896,-1.3945211163159354,0.2767274409962545
2.728984210646396,-1.074965936548811,-1.3743729816282173
-0.2986349866366302,1.6924277396696228,0.36427457590500967
-1.792771773806851,1.9074704655029997,0.6907279097183238
-0.10215116142195206,1.522798936965902,-0.5301008870452247
-0.3993259095711883,1.4911814899518876,-0.5488334606943205
-2.69172011874252,0.5308179901194149,0.253043891220315
-1.5585212965225228,-0.5430269414342005,-0.1610220085697503
0.9680485317941395,-0.15408315323095953,-1.8660638542803707
-4.6075092316017905,-3.675541425433171,1.5299271543352624
-0.07872680094311664,-0.2551879491155548,-2.0769545197405024
0.49497225069266626,0.16697811166268908,-0.37374232495951587
-1.8071102689060332,0.4508319439252347,1.417593624327956
13.185337029307243,4.437775985840137,3.204912429581272
-0.9418395736828992,0.9789063737996454,-0.7746431048128797
1.9527802150663034,-0.7783070380374905,0.8638264334049042
-1.5453873276260452,0.5110398669689077,0.8637043869898698
0.7229073486850791,0.7090876546262695,1.3039094378607334
2.01792352419881,-0.871759577888387,0.029739347832443155
-0.1098818331185297,-0.6857215691093064,-0.9630589739838509
1.0500132706100773,-0.29246202783663044,-0.6960519013889861
1.014558569008197,-0.8371459673604288,-1.0991834880321827
-0.8248647213446912,0.0930455705468387,1.2652722499307285
3.7774101723594735,1.2699262483926124,-1.0488764654726155
1.7867220471214798,-0.6761796082601697,-0.3989542004666672
1.104864964079671,-1.255621111160238,-0.652021137761563
0.27383951335697204,0.15105711184784748,-2.460421919778511
-0.6530861172148957,1.117422980185428,-1.6741009184612201
0.5595903035088474,1.5948689153452484,-0.09230370788930464
-5.306953054350139,-2.975289571495981,0.3757905594928455
-3.1735502904860824,2.273288862107793,0.9037604711006826
-2.4493164348032264,0.5905632786292497,0.5318321343299954
0.1920671956512023,-0.8786069117267574,2.1677065494406484
-1.4054639606955106,2.327233876912388,-1.4375963299226584
1.158965385283616,0.8989854261926715,1.2794248904955954
12.602535809982985,4.2568104563770435,3.1026215485757827
-0.8497599096783539,-1.3119001220769508,0.04216456987555813
13.64646754198949,4.535760909031547,3.2530448805135945
1.3961979674432865,-2.9293888462016517,1.1058590216886788
-1.1345620841883532,-0.9115569443913948,-0.6579254176399111
1.3988971815013163,0.7387548393726534,-0.9126981034945043
-1.5690304073381587,1.6010995096043785,-1.785191138101846
-1.645555540581026,0.7703636070909589,0.39855448731473525
-1.6734504213305053,1.9175362787878718,-1.5330987049825684
-0.3113133844927438,-0.5645943169692662,-0.3557240123045349
1.8808325082393131,-2.544666142970644,0.570520131394935
1.9672779122143236,0.9721208922666258,-1.1331616347549562
-2.530134002739524,0.5968336765317364,-1.433177933312297
-0.9249716241390336,1.0213514736686833,1.4460507445216517
-0.8219061686094928,0.9517514794725308,1.2653593999159884
-0.3766321441806972,1.8838985611609935,0.4085819464436623
0.7415067844676245,-4.981856081242165,-0.8708061431409849
-1.6518457682970664,0.4820536928008057,1.9931047154116484
-0.34760937809872533,-0.5625817730574099,-2.6947908102984846
-1.6164648017923546,0.2777240628064712,0.7627344347573269
-4.604212199839203,-3.6367702961560098,1.1115115796631139
-0.911887350194346,0.5297030308222174,2.3727179101183378
0.04461318259144161,1.1859775941775719,-0.46227612104087024
1.9022378479099555,-0.3809976437357942,-0.9925064525030067
2.805526832347229,0.61945119744826,-0.25340184836881763
2.2842688932190116,-0.8077738906737945,-0.4272306298535963
0.8810808968422412,1.0097160263917302,-1.4103441734994382
-0.8782847331275189,-0.11227005611382292,1.8928326088488656
2.3726845411305293,0.06184064932609306,-0.1778928973456577
0.9016223865538748,0.2801524985380566,-0.905185703379946
0.9326175805699837,0.6882864687821064,-2.530793519964721
0.36831959995916763,-0.20938359566282838,-1.1819786547738353
-0.08505691791212161,1.1980686987070257,-0.36573563561318173
-3.4535838346424312,0.43453574138507856,2.3677731323250235
0.5253627789143336,1.5424980924407823,-0.5892233417530656
1.512219251586544,-2.1766293393583362,-0.4197351920499017
0.7262257374879169,0.4659098736029148,-1.416005393273408
-0.023935070524590762,2.4914152783279153,-1.4657496095038791
1.7403486045313785,-0.11826568259715024,-0.8260171568002228
1.1576697306618624,-0.4376070224570287,0.5298985035131268
1.9413697048489222,-2.0740137343026395,1.6896090028838389
12.784356621832096,4.274927907000169,3.0997536311479954
1.500636575186744,-1.5103662377868496,1.6594093856543417
-1.8321485339082089,0.21519768644920037,1.548692256977535
-0.3566837518495732,-0.7304059523275468,-0.022037480785588183
0.27449721834432905,-0.8788667549097011,2.2795865535439455
-1.4910395362635307,0.36750054774288665,1.0615069012665461
0.7154591084529542,1.0562117761883902,-1.2812007273475838
2.287805476982535,1.1252298254754145,-0.16504314463559464
-0.24593638455102068,0.9073481762631649,-1.827496119370095
-2.3518455327073293,1.6342157237877193,1.7798338033749455
-2.452771066346668,0.47199295547921677,1.2458696962206592
-1.846910451490293,0.7303493995266463,0.8536402995140736
1.4953331948232085,-0.6530408977423621,-1.2093958874836421
-1.036170216813605,0.34660453596112556,0.8905979906642654
0.7023837116168452,-3.2324716041143327,-1.4476485079171089
-0.7184350294969203,-2.1457022024033248,0.40636434386240616
-2.328873931158583,0.6132249449832627,-0.989851948107223
0.5190554927069764,-1.3202459047507349,-0.4692226496723592
-0.0431454255031851,1.026525896233476,-0.34428657931044204
-3.156100540907372,1.4163337598587795,-0.8632716307669106
-2.4176691222186335,3.312189071222403,-0.3509505788854324
-1.087382078402108,0.1668778798263485,-1.0660440407963137
-4.153587931816303,0.4511383937400828,1.2328154033710672
-0.04272109306981317,-0.1877439598100488,1.0490885582467548
-0.16884652963711944,-0.4702212091201591,1.9852545792934422
-1.2530625759393907,2.82075556495411,-0.11423477879251695
-1.8643020786105597,-0.8190391634953987,0.75109725296721
-1.4990062945078544,1.1740925140039615,1.506078294972547
1.4444713903184436,-2.3551042825081248,-1.0889541990432243
-1.76146385742205,2.142399608535581,1.3462713464965175
-3.479904224490438,1.0113104717239854,3.378678809057979
-2.568747380683007,1.216298910580236,2.055054924956348
-2.3495170293800998,1.2371861197843148,1.0318547577442319
1.359154403076548,0.9662103349835138,-0.44157809506350326
-3.337683927133629,1.3811122428461307,-0.8931847269953428
-2.3088211179055453,1.1893243105614564,1.0732694714520339
0.5217820869536928,-1.4146029293224498,2.512200053943702
-1.6246980424914936,0.5680253156806003,0.485011891635891
-2.5640337011734027,0.9069885055628504,0.4501362443066634
1.0314605645031503,-1.1049360799062087,1.5456098535436804
-1.66373864790438,1.8268791970288378,-2.3156746736022105
1.8817755604738173,0.6258922995316027,-0.27847564809393455
-0.1448759039381797,-0.6250539544216631,-0.654220082148138
0.9860031868678782,-0.7739745272653242,-1.8040041590205638
-0.8018211028330836,0.6600937101815343,-1.735315595828039
1.7919197529412625,-3.0959602470904524,0.6273151383436765
-2.900280474976718,0.5816886893339519,-0.1717998811631481
-3.801991996500648,-4.6080070721268775,2.775225734267662
0.2594362408006952,-0.19239935982633663,0.44811123524513063
-1.927133689286019,1.0608722091526306,-0.48642926519299734
-1.1574778785555964,1.457351804006169,1.6510530646567056
1.6653266510536295,0.7145610245512226,0.11923520929298843
0.44401246326156135,0.5022579710306642,1.7407498498885956
1.4021375932640328,-1.1008664036784643,-0.33618339083329435
-1.685710641936206,-2.6237152109499835,0.32188785893615507
-0.22189447892514447,0.739121544308181,-2.5368879804829247
-1.1686326600085404,0.9932096394706266,-0.4065686025657377
1.8412308158412638,-1.697452420444825,-0.11794522400540756
1.7465587905956896,-0.02354233814692833,-0.13425752466897845
-0.8026406953677185,1.4404672269748047,-1.8949728205711
-1.9780598390882953,1.0787871714015085,0.8817530759509205
0.9519958769208245,-1.792166218100119,-0.9391881682170901
1.0433513184664853,-0.20087804547577098,0.27687801866609457
1.892303618200338,0.1619875983917003,-1.8462260472290626
-0.4872790035845757,0.5215719625885492,1.3911295801567767
-2.2224457969283122,2.24177166768096,-0.6125378985303374
-0.7531975562894508,2.2450475528156826,-0.13498613957381325
0.7719419637517511,1.5056741504261328,-1.8930619002778286
2.5333291936498985,-0.2594270549664491,-0.3726191783433717
12.495204472337132,4.245502294781522,3.094945571261473
1.340020280664684,0.12128466534462402,-3.931128677392607
-2.019091899732365,0.7527915122023109,1.6361354623449824
0.7697626061040724,-5.1365059878903345,-1.4243804471581274
1.1909111935704566,-0.521241538971275,-2.259508570962476
1.3686863933657103,0.9927724170865613,-0.6965877265009086
-1.1980873619505288,1.1310953648207172,-0.3520646918543712
-1.5927074958480056,1.646947237841435,1.4222857863411151
1.2660887726193553,-0.15929566821654656,-0.9902547111806876
-0.9060385537682369,0.13872944193670703,1.5178538832344621
-0.31035100382096314,0.10411548421111919,1.279849809740532
1.3985135615076223,-3.1803065776820065,0.003387769173882355
-1.0501843083771487,0.7748420552865365,1.0226982717404949
2.1159516492077657,0.6540814642409161,0.09201236742187234
-3.859815261406772,-2.0671058557219752,2.647185766155466
-0.8169215355986466,-0.07160273271789172,2.5862267242976786
0.82539658260896,-0.05018724048190765,-0.5696126813668008
-1.9263002344366342,1.6451232871960983,2.0612874919351647
-2.5857393497210226,-1.4754915291826705,0.4384381242843832
1.3544581449399076,-3.0591930963197522,-2.6850561484671065
0.5307792631064235,-1.2727393948697456,-0.4209563402198446
-3.643862990914126,1.0167204745495309,-1.5831671096918976
-0.5901069053073223,-1.3122676867666392,3.394778774809787
0.1400046537439303,0.8901231856584988,-1.8869681231204958
-1.9740989106852744,-1.4724294269591605,1.991846588309563
-0.26856705677118337,0.10344430065106101,-0.8180614813624181
1.3041742838846537,-1.8045077720203275,-0.5030053300609509
-0.3195610084147094,-1.5950920999320741,0.35534348437245894
-2.510914856965604,0.794837664986572,0.4205402692653688
-2.26377614470178,0.25562049526845687,1.4488041235897877
-0.25992412519354907,1.8488768683158185,0.266427669714987
-0.7584469778651577,2.579373944816077,-1.898143892061144
11.429173649589778,3.7924240546205024,2.815470164865346
-2.1802272152851874,1.281881981042632,-0.24249614202460765
0.3128446819787133,0.4514747031431414,-1.3558657327387746
-0.28077306694307974,-0.25830186914145986,-2.071343732533363
-3.1362742115969366,-1.2750247492925733,-1.6811626752797957
-0.3431316269540867,-1.2862205078256796,0.38989017677254645
0.45238259872183745,-1.7104646629047813,1.722143275685782
-3.082006695020516,-1.2281231758286262,1.4911281408795007
-2.7722918855372343,-3.563971807681758,-0.3592024549073553
-0.06979875894095834,2.5637610960300683,-1.3390937942726742
-2.8611838836502304,0.1502256431974566,1.799686720773201
0.23253651810846865,-2.1763748705858146,-2.251289032382322
-1.4449274661697633,2.8880026095810485,-0.48791272321378165
-2.887787285495319,0.556709658467097,0.9949410146924772
0.7104880375992945,1.5275819732117881,-0.047212748758914576
1.3049805829588261,1.7427275212518007,-0.9495550061105293
-0.08280979051149558,0.7480660681293141,-0.35468688660169134
-0.9007216386024074,-1.5109196629271753,-2.0519399229944026
3.847099285898625,-0.6041506523136196,-0.3893405816624486
-1.1225209038573263,0.2056561118586247,0.9442262869521117
-1.2471679145748176,1.9389745047527256,0.633169355771636
-1.3846269209862456,2.6695265241455193,0.4428481626832082
1.996928353294705,-1.2885769358364223,0.026103582160163417
-0.6018501017194743,2.4370563306977764,-0.9038420735064873
-2.960645239661575,1.2930647734832168,3.1414004741959354
-0.5330661638505592,1.2326155351719672,-0.858722153864625
-3.6453682349751797,-0.8884178181504125,2.538831944328303
-3.6114719168070826,2.2629215210663287,-0.178640059337256
1.574864916955465,-1.1808994336845222,0.6758423667544959
2.3203931135261766,-0.18451080995206942,-0.5238734788312114
-0.03459041449158971,0.8257816202260584,-0.2463024767401807
-0.11090011179925982,1.276749103162893,-2.504068227857845
-0.19385564559448243,-0.8749006531567459,-2.4875890022708194
1.271277627796219,-1.663393134833473,-0.3262919554997497
1.5356815231157703,-1.4013936828636997,1.2411995961693527
0.5755007895787511,1.38927412030868,-1.6176164945278573
-1.5264533224440702,0.11764129642164406,1.6642381733835183
2.5385950872026855,-0.4124821799875811,-0.5996737930410048
-0.16500536396773152,0.1815431491407657,-1.4206425757877648
0.7352120052834703,-1.7721669149361,0.3426152609828836
0.0698927502190976,0.7819449938191737,-1.610728754605479
-5.254400022775329,0.6405033210059461,0.7904748437651732
-3.1538678717889543,1.6267636358671835,0.07781704782440195
2.2481602979841653,-0.5066387954521266,-2.0964791095858417
0.754301090675504,-0.20743059156278093,2.159077906688374
0.11513802173093914,0.8668565010203816,1.9813495517741326
-0.2200325311799254,0.8467658783998189,0.3848888373129899
0.5477906426939001,2.3958677746543455,0.8153119670805286
1.9005738139830544,-2.086630496603563,-0.28950511042700405
-0.2603774965551509,-1.5454508320512066,-0.36876857809980235
-0.42723569004224726,1.0154794504664924,-0.42582945162912444
0.6940542178851051,-1.4008133492643695,1.7157046955171344
-3.343530408619365,2.2221897304806397,0.9553323478114052
1.2805898300935892,0.23704582925478182,-0.8576566375499649
-0.8219061686094928,0.9517514794725308,1.2653593999159884
-1.2607335646047293,1.5352052470305342,-0.8580928704963545
-1.6932945042278669,-0.982297959081297,0.8767491447609901
-1.5088027077673256,1.9421091306485432,-0.5696292136430274
-0.23842664363216645,1.9240577418357658,-1.1088649336499672
1.1279371984375752,-3.1907124899143393,-0.6138412245041988
1.6575384836327387,-0.140696458343716,0.019815135588067675
-2.390557738976397,-0.018475997811438796,1.5007808396825224
-2.612421882568577,0.8298475511601199,0.6623313423203492
1.476091816766145,-1.0310295634820033,-1.261216769160669
-0.9379378123762941,0.4993437761798487,0.9815556547139763
0.5644939889128918,-0.4202419432035648,1.8202350156317575
1.4054624768510187,-1.7289678398218988,-0.7276980168742401
-1.4153727307370951,0.11213119053142792,1.6876979649388657
1.5754753642963115,-1.3928372955629849,-0.6864852623945618
-0.04589369300276156,-2.381116360260398,-0.2013815758491008
1.5794223287536393,-0.9687171225136543,-1.0097098552271189
2.1928520008372168,0.8981470490795993,0.5339782500859993
0.409253312904033,-0.30270278525174354,-1.8379387655230777
0.7087234760984809,-1.9799274823097521,-0.4483308114098858
0.9331589109351108,0.003308800173092285,-0.36230241589891243
-0.11927118405339926,-1.4339167848973315,-2.275976959844716
-0.4160094463746924,-0.43031747663278064,-1.9621013584936253
-2.04316361327098,1.1930166420072374,-0.39260992741463047
2.1177436898131514,-0.09728930484287132,-1.102019736825661
-1.187688330405447,-0.2983159963723962,-0.8064891673673307
0.04247595027216449,-0.7015005498216673,2.2457010630358107
-1.2621609360184438,1.77927360853397,0.7849775134463983
-1.6908948481402133,-1.6150264976862327,-1.6147820482165505
1.134551667436287,-3.6761401936722335,-0.8658055413241975
-1.8106985751620732,0.0015805490754053696,1.0889484785757906
-2.751038986983097,1.6301324381218787,-1.5612807287552786
0.8410585955193829,-1.9870807232380276,0.15656324620181936
1.8971561573848428,0.8317360031638686,-1.556354564024251
1.4274564074239604,0.39709051119562616,-3.057900534227769
1.2080183918360976,-0.8169672222110428,-1.7185733065699575
1.8712210311362356,-0.38056041119312506,-1.0828521105681475
3.233557393378749,-0.8514171233790708,-0.9081649137713836
0.7690526263268344,-3.07428946564975,-1.4232231721703426
-1.6634133221383005,2.5878575745146644,0.051581480762992085
-1.7947872206462072,-0.05914446678966606,1.827358744938179
-0.45539146978145156,1.4533116976219673,1.2535237473294931
0.8125012788401634,0.6614628504997921,-0.9309405317041548
1.7931790403894232,-0.17789560286289238,-0.723686232364595
0.6971354901688502,-1.9401112727676642,-1.535436250199008
1.0941143776465398,0.48517747109080994,-0.561038222955234
-2.2832816574814374,-1.4395305658149675,0.01782127850388077
-0.8883473120927711,0.6928904631004075,1.2324454361158939
-1.3846524508282283,0.32508161790232987,0.6384416573359308
-1.789875586869666,0.9811418497000058,-1.295626156400417
1.4912501997696552,-3.261575251209323,0.7484387720801795
-2.0953636849897888,1.3534144631746972,0.850856650593924
1.1968934362658268,0.404033898062103,-0.8489428965959455
-0.6400619958054279,-0.757198286959828,3.0422951642294205
-1.6081305870070262,0.38165472179958515,1.32060265942559
-5.483938475414805,-4.398901405218611,0.37712320371450386
-1.5187722067633171,1.1182615646257017,0.5595128500288911
2.2576243050995393,-0.5714078263316427,-1.1555522420932205
1.3566498221653542,1.7086152895924775,-0.9042818004908748
-3.506641267416977,2.6155692698146757,2.0799209200168396
1.4990759875841446,-0.23158178549991462,1.0178919697939335
2.228763236453876,-1.8108724078701621,0.3114192003965482
1.1380184899227153,-2.388665298070588,-0.8847989779534986
-0.9470632729437591,0.1172512320158407,-1.8756624150890415
1.2107393343563697,-0.7470722605101558,-2.4560297454671027
0.43708781148584863,1.428041423163244,-0.16695696646374777
-0.4992743228248769,-0.5341331503637531,0.6353463506482275
2.08590133934146,-0.8707434126933215,0.11581425164185224
2.424672040401819,-2.066267063930796,0.24230147651890246
1.6744222165589897,0.6020657677026937,-0.8113880276052469
1.6428359213544836,-2.5676373823799286,-1.4972004384525017
0.6162102396689325,-0.2104488534910219,-1.0169648472835024
1.4930387951943438,0.24246940945409742,-0.25584651597698455
-2.6112446749667058,3.053553913924066,0.3570994353527548
2.5146428139005437,-0.5088565871474682,-0.6168192456309098
0.18964706010215351,1.6717433180964985,-0.7902899404007285
-1.9664704961893613,-2.154340791829147,0.6018875468878754
0.9010317358850579,0.7819931353889374,-3.0730542112449197
-0.7573601762774235,1.299319915308283,-0.36457814159888746
2.117243953193002,-1.7435012397463159,-0.9992103980450401
-2.3431486080859703,2.6975538508223935,-1.003559143772012
-0.44854681110053846,0.354483228296979,0.05681839385060314
-1.3118395794702047,0.4582256788815665,1.830803284124084
-1.9722954592246347,1.3369382637311038,3.118033976008348
-0.19194434925186807,-2.158540213872993,-0.6833765056072844
-2.900777462057788,1.3557275386639385,0.7271258059412535
1.2074854693400445,1.0236458729121303,-1.1864710347072582
0.49649055689293276,-0.1306266826565455,-0.1625179764750234
-1.841044994401205,2.750240275412947,0.34804761811110163
1.765058506028025,0.06495977086889529,-2.035458890956398
0.883878550451761,1.397170508077719,-0.6706592319979763
1.6751285470605644,-0.22154136234892582,0.3306603420240047
2.282397231105598,0.40509330478934413,-1.8511316517980656
-1.0923431342599985,0.617704740636909,0.8499375992228395
-0.6555829679698264,1.0838093581272517,0.1927329583123929
2.756890580104759,-0.701775970933382,0.4342109708481064
1.2846481012664086,-0.3591473242837727,-0.08720484114008308
1.2555177746390034,0.0801641584030764,-0.3353569210680834
-0.33824810787629395,0.40190229589569076,2.3150703722021926
0.8976926086036092,-4.49090878117083,-0.8945193839012645
-0.10743111029100977,-0.07839319574940538,2.100294391246582
0.1593095651788767,0.5177364039377365,-0.032714052239998695
1.3661760706006352,-1.654058648477531,0.3083017587977997
1.7295295929154413,-1.3774127757853756,0.09418906100756876
1.3657888008948278,-1.1042767635888493,-2.451987117329322
-0.7086218082946397,-0.19511701678911544,2.210030621344968
-1.3113185932627953,-0.056804473908297716,0.920458968523076
0.35536534637444633,1.042465243572919,-1.145426132028642
-1.3234240695186474,0.14387296992082846,1.2373108249464002
0.5644983383261977,-3.6773569387131237,-0.5128011873328495
1.566852962851218,0.22660252353866983,-0.3446366507288787
2.023865918880574,-2.837378087532801,0.30145201734292715
-2.5236517115735926,1.1150503607250488,-0.5857907145005744
-1.4533509234733428,2.322035112729919,-1.163219248534029
-1.7076390592956232,2.612631680052642,0.9586560931963518
-0.827650700835708,0.5186775673931758,1.4349813357100512
0.6376556686471714,-1.5761811621495523,-1.152695181804479
0.8285361163804207,-1.1490224447758988,1.7588310970923073
0.8746816025994023,-0.18672383314954463,-0.42173176628325976
1.4741065478295043,-1.932884999524269,1.5882873398636925
-0.9421829643860326,1.6339400820766488,-0.6162565758963068
0.7795630320615852,0.7882464404602131,-2.3708831148118383
0.3566643797526734,-0.3055310396564817,1.8119611494199936
1.1352022956983578,0.516722249218739,1.6641156510202486
0.6762384895761712,-1.5158904090591399,-1.4300425521547295
-0.5990512602375275,-0.2646505776596245,1.9983341271205304
-1.3471775466467655,1.5065278113646445,-2.008706235966935
1.5038949584782706,-0.2266747278940687,-0.5411803977326192
1.9357053358362755,0.18245308375405753,-0.5757277950016558
-1.430197920418076,-0.11949935454944302,1.9808037893978
0.6620709561520879,0.16385309818455152,-1.0542244886749528
0.7384704399866442,1.457753867510688,1.184747081508816
-1.6374326138169004,1.6189024908612366,0.6683599434825674
-0.9733680873374435,1.3583118863512433,-0.3732382898225127
-0.07073273800701238,0.2118792436162958,1.0464031997043848
-1.8674839554209954,1.237551549896063,2.005543608468438
-2.257386837267391,0.8575899699509675,0.7750230340581146
0.020923013282465826,0.7226832172951297,-0.7120218760141195
1.2084116482063578,-0.5123628087537128,-0.7105102502050858
0.6009973035650736,0.6381781605920676,-1.9234642956971717
0.6009151042396483,-0.729642986204694,-0.22028411889710528
1.7120810953027068,-1.494070899366859,1.5150802866203052
0.01812706577530471,0.5658622469429909,-0.47063778860336203
2.189043074027421,0.24407811173963972,-1.694753423890157
-1.2600925319365508,0.30829370035971393,0.5410834529576779
1.8270464481516562,-0.4512867999386965,0.26186506800412535
-1.7826393417092194,0.49957951850979265,1.6110247586727944
0.15358185581626846,2.423282535285549,-0.3455352239108875
1.359112865514455,-0.4509375392014267,-0.8705607018964626
-0.2804766930687237,1.0302583908864167,0.25036475635551775
-1.7811010312003288,1.877451639622183,1.337912383714123
-1.2734770367633996,1.7495288880457116,-0.33873860451435356
-0.19641754675013917,0.6965164573245242,-0.2145588357747353
-0.9097788762379031,-0.5256863490341092,2.11585285306871
0.5631767803004821,-1.1817009104936185,0.24760553897361426
1.9740196480672805,-1.0988179008693428,1.0934329877254905
1.9816062882860561,0.23091958498415358,-1.1008023477279454
1.2123677015434642,-3.3377434572292253,-2.0431446116256677
-1.9580847392817138,2.2134182110266263,0.7576490756974115
-1.0945248180828555,1.299611273107408,1.6025657751682645
-1.5863345048954811,0.5157598447733031,0.43171782445620316
-0.1425742558633603,-0.28787311807507465,0.9305087492607578
2.787382844179152,-0.08662571988678304,0.15804665669500476
0.10004989845103857,-0.594293817401429,0.1910684853508027
0.8918557866439509,-3.7462106783853213,0.04102326495226274
0.5619482975466222,0.7227768504615166,-1.09932604199037
2.3348697512116248,-0.77539635900534,-0.5777421619664542
0.20455643674838916,-0.2704411105948669,-3.206804116503777
-1.1411160066756108,0.7389255272221333,0.6264799625474722
1.2576950049151843,-1.9701876750321736,1.2250981450424636
-1.2257274653010704,-0.12068715418691424,-1.8983964311904862
1.059197494616441,-1.1364583574833913,-0.35178462501034463
0.900241077467384,0.9711768704605,0.27472491224641443
-3.2556208101085646,-1.7688491282611913,3.3207288918552806
0.6384060542562892,-3.1450609463688037,0.061209492968446015
-3.1106610766276583,2.1276922165669485,-1.3980128194203987
1.529736839219594,0.2668198276689808,-1.2630644380196525
1.5689833288152062,-0.1436313641322843,-0.1277110350514895
0.648567123497966,-1.9623720442550314,1.2261941971894794
-1.4825064708378208,0.5635188634288867,-2.355119628504692
-0.9048821421424594,-2.4214017580928573,1.817581699146884
1.2157791569044316,1.4972645983162296,-1.4093950547218277
-3.6751931895032985,1.0964861000565855,1.3642573545779904
-2.438914107721936,-3.207186442442143,-2.340502146787003
1.97793840225251,-2.7957086059348106,1.4006852509437955
-1.6550595692835326,-0.5307312570823738,-0.08629274348226788
0.8914879817483439,-1.6764373643694366,1.626710116559514
-0.6578505132381086,0.35788703518350196,1.2899575354491537
-0.15109658867447,-3.039003719088502,2.392925802102503
1.4034687331552067,-0.14006056256555222,0.05015658590840836
1.0740905285751328,1.081796837620612,-1.6126073051101553
2.62187487126687,-2.574473821070305,0.6943139196109893
-1.642041606999293,2.864421828963718,-1.112694961314842
2.11842044974034,-1.2576552892267436,0.21962988315539952
1.581512616637857,-0.11917580231306978,-0.30187996903993725
2.339498927606147,-3.39508507328553,1.0308135864054435
0.8556947332501801,-0.8367000811456847,0.8425021459357642
-3.6406816985067705,1.155544846003426,1.6754785366236504
2.2305525749367425,0.6378463063054431,-0.8802157547896985
-0.9292226398210253,1.0154970530995422,-0.4458015741600814
0.2792884990162569,-2.6173739143857335,-1.5292543329004353
-1.376009053643263,2.153498797780473,-1.0330054909348132
0.47077826406013235,0.5124463740269728,-0.6290533174968284
2.0599959389285343,-1.7817361514664518,-0.07766190575298809
-1.612595692241007,1.8026897392001417,0.9236560546878589
0.15966773699882988,-0.03778091951566246,1.7912498555003826
-0.48619196137315557,0.5057583632478888,0.5956709102478153
2.5054180179043963,-0.7773946887068965,0.008280395942178718
-0.20278139233975004,1.3098785045232908,0.7738321384050626
-0.5012719755316396,2.309109431300615,-1.763417239574415
-0.32619372647912265,0.9864599316339075,-1.2768314725083691
-1.7992646222120274,0.6156278789400902,1.076575915977071
1.749058612229804,-0.23467441734273947,-0.5118340468731829
-0.8232846196069005,1.161257737198352,-2.059647296726277
1.1968934362658268,0.404033898062103,-0.8489428965959455
1.0581752460317084,1.5199266252618981,0.1202621928629681
1.4514215767058483,0.0024148326883905867,1.2027904330459176
-0.6334996330368112,-1.6194002637532612,3.2483104277447534
1.071697118039436,0.7567511388331121,-1.584118775092192
0.1530308072158294,0.22011176974157545,-0.07104745259289495
0.7298604121622643,-0.5577886149578255,-0.5437447337244811
-1.6225770497359742,0.04521874990129163,1.2719812920707039
-0.17126761545832458,-0.739667423169551,-3.1289820108943225
-1.2116021136857427,0.09990301465561058,-1.7710977300573363
-2.2765280302670936,2.9228499229892333,1.27014250168395
-1.2092115812549271,1.392660624637074,-1.5790212616846893
-0.19148018955717533,-0.5903254152272083,1.3961213179314271
0.7114394312168324,1.3226663408435844,-1.5709808714695905
1.0298295141124554,-0.7427633677397718,-0.2916522373786641
-2.983320981873219,1.135948447874778,0.42790599966172055
-5.467139313119945,0.8073161620687992,0.06148748969788675
-1.2898275344414505,0.4418801455128161,1.2518962899902841
1.043644794939149,-0.23473974755214355,0.3869496150552586
1.1931781759604583,-0.2288753419335056,-1.3918980336000744
1.533990732798087,0.5094530325392511,-1.313770539442318
-1.0975151648689396,0.30649974679854136,2.2496713638655104
1.3687967484500758,-2.435794165371435,0.03547489830363462
-0.3143359555135814,-0.7296044596592268,0.7571254588448062
12.014604292366563,4.0893040421091476,3.0062167529787414
2.1105069262991405,-2.748480845126614,0.4296476980071087
2.859110813517663,-0.21989508269877417,0.818393457121303
2.123500205093807,-0.6909001565493738,-1.8796236256568062
0.45460039729082213,0.06657336251624875,1.695641244660521
0.7106700605639312,-3.1594357026097195,-0.003948295976883584
-2.2432755872116483,1.865484239280784,-1.6020461197062916
-0.7871701413192254,1.1690952979042704,1.505445770207116
-0.353845416069283,0.7562404464751448,0.3851173904995766
0.08537252894218994,1.7001906311421018,-1.4861926445011802
-0.9338648990844904,1.8231732763749713,-1.155551402131849
0.852196257473077,1.1298623032547033,-1.703749725267415
0.2851703552193597,-0.45859885910753123,0.36021618315979675
-3.3570517578579566,-3.121293900068031,4.318843356459436
1.531402920808623,-0.7714727416353094,-0.1347368421421637
-0.0824384768714115,1.0099188176486606,-2.0111622318380635
1.612600740134794,-0.23431594361241123,0.0036459929536904988
-1.595478924829523,0.6152397778111623,0.5676501202408039
-1.1046669545078345,0.9285287707268131,-2.6915527275744364
-2.2395763077810473,-0.4246386135291893,2.164807056412913
-0.8774541817301416,1.4523306538820753,-1.6717621756660297
-1.1067437694881899,-0.0018280721636714532,-0.7166153219106987
0.12183430524820604,2.253973426890594,-1.280658755296428
-0.27999647865407407,1.2638407690533437,1.0595336731002398
-1.87839706128317,1.9838541901616231,-0.18832538509794539
-1.1575657954376106,0.2886894713496277,0.9455188611257958
1.0108357924657128,-0.30654508257046414,-0.5173891849521737
-2.6576009876635327,-1.2069544993525372,0.7342482105129824
-0.6528488461267646,-1.8600514398668124,-1.778125502670798
0.36235424500981644,-1.0143401421289897,2.5493188879193815
-0.4282719770588283,1.2635506113625745,-2.229744877208424
-0.19992885031329283,0.9258539620727747,-1.0630989330794713
0.9136675670440949,-0.629663304726813,-2.308696220498602
0.05664980665363506,-0.36433797822694397,-0.10738674862940988
1.6212410793179448,-0.9423660545198613,-0.6307623748716037
-1.4844187354562386,-0.19518685753088216,2.004999242629848
0.7864036244358851,-3.3845200355873617,-2.702731871796102
0.8905711430097268,0.08327289357944337,-1.3518784411004054
-2.107033461379974,0.9882140903422304,1.0584053321843028
-0.29358724036515843,1.6003193435718406,1.0709231067031675
-5.197338720026862,0.03132111130640721,2.5948676698927877
0.7673312771794699,-0.16926058905912106,1.8183426207861944
1.1869263406834787,0.5793827759590033,-0.10451544717052727
-1.2910082106879834,0.23582311797434216,1.0218578004734513
1.6632023495646884,0.23945191087139012,-0.26638839645889967
-0.1162124663566195,-0.5522683356172904,-1.1074570422689363
2.0643842328739606,-0.1519766520015696,-0.1344664652468287
-1.7500319064717447,1.4344244310376904,0.02351163652223136
1.194240609735448,1.9688253186627083,-0.23366450172543085
1.6436161103809754,0.7689687110913351,-0.47932539543476066
13.72150173045453,4.551306344733455,3.26495402676163
2.2846355952752133,-0.37489605044727686,-0.19129691456258435
2.5087250848370215,-1.2610915042261768,-0.023567242530276988
1.5917489066454238,0.6278331721224475,-1.7891264396196047
0.17125816132596539,-2.5008283288364392,-2.8860630247352153
-0.6306292731987875,1.503737120365177,-0.26829278337633916
0.7037085671700674,-1.7619071243980586,-0.9305341433227753
-1.6044951391444064,1.6263798919769503,-1.9970289983081542
-1.853513634599266,0.23045564401914007,2.1274554752812502
1.166730053826869,-1.5545886724712794,1.7782978001319252
1.0440052245983087,-1.7904872209717746,1.4403845238980737
-0.6141447541125464,0.8441915029587973,0.20457950050914242
2.1135009737785104,-0.32655843182356653,-1.1760091861864863
-1.5728649135233528,0.4792869607958015,0.8429419570174248
-0.4362770803383324,2.4891640133742965,-0.9980975595222763
0.020891548411308192,1.0338330718843194,-2.244634654204172
-0.6141139231027317,0.9623224053159447,1.270240805156076
-0.5065909336296797,-0.4145712979966988,-2.1844641015757498
0.6391642266772161,-2.8586270807015706,-1.5403664244369615
0.857210742743597,0.12861069424870988,0.23577868254678552
2.232478150609792,0.10629595791839964,-1.8391109453260508
0.5724121513602635,0.8977246070629281,0.2988917926212644
-0.44946300027513714,-0.2734982650602031,-0.5416035972823996
0.5588623799198418,0.9294009944242108,0.09842948706548828
0.8066008739592985,-0.8581008399315805,-0.07296462366973964
-1.622167789769644,-1.3576182771526037,-1.4869498391411113
1.9958549825169563,-1.2402377257033952,-1.990751611353429
-4.810922026032891,0.9881777077567439,-0.8124972660344438
-3.5410210062003498,-0.1504333227239743,2.6073892177800393
-2.081601883996765,-0.3393081454878999,2.2959211061507334
0.4396337553654711,-0.8170805299982653,0.6774231593876272
-5.505810483878089,-3.876387339128711,0.10337192820633664
1.4821363100165839,0.5816441821384225,-0.03177148869099751
-0.14138334043483178,-2.5999444928325506,-0.5601369350620522
0.822329328533381,1.2174503913120487,-0.93062907679856
0.8502651115577049,0.1775310968265838,-0.7653773273571464
0.2307853970139715,0.8036378362977075,-2.4584301866280334
-1.2019115822450972,-0.6031112015895335,0.9037774457755561
0.016245476777601547,0.8698445720264492,-1.5975504781690462
0.15255252327963753,2.432917874530696,0.060402902574984686
-2.186686030437354,2.934085364031892,-1.0834494199190448
-3.809474674298738,-2.4973362309704816,1.8470370061978727
0.979096548458027,-0.9510646189367686,0.4952625968228828
1.1066831197895786,-0.12873356446199413,1.4164309922012261
-4.346525174428015,1.0765150243477917,-0.2426094866411903
-1.0226876205308908,2.525262172618737,-0.4098599351299117
0.6341659243161905,0.4711807404243399,-0.8730453881048467
0.0005723882567873265,0.8586661506222814,1.116001179551322
1.7616391097203796,-0.5361814492229305,1.2295904839571996
0.729568179088101,-1.5583302909720136,1.9051825835944687
-3.7194545565180532,0.5350365155990621,0.8126748266205829
-1.214169523694129,0.9443240541762742,0.16805433716024223
0.6698624006676095,-5.380358954105067,-0.9480013485387907
-3.112824169238476,2.0070011398875742,0.5125447061583152
0.20718029820424175,0.48285756185980305,1.6360323419031024
0.6862463325073741,-0.850209891417472,-2.9018711818892835
-1.3900853726454108,0.1028969737185647,0.2900522877402844
-1.3670219075174215,1.0282441558728597,-0.894039671682084
1.1541013636533113,-2.284757468004134,0.024409737683366784
1.0058101658970604,0.34283388229229006,-0.931281356218341
-1.2591980782800127,0.24497027938277974,1.11141231376262
1.7084282633165928,0.9447550658890634,-1.0966977862552172
0.9454526289523463,1.0445281169059015,0.9289444724573162
1.2252287623352858,-1.122686237209975,-0.578843012119656
-1.6060084139483288,2.0149239891803785,1.2886391270756914
1.052088006047351,0.46796087697939387,0.3857514762220478
-1.6481184387090024,-0.3777662988888118,-1.0759939800902834
0.3832851301676379,0.3323507684749726,-1.6254026830026576
-1.4220887804690163,0.9049408799313589,1.3168417721432772
-0.2988137142760439,0.28397340697028156,1.2750247989014327
0.530857791722767,0.9963109280365748,-0.6904771588659152
-0.517149042011303,0.6800737530714475,1.0807280216508055
-0.3762913455388538,0.9762425944081394,0.7729701226589505
-1.6029905340578683,0.5941887827640623,0.49907384134393606
-0.3969158969403586,1.0386139547079336,-0.12831504117099132
0.185482396537694,-0.2661994642676464,-0.11428822594819597
-0.20845214060684888,0.47741665843211456,-0.27737947352803133
-0.3747868091883397,-0.12537488375986353,1.3280165889576707
1.7415392456467804,0.6802750927920228,-0.45141164888642255
0.7133661864420698,-0.4805225488336023,0.9529749248490976
1.5256822738220865,-1.2134047822986342,-1.641658412243775
-0.7478251176519992,0.13542474896307377,-1.5786409407390087
2.134484145933193,-0.20322083157787127,-0.1617442682272906
-4.02469099410028,0.789809990961315,0.19998200322433354
2.3362985701582497,0.35248644869497714,-0.8069480338438549
0.7252106508068809,1.7275704756075918,-0.34163032304385416
1.3627879642713154,-0.8846689733328105,0.7359561324785376
1.548291804084753,0.044687781436506285,0.5469767325316924
-0.2688275993881571,0.9845279089575707,-0.7441009433134675
1.484338690888528,-2.6088596681593677,0.5598088112526992
0.7935327314798691,0.047866705384548215,-0.5433751194053609
-0.1690933171860264,0.27923710807176455,-0.4662548004535312
0.5240149477421284,0.2418388277261058,-0.9169917178845137
-3.8730218192755816,1.2556611516972471,-1.0027906715054473
-5.346371203807903,-2.201811799581164,-0.5873398368084163
2.37292991645457,-0.24969757161105066,-1.517465541796548
0.7205987222450639,-0.09484783180217182,1.2270277840775434
1.616561287766043,-1.043438888984974,0.610036804603505
-0.3894904310842086,-2.989654764681624,1.7162089175091153
1.7345730775157293,0.4158880691648222,-0.6007630041282432
1.41290760706926,0.3840050784912856,1.5306996405250632
-0.989260690637165,0.7929343265191404,0.11571679679857057
0.5483239595170132,0.9381796570694817,-1.8738310511767444
-1.0345618832722194,-0.051131313189163405,-1.505977596147043
1.1088107971509464,-2.3846095842310437,-1.2441279001935857
-1.848009249642459,2.127910212708734,-1.949640517489234
-3.495468970472172,1.9394394877654795,-1.54258862174674
10.946690223561577,3.6996094869409237,2.766269038410405
1.1014276910243448,0.904252373752567,-2.302033477476322
-3.3622953636488764,2.378002161957914,0.09803698457478247
2.2231735538019377,-2.177679938960044,0.6834870742111899
1.0381085584946266,-0.32746287022036497,0.26246982847327727
-2.994884092402519,0.5028604985615429,1.9716508726269772
2.2670588158587854,-1.8495333765780015,-0.7401901675498261
-2.0888498563278053,1.176658627611013,-1.5370948502703552
-0.8688367481913807,1.3212240440376957,1.5579235750807656
-1.7547810984855552,-2.6166052572344247,-0.1856825458350225
-3.1578494271607447,2.5027252786981613,-0.5895306199660832
1.1275838098249955,0.7266833698703159,-2.2343049342464703
1.1722837241983874,0.18730561781873203,-0.012846178411323142
-0.8476496404588877,1.2864822179397226,-2.2453454499322865
1.176141781648188,-3.5974422452807313,-0.5454746820943748
-0.8847551704328579,-1.2430731013612575,-0.6733603871389625
1.1652551584037447,0.6203397539253833,-1.6086605275094883
2.4293209879870687,-2.504933960381014,0.5756337409534413
2.0592670698466424,-0.7618308629175677,0.12984669042974956
0.3274583161295302,0.08137704371645084,-1.7913212024573508
1.0663641678321854,0.3737773093797622,0.5521518041057802
-0.8554204405385085,1.3055589842477668,0.21697697725702395
-0.6130947892538395,0.9591162097065874,-0.024272880273794123
-0.28112475819843585,0.8372349751736904,0.046246356676130355
1.33921372824593,-0.3160712065067714,0.5202877804517518
-0.7070731426781901,-0.18604143167619905,1.360250794134168
-2.420928287920745,0.8475367539924992,1.7740235270391944
-0.4379494336833611,-0.016535410395452442,-0.8570336727858171
-1.689990998980203,0.5964705265510968,0.847350291697662
-2.3951596918016174,1.1913689344684275,-0.5695384042462823
0.8749953018241903,0.5188725676925701,0.749629242533827
1.6915964634356089,-1.1975148405558775,-1.5391260137897915
-0.30991970725908297,-1.0850004916599945,-0.48241666286937734
1.642924793630006,-1.4819850097366367,-0.8685311283296807
0.4332122304595585,0.4215892474458341,-0.425594986814904
2.1201147078656377,-1.4612660413448892,1.2016117011791123
-1.7161504582503222,1.1758107865088836,-2.4659931309023713
-1.84799234684709,2.5313835513103156,-1.8638480165138531
0.7838617418274649,-0.1394905199102151,-0.5254000513526369
-1.5297991196554435,1.2581578735439853,-1.3970228648780747
-3.628861870505795,1.621317206710771,-1.764991267119718
2.033350730418683,-0.5433296936607456,0.9081420107522915
-1.0838217342883074,0.6919573046506478,-0.33596278015573244
0.057043414915845365,-4.1163944234179874,-0.5762632992492083
1.8614423822863428,0.7216167364530857,-0.8816606746039839
-1.313256571957439,0.7527385461153379,0.8882735761786394
-0.0026516631000765476,0.8128913523994804,0.8455484265198373
-0.5006335740484037,0.9090020621754952,-0.016987419657145213
-0.7047452007125061,1.633878539558609,-1.5762265429687143
1.0553065763625344,0.8670286948689114,0.8022108430679505
1.2098102957592851,0.32088177779932486,-3.155726192912989
-1.4960448096092251,1.9789152227929203,1.2061063851486575
-1.7547380680838367,2.4611804132216077,-0.8702924331759064
-3.5707551603112657,-0.5881076323257831,-1.336519489139747
0.2646513609188295,-0.7521704144426882,-0.19257657627432906
-0.01755681997335015,-4.036812561752991,-1.042883143734346
-1.742802984093155,2.137756551194597,-0.6369003733446588
0.1718729932461357,1.7797959504040313,-0.36752152616151534
-3.053624934764289,0.6874114409944427,0.8484681285684025
1.4653826796547171,-0.6159394607794114,-2.50837545391166
1.6325698899432748,-1.316185323827475,-2.671973437883591
1.195340898391569,-1.3240603379819749,-0.24257323198607306
-0.06600347373504173,-1.1623926170545635,-0.2545039795016088
2.132979075952923,0.49471970182268854,-0.6955864433461771
0.27996779880448525,-1.6879358678638232,-1.0282977557998292
-1.451078885888373,1.0070406288846827,-0.4546961690253166
-3.022099490135305,0.7789780713907223,1.3694318527616272
0.9593058199287584,-2.3683044145728185,0.5025223005845495
2.127678031205824,0.4443773379884086,-1.8031183526778243
1.7225819800885027,-1.2923290414293502,-0.48473696949435235
-1.077724386591021,1.2491847040644988,0.003274885652110593
-1.343133323459475,1.6969203067359158,-1.8576097281704624
0.9513457840325068,-1.989658754808072,1.3814759894585196
0.704022719060238,-1.3824813771106474,-1.1835854335801679
-0.8747298562696221,0.06350848598410386,0.5829836988220317
-3.1177105942789796,0.17042354354860176,2.741138391706298
-2.0626497642509403,0.2302663354460399,1.5574722581018243
0.018078049134253663,-0.5065201126033987,1.0950417575309352
-1.3915541122700381,-2.7990531251742343,0.15764292773431893
-0.7493497093637775,0.31615711141223224,-1.2539506994237035
-0.7810829686643733,-2.512545269410584,0.6550053433757755
-0.36539842795164623,1.322063334285355,-1.2500139866872861
-2.9016760299668443,-0.793887251967059,2.4308815751058526
1.7890186363970182,0.5641982683786204,-1.059665715833473
-4.109221030675619,-0.05704094984030777,2.3183183589926726
0.022215123294011183,-0.014282290890093488,1.9764749605221184
-2.3831963786504087,-0.29773080323699525,2.333737270313232
-1.5585525730467422,1.3091430493658611,-0.8715674114998666
1.899478443538843,-1.8242858869139036,0.19182422103097305
-0.8287963246741569,0.10584010307505798,0.6742021353507435
1.1232054989069082,-0.3033373289515784,-0.11084403895609281
0.5574491465104962,-0.0589340921974586,1.098671064835395
-0.5299915501507547,-0.27588623298353265,0.348065846614636
-1.7929124171633128,-0.33701170852365664,-0.6696981817688135
-3.4936929957585527,0.857776763461847,-0.43467900247506563
-4.169027856277317,-5.1574767742930305,2.4563532374059545
-0.9551489139632224,2.4598097328106046,-0.18210887548517016
12.227991486060068,4.124311425287963,3.0220838058585997
-0.12382554121561899,0.9358645167855545,-1.313367437600576
-1.419067020517673,-0.0070193773832405385,1.8519103313872163
1.3932351533445253,0.563937336232342,-0.4961657803908684
2.0134228905247205,-0.8856031069351151,0.7739726260822516
-1.1690209771617577,1.3138657218015872,-2.6758271507929896
-1.8873836835919104,0.9611697881067758,0.5576875029209264
1.9652779667693685,-2.9157461287616333,0.5078480903833891
0.9818111819081525,-0.762836799515814,0.9794991858290673
-2.9183715036491447,2.086235152548317,0.4912574224801603
1.3823313267157835,0.8369586028866636,1.5509154387533377
-2.273517941760715,1.5570973192609756,-1.5514114468256766
3.5491392340375523,-1.4733480970901487,-0.19637938575320085
-1.3403183814715847,1.0337089858561606,0.36279823951839224
-0.10376888599564633,1.4059477728247707,-1.3929659859267438
-1.0997019166490576,1.0740307483726061,-2.6091702863276347
-0.26127716136806284,1.1237881330533241,-0.4226494824004224
1.151271324588291,1.4480664852448164,-1.4377154467195878
1.1257967795277257,0.3703164259823262,1.3928292914470732
1.3420568700221442,0.3295533581412119,0.218389551571501
-0.9567547584439244,2.1940102351517736,-0.9738417911735875
2.417100656767351,-1.4577606048225011,-1.0720054078271581
1.2143927443908666,-0.43721293515345194,1.003647937622766
0.5852295012255311,0.5555342339609621,-0.5039032083581069
0.8956437069214891,0.9532425028246705,-0.6148834401733926
-1.1062148362819728,2.217914098708973,0.07688840985366259
-0.12600431533424367,-0.07250733656415369,1.9052191070534459
1.4448882563975514,-0.4694720212128222,0.5442475674954799
-0.9097673079102921,1.202443125113235,-1.1682927261212772
0.023354877285353275,-1.327107907910532,-0.7205224190746157
0.6415904959450464,0.7923959183883412,-0.2973666641867294
-2.0079525950736814,-0.1923559242653099,-0.7855763595990207
-4.69207504270726,0.5916681072452384,0.47744101695325025
-1.4851021710956702,1.7619315612512527,1.8442286548709286
-3.1419694346161693,1.574249290498944,-1.2011867463436812
1.0230968821049118,-3.8051910199207613,0.5191693616023912
0.7862802230735586,0.4678860418050277,-1.6216163144718752
0.2987599973779871,-0.5720859790969207,-1.6374528597063933
-3.787535705743815,0.6539396036309519,3.8619208495199
2.3289706928596146,0.3539084088110481,-1.6997138893011952
3.212204902687695,-0.031165517462350138,-0.6809022503334208
-2.2115056998698233,0.34319484089541785,2.08094079258284
-0.3669490619965852,-0.9772069760928647,2.045933068398263
-3.0562302062867532,0.19182037853944092,2.462011636962339
-0.7216910509521783,1.347673268980301,-1.2251067333314576
-2.2621871887517533,1.3583086122620343,1.7805564018099374
0.023905444581839335,0.998280955528088,-2.173068398217578
0.386558185538593,1.7287921845387682,0.21413589112779818
0.58499461700895,-3.318092853949934,-1.9557842005646
-0.39024248962304525,0.32137086678338483,-1.1525411356362436
0.8005042770926809,-0.9371765491376338,-3.1347581880345867
-0.76299914615843,0.009416758084841518,-0.8382661821691871
0.2931087894376167,-0.6337765899874498,-3.3358627139068404
1.7401194632245218,-1.2271515214432733,0.8262380110026907
0.12685760960450226,-2.703947161193605,-1.890731987177634
0.9924664268328014,0.47253166485680537,-0.3260450486834661
0.08597280437677485,-1.667237402759493,0.3286857197341889
0.4858307851820988,-1.5287369978960696,-2.1394862352447364
-0.1089640280643443,-0.5401394153569518,2.0649103716504382
-3.050194065173708,0.5162713338204016,1.0701775664184279
-0.6075131170543716,0.09460502978038396,0.9630462765319955
1.5649697404917486,-0.47898694859395907,-0.3885312962056679
0.9423436203445757,-1.5500004050779619,1.5318909836145242
-5.314413507083595,1.10193227256536,1.1020850405925235
0.6712683239816892,0.14217001482145744,-1.752907326976768
1.5499477899900993,-1.2982222518163873,1.0979834074180643
-1.1475171247788378,0.7583015118579878,0.6750151428567346
0.053335893784357914,0.44675187913960696,-1.2209528955143014
-0.15346271985465404,-0.04343889583452134,1.3125392175545572
1.0353241717158828,-2.3492739964293907,1.2246136680779836
-2.8845995774289857,1.4018771737611364,-0.7720661292750184
1.513132446046464,-1.2144828084678054,0.7247214022281119
1.2372584375348288,-0.20311858954625614,-2.20510469434858
-1.4057864491671357,0.21976995511927847,1.3080955801897454
1.930080824226641,-2.63347886371359,1.3536536745625745
0.557690810759357,1.443130807283513,-1.9160825509978394
0.9604480962463495,-0.08459442106871116,1.264549915886294
-2.188755514747811,2.1401531739552704,-0.2183995891940628
-2.608530869331078,1.1993341309889032,-0.40733453991550456
1.1099452017019864,-3.4808489256706445,-0.13490402282139244
-0.103830228210421,0.43761576176434136,1.053295821312901
-4.883061114214718,-3.149766621887585,0.7955285012757669
-0.35226540807446777,0.7685364589413329,0.8033013234121125
-0.4052280561498725,1.6761018910055094,-0.7736641425080168
-1.0109040892853527,1.2345202508077484,-1.3349209127122752
-0.38377455726193743,2.3360981592221917,-1.08928795656972
0.7053517275341566,-0.5771666466019236,-1.8264245509954675
-0.7861998180011235,2.201849815279304,-0.7614140678429532
0.0086518059063135,-0.26762843034207257,2.4590323510348973
1.2268878482628844,0.0584532172593688,-0.6686567785556405
-0.4942705699682574,0.888081954596225,-1.8190422110531301
3.124774253590972,-2.033621453324623,-0.11758432093763191
0.06679891049030058,1.9891130728585942,-0.11755649689214777
-0.29668664414253615,0.7852504400698166,1.9996286211825125
1.7282863183598707,0.4370912823181268,0.4471126236895879
-1.4459104011099986,1.1979001796916766,-0.04339879746264207
1.5844998016190037,-0.17841754048931668,0.40160784187997445
-1.0867683676270656,1.0762356255359407,-0.7436364834067833
-1.0179381998463886,0.6879704899409375,-0.9774866819159881
-1.7527882654552602,2.4993478905579054,-0.9441294975301003
1.217841144293679,1.2053901327575371,-1.1216954897350864
1.4330787076880356,-1.149009506587426,-0.4843368228216209
2.9241020273343734,-1.4589034779750836,0.6332955521739151
-1.2116018940920532,-0.27616325649158385,2.9247891714465535
0.21592529251372483,1.1648337050612014,-0.8729163947317792
-2.286977864485744,-0.12699065877529525,1.2829685309442311
1.1746843991554994,-0.4962585058595032,1.5426746528840993
0.028561741633522413,-0.16607514412906357,-0.3827646202676755
1.4063648129256163,-2.9278411810589295,-0.48271318665934815
0.5904111808390206,-0.4305411318266019,-0.39173985087086727
1.6825188079189661,-3.3303368057303975,1.013576083006732
1.5477841561177796,-1.7752790810214707,0.8032297708024455
1.8842055954836832,0.6067757592822152,-0.18779889608390848
-2.723991481146749,0.36883687087178124,0.8443829876852428
1.2842890467270929,-3.308873557419823,0.19494259145949266
-3.967511853645578,-2.619623905787759,-1.9432995579888952
0.6345805454729518,-0.6459887652947418,1.9473680101631783
0.40294776251258974,-1.563115992811061,1.5533914764070913
0.7988195992974764,-2.804013488789109,0.6346856834216656
0.22114675845081785,-0.7988131436016096,1.933750597014449
-2.999824306334062,0.467370683230404,1.1636949967259296
-1.4028344266131083,1.0282293935266051,2.407068417747004
-1.9269214483686665,1.8811645250268183,-0.2616110973052311
1.8277943687536666,-0.6349896248006307,-0.49565980874955484
1.7644585372554944,0.7126295149046968,-1.3653168331946552
-0.5268699899427806,0.6239076492497596,-0.1690814445787412
0.18493057120278922,-0.6001534701728384,0.4381476591736986
-0.5005568940578059,-0.45611272238426315,2.201493615564207
0.2970822756851166,-0.038011625368518855,-1.0892761598858116
-1.0583672086940235,0.4006778730405011,2.7648815603821153
-1.5840345928647315,0.7415038993506856,-2.4681267256762522
-5.895037371149096,0.6475525428189877,0.6370340234756607
1.1241829901233489,-0.5701858370111704,1.5267824304446145
0.08313743710649868,2.3732372324263835,-0.9691960056786824
2.4973347601320888,-1.0927484932173832,-0.06450798228669825
-1.4025669704744845,1.1195716489959509,-0.6798527046093417
0.17107271854554076,1.0145608852425643,-1.9031196453593695
1.6772256435591097,0.7752510485025598,-0.9179921559685551
1.4820586372816793,0.7380147798028663,-0.48614692372151114
0.7506733332063934,-0.8424077668469171,-0.022493784405617334
-0.516370459568215,-0.13444110303301565,1.1814266599703571
-0.44388883282596897,-0.5255506122550812,0.6350268059534308
1.0734255586864974,-2.4591919988575617,-1.3295034001992827
1.835904324449211,0.56155889531702,-1.620717689818099
0.47175688026051155,-1.1507935263132114,-0.5173251898696025
1.579924173036215,-0.1805832063148979,-0.7395045155390615
-0.9243419948867729,0.40464006437828787,-0.5456312969608609
-0.14777968044462778,0.44627129566205787,-0.010373468653107136
1.3893443037214182,1.0343702761318883,-0.7120876740843567
0.554645081151333,-0.9243794106432753,2.413968728538146
1.34868610570856,1.187288093297992,-0.4847709179526006
-0.30639721849455004,0.09127212021807739,-0.9853833613653507
1.7466496043582256,-1.5022493469291098,-0.7365036911617995
0.24759329987071427,1.6974396880794789,0.4275168556798934
-0.5556988879050955,0.17053374288653295,2.5440491230126803
0.5201863630043838,-2.393767377971023,0.46349945862564446
1.5470882530687418,-0.10004875337024902,-0.1366898147626325
-0.05394561460878474,-1.7759708671036112,-1.8375256344379556
0.29608785876566956,1.6144517358688517,0.49254685902617446
0.3310203092358496,-1.614927471922043,-3.7799780297171557
1.437604119386571,-0.34387665200314366,-0.3646650072957598
2.9764785946765993,0.9322916939552065,0.806711222665793
3.296466558713033,0.22494928882329876,-0.779262299668032
-0.11921333769026819,-0.03876798663668261,-2.122254605008245
-0.4231144373607536,1.439502071649231,0.9453722555587002
-0.15907217745567973,-1.3540621128007457,-0.5055837316541076
-3.7827926079295646,-1.711557329817956,1.2643811095766015
0.5313719483507932,2.8189185828360106,-2.7848303007319077
0.4426458429301821,2.084471114176448,-0.5779279390445767
-0.8362627559452183,-0.049835681340258196,-1.4627617791720213
-1.330514606164591,2.018127464240826,-0.6845469678653845
-1.5190574341872936,-3.840058297816896,1.5903206187746644
-3.491215010413523,-3.1844280318935807,0.4494231962648018
1.4827473829947284,-0.32027702596407753,0.356597558030207
0.9219396156857165,-1.355143839039294,-0.09553836745137709
2.033350730418683,-0.5433296936607456,0.9081420107522915
0.8066008739592985,-0.8581008399315805,-0.07296462366973964
-0.5706554732542097,-1.4741736057527965,-0.4737618041417887
-2.06951394766506,1.0368943671471096,1.186825632554174
-4.707510946789022,-1.800716023843156,1.0637029421759696
-1.5902564199970999,1.0326938127259913,0.5569461524861636
1.6074480915199607,-0.40053206953408355,-0.006413808520679362
1.5150519705877923,-1.078297823272119,-2.0740029852535273
0.5618496945882308,-1.4940854841975584,2.3455946553633837
-2.005349873374617,1.3880455067510529,0.47235638236090766
0.1982086547985783,-0.9341426642322532,2.4664155921982855
1.9460535656062388,-1.2181950764213862,0.5580213916117046
0.85847002353119,0.04241958144838371,1.6962517343148495
1.8127148368621133,-1.2243117915915602,-0.3944737007521594
1.8767955031180452,-1.394106774777916,0.660194771112673
-0.6910508661572599,-1.473765521622065,-0.28281432894575614
1.217881955538777,-3.041443570834185,-1.8152699196343889
-0.03694977014770644,0.8663397550870757,1.6807267740747802
1.590419393603264,-1.5729890055008748,1.7553182658548325
-4.520139688520788,0.2151465184692942,1.8860136342396205
1.3830409318956998,-1.8037310368467943,-0.8634071586745261
-1.4693543176673842,0.2775625688009064,1.4726252758493135
0.6826656425541797,1.7926895040526671,-0.9038823333283798
1.2636635173373425,0.19541020696125172,-2.513110345931301
-3.1957100435847847,0.10672573916627041,3.056285222285127
0.8307998500982324,-0.7828013788516385,0.9646995666074724
0.9757078022837421,-0.9654918087952727,-0.681769849475906
2.82004028538601,-2.6592757590253853,-0.7694555180703395
-1.0156171636772917,0.8601901421875969,0.02684141986050486
0.6038878129907408,-3.2895625871444585,-0.2585810844353776
0.9042877892072347,0.26383079319528885,-1.0691564468547121
0.6146678439846393,-2.043322537962994,-0.6723067358734277
2.6965414926997804,0.8276556426986064,1.4138640628218464
1.2098563790407806,-2.440530601311029,0.3740346872902491
-2.173785410893555,-3.5703249067232705,3.986150161766661
-0.7766204192895032,-0.01634381932936039,-1.644913802766796
-2.24259709653671,1.7607619173402365,-3.182178787867047
-1.257214779393517,-0.8768492959703629,0.05153340783503466
-0.6272690259444903,0.8859077343138103,0.7912236852699949
-0.4211477048476505,-1.2925373028189227,1.2872586545503024
2.0676468206792022,-1.818303991634681,1.5715111716061425
1.95899780889968,-1.277591854937019,2.055223941700444
0.7280556805587923,0.05101317878429107,0.6364877269363172
1.683797756846692,0.6608473793765705,1.5973756831526227
-1.6251836224266967,0.5914994285756362,1.2422874183874524
-0.9917829953859051,1.1416367899634285,-0.8426221414276387
0.6675956806796827,-1.9582960895740482,-0.8984106745462126
-2.8655294720709663,0.8417025134804799,2.8201443241757738
0.5508328551827394,-1.4781052901430367,2.3483815043159635
0.1969313676170997,-0.8580048310442523,-3.3174116865462584
0.8184843459453695,0.18714289393808464,0.21199377320309157
0.8680079775630796,1.0780024149879108,1.1786363955529913
0.5662657256068412,-2.2852788562190924,1.5428199718199442
1.4384883202305627,-0.329825780887986,-0.989718213809462
0.9152173417771265,-1.2338451665142711,-0.22647438365378594
-2.2937194529070415,-0.44782238013882647,2.4091075239370507
1.0583804100495535,0.33011025960200435,1.0209012189429711
-0.2524716328345036,-0.8923089460413128,0.41907512095475813
-0.02232484340378238,-0.18437855001051998,1.5534059822515476
0.5214895997103886,-2.1820694258921227,0.7873824235144281
2.3260868131308063,-0.8816795986842666,-1.099694377309585
-0.09301848160964961,0.4420572584964017,-1.9915371053612896
0.6932841789090362,1.8157988982563487,-0.05803101580134419
-0.15037440725853993,-0.14387245678152183,-2.1709149718801544
0.414086158752025,0.39889663664719316,1.5244601256278651
-0.6133204558277888,0.22353092541543815,0.6558463904481829
0.2912108794761539,1.5900008219036192,0.36218316639364595
-1.1082529373365508,0.7952244276566499,2.7757398676853464
0.6843947444224344,-1.5390602349208933,1.8623847607796797
1.8423273013654924,-0.38831942493365323,-1.2342610350653214
0.5569845541696482,0.6908601567546938,0.5157654802168886
1.9110143508911859,0.4698829653801386,1.645085589390299
1.5471342095768927,0.5544940953000794,-1.7256365175328428
-2.3115682222939955,2.0669047974301433,-2.4116274048726045
-0.8330077508473615,-0.5942779807703032,2.337528341924675
-3.12848489671108,0.02154352958621685,1.9343621481974413
2.1589186741276887,0.48434581530054444,-0.9421515036116734
-1.136819709917549,1.0151054098515844,-2.6792475707895265
-0.21147575034272215,-1.6600104929206745,-0.6012590626788873
0.57081761326271,0.6666725102997254,-0.15068368924289183
2.1406824759221856,-0.7909581518567388,0.7071820234674484
1.3519482968670251,0.8965867384677144,-0.7225224016399167
-2.154063670407917,-0.42264715591010993,0.9518088168960862
-0.8060264233879244,0.4069765594268613,-0.5808644025068098
-2.606932453524865,0.01720229307448207,1.7759858943923745
1.5675337392629451,0.8488902923467786,-0.7420975087978672
10.011238062321013,3.35627862096451,2.5654629519406744
1.1737806025720419,0.17059557937208722,1.419692649465284
0.749104612762676,-0.9347487496861605,1.9663274248827622
1.5716786831300162,-0.4354123697106441,-0.825790757517701
-1.512187447124985,0.7267768403036691,-2.2865221945335508
-1.1094839122377076,0.9843117927302601,0.7460389158698455
-2.3810377408308265,-2.4847826659908514,3.173302300878796
0.20891830986894414,1.9724065297075726,-1.0370063527963942
1.365515523856236,-0.006174674210387368,-0.6834320313184322
2.474157636375983,-0.49065370216361476,0.014934552652471992
1.0227412226303922,-0.6889676503555517,-1.602259367651425
-1.1956649803412709,0.8360169863243014,0.3935133883423756
-2.7087593444839175,3.087620908478344,0.8562447835535699
0.549742567808348,-0.7928568918542896,-1.4497767539721398
1.6117960501952846,0.9313306395696146,-0.3984418518367132
1.1656697810414094,-3.666428510021987,-1.2274280436303844
-4.309107102313374,0.40465113510085265,1.2976547753953687
1.8206328187753518,0.23905343049973127,0.13851444724847403
-0.628472111933061,-1.364699477624914,-0.9342216583696211
-0.8470197671646864,-0.26977508892468544,2.036729379018673
-0.36045662135198064,0.8728399220694041,0.4433131561182591
-2.0318507861056885,0.43532589876869965,-1.2195900545550364
0.43338697858436265,-0.3537863273980204,0.555080237458166
-1.6329240022963694,-0.5149948018368291,0.4596048460759367
-3.1202380128358427,0.5859390325305892,0.9800516687157212
1.0150801651938623,-0.7544440440154896,-1.6246660522550354
1.2008495929937053,-2.2267112859034484,-0.1594290906294933
-1.4643159872127902,2.2823444335630367,0.18370690200044598
0.9273890921989963,1.1306687486306195,0.6827431435177069
-1.1741241543472238,0.734085647724799,-0.8395582930059782
0.3276484493047072,0.47837166161622824,1.4344684791770987
0.3930006101753965,0.012501754133199792,1.9464277582195157
-5.021866510940254,-0.012399241988436914,1.6572367524411458
2.1775410483637474,-3.1514882297750266,-0.45520628525283596
-0.49695566691544496,2.3343934996257767,-0.9196022434329616
0.018111130851135034,0.651707862128404,-2.485671245573274
0.9550719027705065,0.07444870451587822,1.5655494414195625
-0.7628294153091426,1.8189461569846495,0.1505626437688289
-1.704553626756455,0.3131963191453775,2.1080654633884666
1.3031400714332781,0.6449313516872589,-1.5585045333652037
-0.20955101988919356,-0.9910109231632827,-0.31773769514211386
-1.7261453704939789,-1.4920532512505156,0.7217697002210043
-1.5994772244461324,1.0253302663364308,0.4375336935487449
1.447759739894681,1.3496064731856625,-0.15358210428542476
0.6243992114728911,0.32975840392759326,-0.44955119989974135
-0.15580487689730357,0.8135085279011816,-0.6793418577375354
14.093705767502218,4.6945622458561305,3.339639737913228
0.9666256841109897,-1.7289650712974427,-0.8321170099188762
0.5528286381304616,0.5779697120262856,-0.4843051340065108
-0.006885735387877342,2.0013470695748485,-0.8567259348376431
-1.868082692318524,-0.3932778928984152,-0.4977899843978313
-1.8654679174929423,1.4107029629983792,-1.1290119599289006
0.9473817598547661,-0.7992974271040929,-1.743417849878422
-2.430075542415988,-2.8810053395941493,-2.991775010606112
-0.41280447203424087,1.4296474130483108,-0.4824665789755784
-3.788650361546319,1.8545412725930324,-0.6794208521734005
1.0402307531472899,-0.831671766452974,-1.8136347125692096
1.9171489327662414,-0.8168412557480991,0.7965394820169619
-0.8885097567752402,-1.9993764639844287,1.757164463172524
-2.060717951702738,-0.30202413576331666,-2.9034973941056714
1.606534730454915,-0.6938623991198102,1.167308223385481
-0.3733900624769151,-0.8063940838477679,-0.03443798185547986
-1.0017890677446595,-0.09114184979914658,1.930508750372465
-2.9797510519387767,-0.07083647511357713,1.8075759531750135
-2.810569368801028,2.5286440464506517,0.9405141981012138
1.6996320341356437,0.8009385786694598,-0.5993503448479098
-0.08073243820077664,2.046761584423465,-0.12592314235898858
0.9430339643959125,0.7156599858591355,0.5883605752932918
1.209452120169945,0.2534978961089151,-0.17373569287532387
-0.8231220603828755,2.9457655868018926,-1.2276455131778208
-2.0742817499041495,1.0498981290492084,1.4000996384319746
-1.1013515120094541,0.5339071712551847,-0.823737631920042
-1.8519647924329317,2.0788399344074597,0.8044079807474187
-1.424065276661488,-1.1548412714539606,0.7784683693047315
-0.014664502063305846,0.5064529739798634,0.4057061580871188
-1.5312576241740863,0.7477138878596722,1.691121747779611
-0.1791604276175285,0.21516698158667316,-2.2991912555368006
14.225561024906476,4.713273228275001,3.3593602170841645
-1.6167366619145813,0.7482655530189541,-0.6841409348701356
-3.739927294098818,0.8341032897131962,-0.905962894186402
-1.4099788371855289,2.52742560361026,-0.4052407112536371
2.08118069864231,-0.7861463199319594,0.31606463470396534
2.4736515105287746,-3.6274839723329184,0.9823249285553844
0.10896652473700155,2.22145608091664,-0.6766913736809176
0.7378238766557877,-0.9234742883427501,-0.9729111134409714
-2.135765011362363,-1.0387195720318794,0.43891103117581665
-0.4951327242851334,0.04135399280737885,1.299497069144561
-1.8956327892219538,2.0449985777134976,-1.3940134201647427
-1.209786790877867,0.3875822375639394,-1.2472558571012333
-1.8131904494871753,2.3037662532197203,2.1755820363294887
0.5550402183554632,0.6395279103095199,-1.6993723008779678
1.372954559168891,0.1616386587709459,-3.8192872310950268
-0.9056404926034276,-2.7154985741100424,2.9825088422193913
0.49232417613254703,0.24324760965602324,-2.4723700300537734
0.3788974884693208,0.25672805659172865,0.5323671677422184
-1.4800855290882888,0.9622313269402107,-0.8108474417171461
-1.5245260345662315,-0.17067647062027533,-2.20436445061275
-1.2652416961319837,-0.4153383404402509,0.24696017407034143
2.3786080498600652,-1.562051738730511,0.674847872271237
0.1837552262749287,0.5844115259654494,-0.8374545958095642
-0.21800148001533137,0.019991166050237312,-1.9612900277104848
-1.451334130027859,0.5889492735699833,1.0742763221297071
-2.1833010562626662,1.2572469093987915,-1.0398360004236358
0.8800393868615574,-3.7230867905880625,-0.9475487478724742
-0.29708544290352323,0.8337979632537328,-1.277429208824734
1.2689487150247494,0.6874703996474398,0.27710742617065065
1.7566006847729823,0.0314943834663296,0.21426239111864132
1.5469988846362344,-1.946010373362851,1.9591100498961622
-0.44612424665237804,-0.13840743926245988,0.29142100815905075
1.9753326087263505,-2.0324069255504433,-1.636921181802176
2.9940312773676347,-2.0918711020083327,0.8742780698398726
2.165114384501193,0.9501793854677575,-0.40059817205909365
2.210124647368162,-1.4526322850667581,1.3660852352830808
-1.9542489794764608,-0.35145330528231866,-2.6724346309470715
1.384730066766132,-2.9170978615360355,0.7804357544490812
1.3380957563478804,-0.2902664684299779,-0.838988597831768
2.7126868195033205,-1.3512639767036383,0.38328388444572714
1.9927668508631156,-2.734532318053629,-1.35406086682543
1.3957077935006033,0.07721576113582496,-0.29225167340780345
2.1625131545715357,-1.9547686878092858,1.1170264858330234
-1.7500319064717447,1.4344244310376904,0.02351163652223136
-0.029408022559713053,1.3586231212378215,0.7185600368502733
-1.6405208573156103,-1.5900736379538423,-0.6443151024397975
1.3061216896852654,-0.8798808149922065,0.7410282203056552
1.2266600146957516,-0.29602109934910853,-3.7422999123441025
2.314045791683464,0.40411925055870984,0.4546915614881102
2.780272116483466,0.740604899311644,0.5909526877778979
-0.8234147533138972,1.118816728408671,-1.5858119379524085
12.608059306668121,4.229141526916629,3.0779771588118803
0.19203812912432025,-1.574161734624069,-0.2758206922352873
-1.7831919509396368,0.3767114763092109,-2.028387453488119
1.776553251023124,-1.470349279881775,0.7397653325610867
-1.1558039324281297,0.38263235505747706,-0.5746607350784847
-2.4943013968295955,1.3749450492187043,-1.5164411505780018
1.003412713100955,-4.377211854139891,-0.5760254647460281
0.1168382354082854,0.2366955138294422,-0.7956296376960996
-1.7880885832542552,0.21351772515244763,0.1608501378773187
-0.5475888549085665,2.1470544262193387,-1.777242583942245
-1.7933359097951158,1.0602718264102404,0.7285545821128097
0.9064115303482263,0.20660453677733348,0.2440266494662176
-0.4735206521167162,1.913403257680614,0.7469679446654581
-1.6184853445484113,1.378377061588524,0.8102339775660532
-0.43576571391472263,-0.2708024656513086,-1.6948310194114062
-2.8638726079372527,2.0614344334807386,-0.44892045938135866
-1.9627780515505675,1.0313866911933844,-0.13083824362014665
1.6564583009524576,-1.8484615624593745,1.4540444577257798
1.1696975540669892,-0.5597687338164952,1.269358681601116
0.18180337046472836,1.3621169361031735,-1.1773924898086814
1.2316794489612684,-1.6202912118489845,-1.0814088092706744
-2.3222296276919505,-1.0966694536083537,-0.08727506410571156
1.3147106782201328,-1.0354002772952002,-2.7827952440898094
0.18002910462770524,1.9353908518702625,0.1820878651768066
-0.7108600829618062,1.1226289854692153,-1.5912118962887531
-1.1798441338102907,0.5135705977463602,-0.3448661260839981
1.1475039061113532,-0.5349709229121457,1.160881439125387
-0.686068827475601,1.001954237965328,-1.213305146336705
1.7355009454237487,1.3774475088090754,-1.104194798780075
-1.1332955733545433,-1.9799374475132825,-1.5017488906049312
-2.1488021676813345,-0.1989003730686997,-1.572099887753892
-2.9646643577518472,0.9859667069221031,-0.9696709087413881
0.51263151368794,-1.3735159603636928,2.215440328284029
-3.190888329009262,1.3117534479326978,1.3919595173214883
1.881325420985804,-0.9313705938143679,-0.07855988787784218
1.155784932339688,0.10707071539611669,0.7631336224147797
0.7297345340084418,-1.5419012717598322,-0.2897243607538681
0.7604596040686363,0.1879105033363753,-0.8966172543350859
-2.710554734796902,1.0649068760858065,-0.6490762340031769
0.28034180884856885,0.29840615080126753,-2.716091922572808
1.8918974004119795,0.6378474387917378,0.27543540148397083
1.7890186363970182,0.5641982683786204,-1.059665715833473
1.4898285398770432,-1.472198194665262,-2.101992508060212
0.7650542824992569,-0.9471777152379391,-1.8832857154381704
-0.32103668131974156,1.9473680845178343,-1.183298375140851
-4.237186554449564,-0.0033663141305476504,2.134379580546925
-2.9601054572515824,0.9615622799913527,1.6476279924288157
-0.7962945737563131,3.26572927310339,-1.0763670072205727
0.6963397396470533,1.4470320916807418,0.15118737834771
0.19963197796124432,0.5554602933272081,1.1556365884442528
-1.1432957711918645,0.9628555013958431,-0.27288892328080183
-2.0047018980930362,3.1996517178046284,-0.5311363600620812
-0.2346245396651312,-0.7729486127963107,1.9305707351042398
-0.11941482287124233,-2.568932337646692,-0.4787022808258028
-0.43657681303069734,2.6040912765786386,-1.058574521717813
1.5761337847324208,-0.376545769542172,-0.6737637719107007
0.8399845100168409,-1.8597584197815953,1.5919632389174583
-3.0582683405645463,-2.167077726487249,0.33922382087493824
-2.1992238487417413,2.5540264961676464,0.19081720549830583
-1.0463260433616008,-0.9182534428775231,2.5430498513163586
1.6992341331036331,0.017472138501151792,1.0165371315951357
0.025210656629284445,0.2881754575827722,1.9636477517273767
-0.0452777084986747,-1.0333246073568771,2.4282350465469977
-1.310192153934635,2.110625621628105,-1.2147394934467532
1.9046305549355949,-0.053110374451033525,-0.569939085266869
13.91919754388671,4.61685317182164,3.296630297754868
0.16833179304577478,-0.1349838396475029,-0.5420766988820456
-1.0682792774742524,2.2062288095843665,0.010684145482190406
-0.8212590773897802,0.1662589545043188,0.2691638213307128
-2.8385193481030004,0.6863711801071931,1.0164716000585892
1.7415392456467804,0.6802750927920228,-0.45141164888642255
-0.5044202908630936,-0.8297773740207826,-0.909657365435252
2.1071732399078376,-1.1291714089224876,-0.643172267132881
0.7300483067254063,0.2663870592494003,-2.293505720047102
-3.2098773601616784,-1.3338056096492792,0.8560792020995313
1.4064357005632548,0.2560745078545553,-0.7204028666729057
1.2710004723542034,1.6240560165662354,-1.1663641046798152
-2.383119845493786,1.2169119424706374,-0.1745677048682204
-2.197647650666908,1.0610586381259002,0.8687577660748672
-2.6621710318326346,1.367311473088415,-1.66788415856452
-1.4479354250586498,-1.9281735131525324,0.85490477771109
2.091713735889493,-2.011357996329951,-0.5175292530954008
-0.5566118316570888,0.8437378273919647,0.34352652003636996
-0.3124296919092351,-0.1988176696642056,0.08070528543086503
-4.275798153766874,0.9214775529647723,-0.8348420428463978
-4.24092403360302,1.0485073819701256,-0.4844500697771014
0.45887316232411207,-1.9875125997667669,0.4840763854175174
-4.303071828172475,1.1147852689935907,-0.5633191536202155
-0.6520051877649612,-0.7622534698761542,2.163332979088352
1.1663499721042065,-0.033363793589690244,0.14590568800280587
-0.557988063674904,-0.0796855189328397,1.57944437714551
-1.1536264074943137,-0.33233085188332057,2.194614956755572
0.981224039594835,-1.7812502310186342,1.6557559640141941
1.4158230620576082,-1.4089906258238158,1.5712228224900107
0.9241136539987426,0.8486368152646558,1.8886456083134007
2.046624886699391,0.47243665553555103,-0.428169569513414
-0.0727134716802877,0.7348398181406554,-0.8040894589271063
-1.8913838666103346,1.8185760988851545,-0.3986130366525782
-1.5966874357613885,-0.16812461462094067,2.1745042155607366
0.6059832142650337,-0.49594202583927854,0.9038870369743504
-2.0548992916352815,1.1162234741449342,-0.016338016626959818
0.4034770658995662,0.04527480814617645,0.15541078129550748
-3.013551715869154,1.5380675598798232,-0.5186563018410291
0.15065569225408296,0.6083897480111626,1.3017082858021036
1.891085094640201,-0.9736394021531032,1.1822006073330893
1.1754769657223925,-2.751582183993181,0.20465398724583886
-0.3333481488521557,0.9149046557435007,-1.6180955407861126
-0.019419414952089147,2.4216163344689003,-1.216818302049589
2.2254076506186786,-0.4551747748585459,0.48970377382656244
1.919198078482448,-0.013474954135891717,-0.3407441394637679
-0.9924830463574988,0.2902528280772769,-3.1834380970888505
-0.24554651162490004,-0.1855110551714195,-2.7331129320539103
0.4032525043172897,2.5781118087160317,-1.4528717221698024
-0.09634772774406851,-1.879716866813718,-1.0675009405175366
-0.6500627568453384,-0.3372512491549803,0.36881166198147897
-1.6879755761771593,1.2472490157262688,-2.6564880894578846
0.7542335279683582,1.5830626050743228,-0.5749829430906944
-1.954491371306046,-0.8015574494466675,1.667930934037343
1.4188199482486683,-1.2655579187256847,-2.530722263726968
-0.1379290622583194,-0.13707590931613775,-0.4760785607251713
1.6239955733158342,0.2066034923514634,-1.1575731602957293
0.9691381612560765,0.6686520825705495,0.5336363487336853
-1.289044632133191,0.8132539359922453,1.0666499668187055
1.1531369371555793,-1.8282166392112675,0.6831549840281104
-0.07608661378179943,-0.6406603412100044,2.441322759440805
1.6056512379829928,-0.18550388892439373,-0.18423502871426992
1.7722201940348559,-1.9260606907704676,-0.704843276759182
0.6240447720200868,-0.845945431736883,0.21525863949586377
0.9632606318701619,-2.0081906594870857,-2.5593320928761667
-3.6892017343669696,1.30943552385002,1.3139542238369475
0.1847597804568531,1.1591347310573619,1.3874752316584784
-1.8094223523662205,0.9211032252662734,0.899836009845882
2.2188442756488254,-2.015870986894731,1.037336226459267
-1.9399504287069806,1.9716040095909648,-2.386461512593321
1.7551260518355505,1.1664266257627294,0.5838197031486084
-0.06839082527830294,1.1018285522196989,-1.8937247750218569
-2.1791800868147497,1.0504080032324614,0.750815983829078
1.4377275297036383,-1.9214842315894207,-1.4410473687863534
-2.5114610925474268,0.7740715899299577,0.94704651087538
0.4913787880316604,0.11079926714997927,-1.301260588732439
0.7608153794991451,0.792925217200139,1.1049622162159818
1.12349712846529,-2.311935609590777,-1.0886085825499496
0.4736397047486814,0.5704062008548915,-2.24543218470543
-0.9229090600837409,0.5605256208982945,1.269102428056508
1.2562986150647133,0.3781051188409743,0.4912341582440608
2.181087586592445,-0.005293625612960736,-0.8340669355952113
-2.238847196837839,0.7336491633234384,1.382553058265755
-2.2071528786500405,2.6421672429818135,0.7356136134888666
0.4980344013773293,-2.4923822191035367,-0.10307910450165368
0.0602040298544296,-1.4651653524070933,-1.4289694206241017
-2.2876482205560573,0.8894986973365218,2.318468268478427
-0.12362351796424322,0.7751939969388777,-0.40785356577666904
-1.1441562592688026,-1.4100048235642155,-1.3224157580588247
-0.2652029907222983,-1.515955783218662,-0.1074124192961265
-0.9177615493400587,0.31534936609691455,1.0404690316603766
-4.23740829949344,0.12303697143314579,1.5533673324166692
-1.6251444833159714,2.522596817468023,0.010972135209854865
0.7559910585110563,0.4292852077829871,-1.7895049991055818
0.8371120833150344,1.611901351303891,-0.5763484361247612
0.939742906871498,0.09841304319147184,-1.2104764861011346
-1.471046099725276,1.2481854376879873,1.4930295351517033
1.2301781791660216,0.10501564592329908,-0.11535488999512816
-2.0975913253768677,0.6442819546648642,-3.2608136340609777
-2.1393927648434485,-4.163756870266334,4.084244210855091
-2.7943808382950017,1.18342206970513,0.2919431959308051
0.7590805532406887,-2.8651829645894367,-2.4572116852304298
-2.695818728458692,3.2545738900730345,-0.4925721677208586
2.090568422964222,-0.9109773705912986,-0.7583228514636661
1.8033717665993816,-1.464685800357,-0.8266854100337226
0.5163255992895677,-0.9802220374849137,-2.2785194731956047
-2.462235827606699,2.826500520493827,-1.2157479661542903
-1.7200831329563608,0.1578843644727825,1.7422743356916983
1.1487591686399043,0.12470169627784684,-0.17880304329749552
-1.2311419623766817,1.5253513597492574,1.4128166840677558
-0.686291674793594,-1.473922409435259,3.5195108601776313
0.16626020295801344,0.23104773801686138,-2.7276972503171266
-2.48322510223767,1.4118566580387524,-1.069163513248835
1.3169838619305694,0.37503169494755334,-2.414024509013889
1.5574663040359513,-0.39671446147495043,-0.291846496444768
1.6162769218937816,-0.7419207697841546,1.3228195375522735
-0.6617326349175704,0.921569973460466,1.8487371824806564
-0.11989644634235751,-1.3762341833374505,2.4691096075291017
-2.082711203977205,1.0958600043116056,-0.3697793698794314
-2.092625286650032,-0.09497903991232329,2.2417572040360305
1.1879904131045724,1.0394193625207704,-0.9132074455018805
-1.7779993908658587,2.6681519369791094,-1.2087796749604136
-3.5657824505516555,1.8884288743013031,-0.15386862402084056
1.0448110390339367,0.657353243589907,-1.7198051472471936
-0.6621839896460161,1.446264378635304,-1.0433807603452254
-2.1014378027210006,0.6150126619562992,0.2387225803512284
-3.517829245406954,1.1542155221475183,1.3208354086288219
2.546633717350144,-0.9663920066309726,0.030547421383198888
-2.118133463666803,-0.7179777856340913,1.2996836853141511
-1.386534846968463,2.048753570895295,-1.3183860061686365
-1.299683175656859,0.24931349218329218,1.574851232506171
-2.1503892752474054,1.5979146948786793,-0.8801278518492394
-0.05321313239092631,-0.17946993580299128,1.884662037805888
0.6941820034851952,-0.3234993732914767,-1.2097760319429447
1.627908641055075,1.3440670468802263,0.1351249913834824
2.139895459989954,-0.731351004228307,-0.6393430698860136
2.0451311900436324,-3.133201218244878,1.3033406299035875
0.3547517145397355,-0.11539224919701414,-0.7159420269818226
-1.3171820179582223,-0.8893214310205161,-1.6473004736323662
1.695053761547216,-1.8049799427143374,-0.5059152686254775
-1.2008068269193468,-2.970252941746863,0.5714746949774667
1.251482914946502,1.1159008329323277,-0.8361182091542315
-0.9008120099886365,-0.16026737565927532,2.0043769022575124
-1.740691540593129,0.9790796429206364,-0.19165720132202868
1.5263236634416015,-3.4090427526154876,-3.9678945558602705
1.7456588548358871,-1.0192440514636494,1.220097683430832
-0.5264031448169306,-0.09728723219691897,1.0794495006567846
-1.3166679647323365,-0.4300347185581771,0.8557800349052376
0.46119021130703763,-1.786198853638321,-0.1251092757468837
1.4932516135312424,-0.7949566225397338,-2.089276553790899
-0.43377184935526697,0.8728319892685931,-1.275489948723545
-0.3275074525603341,1.9656658721378137,-1.2777815436958295
2.020571175442179,-0.844721518150279,0.05107795738959641
1.1816810945325478,-1.770012104663853,-2.315087694688107
-0.7797573259843812,0.8834804678647716,-3.203137302944005
0.33336863302332387,-0.4369999204089705,-3.1625793828938997
0.8835321318458776,-0.8277775754677292,-0.47099669585891435
-0.9866774544788318,2.310156650100954,-1.24143698913114
1.7873223430804055,-1.3154303355798584,-0.2782772862817545
-2.276626366122602,0.6577637872255905,2.1052332971412575
-1.4231346063427235,0.09554406855601882,-0.16105860706629974
1.333690215618796,-0.9032445052440905,1.6378721313932247
1.1682860473369283,-2.0742812654031377,1.6442228016053535
2.732925924601689,-1.3583390448783434,-1.2649954079320007
-4.7882017988589105,-2.0812661857344184,3.9294554458901425
0.6147471232037331,-1.07460991334498,-2.128044786055967
-3.1632422961500932,-0.43701434304476855,0.3709263827790925
1.1520959607472545,1.5134584487018385,-2.505795649649208
1.4037741031288447,-1.5215649151734882,0.7414691272397183
0.7169181017544969,0.06659549195667437,-1.7982988164823344
-0.7686163263680557,2.95683968011382,-1.3386972606059133
-0.11772948155466853,1.0528370203008923,0.29353367283765464
0.037329036674077824,0.41980325524074885,-1.712641392924555
1.4304030656401825,-0.8141422424436412,-0.8641454270297094
-1.302410901594357,0.0972927611489679,0.34623846126522095
1.9046950255634063,-0.8342144402374527,0.7653852565109877
-1.3209628564687133,-0.9550223973310242,2.569847248990339
-2.914090966886205,-2.7458553091975904,-1.4593137483387295
1.932212935689691,-3.096404965609219,0.8742558884075422
-0.5251111945814821,0.32328209297468063,-2.5059944948621213
1.601062604640057,0.1608015486417582,-2.232478866078226
-0.26114858353454184,0.902634187883327,-0.5260819695993988
2.304513203854382,-1.5443567493137682,0.1405028588844225
-1.720755185424006,1.4213661834428462,-0.34435996399829905
-2.2393194711327995,0.19409174671617868,-3.3309024571868533
2.541723193258751,-1.5909323387099532,-0.1491756964807097
0.6981358690544832,-0.03040874696209766,-2.594728596676938
-1.3681504329877037,-0.5451393281389826,1.939362072774289
0.6005855865948067,-3.4426465167243374,-1.868609449961072
-0.3017090633107381,0.8581273311608992,-1.781698590850844
-0.22416463440922393,1.2483632398185185,-1.57749930551733
2.0253490901340525,-0.3616341062331964,-1.4311708268433547
1.6917867751428974,-0.4914580952512783,-1.2270037520355088
1.2012843740388977,-0.09545976115380216,-0.4991741440016287
-1.375307888016282,1.4995593914606038,-1.3651250796590282
1.8404337968215392,-1.1121442666380823,0.03103136489055337
1.3791709554129126,0.1301182832308946,-1.4235306136039076
-2.024125101298952,2.456224612382434,-1.9336306534420196
0.5698790134357767,-1.0091568946133471,-2.3622970764138347
1.5182001429071925,-1.375259752973322,0.4963078421755103
-1.034561925289277,0.7765415457472667,1.9924694378976295
0.6837783597040283,-2.546729856437359,-2.133697896460076
-0.7192522958674822,0.8916195557165013,-2.60043706351795
0.21198204312131738,0.5655795235416763,2.2686241092687323
1.648180319979314,-0.22167349312350873,-0.1518587446552419
0.5127100192059105,0.930727188129152,0.29904916430321343
-1.2085373453613997,2.5162249680112074,-0.95778340224665
1.8369944804047535,1.4650535121617607,-0.05266828353312315
-1.4057487257473766,-0.9099536739126125,-1.3256745230962539
-0.22221214164215006,0.2638287338622204,-0.10338640068224633
-1.5549627300342783,2.7702865969038037,0.08732274127383394
0.7556816839193724,-0.3159766537265755,-0.279524387213644
1.4786953302038106,-0.7449358043711244,0.8421841053341574
1.3508383776934487,0.8604071930341973,-1.117463778690335
-1.0238767751393154,2.0905733515119893,-1.6624542876745048
-0.26406009964170774,1.301090903853779,-0.8231644063659939
0.10188260134861819,-0.844508190701504,2.0525965365060816
-1.755330182264392,0.8821221969887618,0.49571405088880527
-0.3079961729856033,0.885568542760164,-0.06088646777152645
2.1166964472676204,-1.4741144722501929,0.5450444564674799
-1.518681590596112,1.0102486361407248,-0.4200562603515313
-0.364760045911209,0.754045265498942,-0.1283051696795471
0.9163539560358376,1.1550880929209089,-0.9223089049890864
1.0173499953794947,0.19365621899830823,-0.9606322997541487
-2.4225192492196967,1.4682630894948256,2.5960890507982226
0.4414947629632043,0.09294458431228002,1.6786916524927629
-2.64417338570107,1.4876381202874522,-1.0003358121649006
-0.8730347756809003,0.6022172470138188,1.0562580940127226
0.5793529778835351,0.4523059935759455,-0.23092753917668504
-0.8808839231809007,1.8393450234577005,0.021173035186701945
0.7098267504077992,-0.591015354291449,-0.1271007147448956
-0.19395227867243492,1.2430728651613387,-1.4836409460686961
-1.8180616182102805,-0.19035210606789255,1.8122172328080053
-2.100745880289953,-0.5306165980644312,1.726653016586404
-0.07942958085436744,1.1755402527893033,-0.9879675727526543
-3.004272869430469,-3.8261044064526053,1.118467949816028
0.9462140987219223,0.17148749854237264,1.4262173473752622
2.3608415900563977,-0.6088423089261322,-1.5164407528745665
0.40347522396269636,0.2116671575386809,-2.4698635070784167
0.19871242986243043,-0.6083206284537078,-2.6291005166589985
-2.0853480188769793,1.3587005313523894,-0.48156441693107377
1.3584728934308918,-2.6606599428986435,-2.004792943104332
1.303969900813387,-1.1722278856859463,-1.0102663266490612
0.8867461387441985,0.8217527773649649,-0.8546156481799991
0.32229581730196283,0.46229288888329023,2.1830377811191464
1.5000308987415376,1.4589500225129792,-0.4467407567578062
2.4283519988539326,-0.10675252749502104,0.8071205108896372
1.0318540969941183,-3.2924366908572633,0.06591151926436539
1.220422079657118,0.8784713448248999,0.9636721282292862
-4.757260947842009,0.5508049391040921,2.4889288782414085
1.0133393168464748,0.1517472008328227,0.4678186942826279
0.7955087600229512,-1.9290847417790138,-2.147843937571367
0.7876936724482665,1.2872963732148148,0.5041585340316022
1.1472492331954496,-1.1412744977361016,0.41033958030300505
1.0673493077356258,-2.614853333730586,-0.4282978646482562
1.7750992386399174,-1.2035875511115077,-0.6232209371114593
-0.2504387773048026,-0.40949901529331567,-1.9570448722611156
-0.47386647255635556,1.374629758181235,1.615403207857253
2.841414651416716,-2.229352393970545,-0.10475861391784698
0.25465879731173213,1.3801238284351456,0.11660650115364202
0.9700681725862669,-0.29737644742123465,-1.4701692369952595
1.0734848556793264,-1.2360553892942963,0.7632051236366627
-2.488138455542166,1.428700198186622,-0.2829399044942401
-0.5315505357252464,1.9928686983907562,0.8744531844240723
2.107598744927665,-0.707703562908666,1.5867404146225275
1.8439331555796712,-2.3876813008584254,1.854921240774617
-3.9690141289478387,-0.24102997000776194,2.5855020389214203
-0.05248085339023138,1.0034046519564959,1.0707690784114743
-4.471976463378685,1.0563531718559072,-0.22480708394413507
2.013182069222969,-0.512575762889859,0.9425844688884792
-0.8684040399709214,-0.13315666889917124,-0.4322417291311845
2.205612754734337,-0.8957953969123655,0.22785379977459627
0.9599489048689094,-0.5068537830057015,0.06529286657374543
1.2964723473553874,-0.4706467505393144,0.016788330702392325
1.6073109203665716,-0.8687980208785899,0.950700660383952
-2.6627486611912428,1.1394750138604757,2.2622959585197444
-0.20411230853261803,-1.508969113068611,-0.29766754537462076
-1.6163711795860223,-0.5731821786287471,1.3871361750194957
0.6439188404080167,0.25685951606449997,-1.04329166486799
-5.000630848895458,0.9008183177543303,1.7301589798282693
1.9905692637720276,1.4504971237159847,-0.09635669582937396
-1.598513177994691,0.5133928804073561,2.1261601694199155
-3.6043685917433193,1.7259700817399688,-0.5124421906157169
-0.29026093517734824,0.46123847228011083,-0.311254986483292
0.15901712030138038,-1.7018265419654988,-1.3488171222452998
0.4500838051227453,2.3558858311081177,-0.3785085771625143
-2.738643672195262,0.39687587496988913,-1.1217882238701344
-4.009351972219064,0.3838586713655832,2.1169729373970685
-2.58856144721909,1.1441466315127933,-0.28863147036264253
1.7056430603202206,0.9872403865179885,-0.5588689402476198
0.46161621159366545,-0.2086959146017815,-2.532379988060957
0.7963968461452088,-1.193319734450778,0.5012066330486212
-0.28252619136264484,-0.558159449426066,-2.213453266202965
0.1767083591367529,-1.2885139432721944,-1.2629924255075244
-2.1853999625732388,1.7851826088105969,-0.831650509243909
0.28154569139943325,0.8391344088538608,0.5689239354945872
0.9082178333122982,-1.7516800115627857,-1.8416399696754109
1.6858210889216827,-1.0644724561653582,0.15348122291646032
0.7108168504641034,1.87930660138274,-2.0217949504982116
2.101557478782433,-1.7679471721364652,-0.8196009287602358
-2.385480693533916,1.284247324396754,2.3317386298522367
0.14549066478033568,1.3122731555171288,0.30062759462938426
-1.2214371441483995,0.8421277953167684,-0.7239463252539915
0.5448949615738227,1.2472598259942693,-4.45666543646158
0.8158522442211891,-4.542505862120989,-0.9614430141921636
-0.28394823168687006,1.2503302831152958,-0.8158537172417262
-1.9892231973475145,0.49733838104310557,-3.216852315817358
0.1143125195956595,0.08749950861541406,-1.5291620910741206
1.928862819222654,-0.9220978935588859,0.5497257273041782
0.7512335423880545,-0.4426897756137934,1.1664408500133883
0.05735749230017075,1.4613976710035945,-0.15269034679458054
12.782348019565783,4.298455999655777,3.1266915548706424
1.8784481030078826,-1.3150603866429051,0.9764368032867335
1.169836074427863,-2.33758166477808,0.769750260996898
1.9318053933251043,-0.08685354868667615,1.0861363935279706
0.8380244921350624,0.1563083401508185,-0.11758512353118591
0.07815783390304455,-1.0967671590277217,-2.756467687133776
1.9519026894560596,-1.9349762558289192,0.2938339538225147
-0.7724652613273941,0.10197884361492195,1.1770973544618257
-3.9738873213439168,0.991093706514662,0.6864267153385024
-0.6577877239554614,-0.4628275078552539,2.605090742584178
0.7889744326375521,-1.8524595508508932,-2.3254397246142524
-1.4960443129911596,-0.7230319041622429,1.0985240328407333
-2.3814331269736413,0.3442355138095734,2.1114798922316638
-1.7654220188118006,-2.033492454334493,3.3407038392524337
0.6627886690785894,1.6319531930430353,0.09646063544375191
1.8884897948293475,-0.180050455624119,-1.1188897241722944
0.20775423019185482,1.9674962243064271,-0.7627818176853125
2.4631629958726755,-0.0479251498047431,-1.3909906832848096
1.4123584175263417,-1.1959695848491059,0.06138514492811018
-1.407141123174343,1.2212655452032755,0.10701562145993783
-1.4430905744067886,1.7088629904964656,-1.7378090548997462
2.201628652655656,-0.21962717604597576,-1.5540560648871462
0.920743636971334,-0.9351140199486943,0.27252346358144197
-1.6340612596067512,-0.4685728944061437,-1.8322008066464859
-2.7597023658370525,-0.5144804994643761,0.8430904225281002
-2.0805712242604533,-2.049837343425885,-0.7833165145827623
-3.941085902472473,1.2782838416418507,-0.5076745687720735
1.6870081205811727,0.47421465748206804,-1.6405426207375118
-1.288550320787332,-2.2756080966569003,-0.39647801631836593
0.52334671342721,0.40187296269797906,0.6237302167506907
-2.0254743753578746,0.45698566365952675,2.7887272055479553
-3.8355717044650697,1.4405371304388472,-0.9202605479816361
-3.2828208425453416,0.852511124164423,1.5057595788602527
2.0360438665241865,-1.2306013258248545,0.2574296116236496
-0.9563372285044885,1.8291277687726926,1.011758721118212
1.5526200612302883,0.6348866738551446,-0.8930061955648031
2.0066743144329404,0.28853881970715983,-1.360066299046611
0.6879654220714553,-3.597369760176796,-2.491443883063186
1.8705074257171161,0.03263036902718011,1.16503605906542
-1.0685864775559533,-1.3653115966245941,-1.2065141732028872
-0.3396744867593458,-3.4185210042053424,1.284062082488164
1.7388682384958933,0.5210137547211725,-0.4152228412325326
1.9416598870359547,-0.4064020452227432,-0.1909162197009193
-1.2474918822514618,0.22705705320117683,1.1323121564887348
-1.082875900567416,0.7199490628522733,0.0728206932140072
-1.0882608975955366,-0.3156760643041907,-2.909931470972885
1.5013034796626832,1.2163579835671359,-1.0391019245348052
0.7371114998646849,-2.360375716785145,0.6445031786356122
-0.7200336091706953,2.453996986319289,-1.4716814224873178
-1.5441057071486863,1.497724057779533,-0.8893334271589078
0.15821173458751586,-0.5031975548913586,1.7536763917988527
-1.1273243764862095,2.412435950639707,-0.7749080716403073
-0.6968695116426546,3.0201758818264346,-1.347870410137102
-0.847394947699308,-0.2117800795599933,-0.8810901354855717
2.1585774270928755,1.1269996514709484,-0.675948172641839
-0.6506459437556706,-0.5552336846523608,-1.9198942166666624
-1.1789329649698967,2.223992000449479,-0.6705933091944877
1.2624403056770535,-0.9585458531672015,0.18747513671500843
-0.17163389706131132,0.7760136316082799,0.6389313842864599
-1.2589221060655855,0.6755462782208846,0.9581225720516171
1.4074089636928109,1.5774979951088137,-1.3471649437809614
2.560803400508534,-2.81275075759503,0.9837609552683454
0.4772508685108067,0.7159840237732628,-2.166934503197438
0.8518496585798065,0.9182847435991272,-1.7220941617966825
0.7740815345845493,0.7501180678719556,-1.5256580605333414
0.3018648147464472,0.5031928040429343,-0.8550058562035349
-1.4846734092660103,0.9248849733708434,0.2983149081239505
-0.11698124519514218,-0.9338459080060533,2.6397571115304816
0.7781432926437302,1.908041765604831,-0.4389488818218641
1.7065671273774177,-3.058137018294413,-0.11815998512395784
-1.4194542745453604,1.198666988162164,0.5151877752668986
-0.34333291325992177,1.5339176621978097,0.5024347415167418
-2.7235101637288346,1.9269911341334458,-1.929278413740048
0.09359723587776712,-0.8595533070456465,1.4560413557977654
1.112484630130406,-0.019185760205854965,0.345306689232116
0.7650542824992569,-0.9471777152379391,-1.8832857154381704
1.1593290542728882,-0.4459590037969969,-1.0244885784904272
-1.3685147062526137,2.1700931205698377,-0.43404517406142634
0.28801802036480545,0.8569435280558974,-0.40657115651546405
-2.0841959991904915,1.1049045274414997,2.003030349289963
0.9989741134938613,0.16896270490283707,1.1670410146130192
0.39043172734129744,1.0242080956540662,-1.100343352311574
0.8993573600264895,0.5253115326030728,0.5772752212549159
0.005883173126344696,-0.6321739455591842,-3.258140520640935
1.0830661738927445,-0.0071255655653073915,-0.9353629368107561
0.7249025874366665,-0.7799022889966849,0.6763993902537037
-3.607490623643626,-2.480163237599602,2.9415223959088634
2.4292100347955965,-1.218499982222667,-0.8845096316656997
-0.5757020671050589,0.16890707234458222,1.482395493725523
0.7090076208780677,-1.9282328597353466,2.0687070873126427
-0.9782139528429173,1.1894854939241641,-1.2471953033291514
1.0188870242106831,-1.4998937587847228,-2.064006550651555
-0.5950013011758268,-1.1436123173527433,0.9246438900722375
0.4201559181434977,0.9149417655956699,-1.8093094825309488
0.08233724382653353,1.2844323914216456,-2.1682109664883993
1.5374247790047781,-2.212661903848144,-2.0135052380640057
-0.22539630393272,1.8102140622298077,-1.4260819879625415
0.48239400331060744,-1.2977064628085826,-0.10933746335180229
0.36451185825079846,0.31527986499138183,0.12389610930005927
-3.3996158338345572,0.7888152314634259,-1.3422319234773072
-2.0148686285915867,1.1539878758800348,-0.16846694749058164
-0.18903427095404146,0.7078805461856205,-0.9345548114451352
-1.7687330250687296,1.5710836509463142,-0.6441185328778948
-1.7892209235909002,1.2383466318119252,0.7730700325845773
0.24574083399020138,-0.11902707630942341,-1.967151859051659
-3.351240524766214,0.29596681286322557,2.4417672874050353
2.4350423882873837,-1.124732862042488,-0.983693174071827
0.582119519054672,1.457071346402625,0.4387536657248542
0.3445375952278872,0.3733177024409435,2.323188817666443
-1.6450449169996002,0.8281854963848451,1.2567704211666537
-0.21303585415769521,1.4028695374951297,0.7044654138593188
0.5542159458306374,-3.501001607418021,-1.6651033240182735
0.7209488990601124,0.38104252456293947,0.8981883042334565
0.4171600331276225,-1.870696508622244,1.2156072861251745
1.617637438783529,-1.2074635285518796,0.8260231864582049
-1.3006188643855914,0.9598183268542062,1.3432000209165669
-0.8780915900598321,0.7404286355223372,0.37269123643425556
1.5856884097517956,-1.3099432880038198,-0.308990243169354
0.41161541190972323,1.6434467736281928,-0.4431874615730142
-2.184556613413867,1.3191806288866834,-0.46809516598336176
1.9612311007189334,-1.7191133357057955,0.5612846442645522
-2.5981771353714076,-3.959666177661245,3.346517705606793
2.284055099527091,-1.099588004812884,1.5992651214233933
0.9508520122938655,0.6828612311359066,-1.1817406232225047
-1.3497675681893162,2.5471011879590093,-0.742936628531319
-2.56048817739924,0.5160302718586037,0.4218136325400795
0.738261033793465,-0.8409527438113812,0.2929949267998982
0.33167431446372697,-2.2828568453534315,1.7177003248982197
-1.2623921615446092,0.16531897609355997,-0.9324155750239616
0.38585861619606426,-0.8080588889146919,-1.9636584387814273
2.6615060150635785,-0.37191505512198436,-1.616453960852603
-1.4936786477523865,1.5474885597546162,-1.378211614868033
-0.12767186190992427,2.587434934244811,-0.8331624218364493
2.313298182568818,0.4457044091532429,-0.07156290841923042
0.3699641410391173,0.275699202020377,1.167702019022386
1.9413161190492463,-1.2341958435725229,0.363047756365919
-2.472528011143708,-2.8962428233450197,2.7368270668429684
3.454785673954466,-0.7590375974789655,0.571946123445993
0.508534389823311,0.43726696459552883,1.1566245650371476
0.6198025115132526,-0.2753985510354741,-1.9995679027509958
-2.283908158191988,-0.05337681989980937,-0.11004323914555321
0.6469248143196539,0.7803860499902516,-2.8710850882275247
-0.1356665242688092,-3.340728951738489,-1.3899741674726176
1.8008795477819532,-1.6664297488790938,1.1323596404706182
-1.456323395952316,-0.004949936929729469,0.8541726110174523
0.6006486911768755,-0.3383504252561425,-0.07500380424153887
1.605576007908234,-0.9027606877384003,-0.6903961791246025
1.620361222905254,0.7392507941940714,-1.6597612831069029
2.1839570714213354,-0.9026409914188576,-2.4753200510838322
1.1092321184096354,1.5982129941389198,-1.4733516477290376
-1.8925265655224086,1.4663230996399743,-0.10585615447807784
2.0372021768851014,-2.657714895531726,-0.6304429755938195
0.7659080348134966,-0.8622577547971279,1.8977599556717053
-1.1824499943833569,-1.266164438332355,-1.2917354212990486
-0.4626050370930964,-2.6256619550249694,-0.30166684828980384
-0.9433240752502775,-0.1321641736253989,0.926082532840013
0.712497072917477,1.1858410513750541,-1.5550160141622327
1.9158287923380315,-0.9158221842184177,0.6964009750540359
1.0258959583716776,-0.4880717180964947,-1.7159596327206723
-1.512187447124985,0.7267768403036691,-2.2865221945335508
1.4039087463026854,-0.2667792401470414,-0.4350386048075291
1.90879967509698,-1.3113593957526293,-2.011421175027894
-0.7787815872887583,-1.4129092334084241,-1.2138728719676486
2.1010477857191234,0.4079393932495725,-1.1929530425978376
-0.23046769855559537,0.9121964363610461,0.9705393192208618
-4.35926685543959,-3.179238178016563,2.4469996846579143
1.5898925106558262,0.2973435349321463,-0.24904322396059503
2.2377585330252567,-1.9078075376559165,-2.3568432580383707
-1.6839616667479236,0.3695785042020284,1.4620794023024404
-0.7297647592170535,1.1936838783799881,1.5309095873216216
-1.816640209244886,2.144791806236211,0.5670603582989067
0.6505719868013649,1.6602271031337508,-0.42506429515244354
-1.0257963541146533,0.8793494812243532,0.11272132514170743
0.9867456086918907,-4.251643711464401,-0.9287182069011323
0.34462543738546975,2.118262307585358,-1.137026871295205
-0.5477343331766684,-1.7806899468447792,-1.68339695249134
0.5463609025754045,-0.17945147576119766,-2.047775310325225
-2.50752642637055,0.6976886719042824,-1.0412330926182038
-0.241422318227141,-0.11304965564156715,0.5639136087407386
-0.8180314977454611,-0.49959347685251027,1.9399407774221151
1.8906157674672408,-0.17818856102861197,0.36034433268108806
-2.14257504038027,-0.3618173582043483,2.3807627810759913
-3.1175184731993673,0.4848308355004516,1.1407720425313244
1.290099763759305,-2.1872782356505156,1.1375188313917879
-3.586830395722118,0.38653452652472714,1.1104179879225926
-0.7892688228408553,-0.13625588573842448,3.041409104027581
12.067843571767158,4.082246427454876,2.991222931871509
0.8712642621311493,-0.9693611781502934,0.6519177848316154
1.5220032041267826,0.5661471201540715,0.6333056559340439
-3.3724433391608595,1.6008047097762226,0.3942925506422263
1.2942161565226906,-1.1064692016083626,-1.0058221354116452
-1.1463563740422138,1.0040175918537195,0.1229644125311487
-1.8819439857824356,1.2379669867920995,-0.803023516730751
-2.4935167263845974,1.4392241209590648,1.165615455098796
-0.19627085163869668,0.7502270602153216,-1.1697130076105167
-1.8542138346813994,1.3171697416569095,0.6743835593949118
0.9544993609565499,-2.81197957496774,-1.6132607721384113
-2.4847874315807057,2.7975722114979895,0.32032854937968425
2.0103991091158266,-0.08885421819017275,1.3727648701521593
1.5760456967076617,-1.9375590675456384,-0.6215181446339441
0.06556458604348939,0.6421302844169484,1.0161405436377102
0.9787160601117962,-0.03666962664651627,0.5615420925342786
-0.19989396887080635,1.6583387142030692,-0.9129657955038152
-0.07911161020418753,-0.6052942536244997,-0.8635977585831005
0.8929977356991319,-1.9330635655298953,-1.806351340128591
-2.2896926470810546,-0.36079665185339516,2.5367413923040845
1.1541447633705393,-2.315769290978373,-0.720046994440017
0.8719066427128784,-0.5357310036055988,-1.5567026244886883
0.2860278260731568,0.5672723783085837,-0.1918321181156391
-0.5513124560243905,-0.9831529602982422,-0.6571169000082557
2.0068534990899547,0.2745109670381701,-0.7115580762242728
-1.2816375923454078,2.070376701983364,-0.9087963448410499
-1.3150964053792547,1.0315660987483104,1.6835460343179067
2.353369115485098,-0.10662698414589826,0.26362917524996293
-3.573279304016137,1.325074290593041,-1.388979814645712
-5.049673101519277,-3.3748828938133166,1.3998580309161939
0.12085057160060206,0.2741118064519543,-0.5778165545138211
-1.8377118552014657,2.29463623033838,2.2452606293755895
-0.6002236183621892,0.861721521082009,0.8948711837017936
-2.495455303916922,0.13186601366723338,2.2845180720854854
-1.7950861555413813,-0.2398527742905577,2.1464665332558335
1.9244591672808145,-1.545461040528442,-0.23464571146681834
-1.765458877740768,-1.051087847959338,0.7144236010963655
3.4585968821974813,-1.515878778279084,0.33859562126782194
0.20285873182901806,0.2644786217017033,-0.13756671470314094
1.2123343718861905,-0.69284629062945,-0.3334868897283946
1.4841815698426153,-1.8795736080885428,0.4109251524189245
-3.1572412949048174,1.5104780243932348,-0.9730200089887703
-1.9982141176295287,-1.1405487691785658,0.5368641741629031
-4.710451404583676,-2.898427170606277,3.2477605325697887
0.8282166900265175,0.34674295687295853,0.17747875819227715
1.0607539196094085,-0.5393703278834984,1.9915256374566066
0.26608097898439625,2.3425077973125297,-0.25420115859277176
2.4452842993135695,0.3833929132466218,-0.1860414725705216
0.91819557177585,1.2988824508272314,-0.43468513509250717
-3.166927412815925,0.94776442945731,1.231914173742991
1.4749554611230964,-0.3307915881742492,0.86613978472898
-1.6301362245784234,0.08802649913876208,1.6636661539914124
2.128434380613276,-1.541213264306641,0.833567540074442
0.2197565215734435,-0.57015201751706,-0.22155061978652738
1.6795397036788293,0.7321562152276438,-0.7095116516511718
1.6161531025261133,-1.4676300359846164,-1.9611546305652108
-1.3399737248550447,2.3951505210529604,-0.39147331237236227
2.4279335299619396,0.06447971240736856,-0.07139497536731046
-2.917683795749578,-0.10717955843630418,2.9697841828817584
2.168284658113784,-1.0411151449514355,-1.1548796420614376
1.404344915980506,-0.35613659473581927,-0.3572648380720888
-0.2419885776811929,0.5954819863146398,-0.27091267270981084
-1.1093091694981143,0.9854194014273754,2.3278527868524104
-1.513369684364238,-3.230375748676083,0.038917361544802596
2.7894903765385175,-2.614226268273749,-1.0162123692772345
-3.5808230037723257,1.7900156836428747,-0.574224652138608
1.5853163973881106,1.803402072019811,-0.8563936197818658
1.9354898311928093,-0.4394034728722794,0.32951849482322887
2.2482334231612113,0.25644608059142804,0.14346080496699415
2.1150357368026746,-0.6977434418114181,0.3854998192305105
0.34512074886968247,0.062512161629518,-1.616112657224736
1.1730817156125934,-0.9111165946295229,1.5403195714268412
-0.7953237773769248,1.610975479202322,-1.5145205319324864
-1.0232798367801896,0.5486010124326651,0.699425016700244
1.6667124444988874,-0.5422600536933381,-0.33864008155196573
2.2433840819565187,-1.347255918904532,-0.22431824782497073
-0.0075102651993804335,0.68795393626206,-0.28798698849440013
13.383648965155153,4.436434313081455,3.191358907704196
0.08098741324578285,-2.668126169750496,-1.246380239298218
-2.0334508133355165,-2.1932545898202194,2.6576477705388712
0.8165355595503279,-2.2400848713821917,1.4316003279325566
2.020804343510233,-2.9269159097328785,0.8126676917197273
3.5926178885871245,-0.4030832103214507,-1.3693042319854494
0.5366334492328758,0.5083261461921765,0.45962819302915064
0.2818034192859751,2.095271887445562,-0.3612358381868112
1.0971924302897622,0.22203881569891037,-0.52371587042107
-4.250407646183252,-4.926486633814176,3.164335548395613
-2.0462855397628985,1.8451736546192261,-1.035075094173678
2.138219138078925,0.22557008936570583,-1.9739087766478776
-1.5452545967310851,1.1535368166665882,-0.05144690029405459
-2.1679523359486104,0.3831703363774866,1.6798192838694361
-1.173020363329575,-1.2844945389601627,-0.9871455742123354
-3.2533985071081526,-2.3531157739774775,1.746827703132062
-1.79019714479588,1.067150851153067,-1.172480732554691
1.392871888657229,0.7887443018765086,-1.3646639999470516
0.04790577422562769,-0.11799971831811155,0.622650190286086
0.6957152633578694,-1.678453044542453,-0.9885486343413643
1.6968766466258303,-1.4901056072579135,-0.4239179284161912
-2.3982744549889885,1.5453464039450386,-1.3366003151304506
-3.0068155439255375,0.4878525265557713,-0.7344987094436906
-2.3486141712440447,2.091521799429843,0.016008506477310218
0.8579781840370021,-1.2475218983793033,-2.6696862419361573
1.7184878930565384,-1.4527369148066003,0.6147104471770515
-1.2723266715019452,0.4728245217838059,0.07901760772049074
-1.0783348417495728,1.0355076544363195,0.04823687087518474
-0.35823895466195055,-2.9094554319789996,0.49627835101719453
-3.7641096014035,-3.7010737510209446,2.42889157107757
1.260697852599775,-3.3055757446428045,0.6718659730291541
1.4462404737584253,-0.6966658726470037,-0.5694119682843916
1.8979295713772284,-2.03363314421171,0.645293321285533
-2.423252552448002,2.3566586804687777,-0.6288243142277437
0.3855872390580689,-4.368064440771059,-0.7451450308119749
1.558727614891883,-1.5816995751636267,1.0523903216328272
-0.9260963440806581,-0.6859454500519593,2.393870661958938
0.38051436108767983,-1.6536950944941082,-1.9607655835864066
-1.5004359374222376,0.9751077247753998,0.2616620854790595
1.9940322422010555,0.6896318138120068,-0.729512878400808
-0.5664116061819877,2.6944780436901787,-1.0872206769827197
-2.0467159115133264,2.07887922812944,-2.9168207280550287
1.4820598910812288,-1.7721530139327257,-0.8345925270401506
1.896491848947886,-1.1193348823869842,1.2150876660616794
-0.28240487516285984,-0.3446051916590659,1.1482100207843102
2.4621474188782297,-1.9643578461481028,0.010808239494949076
-0.4111582761092653,0.17973448377175866,1.3166692734259198
0.07833356236402726,-1.234706162720094,-0.42426046079947105
-0.22598264665523046,0.9759701671153254,1.668313953939805
2.2699956335321656,-0.11841766291962436,-2.178089633832625
1.5761568868765528,-0.09625220614283586,-1.297890084014984
-0.8143897374940042,1.5691244470537533,0.5891840401998463
1.6305863024595022,-2.776673986975176,0.8956279741183164
-1.4031742934948697,-0.09832254662906582,1.5742828106328834
0.47004989973989725,-0.9190154572944277,0.688786411618905
0.3999236980968675,-0.14977365893979566,-0.390426829597337
13.289836376009049,4.472256931528744,3.222007148314356
-0.9922599884511952,3.1424058254271814,-0.8363373532637508
1.3169988083201793,-0.7387375623225745,-1.410931381867156
-0.07959043965927923,-0.4334588069862726,-2.5917965434878227
-2.280123984528327,3.26501104003988,-1.1027838851959184
-0.577146572395901,0.4766917698183887,2.4696301702725862
0.8812652040781149,-0.8297299720494555,-0.06182752422089848
-5.172780674501445,0.9347765000188827,-0.25517798725968377
-3.3641110585793497,1.1524922347065631,-0.1719280454700536
0.5631767803004821,-1.1817009104936185,0.24760553897361426
0.39637584446441637,0.5650647626098729,2.452708247382065
1.6923715127442989,-1.6715549912568544,-0.11495659798195755
0.6607113213799571,-0.10670820023633625,1.8541916541491281
0.8513540586192921,-0.15755311205879313,0.35864558307187683
1.8419406852626437,-2.176062864520791,0.5457782367453269
2.0156997545847335,-2.208171760105272,-1.065639756303356
0.8259522744465788,-2.625939589483093,-2.634009921754005
-3.096609914376382,0.45671981603327755,3.27794612822368
2.2694103284045117,-0.4943415743723545,-0.15418370746988927
1.4529641714620007,0.20017076774756443,-0.4485337130586871
1.850437056829599,-0.4090392711649889,-1.1552858929412506
-0.846051461774421,0.5869061832002583,-0.16569203485446715
1.376945647661099,-2.1291515490836583,1.5964822698499073
-0.2743231582747583,0.8886539344582054,1.017089321034055
-3.513357109479462,1.4939450976462314,2.0664178326844573
-2.711397849190327,1.06300608586145,-0.22368493360312047
-2.0709616468198195,-1.7830319534913284,0.22911956733729483
1.9377707606295365,-3.0555703710356013,1.1803123389485668
-0.2480848047250157,1.3474641422882978,-1.2756340596746032
-1.7201718373748802,0.030494892193455796,1.7459337864147653
2.230874556395309,0.17875937081668314,0.9039464164295357
0.7316545753091487,0.7303719584707287,-1.598394438173228
-2.1135951758867537,0.926164408532832,-3.129850937713411
-3.3045630820069785,2.3187416956289097,-2.0340602752898764
-0.5439619557315535,-0.48311855505175755,2.1211380633024692
1.6609079780286178,0.32146579215102483,0.5868420401633951
2.0803536487788574,-0.3405372220933822,0.9437612206193047
2.3160807812857627,-0.07876836027242778,-1.1748541486688917
-1.4921898174699786,0.4462945113159675,1.270985575672351
-3.206015664087747,1.6919647416733077,1.4786712382042677
1.8819806917427642,-0.41607852555573094,-0.7672229192271157
-0.4342215899839519,1.1755625589691128,-1.3079533579208444
-0.7152690041914336,1.3481466614502173,-1.4862016736747283
0.8997238237578083,1.0811305093328505,-1.8255263532028145
-1.192281481391363,1.1042181972635547,1.3146451147988685
-2.765778584611156,1.3411569588093473,0.314950396399611
0.5817821947783257,0.2955176990451768,-1.1896712127565379
-0.7707140268484328,1.4652934398481592,-0.18818432695175225
-2.200017233031092,0.5075632440505251,2.298157978326529
1.5165935893505245,-0.888100176466668,1.0847936350993723
0.8708945086911014,-0.8897479286139507,0.5239032250226839
-4.639248800566376,1.6351222811750135,-1.227423061015437
1.1328455655535539,0.75643449188814,-1.2914182722624796
-0.3230771464235599,-2.015589549464588,-1.563904695593771
0.05360803572435318,-2.1907429662307027,-0.10808773313690007
-4.123937794816336,-0.40558816378151785,2.660742538416781
-1.0325109327422757,1.044976350115938,0.47836150081533707
-5.682181862371884,0.8072230502836173,0.1620990036451883
0.07348944982381354,-0.09068671489124892,1.8471018662297893
2.220134811180595,-1.2873048292656077,-0.024496285234746392
-0.8412643664201557,-1.1753094096971486,1.039247630905268
-0.18633531237058673,0.4755079081370456,2.3334788908645985
1.1590791319786937,-2.6207635481159577,0.00933902339649073
-0.46052954274812724,0.2955401412544245,1.3409468197098404
-1.6524908230966593,0.8520689696917824,0.2031156521216515
1.099510288316868,1.5964229443028257,-1.2507666516972338
1.7955323349765129,-1.566957957898594,0.30425154449182673
0.8132004176008474,-0.2532238630140674,0.7406519157697816
1.9061866267546363,-1.193300603771546,0.21094957255267519
-0.9059052329483437,-0.16591115786989197,1.7780683850939558
1.9507445857854573,-2.9505512883778833,-0.18370936252095715
0.6596228613861931,-0.09218998313335737,1.7295012241548273
-1.123113785913326,-2.252917042168275,2.8429365546591026
0.8993573600264895,0.5253115326030728,0.5772752212549159
1.4846275375140503,-0.5557543675029719,1.4707059227654469
-0.8953340447604001,1.18834389728095,0.30147053494910164
2.3062235185804467,-1.1048377078943996,-0.7977194391327711
-1.0399593446802073,0.8425417181193037,-0.17411962877993084
-1.0348530894731722,0.18344140444273355,1.0382937331799718
1.4270965317580373,-0.29777877007232606,-1.697605764920612
-0.9293323012783613,1.5227605973727407,-2.0749222677875556
2.0893494153488947,-0.5564943845055349,-1.3525919122655234
0.9362210130944969,-3.375573655755656,0.5050153714109954
1.0792641351941314,-0.28176088377807523,-2.32083382797019
-2.950653104360294,0.15155599052560245,0.6310951513840192
-0.8134466971227761,-0.06277134384672495,0.9018170311618395
0.19736922849929125,-0.01425806287375521,0.8471294772572088
1.1294382176042155,0.39156697448912803,-2.012562197610853
1.179997051607539,-0.037308913963474806,-2.685886954617897
-2.1045890014430793,1.1160008438029205,2.4095035407288585
0.9727429363489444,-2.065386742582122,3.1717889799507866
1.3086573381392765,-1.3292869721734304,0.2960140505693034
-0.8205663737544976,1.1834047935683685,1.6763605878858863
-0.26888035977224295,0.6133462959720691,-1.9109354738770634
0.1143125195956595,0.08749950861541406,-1.5291620910741206
-2.152897855526292,-1.1384176963032948,-0.5494051073203691
1.340610646024211,0.35042556059573776,-0.37002398213279014
-0.2102166124784808,-1.0161321746737733,-0.9213722599349545
0.5354578728929021,0.5031835359428584,0.7453200068837353
0.3276356736362632,-1.6724737605023603,0.0031622046397588605
-1.4383503970496385,2.9531075800528432,-0.4336009830575857
0.9986203943187708,-1.903456910163777,0.19503966944300324
1.6225869537401438,-1.489067236953911,0.7727837703256737
-1.600109715801306,0.5554210867334536,0.8402966591794592
1.7847459552350633,0.7890096024308657,-0.7567599039366847
1.5636113147801156,-2.689567345486132,0.3113158361417744
-2.224759679542427,2.826232357794193,-0.8828413612642956
0.5696304000094807,-1.4066409374562883,-2.0098512149846637
-4.302558355475617,1.4401036153585614,3.0234553191424807
1.6670727406505172,-0.6992425303872084,-1.8208026305029854
1.5756983003707097,-2.2980361773301605,0.056528768141337754
1.7449620281445746,-1.6819936657682373,1.032461556520817
0.1143125195956595,0.08749950861541406,-1.5291620910741206
1.8031278011765877,-3.1701215269527956,0.9594385844311234
0.7865181460534253,0.41155161091331693,-1.742264183183553
1.228503067964832,-0.7757864707196077,-2.3898229899851775
1.177340725383051,0.4155100797547749,1.2194468725454668
-0.8176918845058416,0.578698074027231,0.43571132393935136
-2.422806491071897,2.089348013686761,1.5884276510380957
-0.0044319325909145295,-1.3773655130097053,-2.8027991716658907
1.9297121037102456,-0.1174943345387439,-0.12289918573234414
-0.8174933171916787,-0.374050547550827,1.9901001616794287
-0.2739857570542462,0.03808224413576136,-0.7962445750208625
-4.237688481804837,0.3686549221713619,1.3305097621459532
-0.11747161905488286,-0.1836230769275151,1.7821363337541658
1.4385408315872303,1.7618486811573535,-0.3706447002604697
-0.49391969682952125,1.3754710284556173,-1.9426086601732608
-0.9163297921405045,0.8699859766886043,1.1671940743385452
-0.48396745915376954,2.249531962087325,-1.2040358132131304
-0.8650382460411679,0.7998039554581861,0.7456371007145693
1.9894523881919277,-3.2562566658440923,0.6115556208915105
-1.1460893812026471,1.601491053861996,-0.7536959689754071
1.4719371364540643,-1.3216922505015225,-0.7443569834186123
0.4789943527688246,1.146587433214429,1.098823561456106
1.236131979445062,-2.3167830378321153,0.3786732934778315
-2.5516807532866554,2.0405041517391904,0.7556323655435496
-2.3584978525745646,0.7242633190737982,1.0335644034168916
0.5289911620995319,0.2079339693398326,-0.4393836574034865
-0.10795119950065893,-2.44789912369679,-1.1277589501494885
-1.1173208369720735,0.4755793608837856,0.9247599273832365
-1.91240373641973,0.18051591295103017,2.188310276508182
0.8152922783631548,-0.4057620285023755,0.6794689362755106
0.4909739629832161,0.4284864378993394,-1.2409160991376191
-2.028401681836433,0.026209297117949688,0.4661547089087485
0.5780149849260809,-0.458527578376978,1.1777813100592087
2.490920022710709,-0.13162726757857718,-1.6898594657029895
0.3442892856674975,0.5998412830986658,1.040372066107167
1.5033276397688364,0.8836412694384467,0.07810923185440435
1.198947315878858,-3.7675103823178797,0.361151346202679
-2.2085505673593633,-2.003491242059115,1.2156324978724946
0.57830591350373,-0.12561030974700393,-3.093934052684129
1.8661009747730675,-0.9653871941964343,-0.03709039342156463
-0.7779225284189389,-0.9380265147298535,-2.1302528243558307
-3.166095709643572,1.504180462687311,-1.7289021529303252
-0.09703710046142497,0.7062729839324212,-0.5839632996665531
-0.1273900198502074,-0.21507414407899236,0.8824651411314762
1.6097321089826302,0.5334812931869328,-1.1643527443407795
-2.862356511829578,0.15973505507101374,1.6053280046379252
-0.598475815731602,-0.5122387444110001,-2.5798224716120877
-0.450921795688481,-1.721298549622464,-0.4048359272451074
-1.2410202797411198,1.2771711954906264,-0.6876171679224773
-3.1069788987649525,2.1892007165259977,-0.06442820483162358
0.04207016051254035,-0.5751271317011403,2.3303160421515026
-0.4781359809211699,-0.49785506733637314,1.6274227347672938
0.6745451173318255,-0.8036985610763373,0.12014225030454778
-2.16350206939865,2.057341087656914,0.8569413428566712
-0.25271924729352185,-0.9712268240932431,1.4420561666163676
0.9790893574762195,2.3279406855165483,-0.7254946633313424
-0.4492157373742302,1.7863331100467328,-1.0283377131642646
-0.11382835097190835,-0.10275678015011436,0.125640754501325
-1.0061007452072712,0.18386468519661028,1.1018641301611842
-0.8964835993677805,0.08335687185028447,-0.9894853390178826
12.124291536949487,4.0920827847846875,3.004728002776197
-1.2031280630688517,0.9212088945269967,-0.7988902780960954
1.366810307966275,-0.3627873308225202,-1.5111041741013187
11.30887292897455,3.7290002451833164,2.766006151949325
0.9807756526840943,1.840306499377436,0.03236495642263826
-1.519921251875545,-1.941550975356354,-0.23571945835561536
-2.135765011362363,-1.0387195720318794,0.43891103117581665
0.19110508668685988,0.21790742776643607,-0.5775213376920401
-0.032710680851145466,-0.3150377338011201,0.7313592923893028
-0.16478405902273957,0.12457288210181486,1.9634942655270566
-3.6319311219352506,2.445745903268295,0.9426205182461781
11.558259997814869,3.9153408521228914,2.8966665835285172
-1.6570322610065653,1.1668939946156913,-2.7059388705074734
-2.786414461511302,2.500277722122256,-1.1447719442728126
3.0129483405310533,-2.1541119638724124,0.4744739851863061
-2.0972267729320175,0.9184408799538815,1.1741418956946557
-0.381216315604502,1.7509408631709173,-0.342776100015745
-1.6124924011120767,1.111316261151429,-0.13653446397871602
-2.3439496559457536,1.1510190908622213,0.12865817316096032
0.6322955537810034,-1.8279064736873407,2.650218804151706
2.458743880365686,-3.3426401961998757,1.111945626922626
1.3573610634540354,0.6218117883335856,-1.3557029593672205
-1.1814556259028064,-0.04957936907260743,1.1255882252984681
-3.043283275901051,1.242128344224325,0.2955582222212457
-1.531790837284025,0.17308795636914823,0.4971956308818241
0.8311215980075441,-0.3144607837631064,-2.629585280335824
0.3922954530131671,-1.4150041984067934,-3.0055973644198923
1.7578368918011664,0.6671116759696158,-1.032576740248868
-1.9485469596284706,0.8711588315023636,1.0933119239922338
-1.7363074815938873,1.0012831723196531,0.5867238829318719
0.7683850999544692,-0.9569596940792072,-2.736187093243699
0.8360029045224483,-0.02293601745336277,0.7666717431269836
0.8986316628101356,-0.41748942883303025,0.9356773993465304
-2.8135127201732946,1.6998240948800574,1.0711033344756424
-4.549882237489495,1.7149645809980956,-1.8391916716369476
-1.0735299748002445,1.743498078426262,1.2026540011163394
0.09555338942206763,1.7496872927252096,-0.8427243876704422
-0.05469353422649266,0.7873896953047295,0.38390435293846753
0.8711138012526964,0.020616814919714364,1.0227292851543257
0.9935104340784533,0.0068722535997912775,1.4158615488478823
-0.32127388639431825,-0.7874742112310658,2.0575567935134074
0.2904482399928783,-0.2292474887222744,-1.1564126024254344
1.727799294930909,-2.471552442616612,-0.9672342735314172
-0.32989360138792717,0.06599541146446708,-2.090565659024819
-1.6056271586315387,2.961140316629515,0.09988193492634749
1.3379605292020407,-0.80760524975293,-0.3637398084753612
-0.2038624383913776,-1.6364487145295425,0.41780132945617837
-2.813951872490349,0.8656584480505287,2.378896787591936
-0.08753394810306037,-0.5314104440280962,-2.8817009983574065
0.9550137700570058,-2.533365746275769,-1.295444861099993
1.5104886599110994,1.137530065529542,-0.6704896402356956
-3.7802067067559344,0.3604335493679755,1.3085808921798938
0.4115279737487975,-0.45815081658085577,-0.3976360515413672
0.7889648611856053,-2.113957836448504,1.4301237462700163
1.1737985755742684,1.1425492078105917,-1.604162503635376
-1.204210811028547,1.011434555317499,1.4978229376969143
-1.0613077955055141,-0.015606176600108877,-0.63906148802838
1.5844998016190037,-0.17841754048931668,0.40160784187997445
0.49319082903600003,-2.8912441411734147,-2.3426621780894124
-2.4049694790557057,1.4177116749291514,0.8669681755747696
-1.163666269219712,0.3511318375517186,-0.9373145887179617
1.1460100466117151,1.9076053931729957,-1.5388177207298417
-0.6245519464044612,0.5473467633718224,-1.2763614831003118
-0.4065336087681001,0.8432213661325073,1.1777898862277831
-0.0286478935760404,-0.9048252918434417,-0.42088261594475324
-1.181165683205247,1.7109653531270874,-1.3914709986510867
0.4723830499978457,-1.0488178859654962,0.9246988426040451
1.6419011675479607,-0.9418438278218728,0.047815410259215006
-2.9816665089085954,3.445980691321319,0.3703711630908959
1.0531052644965346,-0.014425123562264518,0.03299973556964387
1.642298080289244,-3.129224642550933,-1.2316162966199116
1.0243762818677473,1.0105288790390796,-0.8149159319288818
-2.030728527396627,1.7583653979412324,1.8374873799323161
0.6614956773954759,-1.8123512253418768,1.0301767940377955
1.2040543506545556,-3.8545453505056524,0.2848010627336778
0.43082989887313233,0.580498942831547,-0.7044137524899862
-1.3764541387419142,2.1641373792128915,-0.5552644531743813
2.2119725315685246,-0.2901663215660263,-0.37899029288934516
-2.9310925067390743,1.229885742351801,-0.6998559216271577
1.1135054398733764,0.5631401481400004,0.5533128966527641
-2.108168200810066,-0.10597737876077384,2.5973067108798715
-1.01140959456848,0.4736951422922818,1.9013738561749065
0.00780757343039692,-1.4890757384903852,-0.8843203394644403
2.0931692787696785,0.5868099275054754,1.4993964107546773
-0.1997759246133189,0.40781230163441756,-1.1944234747515494
-1.630963558568795,2.3223038219379517,-0.9461176533125624
-0.9707869402998801,2.0311545743574264,-0.9232281465888003
0.6711217018786959,-0.7652331347336304,-0.13181591788116892
0.6777993630218325,-0.5100441883536924,1.2528876018904511
-0.8079324062917966,2.6643372649798556,-1.3842099462703035
-0.7877781871316661,-1.5241152138903198,0.3735364973819773
0.04199321464119821,-0.6999976478193428,0.3181393149464016
-0.4215402993441915,0.4344682665105507,1.2702352621708266
0.8728880439037974,0.07754736244708915,-1.9359082802680792
1.0265412101970788,1.2597381519725444,-1.0559576450962151
1.5226709617945193,-1.8299976859167641,-0.784011886080006
1.5391510088916103,-2.3657328113110876,0.6375600992566908
2.094706471590113,-3.2289817438482054,1.2832375502788824
-0.3951253086865145,-0.8170187624565755,-2.1081031970460633
-3.2147056128138374,0.22470292505639378,3.066650131772745
1.2804059094195868,0.0886876010599131,-0.9099342575865507
1.6254305215696314,-2.726522679240312,0.008495825364818037
0.7945387224875127,-2.85056973944102,-1.4810852753556816
-0.036823270493973916,1.4110985559815026,0.628191983434172
0.10818164534860751,-0.3682725344124123,1.015841603184657
1.4004540476764238,-1.6268961657063843,-0.7590111050769314
-0.17990708714887108,1.350125702629553,-0.7878497951972953
-0.04240721019331952,-3.129184694529504,-0.14864831753941324
2.3440553943101894,-2.1253992761948934,1.1594781185287075
-0.8114799644119645,0.18175697051814166,1.5891654063959397
1.4358279849479567,-0.4112606797431333,0.33970983853002934
-0.1472093786786718,0.07734021961100608,1.722175273356773
0.7261818585371499,0.5427395433867733,0.3762685313778442
-4.601924555017199,0.5292179914960242,2.1177337086162886
-1.0855545741713892,-0.4361236290263799,1.9155271084514922
-1.1842190421482879,0.019153155770240755,-0.36392645676240565
-1.0838912790944761,1.0853628833700844,-0.19021663993311677
0.18975039069487343,2.3368388634452093,-1.0849896001872343
-0.5682591229310383,-1.4711961654535868,-2.5052015405784718
0.029785060314526705,0.857495657168512,-1.2688986482793398
-1.1985375472650857,-0.14270954644792527,1.8396660258901327
1.8824749603919955,-0.07016747978364854,0.4680069619368073
-1.9933021086538265,1.2230972597608143,-0.831057033720177
-4.286144859003098,-0.13930785600346407,2.7473000488472406
0.14419397974553264,-0.6432032521666434,1.47969129896649
0.6204104703507829,0.4125690477903531,-0.995691582572772
-0.4343624743732141,0.35904815708947146,1.4912592888350749
0.6551444721941319,0.793220640112274,-0.5897006369484895
0.2855466393130162,0.27219708581216634,-0.19901146778495538
-1.1128402227702054,2.859280361746123,-0.798617434394241
-1.4145249536829398,0.023322856713215205,0.12557317637938706
1.597948847492726,-4.746276594230351,-0.058003649246401355
-0.9742861744504118,2.184964909766885,0.14567481189447457
0.5809861980127069,-1.2925218827747393,-0.9210306630224782
1.4340042590528363,-0.07638279417472711,1.0192307919994599
2.579586806831062,-1.3648969035167284,-1.15354403274162
0.609970699881133,1.489621637547293,-0.31462158536643064
2.3533970824301673,-0.3574710044650576,0.2953830013291478
1.8301223232660084,-1.6660265061411552,0.46973179114442803
1.1671376252943946,-0.1524471921115527,0.4691385688258494
1.3579857089319094,-1.184786860888,1.0450053822369196
-1.9938878564181204,-0.008121303054134022,1.8673637647621912
0.8757024531409614,-4.407631998114687,-1.0819316510247494
0.9979579659478359,-0.6391530536134497,-0.23698115590505317
1.2060178370618098,0.7164358399248282,-2.1278511257015764
0.7123789260701165,-0.1281855060285778,-0.3086230449946674
-2.7811143784261834,2.5524710526185497,-0.21865651712974207
-2.9158941160042398,3.4137413069991753,0.6934518491756849
-2.879530140915456,2.098466094399513,-1.3231472554915016
0.3043679163018075,-1.4361384969261075,-2.195635425804314
-0.5901319393902478,0.4922808254243899,0.24477860771198243
-0.9576449212072885,2.2033227472705246,0.1187684401359438
-0.9450585380745972,1.100514007265428,0.3000990336743158
-1.236919881594187,0.5480202889615238,0.1198233034706326
1.4175148088919283,-2.5444979855502843,1.1742750620579097
-0.14022887399505404,0.2016511970708241,0.40017340086248715
2.270627416405181,0.3426474571008716,0.9694599375195337
12.23547412475371,4.132721598835069,3.0239272591804243
0.8795009622805966,-0.2476730079963619,-0.22598883165527403
-2.0306719450777995,-0.7342297998824842,-1.5585681907800653
-3.3892230456442034,2.203986676567405,0.5349850117212706
2.0346507557924443,-2.525628191153689,0.6120863840902621
-0.4439477161661208,1.7137540709252397,0.7340727267971037
-4.85095502779056,0.7278914394682132,0.6559913157085627
-1.2097080410303522,-0.10120087302093847,0.40277066633497943
1.5513652467888794,0.8820761021564993,-1.413369696183017
0.46310937651388906,1.1490997819282966,-2.3151448181808325
1.1785991962302764,0.5460801659508735,-1.4497491616259348
-0.25930528888597004,1.8598675315958846,-0.2901569840195913
2.1699442962075195,-1.503052156544463,-0.7495564275781429
-1.0572379619383507,0.11621505086575246,1.7837929249143645
2.8741587848348504,-1.2151777805242239,0.610059227424218
0.9022252218627637,1.5067351040855992,-0.5683634502825298
1.8876033605970037,-0.19479129443645274,-0.06265689783758759
0.07115363287919169,0.1444236340877338,-1.0645758479371024
2.3840382416581365,-1.341618976059153,-0.18393878730991878
2.145963121767374,0.07466991697769426,-0.3604046548844806
-0.06257631454928111,0.6358896662839517,-0.21560740692075395
11.94420707276625,3.9978725614426804,2.9363298035313323
-0.8807115668183313,1.5185761950969665,0.1669978598103908
0.6829631737895518,0.6671934819144749,-1.911243667704078
1.658524990675721,-0.891363959968348,-2.8873696199201224
-2.333736678448222,1.2895060169436297,-1.2732755463279577
0.491663992321278,0.33519178267086364,-0.9835129940049505
2.6989112644865942,-0.23018916790906854,-0.040917731290946106
-1.344076835524293,0.3157233600299235,2.0078033828490973
1.803352775410514,1.2680796262806453,-0.8799227588082255
-1.6747075277258472,1.701093335639203,-2.0131890083276254
-3.638319921825907,-4.440419656960792,4.863219319728904
-4.134219893853669,0.6600898852009229,0.431384255770871
1.956896607825056,-2.8159309280537843,1.4345420113985101
0.8932925713577274,0.17653840272207494,-0.23073713685122377
0.8783609247027487,0.16984370433499454,-1.983473344722806
1.6025353726822062,-0.6278350385144554,1.11820868318058
1.9765940733804153,0.7276460361955018,-1.310000024657823
-2.7778008334511393,0.5597539715512119,0.6373465091844632
-1.2120912931463983,0.7074031056047595,1.1459606084197473
0.54668026276792,0.7124918464186032,-2.5923828866068814
1.3003663287850715,0.9409642009324534,-0.9641564438379165
-2.5253586715456984,-1.3438801696127447,1.0986825825827313
-1.5905177577148464,-0.37611422013544565,-1.75060185308749
1.6074480915199607,-0.40053206953408355,-0.006413808520679362
-0.029536138513122312,1.1938040969024892,0.888997014189949
1.5980831621191687,-2.2369087154261615,1.0083474663928087
0.3349352379140345,-0.6234981042501225,-0.20683321479597358
0.5651162011973352,-0.6504021525720508,-2.788342399435706
-1.2873214499492904,-0.16832436306066292,-2.85755644732021
-0.1935534134442525,0.735433931067913,1.0016004788589365
-1.858457554530578,-1.5890757431995206,0.7822774866897646
0.6383749105696602,0.7310187173972688,-0.44027849030451016
0.27787065004141653,0.6817343767301703,-0.08266764393708177
2.800903837028118,0.7096884661762201,0.7542287673613706
0.2521200447209676,-0.6657997259206951,-2.8192100421144293
-0.13662752565393427,1.0316518861368544,1.8278048676673657
1.0532029408416301,1.681619079320116,0.184598519707119
0.9110645838164126,-0.4532239530589837,-0.08256382852554617
0.444425006203418,0.3347994251506562,-0.9175165912728761
2.536192351361862,0.6397939127998615,0.5093604391669145
0.4303275033841373,0.7797679826271587,-1.6749711728807586
0.22690571039458016,0.9203534799334384,-2.3276544868652786
1.6081549566104947,-2.225442439577845,-1.067753859392626
-1.8328271569440713,-1.7415262266546512,1.2981889112498355
-1.0083201328850482,-1.0168864625792209,0.08079042012830616
1.207166476899106,-3.7014047077588343,-0.42915169166802114
-1.3897612178201313,1.136942630049074,-0.4004771323547892
0.6786634081233679,0.4012246957149635,-0.3356338397340421
-4.434473228002956,0.5192160739335252,0.732958521476002
1.6672019483548477,1.0232301746819754,-0.12491772265830929
-4.257289891997666,-2.9642636841673093,2.804390924023959
-1.3902086399588585,0.8561536241373532,0.09360594102658003
0.23094839069461487,-0.014736951929981397,-0.7602426301707409
2.5021406847362444,-1.0680829862154742,0.6450345831593508
1.88571668360866,-0.9681951577171845,-0.786707502569844
-0.9646913248490515,0.3466457576290159,1.123494681057443
2.282397231105598,0.40509330478934413,-1.8511316517980656
-2.069305279534443,0.9010291715831646,-2.6022320746814085
1.8188032499806819,-0.9440813355443509,1.0858660773308904
1.1999232430466762,0.2519870687789968,-1.4624880944504415
0.230226716309786,0.6020722782687282,1.0757886363252749
1.9300035886784874,-1.6423554217326695,0.024670805241077808
-4.783377017553484,0.5069628426717346,1.3112655994860267
-0.7713414204525278,0.1028970907197798,1.6433062020517455
0.1980635856182578,1.2134506015071314,1.177092814106076
1.6187282703990695,1.0083936490012742,0.5435972654982926
1.330581839031193,0.7774961609517442,-0.5949326414662928
-0.7329289289814759,0.5149046916815772,2.7783704601865855
1.829497804510307,-1.223061629005715,1.7221770748952916
-4.982415049034989,1.1732447726615791,-0.8928950818508615
0.6349679507811932,-0.6563934711326552,-2.0317390817685705
1.2982902472030515,-1.3717343785414493,-0.19335217857809472
-0.23270838096799612,0.25428037900194145,-0.08011231101811907
-0.6194777159065874,0.7908260437903868,0.2817932134818394
0.5875029222739208,-0.4721286724038705,2.1529019631948354
0.8897087080495789,-1.0222283909938479,2.379807584432681
-0.4269394851531825,1.4734083508436573,-1.5442644382988924
-0.6999069796046526,0.484099138225171,0.4858012998888512
-0.6943588882890098,-0.6521291330800048,-1.5650122369568509
-0.6568727613730374,0.8876393608870543,-1.4870120251909085
-0.15577558246910567,-1.0989606043196456,1.8518471704154522
0.08675254398961063,-0.3170201427914532,0.9074838580032791
1.5273837797217806,1.487013688961002,-1.1428899371491097
2.375117522303063,0.46540186931575883,-0.5118344678603519
0.026864522749640615,0.37657650076002436,-0.49333299389024177
0.2588321025585104,0.6501362549797608,-0.8194905808175852
-2.3702031814762488,0.09212514874522365,-0.7811817555529721
1.2112706119520071,0.32978461842689183,0.2554087415042839
-0.633053899703038,0.042554930195987974,1.0284697173979322
0.45319886094814454,0.6828037323799311,-0.30717605819850097
-2.2561057817200676,1.0502971374309074,0.9543228570239103
1.2753731425465136,-1.741253081548147,0.7211049233744652
0.7419575156345914,-0.1653731026081239,-0.8591537286524511
1.6112328468438106,-0.16481779266259036,0.03005522758442478
-3.3429589499031147,0.07273758377274887,-0.9233763213287288
-0.8681537663549516,0.3002426291464103,0.9032120897399686
-3.453373459913136,-4.385224986590329,4.466586913243698
0.4644162782662552,0.5642599230754082,-0.5417373522419524
-1.654952250290453,-1.2679255227226156,3.003815732450282
-0.00204615095158093,0.6657155361817295,0.9395127443545016
0.8687977223398409,0.9623729681854867,-0.9405281460319344
-1.50673521210802,2.0716508961641233,1.2193979330729385
-0.8973418162997274,-0.06107721550091219,1.1475857127623985
1.21396796641481,-2.6596057414045213,-2.479119595308319
-1.265242368201189,1.07051864087068,2.4171545769976106
-0.003345212890310554,1.1079375849221176,-1.2484815090076458
-0.5448284779154466,1.1624594186497115,0.03710372255086324
1.035211792100141,-0.5266172016723129,0.864440617169058
-1.2404786922476239,2.201617458058757,0.4555864246758525
-1.6802099848827132,1.8613434488560083,-1.6776067556025969
-1.3912554251807867,2.344779533702557,0.10660849034793389
1.1313057855204942,0.5229149156691554,0.37949951094654505
-1.6059025475935713,0.7490116165628834,-0.1737817620692596
1.1478560201274695,-0.9585833943227018,-3.546247884620635
0.03935473850715678,1.0710182126209744,-0.7793638270639898
-0.3191038780487172,-0.46287415924931785,0.10740730704329107
-0.2565653243454418,0.7710708550867673,-0.7683476614932414
-1.8867208527300616,0.7645315743368073,0.0772961970115825
-0.4550814160612471,0.7782973702493102,-1.409350670466
-3.0256820330592613,1.317752021831786,2.068485443501875
-0.6229740999826402,1.1264677547156834,-1.4494346393057627
0.653454736313509,1.032985815850945,-1.3413682078291715
-0.5535021224541837,0.05510518465969644,2.0243534363114506
1.4920913431884004,-0.9442929827842517,0.19507192020487307
1.0632036399992082,1.4274122883514015,-1.226649763569057
-0.7929741916303512,1.516923247389303,-0.7257973371902391
1.5814935371186134,-1.3561516230729287,-0.3583263079889782
1.5012502155315353,0.11638171186168801,-1.54001735330886
-0.6201469800435516,-1.3268735505147515,-2.265389892148386
1.0857953246242744,0.7583575657106058,0.3850842285750861
-3.111905609372502,2.170705140045267,-0.37576729827255523
1.4366423290263524,-0.12935533284014988,-1.175216428670437
-1.2339899555147125,1.1348519292275054,-0.006494185780963415
-1.568110200386475,0.10608682386714664,-1.502403201051605
-0.6182696089108393,2.6361618220794445,-1.5484249649086095
0.41803107585643495,-2.247785027125285,-1.2058789516643253
2.288066488642883,-2.066574504223597,1.1650801256469643
-1.9928712272562883,0.45144183875071403,1.1773581404505566
-1.0983353566123346,1.6633825162710232,0.5556537531592254
-1.422165967570515,2.9308619561131817,-1.1731899655394664
0.3350411209024879,2.235537821124808,-1.4355531438182214
2.432003238139546,0.031144120753870973,-0.7355872689876949
1.4330661726489478,-1.8814266580793195,-2.6987703673585703
2.8417281066425355,0.8900488318656342,1.0105194713427317
1.5023834521634194,0.8449594121784421,-0.448306499158528
-1.1861765172052736,0.00294880734526732,0.13831134432746886
1.9350023089107855,-2.7780145224445674,1.3318644046188088
-1.4585487522648792,1.0874549256579904,0.9480343670375599
-2.3558245325401685,-1.1775957907408034,0.23324020491079858
0.7203886359762997,-1.0843820856686797,0.2064577456864145
1.735032101047541,-1.147283768702582,0.02632898498516768
0.6202545390809692,-0.26970709011397687,-0.470074374988145
1.5139486737630892,-0.29101147378596576,-0.33141346045382
1.2045959489712093,-1.444961064203228,0.15648697171817597
-0.9224626173195359,0.4625787070544463,1.081805034771748
0.8097869229498491,0.21745440308978836,0.6938376100687939
0.458730392152158,0.8540687772829381,0.24301263892683775
-2.3463224593240977,2.4356457802062157,-0.18069891740664124
1.7949918171397292,-1.5710490614712032,-2.3638012846712697
1.805880788696452,0.5524013496935013,-1.7071771239946154
0.23830322401452012,0.5609488746038734,-0.00986296046731111
0.2333511871240068,-0.9557575345234194,-0.22668208797844872
0.9500982259761184,-3.1124350282033246,-0.6173941322568686
-2.069459873161715,-3.106937130857402,-0.08131770624287973
1.6097559178073824,-2.6618300141971845,0.6114256152679064
-0.13826241071657605,-0.15460930660179367,1.0975075877427518
-0.2041820006413876,-0.8514053923475569,-0.14621059802574563
2.149672545044158,-2.3735149221167458,0.6438615034426559
0.26391608722331594,-0.06784967809542321,0.4632455409951276
-1.4601874475877912,-0.25294353218633936,1.6084754087567767
0.22139532635259795,-1.3871236071960367,-0.9746421550079867
1.5999613468844212,0.7701367890990318,-1.4129640708082332
0.3486564273556981,0.6720645971262317,-0.7607375705924788
-2.993131072103855,1.5151215147400026,1.240588977682792
-0.39340940785700557,1.7284106130137418,-1.5545498697476756
-2.881463791008087,-0.33596718776872236,1.288947519796044
-4.0178711982000195,-0.9441896586395495,3.1179576639610858
-0.7355329720366057,-1.5611665397392036,0.0321072343793279
-0.10550101484418078,-1.0604837474004247,0.9538976629526353
1.4682930475377327,1.8182621042940756,-1.1907159512688448
1.2170388126281177,0.2879078645815944,-1.1337133318540424
-0.7002292617100849,-0.12175514684015432,2.835926956638419
0.4204838607368972,1.4409336156276347,-0.7730337530974809
2.065472760094241,-2.466214275743447,-1.8230865630480313
1.3058092345124717,0.5276110450559836,0.6254467927575259
-0.9352045940549405,0.4836218615402409,-0.7683561800309185
-3.332539358736327,1.7214374833238701,-0.4831362595022563
0.48588146255105397,-0.2674798563159975,-0.45256387716819346
1.683203995150594,-0.4952621467009896,-1.450320385804829
2.6464904015659085,-0.22298278118180231,-0.8119836271730982
0.6173322152075661,1.7645748599238802,-0.7003757072760328
-1.7237648936614578,2.2231198052631655,-1.3184857728679233
2.1301114363334084,-1.0018215416074976,0.36837282997880405
-2.4456597885788955,0.4590989922629003,1.1184796545113014
-1.2021031583334307,0.3698107223002945,0.5343315110780603
-1.395694204887801,1.2870470666210239,-2.064799026509178
-1.8062697878872958,1.75972805293216,1.242466410951936
1.3355297645424131,-0.8099995432259212,0.9064048468026209
1.9130139093087406,-1.274974111160867,-0.8259913846231295
1.195340898391569,-1.3240603379819749,-0.24257323198607306
1.1779938454587466,1.3264731946823605,-0.6809042052311162
-0.001507717505830417,1.5301905196267014,0.5558828709630115
-0.4889206032718578,0.6530637376299259,0.8796221277965347
-4.550063986967228,0.8794492733900936,1.43906036906713
1.9655527806229194,-1.9293174978493146,-1.3304049141333127
-0.0199814282716649,-1.780427858396762,2.035453785378787
-3.4044509099692406,-0.0873722209317266,2.024156936271181
0.035974503594348686,1.4324948866247509,0.7723611013716573
-2.24283829885148,0.8672575321232799,1.4499844772844899
11.88623086222014,4.019873377662524,2.9649008736777693
-0.9000205495950978,-3.1622120829579785,0.10490021433837034
1.77533362131277,0.7314586911775945,-1.627207169226208
0.2717322454822979,1.4152895010771263,0.0771004230401756
0.4929111387895582,0.15035224956792162,-0.9973317599466972
0.01686514251663842,-3.2618093194672397,-0.6460338048201668
1.603664023276507,-2.110089192122865,-0.43858929939769853
0.8428997279174155,0.7328737268780178,-0.6000131173072251
1.9420393074516713,-1.7102687076158178,0.2178029704188058
-2.2899502857198097,1.9076186587446902,-1.0957985711302256
0.1281444787450189,-0.11168569352008345,2.316254000555638
-0.35647223348224955,-0.4297714944332223,-2.137994537523958
-2.8026458045971103,1.439383550665543,-0.684187927238916
0.3615776203333773,0.8497272544234972,-0.5948803124637769
0.7468158748713921,-1.4425638457228336,0.09043267509207392
-1.106679800663035,-1.2757130249247648,2.9487229921954725
-2.362869793513239,0.16282671030001694,2.3231148232633156
0.6298706399605536,-1.5049716803721653,-2.362231496933621
0.6026142111113799,0.6742508885039473,-1.5548119282734507
-2.331106453838127,-0.06628067469340863,1.427688381627963
1.0731027087269691,0.07488621927030992,-0.2161179088639085
2.314045791683464,0.40411925055870984,0.4546915614881102
2.7863764633882964,-1.875413682475105,-0.0032699361191519437
1.959660681366249,-1.2756625721895787,-0.8056844848180457
-1.2297181826769772,2.0453445262404544,-0.447352430980322
2.2076361725119154,-1.664233838019985,1.1765924001124306
2.1714939443354933,-1.1312385453442697,-0.7476438687551328
-0.7298815551740225,-0.1434855303805889,2.0556499131852872
1.24953071911847,-1.2592363548464338,-0.5602840513713998
0.9233580781460655,-1.469868219114037,-1.9097028076569498
2.063988282807092,-1.6361564531122073,1.585296347793253
1.6801177552434705,-2.2348270572476756,-0.31466231260267175
-3.2443104608031037,0.8038897907348896,-0.3444282128725356
-1.0862004954992777,-1.0060565774312613,-0.15535180465767548
-0.34049797561510836,-0.2974234618813184,1.991269999459414
0.3879494767453788,-2.0913783222849176,-2.874830155814524
0.03013678273947706,1.932491227598468,-0.5848251210558358
0.2345353791228209,-0.002632802335918302,1.7768393965188327
-1.8024886687566135,-0.9103832220418623,-0.06559576792662995
0.25882963867628367,1.6440779189880512,-0.06551523019352408
0.18133505697000107,1.0604979554715728,0.5553604031525654
0.5973141747125187,0.4021937599935628,-1.6977107957446107
0.0336264333126916,2.6357049402173187,-1.8433521886452937
12.380701814389585,4.128133868723691,3.0180633621845843
-1.013294537089336,0.011500469109637779,1.8433568215804068
0.22317054777238599,1.3509869273867832,-1.2196236144571193
0.354907037430397,1.4873955459808539,0.35797028033416106
0.8237244458920491,-1.1255234392776001,1.4717581984953148
-4.3506751574165,-0.002441675249519414,2.304534078677065
-0.6942778963310534,0.27869338081150236,-3.157490920442144
3.093484003730983,-0.6382430351804429,-0.10063951652947062
-2.204961133769096,1.1265950444103916,0.0881839460508604
-4.189490032962348,-0.47061456272583435,1.6206808845762735
-1.3360062307864011,1.965313594220293,-0.9964940836903753
1.9159904654044608,-0.37569953593703526,-0.3910313491901491
0.46321440509747425,1.1937555237607018,-1.1445488031509554
-2.054791230896503,2.317963231711095,1.232270725794837
0.8994411177874179,-1.084127028440311,0.23273497307053548
-0.39658514410643797,-1.6353152490403677,0.4451158580603276
1.5798952144394849,-0.14100004749785702,-2.1596820253460667
-0.29482923358288765,2.021171978960095,-1.162766414772
0.7782892369597841,-0.47474806597492525,-0.6184311923409594
1.1544116629991834,0.4486698972347741,0.7874839277697162
0.29175931252247855,-0.9149015029162609,1.9930899570919172
1.4242093467215964,-1.1772781823561744,-1.8745204912116562
-0.2328683554798032,0.46251057275078034,-0.6486533033575298
1.9060292389896598,-0.5539829168665994,0.994547880006103
-0.13215852987650498,-0.34182499127745936,-1.9002902762840082
1.0529945049639786,0.42022753563377546,-0.9502658424333799
0.11314824734234485,0.6485360871917536,-0.030137201119371116
0.01470075288277721,-0.7912204229327258,0.5116936138266502
-2.745451368169298,1.4440629838686974,-2.407307091394991
-1.2747169906860498,0.35652475403110534,-2.030907815421222
0.2936626751602502,1.8089834574545984,0.2710532467135145
1.5335316351181434,-0.256603835272107,-0.37185232085713354
1.1945334939146088,-0.7833570060613694,-3.101889651859793
-0.5703018484632199,1.0124347553058466,-0.3534104711305161
-2.0665473857290295,0.23414247525059345,-1.3458019395618666
-1.0740203408502798,0.5580511903612372,-0.7763958261919318
0.6456251264178331,-0.8010406939382504,-2.056144186154516
0.8417085015507494,0.7673797869732244,-1.3058102332681598
1.4870956529999948,-0.5087402643988643,-0.9617093813889974
0.5421970964871388,-3.2499185405419926,-1.7015084550217818
-0.36764548123576646,0.28959064750337693,1.5420235950452628
1.2735237953276992,-1.696083857540745,0.9786665008733744
-0.8629515964557881,1.139688541700883,-1.3388186146257983
1.2964723473553874,-0.4706467505393144,0.016788330702392325
1.2958088811834079,1.6629452643763738,-1.3308241938204928
-0.6023379323085142,2.3644244255642484,-0.5151576749729061
0.8236287577690948,0.2031866100435682,-0.9443790271637017
0.8667420732260882,-1.2362242629644755,1.6964852792607428
-2.6258212062087636,1.082958071317493,0.7231563095892547
1.285284086992331,1.5156170679734255,0.12408065334492568
0.5742127025567821,-2.5125045336227925,-0.21222901738844774
-1.4115913951975427,-1.894949158938622,3.0978146157205964
2.3177366192011757,-0.27295054674296365,-1.2867605775199231
-1.345758390172232,-0.10368763536093455,2.1238563940759256
-1.4207176503282057,1.1156467259537592,0.10008430840868236
-2.860570366483842,-4.586810426201813,1.9307819253337384
-2.8526695779666387,0.9342296619609195,0.9580328240460662
0.38529089929116717,-0.1951107728370205,1.76259682236893
0.20019870152702085,-0.9600572458697929,2.0741791633805424
-0.3617210093011331,0.11927253910561779,-1.3973567716145694
2.2554374695746437,0.049480739399273006,1.3536410767586353
0.580714426749588,0.5592224717369858,-0.3196320255385923
0.29789597889754976,0.5741079266340724,-0.5745235509341459
0.013800720987185896,-0.01636980070931247,-1.170070062186128
1.9977978249393877,-0.39584569533281766,0.3781359838980698
-2.569996935034157,1.4939448004024136,-0.16423038315566355
-0.28122629795655113,-0.4159530124818297,-0.9307318888899331
-0.2348770035994938,-0.2833070871753551,-2.114658160899303
-0.4583970786599554,1.153695841611338,-2.3108166208803396
1.3527235286062156,0.05272332057011418,-0.29218572663414694
-2.5530238867338824,-4.264099725560126,0.8666978236697379
0.7575290452065457,-3.4156306254909317,-1.8407630310831942
-1.1354346825373454,-0.6959654035608425,-0.9055341282125443
1.7963124202420127,-0.9241319148921224,-0.3369977004444965
-0.835814969026452,0.536689466687279,-3.9683186440963585
1.8819811071775745,0.014658918722376115,0.6616600981155153
-3.4633068981579163,0.5896771971974482,1.9139260807631433
-1.3617659814847782,0.33623906698067474,3.0965644538675403
2.1475467039373033,-0.07424552913084545,0.30396271618704057
-1.2400650577437808,1.9180041458875938,0.843210456880178
0.7284784030761555,0.5851813644649405,0.4437800830465137
-0.7938557770236931,-0.6404340892302712,-2.739769817846526
1.916760509905029,-0.4005455199509919,1.4663040361928212
-0.40259706426529773,0.5851433039574578,0.40726067480218764
1.4428073679126843,-0.5533507152689877,1.5542176746010286
-0.5109214823602211,-0.9836667036657242,2.518180028104007
1.1694688825256458,-1.093826911316009,0.9844273380237583
-2.2882357370380793,1.4249176178394403,2.6355590120542507
-0.052976579506087064,0.20211979976615158,2.107631538575582
-0.25265953372327277,0.6403777794927807,-0.29812956629834914
-2.6354083452236825,-4.2005221158122845,1.9375111335279482
-0.43204457396895435,1.093680524989454,0.6101137605666832
1.1673200024787835,-1.2575909735447341,2.271222379702921
1.495454354036832,-2.6182614521429124,1.42889047691176
-2.30857993777917,0.15361043623531745,1.9590324525401037
-0.4342065801958462,0.8016888087612883,-0.4292536076877763
-3.9899409735148987,0.38438953275719584,3.547083959349484
-1.104668907264702,1.8368734823150674,-0.9853195827097698
-1.5702594134756984,2.0171925293599036,-0.41878437052756823
-0.8655793002714344,-1.4028650203933495,-2.118483653693172
1.5540720169076863,-0.29655290808663054,-0.630962432026428
0.27990013951023274,1.8255115901525607,0.11705904902457946
-1.7129089478380979,0.9658366475053797,0.33495743362770664
1.5445383759686666,-2.2266285036026607,0.9940598267276457
-0.9386181558891036,2.2467271922398577,-0.2748659390597311
1.9345250273142847,-1.1411322644098398,-2.720323783103661
-2.61140059767049,-2.1986338085487334,1.1288971260132505
-2.1992238487417413,2.5540264961676464,0.19081720549830583
0.4252111798343743,-0.31767394766611773,-1.34350350914894
0.7955140002580066,0.1797275448251274,1.5212887350745992
-2.393946930153403,1.1518688459848112,-0.3537998912835677
-2.3519106338085236,0.9659937836633807,0.6762899792747495
-1.6540997007955676,1.0953321835269014,-0.9372218483348882
-3.915456560278102,1.8816546017558493,0.13219221985032753
-1.3677838468073376,0.7766304994973929,1.4631777587438837
-0.39471912322393765,0.7421854892574046,1.1828408546583224
0.9952675628795298,-2.116970101169766,-0.24694290962785595
-2.151272859925063,-0.5603376683214466,-0.03971722771909442
12.358585692479176,4.118794761407059,3.0098930679732248
-0.7194148072740755,1.0038744303383076,1.3226097454045036
-2.0853480188769793,1.3587005313523894,-0.48156441693107377
-2.612674642065929,1.6154859147372658,-1.4509146969063471
0.8696714661020192,0.05005989589811354,1.712100611561594
0.5054044085810337,-0.6062941588903101,2.267846026950223
-1.9427306042787145,2.0605227549312723,-1.5126567508369226
0.9558756713128749,-3.732337372322681,-3.7760195919093897
-1.6167366619145813,0.7482655530189541,-0.6841409348701356
1.7450237339456895,-0.5270285987358883,-1.0105721817525914
1.1276628079055284,1.554009402564049,-1.091035925659622
-0.6208573775097618,-1.759745716697003,2.141446769832665
0.8063059467379412,-3.513137525005984,-1.6430100154784668
1.3818125412735542,-1.279738177307979,0.9709819249966328
0.9476700310379015,-0.1027546439843878,-2.2941667541178212
1.7777942334187975,-1.531001994159615,0.917580354075987
-0.4332873450915423,-2.0633193800221687,0.2567939151300777
-0.6191517357557782,0.7223469672491184,1.051214787073811
0.7123824099941427,-1.3250196098366906,-2.818560746769542
-0.28785618533470053,0.8450155569227087,-0.7180198634259057
0.08480817903835601,1.0543889191635403,-2.101680553720255
1.3829378735136317,-1.1575809879209222,0.46829948466624105
-2.0203865257188975,1.7362734973897345,-1.2924982445586384
-2.0329863345651056,0.2586025156985388,1.155123903346406
0.8173176786639482,0.8574139216709323,0.48696328679723605
2.141827102718165,-1.3191340654875816,-0.19473526749065842
1.2375091160761995,-2.015022463857926,-2.3609355642016947
-2.6146998652044027,0.9121984422216117,-1.559794717402229
-0.6849745754093652,1.085941620153887,2.032932539332272
1.3140361956036668,0.16194318609919353,-0.37692962601524377
2.1790716440430575,-2.424904636048923,0.7927416605014206
-1.7517155517358691,2.004228022860629,-1.460751543582786
1.8413419461812335,-1.4736371116442657,-1.5103777410398742
1.5373502126730918,-1.0216433349099097,1.3938105018481994
1.1151193804703534,-0.35407793035195234,1.1758567665302828
-1.5833139526589475,0.5947886578973702,0.5230748732914113
1.4202457243076403,-0.07722347383564511,0.604907820262667
1.0701113714591486,1.3806889570829255,-1.5517464564494288
12.319727254150306,4.106269962534557,2.9965396106704527
13.1110523133799,4.247677836714784,3.0533760230130755
1.9171998657589904,-0.21905493714338473,0.33712435160706533
11.223090790402152,3.751538789942023,2.7903091534387165
0.031276812328230735,0.9311345152414576,-0.4383656521003603
0.2233701712331146,1.2986234554448681,-1.29602043025194
-0.9629925632107666,-1.2448162609036975,0.8671077924777996
0.7447532603664716,0.3869735905340646,-0.49389763426219124
0.9476972597415817,1.6520993077449742,0.16546067488214025
-3.4607270107000265,1.0565661670654538,3.2946312476314854
-0.11343406595754685,0.8730845782892869,-0.28221749440701843
0.23328455624083796,-0.9114530869811776,-0.14491744125402548
-0.147139731183913,1.2347463354875263,1.4182364666575984
2.0428179778507674,-1.039667943819747,0.19559937693158885
1.0622603846537126,-1.0173685551840383,0.020000894803839365
-0.5119950405577995,0.9359537868789806,-1.38913513060612
0.09477223910589136,0.32595999546126686,-0.1304585485250208
0.39542604774161955,-0.5091514807670656,0.5657097171570089
2.465996727779526,-0.409348364308987,0.07355135659997482
0.7960398979839718,0.8108281303075565,-0.8016620794646627
1.7681581093025256,0.6400482957109375,-1.4169754080498154
-4.474895295508544,-0.40313918400311,1.089006690811267
0.9339602091805819,-2.4802670547425887,0.5312474380236485
0.3606942684804609,-1.1003615460452991,2.4442388107286925
0.7226033394364688,-0.8222624738956232,-2.290468828865486
-1.4044037225133652,-1.313231097477485,1.0477866128843631
2.2483309998980046,-1.2281532102690955,0.9815264411754444
-1.5872342449806134,2.276511355818051,0.17473969227856528
-2.3029352314361686,0.9335102342784749,0.9876871852823579
0.4672404465434584,-1.8466799858994827,-2.0654439426934705
0.3149108240895825,0.5803381642904807,0.14322835976751538
-1.466597472304091,0.7617332015173615,0.973669934561878
-1.845341903511632,1.9120865638682498,0.0009805095878612842
0.24116583649674211,0.49440930607764894,-1.5149698357180879
1.0989487462579792,-0.14779351047253061,-1.6015832330063868
1.246324606458613,0.007616709458097386,1.6779435221551529
-1.758017064241171,-2.061377083613242,-0.2661272589423366
-1.3240402100057116,0.5047078084511126,-3.186556111647837
-3.067705528597222,0.3402752538695054,1.4084690924599235
-0.4537192183307075,-0.3666040293019226,0.9979269925772923
0.26623541302677106,-0.3947563420563697,1.2293922966928543
-1.2645876620692056,-1.9187244065634423,-0.3572824081244346
-0.2644869749151007,-0.5524320029100083,2.44378160200603
1.7214603861664657,-2.145389219971845,0.43533088447979407
0.4584095174664588,-0.2722581424197622,0.8100388307986935
-0.4834582824480927,-0.07078467277833247,1.9806667488073437
1.2175518512102879,-0.3668135077848995,-2.1767072504299487
1.3971092501775098,0.23142458581275302,0.07290678912464235
-0.10963353216915676,2.090299964153143,-0.32323808927398745
-2.275253859304833,2.0478471220565466,-0.7096887974676751
-2.7846654770340833,-0.02308615342719155,1.9909982116082685
0.9264977092461795,-2.5801271350665336,0.3282084035934556
-2.2056055953158635,0.6863129076090044,1.8276494808566712
-0.1649509922071571,-0.5364150065853505,-1.299469225732724
2.2480123868854167,1.071484107856696,-1.147843203549884
-0.6120401618985437,0.45950508781345467,1.4860076740393193
0.7166424240532332,-0.33508475352657946,0.736077677493797
2.0841476351083847,0.9101199678814538,-0.5292085116477012
0.7772872106829354,1.9099438471707686,0.1675093869593429
0.7830504663815706,-1.5710657389870513,-0.8202539350853233
-2.1001840755337353,1.5215981027151482,-1.0242734448097486
-4.33299578676337,-0.2574342762118769,2.668623482020096
-0.3542314799732882,1.9887222691729551,-1.1032795757340748
-0.9218373730796565,0.005308775192149937,1.730696643117524
-1.8964177718085828,1.9400536072229229,0.38191901221929997
0.9709984235056698,-0.5768132216765107,0.7484894457609582
-2.2728430215084683,2.7852017168812613,-1.1561331534055004
1.798404330986687,-1.2837400875890392,-0.4409700230826264
1.8821333558808253,0.33835296388499314,-0.1492134786981674
-4.4978588139968005,1.5585150428632555,-0.6778673318870089
1.4362368718848662,-0.17946822256438782,-0.15730163879019682
0.8579492678722862,0.01845568444910728,-0.5865625695525689
2.0073420329952354,0.9471579415944762,0.36353725261906983
-0.8285453380220237,1.2880301179324303,-1.4907966947582323
1.3328886177432868,-1.9687425810728425,1.5184434873219457
1.7806503302585521,-0.77378604760025,-0.8406029331282404
-1.2365676171240823,-0.13567471427901448,-0.3706813952348563
-0.485751436984269,0.0689479996301448,2.1038148489597646
0.3603457876880912,-0.8146785125076634,-1.1349724361955904
1.5718519090571264,-2.80239255726886,1.1708911864091984
1.5526200612302883,0.6348866738551446,-0.8930061955648031
-1.1789788850277043,-0.4049747238761913,1.2242730698556368
-0.7612538979730463,-0.1762605303573504,-0.3860011917147459
-1.0345193945332238,2.5961602680614417,-0.20600043512692884
0.15227869664441981,0.3254145786013739,-0.1354964060001111
-0.23420792825781567,0.31740212696960307,-2.893032793348719
0.8880735681703738,-0.6525703076493381,-0.0746145745795671
-1.18322542601321,0.32874340524416,2.959315592472195
-2.1857903105358982,0.8747974418463995,0.6654887619532589
0.47077826406013235,0.5124463740269728,-0.6290533174968284
1.7083969345786605,-0.7204103128606718,0.8750776457013736
1.4427744501813038,-0.9585666154479858,0.364513260028971
-1.1865865879381936,-0.3351157548303908,1.9301888972991148
-0.015821225849424764,-1.6983978048650332,1.8641637388676255
-0.954773268163962,1.693325363443022,1.251307600218655
1.0166365279362735,-0.6234584410273531,1.7159064799089987
0.38294050923023404,-0.8153821786076408,2.178521104297411
-2.368290947590105,0.9100860931014167,2.934143665899686
-3.290169572543835,0.9948746354289125,0.31307532352018197
1.2886950323929487,0.7241360790218792,1.2108251908499477
-1.3523735167035111,1.0158723674737227,-1.8991982347408698
-1.0281360917285038,-3.1386781960595758,-0.414205315774579
-1.6016072108740753,1.1271240191762404,-0.10407730540922946
-0.038901923849674676,-0.2061416308952564,-1.0417884918470794
1.1194093220574144,0.1451272892167773,-1.4998977024390818
-0.9743797676816296,-0.4723389131868793,2.258474291121192
-1.0659003559024822,1.9888426026811399,-1.5757844725806984
-0.7837724932992097,0.745589900352679,-1.0004959327549965
0.9764478225182194,1.1226770994220723,-1.4729605480812105
-0.8470568206674574,-0.49652398784365337,-0.9418891438781961
-0.1700384045613396,-0.7959317295123973,2.043875655411815
1.9974980777683704,0.5934690779646358,-2.5055506723101804
-0.9896037078320155,1.4179003487401733,0.1101071122475366
1.539557743617409,-0.10296142542236277,-0.6000179060059492
0.676767145468659,0.37497468005841056,0.7528812495362839
-2.118133463666803,-0.7179777856340913,1.2996836853141511
-2.974259482897348,1.502497901201756,-1.6935605950738921
-0.22695657808503886,0.1049480073548364,-1.7315088755258714
-2.4053385145424007,2.271305057857129,-1.8630439635910552
2.2726760198619065,-0.025415564394710828,0.2931868184073957
-2.4808736363194077,-0.0877893055211253,2.2920323881438156
-2.236951752010118,0.8696300097003464,0.5818761512697582
-0.7005567465124306,-0.9209068930419847,-2.052861092800384
2.1477405301782846,0.6009925424041456,-1.2760226427379697
2.729339580202906,-2.004888004896104,-1.6279017785231336
1.3434023488862719,-0.32138519687702344,1.3807243099551276
1.9646007235331606,-3.0478664474023893,0.24785737415729897
-2.1258788373400326,3.1316071059035964,-0.5273458272969014
0.31829718945633906,-0.4110185516214891,1.8293637065576078
-3.7109395255517708,-1.3623589590951228,0.4150063838714348
0.5596376292414493,-1.0297615799872297,-1.562171903603597
1.4221712803594606,1.2959613215957702,-0.769634402865655
0.1150750622879151,-1.014959986708078,2.5474322352804317
0.7128251298160768,1.1452797254177107,0.6902681759348833
1.429706858564193,-1.8551739675316703,-0.7507742458274234
-2.8869640510149317,1.1467041707870071,-0.876386929762363
-0.15143300154612788,1.1508613834710548,-1.9755384036007535
-0.4691255661370927,0.9895136097762339,-1.992323636848463
2.4378180275052745,-2.043672903681771,0.3429825637557838
-0.5291133638486765,1.7335944291729783,-1.3374946929564564
-4.595682992628013,1.5914072601959561,-0.6200362228484476
0.6959469285272611,-2.6787977329870483,-2.5093991292902245
-3.1804971723810453,1.5210898488818974,0.8237814817094592
1.0080968235563934,1.6906329535656515,-1.3498510897463567
1.408804830144184,-2.2622068705354996,0.2620146298498599
12.00027226982427,4.032707288708417,2.95829917836807
-1.5619612073235,1.5437868433425785,1.7156584018571461
1.1667911960099469,-1.3709943322448062,0.611429845810808
-0.523299828952948,0.700577273161321,0.35682679801854095
-2.623417136336828,0.9474352646710303,2.371800410968879
2.158154341053734,-2.108690687744796,0.8517372696548806
-3.4264832704455945,0.6705022216846606,3.776244090859199
-0.9537727783391176,0.9450249533027071,0.9619542427724719
-0.08515320046950382,1.1461806898440519,-1.7138507149742441
-1.5360433537094962,0.03726879782093005,1.3177875326809148
0.24870035234622423,0.3419837984210992,-4.122205000184904
-0.09310854094082341,0.7062523069381972,0.8099145432602223
-1.3057944152303633,0.25035736686675303,1.1560219392055429
1.8291651566279834,-1.2083500151676898,0.7382269865103451
-0.28315636340616634,-0.04293431340656254,1.8077228283143423
-0.17352663960376474,0.48313844941681244,-0.4375006283135056
0.44987830978997223,-1.2217112546137183,0.01258223379025571
-0.453009293241545,0.9563617534664631,-0.27610737832389076
-2.7114026117480865,0.6901420656756742,1.3984786752342016
-1.170561519641328,0.24973426748083832,0.11694756236642279
0.8106611624500101,-1.1477974441495824,-0.13524204185033756
1.0959182160237535,-0.0033486354273433404,-0.04604600800275332
0.6085611499600547,0.1829817935271622,-0.4813219891745559
0.6022752345523416,-1.621043398788087,0.40440220577046476
-3.530422310208613,0.3421526831822913,1.4819373947353538
-0.9986247914208342,0.9623193039313706,0.2541746394388502
-0.5888177480897652,0.09428851227394679,1.8305564828439742
0.05831981117223793,0.9345400884254226,0.7983809428875728
-2.685040073115178,0.6445759821099535,0.30411209800152444
1.0454302995087719,0.3878993621208137,1.1417314168652344
-0.7152994880927575,-0.8295595083111733,0.12868484912081102
0.9203963345218746,-0.9295691469330987,0.8084180712152794
0.5706909080224813,0.46060370132384415,0.8419277197935191
-1.405593348513968,0.7636123071058166,3.2961602632288893
2.097180890621516,0.6226300390231196,-1.2774879636920318
-1.0894486133708383,0.7298883438419386,-2.3905937175061633
0.5063977224772108,-0.3384196559956679,0.018896715985104263
0.756059625796699,-2.552817715121229,-1.5617579001875195
2.243890791815404,-1.7221876914909282,0.600560457204907
0.4119626129466799,-4.985056418287451,-0.890579846925788
-2.0991534073355114,0.9915456296021713,1.5378348755698836
-3.687575430549865,1.1364028076915125,0.9030403513406534
-2.623196073576076,-0.2970903098475386,2.562078086712576
0.5187601409174042,1.5046966729960642,-0.05640605015526887
-1.2055210444283275,0.981254746519451,0.16933657679470504
0.6442444362404887,1.1818919376738193,-1.2510319805653711
0.6661195417359196,-3.9049139608257537,-0.5870770509571831
0.4371397434280872,-0.38144710787385233,-0.43873991256728584
-1.3485331067557917,-0.07859681448886437,1.952987091128536
-2.002566953122845,-1.7196304261595083,0.30869265081308006
-1.2340643106954687,-0.350223550231416,0.015001461221652345
-3.2198623607627925,1.1210825940072058,-0.12309558474374924
0.8917868752136748,-0.626370133743882,2.3874685886803175
1.7918029047394002,-1.677240242899003,0.8594449070370355
-1.0932365206981314,1.2756088080653278,-1.5830748156614873
-1.8107638230172372,-0.16945258964667528,1.9453792582383007
1.092320567955703,-4.077154177937536,-0.9434731000718853
-3.8538495009915463,0.4790134290294737,1.3917833590453663
-0.7316512258445672,0.27487611337203943,0.796347610163786
-1.8534338648179853,1.3873272146038924,-0.9912100478204321
1.2729908994203782,-1.1040807603952627,-1.1885416935981252
-2.400559663030918,2.1926245259013775,1.6898920406113425
-0.604007750081771,-0.7459925832248246,-1.7738354728375525
1.0139436472547894,-1.192353146996244,-0.6703446257070926
-0.3773714128775248,1.848954355513852,-1.9360966370765031
-3.630589273335635,1.4836410186156883,2.4491833629599085
1.81606156284425,0.7595565731428996,0.9365344747631787
1.1243998445489416,0.04524078019340057,-0.4961475695010287
1.5574663040359513,-0.39671446147495043,-0.291846496444768
-1.715286709843584,1.9367589236861018,-2.299225396077735
-0.815673015946313,-0.4375292380006012,0.6829574614028652
1.914418615696355,-2.6366060068989694,1.1119414417030296
0.47215915788235757,-1.864488722460579,1.7346539669875163
1.4880577862097815,-0.5314486277388251,-0.9008814339433815
0.9515486428210764,0.6576716344895628,-2.7806239363733165
-0.1335422394982056,0.3014998680347429,1.2377212306668617
1.0995790749806218,0.2243381891010756,-0.891990873197966
1.232664814490671,-0.8539325748633507,0.6984638774127759
2.483373908315715,-0.1741253006417033,-2.023666089681346
-2.885197240780928,-0.6186928422158686,0.6432944663816589
1.3916743655504937,-2.3614543396008942,1.6370614750693873
-2.0507851267928747,1.8819279952652825,-1.3844824726571705
0.3109457118787514,-0.99545295624891,1.0516430018171978
1.1396819631632444,1.1607561529990158,-0.35953665714111693
0.5783630893148387,-0.11715217744176426,0.37400329927972825
0.6585723512628585,-1.8418775507524965,-0.4396488770365662
1.4152042846277832,-1.8541500550962102,0.8487627802112435
0.5421970539708145,1.7504174874310636,-0.4321386703866298
-2.7305020365622714,0.394888191894358,1.3501316237002148
0.05647491335431942,1.4306300862051908,0.6989417562964995
0.39470398447642735,-0.5754344271910413,0.48798698600513185
-4.604978874881907,0.2626580464955533,1.005274581044169
2.183158762851176,-0.780962658935395,-0.9493969606154892
-1.2898275344414505,0.4418801455128161,1.2518962899902841
-3.3639544316878847,-4.087235371578888,1.750901142811047
0.7049428075367036,-1.2187887273029412,-0.43557148367184584
-0.2996159098827825,-1.0142422237084938,-2.795837317290886
1.4630610627958753,0.16681680316310746,-0.6887909647205388
-1.5915756010949966,1.6691769721299226,1.4483206947859126
-0.5000783201807828,0.704431822919781,1.7445828066069835
1.7061187573781331,-3.4041974973298412,-0.3062747370898141
2.464940530900872,-0.12799665499712448,0.1328551392142048
0.34190914504915215,2.0355166544615835,-0.7579382938921
-1.472691668626658,-1.3494856985897739,-0.4851197648800768
0.23497481896774017,-1.5783235417766612,-0.7968894629742054
0.8496398997969862,-1.1090244337484918,-0.13860314550842925
-0.8868419280145118,0.39283106887926517,-0.6093224801341501
-0.2387302518839182,0.1983340157413817,1.03742054645096
2.4165694800445756,-0.13391421817867527,-1.2905847690483647
-0.07159256624382858,0.45541143050199845,-0.9315924331225857
0.6793891149374599,-0.23241090211978974,-1.0236469380444755
0.09757452919528173,0.03934638569848751,-0.14432579622813724
-3.712857184811256,0.3743435432636614,2.073198705461243
-3.2902293803173723,-0.26312085291876464,2.3624616026632235
0.6912071750738678,-1.1109647472725992,1.0295281119440727
-0.34513858106516,1.0016362147435278,-0.6651198885454912
1.8512681718791175,-0.6613800319461717,1.1189553405632409
2.2362740924010382,-0.7880007231552265,-0.04677586842603324
1.3569411581851931,1.217909474393356,-0.6960603289011273
0.024848707073457817,0.06163099724783512,1.6636027680672243
-1.5341338206120902,1.0176968390550358,-0.219144505717662
0.6189844102909368,-2.6109064120517993,0.6650624222989071
-3.061137385308085,-1.2735066073133452,-0.16397186947830042
1.2311652565963487,-1.5165680473278,1.7075120348981325
-1.7389052360797688,-0.5241956423727563,-0.9631733471666079
-1.3464938105838673,-1.3677805268862064,-1.351463616921063
0.7187499723386667,1.5046764184513575,-1.3336235457602408
-0.10990240602820811,-0.5172376582255854,1.6175500746341591
0.9739964796285815,-3.0668926348561687,-2.282155578649168
0.09241219872764221,-0.12983812701772857,-0.08604418898266555
0.12074761055183937,-0.7767432074766679,0.40484974852672656
-0.5529645820141271,1.061743837381056,0.5918872017280515
0.5917234868534059,1.758385848357178,-0.1470398916810937
0.4967376087505552,0.8408111337968539,-0.6523418185993352
-2.2448828166713906,3.015435746667218,-1.0288942234837903
2.3056290035228315,-2.0922292392710915,0.5475239435457188
0.40464491697980104,-2.377587257986609,1.6266110688449043
-1.4488239734510027,2.8474908329220416,0.10351695754505957
-1.4108884001848347,2.7059321492345343,-0.3873413018052608
-0.4859983681793529,1.5354674340956942,-0.48961594805285513
0.297444436771599,0.06376842389260413,-0.7176463861615875
14.092776227689686,4.712027851272745,3.3659465416107834
-1.2315963296870978,1.594820855340745,0.8712395285938273
0.8342927234924524,0.7772605788338551,1.6805031207847483
0.7699177527405283,1.4310310648806834,-0.7306835934587477
0.12404914836044248,-0.7201738523133985,-0.8264411695948104
-0.7056335193022379,2.790838443888043,-1.45273710141683
-2.705111550294866,-0.9795657708363362,0.11872522164725804
-0.6218260067073291,-0.7573991888957387,2.2448133381546933
0.47525910508181246,-0.9141182759081383,-3.683064229504691
1.632741862318331,0.5939557917632625,-0.9288428523690441
1.6386521658346374,-0.6642413338170272,-1.064719149959622
1.2655058022370058,-1.390206725800918,1.0079536785804497
0.07653065143928742,1.2225325034113184,0.6019576918984549
0.4454476104181586,2.1900089701256227,0.8810213221865909
1.3211464578768843,-0.03563951486729914,-1.4293717062734297
0.6834541534912432,0.6156605083729284,0.7775710323401769
2.408299158710476,-1.967029398132223,1.301376170770021
1.1972575981045293,-1.918392181152587,0.38663252716953256
-1.4512388870592805,0.28948550744562146,1.2000118720011659
1.9383986869816276,-0.6709543592151298,0.12516182316638289
1.7143714638483152,0.8705511983194929,0.23488148486931912
-1.2527448949011553,-0.9202710808142807,1.7713364106742446
1.7025896241881076,-2.0387485639007985,1.2838453687315594
-0.6963708371092305,-0.321039827847453,0.9607981730330103
-1.8756282959176747,-1.3442429228766817,-2.4360496436383055
0.04902518021065171,-0.7988474721062069,-1.196101907697968
0.6180923193514967,1.6550694797521937,-0.35950565865126877
2.2867084388170844,-2.1255384886522593,-1.4129711733483312
2.3132873013928794,-1.8933267808939025,-1.1085544981484445
0.4092348000539991,-0.6473516822925347,2.572343624367263
-0.9942309166300773,-1.9605011400669445,-0.29948781025538357
-0.531349616948426,0.840906945424199,-5.154453967618124
-1.2818409141126077,2.5884852671784753,-1.1983022602178544
-0.13063529376551122,0.6505572061018053,-1.8155970775512
-1.448391350611121,0.14786136713350448,1.6590173272937279
0.08468483755062842,-0.8082960908833747,2.6699992359865137
-0.19115912042836636,1.2688162886505128,-1.5355388575754487
-0.02079576403955893,0.5045684908600928,-1.4870819811629972
-0.11132975279842006,0.7621123298297443,0.8703707325020811
-3.4161445010290765,0.5293446884617611,2.074179275412913
1.4082824777820213,0.2828633795670591,-0.9088327291858586
0.32940196285981765,-1.1293383719664172,-1.8427527634084948
0.03935473850715678,1.0710182126209744,-0.7793638270639898
1.023952762350136,-1.163439740321524,0.5746822735837199
-3.9017522097982047,2.827231447461818,1.7341379130237502
1.1638616177036771,0.4810151987556514,-1.6006423892326553
-0.9727516118448902,0.6878824288539317,0.025424165421361757
1.6754519892001785,-1.7810911793666115,-0.24985917023234938
2.411046180892647,-0.325200103966253,-0.263362211172607
1.4001464576493896,-0.6733591037188746,-0.20472476036590873
-2.2461535395217784,1.098214187038729,-0.16819449231511965
-2.842310803729557,1.4931650399684255,2.71806875498313
2.82795287623566,-1.3719278092307796,0.42603830934797104
-1.4446083904128646,-0.9628302277439745,1.0901728546772473
0.39770690158860433,-1.8979048557357898,3.05179095810446
-1.3400870022681086,0.20947337568364108,1.4817145809909094
2.010628972677,0.2996414412022777,0.4151689555133861
-1.8712690070519846,1.718709194724225,-1.7905113544949336
-0.9728392011548144,0.70909020116974,1.475331524307864
0.4351707874522072,0.5342221989831855,0.31589151387457304
-1.4801441860558433,0.3762993319198043,0.753318542227889
-1.0710014628855558,-0.7724785490637625,-2.358949555096292
-3.029917458595426,-0.9048940175463407,0.07532614649514784
-5.0586389278218435,0.6412184046855625,0.8260486379362965
0.40226586928455377,0.6314319796961511,-2.4063976885709604
-1.3524590776284022,-0.0032266718941654083,1.7472459769921145
1.0789198843191101,0.3860953403754697,-1.0165084450793747
0.4118401446230804,-0.8013635375718379,1.6125565026848498
-0.4498890454837679,1.631149820024551,-0.2854577843341154
0.4039388865046369,-0.6990630117944834,-0.3791384539726738
-1.0674293904824321,1.7435204783493023,0.6222841269359872
2.204596785010318,0.12348239008963063,1.238332547107619
-0.2276128911059164,0.048069676623922024,2.1583790631270943
0.09990225353251582,-0.04980743187401346,-1.2368340540322775
-1.6334449317059503,-1.4048775145443642,-0.4733524334426157
-0.4275381466245402,1.956857824441111,-1.7391082092755736
0.5893680318262235,1.524707942960391,-1.3907033926785424
12.96717088606843,4.319792140415523,3.127675891263836
-2.4626986439174683,1.0298470467629812,1.8531184054850778
-4.188020741004894,-3.0072179599573237,2.1095213278481153
-0.08493905044041901,0.44062981173197435,-2.8498158380907945
2.311186908024552,-0.22489351343978725,0.5924862739705353
2.350226804605909,0.365132612382826,-0.7059026269738886
0.6507185655587392,-4.413619364289764,-1.630543203653865
1.343344725618407,-0.3038995594828379,-3.032098785907753
0.7131526771934347,-0.6722538346642029,0.6546644519801323
1.8701484913897426,-1.328806149934562,1.0565224472309083
-0.6417079454133809,-0.3291769805326587,3.065286950786784
-1.2145839556252935,-0.5736120862840803,1.2655800234786978
-1.0537154252063183,0.49047196332617055,-0.9359215967683784
-2.5121631256332857,2.400865702809858,-1.2665990789753694
-1.0834556292716975,0.9904145806715887,1.0736950739890392
-0.7815845086888824,0.42004727324190255,0.7162143898306892
-0.042079262482202416,0.1705284434222684,1.1295760603787006
2.045113851075857,-1.2178045502686434,0.7330752667329892
2.1262060825460267,0.19538956612288647,-0.1110288514120045
-1.6878688182868582,0.5538907138143299,0.3679920377166628
0.6070344732908811,-0.6275956664013382,1.8700637595287148
0.8481287787380185,-0.5177771377035988,-0.36416593788559143
-0.7704754559548987,0.5827064315379097,-0.25941804156742415
0.6741069084486766,0.06726628434391234,1.7703185979057954
1.0298785909007042,-1.43292843531398,-1.5476406037900166
2.2301384901606123,-0.28610651928744335,-1.957959718045384
-1.2254603875181165,-0.17946393701958302,1.9919017179513605
1.9703780156607726,-1.7371907292530577,0.313984454548277
1.9995628896703999,-0.9030669482290713,0.11323727133379509
0.7294778269629827,-2.124579139683195,-0.14299241899247425
0.9765735037182539,-1.555192985906967,-0.025129322238258263
-1.6093670769119142,2.1918773099661086,-1.9691658551535598
0.48044188908380553,0.852190248300347,-1.8666160678280483
1.367557830911692,0.8083389052518962,-1.2622040678452564
1.605576007908234,-0.9027606877384003,-0.6903961791246025
-2.8748869386510614,1.5822418213762435,-0.17751223861077065
2.034762196808863,-0.2860809454879876,0.4280981638513453
1.1810872906012742,1.8173418860722235,-1.5831887370560087
0.8697573927244489,1.115339160653103,-1.552478864429116
2.4611685570884836,-0.5534455137715879,-0.11824457962518453
0.205062407813575,-3.3028768425604618,-1.280345651437882
-2.558907406275429,1.9415701228230318,-1.966407115363312
1.0125087136346296,0.16194709846838756,-0.3093765936768458
0.28172065260735674,0.4082500438348789,1.4258381325645002
-0.6349120372918313,0.5511045991129008,0.09226220604672584
0.09747746828060956,-0.8727377427581552,2.0630366892616983
1.9482182227694205,0.4272745069036104,-0.1957350006502756
-1.985929394521844,-2.380507077160377,-0.08291078815343872
-0.16682505795845784,0.19143581787890251,0.8430102441451854
-0.10181648580905442,-1.0528523903584284,-2.3805607971111975
1.4272787345398086,0.7558496066319162,-0.7159805805822897
0.5804325714414823,0.05602206453702994,-0.8213108734471305
1.1304538723796753,-2.166656487386535,-0.15691253838712207
0.20323817966431437,-2.050555779677997,0.5451635364805164
0.2919464436839443,-1.584679078425406,0.3411515283828043
-1.299115978228641,0.5000633318954428,0.3060919126789496
-4.300815968936881,0.11626999931507517,0.20530511980915783
-2.1252692845529975,-1.4441138120335972,0.5768247261896464
-0.6464050711830349,2.120515988752035,-0.471682452076547
-0.4466431100935757,0.16840834819166864,-2.204598609646061
-1.0895369654515707,1.1636871221153156,-2.327307869972183
-1.0559373210541803,0.974184846277104,1.9082645076834104
0.7703516343547947,-0.5281779806710758,0.32632577667776036
-0.6088152218542777,0.66263526958083,-0.2397195432422003
-0.9291912398589824,0.962792428688315,-0.710751208673784
0.887172249352109,-1.245090011719678,1.672173970391034
-0.7966210290765335,-2.936243329837225,-0.06279224104168138
-2.155343472202155,2.035964117060164,-1.961724872131983
2.351553729380901,-2.607612435503878,0.7433226782400479
-0.32739605617152623,-0.31214336669523185,0.596367534882392
-0.8074013350538868,1.9510745365986235,-0.3291351106009249
-1.815783158669232,1.1451004949436767,-2.768889218077441
1.2525957765475524,-0.6302375569079913,0.3350954602250466
-1.6175867159358714,0.7030094218024074,0.9635923118808429
1.1027151763518865,0.6207435728119202,-1.1657498284275492
2.4517145402380494,0.6331237833842163,-0.24173897357191423
1.0963804443804286,0.937380208813971,-1.6315722667134824
0.9280896909641572,-1.3989525207399975,-0.0772953627603697
-1.922196103963155,0.052286772344045405,-0.5129388473155615
-5.329871100566916,0.2764480410696887,1.2526044505094591
-1.3941447960328373,-0.4608624920775961,-0.7626004002326097
1.941096882432356,-2.7890391395148417,1.3413573738719897
-0.5569955127877497,-0.885566673943528,0.2590784165009848
-1.5881773938303665,-0.1412756378719066,1.9505098767380138
2.0450339317018322,-1.9802314643333225,1.2939380134966079
-0.6880487191382815,-1.7010016893535536,2.5203906035334978
1.6575384836327387,-0.140696458343716,0.019815135588067675
-0.44998570791040265,0.7564588299152741,1.5404145128721456
0.2512931262305893,0.3478200305391554,0.8674286973501395
-0.7737878830999657,1.292411627811053,-1.5802669218408045
-1.8397511710203973,1.478724490489373,-0.17174080821551085
-1.1303667957928574,0.08417778207399902,0.6987679463107836
2.585697872377225,-0.5902238035513675,-1.3507491714925504
1.7648995512553003,-2.6270496204850278,1.7182116487172732
-0.5933846050563788,1.8072520340317233,-2.180184554638986
-1.3908009916801363,-0.038853562020096544,1.9506188273292973
0.03652492049456297,-0.7397509188376787,0.3474592769438596
1.6948597910473742,1.0028136173177038,0.17853090018155074
0.34606985320294537,-0.2819860622636459,-0.8595974401167957
-3.1899913381738365,0.5646360847562308,0.7088186749915554
-1.4611970765774533,0.8281972596867798,0.7973995985087904
1.805716111693659,-3.7455196497418903,0.7906096989133176
-2.0333279481495645,1.0435007754090029,-0.24256569022246646
0.4828093412774377,-0.058417699857279015,-2.226840672081533
-0.25883799170111166,1.9075392243547848,-1.6183041595031125
1.9755467751762201,-0.6420110167365529,0.6791435657102202
0.6235007721894629,-1.5298285560045939,-0.7571854379460153
-0.3491855369475108,0.6281267035502888,0.8760755828621996
-4.175985189425193,0.557758524147553,1.092817020984645
-0.2246083728358057,-3.8297660705412704,2.8583594381055235
-4.652655724261628,1.7139790031421156,-0.19598384995727228
1.2392748099413995,2.345437020072003,-0.37218019338603847
1.4570118811861565,0.09988382701640386,0.587864460365348
-0.5906254729508381,-0.57736473765469,-2.3138537203448726
-0.03142221709065725,-0.9048513320043999,-2.219758388638587
0.2132470317026582,-0.6387873461391886,2.0215109929292527
-1.5050117714113185,2.911818481590378,-0.9963178856663858
0.8547051290199623,0.8334695086777141,-1.6293465460085792
1.5367808255975397,-0.013373877297810515,0.3265303170603305
0.9049919567680854,0.6890026871234531,-1.8113188301458765
1.511230766820959,0.5063787942411356,-1.353410671892751
0.9405743741383453,-0.01959593403245392,-1.4392008280811737
-0.1565754526479676,-0.024319632377329623,1.0046059515233634
-0.056914482737648084,0.3256495068614049,-3.727381965219964
-0.3658904785366813,0.10107546747627415,1.28930511363077
-0.016881952469308778,-0.5743811082058409,-2.8025738397342956
1.2288687352724506,0.04761781019583636,-1.2094063054958313
0.38956206075571925,1.3171516099730263,-0.7544600019906881
1.1026301817570237,0.8081392205390003,-1.4076235191170057
0.33801031395717557,-2.9331718985932884,-1.141473067699948
-2.7226144589554044,1.3052314858300187,-0.845525244588822
0.6395714085988966,0.2614508195932163,-1.1171541082322167
2.324061608800977,-0.05145865536995945,0.8702244615744452
1.3163356988433044,-0.26734845801934204,-0.910685424364473
-0.47528518063669706,0.40262919100217726,0.3682678705553405
-1.1339140659211904,-0.11625722481270709,2.1532183163389598
-3.4598190961429847,0.6448921576090282,0.8405441461594564
-0.34237867543201167,-0.6309306001774156,-0.7777850147765862
2.5306943227351404,-1.519472079932965,1.2171853139193964
0.6633399069683055,1.2639604607245323,-0.0155123149606037
2.9244404163074376,-1.1475905949603988,0.5909749000988854
2.3189599377339007,-3.2356585703149072,0.9742077557350606
1.9149830097272604,-0.799445240705473,0.01710774527283347
-0.40324500930608953,0.6297009886408026,0.667361057050634
1.8567766134805286,-1.121255992908739,-0.5605913044357823
-5.374052528672625,0.6781627076785038,0.714274566762651
0.0072906906814651515,-2.3364382004227466,0.3748075910692264
0.14385759691604258,-2.6370353163164975,-0.5661326283779842
-3.5611157867454897,-0.5394000662647028,-0.9507308749092752
-0.448235152645879,-2.3078509070593376,-1.2107958125086282
-1.7853563874681013,-1.2769792456040387,2.27065903412171
-0.8997175080570633,0.919356208731163,0.2401346382902511
0.6264369749534838,-0.8069127120066337,-1.7900691818429146
0.39962592666434404,1.6981708409554686,0.1153906996063807
-1.304645899123961,1.9374284035037108,-2.090492071537984
1.964777416552692,-1.0087106794375624,1.1430183326784698
0.5281553895489357,-1.1445241527155787,0.458343793744198
1.1242661383407064,0.25359811000456034,-1.8849913607890927
-1.0583038513836722,1.7195971449342868,-1.4025070591432487
1.7238164426116203,-0.738168119665318,-1.2754186978695095
0.5923146235133734,0.371940315237197,-0.9158176061988147
0.8220265536872807,-0.23049758733752532,1.9026519309293346
0.23074164740033967,-0.20640439507831126,0.7796495178204236
-0.5822433486606152,0.5345407872035975,1.364459915866613
-2.0284988669641715,-0.10862822247447193,2.4495543079352737
0.8800353215075428,1.2913474938481064,0.34553187073094127
-1.7752738921118738,-2.2606554922328708,-0.2013258537405251
1.8304528407805754,-1.1354217415696535,0.270716236060874
0.8425122221947569,0.7409295990535733,-1.3282847770819302
2.4937223368045136,0.3882114966944277,1.0268224167769973
0.18226812340021362,0.7294253689272416,-0.934533176851658
1.958142069108933,0.5133817498324588,-1.549606082170139
-2.0519854749687276,2.8617129213335737,-0.9620705016848532
2.1648881439636614,0.20354790485205826,-1.5255685781150254
-1.6379289044216143,1.4746065311701646,2.6664296807935726
-0.4211375179322563,0.36295987927444023,1.2912568756422926
13.266578551943592,4.404288379979721,3.177082613268577
-1.3742860753241715,0.7951343099204933,0.3283960893286757
-4.805485442090826,1.20731275219341,-0.5394828022840992
0.027374079570060512,-0.6647717380136289,0.22440724364808626
-2.668349414910521,1.1322223587175082,-0.35492881856290387
2.1373604547236145,0.5591831198381702,0.807685172190216
-2.265437073385074,-0.330813121978609,-0.7892731033064929
0.03234941371422883,-0.0026984740148611975,-0.7246021731603424
1.4864203949405912,-0.8248685289830341,-2.9297817788691214
1.5300383473455148,-2.494946061885596,0.3872580361303882
1.749915579829343,0.6741887917460528,-0.6716568392730722
-1.7688919944772559,1.5321646182290736,0.12368358036451961
0.459183639311936,-2.066853431166887,-2.0019102593328415
-1.5568982016257196,-0.23781227982338657,1.5138828706265017
1.7558812898644867,1.3027705341081257,-0.1769772339068699
-0.9026912228508257,0.9973104452480549,1.5330154618956813
-1.723023271212626,-0.046051365646521125,2.7730664474327353
1.465110203835593,0.31586225431069986,-0.32324210310478835
-0.15601425120398194,0.2279869411062113,-1.0777899549324508
-1.1690602881421004,-0.3249070564792111,1.0324435455692789
1.3877896669410084,-4.725326745552156,-0.5185052445645348
-0.6702783839979828,-0.3396545769897155,-1.8588777371762821
-1.4665725736412272,0.22511189594499081,0.03623931607892146
-0.47781716229889926,-0.7443418863389659,0.23408516572286228
-0.9086297524371052,1.899594554983135,-0.3816913136126856
-2.378102271535262,0.11811499451752279,3.007202941935505
-0.725628092674487,1.1513916847659307,-1.2121100999782137
-2.062138590539666,2.2171054522780675,1.0116319473388002
0.7501995246524799,1.891205408578716,-1.3723338132089735
0.07198270369772491,-0.5845403878758432,1.7852985690966032
0.13380392130949365,-0.9058246535642713,1.7423094963141057
1.9146088478340213,-1.5820504004851412,0.6955965760292337
-0.8876818839524981,0.4458898099395401,-0.9645527884856047
1.0877104592690607,-0.3025096573121564,-1.5762453319343572
-3.712857184811256,0.3743435432636614,2.073198705461243
-3.247781297512146,0.667747961934518,0.20493206908558834
-4.32349539519503,-4.662465288913727,2.740846750941347
0.4696339648233703,0.9933520359259869,-2.1145721966811553
1.8227196477363783,-1.8321390901496968,-1.1233835707210327
0.5491712420800752,-0.5662891438301748,0.14873995297589152
0.19157062381343554,-0.0135269466915716,-0.3994099590892425
0.7742274058853922,-0.4561181473584792,-1.5564216863711966
2.011856358700256,-2.327883473902929,1.3101509863819256
-0.5651228982695833,-1.8376711407700785,-1.691329557283434
1.4657525730819432,0.6466814423668615,-2.7104123436265795
1.754799369989914,0.7422584510602104,-1.1462575265048895
-0.8941801792597555,-0.23706157145879336,1.5099020971965804
13.405188011988475,4.467039018762582,3.215950645897395
-1.1571205177324855,0.45859330313086405,3.1353609575744117
1.8918418662106138,-0.6617613581634082,1.1423324740811318
2.7159577472826792,0.5682838271796135,-0.4253234755218301
2.895949592853158,-1.9548742574843427,0.4010053618216246
-2.105450256184238,1.7070675866153682,-1.7644942158773538
-0.32038778747731134,0.5720245103441577,-2.5555071624789027
-0.7518298615087375,-0.07678936018274238,-1.8105442700912486
-0.6108900760082571,-0.9279147552118977,-3.015218743324492
-1.0119728024444397,0.8110317653238228,-0.9491224523218782
1.6909488104051464,-0.649701036921645,-1.9061027873563636
-0.6499950926286376,0.17696467546248384,1.5279083872363246
-2.0815401849151707,1.5662234963338624,-1.5283571912548102
-0.20282633908902908,1.2477825154511952,0.45400884646412576
-2.2301873626941653,1.537109478822743,-0.21232376685311863
1.5039106837985288,-0.5218119803099622,-0.10222825315897141
-1.8319398268991811,3.04804111445031,-0.7842962750199349
-4.385316414816134,-4.34558042899562,-0.0867175782339591
-0.6998028557400774,0.6766111070582995,-1.1488133488304186
0.40451019001547406,-0.47175921970341683,0.1027137886047072
2.292379840710416,0.14774891223792735,-1.0822577149815207
-1.8700845889135487,-3.1699746701597644,-0.235463247397157
1.4934895732990703,-2.149158214895804,-0.714233622880071
0.5942507298034868,-1.6478444659323803,-2.3381319488195556
-1.3240402100057116,0.5047078084511126,-3.186556111647837
-3.7038870026165696,0.012517462592468975,2.474979004633658
-1.4739423156903921,-0.11213622722697013,1.6501279615007016
-1.3234591582561805,1.3738906023162112,-0.29841213997937366
-1.5065081308233867,1.2466239590273174,0.9154826871801516
-2.5650503283023784,-0.3646443956962725,2.392214752505519
0.8695443365769719,-3.2610721012239483,-0.5412801005251426
-3.9776985525731217,1.2595474269627176,-0.05710756257933437
-4.386657601381348,1.0866607865083469,-0.5489059471817216
1.1021671411893057,-2.299304691272805,-0.037289770669206475
-3.3589107211023435,1.4863252497840684,0.3964009114600911
1.760558944486519,-0.4781813602909135,-0.03868284554105743
-0.6926267695394145,2.0923123332413276,0.47516552134544937
-1.0250604124600202,1.1356223461751263,0.2752661508921893
-0.754942383202129,0.17440617182716425,1.487363400245373
0.9729893310302961,0.26122860717658963,0.6602352736790326
-1.2157193571450675,-1.2729841096598284,1.7290459879306617
-2.159743976890315,-1.4925207959580244,-0.2609108531404948
-2.888272041266415,1.716365567130748,-2.5363373825287177
-0.5244038798535028,-0.4776693527597599,0.4827870083255307
-0.030916106202779275,-0.19728119423301116,2.0670714895381637
-0.4721496941426709,1.2636402571301557,-0.654399236074183
1.2565579928371795,1.3440560601157971,-2.110448052254907
0.6582428856991847,-0.38204799327856914,-1.3302197933299413
0.8544337854042985,0.7264144437381115,-2.685514080380901
1.5129411996497903,0.7038611095874759,-0.6056208824238088
1.3078191410946605,-1.113078172718106,-1.6161264784559437
0.9563992681843636,1.3625070150140532,-0.8580036028855246
2.4610228314640494,-1.894340614900566,-0.47790670410261
-0.13101885801538146,1.844779698026776,1.1692704526891269
-2.820716978768306,-0.02687641740073208,2.0869837100894078
0.7290729107501767,-1.7326825247995945,-1.7216785775753614
2.726321433849753,-1.7818019751783385,0.5911798750514546
-2.203238373291264,0.995486419479413,2.1618867871034846
-2.4073417750138346,3.004952004421093,0.07064116635202929
0.734624133762597,-0.28856170464297953,-1.9531415190776942
-3.3134175418308924,1.1645805325613576,-0.8321853214980581
0.5078773282317267,1.042160361922012,0.6605851630794747
-2.06639755490683,1.5215563377643933,-0.732722408569425
1.6242301633823946,0.3156970063001527,0.10100033236593205
-1.4188609545394693,-0.9437038450869498,0.3292287357326014
-2.3704751445723096,1.2016550657155858,-0.6230800132011449
0.17509256755313574,-0.5574358915665942,0.018483825679132374
1.666202300309963,-1.0920978382911686,0.6482386232410104
1.0030517506307106,-1.0952659935405065,-0.3144013507702903
1.202199804997204,-1.872455685870539,0.26204411415314904
-2.1203160909579863,1.5935633963940765,-0.9328996785364022
1.5273045239697347,-0.24822344985354913,-0.8315901836072276
-0.25036502383148806,0.7694298717925642,2.366425680081176
0.4122399016156419,-3.449086928716624,-1.545083452962213
-1.0362555099397566,2.32204870503647,-0.9918237125104219
-2.4338076934086215,-1.1052306963634413,1.280534256480396
-0.06135512692698377,-0.5743693858717851,-0.5497370306192757
-0.8914830047070799,0.4993113478825152,-1.3485599596829876
1.3308972346386105,-1.5355241470292214,0.5231609997328799
-0.8214497534103778,2.0403292959166426,-1.0130236561295394
-2.4472480373295884,1.6979784378773495,0.9120249843985677
0.226338319070085,-0.24961976679777265,-1.4908391681106143
0.33875268038089285,0.29266934866452265,-1.1603400791152587
-2.15374569175173,-1.025962226674593,2.0884177745104195
0.6552122744740339,1.1126415748875762,-2.578683516422954
0.5145172250703988,0.6001884942907582,-0.15558019386369443
0.9019813275387659,-2.4208549997479505,0.006719219783362471
-1.1275886408963456,-1.7554083848003492,-1.1568858462022216
0.16496706033226094,0.03524495253733489,-1.8667999251665235
0.047462792874790695,0.817407097263124,-0.6184599126276296
1.4165569184893079,-1.6491323967340652,-0.7812057566834899
-2.0559654266542737,2.20091348698668,0.602815418298393
2.391756242464654,-0.8006012657215987,0.9147608172714286
-1.1513232732934666,1.7051591196961795,-0.6095641649555708
-0.2979862067355421,-0.830019355142442,0.575879918675432
-0.5475888549085665,2.1470544262193387,-1.777242583942245
0.8396592739238604,0.36773870946885634,0.6884743967165334
0.7849415020240487,-0.5784775263581916,1.8891551993750906
0.9755706782984099,-1.3074416378410214,0.41446112757324366
0.04059368798038557,-0.6021731216934971,1.2709186747473697
-1.4475905633885284,-4.190639840112343,3.7697383827622204
-1.729946945513027,1.7166804080673868,-0.9116862213299037
1.1975615097310943,-0.25595979307831834,-0.22602195585721527
1.64953350223426,-0.01599286101616642,0.0476953721397459
12.002516181901331,4.067316334498326,2.9854871033137114
-0.642007895461422,0.911835850780913,1.4655877686474919
2.257229976185042,-1.9587367034165852,0.5998051367497711
1.6173900369170087,0.7246235028364401,0.7565029257057387
1.0761148694390863,0.16217298689222887,-0.9559094239859023
2.0077371619558178,-2.79281232139862,-0.40263828251334277
1.9726026057286292,-0.07838437492085765,-0.2982157741399838
1.727592585719506,-1.440636908160308,1.2519677643482696
0.026090815162765645,-1.3154142430818605,-1.8708735913477816
-0.09493005698740091,-1.5317321457164097,0.029139678353551145
-1.6743679914536282,2.267978722804628,-0.27832660648432667
-1.279758137671966,-3.240439546896709,1.5232433523233402
2.236427636522902,-2.0128033102975897,0.33674605715268247
0.9481644350191702,-1.101296721119743,-2.3373293778895805
1.867899136511029,0.7193906783066951,-0.9332369244407239
3.0776650358806044,-0.9087116593879333,-0.7391302781674759
-0.2611319667829194,1.5447210067905135,-1.7053646761854602
0.8108330819743,0.29023866255364367,-0.9978749341563496
1.5909334810970182,0.5699393409056683,0.19827903973764915
-0.10528724318677485,-0.17956280610012437,-0.23881749485499376
-1.4005149615907022,1.0476990314789965,-0.08890283505030674
1.0533097967373268,-0.4289124443139605,2.080850022027646
-2.614924150334256,2.0585415653904398,-1.204302291414517
0.06785658943860541,-0.4164422629651633,1.4467796478467776
0.5118432265817734,-0.15018056580239647,0.5350347619791046
-1.6631163905871202,0.9586815591513758,-0.008780257553387544
-2.3880809255098256,0.5255240600159105,3.391543950194564
-1.6422628923849063,0.885623732536995,0.4563118203421977
-2.5990648404202217,2.9005969089718864,-0.9114173611825466
-0.8046153226308954,-0.1407811277386297,2.472399692085828
-3.269839350245436,1.168651127300191,3.3680071446034496
-0.18850839317858284,-1.4067157492555873,-0.2839507443051032
-0.8283422662821998,0.22752267736879409,2.411591945603879
0.6813977802091702,0.1572016984408714,1.763062984887692
-1.1051017903968838,0.5040051725566397,-0.9754982909266079
0.8312423588309699,0.2515325917371492,-0.9669050714499876
-3.768288294393552,-0.2424733983822357,2.470570709732839
-4.650299450052384,-0.16230095421674381,2.421385883050599
1.1107129630833126,0.6766410309985995,1.408887021666003
-1.4738301494253123,-1.0431415916723203,-2.4264538173472614
-2.124519187099306,0.6430562862650591,1.286833603283019
1.0138504743522534,-3.860709151657504,-2.4010889258546575
0.6417017340572979,0.1396417474075773,0.3595734176953457
-2.5772968365777715,1.4130112554395635,-1.684361502522136
-3.0020472243194907,0.6582190077935403,2.4114712639426226
0.6591249179381745,-1.7358385238974732,0.2075461019138846
-1.3792073063428472,1.4724436955041802,-1.3381760355109849
-1.6494211590654921,1.9044855405229113,-0.2042567682909872
-2.9870581176708826,0.9873199128481447,0.23405776597521327
0.812094357156974,0.5881897040294051,-1.2682086786559674
0.7759958964940681,-0.6626590358117047,-0.07263638330407214
-2.0353609293199924,-2.1794506600367565,-0.13415936311278218
0.3429009482160293,0.9791447153436269,-1.1031095075703834
0.7245809651882752,0.666857325463995,0.8195536404354529
1.4604648579243975,0.29583791094849743,-1.0282953150915726
-3.3299283219543194,-0.922803948932578,-0.41156909678669673
0.8992663104412767,0.03257241442760199,-1.0111843845648094
-0.8384406888546335,0.18413534794002565,0.32967906216244935
-0.3461958214299311,0.9886639149508679,-2.2311253247409377
-2.14291902898437,2.0523517849175645,-1.6287086170946385
0.540610993796221,0.22260941576199997,-0.9058781251725235
-1.170563119595975,0.27845394382997274,2.305810253614638
-0.17082307464007518,2.1797384815771137,-0.2917207631957856
-1.3572626696374053,1.8404666185615488,-1.9613004896386919
2.3194095588851904,-0.6516230647437105,0.12264917159759375
1.0955025809938381,-0.6180084598829021,-1.1258357351941863
-0.29016910332577267,0.1174086365901739,-0.9307299300426511
1.679891522233861,-0.792093436789524,-0.7761573624799398
-2.1622390539312057,0.3595648654075529,1.5311528590711225
-0.78500899875093,0.4355145209248237,-0.19121404350401952
-1.932651762460886,0.907373231925728,1.1029694529553395
-2.8595441131546675,2.0591018111991826,-1.0499118573623023
-1.216051773996077,2.144553523088455,-2.477616193606574
-0.8819128523699342,0.6145879173426141,0.1855142937822118
-2.522823370256676,2.395362181058593,-0.9722861726395111
-0.6695218936964976,0.8089124513654513,1.5930775968226591
-4.25429726387366,1.2178644555738636,2.1162562758898797
1.3224275158750016,-0.359620922615985,-0.4159377196380571
0.32590112343019373,-0.18223568156281233,2.5634083665737184
-0.9277771203236491,0.15085929079139887,-2.033463315576521
1.2906587703684276,-0.2363141943123267,0.6607144991831483
-0.41387068006525535,-0.33516085468339507,1.5103750147925936
0.7863244956546639,-1.8757201284620495,-1.912640129390337
2.819616657369825,-1.099753394005135,0.6245963142775496
-1.2998651403789936,0.512755157434903,-2.92891382328949
1.1682860473369283,-2.0742812654031377,1.6442228016053535
2.2066187898222482,-0.6927315545335275,0.7184904843318691
1.2965753383527048,1.4339413426708767,-0.6033935464755131
-0.45737926302444043,-0.5939033825531819,-1.7874985421328673
1.4867702091762305,-2.1456362129136557,-0.6981340603822302
-2.2013763099714856,-1.4156576910782483,1.8915950744819547
2.8395072175156115,-0.3325905961474784,-1.6493168176765114
-0.21748434193051638,0.9153102292896381,0.2617909662155498
1.947598112973127,1.3349441969443476,-0.1728475279083719
0.6633065097383785,-0.48793017949259876,0.12143177640199376
2.0789281286160026,0.5497562570635034,-0.3604557622131723
-1.5090371794346773,-1.698884843606158,-1.5754972593579626
0.7154048359451926,-0.283730006791419,-1.1834439626157942
1.8918354873625747,-2.883273675599694,1.5302692211966877
1.4570951283025377,0.6253895419329265,-1.2881334283735897
1.370530721420475,-1.0376034078777452,-1.932874810481357
-1.4207205757456745,-1.5335166429702027,2.393413176005102
1.1518442776944118,0.2947416268180102,-0.6154987133274544
13.04910151124503,4.381398748607709,3.1679444495683935
-2.1846842557605224,0.6453724059083058,1.5593742977621352
1.969327444371683,0.7113695075462435,-0.3642528877784896
1.3553557140376697,-1.1020074585769362,0.5115580822152923
1.965064930156445,-1.681052900529598,0.1531663391208874
-4.398678367173367,0.48824847804814436,1.3454245840567758
2.2900765984444234,-0.7713836094391253,-1.9304622435087915
0.9998827477702467,-0.4795272117657675,0.505495479636985
-2.070217655124634,0.857030229680397,2.4360031162388194
0.16081958690142173,2.2641724480161334,-0.7014536102790666
0.730429559994478,0.8457826778105165,-0.46419929031691737
0.3404302095625968,0.415498748482789,1.0948846690107923
-0.2999983458023469,0.45721364537309467,0.6055143279262638
-1.4626404078883743,0.6945172293080331,2.510290680994542
1.2811780472314134,-1.4393442530799463,-0.09718251814361754
-0.5668830082280192,-0.03578133020891205,-2.015449687920934
1.3495949617512775,-0.2648665223638782,-0.765339915806852
-0.9571646846543852,0.8180442290220967,0.6035888571753227
0.18138248087424738,1.2746462211467653,0.8682443897275984
0.9968470556487017,0.7041328475726325,1.2234392127795177
-1.7148895359190108,-0.12765585212821168,1.4125619657838957
2.164350256115929,-0.3075093052398196,-2.410139685322012
1.2331191578388445,-4.130384244974853,-0.34719671057491536
0.4382266732495873,0.05212253188136004,2.480891767792211
2.460844277302977,-0.04910749023434816,-0.7327121520935085
0.31161742786796454,0.66677876176791,-0.5445468899078135
1.0188309532818771,-2.2853873171191394,-0.8991446575498229
-2.3991440972799625,0.4755973624413656,1.1739911443151316
-2.249681427525921,1.0759891962351034,0.7368591176742746
1.0226483639312993,-3.0128492774406452,0.5658047321703051
-2.3814331269736413,0.3442355138095734,2.1114798922316638
0.5828255623685398,-1.8251274930042485,-0.9711841537837486
-0.36790744303586836,1.0444521748540763,2.0863404323294286
-1.2315877097711518,1.242968090748235,0.0013379248402528125
1.8279451561572855,-1.1830968039119736,-1.1455613745342508
-1.6919367598564097,-0.6776259793623404,2.7108324976984717
1.251614637146841,-3.3698875652163545,0.22222131700221576
-0.7162389590734151,0.3128817239129191,2.254061845536029
1.3253868958452626,-2.087539286117936,1.5305002571908828
0.5654646359414327,-1.0094396792404126,-2.927723561814262
2.206967668202404,-0.08315354891468878,-0.7604382568584974
1.4421938425913,0.966433565511236,-1.472396885093536
0.8478541843533872,-1.0819029282717358,-2.1412882869754117
0.7427643452010104,-0.03646054779993597,-1.4144975039981709
-3.3708654113755583,-1.4144359060432514,2.722008975221955
0.4858148011579703,-0.955363733878574,2.396112514216006
2.2573412250525533,-1.4958362507783987,0.612218913558224
1.002228062680612,-1.3312615103855332,0.13838278035041998
-2.7151115575858826,0.8643451298913692,0.718706051665392
0.4318550670606951,-1.5253844819561766,0.09603119516311923
1.0533684672368677,0.5135633599358651,-1.5319554952989354
-1.2973902584492765,1.7522232454282343,-1.8130081892202954
-0.8431118271992971,0.5502065682525962,-1.8492801683063502
-0.30068261359206244,1.274750435106312,-1.100200154681472
-3.060465480002143,2.1756512553390754,-1.378353386742866
-2.1986634347761345,1.1973584656826708,0.4601921701630151
0.007969320132938591,0.6209976469491497,0.15878396331441133
-3.6346995485135443,1.8064862097156453,-0.716385257752499
-0.9919502353486035,2.2574565289695068,-1.1517925574417556
-1.9631203159482984,-1.1385650933772127,1.6079240075937518
0.986093597438971,0.011394795456837515,0.6002119204186712
-0.8540149635973341,1.3702552625089652,0.8299014120686707
0.6495001713630711,0.40604996666428084,-0.9321197569501036
-0.9038183530191524,-0.6555430781409385,1.4710536385877486
-0.4332903111331263,0.6125526143181541,0.6033470015761602
-0.8984108146791073,-1.5160536503967632,0.1691721525672039
1.406718061981727,-1.6171238635022067,-1.5926526099103038
-0.29687991926560253,-0.5779870963161056,2.2281491122301507
-3.3660237426888995,0.9498595116287807,0.3606690565334333
0.22309407470709097,0.3233935841185439,1.3762038344697693
1.3043488348710583,-1.8690014711982863,1.4881946233187038
-1.383310238356795,-0.8819381717270351,0.710955474776741
1.1529102959119033,-1.8617356586056313,-2.212060058995609
-0.7722567191254479,1.6247946440459358,0.358960442140482
1.9099392202034255,-2.3539316054637216,0.4812709759654303
-0.8409195933741425,1.073298006387272,-1.1014005119168384
0.3804639080080922,-0.056435830810830534,-2.2129906649497477
-0.23234133596022183,-0.759946288737551,2.725528426622058
0.2523743540105392,0.5836045733382653,-0.2579887827157912
1.3700446152674748,0.14242813783402472,-0.7673222790461696
1.8173595701972747,-0.17038026452117386,-0.7629669217451438
-1.2200710483689552,0.990852712100491,-3.1528927599127985
11.519314686045028,3.8317172380958042,2.8320928512827024
1.772588309216368,-1.1504564467918534,0.7021881159625669
0.09554099065875839,0.2973330540757906,-1.4536736130422616
-0.24828440365090068,-0.37755428668563323,0.6334281494689649
-1.6052166340121665,-0.22165210966534318,1.9587385857753028
-1.2256704740152957,-0.4251209303003271,-0.004927573764607311
-0.780693231438663,0.9090666068024212,-2.7136049433317115
0.9627613188628232,-0.782589731242927,-1.9117717537439214
-1.5426788977941814,0.9480512235701218,-0.49128024710692625
0.2284402985974019,-0.08610183659871815,1.039711851098407
-1.603662525004176,1.8628174567645748,-0.41132089419776613
-1.4005854249312542,0.03825531459273221,-1.1210945488811697
0.24720690407962626,1.9246013494401275,-1.6468136543788132
-0.874806303875722,1.0045359028032192,-0.5068398641546716
1.633846007183114,-0.416992789287555,-1.1602670772639574
1.3553321556323452,-2.1064173947359257,-0.3317167473769298
-1.0548720219345726,1.9901207717739027,-0.8207325862097657
-1.5715995119947648,2.202119471973617,-1.5520787326090955
0.11273008876481767,-0.9946262737034094,-3.307124252816865
0.21592529251372483,1.1648337050612014,-0.8729163947317792
-1.530084320338692,0.8802840910416105,-0.10575144731577193
-2.7705826776914324,-0.33235837382660904,2.714038206995343
0.5124491564813564,2.0097313334460316,-1.6849336140390256
0.6876695805105476,-1.0763416100861372,0.7694340224778295
-5.527286985114975,-3.5969767613043166,0.4130206767396424
-1.0110175704991302,-1.7359741179206742,0.2805051684317603
-1.6520982820540142,0.8460645766525201,0.47701483373649717
-3.3543869131987987,1.7391345470532722,0.15260990178989253
-0.04941985166306528,1.5927139390019112,0.42286324691301164
-2.7685411071688786,1.252726341494289,-0.8750617592819486
0.00499024546404609,1.0173839160930767,-0.39129656126954226
0.9664745417858528,-1.486765975352225,2.229808887878802
-0.566997010800735,-2.2960133209960305,-1.4318307784618727
-2.896114806759542,0.7529571374251355,1.088508995872546
2.7020188255406326,-1.7090167762346313,-2.0523310073031165
-2.8559006871245263,0.9714001523108414,1.3345686399946703
-1.3594762112064283,1.231718090183882,-0.04722794504037908
2.1829373230988285,0.03202515486844621,-1.7215611322066544
-3.4203012295304815,1.2762886486371157,-0.7704568893725762
-1.4967707415140656,0.38142691444609467,1.136193326334387
0.2773577515633501,2.2450823202486716,-0.8071330641603166
-0.34683082784634867,0.8858343765991865,-1.464771938405332
-0.11249995796391547,0.540486667335731,0.8704213355427283
2.1886139562252165,1.20715047109056,-0.4369020068069563
0.11314824734234485,0.6485360871917536,-0.030137201119371116
1.263437803001302,-1.5683925914566468,-0.5164527113289925
0.9778470722297657,0.1551100447811731,1.420286420262496
-0.5906254729508381,-0.57736473765469,-2.3138537203448726
0.19874440310698557,-1.6317141467044425,-0.31478190420673985
0.5971529053778348,-2.147619979195562,-2.3126078437166804
-0.47704922851879267,0.15428421362936912,1.921310009481612
-0.19657903287561934,-0.06745659154553024,1.93965295345849
1.2785920869819956,-0.44700686070578605,-2.1025573274282325
-5.795336349997297,-0.8846320803162248,0.4656750133260446
0.26367927121934526,-1.9076783579877825,-0.5900385537844964
-0.1354071040566122,-1.4827577071846336,-0.6083589429954162
-1.0505032257307936,-0.20825971358618206,1.9246226088692453
-1.431421515903565,1.0483726549128445,-0.2363321282998235
-1.1331182426835082,-0.20763405575755506,0.47711427987054295
1.2233160035338342,-1.065742869698852,0.6012822602111026
-0.14265635333425955,-1.7688903478748228,-0.23085812995706675
0.6012669284467991,-1.905425719161817,1.2498656586640393
2.4801180735807904,-1.2001188577416386,0.15975091527737043
1.447417809001532,0.23668738374878023,-0.024305281983360152
1.3393679133286847,-3.0798100908154638,0.3452759719615835
-0.37383673631230613,1.0618607755481222,0.5622822004060716
-0.3374688009680414,0.23139048297883943,1.3750315087484908
0.9312166362280948,1.584035405238841,-0.4416213893031301
-1.1031203866310135,1.7454819524598806,-0.5925506667581235
-3.449624461019341,-0.0842362486777258,2.244322639217534
2.324541372100371,0.8208626762177943,-0.6637405299611607
1.737161639867887,-2.3439161076514874,-1.661353293071498
-2.265827764816736,0.4158449880437938,1.289546612331373
-2.520040342154389,2.5895359706964234,-0.7131123204292241
0.539206621667048,1.4641340117607153,-0.19445773698004643
-1.62108380193279,1.4887537350773266,1.2648711494874518
-0.20399700935447224,0.0022044321562193197,0.9871627263847574
-1.2857473638146664,1.9648379922991996,-2.014077424928052
-1.9085189363901576,-1.724699012565665,-2.098962248670071
0.06423361871754488,-0.3749461204336677,1.806872030460929
1.726960593652475,0.7432961426417009,-0.03219750479243965
1.9948492384856218,-0.12544618364855323,0.8113781020552348
-1.7181862648019541,1.4442902432473992,0.6170728306749003
1.383877773691928,0.7709257761850362,-2.1383925519672324
-2.900632564844738,2.069722472712669,1.075842004936887
2.3960966219842406,-0.6217533827048973,-2.1281802498362365
1.3324121983432062,0.39737356761285825,-1.584310330795049
-2.4200104946663523,2.1054417254138906,0.27797205643664125
-0.830366929217224,2.269571247309486,0.3035669826411985
1.9626439464771064,-1.0666745589527948,1.1326206206102438
-0.46291913557538195,0.7972974595542813,0.5906335963393388
1.4477263017215407,-1.033054409580492,0.15697434172161695
0.5244361381068846,0.16528601263672982,1.092178023162561
12.31473703010726,4.090465096625303,2.9844235111687896
-1.6684489849446493,2.123419631224724,-2.2928848957008254
2.329365677057918,-1.3258865009277512,-0.2614538885610182
-3.9913876864582463,1.2302831235144982,-1.1507057584988056
-1.7840066171917157,-0.09299406714856256,-0.20978127774279465
-2.2709746326305,1.2187594469084,0.5032761906719727
2.0960236250952975,-0.023323910239321254,-0.03315877815327994
0.5103336507420216,-0.01659289119534781,1.8689594083732726
-2.0252145760683913,0.9112326207998257,0.14813392003974735
0.24371872804845887,0.9291014386298474,-2.3024193335024226
0.8817329686216306,-1.206349817593404,1.9337688841422354
-0.7665087065594972,-0.14865095558772062,-2.0097022085626497
1.2157575112215813,-0.006657469101814996,-0.5930929096017921
2.4371451131518986,-1.6526583471860663,-1.0184596745839298
-0.804986392006858,2.137348377945719,-0.33030151427610693
2.1242608328919887,-0.6872062858458496,-0.22199873682282753
0.13566100375317466,2.2975287606937917,-0.887787348706006
0.06447855557594627,0.3356100344603204,0.420605176449147
-0.9879378180663455,1.0252941486091542,1.4170127776023673
-1.73377297155557,0.154303086079032,-1.172842901547304
0.7814758932438162,0.010167485348494045,0.6732441077646135
0.6997168821239487,-0.24285215479572225,-1.769605625120705
-0.5118681486121969,1.4540627800826225,0.33243741463841603
-0.5745065654532838,1.7424341409260113,-1.1931410214297131
0.14570215841010792,-1.98491413515995,-1.649488334173372
-2.7424745274557103,3.142645118872296,0.7175819444954487
-0.9476597985583634,0.2392590115123574,-0.5602832249263097
-1.1299726712100064,2.119018749152608,0.10321705544203393
-3.2202545817212926,-0.8047405396125412,1.3512037122696383
-0.6359123478971007,-1.6455338341831296,-0.9751141694938108
12.582712782933418,4.193241650995002,3.0569451278259168
0.8988007012985069,-0.6126999008730493,-2.3665332084123336
0.6010486106722008,0.6103120683984834,-1.218111022671749
0.1176137999072295,-2.607092286687966,0.08563923577904368
-3.459478945886738,0.5346986795793869,1.0493990805823192
-0.5612352402001227,2.207180674966562,0.31286070795869064
-1.0476282786230788,1.8613882516291975,-1.0126955805314954
0.8995710597345737,0.5629839051915795,-0.4683347665719586
-2.4740986085441583,0.4702927888004051,3.109740741514795
0.7405460544424181,-1.5453931597872508,-2.889542063972264
1.1456299602790985,-0.029725086325077695,-0.9570906201556625
-3.6504744746209346,0.9999368454619478,0.027614970968539744
1.065647814542923,0.39085331366304693,-0.9834039262699109
-1.9699341995360786,2.262131512814834,2.2458565947161415
-2.1846842557605224,0.6453724059083058,1.5593742977621352
0.15495557503208265,-2.4657671395003535,-0.9279038268246442
-1.961346738716924,-0.7161519096745985,0.23939271963862063
1.2520462191922856,0.05971324217916954,-0.19696535040111982
-0.369950551064704,0.8452450668702339,0.8485952959836522
-1.4131501124793384,0.28855443447707907,0.1870914636737734
1.4423782922869133,0.36407247456753533,-0.18447737182324045
-2.0495578286548173,0.7752796035551774,0.5524627980975534
0.9941801050233947,-2.2619955977104076,0.00609365536429184
0.8421798616147387,-1.6057849432872617,-1.0844400973113208
0.7070001313026348,0.5430493410463035,-0.15569980988930857
0.11359552660767312,-0.38054200871513794,-2.797929933419364
2.34628010627137,-0.5803395126725275,-0.19588774601268608
0.5067823225478345,0.09120932151800507,-1.0278835119980767
0.2714668757598946,0.31537814517474133,1.6022396183012302
2.142852101694569,-2.280501311393303,1.4485430474954955
0.3658285090015085,-1.568245289371599,-3.3676269542375152
0.9435498788795377,1.0301645232679866,-0.008937703071051288
-2.1692676586849706,2.19700699038359,-1.8722967658644782
-0.5464095630371865,0.35606017964116804,1.5730935272019788
-4.2582290917913,2.950660888866707,2.0248887698481397
0.2668748825372934,1.2932431383489142,-0.5596724155344083
-0.04094927150958851,0.3965788965371409,1.0782966686044706
0.5492098440474014,-0.9014662627509735,1.1527736613335093
-0.30666619874913736,-3.158571133387622,2.5735477141860037
1.1216215381323578,-1.5217368643756912,-0.16093015206254369
2.820179858906295,-0.05386584640110974,0.571719872508761
-3.6386151415618215,0.3756767825767246,1.098388202174408
2.1546388507888645,-2.300188489283082,0.737665381012937
0.9402199880663327,-0.31281295473078374,1.5666807850712596
1.4305638043568745,-1.0394025017572248,0.2023056176821442
-3.880718822889814,-3.809160844455274,0.607251916444928
-0.2520362292544395,-1.8038337461253031,1.3036873364326116
-0.5891133027688623,0.30987790790815484,0.7795256893077909
-0.3425864922478994,2.63069221266344,-0.865374894084435
1.6535930678754847,-0.6947229070578679,0.060005741695323085
1.482673747269533,-0.42054880998900235,-0.4681650324269757
-1.3122962566226797,1.6687705536129624,-1.5436213522305322
2.2440070685625795,0.6417934120700622,-0.45331025657468893
-3.818201096830222,0.2493352828454157,4.195836275412671
2.0835534820704256,-1.5462539817284227,-0.29405451923299036
-0.8361044639756897,1.9231247382690577,0.4092026108737509
1.0791906178811312,0.5830331232540354,-1.9520151323830257
0.8819632450377374,0.49816856846084484,-1.1675389439595514
-2.8624288501136568,0.36403180399727525,1.6986863180547398
1.5813394770966407,-0.1812987914761464,0.0813347344114216
1.1062459002328682,0.8168538097245458,-1.4784783106499177
-0.523864151836053,0.6631153535828638,0.04516285703939664
-1.215793723703694,0.7902162836443741,2.8038951579833578
1.0729969305933933,0.5628889162886385,-1.5447131584767302
-4.150012231203063,-3.53023264287107,4.387753412798976
1.7380441214396556,0.8462787815825361,-0.6426046785592301
1.9776928496802402,0.6918150198585461,-0.4696681385318887
2.5150738109321633,-2.320909744369637,-1.5105392033651601
0.5845759677866688,-0.5729535129354858,-2.4348764434703383
-1.9452561470203678,2.0098784231799542,-0.33382567294986987
-2.214044092700011,0.15477055663577033,1.663209146975822
-1.4053486851275978,0.0897463055611337,0.18289788207191682
0.19143147180545966,0.5920534635409409,0.2539215635766308
-3.881809505246224,0.187695381964129,1.8578906989428035
0.4454476104181586,2.1900089701256227,0.8810213221865909
2.125688983939723,-0.1449478950549546,-1.1446116608632886
1.5327801697304018,-1.1277164277480975,-0.4081485151348805
-0.5147423803272096,-0.19142782735680136,-0.053145977564834856
-1.720935258122158,1.1954072676861223,-0.9872349252539145
-1.583507311518727,0.43041495560721915,0.9498910591894403
-1.521245399116618,1.172144764032539,0.2240229884825254
0.665799723587988,-2.214976756809945,-1.1998937366964044
0.1891495915670113,1.1894786733461196,-0.34205875783314654
0.4871860112633385,-1.439306760031171,-1.5432186177479323
-0.8226678824711336,0.8446253376072428,-0.07527060913857014
-1.2489904703461285,-0.023262322348091353,-1.723806363424431
-2.53778027390635,0.9414071477903972,-0.009727942645149657
2.06835099790468,0.03401187574977187,-0.01463290361459173
-1.6995813169884986,-0.5533498717257471,0.27337187052678774
0.22004168530863435,0.81171992267963,-2.1423510533597923
-1.085596665074921,-0.4857488479372294,0.4276445719908164
-3.6213908849274126,0.17848760918863354,2.50931572437178
1.618165040168328,-0.3409633671547294,-0.38711454384903143
-2.2712093455765037,0.04793737185879101,1.1208639887110141
1.4953331948232085,-0.6530408977423621,-1.2093958874836421
0.8030890076560853,-0.17839319824682004,-0.298657743464847
-0.7583345976635818,-1.6118304220350699,3.354547242022446
-0.20033328853689017,-0.22033890323008237,-1.850019140906053
-1.5619612073235,1.5437868433425785,1.7156584018571461
1.938857594049057,0.5284803659242573,-0.09083120603383045
0.5415107621930914,-0.0608530884345226,-0.6122805235451341
0.7431584441625793,-0.7119493762379823,-0.7016706070447158
1.0405478739570826,1.4355065326307384,-0.530836844144856
1.0704542555609409,-0.9586883573684477,-2.889619354917565
-1.3650620571305252,-0.13747123334220054,1.8512282686285373
0.034676639578424207,0.17183212522804997,-2.0042228505230004
3.392517945843582,-1.2231212834873801,-0.3953246389310028
0.8393921001692773,-4.353019584663159,-0.5058015400211507
-2.058761242149301,-1.309039953139409,1.69153105606929
-0.9574208000395565,-3.587166471780789,2.296082859266101
0.010118333636998078,0.17592739132648547,-1.0979205673624726
1.466872316169612,-0.6588090395435581,0.04967728634397606
0.49701155880953607,0.20723683564374343,-2.4037745320458868
-0.3013768360312714,0.257953930782215,-1.5550298675317247
0.2165041655699945,0.6494225512248986,-1.7409748489450256
-0.8598068619671961,1.9391966095928872,-1.6599967960165714
0.9141420614491866,0.19635966626407722,1.1381053241901544
0.1393533958204466,-0.25057990262129576,-1.5183309586787928
-0.04961868924919549,0.5204770145366328,2.12251695191313
0.009047681778902285,1.3437810395872112,1.4351623788749777
1.3920414277459057,-2.9092613370360234,0.13503425169650649
-3.0347351426398603,0.8509578073425853,-0.43677290127838914
-2.16630917576286,0.6742588407317939,1.0820186093124189
0.08537455288000755,0.40981946822718185,-0.22784530527784855
-2.2863444044599714,0.13778166124433458,1.6953517288104543
0.7483156096238561,1.9531310450028199,-1.1714188059734458
1.8751888878218546,0.552031186022738,-1.9717101320410462
-4.252290415252149,0.7271470351564172,0.4208703978267838
2.1210607614935726,-0.43421690324732126,0.46748002084292595
-1.701193245063472,0.6706921080837398,1.0849309559098774
-2.2250214141722147,-3.2047541864439983,1.0293125085029096
-0.38858026059359363,0.5228604546035728,1.4300182150337903
-0.8676137951687309,2.2376755382028186,-1.0884126146948132
-0.33159365414817726,0.6543268019210411,-0.1892276063393337
-0.9891915347347789,0.821473816437226,0.15577333887806652
-0.7622339261581652,0.750073973503453,1.5844733913152629
0.6813935146241887,0.680590867693552,-2.630566799495463
-4.637679585444514,-2.5097122795899915,1.395098528847318
0.32523626869826056,-0.3054904859456905,1.9496416746921714
1.9767041714935738,0.016059572967888566,-0.5550712916182997
-3.6301388146655063,-2.1608329293225057,2.1579520882961742
1.9612287213272162,-1.642736373103998,0.9969556238184638
1.5249017754733014,-0.8168674156164678,1.4344209333707607
1.2221259610624429,-3.8028450465568104,-1.3966679567994564
-1.7076390592956232,2.612631680052642,0.9586560931963518
-0.845504527001279,0.9579564198447807,-0.5456097227957535
-3.0035272319305886,0.6718735644604001,0.9414589870260067
0.5911009575411195,1.6136475296792439,-0.8272669565860089
2.2041483235213764,-1.3908461966385528,-0.7630900678463016
1.145256712777046,0.10806562552962416,-1.555644247616833
-0.14761499146603654,-0.05380182522010013,-1.257459553793293
-0.03977361627601211,-1.4719616524727683,0.24841914815053864
13.394601468733692,4.501733079034516,3.242271447446403
0.5692803939845709,0.09268864721908904,-2.222527810502524
1.587731325018712,-2.4999735362634974,0.7965626901907401
1.8888385552764846,-0.225304567371407,1.4767589071994809
1.945282027023887,-1.0268190200990457,0.7454276349115428
1.6801875612581798,-0.6804680772280238,-0.5846769818361724
-5.593694016109144,-3.797780718241614,-0.7209452408429343
1.4312038067770447,0.8235710851573449,-0.9976242953219109
-2.3325021730977484,1.5659906085029793,2.6270598148683972
-1.9787498017479568,1.1664373326030624,-0.9603021318483886
1.4251990500464011,-1.2402403163944205,-0.8689988353607376
-0.6319020173957411,2.29608152093379,-0.3178549793045899
2.1054206806204556,-0.21622224944250984,0.6302997087950054
-0.17620650700970344,0.01713873276906866,-1.128250821434526
2.2306795608276775,1.3133398346578224,-0.07644170760967621
1.4526503055895066,0.3230062978768628,-0.06684078439893724
0.42404187317900627,2.1204053240606644,-1.4172309352673755
-2.0600994087096067,-0.4579152192076155,2.672751858323156
-0.9833585412124859,1.688889881201045,-1.1831186084664544
1.873721906883597,0.860551839833986,0.16573550440149667
0.5780109272726665,-0.30455695406372585,-2.3046831743860805
-1.7850346657533758,-2.15037024910525,0.42649749321864
-0.9099712834836715,0.4639373430220293,1.220588269518605
0.3254069851728127,0.88448314437032,-1.5973552887796476
0.242019170682515,-1.7372818533861476,2.001466761712526
-1.1916522261416262,0.21085734999111125,-1.1359524973324384
0.8515175622446887,0.7042738333777264,-1.831340293880279
-3.506880129825053,-3.5119460869259225,3.782793262064509
1.221871071591093,1.0428280369046328,-2.685408529109161
2.488945928174042,0.8493532659576457,-0.3065010898571883
2.3899762810235123,-0.2002977773186626,-1.1981722064267204
1.0586497764444047,-1.870378441425302,-0.44366641224402525
1.0859936491145479,-1.9817240107774554,-0.5172274532067899
1.538130706876184,-0.9473833785204371,0.5583233895620046
1.0198913738833737,-2.8054329258639488,-1.2299117440180118
0.833795076103925,-0.4984149784312442,-1.1833221622276984
1.243482306579583,-4.002490651867041,0.07430493900871273
-0.24308878296307493,0.5093033357951012,1.456117945459855
-1.8048690977610806,1.4035383060410913,-0.5857137215395559
-1.4449274661697633,2.8880026095810485,-0.48791272321378165
-2.437988271938894,-1.0927110660978572,0.9469609036783698
0.864686154126039,-0.36124463144551017,-0.841347146263981
-1.9849003066538575,1.2715618903124386,-0.647902075202004
-1.6119576963521927,0.8549662453880961,0.47063224602971443
0.546508958273699,-0.8513006135136929,0.013010513413136934
-0.42375014812176875,-0.05108082524741447,-3.225449792828654
-1.3650658889083511,1.4274991826646282,0.003699904067987563
-3.9574702647980864,0.6102031609210071,-1.3172797611090958
0.47767620863402005,0.3606339908038152,0.718587923947299
-0.9298551283842079,1.887314867004673,-1.2292648173720069
-3.1339109541750627,-0.2540499661441688,2.723935368341296
-0.3999189625334702,1.0923743605322083,-0.7344957317540463
-2.381798740857498,-1.0003377595868688,-0.37664235717310574
-0.7268850696165471,3.009781413634066,-1.0911440102053571
1.8021336828913062,-0.330926401351774,-1.673421776472653
-1.6943457591962727,-0.08783935803606165,2.5335537488738162
-3.0984894789417208,-0.18295060916196199,2.2076705532612975
1.9318053933251043,-0.08685354868667615,1.0861363935279706
2.5731201217385324,-1.8946524919564776,-0.42037572476658647
0.756053080470338,-2.7757436740056276,-0.08091053616289472
1.5466068070304066,0.6781184888921792,-0.3751057091409456
-2.338842586936786,1.2798236850946076,-0.8957118757036325
-2.906571620342734,-3.257785207627413,4.504439699362027
13.159376230146936,4.383898333120412,3.1659135274019783
0.005967824332943751,-2.309682930845409,-1.0190514545623468
1.648212239537464,-3.6113845230798485,-0.5830915032746697
0.552229438197052,1.343290272820319,0.8148676612669704
2.2376048465674914,-0.07467436453660846,0.11498210187227995
0.8111736142840131,-0.36792320312513055,-0.7000362081789427
-1.200888460023267,1.9236827233358378,0.3819199046692669
0.8127479351703842,0.04986416810420538,-0.5393946641035595
0.5034302700537056,0.19078359598570693,0.4713616993696962
0.3958895612319503,-1.065899751673414,2.1323049182595555
-0.10434476548118955,1.2565041230387537,0.4311633115864214
0.6923909781524473,-1.8563634233274198,-1.2481048414604632
-1.0013393427845212,-0.7578797626403102,-2.3420343383291344
-0.4015959827081286,-0.022485837821412346,-1.1968072744971623
-1.2560519436709197,-1.860550532759913,-0.5802987921377528
1.556851952811291,-0.84469175193465,0.2561590012329385
0.7051637609256575,-1.398357450917976,2.4847039537378723
2.23164403502849,-1.2332910279641707,-1.4930354338307603
-0.5315505357252464,1.9928686983907562,0.8744531844240723
1.4895062689641503,-1.835848466787485,1.7003080628391671
1.223333547023888,0.5535317316366691,-1.8029304860312763
-3.8454171594412916,1.4461736332482604,2.4607019587835066
-1.5328092200370413,1.4947092755722031,0.3617436157079565
-0.5006509819916861,-1.4331821531648214,-1.4299144713756187
1.349138444789707,0.04918122271191177,-1.0039086936225299
-0.10908333310322403,1.2821091531026072,0.26407929718902445
-0.5765198594328533,-2.7406411780227975,-0.3530455074289766
-3.8094000066052947,1.1636168475941842,2.1527875000023236
-3.2103657500123415,-0.26614579542365785,0.9134547745187689
2.1116056871487485,-2.4136249426093186,1.472546063791158
14.270156137375023,4.772710200846904,3.3951744213004287
2.3698837675559683,-0.0744775980635883,-0.05187900402226101
-0.35147506409751234,-0.9230624685710159,1.1690427446955924
-1.8725307950541576,1.5503703824859971,1.3091262834614916
2.1146233278099995,0.7185349063051092,-1.2941826710467674
2.514760762882278,-0.06134860386195893,-2.255849936671874
0.8686332825994787,-1.3042437349424536,0.8108904957132437
1.011198223306991,1.5455079435740324,-0.4595521834864819
1.3781830862121227,-0.6472352020685996,1.057468968244507
-0.7770331823975833,-1.1329226300513366,-1.6243572912773043
-2.400824193340574,2.057418167949831,0.3161690240210783
-0.08894708698251086,-0.3468784270722668,-2.549761594831121
13.495813729562578,4.492359081151977,3.2313000053401533
-0.14925592052628647,0.2893428121129835,-2.18018385182103
-0.24369197605138848,0.5529677727687335,2.252582353076974
0.5783616230882883,-0.9983311838859183,1.5333316683436737
0.0609949023389468,-0.04449368822280716,-0.9114986104772393
-2.1519632737055336,-0.4318797438081335,-1.3473497294798122
1.623876692768319,-0.8657001951508603,1.1562565849576847
3.219885447808472,-0.11332164577684474,-2.934793800901562
1.8587489289614967,-1.7567577539883867,0.9110559258520226
-1.5432954218638857,0.8299866857102263,-0.09201286105291664
1.1115761105103603,-2.3287643821516504,0.5732824833300482
1.4980527097622196,-0.5934137803011432,-0.3594547225390672
1.6631199227551832,-0.6985436129013127,0.6650714246309493
0.612610316687498,0.725910985616202,-0.10126324906655745
11.571821577649853,3.904107261255896,2.8908252004490165
-0.6597573721090686,-1.3867767131813702,-0.7031332602957782
-0.6954787105360483,-0.017567994851415313,-0.08752566139310249
0.26614015216045656,-0.3939435436421496,1.238786235640735
-0.6232277141978827,-0.8256808619222279,0.14898426911368004
0.06040380147946824,-1.2717728339923466,-0.8726929401006093
2.0957396245305424,-1.3935318640248033,0.764461627395153
1.9574861891152462,0.7024116817491999,-1.1398002650054981
-1.1598975107006344,1.2593140179473008,0.33443500044191976
0.6420868450143052,0.109915749275649,-1.1650207307764155
-0.08047052649286901,-0.0011986683995475211,0.9041120920387917
-2.7204201980483487,1.0988847265170474,-0.11534720130592016
-1.4327642556817386,-1.6936520633689662,0.7631638018063565
0.8196333931019225,0.5592463909127081,2.022074647114205
-1.1499292094440592,1.0337670969983894,1.7457050468840642
0.9904284289228601,1.0503470756394864,-0.9294836834122207
-1.554310291905028,0.5730448501014547,-0.21736643321848548
-1.1027894376395004,-0.09672777014660112,2.2122333958574076
1.4614060828250515,-0.7794544721733992,-1.418700354699474
0.38969575143125806,-2.3283366180639296,-1.3732572929908404
0.7778552847462938,-3.7885624822342225,0.38713028921743337
-2.404517811096762,0.46352863986973325,0.6932103049427534
-0.17620650700970344,0.01713873276906866,-1.128250821434526
0.26101358089988824,0.025983615443417794,-2.1610535651379617
0.2938535506880025,1.0592867688000636,-0.08604153633274793
0.994863934483165,1.3735628218735876,-1.014892188918234
2.4960374734886406,-0.3691342385401374,-1.738286109668377
-2.608003967301396,1.7168781204317813,-0.8467080835700815
-2.9331733575247076,1.6061534792968746,-1.6538563323399278
1.9802570454260664,-2.2729807165955305,1.2724742296399147
3.378788604739875,0.4072786500969442,-0.02275907390804345
1.150520833219614,-1.6057223544809538,1.207295337872773
0.056823940871385197,-0.8534732062831738,-0.943810977008462
0.6342516846152119,-1.3934569222516364,-0.20177592053646326
0.9706432189273564,0.7774715849538281,-2.300362339205496
-0.3008072870850021,1.4614379775885256,-0.12471962224342815
-5.013031723949974,0.24322500563390456,1.2470584110614134
0.38476640786024235,0.2121136195362222,-1.506448534976737
-2.0458646020953792,0.8140083602955607,0.44901677576395016
0.9821955750503742,1.140811870367259,-0.878071329837629
-0.6592765549860713,-0.02694266993378863,-0.48113481705187017
-0.2791772269113226,-0.8751136915975491,0.9652987296535844
-0.6493576387056874,-2.9679014191935935,0.9784142518512451
0.923386116921127,1.169514886427457,-0.7299545537372003
-2.5695592715651814,0.8384025264904051,0.6181261336148675
0.3935234121304987,-1.3511648745047533,2.2776553308657075
2.013751496144733,-0.45171326768058534,0.5202034260188738
0.8083164733316064,0.029646858932295513,-0.6588874658143707
1.110093549371728,-0.43936082257551506,-1.0948600249196334
-0.7233680482700701,1.4214743108414885,-1.9989318249047325
0.2972074049117086,-0.9295711209651205,-1.8573054646185825
2.1563130763176037,-0.2224457062652454,-0.053943504421549916
0.8243739704348395,-1.649504578023859,1.559251629006101
-0.07531666191196297,0.8315535333007363,-0.054144234530021755
-1.7602331278488992,0.10952016680448966,2.713948884785284
-2.3452528600924287,0.21000474102364503,1.634198874832913
-1.2660578002243115,1.3465047034787423,-0.11739173910105687
-2.739121426357118,0.9374061768938922,-0.8474699773836696
1.5762777818232503,-0.08781513679635554,-1.5206413908054606
0.324908749162021,-1.2261694104736045,1.9530109893754255
-0.7408758138304177,-0.042824117541110596,1.3764262091325512
1.610434790453171,1.3538723609360321,0.1838285968436128
-1.6867881183642022,-0.5477051847900868,1.5249107321881996
0.7429597400585879,-2.6663762915966034,-0.9013158023831149
-0.7080012099163476,0.25604160393919045,2.167172409742163
-0.16940196316136458,-0.8421302155060887,-0.5719745245376637
-1.7769857986857276,1.3661617693513846,1.8315748289461165
1.6829637970969353,-2.8950607012335987,0.3129660014324857
2.050414265191544,0.6103387092365663,-0.47756146027230123
0.22679845542085336,-0.8360555415397353,1.3723802312908455
-3.9039842858312217,1.9505451153782152,1.5454915270607161
0.8997579404529599,-1.5475212968219594,0.29701344937210505
-2.0711934256316367,2.1837595699299475,0.2977482275491361
-1.7036249842664837,0.8049293026140562,-1.2035948489206696
2.117050997035985,-2.773197739452404,-0.7329203475173648
1.1396819631632444,1.1607561529990158,-0.35953665714111693
1.2564592183288643,-1.5451624328215414,1.7943398429862498
1.990055092462022,-2.54243523546665,0.2274365634855902
11.62804521258268,3.938460807647485,2.909605709529145
12.440826688771228,4.186374595704639,3.057766141903201
1.9681341551944054,-2.081465902245945,-0.3941374484500176
-0.8945928336894191,1.343811688882005,1.0366151060398983
1.947181506523734,-1.1257791161604114,-0.34656812916069674
-1.4469671239136912,1.9335962178172093,-0.19098025494227844
-2.9521213521699843,0.8041500583034756,2.5574940359242033
-4.525833259448148,-3.489322352301846,1.6655150115521937
-0.4125609375438526,0.5728606869196902,0.36890288945769445
1.343145104771415,0.7043454073809355,0.180394902090749
0.7864543478290043,-0.5480785787904494,0.0032044227408155384
1.6191022693093802,0.09386417051472712,-0.9812273281963635
1.2121135814301207,-0.8708720192113033,1.1679983041659487
0.33875142776643946,-1.737899159447425,-4.894384065527936
1.0872780573234369,0.15146028935807443,-0.7335401491851833
0.13361085598167535,0.2692247596208828,0.9555475754133091
-0.6496905413093429,1.4693714913816116,-0.636516748933001
-0.9941623184549143,2.1619927075222902,0.21178018138905552
-1.6513128492336395,0.43843189190277765,-0.20820401847228726
1.5940008105271903,-3.030254133465319,1.1639660813286368
-0.9426059759290549,1.2098723942422835,-3.29166420257632
0.02806691625687584,1.8427573258046572,-0.05876774020663181
1.4291420289040322,-2.791367895283391,0.26641643621693173
-0.2602844705510611,-0.5741217875202981,2.2389066776854363
1.1323424397564756,-0.43099756568688846,-1.8934833513400209
0.7936479685864543,0.5919874712235303,1.8056522169509417
0.7936963575189478,-2.1446231151236894,-2.5947541283206723
1.8322973543979715,1.4478436791595983,-1.0413787876133256
0.2835806397713124,0.5490805649555066,0.6848116882900096
-0.44478485668695433,-0.10155692382905318,1.9430069795789502
1.2157791569044316,1.4972645983162296,-1.4093950547218277
-1.9704481339641469,2.096909955010422,1.5102072969396463
-3.0184917481965057,2.5603073172472905,-1.0629955635520336
-0.701777283260863,0.4277603105364095,0.572439458585629
0.6637153060305906,0.4500917489915834,0.47244550516532346
-0.785187402994441,-1.907675556157169,-0.8056687034639647
-1.2251590086561595,0.49319802123423323,-0.9355167914702318
1.1005782917304858,-1.184286347620547,-0.8319930745983245
-0.4231271559788234,0.8180891667398067,-1.8809323614211246
0.6546730419877845,-3.6279442701748827,-2.7732460597196216
-0.10682371575813217,0.7946435365178616,-1.2561542298386172
2.2603497128722965,0.7650515664615671,0.4563033740855371
-1.0578826193638502,1.532702784999014,0.6685717703038188
-0.09885502271075375,-1.4180046338987182,-0.7784331494723604
2.0876385748874626,1.059515460997654,0.11241140763803746
0.6243177310420016,1.130763533759608,-1.218885244058676
0.7400110934805174,-0.9262270139362089,-0.23893873613293043
1.31010800621798,0.8941958359838966,1.8775189328362734
1.8777989633009171,0.5536929780076898,-0.8324617487654304
0.7444723696306609,1.638134664904669,-0.11139684992959972
-3.0462897360398618,-0.07824476109509444,2.2676899198189786
0.4558807287630083,-1.7856681101912026,1.8430792853152416
-0.9122094580809482,1.0582023406659313,-2.5607152906985275
1.4437410849049523,-4.639871341003039,-2.0463881883658126
-1.6294572902475333,2.9966018218100148,-0.9088698624563167
-0.4387024859744878,-0.18236619265357815,1.6576115297325968
1.1763933616069384,-0.7022134356079659,-0.9925569495131401
0.21774808556128997,1.1116975253765866,1.3389342332030034
1.7539155149410237,0.873785563523485,-0.692785728521037
-0.297656348300786,1.6775205313533799,0.48487331824525043
-0.018025242152819285,2.5783143865812646,-0.8902859997232274
-1.444130211064091,1.0465224686130763,0.6083565753287659
0.6948574519759905,1.8434085444673123,-0.6265042458079575
-3.522175994517452,2.997388352347352,0.6759381759068739
-3.7412837238847128,-0.8942952859433904,3.0064404463813053
1.723044899880544,-0.603636984640466,-0.0713716562636193
1.792129567135425,0.728934316508239,0.6157857173720866
-0.30416414853819806,2.1284824540662504,-1.1603822916935718
-0.8668345678326692,0.4314151750388439,1.6451970783538807
-1.982648284466864,1.5942673918585937,0.09609865916298717
1.3446227215953768,0.7616225446569405,-0.472296153385273
-3.1678370703191256,1.8828212381847522,-0.7713195456554448
-1.9286464327989548,0.29938392328509256,1.4847029241805214
-1.1069842306124256,1.4291341840361045,1.154808802208609
1.8431722050331785,-2.2606592820028375,0.5296593702402463
-1.4950042208820276,1.2177149172536128,0.44679732731446853
0.1371412173858172,0.4617037922773892,-0.7877445117876151
0.20985101468101117,-1.345639526557329,0.937899083989082
1.6594076039396186,-2.0529156329209366,-0.5161700504842477
0.6616687893934162,0.29451243423696416,-0.9780923321593935
0.7380351887148773,0.06753471068034844,0.6204354943851428
2.3549094975357345,-0.8795451462386877,-0.13878158731049442
-0.4217203409757482,1.288482378496693,-0.8671168570979026
-3.5567277123463104,0.5121106660402632,1.1197165671657343
-2.7383186823074226,3.105705785167862,0.7437432150466764
-3.6768313724265873,0.925171580105747,1.4506166783842909
3.0139956584319156,0.7011355490648725,0.770439450172679
-1.6903246405264727,-1.6755483081120048,-1.8889593498022408
1.6282647245427118,-0.1180714523215146,-0.2488041124584005
0.7132173290271204,1.774718646529639,-1.4889056283328457
-2.8346456623371954,-0.2640409418774282,1.9269392895263122
0.2449381553061518,-0.2705661358426046,-2.0852714891827797
-0.42557736465538987,1.490263543267045,0.3768876746499947
1.340370226988148,-1.1824463011775588,-0.26624830713518766
-3.5061949379630146,0.40803040468202056,1.7897669980534963
-1.1096054753295626,0.20535527461168718,1.24452305161675
2.164942069108011,-1.6942904291378782,-1.3965672675877159
-0.08982943304042845,0.608753181967592,0.3476687894505625
-1.8208085158985197,-0.5706878481493378,-3.3140604630870802
0.9934292029817613,0.2909455784461835,-0.5854197826483836
-1.6070781765476343,0.504457106107085,-2.031603820176522
1.4349579209258119,0.03274875091897505,-2.083306751091494
-0.6297303293972595,1.0739930020525166,-0.16070632382224906
-0.12176042330870494,1.7235263130700873,-1.0097548277401103
0.5915352710195416,0.9368880472754295,-0.6677361436757939
-0.014505502071620663,-1.9810992015163613,2.889895154652071
0.03233059032262786,0.6316560447715011,0.8963814885515329
0.8263587392697243,-0.05531822769240299,-0.7777816111135002
0.9551099894607481,0.34487936279466347,-2.191204708679638
0.9113085622672286,0.4229474624812813,0.736417241110241
1.3653621533695426,0.6900690692122587,0.9157052519351238
0.28440816999936247,0.6112288274027603,2.0804914610927647
-1.7806578299187816,0.021644123361509487,0.02594815365130425
-3.7211857783058693,-1.7806086918886859,2.5686630015378946
-2.70871176535232,2.102335931110067,0.2410528654542377
-2.0650971445074915,0.15371941317342022,-1.111325458585967
1.3824654846944557,-2.9493314029395252,0.09397959494913605
-0.9309221524534456,2.1347765934764205,-0.043789034864461056
1.6546333462462224,-3.4754812717754464,-1.5124730064877603
0.19134565106450752,-3.020898632603277,0.02139945486462469
-0.2723534435248303,-2.034579832045002,-0.6577779437432423
-3.2888280922303235,0.7481347559776008,1.9287904731761145
-0.20665641927492062,-1.4212125666781164,0.21900637020288086
-0.8092048028692006,-1.4626340449243662,0.977674633315029
-0.7979960695577012,0.640739644876174,-0.09835872271429157
-1.4524223913613188,0.020154687704687924,1.8146767627049676
-0.16479113374397025,-0.880095878531237,-1.7536122284762947
-1.1868535991194216,1.1788518632918246,0.4024744981228186
-0.32350386672348597,1.6509813923298127,-0.8058597897748528
-0.4893663631081702,0.7287310523159912,2.2868427325499807
1.2907365977798733,1.065902235386826,-0.6814074838639819
-0.7573530104381484,2.2365267073083457,-1.122009070912564
0.971681601338664,1.5570739426570224,-0.6378472792055458
-0.5602442517205041,0.9547684185907257,-0.47403016874526044
-0.15121797065084616,1.1598690341445517,1.5530611402099337
-1.7099746411726997,1.7647604049809762,-0.18563264119048659
0.7496203582540177,0.36641558491815185,0.7065868830110823
-1.2501386756808899,1.6678059305501098,-1.4272008824686706
0.8469096505019638,-0.2752091488320159,1.3598916728115973
-2.3652574116568137,2.1578407313951673,-1.1574591263879295
1.6728850441652645,-1.0617452857624532,-1.2470969490562198
1.181708420814059,-2.3290361214079143,0.021190516226208374
1.6237466996135579,0.5876863830680117,-0.25350834860939714
-2.287984989187851,1.0451838003098328,-0.5649827070871147
-4.87379635915759,-0.1152810373488701,1.9001773879288169
-1.5429827012531696,-1.6426457368733693,0.6394406159800125
0.14381614003219356,0.2752714886548155,0.06364133091290183
0.06447855557594627,0.3356100344603204,0.420605176449147
0.9386568282552676,-1.7774953993045617,-2.1255377182685415
-0.012967712556161654,0.6640488929403879,-1.0319220858949074
1.152871602055448,-0.3077590945556438,-1.067878651694421
-1.1616894644111,0.7325808059008516,0.37184558034959514
2.159310166394066,-0.9239353001245981,0.17516750457833316
0.22514948718004094,-0.09679440690662278,-3.03596729148166
-1.6907513738454647,1.692142004481478,1.4137719866447056
0.17196673386432082,-0.008353244881408175,0.777957224185835
1.9663995123313984,0.15146487826321578,0.16434412440071416
-0.6308724229975552,0.31089668614154126,0.8081018654165709
1.9719128993163966,-2.810664402091339,-1.874387376523256
0.22861870720827956,-0.1643280884002766,-1.4473468091035904
-1.3128449362987074,1.7790475298064747,1.5417369771141374
-1.8182128973431007,-0.2876987698876249,0.8590567630041218
0.7662582089987615,-2.061252905891488,-0.9430484920324509
0.24955876411734434,-0.5127247214824759,2.1884378802785274
0.9152291046674871,1.0787738059321352,-1.7401650764234766
0.005653299480770334,-1.4107388382736936,0.9213253455005781
-4.244612600321495,1.0015789550952159,-0.672246279330841
0.37393278351880516,-0.7008814641615545,-0.2933174050152211
0.8601579527361254,-2.9585810272602004,0.40874906417757073
2.891208059478733,-0.5041935972155195,-1.2285074107537257
-3.2261710166306026,2.6646516931875794,-1.7173751020904893
0.2796728356636012,-0.48782444881292286,-0.5694626534075578
1.327288106292317,-0.48611990462985133,-2.0515156697343095
-0.18508366953196087,-0.7708574986791265,1.3094973763035862
0.8517818013152232,1.4063068821497582,-0.5854977597065293
0.5878273715637066,-0.1608878178648352,-1.5309029877489324
-3.3521984396356754,1.0009354825454218,-0.4635363358206882
-0.2764319739029489,0.8917725914073888,-0.12051646877450611
1.0351518384732898,-1.6166701814957365,1.7484071938247523
0.2711591745068018,0.1337714939572455,-2.458509683742657
1.1805581465253596,1.350313930343061,-0.40001809186298737
-1.8673270615947593,-2.7544209887015625,-3.109526738808754
2.3877932366506998,-1.2613813671716885,-2.006417265316865
-0.9617814089040275,-0.29311824698911687,0.8221288126870556
0.9131248033264676,0.03348048576191424,0.21360682537838563
1.1946577983251099,0.42980745704026957,-0.6157685947465078
-2.8943297670655768,0.6411127441389937,0.9129445460650945
2.0736956907324564,-3.665097169899262,0.35170129050244275
-1.6689650767351043,-1.7904779763083627,1.3395890048556818
-0.869109450358853,1.4594840084839198,-0.7516933731234366
0.7196979994789067,-0.5301751040438515,0.2220894807249349
-0.48028249576849447,0.5319442626921287,-1.279430169376862
1.4519469676130075,-2.269097780670202,0.9496775787053459
-2.578181732139782,1.466408388253994,-2.499080291680559
2.4585402984502704,-3.773246048811438,0.9942333827681293
1.8429629743602647,-0.9916747789939134,-0.005370010376745127
1.726150493163401,-0.2525634633530558,-0.6431465301718436
1.8606445059297736,-0.9866772043812974,1.018919202796036
1.808351430080857,-0.22233237190258262,0.49112605557134914
0.7600524571657158,0.3586433861888341,0.223483970798963
1.7828471028957413,-0.7703187639871023,-1.151459943912063
-0.5713409557010851,0.3443992814141504,1.5849029101759218
1.0729969305933933,0.5628889162886385,-1.5447131584767302
-0.2352778195167171,-2.7264176251175734,-1.0938330200148618
-0.14013298789391793,0.45120866267445203,-2.12334216839753
-1.1404887545947995,-3.5770024206484408,0.4269937482480443
-0.6647700875389306,0.9604106112854081,0.6249882272767571
-0.2410603001338221,0.5108404614321582,0.42807351054688775
-0.7527848902764792,2.0362037120615817,-1.1162913965101635
-1.875180348176537,-1.2598777743439096,0.7383440946797156
2.2499920501950297,-3.080109748701017,0.28992783869392097
1.7634719826231464,1.2284083209274637,-0.1268380373800759
1.4612659782179307,-0.5450275584134375,0.6961323704541205
-2.2560045568354754,2.297014565976105,0.19194999184702452
-0.7541244978599131,-1.7528062162632052,-0.5894514461818782
-2.326115384048122,1.755265349089741,-0.38129602738849444
1.837265114363494,1.157408246024284,-0.8031137250094726
-0.381542644001963,1.4380517060504288,-1.63799599077758
0.9113971815456403,0.23260951263817442,-0.009264744600423586
0.2532433758583178,0.27531057062438014,0.16805481798280947
0.6722860196694319,-1.1262401450596335,2.026772736798556
2.3495821790458877,-1.1350886483457365,-0.1110172767165973
2.04202518342822,-1.3856398720598284,-0.1118452307444072
0.30398865394529023,-1.0077215946719833,2.3964783613493315
-1.5039363574837739,1.5981017374873034,1.6988898789511302
-1.6098662349840338,0.5124441075763237,0.5986395789789462
0.1475116035102697,0.3161550858618111,-0.02044135437212571
-1.9619081934172957,2.211624714309084,-0.9601717277538169
0.42854338927498253,1.776580124799998,-1.0497317578750134
-1.2016620430057834,-0.19331745465447048,0.30107722977628376
-2.782895748604865,-0.44217513914154677,-1.1997766417210776
-0.09514278968622299,-0.47950882690876095,-0.8738269728518948
-0.6112953289894735,-0.6105378876340642,-2.4822695499801184
-0.9941601495134672,-0.535143090322492,1.5687771549802274
-0.8533113920754098,0.9812351823908102,-1.167504204007199
2.047381144768257,-1.793130457088569,0.31720187304323144
2.0593883864449003,-2.9724875288944497,0.42889757958863456
1.4165729875076485,-4.254270659881047,-1.3533643562754556
0.6360058387682274,-2.0108331636656445,2.1444439067505843
-2.1569559845478565,0.3143408044406005,-1.3533311032023008
-0.04926512793764694,0.2578775539629044,0.23920126005431785
-0.020732116890054542,-2.2966506283390165,-0.32539596084410694
-5.790754078421564,0.5512757074218003,0.6715640077585898
1.8146110800168669,0.09814424702250793,-1.9303196147535098
0.6850122212744114,-2.4018577328698183,-1.7283792023597297
1.1145489535240931,-4.095598766833344,-2.5895014581265694
-0.6106675960049022,1.9087293108133314,-1.556165884338401
1.0101666748578293,-0.2609173497039996,0.020353367880923613
-1.293513896275021,0.7698584201583218,0.8171744004687601
-1.3776578960276578,-2.1218710153255906,1.7300835638803058
1.696577580476032,-0.681579046844441,1.685020404364757
-0.6848643643998644,1.7035647557814138,-0.3135437303162495
1.105345700239419,0.24631331207815493,-0.32591846170037125
-0.09073299825341037,0.6378554679993312,0.9714404494294971
-0.7633285610982591,-0.13479065759530984,0.05742767605253004
0.3025708002441181,0.7373221267117965,-0.6168272559116087
-0.43880775919759885,0.1880739673238045,-1.0374981742034737
0.07911106575816554,-0.5512721220516095,-1.1224481592431832
-3.070902616228567,-0.4147006116731822,-1.2402918894247643
-0.0467582084116907,1.823866571974488,-0.4072357043155575
2.127320890125904,-0.1853508082694793,-1.9389775277961716
2.289366021713694,-0.02369979004771212,-1.8760527168150014
2.0489393990337272,-0.3904056155804093,-2.6451436073552776
0.1550833410533972,-0.9214141276734454,-1.745812673606381
0.5865186840014429,-1.3788031357705692,-0.707962799446275
-3.112406101008906,1.538630478241136,-0.1489834593012227
-0.764883336074951,-2.614183457408764,-0.8778549948948454
-1.5746921980893014,0.24387610548296862,1.3618722407051675
-0.558345177655804,1.1345148788263322,1.9192936646113659
-2.3975120442801314,2.0602446877899703,-2.5421111417850826
-0.6567768995839823,-3.284523705429485,-0.9359089391372343
-3.1050596257080243,1.0160309448579523,0.10947382967060242
0.6953198694282146,-2.0950059901437217,-0.999294632261483
-1.7385452339805996,0.9339408906179,1.313284398280721
1.6111130803232965,1.0250964725847027,-1.6965489124975757
-1.1615295300925943,1.5518774263343549,0.2261353887898411
-1.990448788619116,2.1742745556738434,0.22440082293032293
-0.8843978892936808,1.9930894183145214,-1.1515022890710325
0.6478642657628328,-2.418521739380916,-3.081904146886981
0.9154044096287564,0.7220294936677468,-2.0314461071476377
-0.6105859795781915,0.0804823873273125,1.5801681160627192
0.6472386380506545,0.20266528927092295,-2.38624201018839
-1.5194091876498053,0.3568024674249055,0.4832358577143598
12.324474008204911,4.146825616669569,3.018840846412574
-0.1934184802057634,-3.6000686275494234,-0.515572074915056
-1.0154476677012536,0.849434973545937,-0.48099533971506636
-2.431960449673152,0.5043307140851696,1.297433355664984
1.304199409692877,0.9663170077112364,-1.7079197798772814
-0.048449788182584747,-0.5925827196234822,-0.7222392018953799
-0.9309221524534456,2.1347765934764205,-0.043789034864461056
1.732330111472846,-0.9019529984314425,-1.6983355241258034
2.1017066667904185,-1.3195328994406423,-1.960778537008826
-0.210696768830756,1.8545755315649057,-1.2792306013780623
-1.2505157004178786,0.4603292839985769,-1.1888664782074259
-0.09654319147810196,-0.3099210952916127,0.2747599785602836
2.1476490726659248,-2.4460883486420077,0.5871981356740557
-2.1483764176599562,-0.8722633445923942,1.5073877184832791
-2.0058978617949768,1.5199039259502962,-1.4490930659381323
-0.7109927751111208,0.9247525024616136,-1.437798524261004
-1.5100062043909086,0.9532231867056433,-0.39537211478101775
0.8042316824335246,0.774785092697364,-1.7951847385514907
0.537282238515081,0.7308149714270499,-1.2112467194329681
0.03437228358816782,0.3720316197315277,-0.1829995368924769
-2.882202102306259,1.9441332686393735,-0.38385836740919077
-1.5109767408335815,1.1971010304513656,1.2789454121821289
1.6022909557686196,-1.4975177183636121,-1.3829858823973598
-2.919093621644686,0.8816212529565925,1.1322039050602815
0.8139514222587761,2.141806266410002,-1.5296934744837432
-1.1535323174875969,1.8960911799444056,-0.6003777045339883
-1.5001714001348725,-0.9253436444980484,1.4792512508205842
-0.45196631512214824,1.6231608678248264,-1.8518378645821343
2.5039598606386626,-0.3400907273127493,-1.6807664936303102
-1.2798698299870614,-0.28366682739647875,0.7644561654236187
-3.282224004011853,-0.08379351055456773,1.941688496129704
-2.131608644150995,1.2949253027006205,1.6515999353016764
0.5915827697250383,0.4315483485342125,-1.0531678040544679
-0.16611666852329363,2.611983901789181,-1.4838854468893659
-0.055190453150501056,-1.3686457217182955,-0.9381469044873377
0.2970822756851166,-0.038011625368518855,-1.0892761598858116
-0.015446970571179386,-0.4472321519902661,0.336030516621491
-0.12012888364822326,0.04973871464447145,-0.46917035504728966
-2.119950390660889,0.8991769931349954,-2.920792617587223
-2.6941796624216696,-4.818746526662137,0.9143698430501982
-1.1013515120094541,0.5339071712551847,-0.823737631920042
1.338186522001477,-0.8803037995634033,-0.6092935103290592
0.9359442013963095,-2.6655027997833027,-1.1062958710247859
-0.4072474074786869,0.8207419233762643,-1.633477372210736
-0.023710126869189423,-0.700105479073458,-2.517421193418923
-2.4273828557689305,2.2596497461336487,1.2610281176472382
0.9387108809504219,0.7779842058521041,-0.9719726993512593
0.8530219369054276,0.21007162532896118,-0.9168292874305644
-2.3810027688341715,2.283394205451184,-0.7081065317541807
0.20838618121258248,0.2711933811378198,-0.5701647934541658
-0.6540975645265447,-0.8365018766526412,-0.7925191715350752
-0.5603129863714029,1.1818454425960796,-1.8546293924631756
-1.399328036066679,0.7160593174253201,0.7583794820735495
1.3782789817341374,-1.352930663386542,-1.6625492843097613
-0.4247214646036722,1.2918651432018173,-0.7560635320450545
-1.4799384695530933,0.2639514208571171,-1.9075852215508908
2.353369115485098,-0.10662698414589826,0.26362917524996293
1.7208900236591202,1.5070287603405748,-0.4410788181687657
-1.8560660943315643,-1.2227843238368172,-0.42783665595190945
0.1538956323013264,0.2731198603045379,-2.6990829768735454
-4.660453891077487,1.1294144582511865,3.27235241346976
2.330010209911764,0.2023557864455803,0.5568129656371019
1.5289127775770173,0.69961763026721,-0.7838633095758406
1.582764195483502,1.2533285920330055,0.3005594560314292
-2.0033808576203485,0.07451773629368601,1.703199930883356
1.2453224952445656,-1.4111557816327884,-0.02751899068828583
-2.1263546526356274,1.2815152918289494,1.0737074644214932
-3.5976034461208455,-0.025451310409324027,3.637169283470324
-2.4330245176370497,0.8068374621304186,1.073382105293708
-0.43381417549065754,-2.668303254971731,-0.30354827103390236
1.150870542396913,-0.5853208167773597,-2.185488693320351
-0.4488753339180165,-0.15207671381944002,-1.242694833773567
0.2095467382291599,0.6637793855603614,0.8296064940245161
0.3750076845364589,0.3766055336376746,-1.0777309978278822
-0.0691403500647839,-3.085695393163682,1.8747406652600473
-2.008030942847917,0.380056647972664,0.9230697711566127
-0.2026534561463889,0.2664848881202917,-2.0134398414874433
-0.041732194080698976,-0.8297028066514555,-1.0703625607312006
1.6354964210436647,-0.38101118157310615,-0.060303864296256296
-0.5032122738738913,2.032232335729126,-0.06971162590661413
0.6199818461926071,1.3942061036671207,1.118672881315397
-0.8822200163172123,2.1943075401449983,-0.4226266321784493
-0.9106867922964672,-0.1309766153297659,2.0941599544641347
1.4539979208939007,1.229027800881233,-0.2908320308191468
0.7740815345845493,0.7501180678719556,-1.5256580605333414
2.203129983416826,0.15912834912713505,0.3042673193906939
0.8527401900623109,-1.2063084143735419,2.501739632103013
0.8418121289798707,-0.5200302531872221,1.9195645551982097
1.7710365697263455,-1.5253783412843223,-0.6706516146733404
1.4148740212006192,-0.3846830654548254,-2.833847782893314
1.6209320060039154,-2.9284397655736205,-0.3796591714449374
0.2769249295404414,0.4362987466630863,-1.6095225913663112
1.3040221483834222,-1.724800751001195,-0.3707071002696902
0.7301977111749289,-1.2433863961585803,-1.9985382572456851
-0.8784758922937327,-0.5286026688368924,-0.49749629654892
1.879261416918759,0.11524499835123676,-1.4535438776331617
0.08030415120196817,1.0612412533317426,-0.8895185845787001
-4.615471549085338,-2.3609884723993897,2.0706168534042946
0.19273185256979172,2.3300434989149506,-0.2906959879594266
0.9659993829602469,0.25157497499550785,1.2897402489294136
2.1717205691612116,-0.7444133242139614,-0.029072467180534637
2.226661947107172,0.3296781179375038,-0.8951364722497713
0.5655576432253889,-0.0848579403198539,-0.5678351248732828
-0.19744936823396447,-1.4469915753332105,1.4458322778625956
-1.4064352671310598,1.4635096464453674,-1.4124745124437068
-3.648196900639964,0.39575026619660736,1.9484223509684653
-1.959098431839568,-0.3200469980884404,2.3136161209493986
-0.18920632326977996,1.9513712012130604,-1.168702317120842
-0.4509693340992701,-1.1048349744402233,2.133520006459675
-2.374841292092487,2.45942319467743,0.9595974640155247
-2.650955863378894,0.7303259952238729,1.8545669825466793
-1.2725603417857623,1.678233749741521,0.715912122452606
1.5798513815540876,-1.3041196120106298,-0.5250374341872136
-1.0616492094785357,0.9639418253027694,-0.7114628059511066
-1.3571733097101704,1.6289304589635716,-0.7291554478399735
0.8039984942510188,1.674007517623674,-1.2803011165517597
0.9449323638193716,-0.06415791465901309,0.08500147775388998
1.7568840407413129,-2.154099646566009,-0.09774657895073124
0.6118162896178599,-2.9879704803580704,-0.08066185472114812
-1.7909524512410757,0.17503797210793418,1.8938619012863545
-0.21876314437390937,-0.21357779336123703,0.9338123622718629
1.6393820065973872,0.6809242976790413,0.0779761313613112
0.12096309585379955,-0.28415545516677093,-0.8137362305279268
0.6717862855837161,-0.12005693926133988,1.1950260669451505
1.8731669476074586,0.5735739555703152,0.3821146376935831
-0.22539630393272,1.8102140622298077,-1.4260819879625415
-3.6456579287480317,-4.562022667236423,3.459467609918888
1.5600068513517535,-3.296497790404114,-0.016799666548130258
-1.682041822839371,-0.797546984302496,-0.09296863066441757
2.0044054575812473,-0.988048448559079,-1.2118151501616214
-1.1696916203531444,-0.7102734333695138,-2.6662424137497194
-3.0770483899404133,1.6201550583435702,-0.4637315474794978
-1.2152561405160722,0.4438728635194182,1.3750834916980113
-1.1508770769488232,1.2428288813453896,1.9187365255850146
2.2012515643383503,-0.46762481559691177,-0.04935698579912961
-3.1390931221586342,1.4726875893815239,1.8204302162648822
-1.7763005271061956,0.674665769181277,-2.3132723232421526
0.6914035773487126,-1.2952997673882618,1.6094544932161756
0.2912108794761539,1.5900008219036192,0.36218316639364595
-1.1390753816892742,1.0910899641220722,0.5237869588889669
0.7606088481998072,-3.2873461258869097,-2.2683002457756687
-0.8608849079386468,0.986079758312523,0.7745659295845371
1.2921943672911558,-0.13789445202513465,-1.192607118791955
-0.7592654553010353,-0.18158204402845807,0.4932265602645945
-1.9523527541057712,1.4725815283528798,-0.5933379891844583
0.7105472268231953,-0.23714044897676428,0.016851208315208123
-1.4602987945459591,-0.9417622554053542,3.1644312795301817
-1.2675911776229594,1.2353821426444007,0.8606390781706943
-0.44945830982510837,-0.059411910263874095,0.48613176772813593
1.4441272187135878,-0.9063391941315094,0.9706908941452828
-0.8091516994917384,-1.7473007596809726,-0.6554067358762806
0.8699258333043328,0.725430661497279,-1.082856655806595
-0.09491845367833804,-0.22328999273287983,-1.8283867637409779
-0.9813240920979049,0.5884006942665551,0.19752836999687395
0.36607356322955587,-1.1206566002349765,-3.462821569676975
0.8912687321162251,-3.0297615678596634,0.23402262664757997
-2.143980777700925,3.4049421535730167,-0.9083198367230456
0.08297340036738157,0.5776824453190118,-0.3044086432669065
-2.1719536678739955,-0.2928042568358207,1.2319954704756966
0.47091750660674064,-0.1254615878115876,0.5189437627968875
-3.7072616341202553,-0.16182021406652256,2.1051347312143966
-0.6061291938932234,0.9379622784549404,-2.414104465795162
1.8098727071073129,-0.8026735369970838,0.09360510539731663
-0.02779809788359845,1.248967520321725,-0.6602277476165674
1.0676109147197868,-3.677051625521889,-2.1791879952478754
-0.8353881810018928,-0.7707679878864766,0.236636186075538
-2.1503892752474054,1.5979146948786793,-0.8801278518492394
0.22480508086824505,0.13391187734044788,1.3229052976202995
-1.3231357887800739,-1.148186358857001,-1.3204438738395214
1.1080522487013398,-2.7123965064913733,-0.7637677708043628
2.16100290529333,0.24675914700402665,0.330561966697883
-0.6805207922627214,0.7445483728196172,1.042016252566219
-0.21770457938655252,1.190137555441839,-1.032264698468427
1.0490391489224862,-0.6649632677373669,0.0178857324869551
0.2768563086822014,-1.2161950003745263,1.0652838652209304
1.341698312735902,-0.6533718286767626,0.5337053803566343
1.3417937638726651,-2.4588408997854816,-0.9501803788196154
2.411888858428823,-0.5223118462522345,0.3078403815365329
2.1661410492223308,-0.7486650175763725,0.389773068196201
1.284900664796508,0.8371096660101602,-1.4451861913820796
1.0504319667836262,-0.4545151869928299,-3.4527998373049007
-2.710829987359495,-3.8217031443676484,1.95427090138252
-3.510570005987907,1.9017987214035053,-0.17285703484181505
-0.7996344069738891,2.1788536635126574,-0.6377845705456121
-1.54819685158278,-0.495364342085501,0.058858866200338984
-0.4816993001823183,0.24222875317949139,-0.6354623132406697
-1.9300768698974342,1.7377508907499795,-0.08166346015388579
-0.8471200663307694,0.42241008402753766,0.5929885924492189
-0.5268699899427806,0.6239076492497596,-0.1690814445787412
-0.7666582660326413,-0.10795237738040168,2.8210109342427283
0.47667224726567287,0.18103048190213417,-0.8659999218616087
-1.2346069759611735,-2.556051425373806,1.7414489745290942
-1.5449870003149957,2.077886168638773,-0.9965411960304628
-1.5718985025742176,1.222712190207269,-2.594806478514159
-0.24577461265289657,-4.347817337373893,-1.8543331084955037
1.1629841695046483,-0.19164235987387992,-1.5187252251090488
2.0562577706667526,-1.1300024214727349,0.10047571313799852
-3.239735617340189,2.739270194012317,-0.5417342430516797
-0.525466157470938,1.877143264211457,-1.134166134008801
-1.2106631947730286,-0.2725023344953668,2.6853202056406476
-1.5858060842931307,1.8641425807422922,1.1679628075046848
1.9268257159363409,0.6000703875387751,-1.1498099921525302
-1.0389675608591342,-1.610469859862749,-0.7504760304620953
-2.5844989580029525,2.6786233019996093,0.879717531805885
-0.5902432469102673,0.011188024933421236,2.036236330548389
1.4685305834535782,-0.07910646331599536,-0.789030146052019
0.7763856224331539,-0.4812520680779631,0.2987574417480783
-2.1532859163136955,1.6796128521275602,-1.0454376843295097
-1.9397184490413453,1.0159811623757786,-0.14750581289972134
2.2416475481316347,-0.40639927352531835,-0.21817887158340782
-1.330674389275638,1.1327292476317585,-1.3220882931920617
1.0560688381522552,-3.6224676982910267,-2.565581243358343
1.4053134542582462,-0.5477509487592627,0.008698954954525677
-1.7866715152742507,0.7240669260775708,-2.598820127669884
0.2811138154016907,0.2609148507082691,0.9625679619993328
-1.7820072253035861,0.7466648418811839,-2.2934267616764514
0.7025315490121696,0.19876002696773357,-0.09124199872324815
0.23366204120287004,1.383819812889942,-1.2750936999601452
-2.134429024691554,-0.3981713753644237,2.303228157512088
1.677482377412625,-2.805045904084771,1.172305066151424
0.8375618263170975,1.4574680715125934,-0.6987535513500944
-2.1006125791103862,0.5610545621506152,0.10051991689209701
1.7661621027707626,-0.7433910785797156,-0.007708848730027219
2.361172583117031,0.19443177845319837,-0.1612078407581584
0.8829870802847257,0.061157507970536214,1.3946732939736604
-2.0083587098960556,1.096686401203207,1.5077629390114193
1.4735230480142278,-0.3996291941697283,-0.16609979078625683
0.48469763593442344,-0.9125963993794737,-2.2404788950858125
0.09362328454695598,-1.880138485486519,-1.0507684963213693
0.39920423128863725,1.0535175347204766,-1.6140285869805238
0.2511202650060182,0.6528758935115324,-0.5123520216670342
2.0553880576043464,-1.9867367451887055,0.9910900863958492
0.4977505891090984,-0.8926470569443239,1.880603369730253
2.327545586189391,-1.08918709620542,-0.04794961039244024
-0.5970849073546888,-0.4524864533677117,1.5009677238599024
1.6313916371675923,1.0061222979624969,0.3031735884747868
0.778223441783125,-2.8723985076938217,-2.6146808524416665
1.1548628449084621,-0.35049992677238256,0.17575886216688963
-0.8434211721702607,2.667552734807258,0.09423079759232136
1.4257543814131504,-0.10139113859388789,-1.4936138023601
0.21659239035973285,-0.6744821825283828,2.4126826133934993
-1.4947517425400727,-0.09042277592190888,-3.297305962595099
0.027380532694082974,0.6521652729442043,-0.9750840120376694
-1.1331018560838144,0.688243569096715,0.0925595510629883
1.1441101489707999,-0.41598224585650606,-1.7731744121924236
-1.9758665307314103,-0.22738989178017824,2.008985068250684
-0.24471007982710538,0.7677743732042607,0.6268626347539104
-0.597166386839345,0.9840460895093195,-1.8949413933746586
-2.2315390996607256,1.7822034895495862,-1.8828519365684717
1.5447317803763643,-2.0453736726298573,0.997181209371825
-0.2612381699270387,0.8755035959221947,-2.2240466629822793
0.9812975663419288,-2.8317398226706616,-2.719689139853854
-2.3849132587452493,0.019689433839664604,2.036743926463729
-0.016638883440191876,-0.5104262450466075,-0.21601484438663165
-0.3898780483663473,-1.5824768741455082,-0.5526105556560942
-0.10135631717830113,-1.7467811195927383,-2.222720305482099
1.486233075627433,-0.5594839847674491,1.084583368789045
-1.3805712833755106,-0.14144292069547007,1.9334508703854103
1.467538898761992,0.48004556983316193,0.1928971148554402
1.1562725673257763,-2.5402809395667987,0.15575129877357022
2.02474173267453,-2.7866010155925416,0.8132463587937464
1.4682362697943834,-2.2310607500982425,-1.844997643377056
-2.1815334080926863,1.478353964061601,-1.2834748761910935
-2.633424145189332,0.2419707507456639,2.056443342739457
1.3580416270432505,0.9627583289850554,0.370444391299964
0.9144849567363152,0.161967375208086,-2.0356247538686185
-2.129022021781082,1.4265106494244624,-1.1078817909377963
0.663170855276585,1.393633840960046,-0.13958000536737808
1.6421502391015599,-2.244762265067045,-1.0120204503546906
-1.5119529267409209,0.7880139978051334,-0.09463318635211243
-3.5677387058641203,1.6530822392498818,-1.6038686087285807
-2.7223808019452496,0.6140696553043842,0.14318839659371094
-2.1724738230066016,-0.8560784553180293,1.11097172777689
-1.0438097240273383,0.7111801009027338,-2.6145510140900794
0.513442425508809,-0.6891397388689923,0.7884070905354026
0.8123106971731624,1.069263117317436,0.06638333701170684
11.394889819805401,3.8726898587761474,2.876959349256192
1.6957538448834115,-0.9785932718209268,0.8144885568427783
-1.4425349854139404,0.04487689548125841,-0.9193830866772419
-5.150973621930113,-1.5165195180480375,-0.2903333806603828
0.27332081801141245,-1.6886003279002681,-1.0094418764878663
-4.024786820772064,-0.30776931086277626,0.46764184650413027
0.6440693159833228,-1.6905952361304313,1.7265783981722953
0.04708874348016608,0.8872316508161072,-0.4469548568963014
-2.6484386272731806,2.5707024322896195,0.06919749192169322
-0.33133643577299904,0.20898921544013715,-0.760793237029187
0.3928929747462337,-1.8262096456866885,-0.9865532961750852
-0.8825485908072475,1.414826575932093,1.3623155843528534
-3.3883490380169765,-3.3165804484007597,2.9611465093340206
-1.9140418375087571,0.9911454698448352,0.24920051365410187
-4.203461528598977,0.5112108655953015,0.72786439814804
-2.6288533934872924,2.0493701451424786,1.9060563467270382
0.9144285796391035,-1.7058820697397412,1.3827609730206247
0.6240447720200868,-0.845945431736883,0.21525863949586377
0.7520149278717688,-0.022070435333445694,-2.032387319815539
1.3143034563010125,-0.740782342647032,0.7546883411651426
-2.166350479156648,1.126040544770934,0.8884581513106825
1.5466068070304066,0.6781184888921792,-0.3751057091409456
0.3493121995779595,-1.629520501708978,1.284501579261976
-0.03390475242071053,1.1158845956056378,0.561315045912202
-1.0471693093696903,0.13319256289911646,1.2004497347986252
1.5797980680307466,-1.4658126384868317,2.0553229370905193
-0.5239243238466761,-1.2110896050606001,1.2659221578190536
0.04197495178356323,-1.8331856075440007,-3.0646614652920197
-2.707090302272907,-0.10664986544102523,2.933932966644603
-0.7101195467587227,-1.2989380283845597,-3.1945856469567553
-0.3959575582049824,-1.5542326184428839,1.074352876123877
1.6069498470899903,-1.6555499605284543,-0.08066579413570159
-1.062133094705432,-0.43197564298491326,-0.27360891467616505
-1.5895815619481612,2.8865891891631605,-0.7781033488827269
0.11635789236164931,-1.9563813724460426,2.029918920973194
0.9755706782984099,-1.3074416378410214,0.41446112757324366
-1.0529309351417506,0.4553638751459938,1.2911831413830699
0.5564239487648722,-0.5215096305742474,1.3347791927095443
-0.13106129814287096,0.9680542435104166,-1.8731746251628931
2.012859338305245,-0.4529149654146868,-0.3238169352370682
0.48198305412742765,1.596529238457714,-1.4000675761917836
0.9643155103387289,0.2670528280338851,-1.3954565378549948
0.061110823351286495,0.09351687326612398,0.9086849066982888
0.9792577104011615,0.3518035009882304,1.7494017467989846
1.3713957170324684,-3.2967636965590024,-0.036146300235525855
-2.359997023058545,1.1181713897769738,-0.23401073951803059
1.4282234222783894,-0.07614252268251996,-0.649588487451048
0.8804183655910185,-0.5972140926326932,-1.3196912827818665
-1.8352967715179518,0.1418110543651602,1.6705167854659702
-1.4454544578070092,1.1388899716605392,-0.11181369529044631
-1.9202177804793286,0.43029688433577423,0.14814797508616495
-0.28389738600186476,0.06081281260518854,1.2078532367321708
0.2282532955219418,0.8147490652660947,-2.135762539124914
1.4254929585504155,-0.3003483366270129,0.35679344994742407
2.025910051389038,0.5298508365857686,0.19941857146866748
0.5103278173433636,-1.8197090349201983,1.556124960915792
1.237276443682585,-0.38351383242877124,0.18248528301067568
-0.824198558235569,1.0541657203358836,0.569677638175445
-0.37334388648407524,1.4990452814585675,0.48638327357752836
2.0567508419941625,-0.21759627888342561,-0.2174386811454503
0.48856958949613166,0.3440279635212433,1.3542671276046367
1.8026671498808515,-0.6885427269264994,1.2055572512975774
-2.2676875380359864,0.3917863766766221,0.9840565085205643
0.3904512134596936,-0.10255380551574059,0.07481825925627315
-2.2656137474385947,1.3069846299840586,-0.7441906264117505
-2.215177520518345,1.969259571995346,-1.8461197918104928
-0.9795817359682379,1.7169928866943114,-1.2836626380991012
-2.932528624823879,1.2100913445634014,-0.4016903490975842
1.7107684683008262,1.1601334388760856,-0.18749068396646265
-0.14604967421257029,1.4787186628412265,-1.2532143797676623
0.2672127071497842,0.9168044627425643,-0.3247347725209361
-1.2130933050514325,1.3332173451357539,-0.060790665579165216
3.025472370785064,-0.8663501690594162,-1.6858320110854077
-3.157112998776573,0.7322779850620212,-1.3163646193620266
2.8909124205197005,-2.594952121354248,-0.24027606188931672
-0.5084556196039969,-0.5885781014910728,2.7933939601429003
-1.082814301059865,-2.1769437129052673,-0.652834858988034
-1.7214341895061436,0.6806328725302947,-4.386120409909057
0.27816586476865907,-1.3647901175712263,0.5283574635922104
-1.285101106664858,1.7198418877489112,-1.5879846617157558
-0.7823885108795281,0.8465629645606595,-0.630289930615222
-3.2147056128138374,0.22470292505639378,3.066650131772745
1.3886853777726755,1.0106185854372072,-0.09713362738023669
-0.8723662743633465,0.06459956739483626,-2.0949310546969264
0.11931416832572513,1.5453009024084108,-1.6756895708389927
-0.1603116372489552,0.4131511246134759,0.7603207307612253
2.7894903765385175,-2.614226268273749,-1.0162123692772345
0.7496244324832712,0.2164728119440051,0.6564019032758888
0.5554964481420862,0.3020639987574817,-0.08854791492606985
-0.5896647557763751,-0.8172162571695163,-1.1395408022399753
-0.08646474889685742,0.3828021527892705,-1.3580927160796152
1.2445436545455137,0.17088042570675752,-1.5860804699223734
-2.6270910942857175,1.4935776298600554,-1.2621192664467669
-3.26742388922163,0.0631991612771788,1.22311539499483
-2.0373485086254255,2.2166568310838426,-1.8069590710085708
0.15527255303402743,-1.0901251270421521,-2.8019076687530893
-1.7656295473296433,0.8240331401554083,1.1082677910072096
-0.03745965857214631,-1.234335606061856,1.1685315412651425
-0.19171230456091146,-0.15299983562147282,-0.14019344555816707
1.7414876336545988,1.44862116089645,0.34440397225443986
0.5004680641035646,-2.3954293711037296,1.2161705515128345
-3.61891509607929,1.5440204139506095,-1.7660912623127936
-0.588594246547893,0.6217670910391884,0.21752568614030685
1.2173139364518948,0.7809187484906375,-0.5354952084745978
-1.2423970134064448,3.298922072692155,-1.0875191111065643
-0.5242660552645775,0.6451833340959421,-0.6613138447805343
0.08896225022149552,-0.11452766882675083,1.185480987300798
-3.6162215634881494,-1.5654182785679558,4.840401377212574
1.0250072132279002,-4.255355518746983,-0.7399786017675304
3.3701512393050095,-0.1317618330739757,-0.053016676595189334
0.664300943916448,1.7408423251373044,-0.6924220372450715
1.076351489152334,-2.0615255504441947,0.14589317608948332
-0.49786453530553043,0.49688704882866364,1.1803599696112876
-0.5908650925512435,-1.114999488924294,-2.5893339733168883
0.03935065278301941,1.023371919467501,-1.3050861621641308
-0.8134466971227761,-0.06277134384672495,0.9018170311618395
2.1373604547236145,0.5591831198381702,0.807685172190216
0.37834576519624485,-3.070441459170606,-1.8795512295540946
-2.7885282298593728,1.035310959917766,-1.684029100220757
-0.6577127301655422,1.5594854967407854,-0.40329204879927616
2.2081335195544627,-0.8627021332127668,0.06304290905111978
-2.3768525857614304,1.5712192889202181,1.1270228311880899
0.6907309042455265,-2.409931603578772,-2.5262775468713023
0.43534497372411796,1.121197157858697,-2.1082058008151154
-0.5491433463870311,-0.4681130743585492,1.8550610339913656
0.3256941376755868,-0.508433787755397,1.0806817798323887
-2.925396551055149,0.5913318432068502,1.662476045434461
-1.0174864775884571,1.4329987333878351,1.1662803337169914
1.4766311419726883,0.49384188682231606,-1.8257813914221304
-0.7511278903117876,1.9221212081864227,-0.9441981980613373
0.12244405513648088,-3.0755203270788396,-0.3284313665464512
0.21767141512623156,-1.6570401583073409,-1.455618219847829
0.8340305528173321,0.18187626052689462,-0.6981616370143301
-0.3708192510933034,1.2627165244762022,1.4676159870930046
11.799979642616126,3.9846166929969646,2.940650539727584
-0.36844655165454354,1.4123672525006878,-0.3822753710709877
-3.984841545083497,2.3403077780046058,0.44558363906835907
2.0564580875516048,-1.0207519196267738,0.014258608228559847
1.5549941963442042,-1.262927070954086,0.8904897640101443
0.44079891043945424,0.3086515294731008,0.2572408973306313
2.5264251560969258,0.30533390856371995,1.2237427148179854
1.6004722950336217,-2.0183460066246024,1.0351853332409986
-1.730079269878851,1.2481919205553718,1.3924452755861203
0.5930787046486306,0.6536962775564643,0.7514408789170159
-0.1642101127908252,-0.3132198944381937,0.22300188811032673
0.757652394565803,-0.1787849228571648,-1.3559495610556183
1.9466050492091247,-0.624226199927117,0.9579169993317852
-0.5706866044674751,-1.6302091844081534,-0.5196152944320214
11.85595534075379,4.031805399445984,2.9712355571268154
1.6023084507032357,-1.7067971607527452,0.861353169064112
-1.1043790149845274,-0.21466572757147714,1.6169562495003877
0.0741244357251527,0.05300087043618771,1.7333628539422814
1.5095304153064002,0.25572410131287787,-1.6649407452308433
-2.7638935565816123,1.872216396177657,-0.7265117398747357
0.6525938362772064,1.0170271486608649,0.6381879743627448
1.4311466720379387,-2.4883970577889865,-1.7988025914503432
1.9557877820561045,-0.7577816280033659,0.9406623495711856
-1.8082475842993837,1.5271100632859853,1.9701288135168131
1.740283855885207,-1.127811037278341,1.6444166896557366
-2.948376932081607,0.23449093284176184,1.6461338875918867
-2.834658789662418,-0.3756641699225849,2.9165009471829966
0.5992589350164468,-1.8517399524761866,-1.4768042965164974
-2.31849407974482,1.0106599045772195,3.4113230970022714
-1.8540573299202319,1.2490942390016004,0.6289500522168922
-1.248130048332499,0.8613361393044856,0.008915557729676322
-1.3139606726237218,1.2302338865616647,0.5017169701118497
0.7111181804807964,1.4254760699787266,0.4393950218816244
0.03210250822492766,0.9633340953232925,-0.24352836064966904
-0.4047696019567811,-0.01763683022795459,1.008529709947625
0.943583171052551,-0.6820967529100133,0.5382281718395665
-2.613774163373647,0.08676178762124014,-1.887508111533821
0.8493769739789225,0.3034781900468273,0.8305286845701658
0.3836228388030137,-0.5899862356167723,2.516987299894155
2.5490010001511316,-0.353446219969384,-0.1400145578259245
1.7006459744326083,-0.281176111665017,-0.8680969367285591
1.887449029799726,1.3016731333619465,-1.4331260711190283
1.4342431856450903,-0.3661374873160133,-0.632311438440561
-1.5187506770279604,1.7640716670072818,-0.8506751832424284
1.1696975540669892,-0.5597687338164952,1.269358681601116
0.17815499405010152,1.178471674121389,0.3497324108762212
1.6882109916014856,0.5370375247094618,-0.9832858204908664
1.0514910029006794,0.3498988183628096,0.15077790559324483
1.2102432759644197,0.6104309355627329,-1.0344161453341245
-3.9002268806233613,0.8854547199234892,0.5006456967547751
-1.1797838726638505,1.10624736945685,-0.7320634767230165
-2.4857902288254934,-0.16885622470003533,2.1029228580887938
0.38921339956862694,0.4633230019917604,0.1548902399697096
-0.9018457682228048,0.783309946938477,0.9530248193720889
2.411266440597716,-0.5998993155959106,-0.11951554628122701
-0.9049419998478199,1.3456406147594688,1.1677153364932158
0.7738172251727695,-2.9004620241575885,0.5037465435341311
0.5467163889936102,-0.500025102265257,-1.5415651890356241
-3.204824925482504,1.7010526609379713,-1.7333366964291497
0.9858427922670978,-0.02140216471091477,-3.5204547451193933
-1.3210517624834812,1.5730666569029523,0.9283490439615207
-4.46647192861664,1.6709096166193476,-1.6535727373736802
-2.780313076143859,1.3213679723540492,0.188419183174542
-0.4199015234683837,0.4934306730362405,2.0228450671175247
2.491426966041579,0.7796128551960136,0.4604181654433481
-3.3306619056353783,2.418150674746809,-1.015502677698131
1.365247788055769,0.5433958720679325,-1.1900258684043938
1.483916722459505,0.20319200754886335,-0.865863965539189
0.3026386094977068,1.0864559608398132,-0.7234761123658717
-1.0005175569650322,1.1801437463553972,1.9269815020298642
0.439725185922488,0.005383333806470338,-1.6448071110642637
0.5609966941283429,-0.7745301378240171,0.5822924667976523
-1.6466041869558352,2.022380819772553,0.04834911737628641
-1.0986876458077237,0.14458125319269674,-1.1206702961226644
-2.0060293241428617,1.0911106496382732,0.5488261485871307
-0.7814620094224675,1.2336122919272428,0.34058652166161024
0.9574688701009859,-0.2609118333383324,1.7105550099425728
-3.8458834828919723,-2.532665060576807,1.4497110528746304
-0.8109429360512987,0.5422322359632256,1.0477546303095018
-1.2677946374609848,-1.4603780457822513,-0.8340390227229519
-1.4462425508890209,0.23035243866796304,1.4276710779604844
-1.8702772365034976,0.09916849435537543,1.3663328826227101
-1.6802099848827132,1.8613434488560083,-1.6776067556025969
12.604635390853844,4.198050225009745,3.0531417938425442
-0.9349150006785082,2.933713132394252,-0.35026040292522687
0.7116671544786612,-0.058557085972526915,0.18030236611373154
-3.5623246642705424,0.893089466555722,1.7780471895956613
0.5811290768117953,-0.3363671344015258,1.9374067995396285
1.058616481160921,-0.4683164575900491,1.6618024028421077
-0.4292974244952233,1.5643745858614486,-0.3644465428271497
1.1396023221864284,-2.1506952542746625,0.21436413987675948
-3.1059221017112026,0.7836945965383763,0.5468817062387225
-1.7980991111701672,1.2623498210214146,1.0581105920825045
0.31729016219791295,-0.6672739352792758,-0.877816857934108
1.1219917799918018,0.7478158428618161,-1.1935646275617138
1.9480210926864088,-2.502785258905484,0.013696350826059217
2.688953082800171,0.4723818042160679,1.211964985606967
-2.4744770226820196,0.6963886102143999,1.8532554926958622
1.1685347352636843,0.2211799199476066,0.4247334008860979
1.0782676856357805,-2.279562094918435,-0.8159631275583861
-0.1188654825105336,1.9630032210298802,-0.3274094732618525
0.2451711023631208,-0.9784262633241654,1.6249837089390544
1.337404540753486,0.12032749262893347,0.14083139984378817
-0.26296505510801094,-1.0168589503045198,0.27933133803276083
-0.44267866118209764,-0.0038976006979841845,-0.5136495464060927
1.6571293590790583,-0.5944919350850751,-0.14054382787962913
0.4738837912295153,-1.6552760131551683,-1.4254080743302204
1.5861564350062858,-1.0068673765759186,1.1292687311688647
1.4330696829318936,-1.6539865878772397,1.2721762206564946
0.6089891311448321,0.2762310758768744,-1.6566095940721974
1.0317001755155257,-0.07796016345970053,0.11861973252073038
1.21326757614624,-0.8556420290486207,-0.4492663855166672
1.0724945866977353,-1.8069207711227768,0.21703406875584164
-0.8661135036962706,0.9403853823618632,2.7471775341942286
0.7238937320831438,0.8396169145638019,-2.1689759540965787
1.3325367687253595,-1.0011277574094024,-2.1470917886640386
1.5525490171650675,-0.09526691456482624,-1.1544731679682412
-4.4324219288929445,-0.8028859582731639,-0.2902966384670524
-0.4494248683870804,2.773149384304734,-1.2683794392161796
0.5729810143242808,1.419915915873978,-0.11213817636468407
1.064596398625286,-0.627218704420457,0.8817840649812713
-2.3803393219378743,-2.556391437346208,0.3472263982780953
1.8433549052173708,-2.503580317887739,1.636551634735641
-0.2679565828272191,-0.3706311244841218,0.13764362487112647
-0.49236291201238513,1.6429799240040885,1.927865306740693
0.858263741908591,-0.7502104747977364,-0.030697348517973375
0.6641405887111309,-0.391233099731659,-2.6039921295662194
1.5385344299897958,-0.3481282652793658,-0.064195586940857
1.6897743326647476,0.6009069908591249,-1.3662914740068168
1.855340291240221,0.8448011540359046,-0.4223298083686774
1.8886876413776996,-0.021031672427427026,1.210570075595179
0.9418119045078165,-3.116165575211186,-1.7034854332630496
-0.4205336145441775,-1.3827586753851688,-0.46968552603314934
-0.43204457396895435,1.093680524989454,0.6101137605666832
0.07694029782164583,0.9349477810730064,-0.5905615401354022
-1.6063664898876704,0.9990468769155462,1.5477131169242562
-1.7499868841502875,1.0460415712264917,0.05269451456525216
2.9615608871013253,-2.3924576522354797,0.7824738321722207
-1.8244930541185596,0.8859462230519425,-2.6161434455459083
1.5880888791410344,-1.78785014861758,1.424320959201577
-1.5266783800062,1.4884065603433898,-1.6404829183612986
-3.3124117482260687,2.252156955071019,-1.1303075146461403
0.4465040990603352,0.4431803891434827,0.3997997598173279
-0.33928987564561935,1.1734798106629452,-1.0101195580333027
-1.2057004128746576,0.9614219250235404,0.48783693339577755
1.2096926845548641,-0.10546205078280325,-1.4212819554003944
-3.8281292142689436,0.9022238844051101,0.29100564089967546
1.554032628933428,0.5931914813129855,0.48316580149824906
-1.0066273186751826,1.2994991999465542,-1.4761650353932059
0.33051855004766023,0.503553865365499,0.9960395236954652
1.351245640637637,-0.8025366945848075,-1.2121435504168818
-1.8031534075110973,0.053988315259472876,1.4998435282949865
-0.8840781025846519,1.4126254722704477,0.5411653751086514
0.3804614962656764,0.5394082156417526,0.7735266670623953
0.5551993007670585,-1.0834242396275555,0.34548734963545713
1.1507250534470996,0.2577288897930007,1.164560649934549
-0.981572345444872,0.31296269783152936,1.0148942742295755
-2.98640780695488,1.8687324684540296,-0.2773034644253797
1.2005951795089675,-2.69232099809451,-0.9952607846399559
-2.4800893597898255,0.6830507767037115,0.9970181803951644
1.9357833554197235,-2.9006697342639733,0.3381391757819042
-3.5042066652849315,-0.24521895910219882,2.977576069421466
1.6121528810573673,-0.8654274327681842,-0.0438741909622658
0.3191785181529973,0.13521959577594636,0.9200237562359865
1.5672783469282856,0.5813220143914265,-0.8036211210895791
12.218993810422417,4.088254733259805,2.997914866041691
12.810744309534323,4.359610048256768,3.1644166127150677
-3.677123399256815,-0.717468155803437,3.301853516847073
-0.7912540547839337,1.5271834861452311,-0.10776572210732957
0.6382234016183134,-0.3913293024532983,0.2805718702178835
1.0371940675034015,-0.015497443846071057,1.402904531383121
-0.8763552882179105,2.1474920296303095,-1.5053418623092856
-5.207813468333284,-1.29945737802288,1.1742022216885537
-2.8687423235780205,0.4287124862196781,2.724789073995743
-6.210870315230079,-0.039912023870986656,-0.32646123438098706
0.59900452282205,-2.615055515833908,-1.41237851269409
0.946724348173356,-4.455020219245439,-0.660468524398385
1.5639419595630577,-1.7839747394826082,-2.059588843401416
1.9283888118446908,-1.722235857136381,-0.7972815114644862
-3.6701810002933053,1.0316968523688523,2.7235479118798365
0.24192616533213362,0.759234839148371,-2.113609955703157
0.2331441785325791,-0.37085046633419977,1.5547057399432969
-2.221011779388561,1.0721867280521213,-0.35237105483962466
-0.8018211028330836,0.6600937101815343,-1.735315595828039
1.4192545526907834,0.02017359036030462,0.17366487876934505
-3.36234263812533,0.46186386281014474,1.8405261110276279
0.07142913211588094,-3.635550909145567,-0.33488469704569507
0.16884431447085765,0.3134132887823722,1.9733986644633437
-3.2683707329449474,0.8008647943832475,0.6774612419839268
-0.9307257002889557,-3.0031073755779785,-2.0999662646182604
-2.486559947657592,1.3907035624333872,-1.2206911128345515
1.374038885295794,-1.3256927173138497,-0.10611447836222995
-1.0779849014874978,1.3049737100155108,-0.025705422292121638
-3.568353411047804,0.42328689749997667,1.2404061306034213
1.4301029995888643,0.1268889572328376,-0.7057158632940741
-4.166807921302615,0.4828156068221514,0.8418074952717399
0.879855163698043,-0.021000686140265054,0.041777310156203
1.1517787678238063,0.5605905479182147,-0.23135471740778202
-4.024406603413788,0.28646496464604015,1.138913968132773
-3.5499531611377435,0.8029527178433826,0.37089729815687195
1.2548690251443004,0.9253789599143588,-1.800509223251465
1.7651001418569183,-0.745774196597986,-0.4195109687493073
-0.7202220415694705,1.0818153594127629,0.6837471568869288
2.041756062285977,-1.434953298538764,0.6153769384875284
0.40257788348888657,0.14783045138759862,-0.5049641718617658
-0.566287486550048,1.5446800919016146,-0.5942074304668478
-1.2007510541130453,1.6543691560440177,-2.052391235043503
-3.638949059913539,0.16748716692412166,2.575418153536359
0.24148663462012143,0.16605250186961587,-1.8627079670141093
1.1567988682309192,0.06335783144438956,-1.8868713942480775
0.8117808718984039,-0.9018268903577024,2.2750243876483136
1.8977854157519864,1.1283700204706086,0.6768074849919534
1.4312933053092127,0.6704384711630772,-1.8364337000039037
-0.24251166480300315,-1.7823117315378296,3.5415906475616588
0.5914421009060505,0.13884416941125294,1.1244526187159063
-0.13780457988061032,-0.11314137495382628,1.1432501209309374
1.2353071473545785,-0.7841189333284927,0.39633001379535726
-0.35154679602939226,-0.25984238311249547,2.3361724743357217
2.3486641823526155,-0.37698036730609,0.9599933845265952
-1.9374369210241094,0.26066298035161883,1.3943937848961498
0.9181980849900062,-0.7807971149268615,0.900414158104465
0.4890336873674297,1.7399695902902306,-1.4038955690094017
1.0743101404775082,-2.0525368448937136,-1.4181620093045233
0.6324959934553621,-0.6499836701809177,0.445967072605165
0.3254069851728127,0.88448314437032,-1.5973552887796476
0.6940232550910412,-3.6963674138239027,-1.2407882585890317
1.1471499870904265,1.0337137509078367,-0.20026655617030284
-1.3467362738919344,-1.1802109448756475,-2.3560254042065125
0.04087657849518013,0.6983112287094689,-0.8018231263166079
-0.6128655925638946,-0.2792771374044833,-0.14267861666012033
-0.5452189878103638,0.2801731115529402,-1.3815539121490499
1.4811772076169794,0.39182968329679446,0.20597272411733936
1.3491449816008902,1.1578607986549374,-0.3620416879309403
0.04014974347237276,0.5865022085866698,-0.548439596818013
0.8506399228481105,-0.10741859256227547,0.6075170360718187
0.6013691889205446,1.8763244908303545,-0.6332527205979972
2.5544096196782236,-2.209264181227578,1.0263863033788623
0.2972165318286337,1.7724616197241898,0.4926227109713423
2.313916017323392,-1.7179704810079333,-0.1945118324283728
-0.6052946251692141,1.6814662982812991,0.5173824497967171
1.8983870422743272,-0.2435937324831127,-1.1006413103735613
-0.6952939417063025,0.20456531663915606,1.7571177312738775
1.7330898988484456,0.018349376074755803,0.7930211050047686
-1.614616488303067,0.7213999710886887,0.48311928158337847
-1.0115549848426253,1.435534842300149,-0.40926624828621627
-0.1355043133169166,1.3469410625426315,-0.6391649531438122
-2.4915701606352303,1.258571947855827,-1.1348009313369476
2.216376356613372,-1.8693510110833094,0.7294549630996425
-3.8454171594412916,1.4461736332482604,2.4607019587835066
2.0483843924616663,0.692793123164388,-0.34292821637196375
-1.8911351408309627,1.1147205861676177,-0.2979241642845377
2.875753162919874,0.4439391169903251,-0.15713263091629728
1.7540158769478,-0.17459436775784484,0.0189046017623998
0.7082608386586898,-0.5350990359839781,2.2495301338610347
2.0521893943168834,-2.6507492958676013,0.2922040005014336
1.7403134960821776,-0.17857997395900654,-1.3575178744061804
-0.17694229673461553,1.431883751287803,0.9579693094455223
-4.661157632662703,0.6691633294240107,0.7001308780742901
-1.294439384344564,2.7827155237210373,-0.972550442537601
-1.7487541361582777,0.625143779256615,1.3773269177221845
1.099111878754189,-3.8624727507213215,-1.3843901435945558
1.057038135189681,-0.5708949705336733,0.9816808119740409
-0.5136372273130896,0.04551773093074707,-2.0297794448587596
-4.5614340834895755,-2.4629425448639766,2.767147393472263
1.5459539204342447,-0.290717042553945,-1.768724903357787
0.6166002424050697,-0.9044587374723982,1.0376128233860626
0.2549207307416648,0.8912256224903358,-1.626935104286144
1.5877052439215036,0.8470135293346194,0.021002622402761566
-1.8657952861434326,1.952297058467845,-2.4366138323941278
2.059058781217642,-0.7017410864069452,-0.14000402859853003
0.4521028913637556,0.592953447682969,0.9055226771653274
-3.929354572932103,1.2514836797530344,-0.45672976423007144
-2.4663844778204953,0.5105008609014596,1.2287244899235374
0.04075405763428599,-0.8194327509558444,-2.338619163859452
-2.1000109203367714,0.34644834419525233,1.3543894555436966
1.58896973212657,-1.1110908172127079,1.0980709089550007
1.2551073469810623,1.3752694329434232,-1.3839193484158336
1.8893595616654582,-1.8464833257995081,0.7153580255649079
0.8550736479673472,-2.887673861273576,-2.3269379451855965
-0.8977309542096165,-1.33517948753668,0.8423764442076014
-0.20312594379151133,-0.2993674023335345,1.2658157087163366
2.1994814817615973,-0.6909781205349799,-0.56422397413048
0.6129564464951184,1.5538703746671434,-0.10342254762227596
0.11772110064263722,-0.31588257962705324,-0.8169915583562172
-1.501740144203988,0.8432671966314711,0.6283386215267642
-0.5707027269884261,1.0220616247008258,2.0792410159796004
0.33869544370661564,0.4765308956933411,1.1300604092026203
0.33150367772134104,-1.7447683878128362,-1.6801714412339568
0.9850212494132786,-0.1447238064852506,-1.8624690386913074
1.1095155291082635,0.8717570564526587,-1.4789862277758177
1.157518128656209,-2.5024576658922237,0.3069965998824645
0.7065645187666575,-1.2709580839154142,0.7073125707712629
1.0907267976490773,-0.7574187684911659,-0.6494587224293934
0.8823386182726313,-0.6326986180357757,-0.11497269443386994
-2.1212830582620295,-0.16052742022634153,-0.16173719483183588
-1.812152252261661,-0.2838066696598789,-2.555650021687802
0.9551922635522033,-0.3496368949151869,-0.9605849509427007
1.7595812289705326,-0.43872099792383257,0.3123419138549264
-3.1150616137532365,1.6598017291066904,0.3354040524000123
0.6689002863857878,-0.763720990281562,-0.7481737904381167
-5.017919398024676,0.7174762561119652,0.3845034969764772
-1.6665527662627648,-0.3212807501657393,2.290387759294991
-1.7128872725313828,1.0900214735115616,0.45851558873389575
0.7314194407879026,-1.3836761655082939,1.6986381859073687
1.820992444808926,-1.6009456281632972,-0.9312938768267721
0.7071751739354605,0.810157329557399,-1.8107769056515386
-5.801558991276659,0.6981072294365908,0.4559958427929724
-2.1405065938025234,0.15171670053825567,-3.15288628291082
-0.9437285980165034,1.4689768783114194,-0.6178511245830826
-2.6115794143820144,-1.009491704648693,0.08686498489346176
1.0701460793955384,-3.1243927616597693,-1.976797382127097
0.9853809558430985,-0.019667253216093666,-2.280033121750012
-4.3776323297788755,-2.5539167268571856,2.489121196750454
0.4521757810002733,1.7987988379280135,-0.796983717774093
1.0170503081844204,-0.4616277463633184,-1.6070607111157615
1.2259889120385725,-0.1694635788751387,-0.8066371038168872
-3.4128786738716426,0.7516164275818495,0.14530320138690295
1.5524314123585052,1.3311688655100467,-0.25475916194906295
-2.53031664840955,0.21129989392123244,1.4752214764340401
-0.6757951488111008,-1.2601766644685257,-1.2684644712950006
1.723044899880544,-0.603636984640466,-0.0713716562636193
-0.3988376422865072,0.05318791032512804,-0.19831961316999835
-1.6028525762263495,1.0167527660609068,2.8053156369434773
0.6374669613823819,1.3350526081186394,-0.19457252491574836
0.18101095212456264,2.1363266915343355,-0.7070284148186576
0.19973312055531742,-1.2627833010542555,0.7963958681462634
1.7915849504247479,-3.190372736384062,0.8123314263943063
-1.0617736475817146,-0.6203310895339428,-0.09192381718907797
-1.253765458481861,-3.258412442921615,1.1695022728614195
-1.1252817340128716,2.882362756455787,-1.3212962742531877
1.4088310264407589,-1.066689204678807,0.04719921102248959
-0.7172285535884554,0.15192565313771475,1.7946818082286227
-0.8836949055062644,-2.969247110748695,0.482756278300961
-0.3374688009680414,0.23139048297883943,1.3750315087484908
-2.675593037170917,-3.2364286910051323,3.5946121602441563
-0.8023102663779664,-4.070108317122147,-0.07626393691677454
1.683610678657475,-1.0991141470011685,0.21048971210939427
1.2870812550396682,-0.2742499966145354,0.18632822845061597
0.3117743872756606,-3.1080909109469066,-1.1977119415775868
-1.0013215906099848,-0.07643589797324979,1.82724325253937
0.19107021602105698,0.8856238558952105,0.3208131856131661
-5.1392098268604025,-0.32795405124521687,0.3102720350590688
2.0288210101191804,-3.24716530043304,1.347884037375162
-2.7602386842047415,2.4248547043547894,-0.9130653051174599
1.2733946623271128,-3.0728473757091646,-1.1589249739460576
-0.12253560164867652,-0.7432357817426081,1.8848395882343187
0.679497036066486,-0.11278324880330155,-0.5503684905050756
1.760063892568415,-2.0677577191380196,0.5405480929031274
-2.3122406550864287,1.5853763356652304,1.6488317273166015
-0.1335422394982056,0.3014998680347429,1.2377212306668617
-1.80090710592305,0.03528223095481702,0.4633131512824861
-1.7744693917446375,0.6460159084670858,0.3435962048946671
-3.114127055385634,0.6579595468576942,1.5612941077467495
1.849118236457062,-0.6600504119949253,-0.16509472478007736
1.232915439634721,-3.1723517261368626,-0.9605586481251788
1.3241961594542662,-1.9787604127882592,1.4513124164524656
-0.8081485255951567,1.7633873830623468,-2.1069883926575517
1.0990413668248702,-0.27029470193918137,0.05317037730790343
1.2259889120385725,-0.1694635788751387,-0.8066371038168872
0.323015844686008,-1.4155140185736055,0.5826470948674536
0.22509324270570735,0.08138570162606537,-1.102679288361928
-1.6826839210923044,0.8342626978074026,0.1798171487548783
1.897578634068892,-0.12637874141542682,0.6601116436751572
-1.680050235127874,0.7255658758524932,0.5010512602346238
-0.651431149209642,0.9368803184873182,1.0747115731813826
-0.6407122489012483,-0.8077800936172971,0.6315473028437373
1.1632509310568393,0.473689805488286,1.468387919889766
1.7644829362882388,-0.5336473518470541,0.49800469659020763
0.06946578536144367,-2.958930775788199,-0.5090509917585277
0.007838283753028537,1.3090717900991995,-1.2268196060540602
1.7071254606049806,1.1387307436471827,-0.3789603536038177
-2.682705225756507,1.1077137374617545,0.8359464052889045
0.22679845542085336,-0.8360555415397353,1.3723802312908455
0.3483104855116143,-1.2550682170898277,0.03531056272801075
-2.3667472800909657,2.426120103258145,-0.9950459658211688
0.5190819916949704,0.4651098623544714,-0.39165812659669086
-0.9037586818200712,-2.9784365605028666,2.2900665726736342
0.9579237662874495,-0.47989732460810386,-0.8955434251449366
-1.2381990215195815,0.6705929675837189,-0.5130918953501831
14.182672088083878,4.6727940170148825,3.329187079710759
0.6556227938550808,-0.13448211397963605,-0.15836977837547353
-1.5597664479603879,0.4315959587707019,2.0711551480216794
1.0338670636315777,0.2518373848673425,2.0509897415519873
-2.8152915113745065,1.4487513977465376,0.65569484897359
-1.3573413556602612,1.729432420213872,1.3539578826984193
1.9711331413416258,-1.6196451273508579,-0.2463631655651753
1.3666022377795664,-0.8454214309425405,1.0664048558974484
2.4537454239834235,-1.4013598588429108,-1.470452740362554
1.9355818823563695,-1.2794216490066015,0.27339614264219314
-1.8920931906928267,1.7449759887540954,-0.4252263966010441
0.7254638275056249,0.8967690269407459,-1.6512618011174698
1.2989504825339502,-1.6364141147977087,-1.2789377764839096
-2.0782883592174075,0.805762902900815,2.441309234770034
0.8480150609392062,2.0183839270192254,-1.619880148177034
1.7211358506671222,-1.295134023598354,-0.21735582678350981
0.654690730740178,-1.8814254864356255,-0.7795224670298068
-5.400655306883924,-4.11086528081706,-0.3965099536121947
-0.7391991242708675,-0.07853902438093796,-1.3887356206046488
-1.6814162918976967,1.857724518309901,-0.4997981864699441
2.1448448184374715,-1.246733474201904,-0.6335118908056925
0.5893336179619902,-0.9128318276843196,0.5707641011912324
-2.093047902577844,-1.254194679361405,-0.08814466376993534
2.260799437067834,-0.636422606945506,-1.2961355552737728
-2.6594823780626897,1.4497274517219676,-1.7352722229294897
2.397124473952386,-1.203939267952238,-0.4637017304087673
-2.6638937239785583,1.719553879202876,-0.6573686387415955
1.323319768036454,-0.1997864021641738,1.3146787519619987
-1.0422451074404067,1.2360771319591,-0.09758653474227758
-2.3127193433336535,1.1134655583260187,-0.18770063397365103
1.2229463454517133,0.3025381327747878,-0.7573100754010076
-2.413734023191996,2.194417143249829,-1.3552165160038891
1.4746887905654193,-3.025242657135802,0.6720102444606255
-1.118169883337853,0.617979761464487,0.14813496172794896
-1.1240385999425497,-2.2324668908255494,-0.8419932104494612
1.1174679327720636,-1.0668755530970484,0.8387172768190203
0.857210742743597,0.12861069424870988,0.23577868254678552
-1.8715677475740577,0.003268991488953182,1.7581283621961312
-0.27627847781070913,1.4354325326279933,1.3813682994499938
1.6467081909370822,0.3462558009280239,-1.175932508265221
-1.1886894609639285,0.12903413630908334,-1.3896170920973248
-3.5698009730856373,0.014415229672829852,1.4134982714219453
-0.6036612183924349,0.15396002433792264,1.0365298989242149
1.0626430379071998,-2.2672211641407447,2.095773425364427
-1.6789505871721602,0.09644208093438106,1.6389993336203366
1.1672523819013805,-2.0695520927149427,0.3278014521321868
-0.429590806661056,1.6280506229820608,0.3076468117566399
1.857510420363115,-0.6156611850096764,-0.33640509739857205
0.5306443619634258,0.8295067159711923,0.8084325374590848
1.2368666082129938,0.21509977392468108,-0.5093261042620545
1.5838108820838903,-0.8973562577936576,2.009821826138763
0.6273024362096784,-0.10209045694070676,0.10800052178997371
1.772298233195688,1.3858490990700376,-1.7202816970992667
-0.39372167180465656,0.9840651318535454,-0.3394775131601085
1.0601020701127968,-0.5798467312126614,0.20140251845759335
0.21112113601057153,-1.1072058668081242,2.557300206817429
0.9882104184906926,1.3943093225408663,0.44941287271312197
-0.8135089029144542,-1.82123931986719,-2.2346338512665604
-0.6914859938200946,1.2848371782734958,-1.5094876299605808
2.034594349597874,0.4358388979059032,-1.5092002742587782
-3.022099490135305,0.7789780713907223,1.3694318527616272
0.3587638259288222,-1.1384854426491264,0.8689926577386816
1.4191134387838331,1.3625015869430828,-2.627868058348543
1.696747705845321,0.7962704123739777,-0.5264463774494196
0.5463609025754045,-0.17945147576119766,-2.047775310325225
1.2647238269067471,-0.8615698453793995,-1.8027184698547973
0.7726037196842735,-3.701839680793777,-1.5809968324500365
1.3463369056115615,-0.46294881891494655,0.4675674227665533
-0.01772949949832688,-2.28782126268715,-1.4329341875593715
-1.8782140613852973,1.1040538835886595,2.939029991693582
1.9845645398163916,1.1995856080912275,-0.9853671129030895
-1.8254691158107166,2.7286821394683853,-0.3373689989310375
0.19145424414304846,0.6334671261126794,-0.030978358156596022
1.1415248528015671,-3.649087750723983,-0.08460133683533132
-1.0378229956417866,-1.0816149385622171,-1.4450990821451188
1.9748371319803424,-1.1742476529534407,-0.3417867195743426
0.16296644689658663,-0.4415682740463712,-0.20716735276305054
0.79819651815586,-2.085621077501915,-0.4033033211476696
1.0305087583006594,-2.391273231633162,-0.5902897677754597
-0.182367540010544,0.8228032470765119,0.021439799299195504
-0.6598924571386774,1.2601954392923214,0.5781280587834349
0.6983548270345934,1.0312526879545763,-0.06536238051146608
-2.937478253299336,1.4583042325547584,-1.3447956293079992
0.4503322056907971,0.15560227280424868,2.03163578464826
1.2089867049785556,1.5825909530995297,-0.020910943117079674
-0.1585894194149442,-0.5273673099762473,-1.0948267366936866
0.952838980235525,-1.0232729482898202,-2.45910295667649
1.8022443644975223,1.5614769284528722,-0.4698896989232943
1.3403861645703,-4.970893471951141,-0.5482819132819621
1.1333954552164092,-0.7062032249686966,-1.6176872229604722
0.5102025667274581,-0.009911571097837519,0.831045467984832
0.45447321088554715,-1.528368093277376,2.3375955896142786
0.6156223537417506,0.400971237805205,-2.413229476218308
-2.867423162532655,1.0300493252365208,-0.7781916195674059
-0.5305270096236171,1.066957605871943,-1.0350682645280316
-1.6861656663706899,0.9484340295884232,0.3517641498558704
1.778661622240176,-1.992579351899443,1.1345062358812545
-1.5636057376394659,0.042747271464107346,1.7842363545425455
-0.15781204020383485,-1.1163762856360786,1.8187875096635515
-0.6897341332594855,-1.5272037355838963,1.303011547447533
1.4520999741044165,-0.4548769976178109,-2.026091361665044
13.216622936059935,4.447660999604634,3.210363420980264
2.2293931282295545,0.20136766829683259,0.26865053824427876
0.8386000900740027,0.9832166340087451,-0.3853158401416935
0.9851370670865185,0.10835333330294869,-0.2736018380421177
-5.0788837572123295,-1.7156351961361942,2.598041736555942
-2.1924679238418587,1.8473672028031354,-0.9402163691106448
-1.6614031643707776,1.949035672144876,0.6397981002804398
-0.10215116142195206,1.522798936965902,-0.5301008870452247
-2.21872860543358,0.33277275150265906,-1.1299307539009285
-1.5064034582328614,-2.8919653467729214,2.3822531158995592
0.13466953963366649,0.7694053646831598,-1.354269036266064
1.294006280175974,0.011127724999971637,0.19004859063501583
0.8149165784354628,-0.6173904532163866,1.7468084013142193
2.1187530647732835,-2.0673002939183847,-1.1970841516550894
-0.5711488967428203,0.7427465260568269,-2.1475112639067984
2.7686656541085486,0.7766141750075581,-0.6322144549183889
-2.112515659367133,2.3233559627900706,0.7073976540793531
2.7792233237278885,0.2534480618950517,0.057554987238765926
1.2581158911110306,0.3402271643538878,-1.9936672962694066
-3.4633068981579163,0.5896771971974482,1.9139260807631433
1.5313238324814098,-1.6117206401930122,0.674295303092224
-2.4186545448152836,1.1536483939075024,0.48786564113036746
1.2399703145770384,0.32648877161518586,-1.2819260645366555
-0.32022007789577517,0.3291724191291957,1.1364832900720376
1.438194834921461,-3.0140175298891707,1.603674486415376
0.6615931926483902,0.530544467618038,-1.9355296992988777
-1.8577750264703827,-1.6456269896807292,-0.6165975875726635
-0.8114162738372345,0.76057633391756,1.546578722805098
-0.34773006931782274,-0.7356930538584918,-0.1332874807751957
-2.528347964129944,2.5077321625433964,0.711977081586804
2.27696250830316,0.5003540349994446,-0.7029961460546257
-0.301875826369843,0.3707999113776928,0.8475225921830211
2.487763669249145,-1.1601706474612177,-0.6599550119234446
2.584230722824127,-0.6481915708368481,0.01514350324068771
-3.4249342305474815,2.1337163439875475,-1.6987529066728484
0.736396728868567,-0.1824975091036917,1.5867427493034147
-4.546554645786057,-2.718792127422771,0.0927818278155133
-4.152943632098959,-0.5206464465965763,1.8913382325529824
1.348688557064883,-2.308320271043079,1.802180633102104
-1.4952063832779763,0.03757082351239497,2.9269162950788115
1.186910476569208,-0.8540108232136121,-2.334559849236429
0.27679986347855695,0.21275965158274235,0.2820420887053544
2.3867965591674407,-0.20487329575119406,-0.02700614747294527
1.2523378145888489,-3.281147721160965,-1.5916719329233504
-0.5232664691323554,0.8865777875455831,1.4052822625410628
1.351371881598332,-0.18330282113435645,-0.28517349501352796
-0.6361679144156334,0.9085837993188757,1.5088472964242707
-0.9723816507684961,0.9478662413641346,0.6037527499654107
-0.8191820139678758,0.9186150653165495,2.2075608148474957
-2.202350079711635,1.1445997584250984,-0.2963303505236768
0.8063590059914393,-0.015031096411858885,-0.8447850671271113
-1.1503629705407759,0.9920023785534454,2.453383897219692
2.998418566182138,-0.490495299780163,-0.9801483118003269
-0.3476130385318859,0.05091482298309557,1.5976229752682216
-2.8283313578752085,1.0611089589570022,0.023463352613777345
0.23438817789929217,-0.7064391230607469,-0.8801235292253661
-1.201849768328304,-1.9131735023738543,0.45461546100778266
0.5161831095564795,-0.7203203837786084,0.025688153219582417
-2.586638110136517,2.3271736306030224,-1.6833099693577702
-2.8949854094806704,3.3569996262925517,0.35802483243928823
-2.326007252082723,1.4580555447734436,-1.5830668173745037
0.20902210830106158,-0.3659893850455156,-0.9596912817790119
0.15067828719774673,-1.1171579541903995,1.3429711008468133
-0.2602844705510611,-0.5741217875202981,2.2389066776854363
1.6840293361549399,-1.888598663814031,1.1208921051054468
-0.6128655925638946,-0.2792771374044833,-0.14267861666012033
-0.3461452414246228,-0.18189878319978686,-0.6433822529637417
-4.991898425753599,-2.3668639161849967,1.6266145235909675
-0.10414507148306862,-3.2590608550344173,-0.3193832834587312
-0.7276621403108815,1.7820865792363625,0.3161637682790544
0.8924842629241717,0.3482259303825227,-1.7777014755692504
-1.0402059881113617,1.390344151180287,0.36256238614933245
0.8073452841251485,0.13139396186669147,0.48896143832260025
1.7161113354045565,-1.9136737338180687,-0.9107107009341652
0.9923583753989829,0.47748634548020763,0.8786773041049959
-1.2015814603024868,-0.35861778052322224,-0.3747185322262634
1.4192545526907834,0.02017359036030462,0.17366487876934505
-2.4549288023991145,1.6333458546781794,-1.3668227637023258
-0.42322781796505454,1.6808661737852393,-0.7477029291476649
-1.0115464849379243,-1.411958723601801,0.8616500000438303
1.5510570531102412,-1.8489805777494774,0.4313946265904248
-1.8651142119086268,1.6671083697971112,0.7032051201996606
0.2526672839869141,0.41823770296365415,-0.7379061008384822
-0.7762988651744911,0.22498300389863504,0.05246216292414939
-0.7304403974135095,1.4699009262824152,-0.7480065039163244
2.271823089288997,-0.07114529442344351,1.1997444131987693
0.9989120970963076,0.8716865170730729,0.7187190441032427
-1.7411763921743277,2.257517359907191,-1.2810474510335783
-0.5319930885612707,-0.04021815521820129,1.800843025933582
2.5143376028368674,-1.4998944314625877,-2.387481133375297
0.7673529177080765,-1.4671087937533238,-0.8065657876152558
-1.2350563073078047,0.4208952134472383,0.8294844504202523
-0.1824428667170159,-2.3299369128349947,1.5360360997176643
0.7375697236448375,0.2876955062844172,-1.0295188129617805
0.6505719868013649,1.6602271031337508,-0.42506429515244354
-0.24474293415981205,-1.3591692107552342,-0.8945798203711718
1.6805336578898054,-3.176571893872708,0.651352596660323
13.035297819942835,4.396452308033384,3.182867471278554
-0.7029123866632193,-0.041180152073237074,1.855249610867145
-2.547945965786582,0.7529543448616106,-0.9158746799117783
0.4618470266318649,-1.5465960007832,-0.22517540920850676
0.954569613783671,-0.1949038592420838,-1.7229603901822061
1.382152006592027,1.2484786375103645,-1.3200729452378088
-0.9998745184172579,-0.15988562444516272,2.0068713441188235
0.2931219126906003,1.3832426160016915,0.9260272309986421
1.3085440250162896,-0.6158347289098836,-0.22124662049682067
0.28772143663067873,-1.430276053949681,-2.3967236685401385
-2.9317013299629244,0.8562924314997569,0.39092733547244746
-0.19510938069772146,1.3801351377601483,-0.3837992392874849
-1.1235098620310073,1.6561721629691843,-0.09040391125395537
1.0225556628371204,-1.3957606019728135,-0.21091324146914966
-1.5500176884064862,-0.27746855991169517,1.5278338631357753
1.0103071344296486,1.2895096008023141,-1.4228975932361922
-1.8788859010060237,1.205395368590639,-1.5302013461909227
-0.4400461171173113,0.265911254957009,0.46784720448899486
-0.8195456940281756,-0.12155135937877705,1.0860318734404086
0.4122024466109669,0.3013641260307659,1.1830792758571669
0.8003072387293121,1.2512232097953724,-0.47036873684404873
-1.7524130166267984,-0.9455371089242418,-0.5549507216011058
1.0285420064260382,2.03236067435945,-1.7878658709232675
-1.8244930541185596,0.8859462230519425,-2.6161434455459083
0.415376577656868,0.5930046648140757,0.2591741564855835
-4.58027080946879,1.6362294696221935,-0.7562019153414129
0.9935915098154405,0.5022121572890822,-0.693787175387268
1.608578461951607,-0.07046966992061936,0.018388330903876943
2.5848893981571073,-0.4063795373186665,-0.8687539961202998
-1.3532840379011115,1.2021664387527478,-0.866103348523543
1.9363415639219959,0.6836419691183382,-0.2676989889573605
0.7904746258513297,-1.7184029320280807,1.2033651714745128
14.341704857273493,4.766026334544528,3.3919206988120574
1.5718519090571264,-2.80239255726886,1.1708911864091984
1.2094913233597737,-1.8346700189161893,-0.2115117434506504
-2.5936645935148452,1.6489202549359638,-2.272268348066492
-1.316682983993753,1.0540427600116007,-1.4189588823504218
1.0111862756461392,-0.8517644083790206,0.13805312746797357
1.445956656205154,0.19251274718199562,-1.2878770641638224
2.079262133322057,-1.3638251942743869,0.8146741716515686
0.6745459281100316,-0.08443416902090244,1.514016861225702
-0.14987569090974454,-1.3863952497711618,-0.18497547327383432
1.2408661222008348,-0.26199528201929956,-0.952313917635069
2.433053516838823,-0.045523018932079266,-1.6977334009440426
-1.4125739642773698,1.7923847658971628,0.5411059504125709
1.4085079753975245,1.1187096288712792,-0.15013321145213546
-2.027885709837088,1.4343927892216335,-1.2605619304641693
-0.03249598109114457,-0.20295712729499552,-2.056139318330033
2.316860456695418,-1.0892137118886493,0.31231643434016754
-2.4719067808575796,1.213800067678609,1.838082128166401
0.5605272135625697,0.7273550228344781,-1.9399157807380627
1.7625657864260988,-1.4460332784710361,0.8209216589432935
-0.4623480503534311,0.9577767259443644,-0.32867089989347414
-0.5797738569654663,1.3564314635699624,-0.4573192078078333
-3.3076180390812007,-4.513623217728011,4.760223474289847
1.4561543050868475,0.7162788318082259,-1.8809579550361022
0.4242070985718486,0.4739262750673102,0.8681116824352487
0.3041308220387794,-2.2257756460471083,-0.6513684414923917
-0.6646012452891618,-1.2031601714222837,1.4302018201608644
-0.8370959496836217,1.7840485188657138,-0.5176437378169355
0.202659870498847,-0.6713929591828856,-2.0996044257159507
0.7187030522312228,1.5293476675699438,-0.026071328000264467
-1.4674304841993917,0.9797794606569488,-0.14592467276116544
-2.3125571712436894,1.838215716125238,1.3447454802204177
0.8964133396868604,-0.9475173716448247,-2.8495586515587714
0.6473372307205872,-0.410540236593213,0.4216623150728491
-0.15415422716894975,0.7730503314361743,-1.634628067630937
-0.00300394738857942,-2.8420056480530205,0.23034327924599238
0.3042036054438478,-0.605683130247109,1.3810714784480747
-2.6358451142075934,1.4367806281789381,-0.4199046056740325
0.5276503957862559,-0.15748400012553854,2.050327641868453
0.16443248549496284,-0.8909045418648306,1.6581003978819135
-0.8975607462439742,0.9325115510005274,2.1134810767861163
0.8578151965928013,0.6102668095690493,1.6153614571858712
1.4733705434925226,-0.8880399620161742,1.6449401080335508
2.411046180892647,-0.325200103966253,-0.263362211172607
-1.5194383469084036,-0.4747357910999141,2.77779130485915
2.58010205918772,0.821719907438398,0.33347652370122116
1.447158984151207,-0.6976514921547899,0.2688368042009876
2.6006799337779842,-1.1370526572578428,-3.445328239865925
2.037404516893764,-2.1522989719777033,0.8357810462594608
-2.6074936421009007,2.263720792060582,-0.47924522549906867
-0.4589262335934772,0.9767438548463897,0.47760214681460766
2.14746936052617,-1.1647859668662022,0.6142263453983112
-1.5162344672455093,-0.1861474236794812,2.2820805782798126
-0.48511918703468143,-0.6081976377556296,-2.636018343951688
-0.9406669185256916,0.3026968627476552,0.9330864105989359
1.2993337505443254,-2.8713828202851985,-1.2922617702432273
-2.1028086878816015,-0.09019222265796063,-1.316018922392291
