,V,fitness,s,tau,AF3,AH3,A3N3,AF5,AD5,lambda1,lambda2,taquiónico,type
0,0.0734664906628232,0.1452468702901089,1.600149459561681,3.485910062937601,3.179646637575459,13.09035480616005,-69.15850206403569,46.58307500152446,24.372854360586743,0.0426378633290369,0.2958677800985294,0,1
1,0.4334695266961563,0.0874920637164632,1.600149459561681,3.485910062937601,-33.7408531598911,8.335096164013692,-51.82582107301749,8.66279516421227,51.1194689736009,-0.0191575782252432,0.1423648855476892,1,1
2,0.4288665405075673,0.1049134568222941,1.600149459561681,3.485910062937601,-43.87473109685607,12.14838139384196,-83.5029645966629,30.88689488688354,68.28648142524602,-0.088760732063508,0.204956374563987,1,1
3,0.6878953059013114,0.1551184052770491,1.600149459561681,3.485910062937601,-90.55035116646206,4.42111060586879,-72.46461971840841,68.30124474672004,89.11021761990335,-0.1728119904993452,0.1922059056363377,1,1
4,-0.012012236532196,0.1025796474660457,1.600149459561681,3.485910062937601,50.84627889696603,12.490730579892343,-72.6428941383193,97.91656275037462,-5.229213215117184,0.390210406275148,0.6158014486511715,0,-1
5,0.2241439349296489,0.1940157000993026,1.600149459561681,3.485910062937601,78.46286150823585,6.430296702756209,-1.26183555467982,15.112151953513193,-35.842807536962965,0.3643411870831702,0.7967881684064074,0,1
6,0.2119148262947293,0.1090433724223759,1.600149459561681,3.485910062937601,89.5677522897449,20.957533653973343,-11.754440439151168,-34.801244169178176,-39.83506589595287,0.4219856707759613,0.62895636377536,0,1
7,0.1256766255337257,0.1185435097913439,1.600149459561681,3.485910062937601,57.08884731381016,11.11317127110098,-32.73213372462625,43.46587310596607,-18.884683533240175,0.3984895302188301,0.5605481954494227,0,1
8,0.1521992711402177,0.1158017435020901,1.600149459561681,3.485910062937601,-25.908311162543956,-6.314051037870087,-20.30200693786801,33.85620255096978,29.357871421930355,-0.1381591942831924,0.1668874542193081,1,1
9,-0.0118469461490021,0.0757728908458692,1.600149459561681,3.485910062937601,80.20857274187028,26.02084618097213,-91.82946141701872,79.65744654453809,-15.777104321949563,0.4896189065234444,0.7641585908466608,0,-1
10,0.564562291477174,0.1329310898081229,1.600149459561681,3.485910062937601,-43.29987364475434,-0.6563435841719922,-26.79609335604792,-16.030199593902083,56.51822165059639,-0.1072943323323704,0.1444963923288426,1,1
11,0.6805990048703661,0.1886187657397791,1.600149459561681,3.485910062937601,-28.300817115696404,16.034658482849437,-47.32171023721076,-63.71078403244355,58.57605576233493,-0.1770821708397461,0.2909609246042442,1,1
12,0.2200103792847055,0.0883867631971016,1.600149459561681,3.485910062937601,-25.29698434532457,6.524107103184363,-48.519966719567535,45.25801491681969,34.02906482855306,0.0074667915821189,0.1502508677998445,0,1
13,0.1864002948200852,0.1047647572773539,1.600149459561681,3.485910062937601,-19.200204348403062,-3.781705085916968,-6.811919866050303,-4.275476800228802,23.0251846614312,-0.126882717667276,0.0910596324928788,1,1
14,0.1413374223450498,0.0672130388886231,1.600149459561681,3.485910062937601,40.85928034210687,18.27973085993825,-84.02666185087499,86.78388132556123,7.000835227795619,0.4605756053680488,0.5429975150397788,0,1
15,-0.0094207061131782,0.099095586743346,1.600149459561681,3.485910062937601,81.01502188260156,18.01416676894752,-27.604160011671325,18.380602431601677,-38.97281286904615,0.4287950966560828,0.5428897069369505,0,-1
16,0.0784333615584647,0.0792915691403597,1.600149459561681,3.485910062937601,-45.251183440879,1.8075104859001527,-87.64770857102691,97.31518923993306,59.92016653931449,-0.0779969650137865,0.1210200392585187,1,1
17,0.2946806879811946,0.1079499983627472,1.600149459561681,3.485910062937601,-47.93968760584995,-4.084025095371089,-43.716173131327984,59.35760480565952,51.26477938220921,-0.0916507265386575,0.1403281334887027,1,1
18,0.0477612175176933,0.0479838210360919,1.600149459561681,3.485910062937601,53.30199572822909,21.31512425922348,-95.7693637870043,96.30113104016512,1.8622670499284053,0.4590608558048437,0.6333666592156951,0,1
19,0.2781990845078249,0.0841075256897719,1.600149459561681,3.485910062937601,-23.8872548148932,2.723903918254124,-28.20591686436813,24.846325061257215,29.426101519746425,0.0224863763126591,0.113850148898324,0,1
20,0.370022127579636,0.1934888207587592,1.600149459561681,3.485910062937601,95.46624347112132,22.451609212884364,-67.85674471969028,-4.093478135463926,-7.372673883340198,0.330298374418417,1.1104615019747108,0,1
21,0.1955667416061654,0.0649433798471513,1.600149459561681,3.485910062937601,-53.5365177411901,2.894101844409932,-61.65404442465268,79.6859556616946,51.42707653506605,-0.1264715423249381,0.1035527010586661,1,1
22,0.0804975150062976,0.1188405464352475,1.600149459561681,3.485910062937601,-36.82348579628388,1.039147177993243,-72.77765631813769,64.81782573127097,53.485454191164365,-0.1676068732036129,0.1591893208700347,1,1
23,0.2841983205103247,0.0446115308435771,1.600149459561681,3.485910062937601,-51.15952722289578,2.002639750885521,-49.98470191849434,62.23066709893567,49.41714732259578,-0.1035446183665352,0.1159359215741443,1,1
24,0.1445452440925057,0.1739951616664346,1.600149459561681,3.485910062937601,85.55512925328674,36.88892431140215,-88.64579719601298,20.54209887376011,-16.002359876856147,0.308999955129501,0.8970641341204155,0,1
25,0.0872661903745684,0.0601708677739919,1.600149459561681,3.485910062937601,-3.1695086608103367,0.4374256434135617,-14.16603175743164,8.73570133575818,11.272154560551511,-0.0120828025067532,0.1106832956799563,1,1
26,0.2319838529794519,0.0514775317423836,1.600149459561681,3.485910062937601,-42.120756200482965,10.30758632257293,-84.38974336492306,45.19931830815344,61.708163251984814,-0.1571230497046302,0.157081392952286,1,1
27,0.2160911853102485,0.0470329108281517,1.600149459561681,3.485910062937601,-43.415903982045975,9.657521806569775,-84.46506260486657,62.33011879456083,59.226685970202055,-0.0918758784463308,0.1353917293771272,1,1
28,0.0014534308025754,0.1370598263414591,1.600149459561681,3.485910062937601,29.38385248014265,10.00416490708838,-31.033413129425995,19.56949190855532,-6.023326687132794,0.1426376008322462,0.2793227138495481,0,1
29,0.0564201088462646,0.1205046918331023,1.600149459561681,3.485910062937601,97.67354479328924,22.2738946267602,-69.79713340980558,20.2378488247265,-20.52912320054025,0.2949160432878857,0.9584014675260676,0,1
30,0.3786809164736227,0.1111383851081305,1.600149459561681,3.485910062937601,81.6561694552056,29.020621286013267,-62.62236149408014,-19.72422738062359,-8.906941698538674,0.3687600157287186,0.8503532168876106,0,1
31,0.1931924480074279,0.1267323597070894,1.600149459561681,3.485910062937601,71.46230987654945,27.03848156255026,-62.344184913370285,29.877079815694916,-17.594193197015656,0.4230997073308208,0.708808743126853,0,1
32,0.1750862587466847,0.1692994289526601,1.600149459561681,3.485910062937601,32.986214088168055,6.057440776432628,-3.1471666227353268,-6.214623040358447,-12.168797192205716,0.2135928208347297,0.3009366868707818,0,1
33,0.1192997274277742,0.0730441267143317,1.600149459561681,3.485910062937601,-44.14616936507365,-2.371330118292832,-62.2530357638318,86.3679269407537,50.07785151131145,-0.0712229413773191,0.1097968668216671,1,1
34,0.5324424289390661,0.1551897934983719,1.600149459561681,3.485910062937601,29.992393523704607,22.65075627070117,-93.63459319730286,39.10968348985028,33.86314428853845,0.3788911587391587,0.6969514885559812,0,1
35,0.4745070371725488,0.0782763174967278,1.600149459561681,3.485910062937601,-36.30680977936878,5.619418608362992,-33.156726322472025,-0.390313433952727,45.43869665330641,-0.0030821106987779,0.0918421784479328,1,1
36,0.0107601887594385,0.0922873611569566,1.600149459561681,3.485910062937601,-8.11812274966681,-0.6855666102276672,-5.263225207281636,39.11734542405739,0.4524627413819786,-0.0968738942771235,0.1887550882897588,1,1
37,0.0606026111815488,0.1227821314933158,1.600149459561681,3.485910062937601,-23.55695933406044,9.251733637471474,-96.46563048297378,94.73770749589792,48.627621172366105,0.028948021114918,0.2249596455238803,0,1
38,0.0459281073855885,0.1078287029299587,1.600149459561681,3.485910062937601,86.63997992324485,23.262673338898622,-55.45077763674309,52.800593070932,-33.27930313052316,0.5684692336246753,0.6812091639696807,0,1
39,0.3157395885588501,0.1618504021023177,1.600149459561681,3.485910062937601,32.91091656419587,15.20276748539844,-94.98556291462928,86.29615046831933,26.22697915479276,0.3647321548784579,0.7343523244754013,0,1
40,0.0693264546842564,0.1043102940251524,1.600149459561681,3.485910062937601,-25.165131752748977,3.5152701819701946,-72.29571194465012,85.88504078472428,41.12299304201619,0.0402105415886204,0.1576524442626998,0,1
41,0.083721561766302,0.1421663692883442,1.600149459561681,3.485910062937601,-21.228123377505952,7.443437156412898,-28.52049540850551,28.43161740823561,17.118529602369307,-0.2054125077991606,0.1854081012300436,1,1
42,0.4438035485870649,0.1126942691239988,1.600149459561681,3.485910062937601,-54.04286780882504,-2.147250253408046,-27.25896540234825,23.1110741017678,51.92369596799472,-0.0955156477875581,0.0601012018507034,1,1
43,0.1288627536886792,0.0425724982485628,1.600149459561681,3.485910062937601,-32.38308039753235,7.039203856009891,-65.02351596317263,61.4552102538687,41.8884951388861,-0.0434377189067233,0.1086730435071516,1,1
44,0.1846241162151243,0.1209498618089003,1.600149459561681,3.485910062937601,99.6722875500127,34.48660024021214,-69.77899040101171,-0.5050345930989693,-26.916967580794832,0.4005158510175721,0.9042902554415396,0,1
45,0.3510493334019241,0.1243560017915856,1.600149459561681,3.485910062937601,-28.958898019113136,7.088329055777876,-24.80882711429085,-23.124646052821447,35.954640122055395,-0.1411465558093906,0.0828902889941364,1,1
46,0.0111590389624661,0.1134235238872995,1.600149459561681,3.485910062937601,-26.788347650267497,0.0871531141101797,-38.50008745738614,88.49256005983682,20.453442767178288,-0.1091571572608138,0.2241624381114898,1,1
47,0.5597360206885422,0.1431456436937602,1.600149459561681,3.485910062937601,-40.99825824810295,4.362677265035657,-41.6728277469852,-32.619138346761474,63.26740101262792,-0.1994827311127761,0.1904669701560694,1,1
48,0.0581098566482979,0.0244261426803027,1.600149459561681,3.485910062937601,-25.59513411630296,0.5379329142536307,-39.196492480656886,45.27380268514864,29.67878096316946,-0.0264680280280048,0.0170800256754861,1,1
49,-0.0168304523875574,0.1343118205355394,1.600149459561681,3.485910062937601,76.46014087009851,9.99521477703378,-33.27519643043331,49.00449779289784,-30.673075742944818,0.3589281958957381,0.696849812633443,0,-1
50,0.1043077011239515,0.0170105660802306,1.600149459561681,3.485910062937601,-48.93467546001544,0.4870857276452796,-65.10856317315691,93.08974866921892,49.204417692967695,-0.063312406269758,0.0610937096105672,1,1
51,0.4457920302541501,0.1155261191722146,1.600149459561681,3.485910062937601,-34.92164232316625,5.572985938466687,-40.256502506109285,20.303518656744917,44.86663797020728,0.0349177723728272,0.1332048635854993,0,1
52,0.0905727855134007,0.1632368305937498,1.600149459561681,3.485910062937601,37.24323523575657,11.859115359678228,-2.329060770778071,-36.59156527041176,-17.336760969084168,0.0548011271040146,0.2853052412790549,0,1
53,0.1545888792776455,0.108078003043819,1.600149459561681,3.485910062937601,-37.02845257562812,2.883367892201221,-57.942543984292016,89.30783098634419,38.888270814738064,-0.0401959822371103,0.1988243240726334,1,1
54,0.961012519248463,0.2648901993368409,1.600149459561681,3.485910062937601,-75.8819663421519,6.301326388785839,-20.91749819866688,-44.59136161059372,75.71687811303991,-0.1855141063435686,0.1284381181910158,1,1
55,0.1005030022417123,0.196253203581528,1.600149459561681,3.485910062937601,90.68929164768096,19.42791792823533,-56.43176346657391,90.79928883649958,-35.99095246440828,0.6666337927147425,0.8506159992967544,0,1
56,0.3255309710763598,0.0823252316771708,1.600149459561681,3.485910062937601,-27.60931006877381,12.439203964278178,-54.63858831397539,-2.019240892789526,44.95801455791471,-0.1556998861510986,0.1898822389697721,1,1
57,0.0423297660018827,0.0546449087976003,1.600149459561681,3.485910062937601,54.69770236528504,23.603956195113994,-92.284341820696,88.85724328643605,-2.280349024186876,0.4357941185937126,0.6304899216268933,0,1
58,0.5122679551859737,0.1332766332993536,1.600149459561681,3.485910062937601,-30.00169997132332,14.66538209537194,-55.85724301128055,-31.328372653019954,55.43889130953767,-0.1772144013151405,0.2468563239519783,1,1
59,0.1064719180714439,0.0652205592092083,1.600149459561681,3.485910062937601,-52.11299029894596,-4.547617305885822,-58.47292804919039,99.7249229070928,50.285164850537456,-0.1135948091898711,0.1074286519866506,1,1
60,0.2958293256957911,0.1738437993253608,1.600149459561681,3.485910062937601,15.359151302132474,12.989676741224088,-56.50207517090674,45.135231776684094,17.413140221933816,0.3296316339828216,0.3561896007749101,0,1
61,0.221927581075184,0.100752618826398,1.600149459561681,3.485910062937601,50.44870752300153,21.506437953207566,-97.28670257836616,87.88874735713554,10.524470794722404,0.5018431375017555,0.699874485749093,0,1
62,0.6860984474357549,0.0773859798595601,1.600149459561681,3.485910062937601,-60.10996567644196,4.742738951909686,-44.38847909164748,-4.623616381038659,70.97267937201684,-0.0127307641226204,0.0399142197307926,1,1
63,0.2571495493731239,0.0773454451502937,1.600149459561681,3.485910062937601,74.1527041011121,26.86819806082326,-74.02346370792897,14.24938219557994,-5.762863487660624,0.3711644261472707,0.7957259415151813,0,1
64,0.0647132304324883,0.0987123858393269,1.600149459561681,3.485910062937601,60.08575884025487,18.227102658660883,-48.451116284190846,53.269297115213845,-20.87112553754264,0.4305395419597787,0.5447781615899977,0,1
65,0.2366282287600669,0.137797132480887,1.600149459561681,3.485910062937601,73.51630128597566,31.13288516061797,-96.57724974830674,64.07533799286603,-5.109350077565452,0.5363047951825496,0.8257172416721187,0,1
66,0.4117834149665875,0.1239455993311162,1.600149459561681,3.485910062937601,-38.661486566746994,2.6570562167595995,-50.060279113523485,2.62239284522758,58.71411443542294,-0.1593287069236908,0.1842212157537011,1,1
67,0.2921082107112261,0.0938774271277732,1.600149459561681,3.485910062937601,64.98621298387775,26.15046727056118,-99.00008535627632,47.28571226055723,10.400964113635297,0.3930543688532845,0.8643574720128077,0,1
68,0.210206213526676,0.0748028999838838,1.600149459561681,3.485910062937601,-48.14457425704821,6.259701079196873,-88.08801181667002,98.54826497902803,60.15892769543336,0.0310411331025742,0.1144775152986329,0,1
69,0.2455044005758609,0.1470157163792563,1.600149459561681,3.485910062937601,50.0047150440065,16.84082202411932,-97.89741787947038,83.66935910047445,17.681099891997462,0.3576686417524848,0.8497514509972679,0,1
70,0.086097768047837,0.1127129347567486,1.600149459561681,3.485910062937601,62.015367001470736,23.386152579704916,-77.49035025834695,86.89697678544141,-13.528717703370958,0.4981892881486923,0.676926671699008,0,1
71,0.1949401999388567,0.1082608551172037,1.600149459561681,3.485910062937601,1.0916290769855266,12.524245156762646,-16.97229768698469,-46.80364953879214,12.150291417743688,-0.1975597736082046,0.2047506258548756,1,1
72,-0.0592803165889069,0.1982335672627797,1.600149459561681,3.485910062937601,-21.80474833128811,-5.903149752368122,-10.828674301803218,62.591687148768784,9.102209265684875,-0.1594723923421346,0.1367977471322111,1,-1
73,0.5173948663108734,0.0622369027990384,1.600149459561681,3.485910062937601,-39.56949425655054,4.254375993707456,-35.61344969244081,-22.899474477656128,55.57024002058375,-0.1140139672285947,0.116157582540604,1,1
74,-0.0075322914211549,0.0927772576496658,1.600149459561681,3.485910062937601,77.91110288705158,18.89376424995679,-70.80630283749502,50.86266436596841,-15.600866348239933,0.3334685366671273,0.7698675413333247,0,-1
75,0.1502545038680535,0.0618538422211808,1.600149459561681,3.485910062937601,-36.76873047970805,6.448651633577015,-55.14408727044498,47.85288097679381,40.94982212434533,-0.1160863910720044,0.0904275580765677,1,1
76,0.3608951946069182,0.1707994852907297,1.600149459561681,3.485910062937601,84.59642909913697,23.382965699671672,-17.413862708868905,-37.51559125085573,-31.72208903567653,0.4700955999202074,0.665774380249692,0,1
77,-0.002958158305117,0.07180718085867,1.600149459561681,3.485910062937601,95.01009524801192,18.23174046986836,-58.02709186359563,40.38047425242081,-28.61262111390674,0.3827817578302112,0.8638407301004575,0,-1
78,0.1808899008183854,0.0776279736797217,1.600149459561681,3.485910062937601,94.77369573929158,24.520024706006023,-63.62418853965316,6.51117224086677,-19.67859303421224,0.3717373464355749,0.9106333488292488,0,1
79,0.1611999139705868,0.1384622194601338,1.600149459561681,3.485910062937601,57.12463115139275,16.188668288112382,-38.18106591234019,7.893380139295502,-12.777241842965807,0.3106705891322073,0.5306760859502422,0,1
80,0.6032940663457631,0.0998140505327453,1.600149459561681,3.485910062937601,-75.82154889354985,8.338661358961573,-82.8525565877888,59.33471960011195,84.97951343410338,-0.0828402329637465,0.1447795878589252,1,1
81,0.106936214193457,0.119855209255505,1.600149459561681,3.485910062937601,74.27932258871067,27.731209865293607,-80.66750555779811,68.10607057222464,-17.029199558543937,0.5037879569171404,0.746349932536998,0,1
82,-0.0073717439619886,0.1068813293441311,1.600149459561681,3.485910062937601,-15.514045332565187,-5.900524151178615,-21.16280345364784,38.24059317280273,19.65999992386452,-0.1508063440279664,0.1526816222889057,1,-1
83,0.2204280035685512,0.1005242260453396,1.600149459561681,3.485910062937601,76.85830955545057,20.81636114847332,-67.73318921253716,30.473805122895183,-8.816487686798482,0.4004326015574295,0.831001844831617,0,1
84,0.0564211539735915,0.0493821862921393,1.600149459561681,3.485910062937601,-7.113144530576392,2.8581007421267515,-19.49902953607588,-2.1383903706024654,15.15906426409748,-0.095176286016865,0.0728358196355845,1,1
85,0.0065582546699073,0.1125421964364563,1.600149459561681,3.485910062937601,44.87583786207287,23.71866988889649,-93.93466929846552,99.38768011100362,-0.2012107449740057,0.351992689182056,0.6145745391493158,0,1
86,0.184180948540663,0.0727852035067806,1.600149459561681,3.485910062937601,-29.32973102678291,8.441518389736387,-60.195491933730274,51.44292010196631,39.337871613872124,-0.043447438968662,0.1515946267173733,1,1
87,0.2468542354683092,0.0885816885955927,1.600149459561681,3.485910062937601,76.86154205975703,25.80666687306,-85.16002101996163,33.18908805356915,-2.1903127127846886,0.4020021301379146,0.8735504026194221,0,1
88,0.0173706726527976,0.0923400143808612,1.600149459561681,3.485910062937601,-21.926451615124847,9.225350097223554,-85.10881186564421,91.34813417913053,39.68944885443361,0.0324478618375541,0.1745154023049462,0,1
89,0.1061063407700474,0.1173478310372064,1.600149459561681,3.485910062937601,50.958216187148025,18.322135401596057,-55.41359765795929,61.22745351984628,-12.751027546790269,0.4065452066518524,0.5471493762168065,0,1
90,0.0655174587726838,0.1002084664843465,1.600149459561681,3.485910062937601,70.04337562442706,12.865664891595287,-52.14602044579586,69.39658511926456,-19.88281198661919,0.440890310306157,0.7227531824221443,0,1
91,0.1337022955187996,0.055209243980528,1.600149459561681,3.485910062937601,-47.04807469118253,7.634537567066118,-73.93206469069918,83.73951539939071,49.29583009034698,-0.1461996732506909,0.1531426194772014,1,1
92,0.7473015263160152,0.2081727954803656,1.600149459561681,3.485910062937601,-55.68415575189631,8.454816352024963,-38.07005681706524,-3.547869860393419,62.34090111796087,-0.0786141566951496,0.2143790139726638,1,1
93,0.2198228523086784,0.2076888867308053,1.600149459561681,3.485910062937601,28.320448435461344,10.154622293058296,-52.13749872008652,34.446111633210535,11.93788329009547,0.20761953965317,0.4999931252377314,0,1
94,0.4460668323584604,0.1229339967062841,1.600149459561681,3.485910062937601,38.040816760382654,27.3246592835023,-96.99504019727554,40.81983723487341,24.85369256306676,0.3796496474447445,0.7032766711370161,0,1
95,0.2593197845176635,0.1003726109640199,1.600149459561681,3.485910062937601,-31.89756975485348,11.350342152426734,-81.90029350716966,47.982417366703714,54.8060188793055,-0.0534118938899518,0.2044620079417739,1,1
96,0.6862462282106201,0.1058129956799103,1.600149459561681,3.485910062937601,-54.82886940209553,8.939299635596683,-60.91128515474023,-13.978263294400035,77.20391591642854,-0.1048509639999851,0.1568588098131862,1,1
97,0.5306613571412833,0.0706477365601095,1.600149459561681,3.485910062937601,-15.514338000003503,8.13970246376121,-0.0849347503985029,-76.27870293374602,27.857042843431003,-0.1001364867393076,0.1300128611187763,1,1
98,0.2092275717572734,0.0908853490814009,1.600149459561681,3.485910062937601,43.35664669018979,19.992498851251057,-89.17297046780357,67.38656638703645,13.291734185111936,0.3764988750710096,0.6419938530345999,0,1
99,0.0702579927487606,0.0974249348236891,1.600149459561681,3.485910062937601,70.13528780679607,14.451595242505988,-61.79637227355166,73.4647643179988,-15.757421193818177,0.4464432530157515,0.7447385778632107,0,1
100,0.5597753559260797,0.2084025419587578,2.459242111292193,3.0947272010640288,-59.7492877479044,-1.0376143205326684,-36.4344288555796,29.307324058007254,62.75986395292691,-0.0296309419859754,0.2153324730411737,1,1
101,0.7985639217416318,0.1832588778410158,2.459242111292193,3.0947272010640288,-0.9957540515791266,6.468935893834086,-13.301976277419952,-63.76856540786484,37.50495381285174,-0.0629571254950777,0.1726306446931651,1,1
102,1.05363838025016,0.2044363254527472,2.459242111292193,3.0947272010640288,-59.20617513310895,4.026435411367004,-20.7577914149128,-46.48196341337949,72.36625781033524,-0.0326001982899116,0.071082289222949,1,1
103,0.4588865260284343,0.1203907551022659,2.459242111292193,3.0947272010640288,24.86442277905292,8.183922710634263,-19.057923455528357,-47.76825085972602,15.918782500314649,-0.0690633379824353,0.1920938391965349,1,1
104,0.0052996879395577,0.1032198558470565,2.459242111292193,3.0947272010640288,-35.96876771984283,-0.2488573201957535,-24.102504552889087,50.29025492798701,20.72338997868832,-0.0779064392243877,0.2104391778531756,1,1
105,0.1159274894400573,0.1269446967237622,2.459242111292193,3.0947272010640288,6.750119936008247,6.383304847984434,-2.7563291789061424,-23.13665113231661,-4.256069146504672,-0.1990822236009207,0.1989496700856676,1,1
106,0.6309403902357009,0.1974501752317599,2.459242111292193,3.0947272010640288,-52.09607584843672,3.246825267253854,-55.63280452148839,28.295163113557575,69.87905497611234,0.0661114204796317,0.1762406992178665,0,1
107,0.5402847375905206,0.1818846560022899,2.459242111292193,3.0947272010640288,32.13246814022085,12.232507235751156,-29.3178444506554,-60.36911073293734,19.335090798678905,-0.1502474337663668,0.2656474156362955,1,1
108,0.1741663086978502,0.1578480480681691,2.459242111292193,3.0947272010640288,45.48643326211476,5.828516339154021,-27.57645071139888,-1.103541356628554,0.2365374687320525,0.1494670851886389,0.2631460328415831,0,1
109,0.0123365473619819,0.1306314049114871,2.459242111292193,3.0947272010640288,98.2152239401746,11.547994993048732,-54.01479460787287,33.37803111484226,-22.05544432632105,0.3410530042204234,0.603706381241049,0,1
110,0.0220234606948415,0.1081271134460736,2.459242111292193,3.0947272010640288,79.42729299695199,14.160133087833884,-86.30186748720703,51.36799098275608,2.884156739022586,0.3710794096632622,0.461150193156552,0,1
111,0.469266519632769,0.0799197283581749,2.459242111292193,3.0947272010640288,-66.30965796943389,0.7947160766408388,-59.46415826863258,38.25173787258967,76.6826453168535,-0.1014035713092654,0.1119213910342467,1,1
112,0.0998312355077218,0.1439023574636875,2.459242111292193,3.0947272010640288,-36.74313189760498,10.67808925485933,-90.40783803793876,62.06700498848082,55.26168675222948,-0.175357867867265,0.248583710953348,1,1
113,0.1194033946572489,0.0645794054007966,2.459242111292193,3.0947272010640288,-72.78534054403136,2.003777648598472,-71.57863142842903,87.36400488494161,63.78801139779733,-0.0527751908975523,0.1478849732586068,1,1
114,0.4488525798623171,0.1393212167326117,2.459242111292193,3.0947272010640288,-50.53386985820425,-0.9188828243226794,-13.74975961538854,14.01468715962288,40.411536290013856,-0.0398951012330341,0.1712974045600472,1,1
115,0.2969077516493269,0.1027978813649551,2.459242111292193,3.0947272010640288,-73.34250647876601,5.994577711245967,-71.70916219481236,61.42118571286306,67.52022669918088,-0.1533706617794323,0.2016903434676196,1,1
116,0.2393836711557804,0.0814098893902157,2.459242111292193,3.0947272010640288,-68.51651726987502,4.785115791800124,-94.40247419485058,90.01346392795185,78.89607459255177,0.0394377131121212,0.1263678151634794,0,1
117,0.0351457443435339,0.3929301713821835,2.459242111292193,3.0947272010640288,44.35385972624709,19.67573039149373,-90.3616783653958,-1.922048554155296,22.82204191355912,-0.3679235487540017,0.4096878943178385,1,1
118,-0.0127107987935853,0.1357119365346447,2.459242111292193,3.0947272010640288,-14.831678115522903,5.50720928741957,-88.49884871610341,74.53369803296849,50.38873998912567,-0.0008043254284629,0.1856728591540953,1,-1
119,0.0952930044500918,0.1882828650947514,2.459242111292193,3.0947272010640288,47.92528863776411,12.279009841960658,-93.11450859887309,34.84511549087114,31.195326827395206,0.0281635892486177,0.3717479596560884,0,1
120,0.0269698542566527,0.1694436012139673,2.459242111292193,3.0947272010640288,-29.59396153734363,9.631963066386334,-99.39410147414252,60.778310119075854,61.420375015058085,-0.224550572832277,0.1769908981334808,1,1
121,0.5089927131354388,0.0841103866549337,2.459242111292193,3.0947272010640288,3.159223061160617,5.75602923026419,-16.483439391429684,-42.21542662569495,26.53852137491623,-0.0877083350714659,0.1390629536994358,1,1
122,0.0810294217169234,0.1760397402619091,2.459242111292193,3.0947272010640288,23.45660667403297,12.576675798062368,-75.82633976628854,37.139609328800304,22.963196598316188,0.0335828145810414,0.3254312253258746,0,1
123,0.1021162093942271,0.1486922122418767,2.459242111292193,3.0947272010640288,37.5706541648616,9.767620284439332,-59.30210227206912,-3.6556931421948073,21.583182250556703,-0.183249131178051,0.2724589391283123,1,1
124,0.1508755102742841,0.1931641776269703,2.459242111292193,3.0947272010640288,67.9658737132867,7.230351910073708,-39.08833814844565,6.956388764258193,-3.660007277372386,0.1868850661317664,0.4036875250619401,0,1
125,0.289191214550162,0.1261287969106894,2.459242111292193,3.0947272010640288,81.45894508143726,15.589121300074993,-93.6280452409818,45.468804526379216,14.304035986435366,0.4342882519171613,0.5951163385484195,0,1
126,0.1064193750454862,0.0280034594841922,2.459242111292193,3.0947272010640288,-26.901891200653964,1.3067269966901165,-36.66817674031484,33.524046087231994,32.72926257349144,0.0082988500258088,0.0415384246643744,0,1
127,0.6821411332699283,0.1566580745724499,2.459242111292193,3.0947272010640288,-21.813155264370025,1.5581693552655622,-4.717916319231847,-38.15780958762736,37.71121083544247,-0.0206197113516011,0.1215196057020764,1,1
128,0.4055575973774991,0.2364503218317827,2.459242111292193,3.0947272010640288,86.96536728416703,16.894880027429267,-63.55964756055705,0.8736650950535818,-1.4383386207283593,0.3441210903415632,0.5782569650885875,0,1
129,0.0036293235228594,0.1574404463204678,2.459242111292193,3.0947272010640288,81.7464955597857,8.952850414191559,-85.87153305020799,93.7818012638289,0.3722767736123984,0.3288552060312389,0.8975660334098673,0,1
130,0.3703129923708823,0.0842861816992879,2.459242111292193,3.0947272010640288,-89.82411012653313,-1.5250396815628164,-66.55693686022855,68.7541229418029,85.21379381787321,-0.0997961678830053,0.0878913689496163,1,1
131,0.0340054618316929,0.1608214704714349,2.459242111292193,3.0947272010640288,73.78039599597747,16.446153888274523,-99.8100171807507,83.22256847354132,3.1020453400120545,0.3170412455856038,0.7928926909402915,0,1
132,0.1455237212079319,0.0988384804401232,2.459242111292193,3.0947272010640288,36.21739980687852,8.083344249715466,-35.42869294090201,-25.240531545132967,11.84888321786626,-0.1997636518513177,0.2199910029382713,1,1
133,0.3940055322837344,0.1752098983580657,2.459242111292193,3.0947272010640288,-88.7638184292243,6.500254493535508,-77.91042245907684,56.15138400515602,81.61307019084768,-0.217085356510679,0.1542543291912349,1,1
134,0.3094086498413062,0.2419221287412677,2.459242111292193,3.0947272010640288,30.46477691741626,10.836118689120129,-65.937220008836,40.38553078445324,20.522213555380915,0.2203411878372282,0.5060708277918577,0,1
135,0.1150985702934226,0.1711277011605998,2.459242111292193,3.0947272010640288,92.84042578121478,13.985855215081074,-79.19403383974566,67.72089039256653,-10.18325405954809,0.3727412484821932,0.8923788398293335,0,1
136,0.0692016391554672,0.1416885368086468,2.459242111292193,3.0947272010640288,11.311890299381131,7.588025612449599,-85.05910174728928,63.41329266635435,38.65161546759492,0.1378596625280768,0.2626398773726419,0,1
137,0.0716339222289061,0.2448053252614637,2.459242111292193,3.0947272010640288,88.57397944792197,4.254927814250095,-2.4500824917360404,-3.341398172985379,-36.39523262976374,0.1924328635722798,0.5653614155242391,0,1
138,0.2162077884133054,0.1692354410502567,2.459242111292193,3.0947272010640288,-22.963805946194785,3.5220941655197606,-45.28520930195625,47.413650425920906,33.02652158954723,0.0458357535772614,0.2834927705802956,0,1
139,0.0342025979607658,0.0852399498545405,2.459242111292193,3.0947272010640288,-32.34427406254126,1.856771935982124,-16.472448668222157,23.978916502421896,16.33442671595398,-0.1565465831790506,0.1379004811272766,1,1
140,0.0868986352521915,0.1362399669116682,2.459242111292193,3.0947272010640288,78.3778915584399,11.46936627391672,-99.57922783546684,92.5702957539271,10.845081289160037,0.375618294207365,0.8434678562495267,0,1
141,0.4118635454533705,0.1170142454047339,2.459242111292193,3.0947272010640288,-74.39788507355004,1.9460979600483623,-78.83708667726648,71.66243590519741,83.21946689828275,0.0200383840194256,0.1328435063595866,0,1
142,0.000703251257636,0.187344102685635,2.459242111292193,3.0947272010640288,0.975099997321152,7.002475009174731,-86.03084807694485,97.80466788532948,32.83221035700021,0.1572874928837939,0.4711052015188319,0,1
143,0.4828174239269585,0.177632119419522,2.459242111292193,3.0947272010640288,-92.17141729496092,8.215441596722144,-84.85125435022694,54.38393226910833,88.13109303846457,-0.2378405724200747,0.2016104728361082,1,1
144,0.302491034178085,0.2106908579281495,2.459242111292193,3.0947272010640288,46.58445689774797,12.893081528591296,-98.17898323718929,82.55712376053549,26.580855634082496,0.3360624903073613,0.7894774233897364,0,1
145,0.0017270149334853,0.1120167661743291,2.459242111292193,3.0947272010640288,-14.913693839218922,-3.351618314910752,-13.106165671929231,33.95224899605083,14.70255511429444,-0.0728181959921235,0.1966849574104509,1,1
146,0.5539447888650673,0.1356004437586173,2.459242111292193,3.0947272010640288,-41.65380140180888,0.4878631773263038,-0.792710632314126,-14.851908832427467,33.65004972396582,-0.0373018509615345,0.1328974629457029,1,1
147,0.7911274778931234,0.1710265263978705,2.459242111292193,3.0947272010640288,-41.91534041009235,10.16510694889486,-58.8174975828824,-14.70983757925157,70.4809683065213,-0.1070461055824296,0.1997604540305384,1,1
148,0.1230031060462133,0.280252797245308,2.459242111292193,3.0947272010640288,4.325513092305215,15.891275915988729,-91.65203932373748,35.91791112136778,38.19994810227675,-0.1843088680764538,0.3738147994180328,1,1
149,0.6251693312374093,0.1809514424913865,2.459242111292193,3.0947272010640288,-13.55756313179522,12.095254847201955,-83.57707207567643,6.624314888649423,67.51176482703974,-0.0318888625236654,0.2638010592028457,1,1
150,0.0081875044482681,0.1235277067036522,2.459242111292193,3.0947272010640288,94.46212940653224,11.346887913610956,-71.75396134104342,41.86735661948393,-6.995795556135789,0.3332164514688624,0.5438910758945108,0,1
151,0.3895302525881121,0.0528385068878679,2.459242111292193,3.0947272010640288,-37.033697012045465,-0.8869573642321171,-11.444914491074414,-3.288723446526916,36.81019662079001,-0.0633194692282835,0.0534178113144682,1,1
152,0.4697870701942981,0.1667953923158866,2.459242111292193,3.0947272010640288,-35.079584019743066,6.930056487432296,-33.11943145507348,-0.3332081516794289,39.55556770610056,-0.1203451786532367,0.2244077073593627,1,1
153,0.2826766608881983,0.0845232726772431,2.459242111292193,3.0947272010640288,-43.55629185001986,-1.2512270615931556,-26.37676899093455,29.719881757009148,40.95253385882575,-0.0327111006680999,0.1261702029201753,1,1
154,0.398267663039017,0.1199835164331177,2.459242111292193,3.0947272010640288,4.354836238488602,10.744908393657738,-54.81336954844629,-12.369813798421546,37.81433901356496,-0.1259538790972797,0.223893960288951,1,1
155,0.4102868656377094,0.1182799718476116,2.459242111292193,3.0947272010640288,11.59305114965585,9.251323078010929,-50.716527661478125,-22.36721652537919,38.01016833343522,-0.1778306639230559,0.2310311123822776,1,1
156,0.3744684565115168,0.07057559419899,2.459242111292193,3.0947272010640288,8.052754945690907,4.767019245769674,-1.2359734925187666,-40.11874143743803,9.182465440609208,-0.039697187590917,0.1052438448815633,1,1
157,0.4155697037422488,0.1236782589105478,2.459242111292193,3.0947272010640288,-9.664555971628856,7.368595410094642,-45.94312620514848,-16.68322457542095,44.090249342174445,-0.1985253944716972,0.1641111316619861,1,1
158,0.0981746380088126,0.1339395693361454,2.459242111292193,3.0947272010640288,97.24484695064096,19.315263117166808,-95.6821140362285,48.107746002897215,-3.5627508381945887,0.3585106557899034,0.6728215555324721,0,1
159,0.2986152691920367,0.1375126109558685,2.459242111292193,3.0947272010640288,28.72355605935749,11.583416055079326,-52.3562404244608,-21.68984664417934,25.00416087957417,-0.1559914607122381,0.2591576746455142,1,1
160,0.8590195772219661,0.3312685894921425,2.459242111292193,3.0947272010640288,35.90770047267051,17.01550522967817,-49.32221467314165,-86.20570245377424,41.177326565405394,-0.2560609981865399,0.3746548474368237,1,1
161,0.1242191885530601,0.0194541107513493,2.459242111292193,3.0947272010640288,-46.784392040579135,1.745804405540909,-53.27578321146345,49.731827086583934,49.58001900171354,-0.0283243989673328,0.0205247895358518,1,1
162,0.0605386260971599,0.1024365053975892,2.459242111292193,3.0947272010640288,30.571597139239486,7.815807640230716,-49.57536674677874,5.9002045933491445,15.87723317737644,-0.0745806360686391,0.2134660396903548,1,1
163,-0.026644348488916,0.1738217466985895,2.459242111292193,3.0947272010640288,37.08028173513682,9.00782681389289,-64.27061423850482,29.673659717761552,14.853154508276688,0.0460596354840506,0.2379596394158233,0,-1
164,0.2605845200966009,0.2932080379525782,2.459242111292193,3.0947272010640288,-49.863611952876205,-1.4002145530171362,-59.54401488396371,43.54469873018118,68.56594231428124,-0.2696865405553724,0.2076997831352862,1,1
165,0.0459232493506619,0.1295304522537541,2.459242111292193,3.0947272010640288,46.81105985739123,12.543178400938302,-94.3659935799673,63.8042608732404,22.489621971752925,0.310344149329685,0.3573237244501983,0,1
166,0.0150667196184816,0.1073227532082729,2.459242111292193,3.0947272010640288,-11.912451511208316,7.580207805277212,-79.47452035682582,68.17608066106399,39.30666324772472,0.0646313907527715,0.2007070785256078,0,1
167,0.2840886952981509,0.2585026510334192,2.459242111292193,3.0947272010640288,88.97308391735169,20.000446049596235,-79.25021940661796,-18.44939880409089,7.3694418945035665,0.0514762636430409,0.4800654042068514,0,1
168,0.5693721176843834,0.0937293556948729,2.459242111292193,3.0947272010640288,-41.14098325961555,4.453388581191248,-54.72173319993726,6.759739582156854,67.02730705276016,-0.0963984206770294,0.1384374306005227,1,1
169,0.4213210437759977,0.2179986473403298,2.459242111292193,3.0947272010640288,72.85959734197979,19.80051570988053,-95.60672380436684,11.249496257761225,23.300490805508872,0.2639026812043717,0.50709924496569,0,1
170,0.064812437951607,0.1528701430509157,2.459242111292193,3.0947272010640288,86.23454847754743,11.160348744331074,-80.29130768646735,46.1488833134687,4.268813897422746,0.2998691563546746,0.5580439684923145,0,1
171,0.0436926285785536,0.1243343210070667,2.459242111292193,3.0947272010640288,55.28356434325815,10.313840973613637,-32.132262329898495,-30.40721058395177,-4.092917217693397,-0.1794957131422102,0.2415075318079197,1,1
172,0.4599859627543898,0.2622590123743841,2.459242111292193,3.0947272010640288,86.31471586159773,20.499242054772253,-80.39835552330565,-9.408181250341286,10.306199376760532,0.2536795325811723,0.5445936401877838,0,1
173,0.3809847719650416,0.2356966326631409,2.459242111292193,3.0947272010640288,92.10791202569914,17.43596216566965,-84.90162355367701,-12.402489294506536,17.711299194586076,0.1330268827086664,0.5049254803279561,0,1
174,0.2399057382577765,0.1774539097892867,2.459242111292193,3.0947272010640288,54.73658411331223,11.412627894943284,-5.68528978338054,-65.18468619769837,-14.67734255215302,-0.1828678981390919,0.2578027516583366,1,1
175,0.2673063873921459,0.1898807674972635,2.459242111292193,3.0947272010640288,53.81078174448885,16.759004299593585,-95.49748705171548,19.788118296040054,30.246921771845532,0.1093954055959946,0.4033550824267277,0,1
176,-0.029842077542974,0.1522601936958151,2.459242111292193,3.0947272010640288,60.76284708777749,8.02716800206646,-14.18404118809599,-34.06124824292118,-17.956113831503444,-0.1235446546844916,0.1979874110728156,1,-1
177,0.1299758907254673,0.065467904792255,2.459242111292193,3.0947272010640288,28.2787539007102,4.831536841053335,-20.803234337452796,-21.01497863151222,7.189693204321429,-0.1262995512682382,0.1674816189945696,1,1
178,0.1265676589475169,0.1067186942895198,2.459242111292193,3.0947272010640288,-44.014595658418166,8.857768219908337,-98.90526842161994,81.42829533904484,64.5923852667683,-0.0402757302019858,0.2142823319657198,1,1
179,0.2308765411790387,0.1713796828089404,2.459242111292193,3.0947272010640288,60.14909750621064,11.429214297640698,-71.32815424501612,36.94937925995475,12.182437867038317,0.3249431919781206,0.4744228696391083,0,1
180,0.0164744965630658,0.0758593905883802,2.459242111292193,3.0947272010640288,-2.78166260454988,5.42061735696069,-44.08258973313174,17.39950188956358,23.845045769559636,-0.1354472860010832,0.1075843282259034,1,1
181,0.2501259367619739,0.1651536241620906,2.459242111292193,3.0947272010640288,-62.71457443276005,2.5613725084348857,-28.91328948665208,27.860379360073125,41.47564329644632,-0.2041315880176199,0.1486898107380948,1,1
182,0.2085841582969315,0.062683139831437,2.459242111292193,3.0947272010640288,-7.384086864601969,8.066300667788482,-57.6128294051904,14.346426469844118,37.72991491877565,-0.1113767715816176,0.1623749751307477,1,1
183,0.3490170677791813,0.1158574483807645,2.459242111292193,3.0947272010640288,26.04918785448298,8.951674079170928,-23.794976207159024,-36.24189950818979,11.805922365704816,-0.0697036111462598,0.198932617361859,1,1
184,0.1157026954447185,0.074908239622506,2.459242111292193,3.0947272010640288,-2.795792146157765,8.470513434304337,-67.33282918524338,27.938487842827957,37.47609217571295,-0.095474348085019,0.1767585604385356,1,1
185,0.0095975299267445,0.159471380689044,2.459242111292193,3.0947272010640288,69.36024308242702,12.785860510194963,-72.25369843025811,52.90403899737223,-3.747742696088906,0.2802509214417155,0.558773828790118,0,1
186,0.191325954322021,0.1746555800530272,2.459242111292193,3.0947272010640288,-47.19253522333376,9.542234210070902,-71.46410000070145,42.58756733345405,52.68086653264888,-0.2512730566151747,0.2353722535844655,1,1
187,0.8688666036268597,0.1743489035981827,2.459242111292193,3.0947272010640288,-68.95205697766751,6.923566558852599,-66.75849544052818,9.054430528099672,89.67518307622376,0.002715734807608,0.1247200881475624,0,1
188,0.0548207249205607,0.1235792575565297,2.459242111292193,3.0947272010640288,89.47067140608621,12.95481760975686,-85.93699689213284,76.22389026878508,-4.7324805233436535,0.3815713585484069,0.8257449441892476,0,1
189,0.3498926817771283,0.0923332475733026,2.459242111292193,3.0947272010640288,16.0751726623146,6.751519405693401,-18.851334175390576,-42.51740200892955,17.66849109317225,-0.1774479301793878,0.1575951635202233,1,1
190,0.0252571790885827,0.0938565621067149,2.459242111292193,3.0947272010640288,-29.189746471240213,1.3586059837291629,-53.10429658935168,65.5916216961325,36.71509447559774,0.0344223015390938,0.1628844870779141,0,1
191,-0.0092587142043992,0.1587409555427194,2.459242111292193,3.0947272010640288,-29.166491383431197,6.790970615933787,-66.59373340321983,46.84943116011726,41.30921348953282,-0.1785682408831046,0.1246145147889592,1,-1
192,0.6513275315464195,0.1097882063324135,2.459242111292193,3.0947272010640288,1.3712401994613543,7.659188371108399,-7.4931997170579905,-66.1665753161187,25.660025774216464,-0.1420277668080801,0.1526564119500271,1,1
193,0.4644511470556335,0.1470060858437623,2.459242111292193,3.0947272010640288,-25.4732814578215,10.173798423464303,-48.93989158631796,-6.799151468109827,44.786771312197146,-0.1864685895467479,0.2259117536522812,1,1
194,0.1063859668052402,0.1933411531431562,2.459242111292193,3.0947272010640288,-50.84937033095424,-7.807621120663128,-9.081215230636277,49.0964792704938,32.31230325931759,-0.1754123554644927,0.2617704325674752,1,1
195,0.1224163236273162,0.1602522995597627,2.459242111292193,3.0947272010640288,74.56609337255034,12.24196457536955,-45.12987655117221,-6.57041294528311,-8.509111043548373,0.1814233119314722,0.3197723346381494,0,1
196,0.2520908976923397,0.1681426949405828,2.459242111292193,3.0947272010640288,84.06735457992121,15.471812347294176,-99.16431597031811,66.5519562075716,11.497689900780898,0.4341849986493244,0.7754355953985517,0,1
197,0.1967105823115219,0.0770488427767569,2.459242111292193,3.0947272010640288,-4.111856020718619,6.812224184036083,-52.582047810753785,20.255968002729603,32.79246897015864,-0.0025489459704597,0.1475713089744877,1,1
198,0.3284052732329227,0.1742358199357265,2.459242111292193,3.0947272010640288,31.219370303947954,10.018983814310571,-62.64730346602752,16.909213404239736,26.371566486782783,0.2261046258005022,0.2660720326812559,0,1
199,0.3834574172323834,0.1731917769889335,2.459242111292193,3.0947272010640288,95.932473168853,16.60488650103555,-71.12365923793445,2.7369811439724003,1.5691486329711497,0.4381153316748169,0.4897126968980738,0,1
200,-3.1807622520259056,6.997098364052712,1.053781742958659,1.4533862399266009,47.22068456041981,25.666200891459965,-49.792665112478815,12.869635932746933,-34.6429286617264,13.17902296557725,17.402664985066814,0,-1
201,-3.240672927337432,6.594052244981492,1.053781742958659,1.4533862399266009,57.45320944986943,35.43322164833066,-76.86182321779928,15.72521702874934,-30.45537301300753,12.677525448919097,24.30151896679691,0,-1
202,0.8069212553622123,38.11865060045972,1.053781742958659,1.4533862399266009,44.5127993894167,24.01985926061852,-70.87478928328918,12.258205368745848,-2.243590053406692,9.410849053108434,31.09982196343944,0,1
203,-7.594465620864632,57.98681237851326,1.053781742958659,1.4533862399266009,62.08220533783583,14.073805524981523,-35.57298618968903,63.81784839953497,-89.74514078211055,11.375117697929078,63.84571714900731,0,-1
204,-1.0341510948692592,10.32217035820927,1.053781742958659,1.4533862399266009,8.070830502818765,10.589477445143842,-70.8276579827027,33.869877077995255,21.7394399590884,5.540092232980873,14.648433934640195,0,-1
205,-0.7830646509984991,12.039515567457055,1.053781742958659,1.4533862399266009,71.77389982761784,45.95774017082982,-74.40853659277143,-0.9285386954942112,-37.37816409094166,16.70481389743675,30.35854873585508,0,-1
206,2.663260799134557,12.627642432354,1.053781742958659,1.4533862399266009,-12.434002866453554,2.665473302058245,-20.269331905154047,7.83190187243585,27.28844604541996,0.0156333155150396,5.828989841942839,0,1
207,-0.8085792184131435,5.008532999475728,1.053781742958659,1.4533862399266009,58.85987998750409,32.02431997265293,-52.75506283034554,-9.3334868204888,-28.021096464713978,2.7179561991931696,26.787207472398663,0,-1
208,-4.291884944500735,10.873724429560966,1.053781742958659,1.4533862399266009,55.16155762903165,38.02694085720682,-98.44348917452908,37.88047093793151,-28.28234167640697,22.789408136597945,25.029749863568536,0,-1
209,-5.394286591269761,11.702111863529868,1.053781742958659,1.4533862399266009,33.255538910079736,10.20309488854339,-40.44615638195768,35.132540480923666,-36.27177274098086,8.817536510174424,20.84916728049518,0,-1
210,-0.4197041115290583,9.291199849587192,1.053781742958659,1.4533862399266009,20.154243576122692,22.06886442365152,-89.00911550426824,26.623455543433124,23.00837733118111,4.974651632098766,18.86180803780825,0,-1
211,-2.675973715881403,13.570869624741464,1.053781742958659,1.4533862399266009,36.548805026102485,25.766846104255464,-84.27049105288604,43.15986479156609,-13.178680208618983,16.90366086146274,29.22723597161549,0,-1
212,-3.7224246183117344,20.851041619635936,1.053781742958659,1.4533862399266009,21.40960207176248,22.07998596593326,-63.83175438831069,38.58992499907069,-15.09910768329199,5.177131574952744,23.335869990851,0,-1
213,-2.2606047548807435,4.847541250568667,1.053781742958659,1.4533862399266009,27.38786863336999,22.539962955126043,-67.0384306475219,22.786410242904125,-4.531797340050829,9.16591878327952,14.076486050933614,0,-1
214,-11.1154593305613,37.07712178154476,1.053781742958659,1.4533862399266009,69.95204491287058,15.45245200168759,-32.67966563450619,45.11768382254485,-98.05344413993735,13.515673424964325,32.95469105205632,0,-1
215,2.034165414096049,25.69438124156684,1.053781742958659,1.4533862399266009,13.479767046450846,22.616852816469304,-80.50150733948036,27.130134704431924,26.78359413188818,14.059789603270904,19.184617243007818,0,1
216,0.7077699546315195,5.023200176554608,1.053781742958659,1.4533862399266009,72.74210157665902,48.51809320748359,-54.40656710559731,-28.966800131064677,-37.16547524319667,1.306993494531115,30.89568983459447,0,1
217,-3.0558209957066715,25.895925760889337,1.053781742958659,1.4533862399266009,62.799062956720434,29.918777089244827,-75.73657115073456,7.411654197837024,-25.43119249884577,0.3553368419777047,31.93446053145103,0,-1
218,3.82178271094882,18.617889052593327,1.053781742958659,1.4533862399266009,-18.18933345447273,17.59849780233114,-73.34783462888504,19.0507086716208,60.19175533061272,-0.3765661034957652,8.256404076751718,1,1
219,1.3391501415875242,19.844653697279387,1.053781742958659,1.4533862399266009,-6.910228130920487,1.7199915523181917,-27.453575866462455,24.82757804491594,16.372046623986463,0.3800966401197048,19.04799829466605,0,1
220,4.218129816888387,13.452434072763852,1.053781742958659,1.4533862399266009,-0.6968178152406068,22.96936046712688,-69.47565398463567,6.422423909953267,46.37532798886858,1.9206703757076928,11.792505630978582,0,1
221,0.6629188998294797,32.91206024429894,1.053781742958659,1.4533862399266009,48.32520697399886,16.995119439065974,-32.88140944019369,-7.846016896341595,-19.970197353445656,2.035012472292591,28.56894375426712,0,1
222,-1.5784849389581588,9.786082248755015,1.053781742958659,1.4533862399266009,25.491871211921577,20.05628888418545,-33.57530302950671,8.417722038569167,-19.06364023427865,5.329455719178775,13.334797878098255,0,-1
223,-6.321171801232417,18.7162385065482,1.053781742958659,1.4533862399266009,66.9965374207388,15.088281141596482,-39.73213668130462,34.25079951502178,-70.43378742511308,15.402290787731417,38.314911666167504,0,-1
224,-4.532678964659699,38.58767253538622,1.053781742958659,1.4533862399266009,64.7942437796747,19.356988116101448,-41.65317257696239,37.664365527812606,-68.17332610937561,17.611962647926667,47.19050110802248,0,-1
225,0.0116829450729394,4.581912028992858,1.053781742958659,1.4533862399266009,9.004188767212824,13.50361500803956,-60.869405909468135,18.784107226360945,21.46325164801175,2.241738151597194,11.694155420576068,0,1
226,-2.443186895530859,5.946768588719246,1.053781742958659,1.4533862399266009,41.18087241884422,24.51111886034903,-46.510103545960646,10.290874054448423,-28.082207548532253,11.360616068873243,15.693522485361887,0,-1
227,-8.05352406616134,21.19249693259653,1.053781742958659,1.4533862399266009,10.298521982913186,2.1485267651229663,-78.44303667381001,82.31251760100375,-12.732944385575152,2.4208463480449947,31.63205559606778,0,-1
228,1.4662504800833354,27.62385129097871,1.053781742958659,1.4533862399266009,63.78371753703897,40.76359114506701,-11.073693020633511,-40.29708466815121,-51.24571512360101,3.0917584432596943,23.464687320261103,0,1
229,-2.360722302264758,20.39703122699657,1.053781742958659,1.4533862399266009,18.64236269786319,20.37443575880984,-51.13200228124782,30.099456615956257,-13.612508806329645,4.097179253755774,22.913425912808776,0,-1
230,-0.7936419037693216,5.33588968359666,1.053781742958659,1.4533862399266009,30.94828384012561,14.381999596604174,-12.850872829744134,-1.6442739325567717,-28.08125663154722,9.85596441887398,10.741627708408965,0,-1
231,-5.693669379190272,16.298958674705318,1.053781742958659,1.4533862399266009,48.63358686461447,15.207853892911103,-64.01596876157674,44.07625586890825,-39.14144402258029,13.586299703500698,31.479821404173627,0,-1
232,0.81013446526857,14.775763478200846,1.053781742958659,1.4533862399266009,37.97383892347119,28.62517505135256,-63.00558535267594,8.700018562336979,-5.699744817040141,14.581334661723472,20.42827994148416,0,1
233,1.6143040172866865,27.711718299896685,1.053781742958659,1.4533862399266009,65.056177889998,49.15094759199821,-88.58739359748144,-1.3366988314980546,-16.235734875130035,17.480297447353735,32.13480191347173,0,1
234,-4.508661516216758,25.809199242355614,1.053781742958659,1.4533862399266009,75.21816092374527,27.568767720087223,-32.85406118233196,17.501270607227525,-79.581326394902,21.00470811678674,36.38991998782251,0,-1
235,-3.247670504479641,10.30372518431416,1.053781742958659,1.4533862399266009,45.90406132128041,30.645071762537786,-62.52826565806494,11.613573965291993,-26.641205661212226,6.97896316082969,18.78133036688652,0,-1
236,0.870655270679757,6.322163854443837,1.053781742958659,1.4533862399266009,29.72202212590102,15.3937419914014,-18.857277686745675,-9.175778398340412,-14.120556606616375,4.255992907212697,14.111134442855455,0,1
237,1.35492388723367,14.625043811137092,1.053781742958659,1.4533862399266009,-33.76315685737427,-2.988556322132979,-45.914040554349015,27.540625298952023,56.46613401800434,-4.485656932313207,-1.8823557518618617,1,1
238,-5.986595539286771,31.060623915467065,1.053781742958659,1.4533862399266009,68.60533261970204,36.91356991120057,-52.57125873388671,13.826380344998029,-67.54422779790907,14.448684413398936,23.774553175620905,0,-1
239,-0.5190010230591646,23.22507020924885,1.053781742958659,1.4533862399266009,90.45198206799164,55.99218634581496,-56.38050204088447,-23.68337724172713,-62.80383447308318,13.61150848038193,34.43170533978006,0,-1
240,4.240313152839445,38.084016325190056,1.053781742958659,1.4533862399266009,1.2658222727480537,28.07266314057071,-88.0137046231096,22.83095093111828,46.44008808218726,10.422747777119676,18.41520726724192,0,1
241,-4.847133873695467,11.60132305935193,1.053781742958659,1.4533862399266009,33.86506451091904,11.4247662474652,-38.095022344200814,37.26269816133615,-39.68015867036483,8.591345162504325,27.456544819383808,0,-1
242,-3.690806095534509,28.9706454341158,1.053781742958659,1.4533862399266009,53.76907161272632,18.095748212501466,-65.37673403988842,25.900149247571008,-28.839084543194986,8.63215131806864,31.841447826858296,0,-1
243,0.1812987207814362,1.0049195550306829,1.053781742958659,1.4533862399266009,-13.20837200488991,14.321946190075693,-84.57936812122234,34.71394342048356,49.977229118229445,0.301651557007045,6.337588106439426,0,1
244,-8.560597728694745,22.488666923688957,1.053781742958659,1.4533862399266009,20.089232846936284,7.321160626331746,-73.17018901240446,82.60107209732567,-31.270081427133107,2.9328585258544457,40.05593290776916,0,-1
245,-3.1667914645401813,13.33969396069894,1.053781742958659,1.4533862399266009,0.8023322532526294,-0.5317409368881982,-54.46428113714656,60.69258540146359,2.368573270275448,0.978208129138986,32.21172439160772,0,-1
246,-3.7152522722039527,8.456089098222597,1.053781742958659,1.4533862399266009,31.015887724068165,8.372314482812698,-16.58119063475955,19.636684672541733,-39.67248331453575,6.968281130171132,18.96012049651905,0,-1
247,-0.7932545756190095,3.784930150590865,1.053781742958659,1.4533862399266009,29.27092586617445,28.51521530043044,-81.7149969679863,23.87450958513409,4.280508916218579,13.23576644936129,17.404633488597984,0,-1
248,2.880171586574927,32.3474607709313,1.053781742958659,1.4533862399266009,-6.285260453385533,19.338302243925057,-91.98193104880464,22.308281737976102,60.50855648933461,-0.6554047060102599,12.473634631689094,1,1
249,-0.2676407584743234,19.57509576921309,1.053781742958659,1.4533862399266009,29.064669670301555,30.25581576944037,-78.4775432570529,8.721018139446329,10.380699448547604,-0.240670869255247,18.875703091216685,1,-1
250,-3.183533738266036,19.787228702120714,1.053781742958659,1.4533862399266009,96.61493621187483,66.14886113812543,-96.4410140814225,-10.968629038304286,-57.20044219852485,5.827026474044935,39.45219742930727,0,-1
251,3.329782155618473,56.83578303616438,1.053781742958659,1.4533862399266009,-79.03599295495695,-27.44286364782252,-4.083661378922969,29.17297720585853,83.57885689356115,-23.03182943593726,-4.888410774776473,1,1
252,-1.4635968562492216,8.272085458849364,1.053781742958659,1.4533862399266009,54.087032023669366,39.416988380656136,-69.03616596938092,-4.77179977520295,-21.31935184241462,0.1760373526557437,24.609923946703194,0,-1
253,-0.7028048683101584,7.707388685585842,1.053781742958659,1.4533862399266009,21.44714631764309,31.06649137017982,-81.33434671571779,23.4031339326569,8.501696265553974,7.006158123344773,17.998508999176433,0,-1
254,-4.076538560519039,11.74068719981211,1.053781742958659,1.4533862399266009,38.20185372379669,13.47287825751917,-51.49300862678673,29.77046837666714,-27.20990240953202,10.275913011663697,22.08698544598729,0,-1
255,-4.357109449957864,28.444370387678354,1.053781742958659,1.4533862399266009,59.72879184113705,22.444801064851006,-2.966742137421462,2.501578051445435,-78.73251091794606,11.871051007302796,24.749361625520173,0,-1
256,-3.966197297636823,8.528658969534925,1.053781742958659,1.4533862399266009,85.5426546296384,32.68019365029605,-27.56795873732581,-15.327122448837954,-76.36017602338316,7.635924365230135,29.659972534599472,0,-1
257,4.633020869600431,66.63135339362573,1.053781742958659,1.4533862399266009,-38.50267595657921,5.880290745491664,-14.541395085854376,-17.760414141196307,60.73413243668256,-27.648986110825515,-2.595639504028636,1,1
258,-9.504409586850429,27.044753430452825,1.053781742958659,1.4533862399266009,54.136280181064,3.311180210658165,-56.882549299839866,73.29731651979276,-66.06876031328548,10.386545013350268,49.78861611834752,0,-1
259,-0.670670119511613,12.171814289172342,1.053781742958659,1.4533862399266009,-25.043450909768865,0.4301327948037254,-83.4895342585161,57.80862640585502,55.31982080007228,0.0880895140793445,12.9609540064508,0,-1
260,1.4098213364720735,24.38218012100598,1.053781742958659,1.4533862399266009,-38.524461664418965,1.0365441332769905,-76.53662380645318,36.71048397125858,77.54803812270771,-6.480158958800216,-1.4045749687462772,1,1
261,-2.596753972194717,25.751444746551904,1.053781742958659,1.4533862399266009,9.824371627108276,6.903748755647385,-90.73321467722272,64.15323276815346,18.75221358215356,7.850334372990979,31.12818236731509,0,-1
262,-6.828967626070572,20.859019682861422,1.053781742958659,1.4533862399266009,13.207991701963962,7.207127812518891,-98.36809340147556,80.2591963966365,1.7473545545587257,7.158136148875364,28.94689324626089,0,-1
263,-8.05160146900295,16.59236976776,1.053781742958659,1.4533862399266009,40.134247665630994,17.696193822922538,-97.5512215317147,76.94850556244137,-31.37404361499911,13.955350932452816,38.32086878111616,0,-1
264,-11.761196260815684,25.90010851759882,1.053781742958659,1.4533862399266009,88.00805830755408,26.1518743809783,-95.47773653475068,86.55889563622404,-94.73878082010584,23.55329583131857,63.38144970651265,0,-1
265,-0.0832451115162422,2.237349369478633,1.053781742958659,1.4533862399266009,38.15612692620593,20.518365222812847,-20.40029012160187,-11.312196673392478,-25.46204989008534,4.725957913179117,14.849115792506227,0,-1
266,-5.380451420992304,19.98690854251987,1.053781742958659,1.4533862399266009,79.7050205568327,20.81112063508964,-29.12870499552064,4.527262724315051,-74.99328515284272,9.710125082011752,32.70257688034254,0,-1
267,0.6748705099983239,8.630410709398262,1.053781742958659,1.4533862399266009,-11.960245326745977,18.53483839481602,-96.71217571626477,50.01356878511916,47.84618999030704,4.08569854316873,19.742280820664945,0,1
268,-4.853077779598152,21.083254425763734,1.053781742958659,1.4533862399266009,68.94199053630618,30.001564529408085,-91.13520265135364,38.29268258578452,-40.1479273413287,19.24484983460749,37.32591536289286,0,-1
269,-0.806153224382804,7.962038899530821,1.053781742958659,1.4533862399266009,-0.0806311530870971,17.732056782885593,-95.369953514862,54.07277210480086,31.57461331199036,7.813596920066222,23.032689932890715,0,-1
270,-9.816057798560829,20.758819566773752,1.053781742958659,1.4533862399266009,38.20004434607938,-0.0840690355416171,-48.31264335131845,74.82702757091221,-59.15324942482461,5.385033118445225,43.16261198677755,0,-1
271,-4.232824953240617,11.55288992803439,1.053781742958659,1.4533862399266009,17.953601948322344,14.736262418275686,-73.99904579381484,57.06947277254483,-9.220501638370337,7.448700902032485,29.985006034647935,0,-1
272,-1.7804755736229854,40.31887939354982,1.053781742958659,1.4533862399266009,-21.650000307370235,4.393920100976615,-63.756474752831416,39.68485696077377,39.93542733574546,-4.540403115358676,2.87043901507482,1,-1
273,2.0334678469422247,11.745347225714566,1.053781742958659,1.4533862399266009,68.88415192818263,39.49719869313176,-19.369099251722417,-43.0324760873116,-44.08183748205641,0.8971270042270287,27.03383944182734,0,1
274,-0.4186364073495783,7.012193629601648,1.053781742958659,1.4533862399266009,1.493016569208777,12.050489646873828,-73.99107365994364,29.6298445604688,32.53044266509875,2.353692375639363,10.507433631996316,0,-1
275,3.0123590562952183,16.226056689016666,1.053781742958659,1.4533862399266009,11.57154877948065,22.64325379802065,-77.12795100112173,10.155271428658992,37.93149204898839,2.4547271210931187,17.19514755935305,0,1
276,-4.842716291406761,17.47521267203291,1.053781742958659,1.4533862399266009,3.1622746444481606,6.073911548688344,-97.9824570053866,90.599671439212,9.687299301665192,4.244793501029523,43.70655316981939,0,-1
277,-5.42019671264215,29.93000972466149,1.053781742958659,1.4533862399266009,23.06970302501003,24.58572175505833,-90.8232472038863,44.03008695470811,-3.3311112700272787,6.270031063987927,14.254064737916917,0,-1
278,-2.784654809414696,8.780178245472158,1.053781742958659,1.4533862399266009,17.10134096718518,18.54289185991324,-66.48415120110474,28.300224708052696,2.294403236741104,6.335088354242675,10.629636853334109,0,-1
279,-2.233497117971437,5.142871744993541,1.053781742958659,1.4533862399266009,3.968404687390546,19.445744960116727,-96.23178660349754,53.0048002380515,24.39341443992167,7.608332846999118,18.848224805240555,0,-1
280,-3.0593750868950327,13.027892484680958,1.053781742958659,1.4533862399266009,32.451577849315754,14.953869860471684,-65.91158828254092,39.63599394907712,-14.73584435153623,12.287628352985552,26.907320199413547,0,-1
281,-3.813180853226448,10.557887702173796,1.053781742958659,1.4533862399266009,28.266913048890476,11.61369645684178,-37.41487573365475,20.26340386234014,-23.242959831049376,7.408578895347315,11.54003197913786,0,-1
282,-7.881751124778209,25.78533279365864,1.053781742958659,1.4533862399266009,44.62181744474469,0.7544530512091541,-48.85648956856195,68.53774793631737,-55.89037159900301,8.24421277688495,48.4514783867715,0,-1
283,-1.3231648552840092,2.855442325251687,1.053781742958659,1.4533862399266009,57.987858810055,22.8886482990889,-0.8758077903095085,-26.712874941133947,-54.45734662745125,1.420853255812963,18.65318624682236,0,-1
284,-6.830430357334626,24.94243335551331,1.053781742958659,1.4533862399266009,74.86077483709045,23.51928091263377,-5.732966348603384,3.747912202515295,-96.76426747697435,16.573473092332417,21.43238670106093,0,-1
285,-2.051973138075424,6.510854009454854,1.053781742958659,1.4533862399266009,21.38081684855825,4.890921635790875,-1.9805937393723096,9.317918430206843,-30.801986379755533,3.9447943674999824,14.380991851232736,0,-1
286,-3.88282482420931,13.26138716517467,1.053781742958659,1.4533862399266009,99.34254601075072,32.39106273182426,-17.61721232558415,-16.653600158371162,-94.7296061789062,14.750206073852054,35.64163130495641,0,-1
287,-5.585556337327794,47.68736993464347,1.053781742958659,1.4533862399266009,24.92589993077937,-0.989115326399954,-76.44536548486292,68.29803722456609,-8.775800460651212,5.154447238061231,37.86002168689661,0,-1
288,2.223602988219737,10.669130862313445,1.053781742958659,1.4533862399266009,-3.049159816028805,5.148097326232332,-32.84732380719156,8.181594082167095,26.83341174690503,1.3545178141171157,7.664217551154823,0,1
289,-7.33793038765461,31.01960444143972,1.053781742958659,1.4533862399266009,31.91197625464605,7.392879702615104,-18.75116074015797,34.35292264695269,-55.762008546911936,2.8236077410558043,20.82734332207255,0,-1
290,-4.938975244374944,14.337508166347323,1.053781742958659,1.4533862399266009,46.21944276948997,20.407175557868683,-77.38754830276281,50.44929063843091,-32.23105633256043,16.38647450248342,34.75061689779453,0,-1
291,-5.094012877132515,18.398471326448817,1.053781742958659,1.4533862399266009,64.60118553979476,34.75197669515501,-59.03000908350449,19.4221457199466,-57.81457021787357,18.98300575118908,23.618688942880087,0,-1
292,5.8576533458429445,43.74627733475681,1.053781742958659,1.4533862399266009,48.43350788064669,37.27975595843668,-35.96103391114612,-39.51784634611404,-3.50130369524193,1.3884769355743565,26.46570853738193,0,1
293,-2.087859787159675,6.541913460108343,1.053781742958659,1.4533862399266009,-5.9002037846426845,6.699583891002405,-79.11532096433336,52.38039518607943,29.97660318135237,4.305772591024361,15.110554015615069,0,-1
294,2.244837832030944,5.413824072089446,1.053781742958659,1.4533862399266009,-31.486172529105644,8.426775053325429,-91.21290353363509,44.61607719012986,75.27760699372493,1.600787677877856,6.636421450222281,0,1
295,1.6894582070262807,12.49909153086108,1.053781742958659,1.4533862399266009,17.47085292166433,33.702058331621885,-90.748097445278,20.45588170507,25.34605356132748,9.484314630221132,18.83333397465339,0,1
296,-0.6488451990974848,13.126010466422333,1.053781742958659,1.4533862399266009,38.76144307921089,44.578933147543296,-94.07778691537555,13.69702333716272,-0.9349893869061106,5.562773695676503,24.26507952425013,0,-1
297,-0.3862054941808965,45.82546248896105,1.053781742958659,1.4533862399266009,39.885477788475015,15.563134573394535,-61.4741348070699,27.219896273123556,-10.805647822804048,12.306570267769784,34.37654713292671,0,-1
298,-7.29110010781589,35.41883348715521,1.053781742958659,1.4533862399266009,49.60074243883693,26.044910973589992,-62.1032593320488,32.52406177896259,-48.68343769612997,12.256720590861278,17.618243199357636,0,-1
299,-4.706586151653794,13.441910586685676,1.053781742958659,1.4533862399266009,20.765967873342703,13.082917021117709,-78.87909558767419,50.25784427424881,-3.101832916015667,9.770463133420591,18.73546482475937,0,-1
300,0.2404160922046264,0.072865307152235,1.1211449964209517,4.787338469101568,-32.63891047763812,24.191934163431725,-57.29538972177368,16.985975748194164,39.73802379019901,-0.0845184432689714,0.1399347081701785,1,1
301,0.215408173283566,0.0369254899717879,1.1211449964209517,4.787338469101568,-29.829024316588672,2.7005561436840253,-33.74917513118648,26.66945777492427,36.48401882137176,0.0185124344975068,0.0387140498980894,0,1
302,0.0443832206190131,0.0270300123528909,1.1211449964209517,4.787338469101568,-6.116903335438479,11.34297268514706,-23.744852246259043,22.28213159332151,8.081160694140266,-0.0431056100096763,0.0712603023062917,1,1
303,0.5278726791237363,0.0674206014425198,1.1211449964209517,4.787338469101568,-79.382499133303,18.15962932908293,-80.0681181739279,49.19810155201285,86.21451820668685,-0.0996553187124553,0.1205213833835812,1,1
304,0.3472621559476354,0.0414690893282718,1.1211449964209517,4.787338469101568,-56.4778384883359,12.65054339543721,-72.98542633835268,12.518496097762409,70.0073893203745,-0.0046490653746472,0.06399894839324,1,1
305,0.0780894173748011,0.0716405437075148,1.1211449964209517,4.787338469101568,-4.248622069515889,19.73853795535105,-37.29558322176604,-30.4200430212489,16.39440272980339,-0.0439824333367207,0.1501464440976579,1,1
306,0.2864839972820328,0.114343903073006,1.1211449964209517,4.787338469101568,-45.14832041152197,16.262022770885707,-38.70369641861725,-11.889390742403606,45.8078493988707,-0.1315401693823386,0.0820796658949506,1,1
307,0.3059122367119326,0.0300636423235923,1.1211449964209517,4.787338469101568,-28.91669694098533,3.6839583369677342,-1.84415541790284,-79.90716460222222,35.695652178535084,0.0106954827303216,0.0281401558675085,0,1
308,-0.0016335711548106,0.0266965093870607,1.1211449964209517,4.787338469101568,-14.75833607254748,5.0606580690487135,-37.19147523927027,19.28160076399141,19.586889138873403,-0.041776049308806,0.0306344070678864,1,-1
309,0.0989187450533916,0.0539062722626422,1.1211449964209517,4.787338469101568,-8.240234032701622,12.862333155382274,-35.02922682593072,39.87719122864317,14.75123816474708,0.0017363324109582,0.0963418054412566,0,1
310,0.181865056918058,0.0730424030489436,1.1211449964209517,4.787338469101568,-26.89881039078152,22.74665492574701,-51.22214700612594,39.04438262897151,29.76683198724476,-0.110536155621038,0.1387804467754965,1,1
311,0.2519937497941121,0.0644062948658878,1.1211449964209517,4.787338469101568,-38.0486618180075,9.12303131666205,-25.354648659017982,-56.10494404375829,42.7948854400575,-0.0529608804453985,0.0220799526853975,1,1
312,0.1211962177050054,0.0530868239398103,1.1211449964209517,4.787338469101568,-23.562554400232514,-1.3109221175950552,-45.10257443069121,74.02053436482834,31.66103572963453,-0.0013806575790094,0.0804838632404262,1,1
313,0.3323752893404723,0.0716199002800951,1.1211449964209517,4.787338469101568,-44.020927182612525,28.734807110701013,-45.92258017768968,-89.88917751851761,52.36879686479054,-0.1395208910938041,0.1330434007952212,1,1
314,0.1883169917813848,0.0301231736852379,1.1211449964209517,4.787338469101568,-33.93199707757468,18.92445453386561,-55.313560413933885,16.852827386825965,39.44218957167234,-0.0848710600050179,0.0936598977762907,1,1
315,0.337065381463913,0.0294882268420849,1.1211449964209517,4.787338469101568,-50.76948240103369,21.885909908350072,-53.657402195332736,-73.16800552150463,61.29954463853693,-0.0950848450697288,0.0913914524830789,1,1
316,0.1408434024733104,0.0638027231904802,1.1211449964209517,4.787338469101568,-20.86910645996068,20.92359064118609,-58.15392922875651,-17.637163190999843,35.05937789721543,-0.0523914488703405,0.1448233948632376,1,1
317,0.4063817790094457,0.0554622586917682,1.1211449964209517,4.787338469101568,-71.08162040366568,22.84947970983424,-79.48311427331106,-63.31735251354598,84.72686575732934,-0.1044426909562363,0.0815517536508862,1,1
318,0.0108079148475772,0.036128178225845,1.1211449964209517,4.787338469101568,-17.634979619592244,2.6278773272286173,-37.05604598150391,32.28577771243468,21.429012680603805,-0.0301473494346071,0.0127339659296695,1,1
319,0.4090789368156235,0.0283751868843443,1.1211449964209517,4.787338469101568,-68.38796920506411,24.89929041336525,-79.9028933893047,-94.91063553958632,85.99202039534032,-0.1086933019736174,0.1118997760000265,1,1
320,0.0792849232731752,0.0223867892477193,1.1211449964209517,4.787338469101568,-21.480330629427986,12.773947096437894,-50.29836023600666,69.591316824514,23.857205179246435,-0.0609015945496162,0.0751962361382886,1,1
321,0.1377875100979107,0.0284607034391405,1.1211449964209517,4.787338469101568,-35.65747479947623,12.549954402423792,-77.20579686883804,80.8638416715662,45.08630974122653,-0.0156715994716602,0.0665752202657327,1,1
322,0.2835022746573961,0.0417306493069991,1.1211449964209517,4.787338469101568,-44.45340773491933,6.977176284612213,-54.73113164057637,7.910855982522065,56.14179700010661,0.0033869276258508,0.056267246341255,0,1
323,0.2153523359030842,0.0124267325532425,1.1211449964209517,4.787338469101568,-44.9454988419625,13.753697455322865,-65.71477457885236,-15.777482514902957,56.768908480382606,-0.0591970356749409,0.0664336689584224,1,1
324,0.1164613059109026,0.0990007489614918,1.1211449964209517,4.787338469101568,-25.79741557023512,-8.765213297533919,-14.05681045598493,99.4312045425178,18.825988633490056,-0.1233163951620397,0.0779637816539256,1,1
325,0.2084830509339948,0.0484892899115172,1.1211449964209517,4.787338469101568,-11.480920929531038,16.075474341143163,-6.03802692667405,-87.04074999039125,19.024057135260364,-0.0357614371081042,0.101550330308949,1,1
326,0.5019656396496491,0.0614591710138829,1.1211449964209517,4.787338469101568,-81.21972136672417,5.885789758381321,-78.98217438413225,80.11923690959821,88.6400177902693,-0.0558936744323583,0.08075812869455,1,1
327,-0.0072947551952285,0.0785678845783152,1.1211449964209517,4.787338469101568,-2.334442702327479,13.991468186978125,-57.804321786121015,88.58633214538233,12.047657340761546,0.0082344356052675,0.1198302182723587,0,-1
328,0.0170506203039835,0.0422247967199963,1.1211449964209517,4.787338469101568,-9.402469059421392,-11.559130787321225,-9.225804666445969,28.012529628794937,12.868295619909716,-0.0730382805377207,0.0892021097724304,1,1
329,0.1109471820301778,0.0229933072519584,1.1211449964209517,4.787338469101568,-27.66059257523293,1.7383245590791605,-39.08784441718939,-15.941444676500623,37.41448711135448,-0.0590949129510518,0.0693290981428006,1,1
330,0.1304576126162923,0.0333439598616853,1.1211449964209517,4.787338469101568,-36.67758083916417,10.16161629949211,-74.96279774900083,36.03711341288746,49.879129852835234,-0.0412331499973345,0.0863737581412962,1,1
331,0.6831972533949668,0.1008533118134645,1.1211449964209517,4.787338469101568,-87.75970671024888,20.7936602432423,-55.61098266995681,-30.104614011823045,92.82933741528768,-0.1440659959726607,0.1418682890325398,1,1
332,0.0793641667878572,0.0141752621000346,1.1211449964209517,4.787338469101568,-33.07020544525065,7.390454503211714,-66.25472366906953,29.412367891781685,43.568226181340776,-0.0552745279134937,0.0618571271828298,1,1
333,0.2702896883325383,0.0973429798092721,1.1211449964209517,4.787338469101568,-42.03410676102026,-16.470276071329522,-9.72537155356109,47.16678273548462,41.36965862798766,-0.1183478607110186,0.1019144755684756,1,1
334,0.0813173790314459,0.0748614552697267,1.1211449964209517,4.787338469101568,-20.868660779341155,25.50181550635348,-76.75490598360263,15.945849409129425,35.021445405698216,-0.0778164676454771,0.1610793332965249,1,1
335,0.3223938330646709,0.0453150385689043,1.1211449964209517,4.787338469101568,-56.794980440924434,22.91392490662527,-85.96448425471553,39.80519675865969,66.77806511173802,-0.079689966531263,0.1123850296593583,1,1
336,0.1607166065680592,0.0680840709201803,1.1211449964209517,4.787338469101568,-34.46486398372559,28.506405731482037,-82.73388234820797,-0.7137751650358837,48.05324158513682,-0.1041645108673984,0.1537049773114845,1,1
337,0.2528283636243883,0.0498182557803511,1.1211449964209517,4.787338469101568,-20.004840626649862,10.365712735878349,-15.813757508602407,-51.78812639836734,29.3230277291504,0.0118179820827193,0.078590373923406,0,1
338,0.5304023049433655,0.0618773342380029,1.1211449964209517,4.787338469101568,-75.27395828822418,17.665663549486112,-74.39961912140849,11.339989837541792,85.92717391261021,-0.0494812384495888,0.0971951660885544,1,1
339,0.5156289046278213,0.035970857577993,1.1211449964209517,4.787338469101568,-66.08854274796929,3.235420032341338,-25.46066276091767,-81.95167656123013,74.75454915909205,-0.0172944083982374,0.0183747892524572,1,1
340,0.1921712139821748,0.0220227615374034,1.1211449964209517,4.787338469101568,-22.876929321388232,-1.6435157787636283,-4.680458744871544,-60.127386182132334,29.312973575554764,-0.0346093078451563,0.0504800025515892,1,1
341,0.2378434178539288,0.0561733231811938,1.1211449964209517,4.787338469101568,-30.82313310548905,2.538113856235526,-39.25400560663488,78.09490696050963,35.658067719141826,0.001972482266177,0.0812410536599796,0,1
342,0.2080842213314446,0.0543394102875469,1.1211449964209517,4.787338469101568,-50.90301039340843,28.351222046739508,-94.07421810211726,-73.26481078301993,70.56967798985218,-0.1525946038830501,0.1589917996505894,1,1
343,0.2811871120496979,0.066396054398486,1.1211449964209517,4.787338469101568,-38.84894124183524,5.0981511602016525,-27.715439953258183,80.28047709341922,34.22995930491871,-0.1306885295499836,0.1220017093797525,1,1
344,0.0136765944725042,0.0358468285705302,1.1211449964209517,4.787338469101568,4.554365824886403,9.958088054291082,-11.305405014763352,9.3532802806767,-2.116943614322821,-0.0190966726832579,0.073247988295741,1,1
345,0.1230508224281134,0.0972913853152081,1.1211449964209517,4.787338469101568,12.67393177727105,14.091231161912605,-7.689957141575746,11.042391776907024,-3.977123621078121,0.0564683997901582,0.1451626170245087,0,1
346,0.0741690385256563,0.0610036665360067,1.1211449964209517,4.787338469101568,-8.444751975444703,10.239844420895764,-43.38008938736929,26.183100639856136,20.37376441467822,0.0013472901968005,0.1201935148209044,0,1
347,0.2144021595156403,0.0618267820015346,1.1211449964209517,4.787338469101568,-46.533453819477,22.238299769799298,-80.48243837959015,-93.2513049056426,67.77853154884909,-0.1364483229944919,0.1654800045161482,1,1
348,0.0279194228884038,0.0417981278513255,1.1211449964209517,4.787338469101568,-19.81917371038658,23.1048625876368,-63.256413050767165,-4.704847717619316,28.58882708966024,-0.1163612738073752,0.1164099402519309,1,1
349,0.2217787792744274,0.0171406603812806,1.1211449964209517,4.787338469101568,-35.66341229273053,15.247924259316887,-44.71678060735127,-4.572645540912546,40.99866574734574,-0.067834035236489,0.0708433948504649,1,1
350,0.5370565475675643,0.060094127761818,1.1211449964209517,4.787338469101568,-68.04417310489212,-1.4319580671060947,-22.4012676655786,-67.56376133932658,76.33378208875536,-0.0384647129038153,0.048559043667424,1,1
351,0.1816793310027109,0.0358285278764648,1.1211449964209517,4.787338469101568,-25.64864292359441,15.034684834931513,-43.0059261837866,12.24457803734262,32.13452284955591,-0.0383560790977848,0.0851477649252007,1,1
352,0.3087996962279409,0.0926010404224632,1.1211449964209517,4.787338469101568,-44.61138960850455,1.5132844700350887,-61.12885106532517,60.691585415261045,58.27834917370359,0.0151298071955088,0.1091051149142933,0,1
353,0.1048248252966427,0.0655107885632225,1.1211449964209517,4.787338469101568,-20.81667878961069,20.538418646200853,-53.714913351753935,-83.92802364048897,37.88614229803272,-0.109916739590631,0.1643308421695612,1,1
354,0.1675302873585774,0.0608868688528867,1.1211449964209517,4.787338469101568,-31.907143516548917,18.856567749608917,-61.87933050410601,94.34803939645133,32.845036732379185,-0.1113842853211225,0.1304631112896304,1,1
355,0.1140601442036899,0.037014654504419,1.1211449964209517,4.787338469101568,-15.171032759161236,13.5657787232373,-36.80748070260776,3.427887147930832,22.710203061060867,-0.0248019135470654,0.0851197426449167,1,1
356,0.5611519216847022,0.0690321697139056,1.1211449964209517,4.787338469101568,-93.00180666769351,15.462610890527143,-93.3348568884984,67.94889101809139,99.8482158653284,-0.1100897863269911,0.101474785928589,1,1
357,0.033085351798591,0.0319524800450072,1.1211449964209517,4.787338469101568,-5.065523797727536,14.901353680269708,-22.537799920773168,5.386327175938277,6.220633077580715,-0.0765040349082106,0.0851758641863373,1,1
358,0.2094572782968106,0.067987246242026,1.1211449964209517,4.787338469101568,-42.65739945716462,-1.0324632335987758,-38.48580585832234,18.996107181441477,46.798538607801646,-0.0351324932768866,0.0065730692996848,1,1
359,0.263192151677818,0.0256870700656477,1.1211449964209517,4.787338469101568,-42.5931222506208,1.1991198180934646,-32.560394218908414,3.740284504934394,47.087820689268256,-0.0227990497228275,0.0155462208319883,1,1
360,0.3009856492622483,0.0516648235310785,1.1211449964209517,4.787338469101568,-35.950169358075755,-1.337240039624362,-16.006474466144553,58.99543909320471,34.00681111264308,-0.0830849997927318,0.1062032252559285,1,1
361,0.4067187289368053,0.0558513815939104,1.1211449964209517,4.787338469101568,-56.70513425807631,11.033785930774684,-61.42538762363971,26.709548417751463,67.11084287907377,0.0055926664277821,0.0665645689911233,0,1
362,0.3887402480352057,0.0282211640410251,1.1211449964209517,4.787338469101568,-59.38844356625312,14.928482689238251,-62.60705399221712,-39.02149738754972,72.4176899649147,-0.0335402538506914,0.0633573298689643,1,1
363,0.154949212790798,0.0597291708291277,1.1211449964209517,4.787338469101568,-19.465547487395757,-1.5239868982559983,-32.849641793812765,98.2643481149422,23.42008747408461,0.0047276878837995,0.0905549813643118,0,1
364,0.3230661897069614,0.0206217612271817,1.1211449964209517,4.787338469101568,-63.921647799061866,12.445728121889417,-87.56440239602055,53.55001185807237,74.95436520666502,-0.0231974403357809,0.0432409676470135,1,1
365,0.444917203627976,0.066026062295302,1.1211449964209517,4.787338469101568,-52.47530288675017,21.67989687002658,-50.17145569109079,-45.52272050366615,63.39267627542009,-0.0507012777400708,0.1177167149085956,1,1
366,0.4090855785473688,0.0221263156232231,1.1211449964209517,4.787338469101568,-67.10938132812265,16.30406205798272,-72.97219021169552,-38.15430681295149,81.01264891004473,-0.0477733010408991,0.0625814383848017,1,1
367,0.3057522304949759,0.0231077421279333,1.1211449964209517,4.787338469101568,-41.70081026970769,7.080715054733105,-32.83599637076783,-47.65306672157477,51.09985841738032,-0.0088191365702656,0.0356095261190241,1,1
368,0.4282399129917921,0.0307940731389913,1.1211449964209517,4.787338469101568,-64.7924206327898,23.49202545623628,-65.99631138882208,-66.31708640908849,76.60070918516405,-0.0963990209065126,0.0946940382845578,1,1
369,0.3669452120478205,0.0519531220874578,1.1211449964209517,4.787338469101568,-55.87840262394852,27.13266031476455,-70.19854221098282,-34.50370195482691,66.34098325553299,-0.1115031478322245,0.1262546753483741,1,1
370,0.2475231080838439,0.0249872612961662,1.1211449964209517,4.787338469101568,-29.242006592195423,5.781740022813736,-16.064592400589788,-87.30491327051233,39.22716434235804,-0.0335772827824727,0.0629706949655068,1,1
371,0.0983294589169802,0.1009623576890244,1.1211449964209517,4.787338469101568,-1.7726442542589638,24.8855900710857,-39.25966449681248,-59.62936507178238,17.510901494132128,-0.0581214932600285,0.1970633941059167,1,1
372,0.1890487960580407,0.0061630686281867,1.1211449964209517,4.787338469101568,-39.8599183671301,9.266805787547,-55.05946140384065,18.700719214772636,46.969841766173175,-0.0318449694512083,0.0300561218509169,1,1
373,0.0984377807437603,0.0845960487684712,1.1211449964209517,4.787338469101568,-39.2763951237894,28.41038078323584,-91.29737655568238,-99.89970965735404,61.04582427849644,-0.1922649282700041,0.1923516603241978,1,1
374,0.0337838638215857,0.0248520241314771,1.1211449964209517,4.787338469101568,-4.087489372506866,-2.8645201670652938,-9.9993851143349,86.40033688982746,1.2174767646991145,-0.0392777444727266,0.0719424629495964,1,1
375,0.1245595139691808,0.0209343262193806,1.1211449964209517,4.787338469101568,-33.52850979948931,14.65650411805848,-68.77716577911872,21.294162916599404,44.26484056500516,-0.0537893770869219,0.078680637125658,1,1
376,0.3102997516870459,0.0323846404078401,1.1211449964209517,4.787338469101568,-58.42391031137257,25.195318775196185,-80.92490043560376,-90.59600866190868,76.3441194011476,-0.1259592316601608,0.1265449892817285,1,1
377,0.2172709328604384,0.0342389170979155,1.1211449964209517,4.787338469101568,-53.2404462592021,15.34906103817093,-95.06177102824972,25.57488059754125,69.60743878702607,-0.059005555125236,0.0974186076490896,1,1
378,0.0008973781441892,0.0580748082965432,1.1211449964209517,4.787338469101568,6.210413001244191,4.424965652852109,-12.568391839737686,-29.49740072472504,4.030190355713216,-0.032584471732707,0.1283087893061552,1,1
379,0.1099709606139769,0.0268251722913294,1.1211449964209517,4.787338469101568,-39.43840196315293,17.218958685191893,-80.92735800952866,40.09435531177837,48.63033775618112,-0.0808636674358031,0.0715647965149299,1,1
380,-0.0013821413442467,0.0727363203769775,1.1211449964209517,4.787338469101568,19.519013560869467,12.201780009529829,-1.0985310422739047,-25.409077104098145,-12.018637793243895,0.0044289470355177,0.1274763373659465,0,-1
381,0.1791205682114328,0.0192470113979832,1.1211449964209517,4.787338469101568,-43.050325452652615,18.090299763423573,-76.08208788467347,50.89352348597657,49.95182230536184,-0.0806589641754716,0.0793439627278227,1,1
382,0.0582573247471945,0.0071212012691575,1.1211449964209517,4.787338469101568,-33.365031230647475,10.606511431185735,-77.94107603834853,80.31797679648258,41.33945386580561,-0.0396417279752408,0.0460950518841775,1,1
383,0.1188569023285404,0.0160031248235063,1.1211449964209517,4.787338469101568,-30.89791162694155,13.121731063045884,-60.696561334377584,72.20381252481394,34.60258598717681,-0.0616604682433228,0.068649339816964,1,1
384,0.0302685208651584,0.0854966396408192,1.1211449964209517,4.787338469101568,-3.090191593494424,-3.1823422923770863,-16.657806151806398,-26.10628117094936,15.367815552171676,-0.0680368471242405,0.1582184779915644,1,1
385,0.2113263570414637,0.0179195437282363,1.1211449964209517,4.787338469101568,-20.779904636146654,12.294787110871354,-4.361714758244489,-96.62185602287649,25.397375529954715,-0.0589189631737667,0.0541473943717926,1,1
386,0.1896566909349174,0.0308603099584573,1.1211449964209517,4.787338469101568,-22.674262285449814,5.663580110742799,-24.55865012651209,-15.331629363686927,30.218935020554312,0.0081977100836353,0.0465079347704786,0,1
387,0.2863287481849916,0.0219293270030183,1.1211449964209517,4.787338469101568,-53.04642737645226,8.684562762070016,-57.992300805284856,-10.179555678079282,62.48147606383793,-0.0297281195729083,0.0220015662873271,1,1
388,0.2960011307379223,0.029900597925631,1.1211449964209517,4.787338469101568,-55.9024096118056,15.486242042404967,-76.55981465035076,82.9446268866038,60.1093835253696,-0.0916024252422767,0.0935625064140691,1,1
389,0.16519837277679,0.0233598645169397,1.1211449964209517,4.787338469101568,-24.057334063156915,7.309335292091191,-31.76707759888089,42.144657745903714,26.302710340274672,-0.0322501058926751,0.0609057574650373,1,1
390,0.3234933528289266,0.0292630604400245,1.1211449964209517,4.787338469101568,-57.73224207315821,16.469291183768078,-65.56990717190548,-46.29864789328069,69.57187882106311,-0.0717669277505297,0.0596284510376766,1,1
391,0.3133144045776965,0.0286349574994029,1.1211449964209517,4.787338469101568,-57.11295288153204,8.843774005490985,-72.96234815597441,34.57991593594244,68.30315051130864,0.0007348828580525,0.0326860260274467,0,1
392,0.4155569231578711,0.0225485189244267,1.1211449964209517,4.787338469101568,-62.0351315928533,17.22762588115087,-57.26931050695242,-38.43462068616348,71.09413644076983,-0.0691592258497321,0.0678340765793931,1,1
393,0.322405044822275,0.0490022653734886,1.1211449964209517,4.787338469101568,-46.34295297429895,6.954160549756395,-27.541723970365865,-50.13479435049475,51.74526681473276,-0.0348692367889068,0.014213245822172,1,1
394,0.3083214759707512,0.0750159672282246,1.1211449964209517,4.787338469101568,-66.57091385590515,17.58845782438175,-98.82867273043384,-78.03047450090502,91.27681553347544,-0.1342176449878468,0.1646632551696416,1,1
395,0.0317786643365019,0.0672813735779226,1.1211449964209517,4.787338469101568,-13.607944034614803,14.141119609452886,-54.20320842489515,-36.56869668824003,29.81591525072397,-0.0878584242252578,0.1596064862571145,1,1
396,0.0438727995926589,0.0641939002941726,1.1211449964209517,4.787338469101568,-27.588993823977543,20.42382728534913,-68.47691098006965,-75.37521586052327,43.91440549587264,-0.1528299355196279,0.145057793734647,1,1
397,0.2987444807395709,0.0825349709751363,1.1211449964209517,4.787338469101568,-40.04006261811783,24.5900176291927,-67.02765096436332,35.21457129033587,48.68080913223588,-0.0698706856077637,0.1488192461171347,1,1
398,0.2508628611701164,0.021961672424942,1.1211449964209517,4.787338469101568,-42.50825531725329,13.482209978402125,-48.45267581205367,-7.002984039925295,48.50903106228628,-0.0611774070018727,0.0536026625165458,1,1
399,0.1722894207777057,0.0726562640578763,1.1211449964209517,4.787338469101568,-51.24359254245336,9.704835789140148,-91.3475499736593,-16.726767974424078,71.89813220621969,-0.1157393296249382,0.1479420412315185,1,1
400,0.3668734819015005,0.1329247888786103,2.1555968919717063,3.134572259162862,-59.54783511817829,6.1109413282902665,-71.51156671140332,62.52398492100557,64.11590059642472,-0.0567377139790762,0.220890448249122,1,1
401,0.2607409242900695,0.121836725198094,2.1555968919717063,3.134572259162862,-4.3738055935780125,7.448323001452778,-52.230255943930814,24.010817608038607,31.98837025787651,0.0958739781059705,0.184596523954856,0,1
402,0.5482300564988185,0.2374151267971907,2.1555968919717063,3.134572259162862,-75.69017111187523,-3.77245156855814,-48.76989447441216,51.013971279768754,76.81119199305326,-0.1263906450675433,0.2261241621656526,1,1
403,0.910194280185722,0.1521654343246849,2.1555968919717063,3.134572259162862,-50.22974319890938,4.8798271633067,-21.924807408503423,-39.48942246769427,62.47606983607304,-0.0416081559342437,0.080252832549521,1,1
404,0.0447687324186382,0.1548978748100669,2.1555968919717063,3.134572259162862,13.947976953308869,12.14301480970552,-68.78490982183033,31.931140868908045,22.664661891264856,-0.0251032952581577,0.2892147390968881,1,1
405,0.2664845290459172,0.1796657069212402,2.1555968919717063,3.134572259162862,50.03251567499095,6.863636006505587,-9.325084636040714,-30.96146444018521,-8.786774620657667,0.150121918594591,0.2968556325890264,0,1
406,0.4511888604383725,0.0787867687389478,2.1555968919717063,3.134572259162862,-96.50563032558146,3.784875197063215,-92.13595800633549,81.22831762465967,96.79998762985986,-0.077618932000972,0.046155582921807,1,1
407,0.4329011037582076,0.1388946118769788,2.1555968919717063,3.134572259162862,-45.583318410296144,5.423554082339834,-79.6898014481142,54.92479303340136,70.45116961884636,0.0636829973142725,0.1655455634204002,0,1
408,0.5528757837725069,0.1354453164882882,2.1555968919717063,3.134572259162862,-39.21126054250714,11.558076777156812,-89.00589489777825,21.49864861944208,76.66675319838427,-0.1478976017552295,0.2418399187740165,1,1
409,0.2146530803717537,0.2090410486680909,2.1555968919717063,3.134572259162862,-54.45399844941008,-0.7978036171887908,-54.10284324080726,84.74343911543576,50.30357291716189,-0.0368582994892218,0.3271121611023494,1,1
410,0.3444507426690144,0.2264713800160628,2.1555968919717063,3.134572259162862,39.87083872845935,9.190065463636458,-59.85297354340964,29.632419081767324,18.82582219505322,0.2821399411301206,0.5221083551240745,0,1
411,0.4142146763280381,0.2008737469863227,2.1555968919717063,3.134572259162862,-1.3498164233294716,11.445746073778269,-23.777541694116337,-36.63878420219102,20.049425261991644,-0.2097629861891926,0.2649427503787575,1,1
412,0.3926837083922543,0.1373693507784642,2.1555968919717063,3.134572259162862,6.306060232317165,5.462523969931226,-18.2199488324562,-44.73958048669808,24.784048235763198,-0.2250931583607141,0.2038960790594428,1,1
413,0.0176454779345079,0.1791365928419414,2.1555968919717063,3.134572259162862,61.89897291194097,13.21484335970095,-93.48721400933132,53.76749980673563,16.31689395396201,0.2130350424417798,0.5550836888737695,0,1
414,0.3544994823448683,0.0352009569118536,2.1555968919717063,3.134572259162862,-11.530314602179104,2.927991172295364,-8.659810221689213,-22.526939607678244,21.39679796907754,-0.0359242385076348,0.0622518329049185,1,1
415,0.2008020392467785,0.1503046253603889,2.1555968919717063,3.134572259162862,-30.11161194189731,9.256892693669982,-53.04759534902668,22.02470003462507,38.32923894264877,-0.2279444284815805,0.2095492035579105,1,1
416,0.0041509674074727,0.1248105604678612,2.1555968919717063,3.134572259162862,43.86579195367037,9.667032887254251,-80.73074580835267,90.26689933712856,9.016995951565178,0.3307285139260076,0.6602287130685176,0,1
417,0.0137521858140935,0.1516542697443263,2.1555968919717063,3.134572259162862,72.69403588641222,12.663265263360472,-57.52101812095991,14.386474621079074,-6.35660814841728,0.2106028674216137,0.4409692969585209,0,1
418,0.1224149134393375,0.0926028673745751,2.1555968919717063,3.134572259162862,-27.95003081351533,6.747691595117502,-57.50811746866095,46.937711974754734,37.08908443064038,-0.0689848200224567,0.1872024565001266,1,1
419,0.2367483315065024,0.120111991923501,2.1555968919717063,3.134572259162862,52.995988428460606,16.265717853929033,-86.16723781144255,45.83597706691657,15.912375260266472,0.4189108190916408,0.4948694184391398,0,1
420,0.0246118897955399,0.0722572825825619,2.1555968919717063,3.134572259162862,-37.30503929586073,7.249077938982197,-98.2320569063109,81.1726147608195,62.00781265114091,-0.0911238530057134,0.1527324868130591,1,1
421,0.1581084044255281,0.1163634738653928,2.1555968919717063,3.134572259162862,88.81690282442779,16.1468203758577,-70.89949670270974,38.037429158938494,-10.261946722153285,0.5086534276984755,0.6491132288673602,0,1
422,-0.0073863059729252,0.1219941735277755,2.1555968919717063,3.134572259162862,-17.83997944286895,-0.6289307584062414,-36.89761304641564,34.75562391557128,29.201931371416634,-0.1509103891699794,0.1257069623869295,1,-1
423,0.1383066530739237,0.0831681678805828,2.1555968919717063,3.134572259162862,-21.71474145135608,-1.4490205268138396,-29.07833077193976,22.62799255036421,32.603757655186286,-0.148837107351645,0.1516091902147542,1,1
424,0.1737740806802268,0.1927185872477655,2.1555968919717063,3.134572259162862,-0.4712380041005843,14.627816866758408,-82.72683694979288,19.873536040670388,41.816398658742486,-0.2123336786817144,0.3118287361416784,1,1
425,0.0791549686011873,0.057781005468035,2.1555968919717063,3.134572259162862,-5.311216849408183,4.352694953189868,-19.533698788557277,8.389073432004608,10.263462696935278,-0.0639932622582457,0.1289248602364974,1,1
426,-0.075566139651568,0.2100036759735868,2.1555968919717063,3.134572259162862,58.96743546488412,13.52958324104752,-95.5320599878049,83.43262014231584,8.349040489843247,0.4207229699397898,0.5175736517122593,0,-1
427,0.1941246305475095,0.2411614834210397,2.1555968919717063,3.134572259162862,99.06535533582726,19.87407253723769,-75.19521270368897,50.050352702456735,-19.56319307168937,0.4961430248830672,0.9350452704233244,0,1
428,0.0871016777763392,0.1168728823844048,2.1555968919717063,3.134572259162862,-57.183449860162526,-3.065929346546298,-62.723645157472895,81.39581971904752,60.18488356754756,-0.1372872381734259,0.1603089445618681,1,1
429,0.0858066469606192,0.1010709833512706,2.1555968919717063,3.134572259162862,61.90598978555434,13.00791197612621,-98.6400577832286,88.13527067321877,13.605881167193786,0.4373051005231189,0.7219307347976532,0,1
430,0.2235828121619969,0.2672866869892581,2.1555968919717063,3.134572259162862,-88.38733695638214,-2.569885227031349,-46.24633283214198,96.67088934567482,57.08304097248953,-0.2288314278457018,0.3656306295076695,1,1
431,0.3281587557262838,0.1983956001802185,2.1555968919717063,3.134572259162862,47.22602205635624,15.668092318521971,-70.65505888809722,35.49596971421337,11.406827671271133,0.3412372500879499,0.5894468942564887,0,1
432,0.2046931183735459,0.1221140451925533,2.1555968919717063,3.134572259162862,-38.50301399813316,2.0512611469274447,-51.87807379040248,33.38263534461481,50.562725267070135,-0.1332629536755479,0.0798846039966541,1,1
433,0.3081510459330167,0.0561562086876138,2.1555968919717063,3.134572259162862,-22.400712615707448,4.821474561834833,-41.456250865979285,12.93452279577798,38.82570373907771,-0.0202074848538135,0.1029536383049429,1,1
434,0.2900769461851827,0.1650237980442066,2.1555968919717063,3.134572259162862,5.513844185968367,11.92861895813951,-67.90954632170626,24.92804726252309,33.68464648907292,0.0803305389358022,0.2965597723803856,0,1
435,0.2978316214130259,0.1591568974490446,2.1555968919717063,3.134572259162862,35.84454070194252,16.867574420017206,-94.09445485398246,46.40911085851008,29.41700883696211,0.3215359613460457,0.4709314886137764,0,1
436,0.2690560576694882,0.1317725257618945,2.1555968919717063,3.134572259162862,-64.58414657384722,8.58460047768807,-96.98684438251809,87.01872871681152,73.7788617084579,-0.0896766122142442,0.244218740258103,1,1
437,0.1100751842251426,0.2385011393724204,2.1555968919717063,3.134572259162862,70.84533265136531,7.338900920669573,-69.62656770317363,92.31200789752268,-4.244479761066657,0.3568480137723535,1.0435764703359174,0,1
438,0.0227340033796422,0.1340908335901894,2.1555968919717063,3.134572259162862,-21.26027504919415,5.915753541429481,-31.9712508768837,29.37941537277689,16.92499632791123,-0.1953041068719941,0.2207804444717906,1,1
439,0.268352112254917,0.2151473205456714,2.1555968919717063,3.134572259162862,93.88837422375698,23.402495681579797,-72.60032314248797,13.886432843104885,-14.567572701432098,0.3620526693222762,0.7881028017249774,0,1
440,0.0109324141351574,0.1255881972885683,2.1555968919717063,3.134572259162862,67.11474471621591,17.94896119136213,-87.28372315611219,44.828941191303954,2.896748167040613,0.3026301617416978,0.5047100701238193,0,1
441,0.544259514548542,0.2129438794860392,2.1555968919717063,3.134572259162862,1.9683052913189696,10.735875687968104,-51.94948630109629,-40.067365721464256,47.63240729361223,-0.2910863315353489,0.3147811285669206,1,1
442,0.3358519177795616,0.1470758564491734,2.1555968919717063,3.134572259162862,39.17345876576414,13.195952107948187,-99.61152718251746,70.47175879710431,33.87991520565808,0.4080317293691704,0.6257964387866033,0,1
443,-0.0116692755801289,0.1696864325658306,2.1555968919717063,3.134572259162862,-56.61596560461364,5.290674738836671,-70.07951024090598,88.0965243443375,46.83319846964784,-0.2000010790293769,0.2511209229935472,1,-1
444,0.2362304149194478,0.1020412615224362,2.1555968919717063,3.134572259162862,61.81248305989291,15.878180890213358,-92.85055484388474,56.54600223737188,15.909016033262802,0.4846919569265573,0.5759631045470666,0,1
445,0.511701477195756,0.3321984019901023,2.1555968919717063,3.134572259162862,94.59411607161474,13.77385464971735,-63.43420652452688,-8.48849266780978,6.90626734029496,0.2881264350529832,0.8327088026028008,0,1
446,0.0891407634044503,0.1084439316481099,2.1555968919717063,3.134572259162862,-20.39675711498772,4.615171378379685,-70.72428873096723,42.31504007548466,49.32818309659456,-0.1893706728721268,0.1957747790380397,1,1
447,0.3583482059756562,0.1739410899122232,2.1555968919717063,3.134572259162862,25.0695609174564,15.82331369254834,-94.05482222716395,50.9519277804375,35.73980782626535,0.3307801510425492,0.4621254718925072,0,1
448,0.739484984168728,0.2132169789266428,2.1555968919717063,3.134572259162862,-34.14117420881773,10.359117835220772,-59.93009610660886,-0.6227933719990801,63.36630989587039,0.0236698587280105,0.2326803966967249,0,1
449,0.122784694823038,0.1540571113328627,2.1555968919717063,3.134572259162862,12.09602815344428,12.728666234754058,-87.91547506509912,45.604038416694834,36.56990994693922,0.0513686705971684,0.319123878221818,0,1
450,0.5509722198191962,0.2466310073710254,2.1555968919717063,3.134572259162862,25.799055291516297,7.998686995977721,-26.393988231665205,-42.67532277857773,23.02657214348129,-0.0106881182753818,0.3382511557323503,1,1
451,-0.0015714331166895,0.1174991153741263,2.1555968919717063,3.134572259162862,-3.1329957220988263,4.745376958141094,-58.53492408432734,29.05162430357601,33.537815072059175,-0.2052360893043888,0.205625583430068,1,-1
452,0.2848356083955887,0.0299576406036318,2.1555968919717063,3.134572259162862,-56.95851217739636,4.940986644845253,-70.47807820579877,56.3979677917406,63.87949118538995,-0.0589353575187127,0.0895843348582119,1,1
453,0.6089500271654266,0.1394158073025259,2.1555968919717063,3.134572259162862,-34.54164559762634,8.820205989602385,-64.97672734975475,8.822508850599121,64.62355435222491,-0.0253329853235534,0.190985991343542,1,1
454,0.6777449779750577,0.1577393653395834,2.1555968919717063,3.134572259162862,-54.94814384494597,6.196332553948466,-27.40539046165684,-11.947066736610992,53.25944066395368,-0.1677744238116363,0.1853383572064772,1,1
455,0.2915181649193339,0.1588546742005935,2.1555968919717063,3.134572259162862,94.26715994857224,16.446618776999244,-47.39433840136395,-21.94198237898783,-13.111437544277592,0.3376658739768281,0.5314148221133586,0,1
456,0.2470288663322965,0.178937339453057,2.1555968919717063,3.134572259162862,55.30636216551977,9.566637854044616,-30.02147491309144,-9.23285558928626,-4.729922705753921,0.2627895426989052,0.3509703257121994,0,1
457,0.2308245307441023,0.0835720234161796,2.1555968919717063,3.134572259162862,-68.11142237652527,-1.671174187893726,-58.06092633235768,77.36269796479868,62.76680124612443,-0.0593359413169525,0.135903266221162,1,1
458,0.6138548748236826,0.0689833776063471,2.1555968919717063,3.134572259162862,-91.10486011584196,2.556879404766917,-79.40785792384675,56.57967417755074,97.03791219368227,-0.0334078083128374,0.0261660571501464,1,1
459,0.2185227876439884,0.1938826419487748,2.1555968919717063,3.134572259162862,68.17376728715496,16.54893187265334,-52.3742890100032,-2.507775252809324,-6.132136505168489,0.2542748082083721,0.4741087840371408,0,1
460,0.3740436749883129,0.1771544736436746,2.1555968919717063,3.134572259162862,99.41158665942746,14.215991308287258,-41.09745170994504,-14.310846703163577,-16.236043024378688,0.4386582907138501,0.649642582784292,0,1
461,0.2440448592320462,0.2681110521729257,2.1555968919717063,3.134572259162862,-49.14257306721552,10.077776077096615,-70.29393795741514,36.76589139555227,55.68956391621077,-0.2893064742023589,0.209546619391507,1,1
462,0.165826116686377,0.1327633427207449,2.1555968919717063,3.134572259162862,91.9172781974255,12.281272462612634,-49.9736461258111,25.149262557061363,-18.291132189056896,0.433847123698499,0.6979927339907214,0,1
463,0.3680156710276426,0.1618617167164274,2.1555968919717063,3.134572259162862,55.06752115338722,13.31079527767129,-80.38065455376594,45.15897132177241,19.13068225289216,0.4233471601219105,0.6371303263070494,0,1
464,0.0533504292940447,0.0507322023673171,2.1555968919717063,3.134572259162862,-32.312492912089525,-2.4659529847453285,-23.007986720023936,43.88468950876194,25.67125883343984,-0.0604845970418598,0.1160349604444211,1,1
465,0.2902637172654295,0.29125444877154,2.1555968919717063,3.134572259162862,12.564213544947606,4.199701889276739,-49.15239995247761,53.67796085637727,21.632430135254737,0.1828765064869178,0.5623401868895961,0,1
466,0.362331591901784,0.1679357089500544,2.1555968919717063,3.134572259162862,5.857430364066033,4.408837801560622,-24.462263551618392,-1.976280326328947,19.92825767331506,0.1192852820328884,0.2123937511281961,0,1
467,0.1638924848838009,0.1777780641706393,2.1555968919717063,3.134572259162862,88.84383281018526,14.66751348085768,-37.096559143752536,15.786401535799172,-29.62527016669061,0.3719370816999965,0.733809374494131,0,1
468,0.3502562666880214,0.0572854446159852,2.1555968919717063,3.134572259162862,-40.1526614333934,1.489405514300472,-37.03578630672739,24.46848856941368,45.96952029829711,0.0158296083691707,0.0531526699164981,0,1
469,0.2589202887193037,0.2051976004959444,2.1555968919717063,3.134572259162862,10.417557427948536,14.64036430050966,-78.69093491998079,32.79199657496409,33.01519112025585,0.064376555994432,0.3770156562596146,0,1
470,0.3274705806836322,0.187754277350832,2.1555968919717063,3.134572259162862,24.00155572932825,13.821169677194447,-66.78442609845737,3.4333739994186487,28.897838491516893,0.0426070301221505,0.3502741258434518,0,1
471,0.3503172658403327,0.1220487257461042,2.1555968919717063,3.134572259162862,-14.213994860228524,6.163519057857499,-22.41803258580765,-5.507981880107522,23.445476669841824,-0.0503863174603883,0.1841556404082725,1,1
472,0.0977054056470931,0.1500261230947777,2.1555968919717063,3.134572259162862,-42.04919788055784,0.2954542152250781,-18.31228656487069,43.88538408301167,21.719486127707555,-0.1808722875731907,0.2536787488427416,1,1
473,0.0949059663237789,0.0906980863351025,2.1555968919717063,3.134572259162862,71.49257553931366,12.75916975922317,-67.82448202819322,45.3106389181568,-3.629950018810064,0.4167070982499157,0.5689149527159989,0,1
474,0.0031095170123507,0.139970208733602,2.1555968919717063,3.134572259162862,55.91071537439018,14.009073796026584,-77.72074675113309,78.85353597492684,-2.8816532750436323,0.3264377026112895,0.7239817864643577,0,1
475,0.323092586793699,0.105721761577137,2.1555968919717063,3.134572259162862,-23.923069529058765,10.448448578276512,-56.15329044605537,7.16957759755374,43.44730919626417,-0.1984799149271608,0.210337988802072,1,1
476,0.4620451011790589,0.1020784473082749,2.1555968919717063,3.134572259162862,-64.85504161032716,-1.6533623228223604,-11.528307371718654,18.487235699341586,44.37553167986255,-0.1524869603829456,0.1579716538622834,1,1
477,0.2130590584350364,0.1165219472684028,2.1555968919717063,3.134572259162862,52.52351135102907,14.944729537238914,-93.9532778256626,53.0713081571391,22.39302262586276,0.39128041862614,0.5085517439293357,0,1
478,0.0002424700172893,0.142562943306156,2.1555968919717063,3.134572259162862,72.6285946628631,14.424721789174797,-57.35042985116535,42.33380102840928,-17.360272647906655,0.3302256219129215,0.6130898826762202,0,1
479,0.060841206567555,0.1994098396773317,2.1555968919717063,3.134572259162862,67.83942722671551,13.86370653667069,-47.49662679127594,-15.588900647711682,-5.814969701949565,0.0171818279888071,0.4040306156703259,0,1
480,0.114237507024512,0.079733077131751,2.1555968919717063,3.134572259162862,-40.17410458056923,-3.020446165540136,-38.02673373019603,48.47344483843369,42.48251424573738,-0.1299104392742276,0.1360767849951708,1,1
481,0.0114297475040921,0.0782135112597385,2.1555968919717063,3.134572259162862,-28.090604733362422,5.072267025302963,-40.33855950897828,40.2491549242944,24.8348160026695,-0.1647198488235293,0.1713291425005481,1,1
482,0.1983843619745067,0.1533912151242477,2.1555968919717063,3.134572259162862,28.748220367013573,11.52090411313806,-33.53819164306228,-39.96047588552835,11.796775067149513,-0.2598881312834926,0.2733159067955438,1,1
483,0.0954774012384052,0.0952302311467433,2.1555968919717063,3.134572259162862,-8.376243654938037,7.377081620698959,-41.916766337093925,22.15833542181673,21.3720026876928,-0.0794964856027226,0.1869558092391717,1,1
484,0.129701635441805,0.1446852498556658,2.1555968919717063,3.134572259162862,77.62555108873732,13.565896691046376,-74.70831042508556,65.16800994599748,-6.087547586779522,0.4561453482812517,0.7955030167291045,0,1
485,0.2418544830973916,0.13914334527156,2.1555968919717063,3.134572259162862,58.64900007496061,14.33460356892398,-84.37323808439174,39.00034052258897,17.640743595600128,0.3551378894709494,0.5324173846763285,0,1
486,0.4209629108576384,0.0531606202355025,2.1555968919717063,3.134572259162862,-90.62795408329988,3.679562722899505,-97.26771385274134,90.70967743782305,95.70234200811636,-0.0009737894176269,0.0579436641683173,1,1
487,0.0854691292716731,0.1476392317325361,2.1555968919717063,3.134572259162862,34.74232606948598,12.092691087741954,-65.81695085595416,29.074249676966303,14.089024961205324,0.1562851232263158,0.3251206367902767,0,1
488,0.2193244859246206,0.1332461940078825,2.1555968919717063,3.134572259162862,-65.82278093333596,5.552257434665236,-72.9144599818473,62.646412331340855,64.89109302020859,-0.1737930187301309,0.1129533148848295,1,1
489,-0.0386047386045547,0.1620795549710458,2.1555968919717063,3.134572259162862,-15.615035166213149,5.476536856442252,-73.34447416386882,52.06755833912058,42.27895612464147,-0.1586527514210566,0.1690359930319887,1,-1
490,0.7153657346898421,0.1045004648954572,2.1555968919717063,3.134572259162862,-88.52732896112093,5.058475178841931,-74.39535971649846,44.49270011068623,93.20816536526117,-0.0468397408417285,0.10374172350923,1,1
491,0.2288444354547043,0.0916496273761624,2.1555968919717063,3.134572259162862,-56.14164708154199,2.3063249159363157,-75.85449271422064,80.08923768026739,65.03566593984883,0.0392191579238325,0.1204826811841861,0,1
492,0.4999937811963921,0.0382373214549514,2.1555968919717063,3.134572259162862,-81.06927723572382,3.514281440839426,-72.97167668557381,56.79675244726255,83.16294539485588,-0.0431032095148767,0.0557026362162372,1,1
493,0.7185140604937006,0.149376737200299,2.1555968919717063,3.134572259162862,-88.35527301900402,7.353232118912899,-80.57972221465215,47.52571517064567,93.44644483325676,-0.1018112781622866,0.1876734175937806,1,1
494,0.1241087411296064,0.129271831403283,2.1555968919717063,3.134572259162862,80.01856893580722,13.672361041207282,-46.710942890020114,5.342414991609928,-14.73144180306818,0.3870861366072659,0.4260112070041617,0,1
495,0.0515101768501728,0.2124332359374978,2.1555968919717063,3.134572259162862,-46.32485882581698,-5.979798732334075,-44.3173812032821,70.27445645218035,47.98574531612852,-0.2056086872966621,0.2426604007410538,1,1
496,-0.0017182699337374,0.1784825316300982,2.1555968919717063,3.134572259162862,46.10837205927135,10.530451418467024,-24.385365256587107,-6.197436083163538,-14.74430286763804,0.0408245924976435,0.301512423921207,0,-1
497,0.046128987902491,0.056978967279923,2.1555968919717063,3.134572259162862,-16.49612100465943,2.1287767781211784,-22.28483104232801,27.48769892450389,14.92702828005173,-0.045825446097759,0.12805592738791,1,1
498,0.0607260352978554,0.1811472997802002,2.1555968919717063,3.134572259162862,59.93201573371499,12.318981514315697,-25.401450558356203,-22.11550073605557,-16.61076201973306,0.0566373391089804,0.329713267244568,0,1
499,0.1409103637185274,0.0810294527406166,2.1555968919717063,3.134572259162862,97.78501521127586,17.259536633303796,-62.284027678277184,13.261341156374698,-16.73020395261895,0.5001543330863398,0.5286873827478491,0,1
500,0.3678144995019088,0.3248941614468403,0.7631940241558249,2.47659447396597,24.99231744468959,46.942579703127365,-84.65946729933412,16.68696617557896,8.291049984256631,0.7635216401047771,8.68199152416513,0,1
501,0.5039606600243545,0.8935984366899645,0.7631940241558249,2.47659447396597,11.21712889464635,24.33673586177024,-43.5296660320556,34.67757625626692,2.171404754583122,2.018148469431888,3.6875728315172926,0,1
502,0.3335359956789898,0.4387665501295018,0.7631940241558249,2.47659447396597,50.87372511849796,66.14273937874958,-82.2559193747528,-20.368418854939407,-11.98620069103704,0.6547866847146988,13.28242239813803,0,1
503,0.2468733880923261,0.3671669092423625,0.7631940241558249,2.47659447396597,56.54696313537039,67.12663266826604,-63.23313206718414,-29.166490260193516,-25.848299135693736,1.0848634793805658,12.812406247491754,0,1
504,-0.3421741354654033,1.0083177744819034,0.7631940241558249,2.47659447396597,83.33267295793735,58.49894071372961,-9.528483452608,-77.23356140095163,-65.68185692724664,0.5995712194803158,14.832705698636545,0,-1
505,-0.1647798176395123,0.4147888425149381,0.7631940241558249,2.47659447396597,57.22677795326197,73.45652442619954,-97.55752364455896,0.1825234615351547,-20.020028806783916,0.9291741362661874,13.905345549584048,0,-1
506,0.2636685079284655,1.677740980453347,0.7631940241558249,2.47659447396597,42.78229349877432,49.739119349799495,-87.93105094686959,49.36825725237867,-12.221161590487384,2.8856587633336286,10.91500530920812,0,1
507,0.3719622296947948,1.5576439361643242,0.7631940241558249,2.47659447396597,5.205961684622423,4.1716517324092734,-7.149019344096772,-8.688263779294886,3.498560169847849,0.0003274361869076,2.282480573430739,0,1
508,0.5442195257591873,0.4201459197097532,0.7631940241558249,2.47659447396597,17.160428784517336,39.69557747391861,-47.204633014245765,-7.985501971059179,3.283783759569332,0.5199313350900296,5.645668777297024,0,1
509,0.3108918271564715,0.5622282190691352,0.7631940241558249,2.47659447396597,35.43250526107252,46.18473698610393,-25.17549190326648,-38.32263019669631,-20.152435277747102,0.5212411081081969,7.441922137199696,0,1
510,1.5002285477060442,1.75146982613198,0.7631940241558249,2.47659447396597,-11.419621499308136,19.01869398359483,-63.98569906352759,26.610335151682406,42.45465688382348,1.1579445385414768,3.132536285904484,0,1
511,-0.2281135515675709,1.9684493146793112,0.7631940241558249,2.47659447396597,44.93465894566288,33.1970194574223,-59.00406094607731,59.342723821861085,-29.21914117970172,3.187201253008522,9.107157838770927,0,-1
512,1.321950015069306,1.220798441328751,0.7631940241558249,2.47659447396597,37.080874898058994,73.86387073613565,-92.96319112714076,-24.459782733603987,9.970811863973864,1.1116830496587884,12.50535392525469,0,1
513,0.8703146963899457,1.4456379203003156,0.7631940241558249,2.47659447396597,32.55549268764847,58.36842644171668,-55.37727641179843,-18.055147031092943,-6.28148189493001,1.406031458687118,8.748650082553276,0,1
514,0.2067415420246998,0.5849140933033963,0.7631940241558249,2.47659447396597,77.07909834421292,66.03813701806365,-18.005939442937517,-75.7530277346184,-55.324414059085015,1.1864650552264884,14.449608767544133,0,1
515,0.1838031719706836,0.5319719659427129,0.7631940241558249,2.47659447396597,33.0932987007908,35.71498524968152,-13.380055667855087,-26.08358703350268,-24.37823585436081,0.9768411506056652,6.089441059407239,0,1
516,0.6214090791903801,0.9693000741762016,0.7631940241558249,2.47659447396597,6.744249933912599,35.6572631117871,-77.70987593497453,53.433366615182905,16.38926330553116,1.8844255225136584,4.6542012623025615,0,1
517,-0.422358526848781,2.3288485533671075,0.7631940241558249,2.47659447396597,64.43506766098557,52.43645220155665,-72.6596157821813,10.3289214896497,-34.62534810563962,1.4085490342130766,14.096324832297393,0,-1
518,0.2340092929828379,0.9450043417488088,0.7631940241558249,2.47659447396597,65.56110988733178,60.34863538500014,-40.9454375605478,-30.71762995052292,-41.66652408232565,1.93889474066712,13.127814906849636,0,1
519,1.2224381623675262,1.1007212785029894,0.7631940241558249,2.47659447396597,-20.194901342900053,2.6841893077146324,-23.268552522454,-0.5072211973021581,36.89074815062605,-0.3656193762049186,0.0733610663715512,1,1
520,1.3774990851722746,0.8091597921777722,0.7631940241558249,2.47659447396597,5.855074689940082,42.59335615717177,-58.61276156800439,-16.199500346405898,25.479941435173515,0.4633112080444461,5.693912667455178,0,1
521,0.0558463345222545,0.9522407206021156,0.7631940241558249,2.47659447396597,30.870794764878298,19.119679480781542,-17.592808192739923,24.578883022658204,-25.82705523846431,2.419816484246767,5.364156520852352,0,1
522,-0.6023917501220494,1.3376214832491096,0.7631940241558249,2.47659447396597,-4.239934721430586,16.907417791049625,-88.49663366985035,82.60031970340117,21.45312942243129,0.3018856157616066,2.055371656203785,0,-1
523,0.7178847415130769,0.907174870676231,0.7631940241558249,2.47659447396597,13.397956219622673,41.36516025678796,-95.9581686754244,31.68797235822217,24.9490943038043,0.9001725453456935,7.813197267006455,0,1
524,0.4004469980008365,2.126630624785362,0.7631940241558249,2.47659447396597,6.632315516483757,4.8085488316249325,-45.72635923425295,53.23471819307616,9.966725931762682,1.2424470900715017,4.246695559757744,0,1
525,0.263145415397561,0.6536157193149281,0.7631940241558249,2.47659447396597,31.818314884949984,36.77115804560253,-2.7241127095665973,-47.83113173207383,-24.26996494672564,0.3388221311183095,5.760791706685355,0,1
526,0.5961811505400716,0.6234142370097586,0.7631940241558249,2.47659447396597,70.51509335351113,89.72160530976151,-93.27134141309584,-55.320131373130806,-20.09829414889137,0.4622544286934307,17.86549229155128,0,1
527,1.142505383384222,2.214474052062793,0.7631940241558249,2.47659447396597,8.00277422330224,58.41873522537625,-79.63268785455412,3.61086016799122,22.45970792253644,0.353295716091754,6.395717073375588,0,1
528,-0.5277468980275399,1.0880089161905169,0.7631940241558249,2.47659447396597,85.53911404927112,82.6729084352329,-60.1088516606237,-54.458935988936055,-56.11982380722937,0.5740381828185921,16.797552093679727,0,-1
529,-0.5474535982547151,1.2200749270300246,0.7631940241558249,2.47659447396597,26.41092346740541,34.1792545605453,-81.98226845935089,54.125833311590696,-4.929395776738701,1.0729456786300844,7.112061906994006,0,-1
530,-0.0520146105479488,0.5174547106070436,0.7631940241558249,2.47659447396597,2.76114872784963,-0.0623209358557232,-28.676247295243257,53.44269355748133,1.5192104449426722,0.7662789318180464,1.9391680470964032,0,-1
531,-0.2215091831622904,0.5345410634937788,0.7631940241558249,2.47659447396597,49.83856351698725,48.58644088774207,-41.57562487073319,-17.594013166487883,-31.68011343883485,0.92338326100311,9.947765988975682,0,-1
532,0.3017570298055797,0.1545872913584016,0.7631940241558249,2.47659447396597,-0.5563841483414507,11.866894968983216,-26.68900517270289,18.209694084454934,8.655676854830418,0.4984581910667434,1.3362797427526871,0,1
533,0.5372534914340363,1.7293330807976517,0.7631940241558249,2.47659447396597,40.590417488742645,66.15308627088868,-52.69617905844324,-30.08047007913619,-17.02536304123872,0.9471105283967276,9.553371687732009,0,1
534,-0.4008112068056815,1.0449316672029272,0.7631940241558249,2.47659447396597,38.82767794369167,42.93216129589183,-47.56878691715897,10.10903456087344,-25.670194667638896,1.1770781626329263,7.582575045529217,0,-1
535,0.8646498038011868,0.5789796534527063,0.7631940241558249,2.47659447396597,-15.246134442166806,12.743030755278738,-64.40679113478552,48.16248231426093,37.94012612562133,0.9302703527381696,1.3249172360636714,0,1
536,0.8605890716523845,0.8182802071725,0.7631940241558249,2.47659447396597,51.29156146670272,51.305243750120326,-1.9700374286085776,-84.05581882350148,-31.852811943478244,0.7514369697907117,10.347364537272265,0,1
537,1.2952901896945022,0.9053241143145117,0.7631940241558249,2.47659447396597,17.413855145527663,39.867563350154654,-38.96083975333296,-35.0545658060434,10.85111652640262,0.6364626968488398,6.815153393153492,0,1
538,-0.4453921119582049,0.9707338556503896,0.7631940241558249,2.47659447396597,57.33734359359636,60.0445949004588,-60.57767765578921,-9.582926909698015,-35.124002440686056,0.9945899989221284,11.627828524247104,0,-1
539,0.1779443908747149,0.1008349992214803,0.7631940241558249,2.47659447396597,-0.8319043926729393,2.144118400711264,-12.03034674823384,13.032374341510462,4.954371593761181,0.3951628659386038,0.6036299744573794,0,1
540,0.4024276061087573,0.4045329359966603,0.7631940241558249,2.47659447396597,53.155191878415366,64.51529788820687,-58.34214664043683,-35.77059905293724,-22.197989830686367,0.928582477177108,12.367492371981676,0,1
541,-0.3467155038867453,1.1869875474139673,0.7631940241558249,2.47659447396597,66.81152310587191,67.5084205369503,-71.58327544107988,8.293680323940109,-42.242859536487344,2.2453355977621543,13.356312040243154,0,-1
542,0.3380431454533188,0.6231245937614025,0.7631940241558249,2.47659447396597,4.575022210484008,28.607981404908003,-61.3751235458269,45.18985897015256,11.344122701982911,1.2042645385776654,3.3983071851073463,0,1
543,0.6320541731253937,1.0184839705459003,0.7631940241558249,2.47659447396597,27.193664642461428,55.94501456814987,-54.26495250440279,-23.42090125721903,-2.778609678249751,0.4714573234140289,7.757733475987642,0,1
544,0.5162309107570635,0.8500792539592552,0.7631940241558249,2.47659447396597,5.283778464461648,31.712495905992256,-88.35878283940099,72.01853269216551,19.98155695673149,2.2275200727027262,4.639929681058311,0,1
545,0.3348359460714682,0.4416463602884075,0.7631940241558249,2.47659447396597,22.24224046459713,27.040785997880107,-21.317105205900617,-4.916598654201223,-11.875447288261086,1.2303451096949092,4.774918091404926,0,1
546,0.6962003694687924,1.024481059096261,0.7631940241558249,2.47659447396597,14.389412926421755,27.28529279029081,-55.02081493793424,17.991344063297674,10.355030987571382,1.255055062231703,5.923226722942319,0,1
547,0.4600635673812467,0.3872370888932101,0.7631940241558249,2.47659447396597,14.857274411197068,37.44009699891072,-79.01260724995687,21.405403097913563,16.274413300620694,0.6027995287733696,6.902355021244835,0,1
548,0.1259315455731879,0.8050765155144602,0.7631940241558249,2.47659447396597,13.454133067781145,39.000876326153445,-75.49798275639586,20.72613669497663,12.01741025222583,0.190985061286085,5.838774075388463,0,1
549,0.4021890337747009,0.6074838661402577,0.7631940241558249,2.47659447396597,26.282560907784685,45.781190051563215,-78.04151348572007,30.158825076496413,1.4409940481423291,1.7413570038588777,8.005076296606923,0,1
550,-0.3226756604377367,0.8690595442690159,0.7631940241558249,2.47659447396597,4.9880478024782064,2.316820113457368,-26.52263958398609,63.643699290670185,-6.872928940111223,0.4268286262498948,2.008193155446836,0,-1
551,-0.1267278290976405,1.0401366818869104,0.7631940241558249,2.47659447396597,54.85252117893492,48.89710375117596,-54.8706928691574,15.142676156321528,-34.61694619939834,2.359053110802681,11.053672265844,0,-1
552,0.6450475386869279,0.8257456276482511,0.7631940241558249,2.47659447396597,13.29204059445594,42.834923518685855,-55.44351562827882,-7.850983409189723,10.161171547046678,0.2298648109967769,5.609927208998991,0,1
553,0.1260957793920243,0.7951292488773793,0.7631940241558249,2.47659447396597,19.23108730119773,8.834110916500393,-11.0827886644267,-2.040183183611191,-10.05790583633808,0.4572402060439748,4.510831958615237,0,1
554,-0.3284437106639095,0.9802966043333012,0.7631940241558249,2.47659447396597,45.06120562811799,47.91851282421493,-51.06102258029191,10.259532920006762,-29.80170006759208,1.5857637824663748,8.795693776030054,0,-1
555,0.5394604723211112,0.6738850318011503,0.7631940241558249,2.47659447396597,37.326675661728814,40.883379878647816,-27.71052964054526,-26.33187410428097,-18.63723244719301,1.2917971578398824,8.231458037701925,0,1
556,0.1595945692126963,1.0387964105951204,0.7631940241558249,2.47659447396597,-1.162604449159474,19.43076423289681,-44.46977378247796,40.137337664581736,9.648769679749677,0.1611899224764649,2.065344456727307,0,1
557,0.1829612712422395,1.0938958372457608,0.7631940241558249,2.47659447396597,63.633617860975306,69.7076014791613,-88.423301695352,-1.0450947193048137,-24.95501435622272,1.781905828671138,15.144526282344389,0,1
558,-0.3004564635735204,0.6274792067242596,0.7631940241558249,2.47659447396597,28.672722105789035,18.29594539013786,-6.995151182025538,-8.883001917610798,-25.266362173670004,0.6330793533773003,4.693011766717766,0,-1
559,-0.0073311817161685,0.6998432480931727,0.7631940241558249,2.47659447396597,60.02006470731095,42.02468955357094,-1.7499750954232098,-38.102181715030966,-52.0110851847206,1.855267672214036,9.912498223871792,0,-1
560,0.690003456083697,0.980152107203189,0.7631940241558249,2.47659447396597,51.03025414177546,54.44156783280053,-41.23005448029608,-55.19747542223479,-19.104325724917476,0.5240461090124846,12.309750666381632,0,1
561,0.2720951371341336,0.5253102159267532,0.7631940241558249,2.47659447396597,34.61209738617606,55.7121553351648,-86.73578821618374,26.666732261064368,-4.312947936245507,1.7276812020930543,9.593165543486055,0,1
562,0.0263891021071314,1.160929977065143,0.7631940241558249,2.47659447396597,47.35511951768424,33.67920901056101,-16.041276712353636,6.0114094115429,-40.93347206762849,2.7633813479147302,7.844107712778998,0,1
563,-0.2001082199939983,0.9027133758615832,0.7631940241558249,2.47659447396597,14.981982233275446,26.533074499081906,-75.16495950856338,84.83649863216732,-1.116107468543632,2.6060030373034717,4.280936014843352,0,-1
564,-0.5565421114360376,1.927750147532036,0.7631940241558249,2.47659447396597,24.769724725543625,29.083029844562645,-41.75229117634344,45.78519774626545,-22.11626189931673,1.6944595119309944,4.153056663022263,0,-1
565,0.368924578654917,0.9470922159225124,0.7631940241558249,2.47659447396597,-26.618828598312263,9.330827922706249,-84.35688947712828,62.6371397605393,51.30803982047803,-0.5806797542411919,0.2007058637565699,1,1
566,-0.5582303801311503,1.362948381439816,0.7631940241558249,2.47659447396597,24.43764602263417,39.007153149558576,-79.24166457946038,60.10414952838235,-8.491795376251716,1.4836434800052984,5.982976435747197,0,-1
567,0.8923833949416943,0.9780465087447384,0.7631940241558249,2.47659447396597,4.463925334092323,13.37905170106741,-22.49602070581041,6.061815143184617,9.739141773830012,1.2819646531625586,2.871431147278157,0,1
568,0.24845753861762,0.5945114615640911,0.7631940241558249,2.47659447396597,-6.3976500068559545,18.371429715596904,-96.68643476512852,88.74255513516573,32.746676265335395,1.4734731172501665,3.1371710042427,0,1
569,-0.1342048362653809,0.5893130842585502,0.7631940241558249,2.47659447396597,58.23078140635778,60.15910756421528,-62.05423538847976,-6.178233371279134,-33.14178321967046,1.574540762863979,12.217493210085504,0,-1
570,0.9381730076139244,1.221830020024933,0.7631940241558249,2.47659447396597,67.64736357606881,93.59367384501064,-73.24195926667406,-68.07796317900998,-25.02817568761087,1.0461141951178297,16.216025052189913,0,1
571,0.4677966344048467,1.5503926639884975,0.7631940241558249,2.47659447396597,8.71189402572439,27.9560963648992,-54.84393896377707,57.02846860601991,3.4261932360346066,2.093368886955357,3.687265249844704,0,1
572,0.7639905564247482,0.8728568054278927,0.7631940241558249,2.47659447396597,26.5180975430698,48.70349094938058,-80.63154871857247,2.251648059923923,10.775600893124349,0.8551557334395312,9.5401569145129,0,1
573,0.1420821418536484,0.2601665493828174,0.7631940241558249,2.47659447396597,-10.645218734963931,14.420039352888026,-82.1164801953901,92.98614137768875,27.57397206146632,0.8437857848306006,1.98298007587676,0,1
574,0.4458101203186383,1.1009572105166234,0.7631940241558249,2.47659447396597,-9.607067915808472,-2.279585299821548,-27.86260269844685,30.659302296263174,20.30792855113897,-0.0442360066733634,0.9588731883909892,1,1
575,0.6784600493441213,1.2063347351592628,0.7631940241558249,2.47659447396597,14.962816719359864,20.604918159136343,-37.13484778280307,18.593331173264204,2.554751934878425,1.6941615380344457,4.9391697687257645,0,1
576,-0.1670121348334363,0.7771303196294403,0.7631940241558249,2.47659447396597,10.813467502098334,21.49349052376257,-76.4155079298663,88.90740221770142,4.111855789594429,2.491428005836852,3.8365521325897234,0,-1
577,0.0743191606649396,0.6360455965677292,0.7631940241558249,2.47659447396597,26.67172282910708,39.22408918908491,-80.06271318206575,21.07528718416134,4.329281290828121,0.5114806694498366,8.653365985076032,0,1
578,-0.0406978260654663,0.248641181921081,0.7631940241558249,2.47659447396597,14.89263950046768,18.851255343526237,-21.011361034688463,9.169885000967753,-9.553796906642347,0.8172605759727549,2.9734700512013688,0,-1
579,-1.0834239303134527,2.170775489738032,0.7631940241558249,2.47659447396597,16.25534003739304,3.102140323759059,-30.06001058782537,69.35507054743326,-21.132627281646904,1.2792214167420286,1.921223994110004,0,-1
580,0.4691131651425011,0.8441401220938626,0.7631940241558249,2.47659447396597,33.785103683619354,34.10031095663197,-30.66027295418027,-8.715731478141947,-16.091789875830443,1.5575451033075969,7.618622987293653,0,1
581,0.5919239687821214,0.4803507591908688,0.7631940241558249,2.47659447396597,-5.826058280766588,16.964455186071632,-53.38183488919055,45.1597475810737,21.552857795715965,0.9970268470130452,1.937957714203236,0,1
582,-0.1068030015535986,0.4694218996226357,0.7631940241558249,2.47659447396597,6.678832327956854,6.996348717050566,-34.95539802439606,52.50671932349985,-1.0874178615354282,1.4668219213517473,2.025099021515709,0,-1
583,0.9290422397105188,1.169230000354253,0.7631940241558249,2.47659447396597,28.39937324306649,56.06668946786499,-80.10830488076701,8.98397948062275,5.879959966175079,1.7576707133902798,9.311244703165649,0,1
584,0.0578946602878143,0.7293951194787989,0.7631940241558249,2.47659447396597,32.27452273340492,47.06891421869187,-74.29920286533404,42.34553640914157,-11.175269410317084,2.275634054223288,7.86072024962018,0,1
585,0.7270259479181299,0.4241846308231222,0.7631940241558249,2.47659447396597,6.999966844654111,11.694707511922203,-1.1571333374362638,-19.6960762236082,1.141586846601811,0.6594202416266404,2.255962352928125,0,1
586,0.8505826155113838,0.297579742457935,0.7631940241558249,2.47659447396597,10.102930338044215,32.2372120693727,-40.61622491593853,-17.158520042908833,12.559186885207296,0.2712026218817538,4.918942450566545,0,1
587,-0.2912119886538575,1.1381680278864612,0.7631940241558249,2.47659447396597,26.64021253735622,46.83559818104303,-88.9279055778191,63.01975127355431,-6.43536887644018,1.9488172858455932,6.978456564768737,0,-1
588,0.4675041995649459,0.6641559288584409,0.7631940241558249,2.47659447396597,-2.4331638081358022,4.518073857947982,-33.4224721638775,32.850806863963896,14.988033640570492,0.8066035588063537,1.87319317982034,0,1
589,0.8661106574849975,0.7940291473747105,0.7631940241558249,2.47659447396597,32.93008331155036,35.59873321816619,-13.499197166192316,-51.51857790413312,-12.689385272002369,0.6422974832578925,7.879086473904672,0,1
590,0.0088980386374721,0.8236693677587812,0.7631940241558249,2.47659447396597,70.15988212959135,55.79334855971268,-31.618928976299216,-37.73540252676908,-48.584196344025735,1.6078732898732646,13.515550322023616,0,1
591,0.4747642011808315,2.307365748096281,0.7631940241558249,2.47659447396597,33.39542777850653,24.48902004964289,-35.267410116322466,6.22844001103357,-12.480884838405728,1.51328271817618,8.40113034088319,0,1
592,-0.4961613661750936,1.1660884239293807,0.7631940241558249,2.47659447396597,39.901193747241166,43.15763004290159,-73.56800296058053,24.52158766480504,-16.14835546281843,0.8273521659128855,9.419048632684252,0,-1
593,-0.2979876768180873,0.6886699069840297,0.7631940241558249,2.47659447396597,41.65750577028805,46.3615681127543,-63.71776113184353,15.586030191418772,-20.57737118399996,1.2310755347950542,9.215435407733684,0,-1
594,-0.2629254932554203,0.5328840394227028,0.7631940241558249,2.47659447396597,32.542511735484624,33.19022772438669,-33.46771404300705,-7.378473799214831,-19.71655262605768,0.4575682292733236,6.6389953501376855,0,-1
595,1.5357376196793688,0.8804739474466309,0.7631940241558249,2.47659447396597,-19.127757730226264,17.485588355201727,-50.91395221306173,12.69330071410289,44.87331226547264,0.3377147461052334,1.4740511158462617,0,1
596,0.3417236635489042,0.6921396179110784,0.7631940241558249,2.47659447396597,43.77088895861422,57.04256888542355,-57.75117383326426,-8.682025420302722,-19.11798368341377,1.5685205708571086,10.045266388128342,0,1
597,0.284333128430438,0.4218042101312542,0.7631940241558249,2.47659447396597,53.56447887452683,49.30371745088678,-0.3359544206423663,-73.2190407496762,-40.85350380980337,0.5805530664870133,9.630925298377676,0,1
598,0.1816537743645163,1.035542155668259,0.7631940241558249,2.47659447396597,53.60500666841739,45.230725698485486,-33.742922686240874,-9.752389102171849,-35.70414995657585,2.155809448398748,10.529936770517608,0,1
599,0.5412283340844793,0.4371993268860659,0.7631940241558249,2.47659447396597,0.1798085991799496,3.237159415067054,-0.8507711121232262,5.591622372096509,2.280556636914895,0.3972982298364703,1.1136499548340502,0,1
600,0.0019241758409848,3.165239029636572e-06,4.121352885726401,32.50711697721612,-9.77403516526624,27.54618376196764,-31.860260450584025,-28.940781508683244,-4.382704443144576,-8.287666129825605e-05,8.168229457558983e-05,1,1
601,7.892871241233163e-05,4.75747865035875e-07,4.121352885726401,32.50711697721612,-49.19957062815477,14.651028108837965,-79.18590828821004,-21.954016149797127,12.151892828844652,-3.764468712124812e-05,3.8285597109135645e-05,1,1
602,0.0005321996828119,2.8564826200145107e-06,4.121352885726401,32.50711697721612,77.26494648292879,28.503887728348104,-61.439330827969165,-44.94203960219756,-19.62592740444984,-7.775480160987855e-05,8.184033191002043e-05,1,1
603,0.0013575740539778,9.20786878279842e-07,4.121352885726401,32.50711697721612,-46.14807081341845,21.4450876526312,-52.84811662433301,90.14294012467175,6.951559926892003,-6.068750088197411e-05,6.168073805927374e-05,1,1
604,0.0010407402964442,2.922329386323213e-07,4.121352885726401,32.50711697721612,-80.62673955079597,15.49173951257326,-52.96131014995304,-77.20090877480175,16.66481716437127,-4.214150842131999e-05,4.234884499339363e-05,1,1
605,0.0007668496863431,2.7354489242264595e-06,4.121352885726401,32.50711697721612,66.28998745352942,27.41885521749225,-51.554360121993206,-44.15096071054905,-17.743820978764376,-7.5510114288539e-05,7.945890509744337e-05,1,1
606,0.0001954686549238,1.1752965458378997e-06,4.121352885726401,32.50711697721612,69.49330917839396,28.26941611750968,-77.06733939676384,-2.054526290763363,-17.634171033464654,-7.826905328928816e-05,7.904719062598367e-05,1,1
607,0.0009513842361637,5.75326471799507e-07,4.121352885726401,32.50711697721612,-34.2666613414176,14.682079845524967,-34.331819634848344,7.0992211544907065,5.198037058336354,-4.211571932476073e-05,4.192580733531074e-05,1,1
608,0.0027824951751343,1.6639716946286084e-06,4.121352885726401,32.50711697721612,-60.25757679532416,34.535853920883795,-49.8496305881602,57.41537501576147,5.67939025996327,-0.0001020263089826,0.000102971189356,1,1
609,0.0011849301442539,1.943256485982621e-06,4.121352885726401,32.50711697721612,-22.22229597779399,24.831039347282484,-64.64960220238251,75.90536534028587,2.1621180368655075,-6.825348753186182e-05,7.100322335108846e-05,1,1
610,0.0019632809336007,2.4461745266737987e-06,4.121352885726401,32.50711697721612,46.38984930771329,44.763550179230094,-80.03357245794784,78.25543681164012,-18.044037498660305,-0.0001291238374546,0.0001299295827263,1,1
611,0.000562111298008,1.0576362505472545e-06,4.121352885726401,32.50711697721612,-19.0368350654321,27.97269375439701,-97.70823734302492,-87.12388177064283,3.2156417542937845,-7.547044086517009e-05,7.622993148030064e-05,1,1
612,0.0024718643407871,9.734956597523348e-07,4.121352885726401,32.50711697721612,-21.06674365712476,25.955431564826316,-8.324642998071837,-7.67091333831867,-2.987052712827591,-8.033445228949551e-05,8.079895412091073e-05,1,1
613,0.0011456500183014,9.325933410345664e-07,4.121352885726401,32.50711697721612,-30.59081208433234,27.973506047453228,-78.94842793725411,-13.343776866499011,3.8621077837321423,-7.770983749531868e-05,7.815779407006767e-05,1,1
614,0.0005925387349468,2.486989404517453e-07,4.121352885726401,32.50711697721612,-5.6598044684453015,13.07804241381065,-31.867645256660964,49.5646721136884,-0.651215751598528,-3.713457375502418e-05,3.730493310243304e-05,1,1
615,0.0008765513593012,1.2009774415376157e-06,4.121352885726401,32.50711697721612,96.7059778319487,29.543594540393315,-41.1295678775496,46.96654624025325,-26.85782010584623,-8.596271350810723e-05,8.646209775431182e-05,1,1
616,0.0018977234695043,2.4199599769243588e-06,4.121352885726401,32.50711697721612,-13.77253383629504,36.05338173849225,-72.06884628968612,37.4289859900704,-3.25495214361402,-0.0001043685088534,0.0001037857950064,1,1
617,0.0002728323894445,3.313378134639139e-07,4.121352885726401,32.50711697721612,-97.72131177119188,-6.455859542414473,-4.776467062057364,-53.83628142575836,23.543961248204766,-1.987987013327429e-05,2.041183500317952e-05,1,1
618,0.0001417532015228,1.4783698331608071e-06,4.121352885726401,32.50711697721612,-79.98597104765359,3.950431915131219,-47.255968678035664,-59.70589373204205,20.32730442306212,-7.967067598571646e-06,1.0917966634157784e-05,1,1
619,0.0019641636322334,1.5722130428857477e-06,4.121352885726401,32.50711697721612,14.067887350446256,38.01866576422876,-65.63783667677205,50.19131983435216,-10.161260988922564,-0.0001104441667851,0.0001106621731016,1,1
620,0.0013106526580477,5.826027343098693e-07,4.121352885726401,32.50711697721612,-30.01166605705893,16.33642271492539,-22.68022483626825,-52.06967898894072,3.296339740887362,-4.7703979867552834e-05,4.834463481415298e-05,1,1
621,0.0008439003423033,1.7157310480437578e-06,4.121352885726401,32.50711697721612,-92.39194017458546,6.843945704735006,-34.10732066705606,-70.28521051346138,21.175101070444494,-1.5286299116988515e-05,1.8668211219747803e-05,1,1
622,0.0007122313174215,7.070831662364479e-07,4.121352885726401,32.50711697721612,-30.710667973182893,19.07492903372092,-60.3169715592876,-65.06580763964271,5.56220684934874,-5.179843933291026e-05,5.258413003403896e-05,1,1
623,0.0004436221478048,6.4080859359399e-07,4.121352885726401,32.50711697721612,-76.96676728120212,17.840105269285544,-87.45710718851791,-86.10579576322783,17.979350269901673,-4.59784220205434e-05,4.680359673891238e-05,1,1
624,0.0001349466089512,1.031219820318325e-06,4.121352885726401,32.50711697721612,19.25565793991544,18.38879311292976,-64.81331259327217,97.92284434932968,-4.992903612543813,-4.951994507620237e-05,5.096230056164093e-05,1,1
625,0.0004358458667095,1.1146441127168885e-06,4.121352885726401,32.50711697721612,34.31683012340065,26.731120907373025,-74.61771625136564,-65.06394234352192,-9.579648833589388,-7.354258257068343e-05,7.441842981589726e-05,1,1
626,0.0019073051186577,2.57185367113517e-06,4.121352885726401,32.50711697721612,3.072427553944124,35.82026381872248,-62.17038077920319,4.274326272030791,-7.412340782614791,-0.0001045032011477,0.0001038516749731,1,1
627,0.0025540916835137,1.0784129443959111e-06,4.121352885726401,32.50711697721612,-96.31110486344656,22.53377047878456,-26.52204745258507,42.38227474997376,15.471871985834357,-6.804312274864548e-05,6.919520459990191e-05,1,1
628,0.000687981836814,4.394850847024787e-07,4.121352885726401,32.50711697721612,-5.658766081998408,17.342682904527365,-42.614290573164496,-60.71223672443953,-0.7077471703018432,-4.843932627970883e-05,4.875687177461969e-05,1,1
629,0.0024901257153029,2.481058966275885e-06,4.121352885726401,32.50711697721612,-75.6093004793553,25.89290034477507,-36.51024344387178,67.20428129781789,11.256089714011637,-7.498206953519392e-05,7.863488424826216e-05,1,1
630,0.0001935152627949,6.378829770954811e-07,4.121352885726401,32.50711697721612,48.575767674551,23.660830207571976,-68.46218771719646,58.63507589786309,-12.816667459380255,-6.594583218033043e-05,6.589593104180483e-05,1,1
631,0.0026476296840296,2.0925955350845547e-06,4.121352885726401,32.50711697721612,-14.10312475339343,39.0034606267632,-52.3811106588806,17.52596834648672,-5.175495030328236,-0.0001146654081581,0.0001157383477,1,1
632,0.0005093682252979,3.825867285067594e-07,4.121352885726401,32.50711697721612,-43.0229885738286,11.005558568153065,-45.357696605296695,94.57952254261446,8.911123012238193,-2.9545244833208157e-05,3.0116958861259023e-05,1,1
633,0.0042676768011655,3.816374300809711e-06,4.121352885726401,32.50711697721612,-70.44450791612182,41.36262486753705,-18.41575238450362,-6.143655355092619,4.210464316188876,-0.0001254238552005,0.0001293973040931,1,1
634,0.0044061014035472,3.4023075042552624e-06,4.121352885726401,32.50711697721612,7.08643692847744,53.15581441522727,-25.381876030423456,89.87820575913929,-16.672343878850285,-0.0001634936030582,0.0001640364521046,1,1
635,0.0001750070520478,7.805726575886805e-07,4.121352885726401,32.50711697721612,26.81344276364244,25.440381296611704,-87.70148418199226,94.24503689210138,-7.313914065881605,-6.963706013334216e-05,6.999995868262308e-05,1,1
636,0.0009326951827696,1.955203977149789e-07,4.121352885726401,32.50711697721612,-31.561575208996828,10.316487076851132,-15.063199524252454,-40.15603931176632,4.798843271694892,-3.032276106239676e-05,3.0509359819836197e-05,1,1
637,0.0011918133792276,1.0182527981132084e-06,4.121352885726401,32.50711697721612,7.994068794178617,24.754152673499547,-44.57591536682863,-90.07045220149274,-5.580966481197507,-7.046299008260743e-05,7.129100747821598e-05,1,1
638,0.0013233747012776,9.095146499394092e-07,4.121352885726401,32.50711697721612,20.36594002782228,20.15830907303679,-17.019981370027324,16.061375156129245,-9.270664433554488,-5.99782022440147e-05,6.091739564060351e-05,1,1
639,0.0005088124821865,1.040286054280418e-06,4.121352885726401,32.50711697721612,36.11362924943836,15.934851903839656,-29.001407104738632,27.46933374168452,-10.255159439117037,-4.4809094746959184e-05,4.6366556598082175e-05,1,1
640,0.0015805187253319,1.000436770823939e-06,4.121352885726401,32.50711697721612,-78.500886333072,23.296728664498985,-61.875356452106885,-50.65127750805812,14.51280382131253,-6.480144960224696e-05,6.58588201382563e-05,1,1
641,0.0023703590295019,1.1580677229796885e-06,4.121352885726401,32.50711697721612,-63.18099079375988,29.6091115034682,-45.87189060098549,-28.0992232901325,7.641287046145592,-8.74120190740823e-05,8.725472225905575e-05,1,1
642,0.0024942153347768,7.903023904592383e-07,4.121352885726401,32.50711697721612,-95.65237529129912,21.97223340364592,-24.24346825950869,-31.543167584750307,15.505063584039618,-6.644144342836187e-05,6.707172257802001e-05,1,1
643,0.001528119400653,4.657684649559224e-07,4.121352885726401,32.50711697721612,-50.592974948949255,21.302583015099287,-41.77150711230871,-79.79104888956125,7.54802439406113,-6.126574069584773e-05,6.134995650698166e-05,1,1
644,0.001254781635536,1.751178815313249e-06,4.121352885726401,32.50711697721612,92.1766503061662,31.00974167132364,-32.96055087745529,30.28303956840716,-26.71782988234948,-9.074396177489412e-05,9.21284648318537e-05,1,1
645,0.0038201707993868,3.7553596793218137e-06,4.121352885726401,32.50711697721612,-67.45019344634831,45.4811314556768,-53.30923679737863,1.840943933508214,4.7713988497743145,-0.0001337681298479,0.000137088230434,1,1
646,0.0023229275651344,1.399592746819436e-06,4.121352885726401,32.50711697721612,-74.45882309688068,32.45455397851538,-67.1801948224368,34.84407553499631,10.75760459908406,-9.334895139616851e-05,9.416632284318966e-05,1,1
647,0.0026976750325522,1.4796308688378023e-06,4.121352885726401,32.50711697721612,35.52860026497734,33.06944797976627,-4.291597733557197,80.09489421611198,-17.951724148353534,-0.0001029906555954,0.000103425198219,1,1
648,0.001811927765705,1.0471219818095563e-06,4.121352885726401,32.50711697721612,-54.60205890051017,19.21895998716971,-23.27324431580989,-94.20988680809764,7.994678194883306,-5.616157340282521e-05,5.753666940999055e-05,1,1
649,0.002178578075848,1.1768417545783617e-06,4.121352885726401,32.50711697721612,-44.03474631726254,23.20412406616974,-21.047201617560688,50.1072249562464,3.344733560176863,-7.122755133504985e-05,7.091639774545773e-05,1,1
650,0.0006187412190582,9.498606956228458e-07,4.121352885726401,32.50711697721612,-20.290002767194707,7.769242411250872,-13.402595538007844,-12.051763890980354,2.8239150821021184,-2.3082526331320223e-05,2.263614243089313e-05,1,1
651,0.0006159325100873,1.089952634153466e-06,4.121352885726401,32.50711697721612,15.095972543172536,21.79108584310157,-56.78364529230748,43.23003355822328,-6.00332472683445,-6.155302455480143e-05,6.123334073700444e-05,1,1
652,0.0003307666173233,7.383858288718881e-07,4.121352885726401,32.50711697721612,-95.78735598484684,8.065508299366854,-63.183718109019104,-4.603897944652886,23.03332197424677,-1.873990475763594e-05,2.0157018598294305e-05,1,1
653,0.0001524401231126,1.4031927256764811e-06,4.121352885726401,32.50711697721612,-94.55188378319042,0.5838323954592681,-37.89344175622876,-2.3916968757711032,22.69537507157304,-4.076401264375323e-06,3.37597157031617e-06,1,1
654,0.0012166190270629,2.3719385217438325e-06,4.121352885726401,32.50711697721612,-21.29273863985537,16.997090540765043,-30.5681414903206,28.38713964332402,2.350752631836997,-4.647989880271816e-05,5.0674005856734046e-05,1,1
655,9.43323210633051e-05,1.052015426802922e-06,4.121352885726401,32.50711697721612,-17.26540301559629,6.955655697824099,-35.30671704979433,50.14944285627237,4.460411718427565,-1.701420258012599e-05,1.9046330644369052e-05,1,1
656,0.0026728708035977,1.0431106486518671e-06,4.121352885726401,32.50711697721612,-84.78255722140595,29.33645066593394,-40.174899707963895,-90.50998708202678,12.2628526981444,-8.678538732313524e-05,8.719595497273024e-05,1,1
657,0.002577914624359,7.930967344706055e-07,4.121352885726401,32.50711697721612,-49.72547366523632,26.313258850800423,-18.32668071497774,11.726070897647276,3.6098644431948657,-8.08853577927983e-05,8.100624283977397e-05,1,1
658,0.0030931066550018,2.190629160823742e-06,4.121352885726401,32.50711697721612,-56.044431788942425,45.556953826718285,-78.95758231016757,60.52893459790988,3.2715901237308174,-0.0001334169180163,0.0001333274713202,1,1
659,0.0016194295466452,2.702446055915364e-06,4.121352885726401,32.50711697721612,-60.20714179470179,9.903387393091336,-3.892056999910793,98.43240098160362,10.783738109392417,-2.8505167444194136e-05,3.370588155806943e-05,1,1
660,0.0022341532279955,1.8314065990265507e-06,4.121352885726401,32.50711697721612,32.207718845908744,32.97850895081581,-24.2945683104186,-6.404538591481085,-15.130902240373388,-9.857698320931605e-05,9.987335607444515e-05,1,1
661,0.0006263200726005,1.6585034491755438e-06,4.121352885726401,32.50711697721612,97.74822089836243,33.09811847496462,-63.49820083150794,-82.23485141531455,-25.844726901747592,-9.348922838555088e-05,9.454046907283572e-05,1,1
662,0.0001525014394713,5.477313753765897e-07,4.121352885726401,32.50711697721612,6.669492124072974,13.258667023673524,-43.98043339934588,-64.16470353248944,-1.8049330143443851,-3.5577822645412235e-05,3.6359649127422565e-05,1,1
663,8.333944413431167e-05,1.867000724335148e-06,4.121352885726401,32.50711697721612,-34.05959642828276,7.002451954651988,-42.85216141759651,-33.87067185006572,9.315216274577452,-1.5604075172136323e-05,1.9279139870781352e-05,1,1
664,0.0031135136966063,2.6635927571925256e-06,4.121352885726401,32.50711697721612,92.32774659467756,45.480343658009616,-10.470238764303048,35.56896623501044,-33.29769204474367,-0.0001397023390456,0.0001402568363019,1,1
665,0.0006002999077443,7.653760576388139e-07,4.121352885726401,32.50711697721612,-42.03876350348994,13.463676551119889,-50.36216603135376,96.25274747491387,8.094656003173824,-3.7223962462823584e-05,3.6916036166028326e-05,1,1
666,0.0010873991953544,1.0128683942213073e-06,4.121352885726401,32.50711697721612,95.0947345223205,29.977079286647097,-30.639927419831626,-87.85222765355074,-27.034110328308984,-8.80648939005176e-05,8.81124227344869e-05,1,1
667,0.0021997040534215,9.60926046535228e-07,4.121352885726401,32.50711697721612,-90.5780985891287,18.47107223163104,-20.813243547983543,-37.22945602412582,15.443229426834776,-5.532044624898876e-05,5.6580392894034205e-05,1,1
668,0.0012134488534139,1.3810153417079284e-06,4.121352885726401,32.50711697721612,-16.34226454591692,16.23087339397857,-22.251189105005963,64.91157510100507,-0.3527715457658047,-4.897493490437667e-05,4.841796477478688e-05,1,1
669,0.0042654967537234,1.862490590030523e-06,4.121352885726401,32.50711697721612,-88.0787316565218,35.00499590868898,-0.3757357619062276,97.0498180448152,7.483206151863911,-0.0001119516320744,0.0001129251670974,1,1
670,2.947951014030772e-05,1.9246168823043857e-06,4.121352885726401,32.50711697721612,-61.71457345791502,4.6127087592174405,-49.61523547437792,29.60411237053131,16.265431653918384,-9.259765403315998e-06,1.3095547991068292e-05,1,1
671,0.0003189702992269,1.543798204099389e-07,4.121352885726401,32.50711697721612,15.643567565767142,8.41844848411779,-13.057540540902636,-28.04052718137082,-4.847537311342336,-2.419370242705417e-05,2.4355809646835317e-05,1,1
672,0.0022988786518528,9.0193600845999e-07,4.121352885726401,32.50711697721612,-46.4593943141671,26.44505314286096,-27.43793916004901,-84.21930241604876,4.016510935717619,-7.897312141774186e-05,7.93570080859578e-05,1,1
673,0.0001127584210662,7.120389161340352e-07,4.121352885726401,32.50711697721612,86.64509664810961,22.74083727984693,-51.29621819887744,58.63527726133523,-21.855587247198784,-6.427640354263557e-05,6.461406292339012e-05,1,1
674,0.0027009081490346,1.81446412472654e-06,4.121352885726401,32.50711697721612,-26.24464225142175,41.5705977326258,-63.95635307617119,-38.62047456436735,-2.505524686820195,-0.0001216652595292,0.0001218316680059,1,1
675,0.0020234553102214,1.4238809467488264e-06,4.121352885726401,32.50711697721612,-79.90575980213299,22.98274047593772,-43.12920713709696,-24.638023153879917,13.552751491332105,-6.572053921390753e-05,6.759134884125272e-05,1,1
676,0.0006172186176395,1.6811458379760825e-06,4.121352885726401,32.50711697721612,-9.747497420026406,23.31427624625869,-77.88569917732099,97.45420813624258,0.843309227433565,-6.264540366945426e-05,6.504044326626212e-05,1,1
677,0.0025610066848934,1.991886187384994e-06,4.121352885726401,32.50711697721612,-20.174249763799253,27.62450893849018,-12.381187195192568,-10.550630870472006,-2.9472369266191407,-8.34632124354985e-05,8.57965159096202e-05,1,1
678,0.0014083204484301,1.7130494690753234e-06,4.121352885726401,32.50711697721612,-24.09856038863869,23.90598290217261,-49.76634488488756,4.76865870827676,1.8937983538325227,-6.695666641692704e-05,6.929921889821125e-05,1,1
679,0.0038985493162524,2.637451584270485e-06,4.121352885726401,32.50711697721612,-34.7622659138964,48.58643744498602,-42.64070152992665,-92.47916803891644,-4.416559629870093,-0.0001464753860478,0.0001463743445503,1,1
680,0.0022460955374407,2.550722489020818e-06,4.121352885726401,32.50711697721612,-7.396183805937667,31.21604860978252,-34.24836418225733,-74.36075795326404,-4.688305483303012,-9.041880989392276e-05,9.352351598357847e-05,1,1
681,4.78293445496116e-05,1.0085422367886426e-06,4.121352885726401,32.50711697721612,-60.82171821781037,6.645880205387414,-52.58032029206591,-75.97272545822666,15.641305648284302,-1.530803917759061e-05,1.7282811583051775e-05,1,1
682,0.0008233481680692,3.041725481671376e-07,4.121352885726401,32.50711697721612,-69.45902893610199,18.96149310631374,-74.0844353207008,23.649633620212484,14.365820787125358,-5.131632286680646e-05,5.130563435854647e-05,1,1
683,0.001887538912002,3.4635314962382906e-06,4.121352885726401,32.50711697721612,92.078690475257,52.784229948210736,-96.1395058010503,82.13517466249121,-28.995614672761533,-0.0001515009930733,0.0001526909427183,1,1
684,0.0003963162285522,1.6777176474257465e-06,4.121352885726401,32.50711697721612,-35.38883685591972,21.28781289141608,-86.90296232072538,42.470955962913536,7.1435047040577615,-5.77629628370844e-05,5.711027329713073e-05,1,1
685,0.0005274943926292,2.257347043482921e-07,4.121352885726401,32.50711697721612,-99.77689305291466,-4.889789425804622,-3.9602181962904695,69.67554641856145,22.89466354084284,-1.4643532077527867e-05,1.5014420288428044e-05,1,1
686,0.0016798987246413,5.753475203043751e-07,4.121352885726401,32.50711697721612,-50.36905636684506,15.166937206410507,-11.504735325502509,-28.85295967321497,7.054089104408661,-4.6124367573799605e-05,4.680483549483624e-05,1,1
687,7.694273039696468e-05,6.348811914030445e-07,4.121352885726401,32.50711697721612,66.83394695517129,23.93704543389434,-64.25778964256247,-28.915069055712834,-16.763306604668756,-6.67256905348457e-05,6.668880388914522e-05,1,1
688,0.0016707299191179,8.429515214710017e-07,4.121352885726401,32.50711697721612,-22.08522292142064,27.16474095626017,-48.830169116912536,-2.7347793771910887,-0.103879625211249,-7.872513497530099e-05,7.896182472165488e-05,1,1
689,0.0005754514244341,3.5522466579979054e-07,4.121352885726401,32.50711697721612,-68.93405762829217,16.14940854773799,-74.65426302382956,86.843090686464,14.925781641669772,-4.308040583637869e-05,4.3000370123650046e-05,1,1
690,0.0018064851452751,1.4227845034482324e-06,4.121352885726401,32.50711697721612,-23.11069025068487,24.79087301848699,-35.60125026316746,32.912672117176555,0.0279100009254591,-7.220477245731353e-05,7.381451143838387e-05,1,1
691,0.0024968262152218,1.242986401626755e-06,4.121352885726401,32.50711697721612,-11.113371561224652,31.728452491124077,-29.002523176641205,95.82155868760012,-5.784336571525856,-9.61344579121671e-05,9.6467471001069e-05,1,1
692,0.0010359206978722,1.1940497341456046e-07,4.121352885726401,32.50711697721612,-72.34174813059211,3.9236633840761073,-1.5481118901093112,-85.11330407054866,14.64610519985807,-1.2996078501100064e-05,1.3205725609697703e-05,1,1
693,0.00206108973182,3.063097168454959e-06,4.121352885726401,32.50711697721612,51.08543058004258,32.32920734938588,-24.345594263884337,55.730131241827166,-18.58819915801604,-9.474876537457688e-05,9.859026892473856e-05,1,1
694,9.618430709812674e-05,1.6201621835790396e-07,4.121352885726401,32.50711697721612,-14.204974513227056,4.6831295721980695,-20.350364917932083,-44.03032590579952,3.259675854218159,-1.2378464542327976e-05,1.2305699181867264e-05,1,1
695,0.0025056237946914,2.376749241613233e-06,4.121352885726401,32.50711697721612,-56.881704690986126,37.57552317525503,-73.14279669539766,26.698529332425096,6.171012584877843,-0.0001073932465813,0.0001094446659432,1,1
696,0.000108754642731,6.85201703955087e-07,4.121352885726401,32.50711697721612,-40.70843830174677,11.383626393815476,-63.14930305034508,62.86685043844327,9.938753763037925,-2.8883719155395263e-05,3.006753476705914e-05,1,1
697,0.0025912897867911,3.1617594613107617e-06,4.121352885726401,32.50711697721612,47.9630914619629,50.23719573134633,-73.80264467664898,47.366572369409454,-20.411425602758044,-0.0001464761268987,0.0001475614482424,1,1
698,0.0012613647819407,1.582620584571549e-06,4.121352885726401,32.50711697721612,26.625722325117792,26.78855522328891,-45.44020622803215,38.81990824217837,-10.429452263454664,-7.661029025032864e-05,7.831404089791581e-05,1,1
699,0.0005632601150663,5.03424414741121e-07,4.121352885726401,32.50711697721612,50.806096964542405,20.75284619860234,-35.520259304934655,-95.7584184115002,-14.257933353162173,-5.9266563632714446e-05,5.938305632886076e-05,1,1
700,0.4625732795653308,0.1651656337617208,1.2158541232221989,2.735354949826481,5.540154486125175,21.685949474098123,-96.26467996026489,44.09933557071969,39.12650326986699,0.3291003702278606,1.7654829585341925,0,1
701,0.5216271610001517,0.4965609714233767,1.2158541232221989,2.735354949826481,63.76293071446196,37.42192207525673,-91.03227869252514,11.454643701946084,-0.2813742790377205,1.027686967413829,3.492844001716419,0,1
702,0.2807256677675248,0.1050090257162301,1.2158541232221989,2.735354949826481,21.251438805029537,8.742383986517325,-10.682468214831516,-11.58892733064694,-4.962585904719873,0.3433911877388723,1.0143665875152643,0,1
703,-0.1458614570250453,0.4934699710700862,1.2158541232221989,2.735354949826481,53.42825057510018,15.76817962367636,-18.37747566542869,17.673803019034494,-36.1246326646302,1.2257280946910518,1.5894894818983143,0,-1
704,0.1784238732383052,0.462383600921643,1.2158541232221989,2.735354949826481,25.727496604133165,23.097312853152417,-94.11278436857744,93.6772622171132,9.51698683865918,1.7183740497500426,1.806567693659016,0,1
705,0.356601038178843,0.4732602548406313,1.2158541232221989,2.735354949826481,5.965500999585444,-0.797021966364639,-16.65628049826607,38.40887711377076,3.983967295684423,0.3150567757072908,1.3360704810886064,0,1
706,0.1676536965787982,0.4121714348582453,1.2158541232221989,2.735354949826481,73.68782804678361,35.6081187285962,-80.31435559856845,27.79524163855507,-20.211801384018543,1.4199632334599488,3.277958849973683,0,1
707,0.5475326872529083,0.3025775705139396,1.2158541232221989,2.735354949826481,51.84909850634492,27.588225174955426,-48.68073831360682,-24.674016688379226,-4.853798043355837,0.5275291067087229,2.6723466181390503,0,1
708,0.4777666211880301,0.2472539317350749,1.2158541232221989,2.735354949826481,-8.706814025438007,7.645833101625968,-19.831556042674748,-6.1922246006314055,19.82670417352801,-0.0773216025996252,0.3579643904486942,1,1
709,0.2278450669842506,0.1250129911683201,1.2158541232221989,2.735354949826481,70.83113445541457,32.50013874719116,-47.561112051937,-31.67114927359313,-22.64730226009513,0.4654048907049057,3.0249735498508645,0,1
710,0.150692374870865,0.0690598827349215,1.2158541232221989,2.735354949826481,46.21175097602435,26.83081218861878,-57.971139676248754,1.1797702030263366,-6.6710761658683,0.4749713497242009,2.266014011607784,0,1
711,0.260444629413284,0.4414442709684368,1.2158541232221989,2.735354949826481,50.62627287251104,24.761822700137444,-57.10330044535527,29.93281521485557,-13.503771439540683,1.397477561674133,2.272149333415665,0,1
712,0.1881362288269684,0.3697290541930818,1.2158541232221989,2.735354949826481,9.41452569147836,10.80529016621952,-36.81901533779868,54.78442865040469,-0.1597301464304195,0.4415809093188292,1.417471679851811,0,1
713,0.1297304105306927,0.1973862360502993,1.2158541232221989,2.735354949826481,11.78150294341485,13.918700090728336,-53.7834889945088,56.672745578593066,6.071675791303477,0.7912166696176862,1.172241980055037,0,1
714,1.0317378283795158,0.5289940682290616,1.2158541232221989,2.735354949826481,41.90869919381876,29.09618016866972,-36.215539940348805,-53.451370215998686,4.685051525408923,0.4806947913478877,2.456712685739156,0,1
715,1.162404204179628,0.5705975050604465,1.2158541232221989,2.735354949826481,27.614613300498632,35.11065341717142,-58.6748534302962,-39.45654462696875,20.99332954480424,0.3940344886535519,2.330295770456262,0,1
716,0.0721742059413438,0.2032899964283426,1.2158541232221989,2.735354949826481,-29.82054889976699,6.192977829499839,-76.99940837375605,80.26222900928352,44.08967828010185,-0.0970268863812593,0.3602005406796164,1,1
717,0.4662519091945658,0.3825884325575422,1.2158541232221989,2.735354949826481,51.29092237458048,26.37260273346658,-51.32779730298306,-3.506919060849853,-8.0657841091071,0.905903238830061,2.520356564784456,0,1
718,-0.0390138026245749,0.2787539135034234,1.2158541232221989,2.735354949826481,27.340165457419214,18.67767940961147,-87.06525368184404,51.5219091747401,14.82453487743878,0.3551354042606273,2.1320192063489225,0,-1
719,0.1480240816447837,0.1134841842100454,1.2158541232221989,2.735354949826481,-3.058532678125274,0.5307048051109717,-7.395138157478314,-3.6897822848762583,9.096434106079698,-0.1599309698258083,0.2092237585519498,1,1
720,-0.012006485891487,0.065826541212706,1.2158541232221989,2.735354949826481,87.98313624321727,42.79476177031415,-78.5766244751898,-20.177748016158347,-25.79341312015116,0.4063816141068113,3.834528017310136,0,-1
721,0.1595055605927779,0.5557168325266921,1.2158541232221989,2.735354949826481,35.922797531377995,3.3702678929324605,-4.193817851769353,28.495026637398183,-24.402785251007344,0.7892842040781247,1.833307123715463,0,1
722,1.2713262453768155,0.4168388933607612,1.2158541232221989,2.735354949826481,-44.44460941561559,8.224882035075012,-55.479207359348216,1.3077133433754256,71.72051936273857,-0.2312494805921107,0.2623818733336012,1,1
723,0.7267504176288415,0.550487209757876,1.2158541232221989,2.735354949826481,-17.074945720025752,9.415846771327068,-49.57169450836072,6.82278885959991,43.03358086454975,-0.0791086271386757,0.6767964098786963,1,1
724,0.3694212142079546,0.2489089098493963,1.2158541232221989,2.735354949826481,25.60502513503839,15.15787964600878,-45.652960639398245,12.764268843656112,6.039157845570074,0.5680508861023723,1.6926098308876272,0,1
725,0.3279629931643851,0.4752909781903015,1.2158541232221989,2.735354949826481,17.73263116508336,22.30287552046147,-53.4979025171688,37.14276594900616,3.2867209387310368,0.6461572568078274,1.570886811361519,0,1
726,0.030746674975196,0.7352093658411685,1.2158541232221989,2.735354949826481,-1.1683432772039168,10.809628450969043,-39.43673270738304,1.7003398595231545,18.175974316309976,-0.509853337708358,0.6253232779008461,1,1
727,0.2366511526950081,0.3185352296568849,1.2158541232221989,2.735354949826481,59.41838846054733,33.08713544527001,-85.76493946249268,30.27734187809065,-6.373273240873843,1.1379802212493255,3.0162109565105264,0,1
728,-0.1357819046592985,0.3761996164945475,1.2158541232221989,2.735354949826481,22.614501672686814,23.75339588768061,-95.12956152788512,85.79585480460861,9.00366848387361,1.052073999723957,1.6464212826695368,0,-1
729,0.5951711083926239,0.2611086214987406,1.2158541232221989,2.735354949826481,26.91270248731404,27.786062658449467,-76.06600579711186,14.43231353415466,18.03583219981081,0.6558581916383315,2.133974561380194,0,1
730,-0.0477505073705633,0.5565165333451897,1.2158541232221989,2.735354949826481,32.466604459824936,19.182072940160797,-17.584834553685553,8.16097559281883,-24.268923893294694,0.3377853139391006,1.376857458969491,0,-1
731,0.0542025683507827,0.6271618627500957,1.2158541232221989,2.735354949826481,40.43796396430648,23.780892743924483,-88.1504077326686,99.46707002283642,-6.184857639307921,1.9665186311561809,2.1855823748408274,0,1
732,0.6075188265678055,0.2483105127431341,1.2158541232221989,2.735354949826481,81.37602206177499,45.91742765159498,-65.402346479126,-58.19543096175512,-15.765352372984694,0.363871876555637,3.8389587048467297,0,1
733,0.4155152374309628,0.3372748144140828,1.2158541232221989,2.735354949826481,-22.23611622135265,3.2930346878686407,-57.15126697655977,49.37151717549651,41.262778676176566,0.1557823006056492,0.4653018417497074,0,1
734,0.3504499836974262,0.1961397516268562,1.2158541232221989,2.735354949826481,80.32183186026697,33.07317204099874,-30.3279132177898,-57.45775109448103,-31.84735555939197,0.4533174059025162,3.207991544578752,0,1
735,0.4176476430804334,0.9123773061110468,1.2158541232221989,2.735354949826481,74.9780714973713,27.882066422484385,-61.99348305699011,11.79110025888184,-19.559086871592427,1.2897864060460844,3.5770570287845542,0,1
736,0.4888716793217451,0.2265731388541725,1.2158541232221989,2.735354949826481,69.6240120176409,28.928970025733665,-2.485153784087132,-80.75487635576349,-33.617710850169686,0.3108736621881138,2.536400554857277,0,1
737,0.0981348501108188,0.4317679651231321,1.2158541232221989,2.735354949826481,18.94247411827898,22.980263305518434,-83.93564593128418,33.42457130582832,20.137458012307437,0.1546609305141802,1.778662016606531,0,1
738,0.2110044666658486,0.1265715010400038,1.2158541232221989,2.735354949826481,37.18589442345569,31.495045772905456,-93.72488045316422,39.26625582774054,9.874396309890528,0.7711783792331925,2.391710636787229,0,1
739,0.4337158276373882,0.3161784304399742,1.2158541232221989,2.735354949826481,-18.79098721783833,7.915742723533768,-76.95247963289793,59.38978284751829,46.634528905990265,0.2723658000620368,0.7852794118291633,0,1
740,-0.0071135428844475,0.159274489995463,1.2158541232221989,2.735354949826481,43.99309218166471,24.42719638015511,-80.50458753067275,46.38764414971431,-1.6549793826674062,0.8872619462006393,2.3702532471639217,0,-1
741,0.1756461569784395,0.4025361297727082,1.2158541232221989,2.735354949826481,59.23156939253067,30.391036762420896,-16.668899190863968,-43.003434501498525,-33.12325622284038,0.4161717495590086,2.0873838095260537,0,1
742,0.0531469600057796,0.446683712698903,1.2158541232221989,2.735354949826481,75.56923555018238,18.783503436580588,-18.345470110709822,-4.559721112154676,-42.59650360968288,1.1297573649930532,2.7491503080995576,0,1
743,-0.1698211179827546,0.4218513533541586,1.2158541232221989,2.735354949826481,35.125154219822264,22.93507567445488,-93.70063997723577,61.20349291107769,7.383796657825229,0.6222520358059562,2.2234821655394192,0,-1
744,0.5912283552940093,0.2632061878371639,1.2158541232221989,2.735354949826481,-29.315547440421568,5.686550109016281,-51.89325820023184,38.383756378819015,44.774700742836046,0.0005475356964499,0.3263798007318285,0,1
745,0.5643357171489292,0.2858775256726688,1.2158541232221989,2.735354949826481,1.8434262124798408,4.059092249028026,-9.067969595545009,-4.725708699540007,10.59667923191418,0.3444276976036737,0.6272999167035567,0,1
746,-0.0918485834997793,0.5752103587999335,1.2158541232221989,2.735354949826481,94.98079303709446,42.97760341319051,-29.475518293951623,-60.25790490062632,-53.83517129808824,0.3734117729434303,3.204443891623815,0,-1
747,0.4294004183509123,0.2942043295926095,1.2158541232221989,2.735354949826481,7.582780847312705,16.592952695729068,-45.6078579950039,4.280019419719935,17.614506528653905,0.1906740893646024,1.0862107738630695,0,1
748,0.4611119704924048,0.3414671139068512,1.2158541232221989,2.735354949826481,-10.968313666823846,8.484927400419238,-30.634994814558556,14.500738176961107,22.31842856563537,0.0294771269118564,0.5100391339299353,0,1
749,-0.0608059861230823,0.3714212334200504,1.2158541232221989,2.735354949826481,6.098789010467314,1.6629309807899944,-49.02186047287431,80.9290135441006,7.435866616281899,0.4575906806618623,1.3618876215669298,0,-1
750,0.4957280843230289,0.6264858132480828,1.2158541232221989,2.735354949826481,32.50457798198144,7.091431234058447,-8.924740206654619,-1.200206088644677,-10.565155695194475,0.7170355508250371,1.765808988783201,0,1
751,0.0716774569291097,0.0594639729928612,1.2158541232221989,2.735354949826481,32.18640992088811,9.21125177056996,-5.207708262419644,-13.012976945382036,-17.494205190953522,0.3729696216856308,1.1498117584354108,0,1
752,0.2289028113194593,0.5217367034993533,1.2158541232221989,2.735354949826481,61.4480040834716,27.195166854606896,-42.40228496274315,13.58554235080463,-27.6575125421562,1.506928793014394,2.3125603824713648,0,1
753,0.2141355293349489,0.2119425696555675,1.2158541232221989,2.735354949826481,70.52065309272217,38.50458397455435,-81.67278627539979,5.818125487160557,-13.926484419177529,0.8929426570320311,3.321209458544434,0,1
754,0.8297301400141952,0.6367577796297617,1.2158541232221989,2.735354949826481,9.60273475127326,27.468274778048453,-78.4045353704334,35.3464960701595,27.44737155641536,0.9161040853259204,1.7585765792755308,0,1
755,0.6703044059171106,0.5787224464190904,1.2158541232221989,2.735354949826481,-10.790644073541117,18.610907757564064,-91.10422689217674,85.37846833099454,39.90684026754582,0.7711465032226448,1.5612819034591872,0,1
756,0.6806920928814169,0.3782719637100408,1.2158541232221989,2.735354949826481,79.92398657528938,43.50856147133109,-41.73687594044993,-74.36262695986684,-23.855381470365582,0.4280974804399,3.461104583013598,0,1
757,1.2293537526217089,0.7346984781260157,1.2158541232221989,2.735354949826481,-24.54571298158139,8.112951825490299,-53.992274474213,17.821877131332144,55.31066476516656,0.4201382862656045,0.853187150340249,0,1
758,0.078151736467432,0.2759207107021791,1.2158541232221989,2.735354949826481,6.58861461926665,18.15901015050221,-66.38992423207972,67.7968108819727,10.471540935647326,0.4401820741628574,1.3942136915586936,0,1
759,0.4084363152136476,0.1845088853575422,1.2158541232221989,2.735354949826481,94.92168994433344,51.14619599159528,-89.23969531216855,-41.69172366612344,-18.278107641073632,0.4310992821609565,4.4906571191961,0,1
760,0.4238456332405449,0.3108493186187922,1.2158541232221989,2.735354949826481,37.389643845136135,38.4452552725212,-96.21768262231316,26.383825185695443,11.834825665537837,0.7248209315276191,2.554947397919922,0,1
761,-0.0148728094838817,0.1263530577492645,1.2158541232221989,2.735354949826481,40.94400557436188,10.520410005207497,-12.868276886128951,-3.846519950988323,-21.665436804562034,0.4808721683387906,1.531994480514152,0,-1
762,0.0616805039279538,0.3237549732386365,1.2158541232221989,2.735354949826481,-1.1278297365698222,8.133396431336351,-26.17615282209057,0.8262038063713959,12.117410049799531,-0.3006589871810438,0.4188477901315597,1,1
763,0.4864853709282177,0.7254617388451647,1.2158541232221989,2.735354949826481,-26.509856939383525,17.856040111877533,-88.73534287986175,44.692270049674136,54.9674076828386,-0.2972018682683719,0.7836767278573928,1,1
764,0.0641585808190282,0.1932379848149781,1.2158541232221989,2.735354949826481,11.348759397642056,9.4477233383637,-62.86754119521345,62.5085951331333,13.672461272801968,0.6823624504928616,1.304510496361116,0,1
765,0.4198591643069742,0.277876782754608,1.2158541232221989,2.735354949826481,-2.305826134819114,18.26855642537862,-99.8818508088152,55.570677060013566,45.23175629485903,0.2687347129314444,1.5825120292697157,0,1
766,0.2450500425022865,0.3940854428721105,1.2158541232221989,2.735354949826481,86.56263558562796,41.84959202587828,-78.88417088406551,1.731718941310973,-25.87586289703863,1.236521301504501,3.757434369365297,0,1
767,-0.1291889354282893,0.3680131903064301,1.2158541232221989,2.735354949826481,79.9258751956994,26.66469893560881,-15.98454444801554,-31.84482368417676,-48.78571636148544,0.7290016612600911,2.540121258035821,0,-1
768,0.0901764756995393,0.0842985787600313,1.2158541232221989,2.735354949826481,48.360155271058005,39.850895463246815,-97.41956069330652,15.978420972828914,3.4643285354845545,0.3059101090399136,2.7916649813868304,0,1
769,0.9720830741520774,0.7516260065892636,1.2158541232221989,2.735354949826481,-6.019248719610999,5.054221796133973,-25.26950154732212,-6.095117485094789,30.80060716582426,0.2390662070597789,1.0410283702265164,0,1
770,0.6117540576517739,0.3673883258887825,1.2158541232221989,2.735354949826481,-3.2167807574979577,21.89162092666604,-73.71692024773867,44.5503954786582,30.65451642247945,0.4618608789243496,1.3591893097865764,0,1
771,-0.114617823078595,0.2687657194903509,1.2158541232221989,2.735354949826481,9.59235970329746,18.896034122506137,-98.95895644175243,92.79393453437862,21.217904288290512,0.8973373067701771,1.3260880311975227,0,-1
772,0.7215857514557209,0.5908738000233368,1.2158541232221989,2.735354949826481,32.9372345216957,23.836369504222944,-73.47497616464537,5.06812504832439,20.21388014016678,0.5008295058110785,2.6520939725724797,0,1
773,0.6608655547917968,0.3169052196765883,1.2158541232221989,2.735354949826481,73.72442900123508,28.787342519967154,-4.609719130572202,-88.59360961411689,-30.077434009307183,0.2903947217973732,2.9248798500659943,0,1
774,0.684193757335679,0.3255004946878008,1.2158541232221989,2.735354949826481,-47.08643846663212,6.0822183797994285,-92.297320505718,68.06252293364076,75.17083783661747,-0.0017225532367297,0.2409666394559494,1,1
775,0.6167286860713437,0.3354193067221509,1.2158541232221989,2.735354949826481,18.96138569641008,29.282052899258616,-92.8635626488592,39.570192070503424,26.54936864376336,0.8798058294806955,2.037938096462995,0,1
776,0.8688382162841366,0.4058138635817087,1.2158541232221989,2.735354949826481,41.70996587814878,31.776713255918395,-43.68409860347061,-43.31033291665902,2.905957750225525,0.4673330361169504,2.38217701974564,0,1
777,0.1052953501683745,0.2553396693039928,1.2158541232221989,2.735354949826481,1.080675178360309,8.915849753992774,-53.718063912835824,79.14106322349105,10.141412481725595,0.4090809130772169,1.3842886799471072,0,1
778,0.4027882025186142,0.1695065950364871,1.2158541232221989,2.735354949826481,-45.19649176948357,7.588001499629144,-98.6459810656178,85.25584169652055,69.11614444224892,-0.0491599234410912,0.2358278099857022,1,1
779,-0.0506642985926696,0.3446800021469494,1.2158541232221989,2.735354949826481,43.5799331963062,14.901598520668172,-7.727133547677184,4.621125669473145,-32.64216911999097,0.970878497332722,1.2309153567919826,0,-1
780,0.1425388345391915,0.1120042553078435,1.2158541232221989,2.735354949826481,88.0782217751237,39.52500365462856,-54.41044969112707,-39.39122437936402,-32.51495010658583,0.5009127765911328,3.590126117178804,0,1
781,0.0128451261858824,0.1935653001656234,1.2158541232221989,2.735354949826481,6.339019793763569,5.710635377556827,-33.97623176348003,62.73187126651536,-0.5677209870677444,0.3143817621057011,1.2459323633464874,0,1
782,-0.1531315868543664,0.3796929235128427,1.2158541232221989,2.735354949826481,2.808632637818548,6.462202858861716,-53.866940477616886,81.78278181313757,7.111992163284285,0.4136422905195558,1.0934572234646742,0,-1
783,0.2361904742809366,0.2493218439147239,1.2158541232221989,2.735354949826481,41.05745820718383,32.587332136417444,-73.22763378447081,19.63139578367397,-1.6702046210516812,0.7422014878811802,2.2348272642158253,0,1
784,0.0384444565400223,0.2827823526065232,1.2158541232221989,2.735354949826481,81.20552001082561,23.238097698827676,-25.08418869175314,-27.446702670185985,-39.4275775933413,0.6308069626418509,3.1107865395091534,0,1
785,0.0883876897593478,0.3851037017929859,1.2158541232221989,2.735354949826481,64.96574142726436,17.396087856448816,-27.30244770914976,-4.208430740532634,-29.29058519885368,0.7673698221170897,2.669433660006475,0,1
786,0.5082681087809211,0.3277770870180008,1.2158541232221989,2.735354949826481,32.907615145329885,21.016151141147148,-42.41485997543523,-20.28574702047565,5.077223592133734,0.2415423597644981,2.0024685694941167,0,1
787,0.3474090235636329,0.1894785580813881,1.2158541232221989,2.735354949826481,89.03357998039922,30.158951782741468,-3.748008640266349,-86.28362269383614,-44.99861385648547,0.2936101874364081,3.2155892296465733,0,1
788,0.1961892104634196,0.3499564010734408,1.2158541232221989,2.735354949826481,14.176142965602992,12.649591028282074,-40.63151453559145,51.74970385399641,-0.8743815973723486,0.6835751023737349,1.3854915095061984,0,1
789,0.5696869988588397,0.4625979039062989,1.2158541232221989,2.735354949826481,-17.382186289760156,11.650796898557031,-37.80589344475708,2.5232897165531085,32.45085198748188,-0.3019173623163432,0.492289170849603,1,1
790,0.170821034623219,0.6089846807693997,1.2158541232221989,2.735354949826481,6.480529476102518,17.03388752071575,-42.63249860375565,25.879195604799904,7.084971369561117,0.0951071995633557,1.0633458608332345,0,1
791,0.0828333708982286,0.2402204866576221,1.2158541232221989,2.735354949826481,23.56539487126309,10.62538472942802,-11.62149018578546,-13.27377439677788,-9.421359002205064,0.1783946031735438,0.9317623773887505,0,1
792,0.0551308562789572,0.0858919043600272,1.2158541232221989,2.735354949826481,48.21772613188915,37.02339185688152,-93.68367813824648,25.2320532421044,0.6100715818400602,0.5281698169931277,2.6669246140188125,0,1
793,0.9202037322529864,0.3693688182311719,1.2158541232221989,2.735354949826481,0.4181528730534722,12.129979473207795,-30.067345323661627,-13.638934459955436,25.864531013524328,0.3820056772808308,0.9943973965441784,0,1
794,0.1801905741194017,0.1863830160126458,1.2158541232221989,2.735354949826481,39.91924374599046,17.683045846205573,-45.72177860415055,4.690801996817285,-4.425269193924521,0.4290401437199966,2.096210101902545,0,1
795,-0.0389543830080547,0.3935482115624628,1.2158541232221989,2.735354949826481,40.35181190613898,30.325073346055436,-63.31933614176347,25.77294568749812,-11.306641094887254,0.5986388081583678,1.9645058203286088,0,-1
796,0.4492368578697587,0.6429424092574865,1.2158541232221989,2.735354949826481,5.819553560143234,-0.9947942685882368,-8.300973794393343,11.393325179051033,6.5024773545464285,0.1929052264451455,1.0963598450120626,0,1
797,1.0496050338331249,0.2801318106160717,1.2158541232221989,2.735354949826481,-42.03584376850982,6.344283750306005,-52.30016110351565,12.032830003322402,64.16515005207012,-0.1644562840428602,0.1353813259482144,1,1
798,0.7194334443524604,0.4645751100505506,1.2158541232221989,2.735354949826481,20.633308891804987,14.745805690829757,-38.42317893454037,-5.267583239291412,13.450213943738405,0.5266933849891775,1.7202644582283415,0,1
799,0.0046070342686417,0.1196188258395524,1.2158541232221989,2.735354949826481,4.033387100714748,6.512758977099892,-41.538873123525455,62.3551551758315,5.067805521375604,0.4014292684123638,1.0432631448422751,0,1
800,0.3140534041946527,0.1609630954344004,2.387138367997413,2.9709305229720875,12.103195383124572,3.4132694000805515,-22.801038080183066,-2.5284575278475216,16.734818451079377,0.071530136559849,0.2254407499754206,0,1
801,0.199989361306025,0.1164631318095898,2.387138367997413,2.9709305229720875,-26.09836608085358,7.4889294091456975,-68.55441762678382,46.14234164758736,46.00513301675474,-0.0206803978291786,0.2200050020620151,1,1
802,0.1698578861026407,0.0893630214819717,2.387138367997413,2.9709305229720875,-51.7714422379584,-2.8958957884849497,-22.63626931113359,43.82815556053214,36.69660439195482,-0.0900953194283256,0.1712815026965641,1,1
803,0.8219064627537112,0.2026741920973563,2.387138367997413,2.9709305229720875,-48.0033034972303,8.895208191570504,-87.24498183249177,12.503480539199655,92.74317402547815,-0.1917598714332092,0.2519899290314229,1,1
804,0.4033285195187018,0.1830877224692814,2.387138367997413,2.9709305229720875,-73.56636594542059,2.157242939383337,-78.94040120127659,56.65050043823084,86.15713432347812,-0.1609861067566615,0.0887144847460496,1,1
805,0.2499455424180441,0.2043780997673766,2.387138367997413,2.9709305229720875,-82.66241132264629,-0.4399531916612602,-68.70992835118298,94.2783464653874,71.00146465349616,-0.0661356858416752,0.3246506748740033,1,1
806,0.2548562770591964,0.2079527162776958,2.387138367997413,2.9709305229720875,22.398986188541254,4.1491135472967215,-28.80748066109051,12.61764050516976,10.716917998467837,0.1551833336045228,0.3558188337840705,0,1
807,0.2080408987560397,0.0683056630841845,2.387138367997413,2.9709305229720875,-32.40802105179583,-3.430428225262787,-7.167801553707903,15.734416967737602,26.077578447070124,-0.1073349340791753,0.1290407436781814,1,1
808,0.1400643446423417,0.1160700052726141,2.387138367997413,2.9709305229720875,-56.98283615468633,1.930867477137596,-80.52173573220989,87.43797560473413,66.3545454812552,0.0406520615764746,0.1796474097873687,0,1
809,0.1745101597909943,0.1386905594879679,2.387138367997413,2.9709305229720875,-6.00628042089204,10.997045282458645,-77.83004468108041,28.881544082262025,43.87732522946314,-0.1627373961785423,0.2606779638297801,1,1
810,0.2121892523152567,0.2366692791971353,2.387138367997413,2.9709305229720875,2.47712231402528,1.7782606832265913,-9.8793477529957,14.144599897626335,4.840343746992375,0.0402837654693676,0.3779273095432102,0,1
811,-0.0166701233746959,0.2200769941208569,2.387138367997413,2.9709305229720875,17.11709863743303,0.8721090469561403,-27.820014136621097,6.30656896152702,14.34901575478638,-0.2570852967049322,0.2593347905389168,1,-1
812,0.0067358966205816,0.2683199302589519,2.387138367997413,2.9709305229720875,-1.196871637829645,-2.328031331110949,-29.295864594534805,33.998831840425936,21.591466617649655,-0.1542956926939416,0.3349596679378949,1,1
813,0.0976023921490012,0.1323734933304967,2.387138367997413,2.9709305229720875,53.92992727258638,13.091713312266506,-79.6916053784766,34.70172100726708,14.9937421970302,0.2935334857794793,0.3943441456026109,0,1
814,0.743406994692446,0.1812240894735962,2.387138367997413,2.9709305229720875,-13.028791125823048,4.423092128850684,-8.718665944013637,-40.27618781963411,32.86933920386031,0.0255683338009146,0.1126534515888827,0,1
815,0.5120453189023215,0.2212807686355334,2.387138367997413,2.9709305229720875,-38.5595592202362,-1.8909708475920863,-24.279843269221654,10.51184876490636,49.15382903770541,-0.1271543161018506,0.2346431370282288,1,1
816,0.5475518807059726,0.2691203500629541,2.387138367997413,2.9709305229720875,-32.76138996764877,7.403221643341595,-40.37638449637285,9.5923571089793,42.62967509732624,-0.0767172653213585,0.3199606597298836,1,1
817,0.1539478571684263,0.1942667982269164,2.387138367997413,2.9709305229720875,-44.63906584933415,9.647892922662038,-91.16791920669208,71.29140308761873,59.9477031171464,-0.1312664087480387,0.316287936521972,1,1
818,0.8423941600542247,0.1478148246108053,2.387138367997413,2.9709305229720875,-72.45737069157063,0.6827990160692679,-33.30020818166389,2.998569864600114,74.49288176204897,-0.0306145299789734,0.0547065868661532,1,1
819,0.1163969179742839,0.1677573084497099,2.387138367997413,2.9709305229720875,-41.22844726547876,-0.2797688856975782,-53.857804918601616,47.56693060515812,52.741419141422,-0.1810003934636136,0.1306135228027299,1,1
820,0.2187855340379165,0.109157276660303,2.387138367997413,2.9709305229720875,52.347105039116144,14.274866102848575,-91.69919601656716,52.5535265832045,21.28205727310946,0.4049126430404797,0.5832403873631771,0,1
821,0.0696348070035207,0.0718137397554585,2.387138367997413,2.9709305229720875,-10.177260463369024,0.3801938653095646,-10.575146553165752,15.964889721194028,9.307352034276462,-0.0062651989129951,0.1359289869961588,1,1
822,0.7971071776683145,0.2009016712456801,2.387138367997413,2.9709305229720875,-37.10562224399403,4.771758040679515,-46.47435184198958,-16.852289914710795,69.20255434508684,-0.2144930511457904,0.1975295802327797,1,1
823,0.3997374273534737,0.2837222929799092,2.387138367997413,2.9709305229720875,80.68752261762106,22.014230293567834,-90.58016396981748,13.518013604106542,9.107508519893727,0.2949691830176292,0.7664970634009095,0,1
824,0.0910285643915811,0.1576589704587987,2.387138367997413,2.9709305229720875,63.30345203487465,10.155359643372025,-38.14869903201416,-11.799072862536718,-5.605587785605408,0.0741838098789712,0.3236592722083179,0,1
825,0.157225445323725,0.1583872191867829,2.387138367997413,2.9709305229720875,12.759057749242771,7.993925709722788,-76.67856615721965,56.87152146268983,33.37338274232542,0.2503842029981421,0.3606398013313181,0,1
826,0.5227446701808762,0.0730861018280853,2.387138367997413,2.9709305229720875,-50.58373056689638,-1.8211279453519469,-10.106701058520969,1.3161086449684092,43.84098284393375,-0.0683682440581955,0.0694778110360823,1,1
827,0.080764335473271,0.1004668948394321,2.387138367997413,2.9709305229720875,-41.622048719285786,1.405831169600532,-20.442703502665537,30.20341720436784,23.731048641051245,-0.1894020157713011,0.1783606589153638,1,1
828,0.7127987937436431,0.1324683932025887,2.387138367997413,2.9709305229720875,-53.581807689779495,6.928906037474249,-72.33767890394302,21.376145940611124,80.44110101920037,-0.0457039463684774,0.1533721122846652,1,1
829,0.1439341222343345,0.2305289169807488,2.387138367997413,2.9709305229720875,90.93673113171803,9.051196833892902,-22.37657766248263,-35.75036442828062,-19.287070218506443,0.041074925685781,0.442691144218148,0,1
830,0.0043124249914788,0.0955172066651351,2.387138367997413,2.9709305229720875,1.6666860032205475,6.674485110668641,-64.31696949352869,42.70103975560164,29.96241408316928,0.0302664970254388,0.1801425078408686,0,1
831,0.0353333373590071,0.1146617709213535,2.387138367997413,2.9709305229720875,47.9615034775731,8.205752000307356,-5.894046536162904,-39.99996677038269,-17.385781136572945,-0.1866944572378082,0.213277713020357,1,1
832,0.5704575433008958,0.1066928253876449,2.387138367997413,2.9709305229720875,-81.95693756200058,2.9545257992470653,-86.51061262809378,62.3897267015652,96.58444160506964,-0.0383630219941972,0.10808147550258,1,1
833,0.5379011707935512,0.3167177389318437,2.387138367997413,2.9709305229720875,38.19561215682367,15.658913004208344,-57.92284939315816,-18.1248271183384,22.18382872904556,0.0588813744056053,0.4524208408775738,0,1
834,0.3092712676948076,0.1470258374018192,2.387138367997413,2.9709305229720875,-8.033852236590207,10.172609280329011,-60.97246106928388,13.882563938270692,38.98506995101425,-0.111631302877011,0.256161411671703,1,1
835,0.7241680732822686,0.1769699909243437,2.387138367997413,2.9709305229720875,-67.85831312605457,8.918109829611765,-72.38676404479581,17.330500107517395,83.0774030391132,-0.2203141809260391,0.1897894791892547,1,1
836,0.0747218389010476,0.0353868412662124,2.387138367997413,2.9709305229720875,-20.21102669067368,3.4051767409607976,-35.60505265036703,27.360020417053605,25.720055711650105,-0.0513131573541388,0.0990042388010553,1,1
837,0.2477855106725713,0.0732021016796415,2.387138367997413,2.9709305229720875,9.313179693225608,3.645591590697833,-10.26860036017426,-15.414020048336496,8.381659054552145,0.0234350476911755,0.1019647108111781,0,1
838,0.0080244862525662,0.2202611131231973,2.387138367997413,2.9709305229720875,-10.426662556946638,5.37824573789014,-29.465206427330543,29.754847978032444,10.030083557350736,-0.1273879280953496,0.3250506857189695,1,1
839,0.2816437152810218,0.1131013762451543,2.387138367997413,2.9709305229720875,-32.223195871301954,10.105122032015233,-93.71359776005744,50.47045747049407,65.87261143543313,-0.1052679989564288,0.2316409718769556,1,1
840,0.2729067447879029,0.1003167942205143,2.387138367997413,2.9709305229720875,-14.132672133017962,4.70414685930632,-16.999093173541652,-10.45708979575825,20.04857878050201,-0.1512707566521625,0.1196017782990225,1,1
841,-0.1068051400894645,0.3440495724952045,2.387138367997413,2.9709305229720875,27.285165437821888,9.178292410332674,-65.23896729005445,36.78506442703889,14.984490036450566,0.0323132952362934,0.252599013633775,0,-1
842,0.3608937283462945,0.2007410254104269,2.387138367997413,2.9709305229720875,50.800501449191785,10.4730881395313,-60.060850582020045,11.587555005187028,17.338261672675443,0.2964934192714217,0.4392836984319292,0,1
843,0.1395724890449082,0.1622735159284967,2.387138367997413,2.9709305229720875,-45.444199990671706,7.717617527050507,-81.44026387621571,70.11954491926494,55.67639443032448,-0.0955078679145733,0.2858307231096195,1,1
844,0.0419963339872661,0.0458782849094255,2.387138367997413,2.9709305229720875,-20.290478009686662,5.834333730082108,-61.07996856560588,41.35726651526485,38.394801909800776,-0.0915209592359178,0.1295418198324611,1,1
845,0.1355142056683305,0.127858113592946,2.387138367997413,2.9709305229720875,-23.372973821465905,8.6246428797282,-72.75652932445215,47.51057458586584,44.389903955343925,-0.082161847576405,0.2412864143954101,1,1
846,0.0810772517536204,0.2128938660890757,2.387138367997413,2.9709305229720875,43.6384916227276,10.99165330090834,-82.66142798648437,87.29939005964945,9.7559367964774,0.2948060721749667,0.9775534102795446,0,1
847,0.0792924398593563,0.1160795071771074,2.387138367997413,2.9709305229720875,3.281386606485867,5.497061565060065,-29.919756899122348,15.662485444739715,10.962960643852384,-0.0099792298447085,0.2080509312677974,1,1
848,0.3063535958058805,0.1899742202326315,2.387138367997413,2.9709305229720875,28.46286364911597,4.206293150349396,-22.43327372359036,-13.95956574476152,11.833108610394376,0.0046172989872906,0.2899589543161113,0,1
849,0.5742105639323187,0.1481556097467608,2.387138367997413,2.9709305229720875,-17.014666321705988,9.662391370911024,-63.62590092479085,1.5304608509751176,55.78203399370756,-0.0907226849068214,0.2323199446748447,1,1
850,0.4731629101153732,0.0938762260193411,2.387138367997413,2.9709305229720875,8.151195433724851,6.2066458629230965,-21.514361005166165,-35.813452268605104,24.870842045995857,-0.1629880559402672,0.184981631064805,1,1
851,-0.0313249859104774,0.1784397808219289,2.387138367997413,2.9709305229720875,-28.008079275278615,-1.113861408894664,-33.154593833733415,55.728379047778986,25.0692004502332,-0.0239688723986186,0.2203599084158323,1,-1
852,-0.0084620886628414,0.2063901745248631,2.387138367997413,2.9709305229720875,57.684759432868645,13.115417814016752,-72.45024389110594,16.122312688596125,10.154671542636478,0.0128340898170496,0.3844483700292166,0,-1
853,0.6608896810709425,0.2209865055484933,2.387138367997413,2.9709305229720875,-27.160303500330656,12.861243858763729,-78.6167901472852,5.909188300263679,66.90075468363344,-0.1623219288967598,0.3039051686560448,1,1
854,0.0609487108540929,0.2365411282226622,2.387138367997413,2.9709305229720875,53.39530566132987,17.317442019438587,-95.94550950192172,62.13565412089986,11.583178282748705,0.2394243636676701,0.7491231947228566,0,1
855,0.3057998565976041,0.1857105881034911,2.387138367997413,2.9709305229720875,-2.493575468097873,9.05336484626534,-98.3153284475624,63.860203683919735,57.61233371167492,0.2109182100351957,0.3539092113077356,0,1
856,0.0595606740074821,0.2901960205265158,2.387138367997413,2.9709305229720875,-60.60042114271367,-1.552449129659948,-0.0755826839385775,34.70444833794264,17.074455688095085,-0.3334285108469694,0.3065188516802869,1,1
857,0.2511473743368833,0.2298653787844373,2.387138367997413,2.9709305229720875,45.202615312244575,6.196437172038998,-40.94290278915784,12.904474683625525,8.477460934997566,0.1962576086676546,0.4634374127494918,0,1
858,0.2111950829522968,0.2375200625976675,2.387138367997413,2.9709305229720875,-4.651702910307009,9.17665385319215,-31.377818113948948,-2.759499805035688,16.033982851601408,-0.2324896620015074,0.3000431456453301,1,1
859,0.9519892611222244,0.326571252485902,2.387138367997413,2.9709305229720875,-32.26485600250611,15.513219627880574,-89.27799275002835,-9.936711779239404,84.32280580318928,-0.2092433133081283,0.3582543971734026,1,1
860,0.7135286706415673,0.1039698263810003,2.387138367997413,2.9709305229720875,-89.79687304623542,-0.696088009847486,-36.62747022397871,26.36933385182614,76.8565429398345,-0.0732275038193886,0.0730074242438911,1,1
861,0.8102634995615111,0.158092869323593,2.387138367997413,2.9709305229720875,-23.20874164261524,3.691093857487843,-9.404510290156622,-42.71938735072476,41.18170422945855,-0.0411973791263637,0.101143110763423,1,1
862,0.1623056442421845,0.1280105755419918,2.387138367997413,2.9709305229720875,-0.0541509386727767,4.814247105053894,-29.73471330053069,16.423397582002437,15.23236511245183,0.0450362283217727,0.2130729340459382,0,1
863,0.418630718489982,0.207860857657142,2.387138367997413,2.9709305229720875,66.51488102067674,11.827341481447576,-77.29697533170685,32.25435655978819,19.111373652626767,0.402252626569794,0.7227227760763947,0,1
864,0.3218227657228149,0.1547998278156721,2.387138367997413,2.9709305229720875,-98.23695525572889,-4.081185913750218,-36.6623033481274,70.61602910349376,64.74319275714498,-0.1893195410279997,0.2459332203768386,1,1
865,0.1515423830903066,0.1378230923791795,2.387138367997413,2.9709305229720875,70.80409091734734,17.723906236982458,-98.3581850887039,32.212662676125575,17.49676707989319,0.2818158393657716,0.519854626016784,0,1
866,0.1781627657557222,0.0881295355605582,2.387138367997413,2.9709305229720875,5.088381825548495,7.018981700174408,-45.29256608511337,10.758759977929628,24.611272910896503,-0.0314758223059887,0.179669457589198,1,1
867,0.0608121747236654,0.0777231030402026,2.387138367997413,2.9709305229720875,-82.12724231529613,0.9457125332957332,-64.51766026530842,85.03418314202989,62.42105401958506,-0.1688146273238832,0.1520122050787263,1,1
868,0.0767581354340855,0.1387605941629644,2.387138367997413,2.9709305229720875,-41.52534165843728,2.362110267870051,-82.35318345830208,85.32373576715071,60.41895355424441,0.0434892443051067,0.2125579348191079,0,1
869,0.4667750827509485,0.3227915029289969,2.387138367997413,2.9709305229720875,-42.94650667933509,3.902095143665548,-8.25373207347424,-17.770616475304564,31.50893759781087,-0.2692594478089679,0.1391676000824924,1,1
870,0.5006406077522532,0.1764155882092291,2.387138367997413,2.9709305229720875,75.22508615768297,19.01194978282905,-98.31516427644716,9.934191499863315,27.96950115324977,0.357192227493206,0.5792782067151561,0,1
871,-0.037522099751672,0.2156440975859739,2.387138367997413,2.9709305229720875,63.7872692878197,8.783147853193867,-63.20098554634287,66.87572674625159,-7.153827045244569,0.3146613118814617,0.842022096262602,0,-1
872,0.6302815492268284,0.2700607895402662,2.387138367997413,2.9709305229720875,3.2700025641847503,9.793870161287472,-78.98665838214987,25.8179688925362,55.64282422889983,0.2417545110948528,0.3737735189041363,0,1
873,0.7612848380828252,0.1887031778425977,2.387138367997413,2.9709305229720875,-89.88524105855893,2.27487983678705,-36.71221882766152,16.096412735488627,74.83051093168521,-0.1674188235044259,0.1325067509384904,1,1
874,0.1994245363452951,0.0862642499252881,2.387138367997413,2.9709305229720875,83.50783896359982,16.436836197726265,-87.84053392042489,32.90586589980285,6.969031189489954,0.5011005486318513,0.5509291691414194,0,1
875,0.7292761672391075,0.2998733210021078,2.387138367997413,2.9709305229720875,-10.61605125330854,3.43379346639621,-32.20583291735008,-22.217586211967628,49.35293395272154,-0.1216221028981268,0.2983396189202907,1,1
876,0.8557742737691874,0.1980011881971798,2.387138367997413,2.9709305229720875,-13.705484141835129,7.972912856138834,-38.40114839093193,-44.04736314360967,55.91347551234966,-0.2256974359459011,0.2370669924254925,1,1
877,0.1355365077848904,0.230291022042351,2.387138367997413,2.9709305229720875,23.611758494394323,5.598155613499657,-61.668781007564746,30.60137014183869,28.38644245308032,0.0086118425726541,0.3783398651769389,0,1
878,0.1142036583229075,0.1328794387972081,2.387138367997413,2.9709305229720875,-11.848822025700173,10.247581945025814,-70.20045566245,28.8377703626158,39.43156923780259,-0.2139327575370333,0.2413650172807886,1,1
879,0.0148830564767501,0.1686670544035784,2.387138367997413,2.9709305229720875,-17.16034894623772,4.455352035011543,-41.11191110351097,45.65735679213026,20.336442700897123,-0.0474115598539054,0.2979167497893054,1,1
880,0.589909632960858,0.2893214074508723,2.387138367997413,2.9709305229720875,-23.87888771693241,9.421911230382449,-88.72267480836314,58.31867558920754,64.6054555032971,0.2214659958843272,0.4748584085692255,0,1
881,0.1528647746003341,0.1701538738179783,2.387138367997413,2.9709305229720875,77.98458216251478,11.482623722309285,-92.77037230900508,68.85937902207507,12.12079542898617,0.4264796944233937,0.8977147436259412,0,1
882,0.5878927879180722,0.0746081287787226,2.387138367997413,2.9709305229720875,-54.75948669027946,3.777455355977693,-57.40595713726197,19.317240848773796,71.92746800848451,-0.1055494767487313,0.0985393407265071,1,1
883,0.1555812182063665,0.0526792142767276,2.387138367997413,2.9709305229720875,-61.99523224324375,5.6633971979885445,-82.19238739684853,71.93913902259277,66.78844859846714,-0.1224501016855938,0.1510583562722869,1,1
884,0.3678716335679403,0.1224395067323744,2.387138367997413,2.9709305229720875,-15.468028642737394,4.859646275836354,-53.82158515585091,18.86058179017698,46.61080519384666,-0.0271955292768467,0.1908710589593006,1,1
885,0.0594802948666659,0.1067173448927759,2.387138367997413,2.9709305229720875,58.18964338186885,12.544829045646026,-89.24369748221835,77.25975901212684,9.390155435166164,0.3780085170850344,0.8334541627669678,0,1
886,0.0262061243049034,0.2295581162256859,2.387138367997413,2.9709305229720875,55.57443356961332,10.04781643728782,-66.28784341805424,74.6480027378966,-4.856053989302794,0.281141357719131,0.9834311927654557,0,1
887,0.2930317961844668,0.261023377658957,2.387138367997413,2.9709305229720875,-1.1023525944523271,2.5013044785725924,-24.24493947821713,23.789601545585427,16.504518511209312,0.0850286282301081,0.4178272017291685,0,1
888,0.6457955104410444,0.2573462442979197,2.387138367997413,2.9709305229720875,-15.37304872679077,7.456611029131238,-38.206611735641935,-3.0447974121827315,40.16320837191248,0.0787325480870675,0.2733760871018156,0,1
889,0.0956458203911994,0.2687409207250259,2.387138367997413,2.9709305229720875,77.1942451424153,14.445594525617352,-32.24672259330261,-31.52653837769728,-19.23159304383728,-0.0264451194037041,0.4160907238004309,1,1
890,0.662802680995747,0.2525503511591558,2.387138367997413,2.9709305229720875,93.37119427339798,22.557299684831705,-91.58282861094604,-19.31946486083949,20.172572154782785,0.3355395144867579,0.6612806336719617,0,1
891,0.0295098554355458,0.0248245734864002,2.387138367997413,2.9709305229720875,-13.320093116601754,2.5498514173980737,-28.220828891382027,19.09183441139901,19.77553837892509,-0.0635439754896467,0.0520451686448022,1,1
892,0.3210304687943505,0.0518175243968608,2.387138367997413,2.9709305229720875,-56.26052549430107,6.80564058549497,-76.11572336803539,48.86682712570922,67.59416636973384,-0.1429092596689407,0.1520713107970156,1,1
893,0.0329774846864393,0.0784791170651981,2.387138367997413,2.9709305229720875,-47.35502862346355,-4.697929986298718,-9.277204913024889,43.27361191296035,23.86924784717692,-0.1369696046445387,0.1794851300760864,1,1
894,0.1729673264137139,0.1658136852677303,2.387138367997413,2.9709305229720875,86.7613760078886,13.550039188969706,-42.11351802924037,-8.434005742132044,-17.213321329929656,0.3332922709713444,0.4634647118087718,0,1
895,0.0175043046728258,0.2144156914118345,2.387138367997413,2.9709305229720875,66.34911574117027,5.979300586656649,-48.77507053071949,36.51283731901623,-4.592864049322017,0.2301272576195497,0.6367070816923985,0,1
896,0.0533088251770598,0.1407859651513903,2.387138367997413,2.9709305229720875,7.440255791175176,9.306007473735209,-57.3385982575525,26.221110823167574,22.032207596456672,-0.0587779947428881,0.2562639499903417,1,1
897,0.0439257974466331,0.1049098965157281,2.387138367997413,2.9709305229720875,-1.7011846699985398,6.641770377780645,-65.1141801273929,47.113445863194016,31.61150544856423,0.0992618395842465,0.180856027708314,0,1
898,0.1068648178624356,0.110362918158955,2.387138367997413,2.9709305229720875,80.1706963273136,15.417550098447691,-76.18707000518633,41.07107230713919,-4.681993847394608,0.397913061445876,0.7218357107196959,0,1
899,0.1702421079016175,0.1964828179273382,2.387138367997413,2.9709305229720875,33.190704996900166,10.533259487636728,-47.27287052863737,12.139727185837998,7.711195868714554,0.1165646313926154,0.364601981889091,0,1
900,0.3307647386413888,0.1205941791475002,2.4469845184420502,3.085375171979975,-88.38136597471868,2.148474949005319,-46.40279415805022,53.41191215837446,62.04302590978429,-0.2045366135375567,0.193362883532528,1,1
901,0.2194579581542231,0.1064548736663911,2.4469845184420502,3.085375171979975,-2.447527669092082,0.7553398507361635,-18.184921728476358,-9.593587968249295,23.948844912032285,-0.1714290577772181,0.1498285071925487,1,1
902,0.1076793167416525,0.0408603620026151,2.4469845184420502,3.085375171979975,-86.20146946372678,-1.555728679170798,-75.89605165196014,97.84417883725422,76.92715759141367,-0.0679796455435538,0.0747693556439946,1,1
903,0.4926901509758661,0.0989101393430511,2.4469845184420502,3.085375171979975,-75.47460492882453,3.208281756799636,-49.82607679340178,37.58981604481463,66.887171390634,-0.0854923416850101,0.1516641090069622,1,1
904,0.5408785683508662,0.2515129738281091,2.4469845184420502,3.085375171979975,35.936086324238346,15.110829475309728,-62.32116191514636,-50.66490023811107,38.26424246873134,-0.292934507917056,0.3557219296337215,1,1
905,0.1268339323301208,0.104470571633059,2.4469845184420502,3.085375171979975,-38.636364926391,7.406073239088158,-73.12694054166643,45.69396920411202,53.17443215954751,-0.1710860093625998,0.1357438452599446,1,1
906,0.1125039741353536,0.1523677398646564,2.4469845184420502,3.085375171979975,74.01861678294864,10.466018984572784,-41.44157050113935,0.0280034292084394,-9.90495895586932,0.2713590742632258,0.2965647154008386,0,1
907,0.2295418151265328,0.1002884154661171,2.4469845184420502,3.085375171979975,-9.018635782823736,2.455316662659442,-42.361588931852566,10.128648689722723,38.73765263210189,-0.1645462446548861,0.1858046307743879,1,1
908,0.1102570621379207,0.1844797361626922,2.4469845184420502,3.085375171979975,70.90981894968576,10.478237650107673,-55.08972073020163,39.30522871973034,-8.04139064442704,0.2909370225875884,0.608542932638463,0,1
909,0.1043681242740871,0.1345739602112306,2.4469845184420502,3.085375171979975,-57.703737035194536,8.113574607196924,-78.18848384442225,65.92794844743014,56.65170912143648,-0.2257223984024349,0.232351116799458,1,1
910,0.3161344327832682,0.0696003908318756,2.4469845184420502,3.085375171979975,-71.62742070325675,2.925046101185913,-81.31310811489195,75.13390886205536,78.69043802536575,0.0428513170787846,0.0692676598871863,0,1
911,0.4894601964550498,0.0739838043982332,2.4469845184420502,3.085375171979975,-73.30932651468561,4.31534113823983,-59.07982994739385,39.22977967807765,71.36980995640721,-0.0742167611364399,0.1245458307918469,1,1
912,0.3714802088554461,0.1580134286565767,2.4469845184420502,3.085375171979975,9.08758038545652,10.247814935732038,-76.4310866737192,12.726847254755484,48.47036682732218,-0.0473298171262208,0.2753261774403259,1,1
913,0.2452389885513461,0.1298334345116231,2.4469845184420502,3.085375171979975,14.335499840268469,11.139726851989993,-67.54523268888912,10.798319982573233,33.958016133396455,-0.0536095028209131,0.2488984524201765,1,1
914,0.6083620984728896,0.1319946920902272,2.4469845184420502,3.085375171979975,12.764470524015865,8.318544887510342,-26.097239108047475,-56.732503351678496,32.75597183876343,-0.1867783946104292,0.2161946885730907,1,1
915,0.1683869085261065,0.1518134253175373,2.4469845184420502,3.085375171979975,10.343646590883736,12.213328312096962,-78.97851582332035,31.375853568497604,35.30356293007361,-0.0216205360572908,0.281186748084763,1,1
916,0.4218511835462296,0.1260555767954283,2.4469845184420502,3.085375171979975,-11.601233103411856,10.906760757240036,-81.94053898901296,9.070122774386776,61.843400007180605,-0.1939186609075938,0.2448427460871712,1,1
917,0.5526619663608536,0.2576953918326493,2.4469845184420502,3.085375171979975,-93.37794905540252,-5.251098899860935,-6.760889228947988,34.22917781386644,56.024112680299936,-0.1660181017046922,0.283185827769394,1,1
918,0.2000133087990403,0.0399284489109968,2.4469845184420502,3.085375171979975,-35.72215565168794,3.244644603274139,-51.16310753863831,31.313212018641508,47.68726602700474,-0.079975190071802,0.0624076467968768,1,1
919,0.6708087828406565,0.187924804476593,2.4469845184420502,3.085375171979975,-25.96247702739956,8.07294395009454,-41.883991508918704,-34.05481887979596,56.532250287205926,-0.21574215062459,0.1577216397584206,1,1
920,0.1803506556824514,0.181029958791655,2.4469845184420502,3.085375171979975,-97.7185355114133,-7.564127773715086,-27.044691051419264,83.5729174713814,56.72723213704808,-0.193022412916968,0.2724722295579412,1,1
921,0.5890577608587834,0.1270235287022962,2.4469845184420502,3.085375171979975,-80.17754013190307,4.453467022999405,-47.60917502844993,20.523669780797437,71.35761556272499,-0.1546844392173093,0.1252735027424597,1,1
922,1.0050577071141404,0.4160846794700226,2.4469845184420502,3.085375171979975,73.39053461888525,22.69767917632828,-89.08197160950905,-44.245962584825605,42.22068873353115,0.2820297165148597,0.5667842172279802,0,1
923,0.0762914845301171,0.0778685066708565,2.4469845184420502,3.085375171979975,-10.469040641506751,3.938745228657311,-57.85742705864397,42.15145667731986,36.58123259546312,-0.0046787116249911,0.1407964229417233,1,1
924,0.6824650453562444,0.2334830630070348,2.4469845184420502,3.085375171979975,-40.917378057738695,4.573548896316567,-59.011990066240514,21.71534456445086,69.06170497065497,0.0900835396955422,0.2107333410530096,0,1
925,0.0510848944590395,0.0722338635853416,2.4469845184420502,3.085375171979975,-31.686202308464928,-1.3675836438147255,-17.079386106365007,38.049127811474136,20.076057817909643,-0.0511609611129283,0.1552465218566627,1,1
926,0.1541566200227012,0.0653419635057566,2.4469845184420502,3.085375171979975,-54.03008948924957,1.5462652845262568,-54.07411083394314,50.76504451682737,53.82974395069078,-0.0393328485269922,0.0085028143426916,1,1
927,0.2013483293370886,0.0952214161826802,2.4469845184420502,3.085375171979975,12.077844413014644,9.69876081339818,-47.35857539651249,-6.088697848398141,23.668620946338308,-0.1461633214308501,0.2040580910218494,1,1
928,0.2408328116286442,0.176897510542584,2.4469845184420502,3.085375171979975,75.80750242396363,14.335072861354064,-69.65296323571752,29.78197553126526,0.905030227655402,0.3455342018396158,0.5790643619617539,0,1
929,0.6735424933882354,0.1677385589453405,2.4469845184420502,3.085375171979975,-13.628518968540275,11.26373422824372,-52.78843200503877,-37.02251495899432,55.72924009963231,-0.2421250707635223,0.2239865630258779,1,1
930,0.0457933526795448,0.1301275697156127,2.4469845184420502,3.085375171979975,-16.554228447044267,6.531787341596626,-48.07038841456362,39.74131962145887,24.327185172480934,-0.0834634717677099,0.2317667415837364,1,1
931,0.270198681791581,0.1184857388250821,2.4469845184420502,3.085375171979975,33.722089504130594,9.766635603101603,-36.77147343216687,-27.4740507890084,14.18861273090701,-0.1060675459969042,0.2313642899684244,1,1
932,0.3434057179058209,0.0477246476704556,2.4469845184420502,3.085375171979975,-20.72095965651218,4.591483698849302,-17.833855888827713,-13.308331869243986,26.241300524910912,-0.1070294305512204,0.103356457058987,1,1
933,0.0293362297938084,0.1735591462089136,2.4469845184420502,3.085375171979975,93.82175740199337,20.06664163686717,-98.6286783881348,55.250564127805774,-5.2199700931773805,0.307951116065177,0.7205581235617553,0,1
934,0.6970338643251839,0.181482009074151,2.4469845184420502,3.085375171979975,-59.00005217049448,-1.181023260440767,-23.38245729874797,-9.332585363972456,65.79553082985484,-0.1529913287474743,0.1272033495500329,1,1
935,0.1339684925266764,0.2138574785398861,2.4469845184420502,3.085375171979975,14.44548253964146,10.0209416788599,-89.79331425000146,23.4416066291476,49.609381365138205,-0.2679902551352579,0.3114388034740429,1,1
936,0.5478047531755381,0.1174681583265453,2.4469845184420502,3.085375171979975,-70.96718653727956,8.706251961089677,-84.83063129095719,44.80750024453704,83.79754976035807,-0.1111501754329504,0.1949395582258524,1,1
937,0.016485612847122,0.1382169870435675,2.4469845184420502,3.085375171979975,19.8993014560845,11.08410361813685,-87.1379766654036,39.5968865443534,35.20695494006398,-0.0749979158878769,0.2645276351900465,1,1
938,0.3872125988736751,0.1306493111101306,2.4469845184420502,3.085375171979975,-56.89022412466882,2.566370082407431,-69.10263654074737,59.995592413419445,69.46315209214472,0.0498753239558101,0.1561972564101322,0,1
939,0.8077427777730423,0.3014205113201075,2.4469845184420502,3.085375171979975,-24.800337525990955,3.8406767561470048,-43.09925039019764,-17.414818188344313,65.19324911245025,-0.0751366490275157,0.2778717081159593,1,1
940,0.1246876377344498,0.1187635964353601,2.4469845184420502,3.085375171979975,-67.13724199166533,-2.4828108604606456,-64.48067436628799,83.61692267838492,66.39456112314014,-0.0986959820362347,0.1706253961483438,1,1
941,0.147438959939286,0.0873570280328447,2.4469845184420502,3.085375171979975,-22.96338004252929,8.341074302802227,-72.97973654324258,45.37467940645186,45.932892106091,-0.0640695131480905,0.1844198323905619,1,1
942,0.039678917945049,0.2720344418065,2.4469845184420502,3.085375171979975,-3.2671217891346203,-1.9389428695233164,-30.402787995826078,58.96102468086926,16.509228626817347,0.0037787082661433,0.4414046584584159,0,1
943,0.3848901989789111,0.1584928074991322,2.4469845184420502,3.085375171979975,-36.50480244582077,10.178083068156525,-74.32466478722361,34.01384290436826,57.54587720914429,-0.0990711677287443,0.2544933496187929,1,1
944,0.017278786053538,0.0499811690081694,2.4469845184420502,3.085375171979975,-45.16153805795904,6.128885366203818,-73.6491556883193,65.66502779216967,50.16746332824579,-0.1346090252848072,0.1408892159603196,1,1
945,0.3316592495928812,0.0908803704392923,2.4469845184420502,3.085375171979975,-42.67397329882412,9.606710941450627,-86.20238263412269,44.84524775983863,67.09528232531662,-0.1126925349001628,0.1938761198469425,1,1
946,0.165932629940712,0.1223693973459882,2.4469845184420502,3.085375171979975,87.23551640951817,17.290291928744523,-99.57109752527504,33.998092663669865,13.773674962296184,0.3446066181489927,0.4714443094352869,0,1
947,0.6882937144261698,0.2684115234683688,2.4469845184420502,3.085375171979975,-43.28190966636052,1.6571681917838248,-26.076644642700742,5.284694989102931,51.84174384256582,0.0412887708540823,0.2458144713027496,0,1
948,-0.0480151812291706,0.1497640017399546,2.4469845184420502,3.085375171979975,-24.528080792419487,-4.128583257060399,-3.978239228580122,27.722586934857347,12.208810076406351,-0.1001981916112462,0.0818765925026061,1,-1
949,0.007910909846164,0.1594226750711232,2.4469845184420502,3.085375171979975,31.565678796487703,3.0445479333237984,-14.078543991732104,17.172476612469765,-10.334606495539871,0.0968766881278849,0.3044429735236551,0,1
950,0.0079944815324439,0.100355584151677,2.4469845184420502,3.085375171979975,-8.941635216049932,4.963362199133755,-74.1778392136255,60.868091815999605,41.13800957889976,0.0213676654856605,0.1716689275050601,0,1
951,0.1147997530611893,0.1848272405983756,2.4469845184420502,3.085375171979975,29.00865313881769,2.452182245778985,-29.370232671582585,-0.2496317597824742,13.329546907436791,-0.1164879129332569,0.2835524653937804,1,1
952,0.2449236952837403,0.2727744049851443,2.4469845184420502,3.085375171979975,86.10084626622535,15.885911731112174,-85.86314778666909,-6.623603422260118,18.830441769272127,-0.0081011191179897,0.4999616483801301,1,1
953,0.1562500048535722,0.1505609219950572,2.4469845184420502,3.085375171979975,19.51274242931828,10.385504355921498,-81.9100970580241,54.223653239031165,31.64824361815505,0.2225006268514964,0.3064629169506629,0,1
954,-0.0221532537853498,0.2157517224672122,2.4469845184420502,3.085375171979975,-12.115718835703632,10.50838909500918,-68.17112582329347,35.76164687485456,31.318369634177657,-0.2440251824106369,0.2326280146363272,1,-1
955,0.4655429769074156,0.1368095194654432,2.4469845184420502,3.085375171979975,-10.34303889004302,7.541451132849076,-49.90009984533776,4.5837158300471685,42.62306036805785,0.0589011801131028,0.1701691910089126,0,1
956,0.4702321230662369,0.3255194859942647,2.4469845184420502,3.085375171979975,69.72302460474745,21.658480727825832,-94.70391086150671,-22.539336054067107,30.571983854522017,-0.0517606543698472,0.5069022832463028,1,1
957,0.3690697505578817,0.1708013566984275,2.4469845184420502,3.085375171979975,-44.310516224873695,12.572885056770945,-89.01994280117867,34.957502655708595,67.56878151219269,-0.2434950793849237,0.2686248974616227,1,1
958,0.2883385391798269,0.1945198569154308,2.4469845184420502,3.085375171979975,18.19855082088266,4.100666774194025,-0.1438737858057237,-16.322488750566166,-3.177825751276515,0.0540590641301137,0.2688807254216384,0,1
959,0.1261319224940964,0.2221246002573258,2.4469845184420502,3.085375171979975,76.9162551547771,9.405448522568731,-31.63757210113937,-43.61664454936156,-4.4253996914757465,-0.2014337726270845,0.3499855652357843,1,1
960,0.4082792227670458,0.0468084270730896,2.4469845184420502,3.085375171979975,-61.43884402962152,4.126351944676074,-77.54950757614114,47.712471134587474,79.3379316179944,-0.082207885626439,0.0981896762452544,1,1
961,0.0900311021522265,0.0646807507023911,2.4469845184420502,3.085375171979975,-27.221534301960855,2.380048372166541,-35.4366017976991,38.22575186822695,27.60029755551037,-0.0180361171369364,0.131426543406295,1,1
962,0.0856476111140989,0.2386032294402463,2.4469845184420502,3.085375171979975,-6.762533921257159,5.456827761678355,-17.95874513393838,17.520386350996333,3.746261271478474,-0.1230656587159963,0.3311191965201954,1,1
963,0.4482150590817314,0.1752901974171761,2.4469845184420502,3.085375171979975,-43.219629987201394,-1.96901035047496,-13.141320848033828,14.020927091312243,39.40021580943579,-0.0382938092734576,0.2068773314219453,1,1
964,-0.0017614821031735,0.1286076636255537,2.4469845184420502,3.085375171979975,14.558389385413848,10.873100133172288,-84.23288268774547,43.22501796028578,33.49888874727472,-0.0546833681222554,0.2441498934238436,1,-1
965,0.0855954303508333,0.2099786590000829,2.4469845184420502,3.085375171979975,23.61368951901906,8.857079522556461,-72.04238544117744,70.65464974006528,18.10798300773672,0.1896111826157016,0.5336086383221383,0,1
966,0.5418072442672672,0.1281158252901919,2.4469845184420502,3.085375171979975,-6.9829188937629,9.202220478417274,-40.18284893433332,-23.66791874169216,39.27663098036484,-0.0861794585664853,0.1926644168964026,1,1
967,0.1416685281454633,0.1685010686405425,2.4469845184420502,3.085375171979975,21.66262137815509,7.961520818534211,-52.34914363931176,34.984263339994044,14.9942160910515,0.1566169062064726,0.3231617189411909,0,1
968,0.1714936119257396,0.2138561144678753,2.4469845184420502,3.085375171979975,89.51419496378043,7.152390925194567,-19.69901799375508,-8.994783372118363,-23.53911429732105,0.2428771266791138,0.5004146984110401,0,1
969,0.2734843270947096,0.2110098846716936,2.4469845184420502,3.085375171979975,38.015468715739246,16.908640895561675,-98.13690149022304,19.244180075260743,38.31305250042996,-0.0080000511677442,0.3912795618885973,1,1
970,0.539688138484705,0.1055352758441511,2.4469845184420502,3.085375171979975,-51.39390680183573,3.3901065495236797,-55.57152663706203,24.759734203166943,67.77622046534216,0.0110347170254925,0.0999683293816923,0,1
971,0.187924843560951,0.1824260038121738,2.4469845184420502,3.085375171979975,-19.24349286384843,1.5997202288130552,-61.76490357796212,50.31231762649733,48.91603691641956,-0.0505768400157921,0.2603879786092168,1,1
972,0.1242817698326681,0.1176698434862926,2.4469845184420502,3.085375171979975,82.99240108101515,14.561936029958986,-83.19720250334848,55.472528098921856,-0.606187502832654,0.380346143424931,0.6814519323040097,0,1
973,0.6445344135725697,0.2340695665130816,2.4469845184420502,3.085375171979975,18.39366934736377,13.98815930855774,-65.33553273102171,-22.373836914018057,44.3250386449252,0.0042084753538259,0.3199897094800698,0,1
974,0.0317645665006668,0.1689236264779497,2.4469845184420502,3.085375171979975,91.20687591152978,12.288534095656445,-35.83650475552285,-3.212478609135701,-26.300240816359405,0.251321803241982,0.4001376240934932,0,1
975,0.6444221060111237,0.1007271537987082,2.4469845184420502,3.085375171979975,-75.41569282025065,8.97726426908551,-92.17828041232212,41.46233442376953,94.8622045688386,-0.1036388530256151,0.1660926356096562,1,1
976,0.0842145061882508,0.0931249511310994,2.4469845184420502,3.085375171979975,25.420057935376235,4.182175543775827,-28.71063253328433,0.5296684929535758,9.25325649991089,-0.028933177966951,0.1816765145754705,1,1
977,0.8640697634768281,0.177669916062734,2.4469845184420502,3.085375171979975,-58.74896010938464,4.042429198568215,-5.556598814271197,-41.27738782134096,52.0359935305527,-0.1300580241249204,0.1334593726537855,1,1
978,0.7495752275306229,0.1778104152016031,2.4469845184420502,3.085375171979975,14.463875239236202,9.06063111970606,-15.639942079873762,-72.99199198947647,29.594333598939755,-0.1214975855477289,0.2121644291988812,1,1
979,-0.0212547705270197,0.1413613096050298,2.4469845184420502,3.085375171979975,47.34481264301337,6.726598906406196,-28.69115983977652,-16.377206227849086,-2.166921405890349,-0.1521609879321108,0.2114322959643359,1,-1
980,0.3971235715309051,0.1104880890406192,2.4469845184420502,3.085375171979975,-72.81336399559063,4.367638814506918,-46.491159417701496,34.04097906760143,58.94686664637621,-0.1861118767341354,0.1768882866451017,1,1
981,0.7732051741662183,0.1093268934135884,2.4469845184420502,3.085375171979975,-87.73414409345604,6.117727248990292,-61.79823985623255,18.52196856561825,88.51170232773572,-0.1242971236637415,0.1315818808751456,1,1
982,0.0427756393713295,0.1786764681529325,2.4469845184420502,3.085375171979975,36.02097345536353,5.089568625299719,-44.85776919642621,4.11986157583388,15.677547487446589,-0.1549542638996076,0.2849346302969185,1,1
983,0.2877131422475665,0.1987926504910686,2.4469845184420502,3.085375171979975,82.58480708055475,9.94623425778913,-31.6693360622817,-21.31434740425587,-9.849432031556104,0.2466565258497771,0.3835641359592706,0,1
984,0.3884274035290275,0.0794589841177369,2.4469845184420502,3.085375171979975,2.429825023825913,5.328305151320308,-20.094522134741183,-23.38933541963317,22.31076562767676,-0.021841080014757,0.1215065026044924,1,1
985,0.5128377168309415,0.1330038775404919,2.4469845184420502,3.085375171979975,-24.456052090955566,7.556818811662282,-19.67087132747743,-29.006820634121027,31.73761387538235,-0.1874938077365957,0.1890441918098241,1,1
986,0.9584780324398766,0.2976336411672486,2.4469845184420502,3.085375171979975,0.9551824447504202,13.581138063326932,-62.85675818320534,-52.64042136194635,66.29896047270367,-0.1465771391974211,0.3232201642961193,1,1
987,0.6504897126258149,0.1745264762810042,2.4469845184420502,3.085375171979975,-6.319447572987215,8.074201416053882,-18.096237626746188,-43.74380786836889,30.461398332696405,-0.0536319348197467,0.1868731723468239,1,1
988,0.2594141235464492,0.1614126833689736,2.4469845184420502,3.085375171979975,37.61632691313872,12.553431746663165,-53.89089717554716,-25.07732472914452,20.970357752657407,-0.1912691429901958,0.2872544905512251,1,1
989,0.5854626689652804,0.2517103400105205,2.4469845184420502,3.085375171979975,61.03371131443973,14.542044560132084,-64.28944534944839,-13.569271079106372,22.58152063606569,0.3174279953793851,0.3917990310005853,0,1
990,0.4943176876202426,0.1389176641789126,2.4469845184420502,3.085375171979975,-43.12230425614365,8.290175258375612,-99.52699367139036,50.54578516155874,84.60297881168154,-0.0147352562975808,0.207065848211546,1,1
991,-0.0167470047044817,0.1638214825629563,2.4469845184420502,3.085375171979975,92.9550261129164,15.7823160865985,-80.05914023416503,57.03590402137121,-13.82615857074208,0.3393475388589927,0.7147161704645942,0,-1
992,0.1319988035927095,0.0552004435257226,2.4469845184420502,3.085375171979975,-13.492284365697856,3.53928846880936,-9.164023980415294,-2.447780416836025,9.517927184790963,-0.1316139799394953,0.1339519663015638,1,1
993,0.1981460635187074,0.2124630140448944,2.4469845184420502,3.085375171979975,-13.808009788954706,3.2807020334842463,-61.68113233194732,22.47036536503711,51.503684545166266,-0.2591362165209532,0.2275184539720351,1,1
994,0.0708847417905446,0.0530264913520572,2.4469845184420502,3.085375171979975,-38.37962966204928,3.6923620207721655,-71.5705326239763,56.989759499879455,55.0639161702502,-0.1019186105262125,0.0863794031550049,1,1
995,0.0593148423852432,0.2430253489074917,2.4469845184420502,3.085375171979975,8.018367698885797,15.457936663911994,-90.59168870491348,26.877867613562344,37.86674235770161,-0.2752244417588715,0.3235989190524366,1,1
996,0.1860058717841908,0.1405856455377611,2.4469845184420502,3.085375171979975,92.58575087769788,17.057098321637866,-82.82016780870056,15.709602609454151,3.2208319330773207,0.3291131834209175,0.4547118177008392,0,1
997,0.1495448252905742,0.0862022596508661,2.4469845184420502,3.085375171979975,-37.91509923555429,9.700066834700792,-86.5618954029774,52.45144328418641,58.52108390391243,-0.179543564685256,0.1946651852182964,1,1
998,0.2589630933417156,0.2210357636351983,2.4469845184420502,3.085375171979975,-55.42480055044648,-7.336410775053892,-13.216406180991696,31.35928904750193,45.650815850245806,-0.2361945307677788,0.2186259480525061,1,1
999,0.2460104775740257,0.0942765140857508,2.4469845184420502,3.085375171979975,-90.97832238274349,-3.8256340441719354,-22.929369984036057,57.08421447457158,51.82552575007949,-0.1814154276590683,0.169821472062729,1,1
1000,0.211216753960525,0.0551704347440158,0.8719611650083201,3.0023031448610418,9.148701884773727,11.096776273541892,-14.360207591399458,3.7706588731858375,-0.7263370292974969,0.3401517628604588,0.9709028676984152,0,1
1001,0.3959818454369588,0.416366346322812,0.8719611650083201,3.0023031448610418,35.901721783948744,60.51449842352318,-97.75111207863368,31.646429176932088,2.148509338353179,0.7674126135423247,4.199766810629779,0,1
1002,0.0251397037044329,0.0512456220851971,0.8719611650083201,3.0023031448610418,35.74879377381902,49.50392419311683,-93.34345136975348,35.509509929412275,-1.0602012405372676,0.4429576284752974,3.9179752157528336,0,1
1003,0.0425217534869166,0.2426662167595757,0.8719611650083201,3.0023031448610418,97.3909364545053,70.99554133426909,-69.17028653481421,-34.98332772995299,-49.37766447874119,0.8588971068951996,7.553152874672188,0,1
1004,0.1553153431639309,0.1925067383576984,0.8719611650083201,3.0023031448610418,68.45094156621877,57.48430161407535,-72.10575562939209,-12.910073916743798,-25.87734152346796,0.6813257239629218,5.9044359919000735,0,1
1005,0.4088315738077064,0.2851168682861419,0.8719611650083201,3.0023031448610418,28.197402218129923,37.15486083264258,-77.93372662202196,17.526582121980198,9.929210721602956,0.4592471134315787,3.8458700072918313,0,1
1006,0.2894936672022359,0.1732435903860608,0.8719611650083201,3.0023031448610418,38.36152157777266,22.2225792552502,-0.3280614113337492,-39.12476751588005,-22.73028409564526,0.4805766722378291,2.7783136063753706,0,1
1007,0.1542050782719277,0.0923258546516426,0.8719611650083201,3.0023031448610418,54.66758323693532,56.9734796965873,-75.57582394243556,-9.677349646387754,-15.844876975443327,0.4910708847824927,5.022570959110716,0,1
1008,0.6811386445134229,0.5647373344343916,0.8719611650083201,3.0023031448610418,11.392848881739296,55.264483945035806,-91.74670259036036,17.252571499463684,23.269936072254097,0.3121055311201288,3.0517691649690777,0,1
1009,1.0579738985775575,0.4986985251165384,0.8719611650083201,3.0023031448610418,32.86205045826341,44.17726533911994,-21.619035108950182,-83.05497798434641,0.9191485594102886,0.4784836360017539,3.725452107044732,0,1
1010,0.5496639517341959,0.8467333491736906,0.8719611650083201,3.0023031448610418,-31.146951331535377,13.25842278480964,-99.4232052141929,62.23861204346187,63.445423282046335,-0.1626262431499184,0.824883334877592,1,1
1011,0.2497970399525453,0.2052707978527719,0.8719611650083201,3.0023031448610418,54.01873756666407,40.635068887899024,-20.783046458240023,-38.166477649429865,-30.786962666458702,0.6727171606214408,3.943424454096851,0,1
1012,0.5270745613675484,0.2402787445950711,0.8719611650083201,3.0023031448610418,2.3584538178564856,25.163711225879013,-74.78813697253621,53.42965202785737,25.11844657487352,0.6642953392496727,1.961881065982536,0,1
1013,0.0849928470886853,0.1317967539539278,0.8719611650083201,3.0023031448610418,67.96966645054252,64.02936498265112,-91.63079935913262,4.500759503136862,-22.28400652818925,0.7052330927110004,6.077652428095411,0,1
1014,-0.095606410057932,0.7553163636823997,0.8719611650083201,3.0023031448610418,7.6291862225986335,12.766257959234096,-11.437602643153184,11.011550289053758,-7.921292627993466,-0.1139075643354606,0.6174344834869439,1,-1
1015,0.2467852791678195,0.1932272865645439,0.8719611650083201,3.0023031448610418,83.68006033845029,70.33299487745495,-64.35003256748158,-55.10544815276188,-36.59904446392317,0.619834803997513,6.864319163686315,0,1
1016,0.1963080336361679,0.1199271483815156,0.8719611650083201,3.0023031448610418,42.24154521625351,36.57925481470997,-46.75434659878693,-16.951689912501863,-12.193992451894232,0.3518937668423669,3.909828551088181,0,1
1017,0.1610985221948222,0.1644453012071516,0.8719611650083201,3.0023031448610418,29.19485327279105,26.233438362625023,-50.65083641962031,18.507329489870173,-4.047380969506989,0.4766504074622193,3.0207701010338157,0,1
1018,0.1583072802500122,0.1297895947671063,0.8719611650083201,3.0023031448610418,65.81285435008746,49.310297904850216,-37.47755746622815,-44.97412322623544,-33.2683273275193,0.523994422815313,5.104239872811748,0,1
1019,0.0793753976703055,0.307491013683938,0.8719611650083201,3.0023031448610418,48.24857008361269,53.73172396190415,-59.95315766982202,-3.6586417142388825,-20.945264080684908,0.5522389752656292,3.993093536906767,0,1
1020,-0.0509972674395968,0.157094177906739,0.8719611650083201,3.0023031448610418,89.49451873095029,79.20623545415575,-89.5550812336011,-38.97433273812225,-38.0174185022091,0.4417554688517562,7.409467058473348,0,-1
1021,0.0954756758286596,0.2401631877421852,0.8719611650083201,3.0023031448610418,88.39999966624359,79.96712512256565,-60.37118267218904,-77.87248676983137,-44.30772304826456,0.3699790442819277,6.859381405231561,0,1
1022,0.2694030631936763,0.2570967501240646,0.8719611650083201,3.0023031448610418,58.54410711087076,33.34810916810008,-7.355610574843666,-67.48632788627211,-31.847008972401312,0.3286950715386791,4.45224320679605,0,1
1023,0.4230276777195968,0.3012555139159752,0.8719611650083201,3.0023031448610418,24.139970977637844,31.432597880539905,-67.55596419391037,19.731467685115007,9.344396871658958,0.5118016529055192,3.358903304355344,0,1
1024,0.6951521375909377,0.3367414544796113,0.8719611650083201,3.0023031448610418,50.69493840532496,64.2351209622812,-91.70448112660524,-29.248995182890653,3.2925189300540723,0.517233909670388,5.881193457741251,0,1
1025,0.4518085853832601,0.3158217892723948,0.8719611650083201,3.0023031448610418,4.993239825412047,27.827503016129995,-96.61085888656524,82.41131711625539,27.69894544286882,0.8077748034434152,2.4392341719036432,0,1
1026,0.1260036132982078,0.3100875519949544,0.8719611650083201,3.0023031448610418,57.55252062648836,34.24844306603842,-11.66839941218673,-12.093932641887337,-41.36737078684571,1.046287363761029,3.6297287225786175,0,1
1027,0.5657725269822808,0.1338248713834499,0.8719611650083201,3.0023031448610418,4.245409495199496,29.76567852098134,-67.21788988298196,18.04743396175226,24.625477367706083,0.3373806492072645,2.1430071448326213,0,1
1028,0.0313031018175873,0.0941067097208209,0.8719611650083201,3.0023031448610418,45.34979977627066,40.610274700782696,-36.1725521678982,-20.60591712793733,-23.46252627584677,0.3952454428970584,3.469799899548483,0,1
1029,0.1750955841458869,0.180923412888489,0.8719611650083201,3.0023031448610418,-13.970393954786786,13.320198607013282,-72.14353758733925,74.94859619863666,30.354689021394705,0.1970872328308161,0.6000284131812719,0,1
1030,0.0424832437375384,0.2629505804215846,0.8719611650083201,3.0023031448610418,99.14905097925411,65.1446415929488,-43.90990658756502,-51.16165393216201,-58.42461502567326,0.9022607330418508,7.140754625764075,0,1
1031,0.0433935693814221,0.0724945669520497,0.8719611650083201,3.0023031448610418,4.028999128808792,21.49423186556629,-89.85232637162622,90.1489079532604,20.28336223213697,0.5376578577987733,1.8244318866491145,0,1
1032,-0.0122530605120531,0.1446628752733767,0.8719611650083201,3.0023031448610418,15.880464113936156,26.85866130534791,-80.10719583143319,94.92051562659503,3.5178507277084066,0.9233570469395708,2.0184276144820066,0,-1
1033,0.5972823718067044,0.2141679322590405,0.8719611650083201,3.0023031448610418,44.95075117938322,51.670823030045455,-61.08872632655129,-50.12497772405013,-1.4325710349601335,0.2718133675010632,4.925178291595514,0,1
1034,0.2111210005964365,0.3605623057547543,0.8719611650083201,3.0023031448610418,-14.856724574246757,7.446378381998571,-43.20316389599188,53.84066896684075,22.380536383316095,-0.2626103058881141,0.436104795309348,1,1
1035,0.6401621382215694,0.3269153182772464,0.8719611650083201,3.0023031448610418,0.0926182007732023,19.91984538363741,-29.7015557657097,-14.759128132151003,18.574373542895103,0.2174221531970099,1.2810277332092974,0,1
1036,0.2344557261474668,0.260571066523319,0.8719611650083201,3.0023031448610418,15.675431882230669,13.337444800769902,-4.522356382810088,16.201334677201856,-13.0072819245908,0.6795283653737921,0.998785430810736,0,1
1037,0.2864091447957193,0.0837550745324482,0.8719611650083201,3.0023031448610418,-0.7608863304635776,28.98419625430793,-87.47770730457285,68.88693054585241,25.805146040200498,0.4394735276445296,1.7168985581836071,0,1
1038,0.5717240038111777,0.3902770401310395,0.8719611650083201,3.0023031448610418,-39.79951746283452,1.5506072375030016,-87.21979239908697,81.18921998882956,64.63827563964861,-0.1459591700997447,0.1312432329109212,1,1
1039,0.1593759028427523,0.1287398525035163,0.8719611650083201,3.0023031448610418,85.90005280225981,74.84653810798798,-64.94389373454109,-65.98199617194066,-39.0945004076791,0.4553941539834771,6.933963921359519,0,1
1040,0.1614293691052604,0.1769792122134909,0.8719611650083201,3.0023031448610418,42.96106977390156,47.06858012004008,-90.87438937875795,42.35180000838591,-4.944480570430088,0.7902852559359892,4.464122935555899,0,1
1041,-0.0050564228524866,0.1148901198842961,0.8719611650083201,3.0023031448610418,10.624084379557203,12.001552116469613,-49.81186497324948,49.74875703574605,5.634809465454367,0.34323422616445,1.6195928089786062,0,-1
1042,0.1830689326809301,0.2503691888796598,0.8719611650083201,3.0023031448610418,10.84072883226068,18.93487926242679,-23.117912412220647,0.4026616298804555,-0.5416176850612686,0.2232824992195835,1.2100535718893526,0,1
1043,-0.055519135884622,0.1290417373571029,0.8719611650083201,3.0023031448610418,25.318171940629483,24.83994761296306,-40.77137701662337,17.587253584627334,-9.314833204007726,0.3484575002480483,2.192332310741976,0,-1
1044,0.5633475644347473,0.1941806255097362,0.8719611650083201,3.0023031448610418,21.718734376911517,39.33260826469834,-48.93345695232927,-19.481249006466957,6.177729999822958,0.3690026155242603,2.854366442311321,0,1
1045,0.1828119687129887,0.1120954952916197,0.8719611650083201,3.0023031448610418,14.05578748023433,10.372074642604415,-5.617892778347368,-9.288637951527164,-6.200100409174041,0.2843728289164831,1.1583246595870411,0,1
1046,0.4939898414229231,0.1704032076435854,0.8719611650083201,3.0023031448610418,19.47829130582319,43.125411990193584,-94.22024910718152,29.8029719600824,20.32783825094981,0.4805257739254958,3.5463557835548625,0,1
1047,1.0683700728786236,0.4531033457663931,0.8719611650083201,3.0023031448610418,-40.55070851527376,13.457058775911564,-80.90618451395557,41.17352402836247,70.53111451430678,0.0208609440314264,0.3576385276771183,0,1
1048,-0.0083441339910561,0.4303858660101958,0.8719611650083201,3.0023031448610418,84.03865256030633,43.55319928554152,-29.19753622112418,-30.205368616170205,-51.371188747104426,0.8059185579822254,6.016618521093172,0,-1
1049,0.1194035945298435,0.1068954949634082,0.8719611650083201,3.0023031448610418,12.15778569749328,14.7764682594173,-45.66593163408032,46.93760546819311,3.46838492721146,0.5615456467811595,1.6142636182363868,0,1
1050,0.0795596721713551,0.2512839672778362,0.8719611650083201,3.0023031448610418,57.62416478260002,63.66261914364992,-86.64220551914049,13.652415118886594,-20.128026398504304,0.7423346281609486,5.0725504482619295,0,1
1051,0.1880524552831088,0.2062174669144938,0.8719611650083201,3.0023031448610418,30.242981389239247,21.53389255844273,-32.25250860576716,20.58753141381746,-12.38224760964708,0.7412302691620924,2.573951123686754,0,1
1052,0.6321194625365406,0.4792064594245425,0.8719611650083201,3.0023031448610418,-29.471294463545632,3.4272677362898776,-65.21336797157831,47.931565363829776,52.36402474107118,-0.0186130806440978,0.345600992148093,1,1
1053,0.4268966443557963,0.1819288538978642,0.8719611650083201,3.0023031448610418,-1.2112785557087875,26.03095057274672,-92.97718828924437,60.23686700001579,34.03664616321055,0.3798734957629699,2.1720808298437118,0,1
1054,-0.0183652071618857,0.1796801547762675,0.8719611650083201,3.0023031448610418,19.503959437105763,28.27075762308908,-95.78283703484068,88.66755152959175,10.095912671704738,0.6695175295685778,2.8820455184926894,0,-1
1055,0.900120154480188,0.5258000880487615,0.8719611650083201,3.0023031448610418,13.42378435862264,51.21531355216365,-95.06206443164368,27.52513921265782,27.053930846210505,0.7810818492660014,3.375317794811108,0,1
1056,-0.0831047646788152,0.4187163397392011,0.8719611650083201,3.0023031448610418,32.16879406226863,39.42750339036121,-55.63443043258835,27.092882546422885,-14.502407690733987,0.4799892461643362,2.668958518349147,0,-1
1057,-0.0993569747030707,0.4888996483548598,0.8719611650083201,3.0023031448610418,63.95573257542279,37.11094133079601,-44.135045391344576,37.590782735893214,-41.37838030866363,1.2541561178428002,4.377893582668336,0,-1
1058,0.0073846588721144,0.8435827065369774,0.8719611650083201,3.0023031448610418,51.73888317641291,18.32515546796401,-23.259394688848687,95.93209036702112,-45.16584070827672,1.99620038097792,2.8908442526267137,0,1
1059,-0.0905513109129092,0.2403136512372689,0.8719611650083201,3.0023031448610418,17.408908689333444,27.21877974020872,-90.555111328612,83.53184261665419,8.936875610934365,0.5620500930059603,2.554028691746081,0,-1
1060,0.4479386173548096,0.1044512335925853,0.8719611650083201,3.0023031448610418,11.754102963020458,31.103903076259822,-62.32918510066313,13.091721336398791,15.89230308561656,0.3448371326421162,2.386794400431696,0,1
1061,1.0194310266755646,0.4498503695876653,0.8719611650083201,3.0023031448610418,-10.917202767963772,12.547278984724116,-17.220339993709757,-10.65531606211161,26.911868876874863,0.4761014009644015,0.7025781588481943,0,1
1062,0.2340106439420077,0.3579113935224771,0.8719611650083201,3.0023031448610418,83.16716827524994,54.10142859365399,-6.375618797853008,-75.10664986785976,-56.49403911581263,0.8797320814473775,5.4579771539454605,0,1
1063,0.7600180408534851,0.3292505341718831,0.8719611650083201,3.0023031448610418,8.457644930676949,20.43612854102905,-26.97175186527619,-29.44181618184831,16.07418605561668,0.2738547341111904,2.0489633132986764,0,1
1064,0.2525959506181953,0.0997100964069761,0.8719611650083201,3.0023031448610418,-10.19190714778459,14.241143307384531,-73.15884728546456,89.44726637572202,26.66155610717456,0.5126526334210237,0.8087309961047429,0,1
1065,0.0016430191865086,0.069741770922592,0.8719611650083201,3.0023031448610418,3.920414510259846,20.49126809179521,-90.27822543667136,94.4126443062151,19.677057404736644,0.5420805259029771,1.7728786596606665,0,1
1066,0.0385808332300812,0.1165225606939262,0.8719611650083201,3.0023031448610418,31.432474159935023,40.784453836789055,-68.77247954514138,31.47700484317352,-6.6169237699560455,0.5434885517760963,3.0716672804590317,0,1
1067,0.2307756916419192,0.3780627489725122,0.8719611650083201,3.0023031448610418,73.86864037112753,72.29776848384674,-49.11600665809268,-74.6652440767285,-36.39071424437195,0.3774116357156654,5.786985765489505,0,1
1068,0.5118161656430722,0.2571136863554388,0.8719611650083201,3.0023031448610418,-26.95999278087568,9.798759297069791,-73.81695700826117,56.44370437008422,49.17199970082041,0.067487816891977,0.3352863989993866,0,1
1069,0.6181581792319489,0.3317737091251149,0.8719611650083201,3.0023031448610418,23.78827342450072,44.244259405247874,-94.51336409876772,8.187015664660933,22.98724303132917,0.3247143238509087,4.22592769368581,0,1
1070,0.1380791176678404,0.2045598037220005,0.8719611650083201,3.0023031448610418,36.27416131514835,36.83529184169063,-71.31054674616786,51.67286493108995,-8.559825327023773,0.9540348762377208,3.4705374498555184,0,1
1071,0.6611369529974318,0.3596255607003131,0.8719611650083201,3.0023031448610418,29.82120313936048,48.608930874718254,-54.829046024867786,-23.59499427592017,2.152756116618093,0.5431533111956315,3.495953460180268,0,1
1072,0.0548651950975717,0.0659321714601377,0.8719611650083201,3.0023031448610418,-3.842493787482781,21.33010954302918,-80.18521747531827,89.20881758142357,20.35175810314398,0.3781007874007984,1.1144575174105078,0,1
1073,0.150916532631494,0.2390519295899658,0.8719611650083201,3.0023031448610418,91.84702591136045,75.85535275030031,-57.286043054904354,-63.84263704882669,-47.87841914246079,0.6858514396000168,7.001593194113935,0,1
1074,0.3622134985270386,0.1723823960657389,0.8719611650083201,3.0023031448610418,0.9171229002757856,29.90731986067493,-99.5477932330904,90.5934977270576,28.048230373109675,0.7622183727904857,2.0154987841581877,0,1
1075,0.8983367860569056,0.3206990384113866,0.8719611650083201,3.0023031448610418,1.546128111298927,23.160138253331624,-17.754884295483507,-35.372769112005,17.180574668401235,0.3373244424775157,1.381871926276717,0,1
1076,0.3997842541682992,0.2347117352274261,0.8719611650083201,3.0023031448610418,69.99694943314427,64.17697760719344,-29.50671644324207,-99.25171560302466,-33.871341587004395,0.2842256191341006,5.513122965505073,0,1
1077,0.4385055894070276,0.2480038948579416,0.8719611650083201,3.0023031448610418,37.0419439137616,43.80852302363829,-73.40443886628594,1.8027491974524423,2.150495583864867,0.5333680943277161,4.291615322477286,0,1
1078,0.2648939725874395,0.2075826773306802,0.8719611650083201,3.0023031448610418,72.24678291412658,55.39301956823312,-35.326317468873214,-57.69002454080712,-37.425510271170246,0.6361303219260561,5.533914490746303,0,1
1079,0.538623196950677,0.5028141311031661,0.8719611650083201,3.0023031448610418,33.16893393996267,48.482140630117584,-53.92106699422136,-4.176681872605826,-5.618435898922684,0.7587614976433059,3.3690512269343627,0,1
1080,0.1519168266214008,0.2921734828341877,0.8719611650083201,3.0023031448610418,49.0738005540552,25.98507957745213,-2.523439282047619,-9.39426251874653,-37.27905624769885,1.000060505964123,2.9702308802467763,0,1
1081,-0.0490341786948156,0.1658672059001176,0.8719611650083201,3.0023031448610418,58.96720229380105,57.422152627647904,-84.80628344147752,14.02196187088201,-20.956799505271675,0.6052699279923561,5.156604392716353,0,-1
1082,0.7012789254302543,0.1989917668735955,0.8719611650083201,3.0023031448610418,21.211577179712165,36.172475673908565,-41.58458711155759,-37.30980153495484,9.227615522646218,0.297917614546304,2.9886759974249046,0,1
1083,-0.0228554480942396,0.1420952892347426,0.8719611650083201,3.0023031448610418,0.261663621645809,4.986626775693836,-52.695453729354966,87.88306630394462,9.78500588279141,0.5403755750932306,0.8382755801670534,0,-1
1084,0.2742763227571568,0.2474395252895233,0.8719611650083201,3.0023031448610418,4.572808080718389,16.58418157857207,-68.85980379595253,86.05374182648114,15.043694672566517,0.9161282543967376,1.5443633842911006,0,1
1085,-0.0140600198513558,0.2885540566309388,0.8719611650083201,3.0023031448610418,50.42552379352,25.009711634712687,-4.807055435095123,7.640230052383856,-41.90383289294779,1.086846080584864,2.8007722608232712,0,-1
1086,0.686594302702895,0.2741546197407898,0.8719611650083201,3.0023031448610418,11.605854850624596,29.93765337780397,-55.85754662208063,3.869693553211917,18.180277331711903,0.5054522514755384,2.524822793381402,0,1
1087,0.0238841352562271,0.2998944181090764,0.8719611650083201,3.0023031448610418,35.408954572715544,30.189576446464827,-68.08821510826189,21.43575150024668,-2.8765961036621945,0.2623426257122054,3.827350967987469,0,1
1088,0.9722441241591278,0.7391711762653639,0.8719611650083201,3.0023031448610418,-4.953823549003047,44.88540355154208,-87.11895562751167,38.45465841424283,36.196085720667526,0.4645391799666151,2.250964590944862,0,1
1089,0.1354740486472623,0.1950502342475151,0.8719611650083201,3.0023031448610418,6.60865880313348,16.838423110512508,-62.817449316442605,93.9298143681208,6.971547257920037,1.0077874305917,1.234487246564799,0,1
1090,0.0696470057601228,0.168828390772813,0.8719611650083201,3.0023031448610418,70.48642639251989,55.125655616499074,-33.816088317059894,-49.77129570419883,-41.294724898452806,0.5696612623866111,5.064674638398267,0,1
1091,0.1725897525295683,0.1987722223683392,0.8719611650083201,3.0023031448610418,6.431022287900561,9.486046886037386,-31.98962343856759,65.0026520273494,-0.3435375569881671,0.684485818174614,0.9574902515174138,0,1
1092,0.1164868760084756,0.1410250439063715,0.8719611650083201,3.0023031448610418,79.46635253963947,60.37507742081945,-19.40513899450147,-96.0778057181213,-48.08265916918764,0.2937010275483755,5.6068938647852224,0,1
1093,0.7826632251296173,0.2873508629358694,0.8719611650083201,3.0023031448610418,-42.97027185944737,12.326528710317518,-98.797035729262,74.57472145420579,72.03707564616636,-0.1045305548910556,0.2624386049474685,1,1
1094,0.3552230357649315,0.1750020158998317,0.8719611650083201,3.0023031448610418,21.30778344252758,32.949264507506115,-68.31141055214943,32.564190605684416,7.496884217045903,0.6414733697887036,2.88414159466439,0,1
1095,0.3078195788603235,0.2174454076420702,0.8719611650083201,3.0023031448610418,27.893834376528545,19.872158012100243,-21.590298976539444,-4.9066608595055925,-9.572572545323313,0.5435769161132593,2.511268314361565,0,1
1096,-0.0951883297765003,0.2529259925733098,0.8719611650083201,3.0023031448610418,69.74331329505782,46.271074635043504,-38.67252440806487,-38.30419938057344,-38.51969769889174,0.370855079709699,5.205548885287159,0,-1
1097,0.3436500858722472,0.4265540661523366,0.8719611650083201,3.0023031448610418,18.207204649230174,21.037246321657904,-12.382202742520434,14.506158199819351,-12.05768529033122,0.7399347442489099,1.388209952873877,0,1
1098,0.171645079783121,0.3127027316157765,0.8719611650083201,3.0023031448610418,84.12328518811134,61.153229008792096,-62.020786830784125,-42.22770188180696,-37.22198054144066,0.6279972494600141,6.919469125533725,0,1
1099,-0.0142454693684552,0.0544114572811934,0.8719611650083201,3.0023031448610418,32.479472211710856,24.061119357341283,-21.88384912748248,-8.654903415168704,-18.24125545882012,0.3333662784250257,2.390943843313233,0,-1
1100,0.2013329407724502,0.0050538384850353,1.9464841943037885,5.142739189835587,-94.32023338838344,4.153954951960287,-74.41438070149147,69.04280449378052,79.20564701057765,-0.0048694692498717,0.00907069755778,1,1
1101,0.2711195541995678,0.0117116803433051,1.9464841943037885,5.142739189835587,-87.29642951484551,2.036824510224193,-24.73013351621421,-0.770502890477502,63.14561664512405,-0.0277530263329969,0.0330251923147936,1,1
1102,0.1366035315979733,0.0104436033206479,1.9464841943037885,5.142739189835587,-38.01933288444319,-0.5534712729925957,-14.82198840894634,-2.156502321946391,33.48682846063167,-0.0025822269529737,0.0178661925518694,1,1
1103,0.2105849295102831,0.0111815645748932,1.9464841943037885,5.142739189835587,-90.25039080017883,3.326959543062173,-81.72153496289206,14.322701306151032,90.72538666580884,-0.0365380954594783,0.0397232806697405,1,1
1104,0.1382391473364138,0.0043985604896525,1.9464841943037885,5.142739189835587,-41.04942807689432,5.389144725727292,-36.77229844188733,-36.70832661888264,45.10263518454681,-0.0195027570422322,0.0249663840323978,1,1
1105,0.0183411792172826,0.0269908803874829,1.9464841943037885,5.142739189835587,25.84570729294333,6.442553599509353,-26.129462025280915,-70.12770740158413,10.11533109062796,-0.0392949459391195,0.0778981125103086,1,1
1106,0.0746564402766435,0.0019360631819592,1.9464841943037885,5.142739189835587,-29.267375575708044,3.600161227776269,-20.05745462927688,13.93524349381397,21.85892594526084,-0.016932599581092,0.0180870046814158,1,1
1107,0.1354015387785572,0.0144932418305123,1.9464841943037885,5.142739189835587,-43.065828011132346,16.219378326919838,-84.73662007979249,-39.259366147399774,62.34682669186279,-0.0526881233273654,0.0672105479694932,1,1
1108,0.1237961231839641,0.0096303059310494,1.9464841943037885,5.142739189835587,-31.966355085016616,11.164768487931951,-37.92246283818125,-29.864294712124064,33.995718286627266,-0.0303160012145387,0.0403323489950132,1,1
1109,0.0468997324357533,0.0140756151620683,1.9464841943037885,5.142739189835587,-17.313161817391972,12.377351386737828,-55.68627659758947,19.520804481266723,26.49846970919532,-0.0285550272794022,0.0475280839149509,1,1
1110,0.0381908734594329,0.0072605849420554,1.9464841943037885,5.142739189835587,-16.482580561860402,3.922638300810874,-41.989041640753065,-31.970806662104096,33.364893966696854,-0.0476784629986936,0.0482491811567824,1,1
1111,0.0856021883767545,0.0120841655047749,1.9464841943037885,5.142739189835587,-9.57287920989333,-0.4622927570158595,-5.030603746629936,-45.93825302883388,19.33270900763698,-0.0183102789408252,0.0355412258214392,1,1
1112,0.1258774677721403,0.0217728419035031,1.9464841943037885,5.142739189835587,-29.156208538222344,13.218700222905738,-76.21814186159239,-60.946188903927336,58.10050446934261,-0.0546309776686607,0.0793782915858921,1,1
1113,0.1023156352163763,0.0219447906828854,1.9464841943037885,5.142739189835587,-9.419300926558918,10.719124149471696,-46.83247994590154,-40.99078033124093,32.41822041992435,-0.0197876696521298,0.0587866907271515,1,1
1114,0.1243610635119848,0.0055246072439242,1.9464841943037885,5.142739189835587,-43.05590863936746,3.2795709756858145,-39.176015765808906,-35.34643270667104,48.41764496522328,-0.031446744539754,0.0301757591667884,1,1
1115,0.1676854683806724,0.0100472632505732,1.9464841943037885,5.142739189835587,-45.10077562284671,0.6243617328874507,-15.733404039108905,-17.030459256929902,39.25550286667715,0.0006772124299507,0.0133330713004581,0,1
1116,0.1020961428230857,0.0110083650173675,1.9464841943037885,5.142739189835587,-43.2905194001663,5.337635305203278,-65.62452605141611,-12.619947134542883,57.71699813878334,-0.0459984764525704,0.0523278517211592,1,1
1117,0.0733136278161907,0.0116544574293574,1.9464841943037885,5.142739189835587,-66.717646632266,0.3166509662482042,-87.67588296925429,93.27094331925912,69.62454607239692,-0.038978777024513,0.0420119803286499,1,1
1118,0.0378123725738602,0.0030869019726314,1.9464841943037885,5.142739189835587,-36.17196994578711,6.696589454569988,-54.10402740110533,68.69924239124737,31.64489055657788,-0.0209085211823261,0.024040134433535,1,1
1119,0.1145059485740863,0.0081788209295266,1.9464841943037885,5.142739189835587,-25.04689716125054,5.989159325207623,-36.24982990734482,-96.1980244742914,44.13552900592549,-0.0557283508358304,0.0557372389906234,1,1
1120,0.0751545256345549,0.0046973501400459,1.9464841943037885,5.142739189835587,-17.828481532374596,0.0282824151292686,-11.443850071396426,-50.31685578334746,24.949653919323158,-0.029689552287386,0.0288651779153447,1,1
1121,0.1293188120384186,0.0042737099797462,1.9464841943037885,5.142739189835587,-30.62730966670395,4.665245428931868,-10.267452298178869,-37.24483659243552,25.686956418394075,-0.0142741233718904,0.0188206547834953,1,1
1122,0.1736056056445095,0.0025158632575539,1.9464841943037885,5.142739189835587,-81.92053841277536,7.306563279010362,-71.70193308207358,53.52655125834568,69.378518462182,-0.0201315468023726,0.0209496338304968,1,1
1123,0.0936066699572404,0.0179759585485031,1.9464841943037885,5.142739189835587,-43.93213682987496,9.713628537118751,-69.50462706618671,87.02234768219503,42.436185490040174,-0.0128854306894183,0.0434641527637497,1,1
1124,0.230456598533623,0.0110457580504533,1.9464841943037885,5.142739189835587,-60.49591715413614,14.99769403870117,-63.04965034734145,-81.54317452588865,68.98903182808812,-0.0424865671822992,0.0530583823599626,1,1
1125,0.055899349786945,0.0025193876772521,1.9464841943037885,5.142739189835587,-12.20228637726241,7.3692521131758895,-18.479078894187356,-32.72492541322687,14.992987135811958,-0.0253574841089898,0.0256896083928601,1,1
1126,0.0944877864485746,0.0061227346624277,1.9464841943037885,5.142739189835587,-64.9434694901347,4.754809020666542,-80.28928753479875,99.96474824322118,60.1757390536097,-0.0033131847378005,0.0139091463926955,1,1
1127,0.207188715363907,0.0090267495451615,1.9464841943037885,5.142739189835587,-74.42838850834738,3.975196324879107,-59.65033125241451,-37.142849998069785,77.24229410086173,-0.0381783303969726,0.0370179907621736,1,1
1128,0.1408496108645427,0.0201058349636466,1.9464841943037885,5.142739189835587,-60.79875859072719,-0.2006910484462167,-43.27775737703165,-7.792304785487559,58.80013698980105,-0.0334400142080935,0.0255032174197661,1,1
1129,0.0129859340193892,0.0069185482163388,1.9464841943037885,5.142739189835587,-18.314867102573917,6.71094399672765,-58.10039740180618,21.268434258340434,32.03895306339882,-0.032001548968599,0.039315967845805,1,1
1130,0.191933685278297,0.0042890835060295,1.9464841943037885,5.142739189835587,-64.83963010864744,11.676524978037977,-65.58860297141418,-45.53599814017684,68.37007089109488,-0.0394111896268754,0.0388590421541447,1,1
1131,0.0411814896610466,0.014735733965141,1.9464841943037885,5.142739189835587,-22.32165147887024,12.27478220617779,-55.83774073517,-22.200226211639603,32.81001382207509,-0.0492715572716161,0.043284298701163,1,1
1132,0.0098832738181719,0.0064234910858298,1.9464841943037885,5.142739189835587,-23.194365884666997,-0.7701479402007578,-39.74515728610446,59.024607491724254,26.471094723497885,-0.0170575033424038,0.0245673628882734,1,1
1133,0.2273138451969572,0.0070073035000124,1.9464841943037885,5.142739189835587,-69.26522045921932,13.4392118333174,-54.18093820854296,-51.46999052938508,64.31024293949366,-0.0421505871421685,0.0426191201247444,1,1
1134,0.1225532424301925,0.0108353881381795,1.9464841943037885,5.142739189835587,-26.152039633712704,-0.213559019373406,-13.579832125452484,-46.37175544472638,32.67843240754007,-0.0211425455301253,0.0338676931642891,1,1
1135,0.3030081931071688,0.0060093678132835,1.9464841943037885,5.142739189835587,-99.99784882954788,7.147959373100505,-57.27323570105434,-42.48622045555679,88.71928603839967,-0.0161115288867262,0.0154304117827089,1,1
1136,0.0004535408343601,0.0318053068306132,1.9464841943037885,5.142739189835587,-2.24421630126696,14.11499067271302,-90.16595475819912,-59.81782133634852,46.471942647419695,-0.0941041846768424,0.1056581293359729,1,1
1137,0.2427923365015371,0.0099809054381808,1.9464841943037885,5.142739189835587,-70.82006642896647,0.9059000634352116,-31.9854508564583,-60.03110174038608,68.4747640486055,-0.0237401221618272,0.0281653607666779,1,1
1138,0.1249357393117793,0.0115034102817925,1.9464841943037885,5.142739189835587,-45.51387375077278,18.825242280033947,-82.70049224238332,-43.18096268323923,58.34073791354805,-0.0657401226584318,0.0653431762051866,1,1
1139,0.2759745886281679,0.0103110791523677,1.9464841943037885,5.142739189835587,-95.68603120711464,18.661473297152952,-96.15319586852962,-50.14507116560378,96.14262260169588,-0.058765041921416,0.0577628079743471,1,1
1140,0.0230584930516875,0.0029372857989301,1.9464841943037885,5.142739189835587,-40.861990755304745,4.235482366769048,-66.83991583649996,93.50372470351334,39.70788482872507,-0.0086775327468808,0.013723460929976,1,1
1141,0.0223416764712974,0.0027547716818388,1.9464841943037885,5.142739189835587,-11.38472411241156,5.07419297972848,-24.14198470383417,10.619609259724626,12.973582690034265,-0.014648519508748,0.0183169733432244,1,1
1142,0.0503253708504883,0.0178578462913256,1.9464841943037885,5.142739189835587,-5.690925746528734,7.632671570736818,-45.301911338768655,-3.805293274187463,25.19535523556071,-0.0158507030551108,0.0482950215155202,1,1
1143,0.1302738426544871,0.0056899042232106,1.9464841943037885,5.142739189835587,-30.572319621615733,12.79739188420865,-41.49104840292428,-80.53614004326803,40.39930933456665,-0.0456709123523291,0.045238178100319,1,1
1144,0.1880088868262542,0.0217371792918425,1.9464841943037885,5.142739189835587,-58.54571641131654,13.5931135102675,-60.41376831168802,19.80672943145593,52.756747462605375,-0.0337993015640746,0.0582653537218516,1,1
1145,0.1314426292745876,0.001159446258544,1.9464841943037885,5.142739189835587,-59.58812023251876,4.118669178024376,-47.255169850229386,33.658091022006914,49.94619485557772,-0.0105145750914488,0.01070520585103,1,1
1146,0.0318002162167873,0.0132076751842747,1.9464841943037885,5.142739189835587,-14.70356581570624,16.067452371333275,-74.36923303754386,-28.193258625306328,37.19325338968406,-0.0599937300783034,0.0662799460421617,1,1
1147,0.0302327382481272,0.0153945603183038,1.9464841943037885,5.142739189835587,-28.16904683539309,15.503027671823476,-99.25150612116292,14.875223857261744,52.14975614430898,-0.0597613153035184,0.0705300726121889,1,1
1148,0.1253328728982056,0.0063278205351629,1.9464841943037885,5.142739189835587,-43.83774374538649,9.500579660545185,-62.46479180203325,-30.64854835261121,55.06200333795235,-0.0380784324644436,0.0436817468485698,1,1
1149,0.2886740523002374,0.0216470683590653,1.9464841943037885,5.142739189835587,-62.23357613066421,13.442831114678029,-48.10171945205871,-85.49331689533517,67.54806455132828,-0.0188495840424092,0.0493705544562808,1,1
1150,0.090731787455824,0.0069914294271622,1.9464841943037885,5.142739189835587,-28.842099569545795,-2.1676611612539034,-16.907236371158746,-22.305351516116215,32.37401987366832,-0.0289827076978288,0.0320402047894111,1,1
1151,0.2736982222089023,0.0109499041734304,1.9464841943037885,5.142739189835587,-68.98801800109547,4.665120793633236,-1.5435484913235626,-65.97991547215668,47.96343404758159,-0.0356490363156456,0.036776550828953,1,1
1152,0.0576759775643825,0.0017455834025994,1.9464841943037885,5.142739189835587,-34.54241987265631,0.8454242189871479,-37.18177880715218,29.946764819596183,34.0238603701641,-0.0134306645497104,0.0142001482964629,1,1
1153,0.0208203937067474,0.0096926686736468,1.9464841943037885,5.142739189835587,-11.260610629827111,8.947994987366855,-54.56862560955067,1.9080804854544056,27.929266480232528,-0.03192403974664,0.0447993584843603,1,1
1154,0.0587428335595258,0.0084205613060164,1.9464841943037885,5.142739189835587,-16.27722959908688,7.190509781164977,-28.8882530554168,5.29243203466379,18.588869246752974,-0.0155023386214782,0.0286657745141098,1,1
1155,0.2891846170726136,0.0211469414837962,1.9464841943037885,5.142739189835587,-69.97835303784505,6.5006530008445225,-38.626560246474014,-52.81412024092729,68.61334012102503,0.0062708436734049,0.0241271737758429,0,1
1156,0.1778252933028421,0.0140933452185006,1.9464841943037885,5.142739189835587,-51.35543617955136,17.690202249487655,-73.90416132713383,-50.456447149074044,61.430675641170495,-0.0505243651906016,0.0621032817789038,1,1
1157,0.1158883468493632,0.0106382110845327,1.9464841943037885,5.142739189835587,-21.67241506185546,5.454025759565766,-10.774164085586108,-24.863287674724788,19.618768881804783,-0.0111741822308337,0.027392189895784,1,1
1158,0.1619158937727206,0.0285713030344422,1.9464841943037885,5.142739189835587,-30.96547485931021,9.2213901569353,-64.06386870094047,-61.96085122156405,59.11866468127175,-0.0416948742545405,0.0796609084212799,1,1
1159,0.0076685625869577,0.0130563124523486,1.9464841943037885,5.142739189835587,-6.422905572085426,6.385246640621261,-49.22795672908767,30.859643638394918,21.619536731162256,-0.0150320049063301,0.0384449393921858,1,1
1160,0.0457513190512764,0.0073522686889514,1.9464841943037885,5.142739189835587,-36.41995705251586,-1.7502251191055365,-42.19115051587019,36.8024686544841,38.9894823150687,-0.0321450420837598,0.0311798263802453,1,1
1161,0.0185973523659286,0.0126461681976676,1.9464841943037885,5.142739189835587,3.5835201976413917,-0.1192510923049923,-14.793345840183475,-34.5633106157013,13.80223014927779,-0.0352192499814172,0.0482379519827167,1,1
1162,0.2362834482593852,0.0049384620934745,1.9464841943037885,5.142739189835587,-95.19071920434592,12.14318839267314,-98.6664524953714,-9.378581811279687,97.13987776953658,-0.0421926533990803,0.0426927445479491,1,1
1163,0.0134104832118088,0.0122130745103243,1.9464841943037885,5.142739189835587,-10.32866184019403,14.08989751415271,-72.60155497358224,-41.59795592935296,37.15589530719089,-0.0685154617420403,0.0693505316431045,1,1
1164,0.2335390435864309,0.0120880164230223,1.9464841943037885,5.142739189835587,-85.42494092060727,9.37622258624235,-51.48651522802402,23.93120928996953,64.12639097328389,-0.0442253962861962,0.0477396388038724,1,1
1165,0.2095350921633016,0.0153209859138587,1.9464841943037885,5.142739189835587,-71.62276700834096,0.8270475095314822,-52.55359313552432,-20.215461630989623,73.93078668853371,-0.0324730941321637,0.0423206277819844,1,1
1166,0.1526651751475664,0.0099558934669697,1.9464841943037885,5.142739189835587,-65.82489437742014,13.039125262685316,-91.52189940794784,27.720444817644307,70.95489942099223,-0.0317602380451019,0.0454242011571051,1,1
1167,0.0645782879556906,0.0108854749935702,1.9464841943037885,5.142739189835587,-6.729256867108461,12.618173233680594,-27.96064722685186,-51.53215507288023,15.78684875117098,-0.0392396608859615,0.0470012997926759,1,1
1168,0.10434255936998,0.0109195731824542,1.9464841943037885,5.142739189835587,-23.73331425530405,6.028045593149955,-14.079202728770412,-65.13812133377564,25.467947212875885,-0.0240764748369197,0.0187777374029118,1,1
1169,0.0390460071333496,0.0060219428658549,1.9464841943037885,5.142739189835587,-26.214125745815053,-0.004421803287812,-38.8773939808035,10.899800956133916,34.17207704371933,-0.0349247818649324,0.0357431643226377,1,1
1170,0.0534506586417824,0.0053065399121072,1.9464841943037885,5.142739189835587,-41.24916220175876,1.9454039707302824,-45.01361205076412,88.79598608780134,32.251075243620704,-0.0080003541770838,0.0173386397784419,1,1
1171,0.1234881618621754,0.0126498091679458,1.9464841943037885,5.142739189835587,-50.01746152117161,-4.014184270457236,-2.524464263097556,70.37034926615894,24.083890961262284,-0.0428815142500877,0.0512200444160169,1,1
1172,0.0882689056830351,0.0058968798064471,1.9464841943037885,5.142739189835587,-33.291523545184546,11.982568752328303,-53.722161510739895,-23.23127919744121,39.389129691387154,-0.0413160020586084,0.0402774083285835,1,1
1173,0.1164234861109296,0.0101107623574113,1.9464841943037885,5.142739189835587,-48.56615537661568,-0.6132167505546562,-8.824386888543174,37.88561274685185,26.72324248391469,-0.0359738369356037,0.0323208176620657,1,1
1174,0.2633226569598873,0.0103141428424649,1.9464841943037885,5.142739189835587,-73.15940032098604,3.922396433522721,-8.327257888412447,-41.45751907540218,50.54295814703804,-0.0356178789120058,0.0366391095592622,1,1
1175,0.1879162938706247,0.0058544167110075,1.9464841943037885,5.142739189835587,-54.26936762308303,9.41313367748593,-36.89136805460914,-40.1186791166471,49.10035406520785,-0.0272924303259537,0.0310487512220774,1,1
1176,0.2749655240885243,0.0128166127281912,1.9464841943037885,5.142739189835587,-95.69788241986048,16.975458532367,-99.53745831139304,-19.086997636226883,96.44758361840962,-0.0424735064853419,0.0546940524507511,1,1
1177,0.0242986951784047,0.0122376617026891,1.9464841943037885,5.142739189835587,-33.711492965844684,-2.1742211886031555,-14.55990676746643,87.9732319056015,13.725381407272636,-0.0358246226764916,0.029989678006072,1,1
1178,0.199459293566544,0.0048057150333924,1.9464841943037885,5.142739189835587,-45.38348007040727,4.7791451504517966,-13.97317791938275,-78.34356060952257,43.28009213847818,-0.009425663469366,0.0143852592004133,1,1
1179,0.0705543925232298,0.0040036320441345,1.9464841943037885,5.142739189835587,-38.32905884064131,3.346655072685607,-37.671950052268265,53.75482433654503,30.756524946753387,-0.0104822270475417,0.0169092927554997,1,1
1180,0.2681206115885801,0.0117628195923149,1.9464841943037885,5.142739189835587,-91.40974658891749,7.623490761458228,-40.51907713108084,-1.819327807877372,67.34375416985756,-0.0426437532351131,0.0416664854825154,1,1
1181,0.0848030543455368,0.0062780039214473,1.9464841943037885,5.142739189835587,-39.08574568619267,-0.9369569192069632,-32.166004636333966,33.20657849944067,36.38845578899077,-0.0109654379857781,0.0185153598354572,1,1
1182,0.1570762352567011,0.0095117759252934,1.9464841943037885,5.142739189835587,-70.00840032528366,-4.590178666008441,-30.35028387584559,40.92546758793526,54.54403555033758,-0.024739886412005,0.0230520053202603,1,1
1183,0.0404099349646298,0.0085142555851789,1.9464841943037885,5.142739189835587,-0.0082654659756258,11.721491932411368,-29.04830921713301,-57.37457165926354,14.082063435703958,-0.0390030496905853,0.0451437543553595,1,1
1184,0.0257207398128329,0.0049576460189998,1.9464841943037885,5.142739189835587,-24.655495626892304,4.4934106694367415,-31.711274981988765,64.16828037814864,16.397085476718104,-0.0236129600334479,0.0285822454064712,1,1
1185,0.1266762324268189,0.0128492001345522,1.9464841943037885,5.142739189835587,-22.99631650816553,7.555753454787251,-37.32255158708022,-64.31272804360519,39.47535973578081,-0.0283087601477414,0.0475358885951868,1,1
1186,0.2797500984645651,0.0065621080699728,1.9464841943037885,5.142739189835587,-93.27417531764516,8.514885342350183,-53.15876623296085,-21.632534847975293,77.98508354635635,-0.0250480309046288,0.0266083764087528,1,1
1187,0.0727763932565835,0.0064004187487916,1.9464841943037885,5.142739189835587,-20.11528322613516,10.223549738247172,-49.00761960602543,-48.71975836318301,36.18330780924845,-0.0429846899480518,0.0472901662426048,1,1
1188,0.0231897579329597,0.0129874291292143,1.9464841943037885,5.142739189835587,8.96546493064119,9.870532816459104,-11.96796812084726,-30.349082149686808,-1.7197586724464315,-0.0285723155850258,0.0423030498790488,1,1
1189,0.1458177001027487,0.0078497848473296,1.9464841943037885,5.142739189835587,-83.50969621669691,11.90978043392063,-95.38999632805158,70.34794885872338,74.60414109538812,-0.0376492488670198,0.0346528636664784,1,1
1190,0.071483037976421,0.0090511576212601,1.9464841943037885,5.142739189835587,-45.46536816522699,5.376025898256117,-56.546670710385904,91.748894492906,37.726464932712645,-0.0126991161572108,0.0280015773214914,1,1
1191,0.1363939355679712,0.03112665413206,1.9464841943037885,5.142739189835587,-30.48078489364518,4.858034806281196,-36.01552780254963,64.31517076021652,29.69301500653947,0.0064038298972414,0.0491571858961533,0,1
1192,0.1658454811925896,0.0029657223572295,1.9464841943037885,5.142739189835587,-65.4036317019836,6.969169936430333,-63.2385093757358,-5.039687035055579,65.71210617239615,-0.0241307243038703,0.025744814063027,1,1
1193,0.0150387246113682,0.0101333129652583,1.9464841943037885,5.142739189835587,6.224802956875777,11.467563638507444,-40.33688141466724,-73.88998908665039,19.21370164556477,-0.0549521148945043,0.0594708651369116,1,1
1194,0.1114639430583282,0.0120055894244448,1.9464841943037885,5.142739189835587,-35.93413599896988,17.055105610428072,-75.89549092021537,-43.17797807299615,52.11846556897041,-0.0566362618009816,0.0636467047694787,1,1
1195,0.1782229818060794,0.0048121692071714,1.9464841943037885,5.142739189835587,-59.57622318059783,9.971294572462128,-65.97989067779544,-53.71037733052899,68.81984684310848,-0.0440658379190745,0.0446558766210053,1,1
1196,0.0712934805777574,0.0155672092774017,1.9464841943037885,5.142739189835587,-51.294250548603706,-1.819477748144436,-25.337541833389736,82.31434850932914,30.097856212477723,-0.031589355176516,0.024260337670794,1,1
1197,0.1659245138934206,0.0089737357112627,1.9464841943037885,5.142739189835587,-41.88771765230099,16.74394815478672,-58.57048973365967,-94.67638195028876,54.43198940349032,-0.0593926922668108,0.0590482985770676,1,1
1198,0.0701712740037516,0.0135707004218742,1.9464841943037885,5.142739189835587,-25.33755509048001,6.669274493113875,-38.64076080413466,-44.90374227724752,35.03780760232098,-0.0393819585458701,0.0327155208790829,1,1
1199,0.0880958915661576,0.0147955715631279,1.9464841943037885,5.142739189835587,-24.113040227639075,8.037036569866189,-40.24987807742746,-77.91675366701347,39.45201379265498,-0.051745485082538,0.0453373507102708,1,1
1200,0.1353509951936553,0.0034196041859307,0.9287244942797837,7.711917279670906,-53.09898866297782,8.195741399558614,-27.3399720645006,-97.4046425168741,52.61348965874621,-0.0019065543360867,0.005833495354744,1,1
1201,0.0077293316488921,0.0013736297317616,0.9287244942797837,7.711917279670906,-27.17589598154582,18.08598401455272,-68.33809645578047,9.59888219265828,28.838970223802164,-0.0128321385774696,0.0144719490148079,1,1
1202,0.2262186782706467,0.0050405435234054,0.9287244942797837,7.711917279670906,-90.12201576706263,13.263200108478683,-56.886342909865895,-52.89423015748602,87.5277430135871,-0.0129827717680629,0.014152633772826,1,1
1203,0.1040427068884087,0.0055643628393487,0.9287244942797837,7.711917279670906,-37.46007021622764,-3.875525447423073,-9.762264255067294,-4.424151373210677,35.39320761996319,-0.011904372954418,0.0100177459824933,1,1
1204,0.2208483370973629,0.0046164840295639,0.9287244942797837,7.711917279670906,-86.01088100531224,16.63380087919893,-52.84506604890424,-76.04385492096895,83.6897640627856,-0.0128558593037014,0.0147914294077203,1,1
1205,0.0274680672629385,0.0060952584616232,0.9287244942797837,7.711917279670906,-29.71998586464868,21.358886924873204,-58.676880720332015,-97.19120813513167,33.32921087194484,-0.0130867916925198,0.023788226338809,1,1
1206,0.1546693073810946,0.0034767068994247,0.9287244942797837,7.711917279670906,-66.30735791159509,14.788406964515204,-58.181139541054,-7.485743887410095,65.1554252478754,-0.0074748807825669,0.0110304783871687,1,1
1207,0.0554498273900926,0.0057685743269528,0.9287244942797837,7.711917279670906,-27.872421517378317,-9.04651398265466,-13.434778496771145,-49.51165329436565,29.046283855307934,-0.0095550817722353,0.0158453600560883,1,1
1208,0.1202303544566563,0.0018369987761153,0.9287244942797837,7.711917279670906,-60.179489909163394,26.761045285821723,-82.87759310930477,62.47223464759401,58.94781067965843,-0.0178212972476956,0.0186644517168018,1,1
1209,0.0496172445144036,0.0037030626050109,0.9287244942797837,7.711917279670906,-44.65494225511271,24.301237714837967,-86.28344774847685,-1.52732300067278,46.76233593900477,-0.0130107091153765,0.0192943723830819,1,1
1210,0.1435126292258034,0.0048799282839932,0.9287244942797837,7.711917279670906,-64.2583485129977,-1.4554026690871211,-40.027958180871714,-47.984687082284296,63.37205014132067,-0.0078727999019242,0.0096606118553677,1,1
1211,0.1737739281996242,0.0079614602279898,0.9287244942797837,7.711917279670906,-49.19028087632695,31.00779665032437,-25.42021246066068,-50.16319269985292,47.12443003334377,-0.0234177850629185,0.030068453168795,1,1
1212,0.1727182238565793,0.0019833074241826,0.9287244942797837,7.711917279670906,-75.49151865080863,18.8998889183529,-57.839829216075024,-99.57877642805084,74.16046240967026,-0.0107042848593219,0.0105085797977392,1,1
1213,0.1314218042723423,0.0044023500976643,0.9287244942797837,7.711917279670906,-33.7459789122252,24.419739631836748,-6.074298542679529,-91.74520810583932,31.893398817974912,-0.0204653148385059,0.0230818923264213,1,1
1214,0.1594557722959734,0.0073307156318299,0.9287244942797837,7.711917279670906,-66.27584235021939,44.15478472380369,-77.10031160672935,-67.74391976806425,65.7179367981239,-0.0282340493026654,0.0335153288308315,1,1
1215,0.0043899839260002,0.0037052000526655,0.9287244942797837,7.711917279670906,-36.99678386817431,12.094831339538928,-80.66126028252027,-41.241013694016495,40.47221189135806,-0.0147261713502807,0.0198577058353582,1,1
1216,0.1049699808817711,0.009364094114215,0.9287244942797837,7.711917279670906,-41.34119449905349,43.38098769105855,-56.50197087797382,-93.13460664627588,41.97238846389882,-0.0276848091298436,0.0351684268259971,1,1
1217,0.11110130958082,0.0042977653322792,0.9287244942797837,7.711917279670906,-28.345616149985982,16.28389299606087,-8.006266004082491,-25.838786290072832,26.96803679476527,-0.0128383295404251,0.0180416804814486,1,1
1218,0.1428307238413815,0.0072664482639801,0.9287244942797837,7.711917279670906,-44.89698122921886,12.23053778245928,-27.76708532639735,96.61088908753204,40.85664470859399,-0.0234505264271552,0.0207207099997996,1,1
1219,0.0215761153691122,0.0037020604441654,0.9287244942797837,7.711917279670906,-25.432050736348515,4.412800699155042,-34.92376769297482,-98.57075939530692,28.069898145330825,-0.0092029240892051,0.0150782527663822,1,1
1220,0.1253403720107403,0.0084894198821888,0.9287244942797837,7.711917279670906,-74.46035944190044,-3.5101409407809854,-76.1382911242071,3.871184014780255,75.15173390431283,-0.0100467511608717,0.0149139629022189,1,1
1221,0.1114710872914338,0.0029747619146194,0.9287244942797837,7.711917279670906,-44.18520335920939,6.366388950465932,-41.92811426683476,94.50562839718744,42.49825429822869,-0.0086042516587619,0.0117461848643093,1,1
1222,0.1988055177309551,0.0079299515803158,0.9287244942797837,7.711917279670906,-55.03130680785877,33.78155522133497,-26.302121207562152,-15.657678879265616,51.15053378557079,-0.0330623934153354,0.0348926615490839,1,1
1223,0.0394387044728042,0.0004824676458958,0.9287244942797837,7.711917279670906,-15.5924087948613,7.905500235016731,-16.43502405596938,3.209624387196726,15.114607696308966,-0.005758027834569,0.0063427239401523,1,1
1224,0.1403063794862529,0.0041235467704064,0.9287244942797837,7.711917279670906,-66.16698675844574,10.554594010166142,-58.89806484274504,-43.76367421193868,66.06266377186495,8.181265986865246e-05,0.0046051210088954,0,1
1225,0.1023585622163926,0.0032125517853072,0.9287244942797837,7.711917279670906,-50.9156027392627,7.135296591156816,-58.688446675922926,66.24501604563588,50.402879719222426,-0.0018996352934581,0.0059607205356014,1,1
1226,0.1412879613049313,0.0018882745837717,0.9287244942797837,7.711917279670906,-59.33895623016563,13.02665403596646,-42.12247225484773,-71.3312727131946,58.2897544877697,-0.006936283013957,0.0081462039239732,1,1
1227,0.1251333345358408,0.0059492820076845,0.9287244942797837,7.711917279670906,-38.87399532646258,-1.2482737546632308,-2.818552787081032,-54.233319708891095,38.26339307036889,-0.0041872698238263,0.0116597866951541,1,1
1228,0.1526740311407802,0.0030396838739561,0.9287244942797837,7.711917279670906,-67.36565735402588,28.72171288990873,-82.97394486887268,83.91867770074307,65.23337303290481,-0.0213680837549172,0.0226352885773037,1,1
1229,0.0813099507188975,0.0059354641530918,0.9287244942797837,7.711917279670906,-24.91623783841561,-2.1686893117224315,-9.913118763469768,95.5493290088008,22.091393885544264,-0.0150343275987356,0.012543711675821,1,1
1230,0.0419378113567081,0.0078369090520625,0.9287244942797837,7.711917279670906,-13.553021242005968,7.176936656016579,-9.251780486237962,-83.76228710432028,16.406002979628482,-0.000480567328988,0.015975186752015,1,1
1231,0.0067232079206052,0.0028928275028215,0.9287244942797837,7.711917279670906,-21.27701659471515,20.76392629672281,-68.05900941517854,75.4975115600775,22.54937949237501,-0.0129145082857527,0.0167670339461022,1,1
1232,0.1255331895119414,0.0135599015815277,0.9287244942797837,7.711917279670906,-62.27087583359263,14.835899726181196,-83.76760152237853,41.02229961814609,65.69075606675722,0.0041332295871085,0.0201018470517757,0,1
1233,0.151807650597834,0.0050980488960238,0.9287244942797837,7.711917279670906,-68.13141651182654,6.802439610677567,-60.7668840885546,30.419912516283038,67.1469509326484,-0.0041050349328887,0.0087915305737327,1,1
1234,0.1982968739997969,0.0055000590461998,0.9287244942797837,7.711917279670906,-88.20109025830179,14.424353872684192,-73.69551283252069,-7.426583263441302,85.77878726079655,-0.0125644088798459,0.011332004327055,1,1
1235,0.0392691393521126,0.0015197894344272,0.9287244942797837,7.711917279670906,-35.931222686479074,6.66275033676682,-67.24779084769952,99.75027131306382,36.37708479856937,-0.0010584847483826,0.0034237263422977,1,1
1236,0.12490567575534,0.0010014874419537,0.9287244942797837,7.711917279670906,-61.52610266128371,22.36369086480269,-71.15059362861925,-4.36437705228883,60.55035022877203,-0.0136690369714035,0.0137880583565686,1,1
1237,0.1321970505481115,0.004667081711969,0.9287244942797837,7.711917279670906,-56.26703637404482,-4.993441666458125,-32.79977115546188,5.388792020239947,54.81514709681309,-0.0110763608742271,0.0123025995894224,1,1
1238,0.0139967488675702,0.0027954292470117,0.9287244942797837,7.711917279670906,-34.277678023324995,13.07664405390956,-80.81691035053885,53.80339717094665,36.44597092285329,-0.0087419137874394,0.0136144619209706,1,1
1239,0.1890645070993954,0.0055136154285298,0.9287244942797837,7.711917279670906,-47.210070101464005,22.549767219775347,-0.2655686404374933,-66.46214913279502,43.548305760016746,-0.0258860148602453,0.0274725105563064,1,1
1240,0.2310658107052419,0.0052266547336869,0.9287244942797837,7.711917279670906,-89.40463121457756,20.63105905210503,-63.803697236617786,-19.589342192216776,86.55840958293601,-0.0171159267416555,0.0194727139315442,1,1
1241,0.1707610085431512,0.0027159075217904,0.9287244942797837,7.711917279670906,-70.54413851780234,23.554884387707943,-60.11448182818337,-47.989786949309845,68.9679685355245,-0.0150710970549807,0.0167893607309572,1,1
1242,0.0357568780068497,0.0026222852882713,0.9287244942797837,7.711917279670906,-45.495312381057104,22.52241801009957,-94.59447223339308,41.135529762462966,46.40792297095183,-0.0151382228501689,0.013858603808598,1,1
1243,0.0325467021135358,0.0014568967283865,0.9287244942797837,7.711917279670906,-26.378055183640758,5.284366913756273,-41.79329236583639,15.605915351597474,27.13472703163777,-0.0022204045503859,0.0047138289753738,1,1
1244,0.119988296731859,0.0064342970470297,0.9287244942797837,7.711917279670906,-54.21197443586505,38.04862028194137,-73.54387735881585,-42.65450131979509,54.53309766050177,-0.0224490952242147,0.0291277389991152,1,1
1245,0.11677174694174,0.0018163838729464,0.9287244942797837,7.711917279670906,-59.88479441446586,23.221379005053407,-80.27833535251301,51.53413967805588,59.01819817234127,-0.0137054034022079,0.0153993056879363,1,1
1246,0.1780969498526046,0.0077364093881537,0.9287244942797837,7.711917279670906,-57.9541289975422,32.50008291539476,-52.448190650324456,54.35151981065928,55.28263632350832,-0.026145892472186,0.0317050189879966,1,1
1247,0.1064013613805547,0.0087782267160487,0.9287244942797837,7.711917279670906,-46.10096525201064,28.499750015538467,-60.55427997284298,-48.480126995137375,48.17171003412014,-0.0096468204313823,0.0249463982608266,1,1
1248,0.0518734878750549,0.0077583705712989,0.9287244942797837,7.711917279670906,-38.935810218151865,44.977064859104985,-90.92342400580344,-6.312751720744416,40.14633079601208,-0.0309622013123276,0.0347791511082148,1,1
1249,0.0956542162165777,0.0034200896698312,0.9287244942797837,7.711917279670906,-54.78998814194544,6.718467406839281,-54.78372642413437,-72.21715781402243,55.793394124041015,-0.002874274979393,0.0068247590505425,1,1
1250,0.0753028082001685,0.002207372399841,0.9287244942797837,7.711917279670906,-49.48023898666083,16.08975179733973,-69.12046944100159,-29.39584468979139,50.59814860709534,-0.0066784725968527,0.0104565892164563,1,1
1251,0.0953475485144579,0.0019247188098952,0.9287244942797837,7.711917279670906,-53.19516502939816,22.63758527223591,-77.8516479036999,39.40232077279131,53.00050562288868,-0.0121960978912979,0.0147120752474365,1,1
1252,0.0917936285868127,0.0027834324282778,0.9287244942797837,7.711917279670906,-42.583147894063856,-1.1408544190005614,-23.86035953785627,-63.24887865926001,42.01594129589154,-0.0058193069972183,0.005243203973909,1,1
1253,0.1356317804693858,0.0012985103498491,0.9287244942797837,7.711917279670906,-70.90731085297477,22.671001285454025,-92.21964107350712,73.13183824772028,69.48818941127865,-0.014281163073857,0.0142040061869569,1,1
1254,0.2134075228840738,0.0090830406990005,0.9287244942797837,7.711917279670906,-80.51654612774169,-4.6940703219425615,-27.1750583773227,-70.46187515839001,78.16688422078244,-0.0151224607134938,0.0174018487347961,1,1
1255,0.1142643721487843,0.0076568411748338,0.9287244942797837,7.711917279670906,-58.94640629333683,28.917118524385927,-83.29567252368443,-27.622052437275244,61.04180365179696,-0.0097712984687657,0.0234175853211382,1,1
1256,0.0986263901572301,0.0020673931219145,0.9287244942797837,7.711917279670906,-52.18412127808774,20.774358170515512,-65.10125244469091,-29.58749265799977,52.42483191656504,-0.0099209576481856,0.0130312442488569,1,1
1257,0.2042321306920324,0.008454922085087,0.9287244942797837,7.711917279670906,-97.51560346874412,18.3533374659675,-89.88283077564849,-90.26830697858117,98.2828412271998,0.0012342040602181,0.0088942767859136,0,1
1258,0.1243418148688235,0.0041881298718357,0.9287244942797837,7.711917279670906,-28.446459409797114,15.44337700224412,-3.9745994843735417,23.29186051491709,25.774133962737352,-0.0186318183445181,0.0217136589600625,1,1
1259,0.0279106801825974,0.000535864012768,0.9287244942797837,7.711917279670906,-41.53730640641844,19.83383317568428,-86.24753988178216,10.456503528656498,43.03055401258581,-0.0136115335223983,0.0138363807476235,1,1
1260,0.2235374443215281,0.0082452390210516,0.9287244942797837,7.711917279670906,-76.74304082533507,38.596682590171895,-60.38125226115352,-24.31948135700817,73.86403589598817,-0.0295366383197552,0.03412641167709,1,1
1261,0.1349499426740671,0.0027963654507313,0.9287244942797837,7.711917279670906,-63.97852709250007,34.43068217926256,-80.51168030275919,-17.40918033058722,63.01187273552898,-0.0230023925031964,0.0239044702634955,1,1
1262,0.1055272303681044,0.0025027463015919,0.9287244942797837,7.711917279670906,-32.04871082934339,0.00389352076877,-14.837017644199236,99.4611199426818,29.44355622830864,-0.0136266470998127,0.0149864381661332,1,1
1263,0.11674479554537,0.0029312716747032,0.9287244942797837,7.711917279670906,-69.49070331830487,24.055798880831333,-85.61820029432955,-67.01400236679402,69.52190005726135,-0.013361729276168,0.012028092972554,1,1
1264,0.0759521094059691,0.0061300147723005,0.9287244942797837,7.711917279670906,-48.08897332012396,37.60677074228295,-92.64314281895712,16.40066238318849,49.3490798836288,-0.0220418083825714,0.028871026931487,1,1
1265,0.1273277773317592,0.0021614629398979,0.9287244942797837,7.711917279670906,-39.58714599740314,17.37925538415641,-23.19455260092748,10.579244724438098,37.03017454362976,-0.0185416152655498,0.0187258142237408,1,1
1266,0.0541092388646221,0.0065267361656025,0.9287244942797837,7.711917279670906,-45.07248549499903,11.92098042210823,-71.52134541388929,33.61663977347024,44.91911178022909,-0.0070210885009819,0.0038378132238037,1,1
1267,0.1002451442107934,0.0021178385601683,0.9287244942797837,7.711917279670906,-58.38120553529198,5.6735490466423215,-65.97472992987134,20.468073069241782,57.91562833205762,-0.0019420599078101,0.0016599456197079,1,1
1268,0.10991942161751,0.003699612554264,0.9287244942797837,7.711917279670906,-41.4870622450556,9.220909587337315,-27.72190267449145,-33.12090227572129,41.13620896591689,-0.00244009840255,0.0081295547836406,1,1
1269,0.1464521952553477,0.0025780697014822,0.9287244942797837,7.711917279670906,-64.29227367573382,27.450511427090447,-61.01980355465776,-90.27381463737818,63.72414321548439,-0.0157092792604541,0.0180999490765947,1,1
1270,0.177402852045611,0.0081627961508671,0.9287244942797837,7.711917279670906,-71.54655793368715,30.939041513911437,-75.86539785884621,-1.1727992668158578,71.3791093528512,-0.0132370313208497,0.0249635658729073,1,1
1271,0.045061468681654,0.0003881326524172,0.9287244942797837,7.711917279670906,-33.99182667621065,14.707266909984028,-59.67873905737301,37.13807557640857,34.17247854436633,-0.0083391964207209,0.0087622185521025,1,1
1272,0.1202347956719962,0.0024428987501103,0.9287244942797837,7.711917279670906,-51.0249127975253,29.667124186074773,-60.65796091935047,4.309493826068177,49.49767560765696,-0.0222784126348717,0.0223615724971748,1,1
1273,0.1102212798881062,0.0025848839038875,0.9287244942797837,7.711917279670906,-53.80333602563479,11.55723226890845,-60.48600132792661,59.20790793993214,52.2486875677144,-0.009294094078134,0.0084045956545499,1,1
1274,0.1581621290552444,0.0094133296066699,0.9287244942797837,7.711917279670906,-64.13465843532408,34.57325069160609,-82.99120534905724,59.96023558641011,64.09778428129351,-0.0161764239689776,0.0294140079239949,1,1
1275,0.1554550759520475,0.0075813269314045,0.9287244942797837,7.711917279670906,-76.13611434549708,38.339037758235975,-94.77170801905652,-89.69183038335942,77.75997414740121,-0.016774306449996,0.0283911512817053,1,1
1276,0.1169016447945894,0.0051262140909661,0.9287244942797837,7.711917279670906,-28.63058653079318,7.393213572467047,-4.41180516647789,32.98330959249503,26.96883559431835,-0.0094591475848789,0.0165226212897879,1,1
1277,0.097758244351045,0.0027247728920568,0.9287244942797837,7.711917279670906,-42.12322267557791,29.766266971375074,-54.789500898394,-8.34537631855305,41.094974927853,-0.0219357743949242,0.0224395815142109,1,1
1278,0.1632078332715681,0.0046326429145293,0.9287244942797837,7.711917279670906,-63.83622364413788,33.35131838496673,-74.1504752858452,84.21930139502174,61.02360168927172,-0.0277109876769183,0.028774664319425,1,1
1279,0.1245761574843141,0.0037848405360918,0.9287244942797837,7.711917279670906,-35.521185481918366,14.381296851282556,-17.045987230830306,45.66720938096464,32.32652009595574,-0.0205179125396939,0.019532962779037,1,1
1280,0.1409970268029397,0.0037615384615339,0.9287244942797837,7.711917279670906,-64.85866375308228,9.39757401097856,-51.70275241448997,-42.84726780148171,63.51842346466165,-0.0064395990008308,0.0053967594138703,1,1
1281,0.0017240257905102,0.0023977746853208,0.9287244942797837,7.711917279670906,-42.15267555846837,19.260713086533656,-99.45251120067212,-24.563167270808776,45.435498603983774,-0.0179156344448519,0.0204879791038607,1,1
1282,0.028936185537439,0.0034347845188203,0.9287244942797837,7.711917279670906,-42.6426769556987,30.114707431092683,-98.90353091121808,4.516172298907463,44.95263767996536,-0.0194663164585906,0.0234956396367028,1,1
1283,0.1110827464718103,0.0028873550370217,0.9287244942797837,7.711917279670906,-65.05332644149425,18.04879030638631,-84.99120205565187,0.6888233524646097,65.6345164935147,-0.0054769920427686,0.0098282165238969,1,1
1284,0.1385405408528195,0.0030897769932734,0.9287244942797837,7.711917279670906,-74.68626997656406,22.65109041485576,-83.30277043069268,-57.03907008164968,74.13275616306674,-0.012021159818443,0.0107887327262876,1,1
1285,0.1517194407449783,0.003319194510123,0.9287244942797837,7.711917279670906,-66.38395365439624,19.66271548599883,-72.00755553896468,84.72187298802706,63.792485473082166,-0.017720747701837,0.0167928458874313,1,1
1286,0.1995679503689661,0.0042841707006126,0.9287244942797837,7.711917279670906,-58.32628992825073,12.928291631292083,-14.120121543911395,3.653713620365551,54.12746072838317,-0.0235707162101105,0.0235939578151738,1,1
1287,0.0457720531054615,0.0005711579645985,0.9287244942797837,7.711917279670906,-37.44428435917513,19.3491667604863,-64.50946979215087,-17.656351385766683,38.221642652691656,-0.0120740739051157,0.0124938070723709,1,1
1288,0.1112490000152916,0.0048501745113549,0.9287244942797837,7.711917279670906,-51.62670884586598,0.5348480416089245,-42.550640005720176,2.8985456971860373,51.4611798609422,-0.0032345345327877,0.0082277350880729,1,1
1289,0.1428928507713257,0.0124447404437146,0.9287244942797837,7.711917279670906,-60.653670515901645,57.79957307477352,-86.71376173031955,-77.82907337492276,60.37324916757444,-0.0401555193158051,0.0449524308234511,1,1
1290,0.1027362939495316,0.0049142035282852,0.9287244942797837,7.711917279670906,-38.13609816211589,25.5569597059102,-40.35869699683449,-36.89265098605601,38.030832677557385,-0.0145198409430116,0.0209588842722571,1,1
1291,0.1039019996137127,0.007180444171516,0.9287244942797837,7.711917279670906,-42.95467563843265,41.51132348436454,-75.10982847454943,99.52763020217584,40.795736684748334,-0.0345716953898605,0.0343593555905551,1,1
1292,0.0995141643801018,0.0030980903786522,0.9287244942797837,7.711917279670906,-36.11511319822449,15.846083655829377,-35.312918925335495,31.777690332986907,35.05146346758812,-0.0106610875867283,0.014809152456472,1,1
1293,0.0182503852163797,0.0069144954573731,0.9287244942797837,7.711917279670906,-25.782727716299675,40.70336863595398,-80.11377040694775,2.320782613072069,27.11756708448576,-0.0297412372242201,0.031997712892321,1,1
1294,0.0896733646623517,0.0108566720396319,0.9287244942797837,7.711917279670906,-61.75981192950928,4.216412552194711,-87.8641223910243,36.29087423367207,64.84922101431633,-0.0048114641189459,0.0201047187054638,1,1
1295,0.0044291382803141,0.0070206358596709,0.9287244942797837,7.711917279670906,-2.7509966417063225,20.740393178776984,-26.612300903397497,-14.103283007081473,4.918238905511572,-0.0110230798074367,0.0215854216282888,1,1
1296,0.1063143067031423,0.0036068931391727,0.9287244942797837,7.711917279670906,-40.0692187437409,32.973248655176064,-42.72277053755549,-61.65206182037202,38.86698516325691,-0.0254253445643338,0.0254026065326238,1,1
1297,0.0653478003584401,0.005861077229586,0.9287244942797837,7.711917279670906,-48.76085853706975,32.081176844330685,-84.01383248630721,-35.53371954400113,49.035529805185405,-0.0229860766131631,0.0204379058614178,1,1
1298,0.2071916246981185,0.0047455710821763,0.9287244942797837,7.711917279670906,-69.88214836666269,20.913897792544617,-49.05569241226248,85.63960149226978,65.51944335940249,-0.0267943339837875,0.0268929636327971,1,1
1299,0.1505825670456246,0.0070839684090668,0.9287244942797837,7.711917279670906,-71.76244451423915,45.99420211061874,-95.70447410944736,-24.48775223449961,70.27257701913658,-0.0337820276448514,0.0323700199355356,1,1
1300,0.0086397485226995,0.0023278738040018,3.450317238911107,5.9334145391034205,-23.755555154180684,3.0186836292756,-82.19436580673566,78.61325900970195,51.25926013767477,-0.0142925264153703,0.0166797226357897,1,1
1301,0.0294850787318086,0.002699989413725,3.450317238911107,5.9334145391034205,-16.77449331039891,-1.9770333976699987,-37.9762377895969,7.836239382955185,41.55810245527476,-0.0214191039245063,0.0213477910098105,1,1
1302,0.0373179304995511,0.0034609212545249,3.450317238911107,5.9334145391034205,9.159183406322285,4.027772413605945,-28.984167085488792,-25.44710889819233,18.695469022659083,-0.0028222580791455,0.0095711879359576,1,1
1303,0.0322420249142222,0.0037348061596916,3.450317238911107,5.9334145391034205,7.001073403421287,8.651826299596536,-64.60936120839763,-2.3517231341793234,30.39589184172212,-0.0097062419343642,0.0163030399508062,1,1
1304,0.1013965279305276,0.0019889808928916,3.450317238911107,5.9334145391034205,-82.94883288709471,5.60603374999809,-40.68626815912236,-32.21163818247268,54.90014438063142,-0.0101818881053314,0.0093991129803562,1,1
1305,0.0144940482558637,0.0106808102998553,3.450317238911107,5.9334145391034205,-9.721169862380236,-8.812355388582787,-2.3629587539235075,71.48946777125656,20.25745164472235,-0.0210933936090551,0.0331467568541981,1,1
1306,0.0677259582661464,0.0008485015916577,3.450317238911107,5.9334145391034205,-36.56084794366203,2.254462996938855,-38.18778798399908,-29.74282216146223,45.88011625339695,-0.0100769558479525,0.0107429247757809,1,1
1307,0.0466618784928171,0.0009752660395574,3.450317238911107,5.9334145391034205,-27.78287778792452,1.8965743748092336,-35.748828728006785,-7.388866442613946,36.7935809024186,-0.0077183091325648,0.0090212236743547,1,1
1308,0.0348641294224238,0.0010955264510039,3.450317238911107,5.9334145391034205,37.307610411821486,5.040411301020683,-11.22709691106948,-97.62845566669168,5.154935338854003,-0.0093499000110655,0.0110818330430376,1,1
1309,0.0858272042355029,0.002339031039806,3.450317238911107,5.9334145391034205,-36.74947102275527,7.169896182922315,-92.86598431087542,-24.823509081551336,76.93568317910666,-0.020398366790958,0.0223769324089602,1,1
1310,0.0174504133650201,0.0013644153729257,3.450317238911107,5.9334145391034205,18.225158876122663,7.302458504196238,-31.1994382024852,-40.1068637154554,8.484417522449505,-0.0121401641134869,0.0134218130892228,1,1
1311,0.1543696478264213,0.003453959399048,3.450317238911107,5.9334145391034205,-94.0690821715449,13.586731078670596,-85.21974351755279,-86.27962197781792,85.70658896265559,-0.0232843596711024,0.0223833531376415,1,1
1312,0.0087063473909707,0.0027773169807391,3.450317238911107,5.9334145391034205,-30.34335088639493,5.5315284594485945,-72.58538348966692,88.93700097169796,37.46003855453665,-0.0046224283622185,0.0099290245421293,1,1
1313,0.0812836310092826,0.0023518010621816,3.450317238911107,5.9334145391034205,-87.50234660255066,4.628730611440886,-52.62808287264592,12.945643271968194,58.57688168423965,-0.0078841959808165,0.0067869679263683,1,1
1314,0.033601400174077,0.0049183489352948,3.450317238911107,5.9334145391034205,37.80833765600789,3.663884394536837,-18.149338049956413,-50.46232465637952,7.681743642950352,-0.0024676378973778,0.0120683911487077,1,1
1315,0.032646469867195,0.0010170852580147,3.450317238911107,5.9334145391034205,-0.8418584225140506,5.105064015109264,-38.6466843242832,-25.62770417558906,24.71876764387397,-0.0084142862470675,0.0100980898894939,1,1
1316,0.0614253633166583,0.0020233930817984,3.450317238911107,5.9334145391034205,-93.84789233697528,-0.3484038250482797,-74.91084666186809,87.62736961296795,77.30532410453804,-0.0136163427038436,0.0145167765869884,1,1
1317,0.0527258287751599,0.003693088998899,3.450317238911107,5.9334145391034205,-4.186506249657327,7.314148119152676,-16.138263154314345,-57.69220511571282,9.800934657460177,-0.0125025456931016,0.0171175245534336,1,1
1318,0.1092623982981771,0.000731161263491,3.450317238911107,5.9334145391034205,-89.1410993058749,7.832875819551873,-77.7469818204224,-12.99746022554696,77.45445707273242,-0.0124764222201807,0.0123033780757146,1,1
1319,0.0385525034315846,0.0015968474312723,3.450317238911107,5.9334145391034205,-3.0693768927931444,6.836205859272511,-12.59452224331659,-58.81919809469424,5.99636877281975,-0.0146681436164119,0.0152059948380046,1,1
1320,0.0259456818806516,0.0109081902478779,3.450317238911107,5.9334145391034205,34.15190723539342,16.07295195811163,-87.45445259662165,-85.48771113843792,31.972137368266885,-0.032649907787399,0.0278969674348136,1,1
1321,0.0667954845529452,0.006537329712765,3.450317238911107,5.9334145391034205,-26.97040780428395,-4.33475233634708,-17.007699834946095,-13.607940392767404,42.724256393674864,-0.0196170616240173,0.0257403727125953,1,1
1322,0.0874125483626224,0.0020202722851356,3.450317238911107,5.9334145391034205,-92.1316916194208,8.778745663370842,-98.79460346864076,52.01422133862738,79.84111686899064,-0.0110888657813323,0.0142511933161974,1,1
1323,0.0481636587203883,0.0056976731500865,3.450317238911107,5.9334145391034205,28.768056112411383,5.923312657041961,-63.19718245809204,-35.76965873336371,38.51825988917602,-0.0135732942492369,0.023049229607603,1,1
1324,0.0651477062665847,0.003447758525663,3.450317238911107,5.9334145391034205,30.10913773440305,12.089254824521705,-83.5652796293237,-87.2773665360736,46.85590815281856,-0.0215203309674476,0.0261200617111058,1,1
1325,0.0227537876792862,0.0023151155279898,3.450317238911107,5.9334145391034205,41.259549075555725,13.78867313758802,-82.07191497209016,-61.66894929154807,28.73722759749583,-0.0244967698170879,0.0252749409572615,1,1
1326,0.1124536718265232,0.0048681540160185,3.450317238911107,5.9334145391034205,-72.237214827364,-0.321056219661969,-35.9364877018556,-17.50958345662383,64.37722957678736,-0.0088302157990749,0.0152645973652683,1,1
1327,0.0304574681526422,0.0057527052686633,3.450317238911107,5.9334145391034205,-2.4835012347510457,5.763596834069091,-58.41155108108838,38.762425178238914,29.79679603072711,-0.0005622652909068,0.011988150332057,1,1
1328,0.0366467779362539,0.0008175297580553,3.450317238911107,5.9334145391034205,-57.67234761786562,9.063439938381634,-87.18348603680813,59.3497111136229,53.59256188335641,-0.0151903850999948,0.0152568003274347,1,1
1329,0.0922802683274939,0.0128709388406,3.450317238911107,5.9334145391034205,-78.93368142891262,2.229572162536229,-0.6988583047125161,52.0186933139822,20.12604299027143,-0.0147197374024547,0.0336081218323827,1,1
1330,0.0150358375172556,0.0043117799650585,3.450317238911107,5.9334145391034205,82.60569836555612,10.805112977964072,-63.959360719398326,-83.15207023978253,15.168820966393652,-0.0191936372239083,0.0255370966472419,1,1
1331,0.1014898196810478,0.003753825826666,3.450317238911107,5.9334145391034205,-30.116974819070165,8.88364001612652,-29.42390017038555,-91.71675637409824,33.67411720604753,-0.0129766449393849,0.0175372062842158,1,1
1332,0.0384903086673792,0.0015618422630876,3.450317238911107,5.9334145391034205,14.74247824725228,8.678741641435678,-84.8704541697087,-37.3264310981138,49.55479679036873,-0.0224641189051819,0.0230569706912143,1,1
1333,0.0776431047159415,0.004306125212832,3.450317238911107,5.9334145391034205,-48.04970369332118,8.239770542268545,-88.80365653581515,26.25747331822616,65.65184543586253,-0.0076898849375596,0.0156866795417704,1,1
1334,0.0425504916851885,0.0012968409433252,3.450317238911107,5.9334145391034205,4.402243270356436,6.5365357459938025,-73.29584892031086,-35.818173716089305,49.102981374887634,-0.0208875508721309,0.0208137299204794,1,1
1335,0.0228590455855888,0.0016903813415771,3.450317238911107,5.9334145391034205,-49.844385120958414,1.1237707850847158,-65.67905300250318,70.68413161582248,52.700980301462266,-0.0122987821648488,0.0117323958954129,1,1
1336,0.0519675428294385,0.0012913465061167,3.450317238911107,5.9334145391034205,12.195997070393943,5.518163804063022,-58.29189230650597,-67.72809952883543,44.2195221781659,-0.0212185018291264,0.0212195508167864,1,1
1337,0.0301020856166354,0.0055401547064365,3.450317238911107,5.9334145391034205,-47.87022684099887,-0.9590495149224552,-26.02210051013984,88.57051775529146,26.35871778037435,-0.0013115802010293,0.011801404990435,1,1
1338,0.0033023095591979,0.0029236580585913,3.450317238911107,5.9334145391034205,-37.06879309997462,-5.664887001442494,-24.296200068515887,78.44081969215037,32.06975345677046,-0.0183255706669951,0.0192900820280809,1,1
1339,0.1087094814182283,0.0078349000022226,3.450317238911107,5.9334145391034205,-86.33743855452904,4.51757456773592,-7.904599091915472,-7.540093223975731,31.508825289651185,-0.015778096558201,0.0255262425762065,1,1
1340,0.0274390892927659,0.0021222589768164,3.450317238911107,5.9334145391034205,-48.40062526398719,1.2757678863134745,-27.6395198417609,33.37269099443009,28.49918074784685,-0.0025981465489389,0.0015426410533822,1,1
1341,0.0451035037802384,0.0022456222128579,3.450317238911107,5.9334145391034205,12.16757977939973,9.496791560786818,-29.45531143436752,-79.03221873698504,12.127312350604356,-0.0165511772395755,0.0180394902051719,1,1
1342,0.1021479334701769,0.0043118170387944,3.450317238911107,5.9334145391034205,-21.169334874645813,-0.4675380608549062,-31.38836692555145,-96.68310713599988,58.541534237153314,-0.0253548915734843,0.0267384605772322,1,1
1343,0.1052527430811361,0.0018391437515306,3.450317238911107,5.9334145391034205,-52.5317078758,2.5612363985649864,-34.7540353683286,-60.70374192632335,55.94106847646438,-0.0087886341127162,0.010995088283953,1,1
1344,0.0563332356057022,0.0019320114755655,3.450317238911107,5.9334145391034205,-75.23172672500561,-0.9247805862090672,-16.653109276806575,43.57129872892415,35.13304416164851,-0.0036570469103212,0.0068450006385611,1,1
1345,0.0534037225211869,0.0034572676126042,3.450317238911107,5.9334145391034205,-45.969097797531,8.727361810821677,-24.37197855529493,-23.796245637373943,17.347544282300646,-0.0241596740135719,0.0240919901461845,1,1
1346,0.12611676966635,0.0045271946964807,3.450317238911107,5.9334145391034205,-56.61655137708684,6.165951331603509,-70.25899686595686,-46.855411374243474,75.97804919684506,-0.0099049909661131,0.0171224114577309,1,1
1347,0.0158866110218931,0.0017539954033971,3.450317238911107,5.9334145391034205,48.52281679657082,7.891211132657958,-35.45734560681318,-71.21679668712042,7.235271950035866,-0.0133519418001626,0.0156890161292132,1,1
1348,0.0068289896966407,0.0004342067549808,3.450317238911107,5.9334145391034205,-50.69032875374002,2.1029946003415176,-40.79769111327849,82.87570861041021,27.21753575263564,-0.0048087212747785,0.0055062451330344,1,1
1349,0.0646795937946701,0.0018654530216908,3.450317238911107,5.9334145391034205,11.657181953555124,3.730491949725831,-39.882205226008125,-89.16695552497362,39.78379382357932,-0.0193118852870047,0.0204060091858494,1,1
1350,0.0373941848453987,0.0072017774659513,3.450317238911107,5.9334145391034205,35.39586906189044,7.967875285590424,-93.01034097230198,-2.695072658918136,48.44223522066088,-0.0167723960770405,0.0283600239384188,1,1
1351,0.0570026486569364,0.0011183930777545,3.450317238911107,5.9334145391034205,-8.332453892530964,1.8559144142497672,-29.193810321734176,-56.217453453817946,35.5257973344836,-0.0136128231880154,0.0142553039036276,1,1
1352,0.0613678341720127,0.0015677439664444,3.450317238911107,5.9334145391034205,-89.08467640321898,5.076285884457434,-93.88569759734048,73.74659876974937,78.22409487777645,-0.0109036298034829,0.0101807386365975,1,1
1353,0.0424739394200117,7.730026756100323e-05,3.450317238911107,5.9334145391034205,-33.26186066648744,1.4930447558994615,-12.365314008508363,-15.025814711188415,21.54917352712513,-0.002249781924806,0.0022533863623736,1,1
1354,0.0746728931429684,0.0065265731955029,3.450317238911107,5.9334145391034205,14.540686663320272,2.1794059849215444,-7.166555990563694,-73.41918406251241,17.847657301423368,-0.0002612596420001,0.0123580307243981,1,1
1355,0.0803819199914169,0.0012897161073963,3.450317238911107,5.9334145391034205,-13.17353415936826,1.0709171371405404,-18.00926301681953,-92.3342104104066,38.49804237571567,-0.0151381974849299,0.0154525021304906,1,1
1356,0.015035352970162,0.0058523192525346,3.450317238911107,5.9334145391034205,49.19580725889389,13.90719483708274,-74.77413546855878,-80.94734339376215,22.3545254454294,-0.0274407489781321,0.0250780634746898,1,1
1357,0.0110536331997954,0.002216919927202,3.450317238911107,5.9334145391034205,-13.091335352380057,-1.0259674434223172,-6.034561934209179,27.685659545797577,8.39709099563079,-0.0014375607235847,0.0056842913794878,1,1
1358,0.0478790791837242,0.0014976273248163,3.450317238911107,5.9334145391034205,-68.39359124228909,0.4417941441397346,-64.39246738730729,65.61699206262045,62.25053476007551,-0.0116172047045407,0.0125688164139475,1,1
1359,0.1393980047151138,0.005057407208034,3.450317238911107,5.9334145391034205,-73.21290193967225,14.127943126608884,-59.95808809759169,-95.20938663400813,59.17226178316062,-0.0258728973525013,0.0279762634503044,1,1
1360,0.1392698403325793,0.0024825304142417,3.450317238911107,5.9334145391034205,-71.80728484703116,9.467405377916435,-49.34482278779006,-92.5102006452578,62.66328359667679,-0.0140493771833579,0.0162891112851894,1,1
1361,0.0768712629902972,0.0086810382064689,3.450317238911107,5.9334145391034205,-10.53089718997498,-4.252949377514966,-14.932029420185827,-41.03998773797657,42.42340410780014,-0.022219534758473,0.0306351843795157,1,1
1362,0.0731774253851624,0.0026383433617358,3.450317238911107,5.9334145391034205,-64.28643449183267,1.417471931805352,-50.36067257958157,25.445857909877475,57.26815105971676,-0.0057885448229366,0.0098725131372295,1,1
1363,0.0807514255141792,0.0021265929507779,3.450317238911107,5.9334145391034205,-2.8270507743872315,12.55464578734717,-69.31816389927509,-92.50865601837086,45.20425326239058,-0.0205557480653417,0.0221415926397475,1,1
1364,0.1333059934965766,0.0014651879250461,3.450317238911107,5.9334145391034205,-92.50247496902556,5.190021157504447,-24.70438123401924,-70.35874383816223,55.90453343989549,-0.0095992343669465,0.0102872722774464,1,1
1365,0.089251502270803,0.0015892778990415,3.450317238911107,5.9334145391034205,-84.68615817443445,-1.1345885864199516,-39.54554433842168,9.457245125119584,64.85954372182317,-0.0115972958048659,0.0120766247754186,1,1
1366,0.0105835570760752,0.0017843181291014,3.450317238911107,5.9334145391034205,50.73126656741371,4.896486382923484,-36.008407054079925,-59.35434574504284,12.677498071190456,-0.0149687939479441,0.0171864019028469,1,1
1367,0.030129939485149,0.0030379842089386,3.450317238911107,5.9334145391034205,-13.769262880605154,6.114216257797537,-47.203362085468434,-16.614906346593614,29.886558178811725,-0.0119335004327092,0.0104475478428968,1,1
1368,0.0730925303528037,0.0074319671442408,3.450317238911107,5.9334145391034205,-17.562759940876276,14.628792723397297,-29.54966345840775,-97.13982818369806,12.052885596450707,-0.0339646065584831,0.034756892716276,1,1
1369,0.0356955327497283,0.0026134234918181,3.450317238911107,5.9334145391034205,-21.357068426980614,12.646675020730754,-92.0223447566898,16.119727216630707,45.23294457357852,-0.0204051012589877,0.0222248880451856,1,1
1370,0.137362608193875,0.0043388248520829,3.450317238911107,5.9334145391034205,-89.49280441708281,6.807509608862631,-19.059171897229348,-72.51562444592167,47.60213772166245,-0.0149510801670537,0.0188558683844734,1,1
1371,0.0881321870484748,0.0014329254455422,3.450317238911107,5.9334145391034205,-90.05728273046199,2.7442421613993844,-65.8145869041073,22.160228529678648,74.06204398401297,-0.0094824368305693,0.0089636562755658,1,1
1372,0.0921312664436952,0.0099583180390333,3.450317238911107,5.9334145391034205,35.915434107069046,13.679939345832778,-89.53299450814131,-68.97002661081899,47.88354444522014,-0.0104633499551284,0.0287814287606717,1,1
1373,0.0310771404727054,0.0026852494254188,3.450317238911107,5.9334145391034205,-52.48499062700578,-0.767344205138528,-45.735297640250685,75.14128601073207,43.7881007037276,-0.0064943792401431,0.0105711227524133,1,1
1374,0.0532633952601047,0.0012005855561642,3.450317238911107,5.9334145391034205,8.526514423070935,5.076189934116385,-40.16176327258791,-69.24732255982101,32.76965806169096,-0.0136729091656824,0.01508893669878,1,1
1375,0.1081381500722257,0.0046913775049267,3.450317238911107,5.9334145391034205,-55.41668329690532,16.570844795479303,-81.09154001621081,-72.4910932111006,57.028023211164,-0.0309483840229601,0.0311047134425986,1,1
1376,0.1006127880181069,0.0038592635439705,3.450317238911107,5.9334145391034205,-40.88579170713531,15.26380345710072,-84.63793583913262,-65.92613269453946,57.91735678777138,-0.0251561847505287,0.0271745328902031,1,1
1377,0.055953697647455,0.0013693812881116,3.450317238911107,5.9334145391034205,-59.41805253911328,6.4474612918340455,-78.18703288462288,43.62552064644473,59.09718339723395,-0.0085785923234612,0.0109230385430127,1,1
1378,0.1260325692920092,0.0076648409540891,3.450317238911107,5.9334145391034205,-94.36170105732477,7.1042544899043065,-13.187870752939602,-38.49814539436392,37.24349537672472,-0.0210733298634519,0.0281244416217013,1,1
1379,0.0005049181792562,0.0021354293196271,3.450317238911107,5.9334145391034205,-9.726128507730422,4.197990269119671,-81.39284386835293,54.46980442661291,46.25161783875095,-0.0175759415708061,0.0169556286604293,1,1
1380,0.0258483143845212,0.0020673289607905,3.450317238911107,5.9334145391034205,-8.213989707445265,6.742705367551324,-23.698018333498453,-19.5787943645513,8.779687636584498,-0.0137974049842645,0.0154879346285828,1,1
1381,0.0387282432173646,0.0044117590294985,3.450317238911107,5.9334145391034205,49.86874468775196,3.627557483841599,-33.20734997078739,-79.23429297286341,21.1089835248568,-0.0160396024053873,0.0224529544700402,1,1
1382,0.0790363946073833,0.0002671745704819,3.450317238911107,5.9334145391034205,-68.61644056712976,6.02749556034334,-62.50410321336484,0.1770608420330006,59.53674019168943,-0.0094546983654959,0.0094760910820804,1,1
1383,0.1336279076340168,0.0024271636959364,3.450317238911107,5.9334145391034205,-53.68085985856597,4.642512023319668,-52.68879271984392,-94.51550736492229,73.26085826951916,-0.0153439341961724,0.0175678418520706,1,1
1384,0.0533575637937631,0.0023067917268992,3.450317238911107,5.9334145391034205,-71.59415977353748,-2.2171764595666303,-53.55472751048412,57.07588675549045,63.65979521618195,-0.0172363759366456,0.0174840244720738,1,1
1385,0.0247424510626039,0.0005028890915928,3.450317238911107,5.9334145391034205,22.570382058307743,6.4432488644300605,-45.11124998961494,-51.68786657904685,23.04334704805217,-0.0145607646857799,0.0145381940839277,1,1
1386,0.0790306666410832,0.0017016776328844,3.450317238911107,5.9334145391034205,-11.333581972891963,3.078738061611901,-35.56007299030226,-80.12015145321254,44.40726811303378,-0.0152373333196867,0.0166717939231376,1,1
1387,0.0272882933743293,0.0018424279870017,3.450317238911107,5.9334145391034205,-6.938367600819717,10.5859755171072,-63.41174093847766,-10.393820957803284,27.718991167072943,-0.0183797598322737,0.0190569743121081,1,1
1388,0.0688775501643205,0.0008192175766353,3.450317238911107,5.9334145391034205,-24.621809684498714,8.051801698101286,-53.932506478682406,-50.14660375559559,42.80021688374336,-0.0132038152417547,0.0138712172896262,1,1
1389,0.0510587270407031,0.0016015848588147,3.450317238911107,5.9334145391034205,-65.98758648302332,7.803272554588901,-87.31544433831311,63.45256644689249,60.61497624134631,-0.0104186879840207,0.0129191078508883,1,1
1390,0.090601468715812,0.0051653035716767,3.450317238911107,5.9334145391034205,-78.39843688202805,-4.1909639648108055,-14.921455725713985,16.95868962855573,51.98494920865656,-0.0110777199113841,0.0172275441533259,1,1
1391,0.022902262683168,0.0019966019411159,3.450317238911107,5.9334145391034205,-55.17755845286614,5.846006988238898,-42.96160835566965,51.26915013896257,26.633606752061453,-0.015576408861025,0.0150193057879233,1,1
1392,0.0319335880108204,0.0017980434170089,3.450317238911107,5.9334145391034205,-52.84894205029976,11.139066477296169,-89.20772260081323,56.481665222994735,48.226806370097,-0.0203431542206108,0.0203890228103641,1,1
1393,0.0186232206172946,0.0039029034333953,3.450317238911107,5.9334145391034205,62.34172521126888,12.914903634794811,-72.9257598445057,-97.75468218050496,23.382010389378262,-0.0269505726710983,0.0256045427191268,1,1
1394,0.0091870721964076,0.0015958165471142,3.450317238911107,5.9334145391034205,40.11543081399492,7.112207490048746,-33.76054543345731,-50.02305744057101,6.058117964523802,-0.0115026437847906,0.0136987269938527,1,1
1395,0.1048480297518911,0.0020459110239766,3.450317238911107,5.9334145391034205,-65.81381764694413,3.023563758528695,-14.625841559729466,-54.11654216977237,41.400039047115655,-0.0034186951750957,0.0062749201400456,1,1
1396,0.0284131957828848,0.0009585135780189,3.450317238911107,5.9334145391034205,-27.15758476685899,4.066588795481692,-63.13255348602008,32.55582357896378,43.787194385158585,-0.0098195414186797,0.0110844982799018,1,1
1397,0.1203993169003863,0.0026626941940707,3.450317238911107,5.9334145391034205,-58.31254490731838,13.30609793104756,-75.19361445056083,-78.54056177596694,64.49091898956542,-0.0218254919090325,0.023003553784159,1,1
1398,0.0605192264371862,0.0017189233800389,3.450317238911107,5.9334145391034205,-33.19244548083276,0.9393800310969028,-21.60879671505289,-21.253209310849016,33.71413632733902,-0.00433826025658,0.0071283919541508,1,1
1399,0.0965466059515736,0.0034249992029789,3.450317238911107,5.9334145391034205,-82.02709598378266,-3.810157650579356,-32.26870991358946,-4.430354762767991,68.70934983113216,-0.0202980562245254,0.0206291176006386,1,1
1400,-0.0040018386537272,0.0711263615322196,1.9101617833100923,3.129449789051122,-47.0547994014964,-1.366575834552492,-46.11677314171829,73.07748796829418,38.975127846563225,-0.1082047305585349,0.0795343859529789,1,-1
1401,-0.022385302092569,0.1396880701935412,1.9101617833100923,3.129449789051122,-16.23076882945098,2.219423021263495,-53.92163218082239,62.639243570314,29.279742030841533,0.0526803758015604,0.146969421961811,0,-1
1402,0.527189150693558,0.1265873715201547,1.9101617833100923,3.129449789051122,-56.9356661439649,11.002270314464011,-85.28000278661625,32.734589061403625,77.94557576468142,-0.2199887581340403,0.200517553663503,1,1
1403,0.4055023930878265,0.1808139761003122,1.9101617833100923,3.129449789051122,46.115516387745146,14.819965285773732,-87.24832701931594,45.775699625302366,25.467902228556568,0.4272358934673318,0.7569385983275524,0,1
1404,0.2128742591242888,0.1811051923012097,1.9101617833100923,3.129449789051122,-64.41003960464661,9.59246443917732,-93.04301344574232,79.64713088130443,69.93372353307495,-0.2582352592277067,0.2254597940378786,1,1
1405,0.2839007549304644,0.1723908642940088,1.9101617833100923,3.129449789051122,10.038711672385858,9.175327022669904,-50.06805135788893,26.980717734266648,21.38002938902474,0.2650878604916183,0.2937872224582734,0,1
1406,0.1835419888321838,0.0607275256482013,1.9101617833100923,3.129449789051122,46.4735345096517,16.99024025177924,-91.1609108300796,54.64483028360766,17.610531994404482,0.4432194783354209,0.5893210465909801,0,1
1407,0.0576478819264961,0.0923695077345877,1.9101617833100923,3.129449789051122,-9.89897828007716,5.083054103508687,-49.78313328942278,45.600854212455175,25.353164703834267,0.0922449998430638,0.1403522702836696,0,1
1408,0.1315571014456125,0.1725990461171492,1.9101617833100923,3.129449789051122,35.418564605372495,8.52005037800403,-66.17029576089881,92.95387573260273,4.439546065019613,0.358915711758254,0.9021687120205144,0,1
1409,-0.0371092123314752,0.1148765007257323,1.9101617833100923,3.129449789051122,1.9051775669860265,-1.2819975479068546,-0.565898941161393,10.527899352986836,-1.940779407532986,-0.016599094265039,0.0888695043529876,1,-1
1410,0.1452214065334525,0.0419338953005881,1.9101617833100923,3.129449789051122,-51.22318932068388,6.616214111183055,-95.11183641660269,79.4209670250234,69.03467991294883,-0.1107427051950543,0.1213563665839037,1,1
1411,0.0394325668234232,0.1577183505644001,1.9101617833100923,3.129449789051122,75.77886840438677,10.836495060384536,-59.29505634360209,35.97200600184473,-8.876774474270547,0.3097326893256628,0.8012964842682292,0,1
1412,0.1952774118876963,0.1389261824523637,1.9101617833100923,3.129449789051122,-35.50429628296871,11.295481556680102,-77.62010334909066,47.25977042323396,51.18429701081723,-0.2083551620829892,0.247722485966595,1,1
1413,0.3597561119154346,0.1973900485294274,1.9101617833100923,3.129449789051122,-67.83521110312842,4.354062556465024,-75.18910954096312,57.539875537350525,74.2395670209267,-0.1335054265618964,0.0376375153394832,1,1
1414,-0.0112849704500106,0.1416316679532674,1.9101617833100923,3.129449789051122,55.993479780354335,20.90137498412352,-88.54038998944691,60.96641812187025,-0.4105334485729344,0.3385118904900952,0.6933391504927653,0,-1
1415,0.334246194567151,0.0879660000338631,1.9101617833100923,3.129449789051122,-40.96919503214842,-3.4940748862300097,-3.8917527605204327,13.334970288736628,29.685850851916054,-0.1299987925548921,0.112943628929407,1,1
1416,0.1466777150744641,0.2814968584902313,1.9101617833100923,3.129449789051122,16.108335508183686,6.909996653730332,-10.200454553003524,9.092710742177417,-7.689147893425101,0.0229511753893121,0.425597375065195,0,1
1417,0.5731267641378164,0.2103390857417412,1.9101617833100923,3.129449789051122,-29.92585417197129,13.679540109925084,-95.18437138325145,41.91122700768847,69.44992071799277,0.0718233523747825,0.3408559716724083,0,1
1418,0.2717332136420061,0.1127646209697831,1.9101617833100923,3.129449789051122,-37.92764432688181,5.634253243217202,-79.53296586456001,64.91050635050655,59.54264147634484,0.0570683734739629,0.1595320259315834,0,1
1419,0.4327282981229309,0.0440799195052651,1.9101617833100923,3.129449789051122,-58.635894784934095,5.263324523491605,-60.45819227213062,41.61536392862666,63.33406769248654,-0.1135626264239072,0.1151382898777542,1,1
1420,0.3221961603674974,0.1506105721797278,1.9101617833100923,3.129449789051122,-32.755614282224485,3.0979118851082177,-25.858728950468414,3.3987406626923478,35.843067329323674,-0.1105302273083945,0.0385097610154756,1,1
1421,0.1503601178433109,0.1837436085794065,1.9101617833100923,3.129449789051122,8.833267860237953,14.293764939615556,-78.26951390496959,40.59634396083416,29.67079601278041,0.0714077240084328,0.3847831633445425,0,1
1422,0.1795666173007832,0.1366598484425921,1.9101617833100923,3.129449789051122,83.63561854316723,20.845495031017364,-59.19674354688441,14.776504014843866,-18.457090530458032,0.5162355112622659,0.710078095769249,0,1
1423,0.0922485903205743,0.297482937985029,1.9101617833100923,3.129449789051122,67.81215400331573,11.735665205088324,-23.403307205660823,-41.28529009914792,-14.449349121034343,-0.0521049841517287,0.5246584736817272,1,1
1424,-0.0203698592032803,0.1399275271307298,1.9101617833100923,3.129449789051122,-53.13417426552603,-1.579326507695498,-42.10455972611715,82.63746540909699,35.86593301837772,-0.2115353070436735,0.2037097329370201,1,-1
1425,0.425851441062293,0.0666087809303102,1.9101617833100923,3.129449789051122,-57.14823841173997,6.817489157097839,-87.036196686647,55.69380428969944,77.49148181184208,-0.0811428439380013,0.13344824849872,1,1
1426,0.070983115728581,0.1046769808205059,1.9101617833100923,3.129449789051122,-19.90059689808909,5.5803763759933815,-70.88863839817384,67.08137682959884,40.147487839571454,0.1013604292555244,0.1588416911443908,0,1
1427,0.2833286578075029,0.1346143714399879,1.9101617833100923,3.129449789051122,14.723871087930917,7.550804244307628,-15.400471160684743,-22.02190248562323,7.023237409700229,0.0466616343583291,0.2137581755139935,0,1
1428,0.230631274845437,0.0621904708703869,1.9101617833100923,3.129449789051122,-57.32021816515045,6.713707902235171,-89.2934119274834,81.90573132461213,68.26192321042447,-0.0638038363755232,0.1472230021525048,1,1
1429,0.8251837709541107,0.2045572289464258,1.9101617833100923,3.129449789051122,-35.61259069176043,10.821895159771785,-42.92951169211068,-43.87222299519156,62.66658287245818,-0.2514952444933217,0.2249479826653898,1,1
1430,0.1752085535519968,0.116932951580066,1.9101617833100923,3.129449789051122,39.455802199869225,15.316200460692356,-89.18620484096145,51.29172262997557,22.07387963828356,0.3336288302265219,0.5708921075488613,0,1
1431,0.3480095200620783,0.1490398335129202,1.9101617833100923,3.129449789051122,-25.32925311269373,11.6745673610736,-78.08185806678779,36.897428941430434,53.06171242809867,-0.0478460438017012,0.2714681429687522,1,1
1432,0.1631621063698436,0.1477796519121028,1.9101617833100923,3.129449789051122,-36.85574005315642,4.466866033665269,-39.27766221348675,45.28434370609168,31.69613329414028,-0.1731293034150858,0.2464638357236926,1,1
1433,0.0922640004426949,0.1273156905383205,1.9101617833100923,3.129449789051122,96.19573771204024,16.619204215367375,-67.03078058176925,37.3544542210762,-18.89367830475597,0.5741223200180817,0.8574165280447043,0,1
1434,0.4103968790132221,0.1422794452242603,1.9101617833100923,3.129449789051122,71.30309408121295,18.340487399618425,-48.17708366381469,-19.661937046629376,-4.159282120149726,0.3930418919835223,0.6319129049864829,0,1
1435,0.0341911645686097,0.0397375134418593,1.9101617833100923,3.129449789051122,72.8146688780727,19.658777551498478,-93.07370365851818,52.27093078649588,1.3653510172555912,0.466176270005106,0.6954678913082943,0,1
1436,0.2190779716730279,0.1394292401102009,1.9101617833100923,3.129449789051122,-8.004981046370773,8.981968157372378,-24.43104490558379,-9.649196212191129,16.611711283889832,-0.2001346721890853,0.2238168856010571,1,1
1437,0.2077889338015143,0.1035036956035237,1.9101617833100923,3.129449789051122,-70.5192324264092,1.5278555323458392,-64.60520929572237,87.85852625440046,60.07831414617823,-0.1897874870341991,0.2155016671667676,1,1
1438,0.1944780384792617,0.1448800831909069,1.9101617833100923,3.129449789051122,50.58135753305342,12.942320644130945,-83.21510046944219,71.48301607722766,11.821690938270862,0.4864905329726471,0.7718559983464474,0,1
1439,0.2877496657944013,0.1802436527137943,1.9101617833100923,3.129449789051122,-15.893050872200163,12.24824020584778,-85.8813769121906,62.12738521314125,46.69807504677309,0.1314114768313586,0.3551732946819766,0,1
1440,0.2749128313994353,0.1462334385486156,1.9101617833100923,3.129449789051122,-22.461708542286885,4.54353440826705,-57.08690129262553,17.13555718757671,49.31145695238638,-0.2218111610222466,0.2341879777520001,1,1
1441,0.294544162008578,0.0986879454999364,1.9101617833100923,3.129449789051122,92.5602751242698,22.650679624309845,-66.16751936647387,-15.621155400991045,-9.01337503340362,0.3526924779200009,0.7893577148176798,0,1
1442,0.0273038726318346,0.0834499636910813,1.9101617833100923,3.129449789051122,63.40235550983658,19.69645532651596,-75.87577225635357,43.71747566420868,-6.306934491608729,0.3866268944125011,0.646071492219439,0,1
1443,0.3816926827986788,0.1734232969223505,1.9101617833100923,3.129449789051122,52.497830405107294,23.784595875274533,-96.86386892162756,43.67988773584844,16.944550663235503,0.4741168624385394,0.7677503473692695,0,1
1444,0.3453750888380535,0.1834983586510105,1.9101617833100923,3.129449789051122,84.90527286128074,16.16241644381897,-48.96924674543819,0.8918318319455381,-12.54150751492172,0.525826349992213,0.7660833808504107,0,1
1445,0.1131008802422924,0.0671774657123676,1.9101617833100923,3.129449789051122,-33.54885074187399,5.210850545020037,-62.84662772488304,46.04607526065698,46.25817206117026,-0.1210044548393579,0.0936365436745581,1,1
1446,0.1143062900943405,0.2798897686224849,1.9101617833100923,3.129449789051122,32.82561964806317,5.112640775219447,-39.681041171067065,72.88792429677437,-5.513702535069129,0.2508443584520823,0.8464263788173716,0,1
1447,0.3290325518699204,0.2293338741429802,1.9101617833100923,3.129449789051122,36.55011866885167,20.03504751812852,-78.3048989464107,13.572375083278873,20.81880898731528,0.1795488780490063,0.5716158626543026,0,1
1448,0.1444777556588806,0.1453687257244256,1.9101617833100923,3.129449789051122,-12.186229025044938,7.358677566685628,-69.49485713845654,35.86198069445982,42.80322462936158,-0.1149265761367243,0.2575106759501825,1,1
1449,0.1762259036033891,0.1120692961410158,1.9101617833100923,3.129449789051122,-64.52915768512295,-1.5706807145811013,-52.00634133710528,84.90994942888054,52.38967594345982,-0.1602466383072027,0.2188149093908679,1,1
1450,0.0252302132767728,0.1243613110925953,1.9101617833100923,3.129449789051122,8.119819969992776,1.878910693263052,-2.971920081212261,11.34151372932446,-6.0304838974985415,0.0153204782833134,0.220024616354436,0,1
1451,0.298528790172457,0.2003830502944012,1.9101617833100923,3.129449789051122,-74.52508261254447,-3.557819925391968,-78.68452822744561,93.8206405878402,80.99037051675356,-0.1611749820927294,0.2010381669325494,1,1
1452,0.2970669255758065,0.1838407555632264,1.9101617833100923,3.129449789051122,90.64651344643624,17.638732115656495,-70.1908982768053,0.6827127896532801,-1.6175675380574006,0.3076072764735716,0.919462565009202,0,1
1453,0.0228246091837613,0.1184392900564212,1.9101617833100923,3.129449789051122,79.68235805639995,18.684556333246235,-70.36100405453331,54.838529949648006,-18.647619825996188,0.5642074865291495,0.7752441360438365,0,1
1454,0.0263407962612313,0.130080369769866,1.9101617833100923,3.129449789051122,-25.144404062779003,3.620008572492523,-25.867664114545533,36.9004150370599,16.5100372642528,-0.2007059056524479,0.2247442563203763,1,1
1455,0.0010440743844981,0.1368839154716745,1.9101617833100923,3.129449789051122,81.21335254962864,16.155551298000702,-40.19785785344997,31.096821198170545,-33.65958457232728,0.4356736082326157,0.7684042148842206,0,1
1456,0.0017907817829369,0.1464771720808454,1.9101617833100923,3.129449789051122,51.63870081863752,10.26397859366486,-54.23781245778433,83.87105616763282,-14.959300999911946,0.3549326686336405,0.923985152955417,0,1
1457,0.1442929952766043,0.1026315251607134,1.9101617833100923,3.129449789051122,99.07702869530434,16.15813115634448,-13.979590764715326,-33.78386804193954,-41.82580986859035,0.4643805683148259,0.5729714539308148,0,1
1458,0.1267616574139149,0.2116726275097727,1.9101617833100923,3.129449789051122,26.07635526296177,9.126081868657735,-27.65388556541953,-36.3664275011087,9.434555969023378,-0.285850683198886,0.3258308498202629,1,1
1459,0.215642720962339,0.0580076043898586,1.9101617833100923,3.129449789051122,-25.0516555501501,7.101305606686452,-60.98104661206112,26.826715507330174,45.75745074498144,-0.1460242224140352,0.162812643789293,1,1
1460,0.0007187662123742,0.142165612410739,1.9101617833100923,3.129449789051122,62.631819954540674,14.829874255255277,-79.51836263041648,94.37594308366856,-9.166779191493887,0.5076145319783425,0.9318331398067908,0,1
1461,0.5125551334476778,0.4119045762823551,1.9101617833100923,3.129449789051122,53.76711198789707,23.007200868518154,-48.30389742806447,-49.94441617741639,6.153929308266086,0.0365357182061435,0.6370913596677118,0,1
1462,0.2512670038235702,0.0925418376221938,1.9101617833100923,3.129449789051122,88.7946640560221,22.66043247167771,-93.43437118110091,13.981916496334406,5.388321308695538,0.334083910430511,0.8958413839612737,0,1
1463,0.1051015154819293,0.3211692019275672,1.9101617833100923,3.129449789051122,87.4345516127047,10.959221001279062,-44.3721531174435,-0.8827494083360108,-14.712768210633826,0.1753966663452753,0.8421246495360977,0,1
1464,0.3222864199929146,0.1628064553396621,1.9101617833100923,3.129449789051122,-13.168594943595608,6.8582790841938674,-56.29772277797024,9.206832896126071,44.55327979116467,-0.1533865052675811,0.2683923671330408,1,1
1465,0.4511270487833976,0.1656552771564948,1.9101617833100923,3.129449789051122,-16.12726837491651,4.399543968726121,-32.9009479818981,8.41280770954424,34.436749300732856,0.120979863052187,0.1707935470921266,0,1
1466,0.2542552048813755,0.136103385951947,1.9101617833100923,3.129449789051122,-31.859112146097488,7.882835579713458,-73.39145373199719,62.70972681575569,49.03763880535706,0.0503740874971954,0.2382982150805228,0,1
1467,0.4937553719096637,0.0833339099593413,1.9101617833100923,3.129449789051122,-22.701510760887015,7.773660018476264,-34.850704063130465,-15.762303509605744,40.66962880188814,-0.1195310168041638,0.1632080067143476,1,1
1468,0.2861473100051649,0.2495419753374045,1.9101617833100923,3.129449789051122,38.43538087215856,13.050132426077552,-38.94098255316841,22.73489681372889,-3.596463500589124,0.2892271256002872,0.6338641448666331,0,1
1469,0.7212953347169396,0.1545715085706366,1.9101617833100923,3.129449789051122,-59.98182406434551,-0.1991505049340247,-18.30979392970751,1.880524194087613,55.93664247314288,-0.0832451362471075,0.126404344054572,1,1
1470,0.8721488969464162,0.1719437996532115,1.9101617833100923,3.129449789051122,-40.487290599086265,7.655402709624724,-42.275375018116776,-36.47625826304483,68.152979274394,-0.1867595653688417,0.2061682132743896,1,1
1471,0.1562166244973886,0.1477134466758797,1.9101617833100923,3.129449789051122,22.05561761716505,4.268261348365954,-5.1137799094107805,-6.480833349180614,-6.036943081897633,0.1545588143092388,0.2200087622122746,0,1
1472,0.0031597178090546,0.1242882474123163,1.9101617833100923,3.129449789051122,43.886929908372906,12.538360690084389,-83.67384910046205,61.74910951843378,13.370081211723516,0.2995519070788353,0.5706204696950237,0,1
1473,0.1633016296576509,0.2054784555080234,1.9101617833100923,3.129449789051122,57.91426219457296,11.34390981631033,-4.543160629461113,-28.104495065225294,-26.14053828054905,0.2337576714150325,0.407112106433949,0,1
1474,0.2047020737410164,0.1527749687468741,1.9101617833100923,3.129449789051122,-19.90079031121239,9.88330916490763,-86.16141491892473,46.370464314660666,54.0305631315554,-0.1032347235777338,0.2776583052143263,1,1
1475,0.057169583211303,0.1362705040322295,1.9101617833100923,3.129449789051122,92.84541214912416,14.526465346386216,-41.42688396060622,28.289058186748548,-32.98095440994118,0.5716051426299035,0.7826617146455689,0,1
1476,0.2703683821063252,0.1712587903413602,1.9101617833100923,3.129449789051122,78.65719174481148,11.231831437826628,-33.718074549856325,-5.019195167992407,-14.863413238740094,0.3502506221463749,0.7531558713486531,0,1
1477,0.0081581189612209,0.1095765167307269,1.9101617833100923,3.129449789051122,54.03355746853868,8.039003936010715,-44.37738442609898,56.90219729420701,-13.43676321611558,0.3625647895720745,0.7088556020571306,0,1
1478,0.1786476985565925,0.0828653388705047,1.9101617833100923,3.129449789051122,4.910451073257633,0.376216233119365,-0.5402715495741859,-13.961860319486632,5.615454467242103,-0.0289838094380743,0.1453264825738354,1,1
1479,0.0152170753078781,0.1080819800244165,1.9101617833100923,3.129449789051122,87.79714441151756,17.184889396622665,-92.84939082189013,69.98010293950537,-6.121360934903947,0.5690884498549185,0.8999061543215758,0,1
1480,0.2865815043314987,0.1393806080522523,1.9101617833100923,3.129449789051122,-54.31196887227865,9.537578048278732,-82.97541485113257,65.9603575293111,63.20173350251466,-0.1764606064823016,0.247488562461529,1,1
1481,-0.0088217222123557,0.0638432501905019,1.9101617833100923,3.129449789051122,-41.43689819468304,1.5566786659796603,-63.347991124227946,73.03917791829846,45.6712278602528,-0.0226707289062198,0.0050480440154359,1,-1
1482,0.5601660429061532,0.1315191232806458,1.9101617833100923,3.129449789051122,-79.94303700396772,5.278780384811753,-77.99039339492276,67.72031160745647,82.25746182680552,-0.115473013025791,0.1962162195620281,1,1
1483,0.1910980041570531,0.1065818909422439,1.9101617833100923,3.129449789051122,27.063728550817245,15.409716177144375,-86.73247332547231,70.61084940414511,20.643169222475464,0.3984268990162912,0.5816223744238448,0,1
1484,0.2951805984708102,0.1336969208165121,1.9101617833100923,3.129449789051122,1.8343394052922548,3.552925701373084,-18.4726061995368,-28.376569406802886,22.53179296625771,-0.2163359760441089,0.2346663314283987,1,1
1485,0.5881875652672871,0.2333149749456266,1.9101617833100923,3.129449789051122,36.09162322721844,20.706744699214653,-76.489059553554,-0.3382588074950092,28.26339650791519,0.2966548256325492,0.6100172869794269,0,1
1486,0.0727539942968824,0.1370894710105878,1.9101617833100923,3.129449789051122,-45.78018582692864,2.3427578248939938,-51.59140037913552,75.97076816995062,38.31089912350458,-0.1484063800601659,0.2538652850654616,1,1
1487,0.2900875073502719,0.1653213246216297,1.9101617833100923,3.129449789051122,14.632128057218068,9.085396190117647,-41.13611493784612,5.420466485237625,18.18791871162746,0.1495396846244458,0.2931353620723266,0,1
1488,-0.0175291056530591,0.130297552666313,1.9101617833100923,3.129449789051122,-53.13904677279031,4.011573320612953,-94.37622328884974,97.05279951500464,64.83183199545113,-0.0948444692979727,0.0604384071454547,1,-1
1489,0.1681873987413491,0.0958337610043728,1.9101617833100923,3.129449789051122,19.262197766824343,12.0751970426157,-91.89976000871609,91.57118394217068,27.066024679998208,0.4098830674236796,0.6136857391478315,0,1
1490,0.1648236943391004,0.1228101890494574,1.9101617833100923,3.129449789051122,-2.430597548766442,0.2182912228322067,-13.247699698350177,11.89477410097048,11.995466865400402,0.0264598070968842,0.1907751191678802,0,1
1491,0.654216614973784,0.1482149783766334,1.9101617833100923,3.129449789051122,-63.00671770417159,1.644139442190422,-58.0531447925226,32.15754574836836,76.30844282024526,-0.0369617972552729,0.1200159813104885,1,1
1492,0.136161062595348,0.1130235207760673,1.9101617833100923,3.129449789051122,92.89647582629216,12.522482257397158,-23.678477298060518,-6.487802944603985,-33.30400531858295,0.4645725529909854,0.6924739422353376,0,1
1493,0.7787118098910605,0.1240412204573611,1.9101617833100923,3.129449789051122,-65.07688897874193,7.6463156988658625,-77.00503331760123,19.342283754274376,89.18465005477242,-0.1183456181034864,0.1574956735133339,1,1
1494,0.3573203015131653,0.1849113884011423,1.9101617833100923,3.129449789051122,-2.190788815766126,7.617751801012474,-11.338413777773836,-19.274924232877623,11.753886747898946,-0.0595755900534658,0.2507282556944268,1,1
1495,0.281418248483184,0.1416689963978139,1.9101617833100923,3.129449789051122,76.74427394667353,28.560593986983804,-99.96091292712649,17.12292434952201,6.548690698970191,0.3286693445299417,0.8460035120118009,0,1
1496,0.0875050296938086,0.1255176138787387,1.9101617833100923,3.129449789051122,-5.754256400078631,4.3534510257839685,-52.112809332339474,44.75952444088077,27.49182593679025,0.0786240380869342,0.210917941485925,0,1
1497,0.0152013145245695,0.1259090504520449,1.9101617833100923,3.129449789051122,77.0538922895658,13.912489544066544,-42.662685482209575,41.399458372651736,-28.918277404864696,0.4707577095490415,0.7744591313587149,0,1
1498,0.0269937517294606,0.0768485350186072,1.9101617833100923,3.129449789051122,-35.91443452438847,4.022965932802464,-81.7823846118037,78.22213854717683,53.697820090591904,-0.0519573902704733,0.1317306029783054,1,1
1499,0.0732972489609092,0.1992247313622187,1.9101617833100923,3.129449789051122,-25.74086568667253,-2.3608778393852816,-37.37639195477544,68.75347394000241,27.84320663949069,-0.0309541673353577,0.3184532193876545,1,1
1500,0.5157742736755377,0.2982491058464839,0.7950698454640701,2.498501227223157,39.43396586710534,53.23792352501701,-57.80625294006578,-26.546371177479276,-8.715663587656763,0.6334112806679038,8.886595404697719,0,1
1501,0.1808371512911462,1.263537431935415,0.7950698454640701,2.498501227223157,-7.117630092661329,22.932338125380557,-69.6126622447959,48.07598009894062,24.770373479963155,-0.017537793955157,2.004751632956353,1,1
1502,-0.410717857731997,1.2291317450758918,0.7950698454640701,2.498501227223157,31.49067748163739,31.653371200207918,-79.95375250331809,59.55178731726568,-8.49618866277136,1.55446480646733,7.005949196852622,0,-1
1503,-0.1246967318391893,1.0819023654508493,0.7950698454640701,2.498501227223157,72.65914459344344,63.21314953688707,-33.85131553607074,-34.49369282971901,-54.11710178887938,1.8268652981303468,11.241791465569758,0,-1
1504,-0.0382767846653926,0.1290494400575085,0.7950698454640701,2.498501227223157,33.982952473716466,35.78728874053414,-30.685977286120107,-21.009709969735297,-18.44499662973516,0.3262288047708646,6.18375839089641,0,-1
1505,0.6029289973405276,0.6770189741372437,0.7950698454640701,2.498501227223157,22.85395041921421,37.24038127300204,-27.31548033301921,-24.80570377952364,-6.603310741861179,0.6617535884038519,5.012695471389789,0,1
1506,0.8308400647918579,1.1714720798042175,0.7950698454640701,2.498501227223157,-12.545539763368652,3.1444161799820733,-28.359471855064925,30.21678296980409,23.97642050824452,0.0296985810709388,1.174748343308022,0,1
1507,0.0535905545825059,0.3219834241687139,0.7950698454640701,2.498501227223157,46.54061113564151,47.484252125510494,-56.22791575758149,-0.6474664515553741,-21.98156945094369,1.356774289734859,8.935747436265864,0,1
1508,0.7057026030975871,2.002684297092862,0.7950698454640701,2.498501227223157,22.4972551059808,17.84955312421404,-26.890803153206804,26.47826577793373,-8.567493849843416,2.466632910352104,4.852259635441897,0,1
1509,0.0479375378510311,0.297666537733747,0.7950698454640701,2.498501227223157,7.265707167036297,19.966052125109087,-54.86473544387464,54.83818309278695,4.880175104591331,1.5146084412052234,2.6040310964199103,0,1
1510,0.2754226753299278,0.2583700155617013,0.7950698454640701,2.498501227223157,16.984370775407825,40.12842187914069,-66.83007930746187,15.409409932050735,6.5951943501298445,0.5809780995151548,5.287686736234697,0,1
1511,0.443006937591382,0.5237292444522204,0.7950698454640701,2.498501227223157,-15.189788455609827,12.689963021671446,-89.3976673131107,81.42818548667242,41.02873866347849,1.081573030270674,1.6772968143211575,0,1
1512,-0.031126047466037,1.74543141174623,0.7950698454640701,2.498501227223157,21.282965738101865,37.39900702123978,-55.06511422381158,47.36862929302967,-11.780097914380905,1.6204113366875663,4.416144917799071,0,-1
1513,-0.1136350263646425,0.3161451456506026,0.7950698454640701,2.498501227223157,8.953653303335713,6.282609607427631,-3.306114749946829,8.835543544264524,-10.30015221331726,0.6202856973953847,0.9567785846183828,0,-1
1514,0.4011004945972152,0.2284989505929214,0.7950698454640701,2.498501227223157,24.75555071646396,49.532043959179646,-93.34487286298034,22.550036488461828,11.31468016655927,0.8430812522017348,7.841881201087574,0,1
1515,0.2009697522764242,0.3033729722572939,0.7950698454640701,2.498501227223157,-2.682680065113232,13.660826549357893,-66.27752011097903,54.33710924338152,22.664186585475065,0.7948505401727922,2.409104579273152,0,1
1516,-0.2206775554344493,0.9447874387612188,0.7950698454640701,2.498501227223157,37.936730656238296,26.017502756294174,-39.29626481789625,22.65213527383274,-23.474039453388485,1.532985611775545,6.690419405886583,0,-1
1517,1.4434952214394556,1.4129765007359545,0.7950698454640701,2.498501227223157,63.24207720782312,96.21389879706696,-82.60911731528387,-83.67926213293677,-9.829364808385918,0.592871090137093,14.821695612438488,0,1
1518,0.6144620996860066,0.7698752370971449,0.7950698454640701,2.498501227223157,80.61912756038612,95.83648736022766,-70.14296454520365,-84.78895383754855,-36.06510799668761,0.5256051347763577,15.706932344063445,0,1
1519,0.7614296176735091,1.2238740921551945,0.7950698454640701,2.498501227223157,-1.322241410509207,14.166583078948292,-60.47534924784046,44.41389858918896,25.3706305732523,1.250267583561257,3.256640241808203,0,1
1520,-0.2837486894859422,0.5730854221754256,0.7950698454640701,2.498501227223157,60.92469417301899,64.0206532101038,-71.16165227067481,-23.676934414026675,-28.94808299212721,0.3731360799744809,11.656294166471874,0,-1
1521,0.1507538462344443,0.3831342845369246,0.7950698454640701,2.498501227223157,2.481863181558012,3.474760639273768,-19.778898494854417,41.95566828994785,-0.3082204116869604,0.5915074226062537,1.6879392868544405,0,1
1522,1.4334124450265875,1.1710151467341636,0.7950698454640701,2.498501227223157,-27.365726771895552,11.981326899849805,-74.9090053077229,48.557815036714345,57.947691726774735,0.7580398097038349,0.9975333910940228,0,1
1523,0.0132840023710487,0.2499878349926118,0.7950698454640701,2.498501227223157,8.223696799439153,18.431768124118392,-54.74581082620511,56.2214997391863,4.204304506146968,1.612710074441873,2.678078902574261,0,1
1524,0.7165449062216696,1.052583426048634,0.7950698454640701,2.498501227223157,68.64281244779235,83.61374912797166,-87.98717679403575,-33.94099823505616,-22.601997351737182,1.591372144920471,14.472818048613789,0,1
1525,-0.2037319379043514,1.2062191233993484,0.7950698454640701,2.498501227223157,31.74743181517462,16.54548627434562,-30.56124728620321,47.81669826522074,-25.29445753250417,2.408407373547259,4.958247609156473,0,-1
1526,0.9399309641214012,0.4929211272352335,0.7950698454640701,2.498501227223157,-11.88318468242457,7.929549124193684,-33.918040386947965,11.465477447165682,29.689420181246877,0.4192605894869525,0.9795668664300156,0,1
1527,0.4499740198225082,0.4574777230005892,0.7950698454640701,2.498501227223157,14.191258843437552,48.45564661317482,-96.22849924415378,39.02155292286992,17.630670438200994,0.9952110884220042,6.108003617995295,0,1
1528,0.4886362265064279,0.5642419937278907,0.7950698454640701,2.498501227223157,63.03600704881603,70.14403332946483,-58.17441894264815,-47.70195576877894,-28.2986016096952,1.0393875795416152,12.27253882163043,0,1
1529,0.0831687396122418,1.2502499803203673,0.7950698454640701,2.498501227223157,59.54194493624385,43.62119670816011,-29.697890854673886,0.5305900669359431,-44.44508341744273,2.728369519784092,9.276927246129798,0,1
1530,-0.0221980253148026,0.8241711343096203,0.7950698454640701,2.498501227223157,48.92825926493117,48.75180440760863,-69.20672305554181,32.80546104462573,-25.14245055331625,2.4987535498100257,9.11819189799509,0,-1
1531,0.8214588366662143,0.4504437331897999,0.7950698454640701,2.498501227223157,23.654451673122395,57.166821353244046,-79.44831001236031,-13.242105014088423,12.612075378963738,0.345606858797864,7.7875976863985406,0,1
1532,0.8720966982934837,0.9598895380189044,0.7950698454640701,2.498501227223157,-15.913347981776395,29.88031674389987,-92.86221836460167,70.94527038259443,41.92862464070026,0.3211866140697168,2.8012745316324925,0,1
1533,-0.3910705090762398,2.180476393460648,0.7950698454640701,2.498501227223157,70.4188525960825,56.63649564473175,-27.798805670813195,-9.34896206502853,-61.01300199716102,2.548069049273249,9.742006777763049,0,-1
1534,0.5849454428503618,1.0012491933495749,0.7950698454640701,2.498501227223157,5.9917781845666696,14.13286018377977,-47.18613681223523,35.340894808922855,13.195557180054678,1.3323803954044948,3.4816132204742525,0,1
1535,0.4557611986728254,0.7508760763787559,0.7950698454640701,2.498501227223157,53.89898406335928,41.917376262287775,-15.80173226416548,-56.76459851793798,-31.301882407531537,0.7245636596101876,9.667650464546735,0,1
1536,-0.1365247517209824,0.3129070707774355,0.7950698454640701,2.498501227223157,50.26898568898889,44.4407712523836,-27.493364220062617,-38.47697280371891,-32.60287555468125,0.3844793861710789,8.445984100220667,0,-1
1537,0.0569418983333536,0.4052787754730068,0.7950698454640701,2.498501227223157,83.55495297817365,84.79378911713081,-70.80989354688919,-49.72179594665573,-45.64185009858021,1.1645491915996589,15.173793708477971,0,1
1538,0.4129578918767289,1.019002187046969,0.7950698454640701,2.498501227223157,60.96023343021452,71.46120718072774,-45.05118762529129,-58.01130117951101,-33.157725511827834,0.8284579300270956,11.101626470052087,0,1
1539,-0.6589179940267504,1.497563578142346,0.7950698454640701,2.498501227223157,26.923021989555338,31.65085466081058,-57.075549470417954,39.10578284055427,-15.727542502925758,0.9291235404770084,4.769157328174969,0,-1
1540,1.135912020308819,0.8883578553252315,0.7950698454640701,2.498501227223157,-14.914235741120637,13.20655354606322,-50.61162001000932,35.61124596423528,35.162910769349054,0.7450811130288364,1.4654202076355871,0,1
1541,0.6819408261107345,1.6878369497025114,0.7950698454640701,2.498501227223157,79.8303385963365,83.88503535382699,-93.10606860690552,-39.74140481614099,-26.76855321567986,1.4687646492406516,16.87720752693255,0,1
1542,-0.2829143077832712,0.6890136381425507,0.7950698454640701,2.498501227223157,80.94895552029925,74.0849225300762,-68.41038075857736,-40.27891091025231,-45.46564945139701,0.7625713964045069,14.581449128253642,0,-1
1543,0.0034062425698873,0.2244094371346584,0.7950698454640701,2.498501227223157,12.073965112964656,30.23807798207406,-78.92868857176092,62.57251393039414,8.298247968604926,1.5470175957566483,4.225809519169767,0,1
1544,-0.2121080261162156,0.4797418689694243,0.7950698454640701,2.498501227223157,56.88981175256717,50.98704417951021,-33.49558271598623,-40.10853440567019,-37.14718184757446,0.4580964455530676,9.51874527947555,0,-1
1545,0.6513158314576333,0.3269236098019638,0.7950698454640701,2.498501227223157,20.367200611011512,47.72586146140517,-86.39038587606377,12.882194059422986,15.699526254997906,0.7459206106153506,7.31428848213632,0,1
1546,0.6741112421817166,1.0679079597030647,0.7950698454640701,2.498501227223157,-2.338016421127989,23.64996734116036,-94.5987976742576,67.24210046959979,35.164930952431774,1.3660183932200891,4.205803854862594,0,1
1547,0.4970299447839983,1.1060328801331107,0.7950698454640701,2.498501227223157,22.096409090309123,29.5820529484804,-52.15124990827989,36.34477730947606,-3.359171867149556,2.3388875868629704,5.195220662419089,0,1
1548,0.5668723521556835,0.9595373558744518,0.7950698454640701,2.498501227223157,8.934830124564485,46.89974893049177,-94.9660502787051,48.84228135456971,20.157022039396395,1.1959273997258515,5.305037042420796,0,1
1549,-0.6228936226673847,1.675029787210318,0.7950698454640701,2.498501227223157,23.2237746736316,40.69799611701214,-79.00789976222728,42.331170675051766,-5.199629214526993,0.4073286977213066,5.319169528316046,0,-1
1550,0.9865189722865716,1.007652906735874,0.7950698454640701,2.498501227223157,-0.9449923658808784,31.46836333033096,-62.586630702883184,28.315152051055776,24.149184597913603,1.06223558359337,3.3517530043706643,0,1
1551,0.9626198004332815,0.6015154765464077,0.7950698454640701,2.498501227223157,18.85952894758975,41.67590443879351,-45.84018864770664,-23.4210730251111,7.543424996070854,0.607338416779855,5.855527835859704,0,1
1552,1.8596538027803613,2.0398131489891016,0.7950698454640701,2.498501227223157,36.093594562442775,79.94197040010405,-72.2703006267286,-69.0974529857975,11.267798706799994,0.5465671772540146,10.817468441910222,0,1
1553,-0.3380931025583491,0.865261285562972,0.7950698454640701,2.498501227223157,54.328813040861945,36.57730179077274,-21.21666678830097,-14.179742047905592,-42.75655669432104,1.3322568824024863,8.177193725133602,0,-1
1554,0.2726271636233366,0.5711657076413744,0.7950698454640701,2.498501227223157,93.12931088784782,77.28814540049649,-31.016333708961227,-93.78060120355758,-59.67128603068708,0.885702823175067,15.79941451066538,0,1
1555,0.1239038250282273,0.4963303766576654,0.7950698454640701,2.498501227223157,17.61083909190839,18.898377368421947,-45.0035154786638,23.3707975601598,0.2293233513557453,0.8571636159345335,4.660143762433743,0,1
1556,-0.0004502660909029,1.0869038871294563,0.7950698454640701,2.498501227223157,89.86411793345437,82.1792000282083,-33.11979039191726,-76.18722770171928,-64.7365369434853,1.3242675440741918,14.198093468449912,0,-1
1557,-0.1212389247576766,0.2516527442749802,0.7950698454640701,2.498501227223157,12.977458376357689,38.82532380006663,-99.8090104604228,48.80014076271729,17.59739267837523,0.3263046777013683,5.68823958342654,0,-1
1558,0.5779250809189831,0.326688584118667,0.7950698454640701,2.498501227223157,40.52814534270732,56.48781454985354,-54.5664000423772,-37.43257300144973,-9.772518581530235,0.4567419790381901,9.023920369945442,0,1
1559,0.427935885509171,0.1910400073136727,0.7950698454640701,2.498501227223157,-13.659151964440184,16.689197215032124,-83.06812651026831,70.32338980855488,36.95313726145889,0.812594899599929,1.6342064964384817,0,1
1560,-0.0946532552630424,0.9296870091983728,0.7950698454640701,2.498501227223157,11.769994968813664,12.129084889590189,-37.393974733903725,70.26603565422994,-9.393986493065398,1.7059063152959282,2.714988778938826,0,-1
1561,-0.5867567166271659,1.6804432202818091,0.7950698454640701,2.498501227223157,48.58083279589087,59.52753755044415,-79.07696672752897,16.649124420377092,-25.48046639096657,0.8977321759903951,8.98841894269373,0,-1
1562,0.2384650577308262,0.5684179398364011,0.7950698454640701,2.498501227223157,5.321479598269278,27.434093226138785,-98.04101975450745,67.17844776850464,26.15643971233432,1.0764434076730025,4.928339258417796,0,1
1563,0.2971184037950447,0.6283716692203725,0.7950698454640701,2.498501227223157,10.982896910095974,45.51424961348548,-84.86373760546061,31.427293653461877,15.185047449015457,0.4413932315911109,5.114588836983804,0,1
1564,1.5287305523031596,1.1011554975833966,0.7950698454640701,2.498501227223157,-15.06896523781127,20.989969168174568,-64.59682531568541,14.33040724682229,47.93188324596119,0.5734303762786148,2.619178071654926,0,1
1565,-0.4411046938953569,0.9782629994137716,0.7950698454640701,2.498501227223157,69.313388303083,49.857172536958046,-22.410937065996208,-38.31872558412215,-54.12690163663165,1.0374405532635915,10.442821611330444,0,-1
1566,-0.2968425265101898,0.7427733338155039,0.7950698454640701,2.498501227223157,6.227826957325775,10.63270372731391,-53.16111332705282,74.90931141270732,1.2764587535742322,1.7472093396453188,1.8311997590486304,0,-1
1567,-0.2879138089923969,0.6440710076464774,0.7950698454640701,2.498501227223157,26.118808771110324,37.909142078906825,-85.32571908160787,42.82196015050698,0.3975363357115782,0.8169265886955523,6.731852867836081,0,-1
1568,-0.0831164372296093,0.4166478458803915,0.7950698454640701,2.498501227223157,30.25601225114832,24.94122559778916,-18.768635282909145,2.562834749443681,-23.375552886186757,1.3050639262887596,4.569924973547661,0,-1
1569,-0.4455874451489685,1.0124378748437106,0.7950698454640701,2.498501227223157,46.62125673247314,39.414378587666704,-54.39751802473406,12.989038174523031,-26.92272649815301,1.091832302194152,8.336215125584145,0,-1
1570,0.2108011619869159,1.3244780031281236,0.7950698454640701,2.498501227223157,53.93952640049472,55.881237131964696,-68.87208844683184,24.43337546081264,-28.1440998321373,2.8650134223298864,9.975913019442338,0,1
1571,0.5104313108647973,0.3343549848805898,0.7950698454640701,2.498501227223157,19.93211737228158,37.15379789814895,-60.7817170511976,9.32656875696962,5.867012084781393,0.9407154127274056,5.87664284716859,0,1
1572,-0.1283900718617331,1.5805600562585007,0.7950698454640701,2.498501227223157,17.119576099830525,-5.423691555889036,-9.623219774150344,58.250578407477775,-18.566754962516058,1.0574012025086963,3.5742185307519234,0,-1
1573,0.1570883140199619,1.7716753923639197,0.7950698454640701,2.498501227223157,30.775019373929183,38.73962623554601,-13.65944978523595,-19.48033667916569,-25.724303682331183,0.8563181436507714,4.7101762057040535,0,1
1574,0.7800552759257409,1.5997740774331293,0.7950698454640701,2.498501227223157,-5.487172816286304,16.45193245870658,-66.55876914784449,25.87584347660959,35.08177882746958,0.1702391768979274,3.4351015172311787,0,1
1575,0.6797666125001656,0.6094882602828801,0.7950698454640701,2.498501227223157,-20.35937473621881,20.30941907370176,-91.58371859765452,58.629091723935005,49.74305334014309,0.1220347755379862,1.682696108021082,0,1
1576,0.7861277308099541,0.5639565368898972,0.7950698454640701,2.498501227223157,-10.24413291882145,10.076549387601744,-34.98133340298317,7.91517021315839,27.61173843803877,0.1351921222434956,1.1121757836005828,0,1
1577,0.3315660935273552,0.1231113880725007,0.7950698454640701,2.498501227223157,28.211174548002877,51.08248527544959,-82.12903676185846,5.949815669352148,4.9767428037012,0.5358403244762493,7.871567317743416,0,1
1578,0.4829869922086611,0.6941463604185604,0.7950698454640701,2.498501227223157,-7.162377090389953,7.122302590098471,-43.75048406162853,61.917484940386544,16.837236759027306,0.4129922631549122,1.9984696252009897,0,1
1579,0.3336298805420166,1.451553720436281,0.7950698454640701,2.498501227223157,6.62949967037838,21.61204933883253,-87.59770502165445,52.3495188695926,26.133796630777724,0.5945839599800959,5.437480872999183,0,1
1580,0.2414019838833412,0.19777987410835,0.7950698454640701,2.498501227223157,41.95918804771452,56.01101364751378,-80.46032149079832,-3.9619539953499583,-6.484827753056209,0.7052404418307754,9.843155576804286,0,1
1581,1.2655171476721132,0.9172161331923157,0.7950698454640701,2.498501227223157,2.5287144562791184,42.68838404232878,-88.52255437591715,22.766375123014495,34.990519194401315,1.058315561694024,5.416224831106848,0,1
1582,0.8261244132905863,0.702038993066346,0.7950698454640701,2.498501227223157,47.02685513829573,78.33102374445485,-90.8148589305892,-32.789010424360015,-2.596814096050835,0.6417083794715523,11.669878943318803,0,1
1583,1.086953013268533,0.4390417558106818,0.7950698454640701,2.498501227223157,-17.997265220973176,17.606773179275592,-66.63304057979298,31.964458416416136,44.80725461718407,0.3796222484352777,1.560088565262384,0,1
1584,0.5503951932300433,1.111045165571395,0.7950698454640701,2.498501227223157,10.94135742710236,25.90665602381325,-50.95922325912361,44.48487115455862,4.163101351264814,2.1631499602118645,3.4644188426318827,0,1
1585,-0.1018977840239816,0.3059543004038773,0.7950698454640701,2.498501227223157,9.228539108627617,8.701915914821143,-10.724574101535069,14.36573492846192,-8.540772984866734,0.7299161096518998,1.25485487411103,0,-1
1586,-0.3890678155697191,1.0160998479071666,0.7950698454640701,2.498501227223157,14.35667098815641,9.48453715992268,-29.762706440632925,58.39167050470226,-14.257408791847736,1.740323975798032,2.0160277453836963,0,-1
1587,-0.4146954109817392,1.370100748827256,0.7950698454640701,2.498501227223157,-0.8537413841998216,4.679289346990089,-24.83780581949692,34.11591015435275,1.1669825756963237,-0.3146274689570686,0.5098877335278702,1,-1
1588,0.5416693519712719,0.6266038579396036,0.7950698454640701,2.498501227223157,12.706353472086375,24.84783547297521,-18.4720954398925,-9.80890330589972,-2.7589511397811464,0.7336669701203731,3.0180974770406817,0,1
1589,0.685380249956894,0.827069083623075,0.7950698454640701,2.498501227223157,25.43584025777889,29.188272654484397,-34.85627340599419,-15.064206399267462,-2.043926523089908,0.8505223199619576,6.306560333774042,0,1
1590,0.1446672590949931,0.4676715605406404,0.7950698454640701,2.498501227223157,43.01670083230215,51.75239768541854,-78.65510909440121,20.227396350183422,-12.65601461053312,1.6761000354836098,9.284633870362946,0,1
1591,-0.319806992239095,2.4858393818382707,0.7950698454640701,2.498501227223157,-6.310640051954053,1.3745050053848755,-40.66580177684024,28.9112665519597,17.459585661487623,-0.7885399113238898,0.8357490963025989,1,-1
1592,0.7367925307500305,0.8939170606881564,0.7950698454640701,2.498501227223157,24.240155195525844,60.30043857735484,-76.69996961466934,-14.545638905922374,8.79009114447797,0.2594011281987471,7.528381553632992,0,1
1593,0.3059044562942413,0.2953394023477004,0.7950698454640701,2.498501227223157,-6.188218685176253,8.841904902466041,-40.49504512393198,24.992337515451737,20.31727238481274,0.207341873935469,1.161290967248349,0,1
1594,0.3836716830196298,0.5669816584589686,0.7950698454640701,2.498501227223157,66.3289997742018,68.19117542344648,-66.3398102031748,-45.07126600095004,-26.670440293824143,0.7659876885634667,13.394059912029432,0,1
1595,-0.756473211565893,2.067851813583018,0.7950698454640701,2.498501227223157,33.100996309490625,6.351590541094794,-7.236222242370289,63.71454170963568,-43.29326410190908,2.368863049881859,3.441331548445601,0,-1
1596,-0.0107525910751919,0.5574958196754137,0.7950698454640701,2.498501227223157,46.76005455352174,51.45236569126524,-79.86904043680458,-4.640155220229872,-10.245471914280529,0.3349093785970023,10.64675714198286,0,-1
1597,0.89658985108498,1.0193629308615382,0.7950698454640701,2.498501227223157,3.2909353378356485,27.638557827399097,-77.92700132922371,28.817157199859626,30.610515455587432,0.8085044021122076,5.0188402418138605,0,1
1598,-0.3708909749133133,0.811129538100421,0.7950698454640701,2.498501227223157,39.539136831582255,44.26913502027526,-63.99141353395683,18.03499605976269,-19.14535315515566,1.0127993652283855,7.506425082813786,0,-1
1599,-0.227149657367669,2.229073280748366,0.7950698454640701,2.498501227223157,65.19618881157098,56.93332263597642,-20.01752217567609,-66.63349626371793,-47.454225489624726,0.1773930518773383,10.23750336839834,0,-1
1600,0.6939984338151766,0.4508448313776574,2.0955878038400533,3.0496499206866825,24.325912473784683,19.27569121833672,-48.63274160606955,-68.17835789960407,32.05595192140123,-0.3186323620905218,0.478867842961068,1,1
1601,0.1852969852600327,0.0778029447992891,2.0955878038400533,3.0496499206866825,-50.96686194777145,5.404696891469271,-92.1988008301197,83.26423546594671,68.92421661277999,0.0388373114441263,0.113996973851971,0,1
1602,0.2575112591749968,0.2578701598046535,2.0955878038400533,3.0496499206866825,37.47864112086384,19.38455470462152,-91.74760747102914,20.23040640266589,28.11057731398012,0.0677277613634296,0.5392778472162447,0,1
1603,0.1468453040422127,0.1179298886524908,2.0955878038400533,3.0496499206866825,57.60146068032128,13.598229536759774,-85.40511957829942,45.10089914607309,15.582498155319044,0.3454061605810654,0.6155285038855662,0,1
1604,0.2957976222063655,0.0877603293507589,2.0955878038400533,3.0496499206866825,-18.47492205960812,6.755504744758767,-45.90410912784946,16.816957770433177,36.008507643417374,-0.0297406247028211,0.1634475636167539,1,1
1605,0.4197286634880889,0.1721724547704548,2.0955878038400533,3.0496499206866825,28.882300320228182,16.69521679640107,-88.48590198459097,44.220324486073366,30.772044583680326,0.3815393075481348,0.587249690664607,0,1
1606,0.0337603076850138,0.1678698524787262,2.0955878038400533,3.0496499206866825,57.0801567669717,11.937643119539104,-33.49833117420968,-1.748164437616225,-14.279090634792894,0.1911872038338222,0.3808637975671191,0,1
1607,0.9554343035652696,0.3379478913898005,2.0955878038400533,3.0496499206866825,63.50607532193325,22.910153862372383,-88.24211686266096,-26.56132644565561,37.91256977886593,0.4037380025652344,0.7633959866802176,0,1
1608,0.6898632789820379,0.1468263477492433,2.0955878038400533,3.0496499206866825,-69.5749440730983,1.857933958198842,-27.377144499722576,11.47550656029894,60.088841433765225,-0.1470128698691797,0.161518762535601,1,1
1609,0.1154754786587808,0.0889068641077279,2.0955878038400533,3.0496499206866825,73.5772553996097,16.89757041211837,-63.030207853580734,24.59032161921361,-10.178504752057066,0.4235713460219629,0.6110879888753816,0,1
1610,0.4640581217923428,0.2281361165573429,2.0955878038400533,3.0496499206866825,-21.8451682779498,15.25212496017123,-97.31636550301492,32.699020344571124,64.83904537144045,-0.1042096676598577,0.3680518392602023,1,1
1611,0.406024659874863,0.1415288923478019,2.0955878038400533,3.0496499206866825,-45.197683061598106,-2.8430586870264847,-25.72616217807501,17.696518609253204,48.87922288132745,-0.1582668106686633,0.1403791499446178,1,1
1612,0.0173485417565539,0.141131933634399,2.0955878038400533,3.0496499206866825,81.78715423544267,17.18701782138841,-53.96315435799806,6.605942805597053,-18.863645126649487,0.3060045754950681,0.5521016203955178,0,1
1613,0.2880573891284654,0.1170735353844894,2.0955878038400533,3.0496499206866825,-8.809891243427387,7.126771445225288,-42.98586317303536,14.450622570676686,29.582532764867267,0.0323069815143579,0.190768688737202,0,1
1614,0.6867908993728197,0.2613252702069519,2.0955878038400533,3.0496499206866825,-21.32152662539985,9.268240695210524,-69.9281082256651,24.65107456600141,59.74758181969301,0.2414895228373947,0.2724069524179006,0,1
1615,0.4392384783847487,0.2152359446154386,2.0955878038400533,3.0496499206866825,29.446336751706557,18.86167574645367,-92.23904860229617,30.879472028944264,33.98164779906384,0.2723223678773894,0.5689012781354251,0,1
1616,0.1148285831001026,0.1617374217715561,2.0955878038400533,3.0496499206866825,92.97287450349408,12.599404267537722,-59.28267371530772,38.96031031832362,-17.412052730833793,0.5054775134112541,0.8748360130294521,0,1
1617,0.2663275199419609,0.1336078475533197,2.0955878038400533,3.0496499206866825,-8.956382506011693,3.0793994479606117,-11.776344038642849,2.891462442384764,13.431295198545598,0.0033733094955713,0.1983243405089648,0,1
1618,0.2919508438460351,0.1208600811377306,2.0955878038400533,3.0496499206866825,-34.42341904487816,5.5328363876807884,-72.28683387481816,34.22784273767863,61.48808474280872,-0.2027294621823162,0.1887950661075773,1,1
1619,0.1651545420663275,0.1633339864069579,2.0955878038400533,3.0496499206866825,42.83359553090367,9.606273389983215,-30.21512390830719,-0.6280951802572332,-4.530497581285758,0.2504993942418109,0.3189824533978916,0,1
1620,0.4970646595427638,0.0484123768344383,2.0955878038400533,3.0496499206866825,-89.75080780759734,1.7695078846537342,-74.99209765756135,70.78474076522679,87.03950479944834,-0.0725819765499795,0.0687417820725066,1,1
1621,0.8281023079709431,0.225291343490341,2.0955878038400533,3.0496499206866825,-53.14736507264692,9.877315236265602,-79.22451494304273,23.047955962359595,82.74327663455787,0.0336897147248209,0.227988351453162,0,1
1622,0.1235865574866677,0.1934673340377785,2.0955878038400533,3.0496499206866825,-14.054289177410766,3.5924625821100307,-67.68423360420994,74.8157012176126,37.99508415236136,0.1363058652882379,0.3707563073557482,0,1
1623,0.1656621018522368,0.1338726599063796,2.0955878038400533,3.0496499206866825,64.49846230198094,16.142874509491747,-59.58170926337719,18.02027407548812,-5.169025741393682,0.3695015530591324,0.5569430931567503,0,1
1624,0.3272366829229887,0.1164051651845716,2.0955878038400533,3.0496499206866825,6.579818956106848,9.037209607926982,-15.710316881958278,-37.83958667841223,12.700679124220372,-0.2114141812156216,0.211240589559441,1,1
1625,0.1269693827997184,0.1295754607477797,2.0955878038400533,3.0496499206866825,12.304671511777173,10.81750301267786,-91.41149796413008,76.26109729362557,34.372771553700005,0.3430402444538655,0.4122585497505045,0,1
1626,0.2729618805589338,0.0599038407341296,2.0955878038400533,3.0496499206866825,-22.45073918948721,4.882357235034135,-34.547078530162025,13.668724614584931,31.73957335385171,-0.0477953992597429,0.1227055549828676,1,1
1627,0.0181812120488278,0.2286039875794817,2.0955878038400533,3.0496499206866825,21.49878661535631,3.8809094798411934,-53.90981543830108,71.86556885440439,10.335704962373484,0.2014755870055463,0.6228519707348035,0,1
1628,0.2608844505799417,0.133909378448895,2.0955878038400533,3.0496499206866825,62.25177815231265,15.402896767350184,-61.06434805641674,8.738353814457227,2.995965878448061,0.3764377055331911,0.5013031385687091,0,1
1629,0.2357012492784579,0.1825249115820218,2.0955878038400533,3.0496499206866825,87.39172754352197,12.90282582799405,-53.5046431996203,23.07745364698934,-13.36197792029617,0.4985292024634092,0.8062518754076299,0,1
1630,1.2452028044857235,0.3349337626809902,2.0955878038400533,3.0496499206866825,-43.583113910571214,4.362129489130311,-9.001650228950794,-70.98796921298262,65.6966387835761,-0.0870542585803292,0.1545725886599281,1,1
1631,0.2589542768516468,0.1405404009654424,2.0955878038400533,3.0496499206866825,95.21010203952642,26.482242853612263,-92.75451852878048,9.760306889519114,-3.341273508929106,0.3686522415264002,0.8174565233848323,0,1
1632,0.1261389755147797,0.1517224734685867,2.0955878038400533,3.0496499206866825,-15.419413531303377,8.163751742291666,-60.23030906628792,47.11628842339107,32.004414417308766,-0.0052292712783285,0.2751866840838513,1,1
1633,0.6405273108907272,0.076962566094861,2.0955878038400533,3.0496499206866825,-30.76657283501008,5.291076017073408,-27.970877652687847,-22.280982854324265,47.28145903717777,-0.1030827608739158,0.1129223337259896,1,1
1634,0.6862691726755826,0.1756161684964758,2.0955878038400533,3.0496499206866825,-10.787606487385546,3.590080757077672,-11.607786945907932,-47.247116181319896,36.63078490578991,-0.1554669584100455,0.2100670516320449,1,1
1635,0.6311630758311566,0.1708020900069094,2.0955878038400533,3.0496499206866825,-32.19376576163488,8.170824583811552,-61.07705779799988,13.20358713790462,60.42133529098592,0.0396086666445948,0.200244517946815,0,1
1636,0.3362374615808678,0.0771393218532132,2.0955878038400533,3.0496499206866825,-7.616022115718408,6.42578761430282,-21.050034422864783,-15.78077615684144,21.494503751234163,-0.0980244433905468,0.1532335256735103,1,1
1637,0.2099208371636055,0.2113574263894735,2.0955878038400533,3.0496499206866825,-73.79684264536087,-6.689941151500236,-35.895668101484375,79.9195922080531,53.78071085843845,-0.1950264976396364,0.2865154609477179,1,1
1638,0.152614345171925,0.094372541191488,2.0955878038400533,3.0496499206866825,64.64442127837938,14.318287700641475,-94.3051258104434,56.14333009383168,16.057445265350907,0.4092262466375174,0.719321847271742,0,1
1639,0.0229053130539478,0.1371291554145907,2.0955878038400533,3.0496499206866825,-14.863498002832486,0.7717735341874317,-23.004855208860175,16.809787002206463,19.57805370493682,-0.097059393791838,0.0311173570689267,1,1
1640,0.6547091664531354,0.2167257616891775,2.0955878038400533,3.0496499206866825,-90.94064510595,0.5288739964348252,-70.67391730644343,50.859710643760906,95.20818131321305,-0.0977826503375065,0.0280080156137254,1,1
1641,0.3818383736431205,0.1537220242115996,2.0955878038400533,3.0496499206866825,-29.41279679176732,7.441156682502893,-38.70702900839076,-1.1194654610375778,40.076480891697,-0.2051010156786958,0.1567296579359375,1,1
1642,0.0070554665974063,0.0614406653877061,2.0955878038400533,3.0496499206866825,20.170803361567,5.02239025068711,-10.073097011190455,-11.626020415438404,-5.027386319695282,-0.050835868855816,0.1370816969771268,1,1
1643,0.1860312388745859,0.1263890819881053,2.0955878038400533,3.0496499206866825,57.699444729250445,15.658409968566644,-85.66257589275659,33.07618226712438,16.368190962494495,0.3159701697622454,0.5707235360124848,0,1
1644,0.2120506360031605,0.2070228690570071,2.0955878038400533,3.0496499206866825,24.3267860959469,10.687907677004889,-66.28714590298742,15.804197348541392,27.44915013283928,0.0160893017619951,0.3924945681285017,0,1
1645,0.0310382750093314,0.1339663822383588,2.0955878038400533,3.0496499206866825,3.3366064306572127,10.911777466970491,-94.29225892528216,83.76237861876763,35.8500420901957,0.2527858478393314,0.3733910793134758,0,1
1646,0.7446178688122904,0.1125215850724273,2.0955878038400533,3.0496499206866825,-49.5050996230126,2.494622808365122,-20.91195511345903,-17.886788667136074,54.95305827313516,-0.040718877274873,0.0266842980566221,1,1
1647,0.9011026269265192,0.3007476791479306,2.0955878038400533,3.0496499206866825,-97.71036711536452,-0.8151189277358526,-35.42700931804862,29.599935709179675,82.57470658147318,-0.157122520450044,0.2379713726828468,1,1
1648,-0.0174277581203884,0.1680439279502426,2.0955878038400533,3.0496499206866825,97.01740735785977,6.930886783454369,-21.208131889505797,21.71038610068412,-39.14751153306057,0.3620491809121062,0.8722322114522498,0,-1
1649,0.663626959331929,0.2198375546917137,2.0955878038400533,3.0496499206866825,-8.546326677820787,9.388753230177286,-50.463579255880575,-15.6460997237496,48.7585324063335,-0.0245308149516462,0.2891920411685302,1,1
1650,0.5883092541066823,0.0935565214893905,2.0955878038400533,3.0496499206866825,-39.475264612871406,1.5478392846828086,-25.87099283005976,-8.624792129693077,50.54844503816756,-0.0967680231044029,0.0834832508669922,1,1
1651,0.7370481008429367,0.1769284945619241,2.0955878038400533,3.0496499206866825,1.2354148348447325,7.872430262100821,-4.736890394109565,-67.44589958038523,25.42447635058677,-0.106533133740661,0.2030636064119441,1,1
1652,0.1148538887764356,0.0927899315816789,2.0955878038400533,3.0496499206866825,10.9480847386791,4.529000119538097,-7.749784630934585,-8.135077539049846,-0.8624006630068521,0.0010680061473661,0.1566657068618177,0,1
1653,0.3712644986658456,0.1555887993729768,2.0955878038400533,3.0496499206866825,-78.26188688064049,-2.176723569457778,-72.10104028648432,80.85775181688885,81.25768829626207,-0.1069736059551171,0.1729581439795839,1,1
1654,0.1842555436361524,0.0602929183112247,2.0955878038400533,3.0496499206866825,-67.00253791346154,-1.7118957462019182,-49.287974446388496,72.69566572002344,54.90726219490426,-0.1152078152795236,0.1452417482814315,1,1
1655,0.1322387885811282,0.1123283860195182,2.0955878038400533,3.0496499206866825,-0.1504495126463325,7.101272877126348,-38.80827768674896,17.862231611859755,18.14757094441404,0.0046287744161718,0.204572253162274,0,1
1656,0.5889165158126746,0.1743243301822535,2.0955878038400533,3.0496499206866825,-35.71828078575683,10.183884414153964,-43.519040507924686,-11.017956280216069,49.35443308402688,-0.239145353199903,0.2407055989097149,1,1
1657,0.3594737479651348,0.1013772561139715,2.0955878038400533,3.0496499206866825,-75.80213992214213,-2.841892839690388,-40.709156318261066,61.05907604084888,60.52231665719759,-0.1412298714190286,0.1715262825217739,1,1
1658,0.3829336271842397,0.1181586314878579,2.0955878038400533,3.0496499206866825,-20.4409141048626,8.682481705906113,-66.59772258173813,15.086087600877022,53.11189514340765,-0.1464302717051032,0.2303200417127827,1,1
1659,0.2755459081382709,0.0749292361887631,2.0955878038400533,3.0496499206866825,-35.65931651462981,-0.2628755063221604,-35.83537529826036,30.60907135933309,42.42644183558443,-0.0483378052596361,0.112629344450391,1,1
1660,0.0158598094962679,0.1724978491061881,2.0955878038400533,3.0496499206866825,84.72100632121482,9.199580096714756,-61.12892828451199,63.51794196792716,-15.713556342597172,0.4295622592619379,0.9911362900564992,0,1
1661,0.4686052094608905,0.1978477592557502,2.0955878038400533,3.0496499206866825,-45.1886156348172,10.077636632524232,-59.794412847904646,21.27005771145436,55.17148534213433,-0.2238329715717583,0.2744832300184867,1,1
1662,0.5588595873378497,0.0921706749588516,2.0955878038400533,3.0496499206866825,-51.11292083727348,0.0926819783683612,-12.260311175315962,1.2245597129986834,43.02754959462794,-0.0919953001301804,0.106640596989027,1,1
1663,0.2948987754717156,0.0716264519429292,2.0955878038400533,3.0496499206866825,-63.10686485187864,6.233787927181695,-75.63830054946541,60.51215224460151,67.31967561371982,-0.1614545288795929,0.1486150560345287,1,1
1664,0.3061772922670965,0.150052666397536,2.0955878038400533,3.0496499206866825,20.88600683251687,9.775250873436931,-15.20764754012886,-40.57023395741584,5.589935155157619,-0.1393610280182747,0.2485136634498813,1,1
1665,0.8521620902262279,0.1359851505146859,2.0955878038400533,3.0496499206866825,-44.63234691044418,4.101313154094342,-22.498542082250268,-32.95969907159255,58.17530733837469,-0.0935772151089249,0.0812597113831874,1,1
1666,0.4315234840650845,0.1545214908132754,2.0955878038400533,3.0496499206866825,37.88129947985712,18.72652592371267,-98.330967848898,33.9047431771219,34.92599207674681,0.3558608673860221,0.5629492373634221,0,1
1667,0.5912023753008963,0.1167650178500777,2.0955878038400533,3.0496499206866825,-30.0767334131733,1.1929122587484926,-6.354480885817594,-19.05803938345349,34.173001626664785,0.0171727783788909,0.0659727362196919,0,1
1668,0.1535418741496096,0.1943961073018568,2.0955878038400533,3.0496499206866825,99.14781508838556,12.81790673190359,-17.64310753636032,-44.26122090326079,-31.22002311140774,0.2031569858622156,0.551739029245577,0,1
1669,0.0566423132738685,0.1146548633437137,2.0955878038400533,3.0496499206866825,70.12647336569464,13.233878094197363,-79.79545061866123,68.7357506382184,-1.9343793164838845,0.5014364225637719,0.8072349939453481,0,1
1670,0.0131031136874644,0.2202841276801482,2.0955878038400533,3.0496499206866825,45.81349964682704,16.520771063377993,-72.06745468919351,29.169072834026053,5.298441897869168,0.1233461848530611,0.4944133751338643,0,1
1671,0.153577092811468,0.131444551330862,2.0955878038400533,3.0496499206866825,-29.420069852373672,9.146306606861998,-75.20967177796376,38.8504799810938,51.14483961555766,-0.217958662402076,0.1883912064712853,1,1
1672,0.7283560479846207,0.3315594013505949,2.0955878038400533,3.0496499206866825,86.77128042670986,26.866926352905068,-73.26430217159148,-43.65867639696504,8.728724061526322,0.3045002530366524,0.7996490768014871,0,1
1673,0.577085075967529,0.1276943564716168,2.0955878038400533,3.0496499206866825,-46.99088187822491,-3.418502797594087,-4.469557380823929,-4.716467544723841,43.08164851033379,-0.1129043841402033,0.1231574451919148,1,1
1674,0.0133710140968641,0.086436116777709,2.0955878038400533,3.0496499206866825,-13.098455920352762,7.218264185542836,-53.07301535933534,37.20082945951927,26.839592661506018,-0.0994899972183455,0.1823718485508074,1,1
1675,0.1405866468174923,0.0717619886235356,2.0955878038400533,3.0496499206866825,85.85664322669163,21.30548357501074,-96.7009886275936,25.54587126657249,5.549038345717449,0.3523401606825934,0.6987969277996942,0,1
1676,-0.0018782360027468,0.1445099290754556,2.0955878038400533,3.0496499206866825,86.60138234898878,6.759952917580961,-32.601421444419586,33.839831212859394,-28.217271502598777,0.3455402134837647,0.8665569293366082,0,-1
1677,0.797069729470976,0.2663023963129268,2.0955878038400533,3.0496499206866825,0.4655802118869161,11.358835996132925,-27.687539907230303,-51.30638150687228,35.72174351529125,-0.0412142204058556,0.2915429287337874,1,1
1678,0.4197583765058755,0.1817694824064135,2.0955878038400533,3.0496499206866825,-1.0312467068677194,10.74471213094344,-40.01313293864808,-12.068410310026294,28.06126269258519,-0.0754937168833447,0.2759395909746529,1,1
1679,0.1408758862849433,0.1133211832436448,2.0955878038400533,3.0496499206866825,-72.4001154540715,-5.215648933153602,-38.776269648239904,79.56961395432833,51.52682467422662,-0.1841093612508864,0.2108607291879509,1,1
1680,0.6905604244784704,0.1517269817248537,2.0955878038400533,3.0496499206866825,-14.973850097213443,5.026004039426127,-13.75568625741768,-50.68589392828304,38.608452356069336,-0.1891854075245622,0.1680200337710102,1,1
1681,0.3895450088795092,0.1947200591096576,2.0955878038400533,3.0496499206866825,-11.589971935766826,9.862534172338826,-35.46591994034726,-6.9149570499493365,27.88986153923732,-0.1404873488211178,0.2735968652414685,1,1
1682,0.0630661387977737,0.1809844861597753,2.0955878038400533,3.0496499206866825,39.17076506857967,14.875407402303182,-70.30399483336262,34.42032652721284,9.069816985701904,0.1907757168844513,0.4641138550004798,0,1
1683,0.928424086728964,0.3943981306779272,2.0955878038400533,3.0496499206866825,-4.645045093637833,18.499602401795755,-84.78802290663653,-4.8362409496967445,63.12917542927264,0.131172310298767,0.5033396125134746,0,1
1684,0.1469586281851453,0.185908121193738,2.0955878038400533,3.0496499206866825,51.3714274932436,6.969847595641781,-31.119689964869096,11.075279094190575,-6.18712528362515,0.2556453617797439,0.4847536173677726,0,1
1685,0.262754574826797,0.1842301395868827,2.0955878038400533,3.0496499206866825,67.25161238984515,13.902413496017855,-64.11402295591058,6.454767213494421,6.817445055744969,0.2646810232312939,0.6020342530858088,0,1
1686,0.195420846578182,0.2506421286005905,2.0955878038400533,3.0496499206866825,41.71252178766417,10.973935728197134,-68.38127646366115,17.933550945292637,20.841167763951063,0.082306071697507,0.5094265797481579,0,1
1687,0.0184866365374239,0.1820847590248163,2.0955878038400533,3.0496499206866825,70.4468088086393,9.564141658695236,-90.6936687746827,88.13262014798485,7.17829933090772,0.3910422251482108,0.9945002655718812,0,1
1688,0.532215550506915,0.1336370612571538,2.0955878038400533,3.0496499206866825,-54.33762807480596,5.246194308694754,-77.5836553437162,32.74515356107159,80.30623102968033,-0.1903292897237045,0.1760672960336455,1,1
1689,0.054841877107435,0.0736683163888013,2.0955878038400533,3.0496499206866825,-35.70361525394719,4.038579364239638,-63.55279897650217,67.60635036683604,42.702516555087925,-0.0033324293617846,0.1483438656599033,1,1
1690,0.4836022314474639,0.152841341533059,2.0955878038400533,3.0496499206866825,-96.78055217465436,1.7624551871616916,-72.75406849575148,71.96874613614224,87.33893767600586,-0.1565261613939679,0.0909504871575925,1,1
1691,0.0331079723048658,0.1630069084255377,2.0955878038400533,3.0496499206866825,97.38320629481566,12.646390198838134,-9.61069653095538,-41.51944047162075,-40.45934293644644,0.2309999431307762,0.4524585244576183,0,1
1692,0.0484074566959218,0.1074940391572414,2.0955878038400533,3.0496499206866825,92.53950603728008,14.223003998918074,-83.08639947716078,39.42448722659898,-2.0167818403360656,0.3449946893496066,0.8339237559825055,0,1
1693,0.5367679998155273,0.2391177108321039,2.0955878038400533,3.0496499206866825,-83.93148067954151,-4.2254256599701705,-25.602187037715623,49.13241438914287,61.02881419473775,-0.1999608695518206,0.2742696474226836,1,1
1694,0.2223049782731906,0.1270730678214614,2.0955878038400533,3.0496499206866825,14.144426203794367,7.015336951959768,-32.407248142593346,-17.13204264814472,18.96576454522277,-0.1670837826412752,0.2478034114154083,1,1
1695,0.6975005701583231,0.1199573713800803,2.0955878038400533,3.0496499206866825,-16.083282429221384,5.47324191058965,-7.091564549417456,-53.8244004759082,33.762452007274845,-0.1420136310121629,0.1269156079586415,1,1
1696,0.2903011414844003,0.1048961071891355,2.0955878038400533,3.0496499206866825,13.616528208892548,7.431057828830063,-21.89480392866608,-26.115556347257368,13.778700317159036,-0.0941717165712687,0.2086586217353664,1,1
1697,0.0055068306332111,0.1853506618676891,2.0955878038400533,3.0496499206866825,27.562718636789768,11.07109098695338,-30.508492921125267,-21.501560944430125,1.1290304139769771,-0.2734530720108,0.2693484871455385,1,1
1698,0.0611536082437635,0.1163921168421804,2.0955878038400533,3.0496499206866825,80.01160544083527,17.82512757406893,-85.97323398067417,61.08455949750064,-6.513388176935479,0.558465339980164,0.7904778345704293,0,1
1699,0.6502117556959431,0.1851195821135423,2.0955878038400533,3.0496499206866825,-40.42550751064318,6.1003830270020245,-56.08119691887866,19.938135861992848,61.75016922009178,0.1094222395244747,0.1488093286468902,0,1
1700,0.0882550814744749,0.1198953839668235,2.0214205979719013,3.067752800365439,73.46122304818715,12.475635646235077,-29.60857155185967,-3.4916737432476737,-22.94399719631042,0.412156169016149,0.4413674567653114,0,1
1701,0.331633048441458,0.3600634084904068,2.0214205979719013,3.067752800365439,84.02256117546682,20.44587146922161,-75.1963127360984,49.71630920255564,-11.633100493857668,0.5942243249506689,1.090794232685281,0,1
1702,0.5859639401775711,0.2004553767096958,2.0214205979719013,3.067752800365439,97.37765786809685,26.747877806702974,-94.49093289446218,-13.367561704553268,10.978099069166715,0.4570481029399923,0.9027142868777184,0,1
1703,0.1955633367136342,0.0738669572717782,2.0214205979719013,3.067752800365439,75.50156524897366,17.809212827771546,-85.30082353184784,29.753442309745168,6.410729682069842,0.4176975604146706,0.7061918044714068,0,1
1704,0.1453918164633072,0.1453641750172001,2.0214205979719013,3.067752800365439,97.877048477907,21.349101049397007,-92.62144948199756,48.66949483197644,-8.621728959340075,0.7472394863526008,0.7856643159525927,0,1
1705,0.2752152012624332,0.1726164811349771,2.0214205979719013,3.067752800365439,3.206598023330656,8.072879582768635,-61.84456979359352,29.120003634321705,34.41219712165477,0.1103616438610738,0.309375609576534,0,1
1706,0.0595010811753283,0.0871194294788004,2.0214205979719013,3.067752800365439,-63.98293908653181,1.9445147674725265,-86.64147217236248,94.3551384234789,69.26111255682486,-0.0391369753748296,0.0058388937667169,1,1
1707,0.181031910764379,0.1272195007728663,2.0214205979719013,3.067752800365439,35.59718675002537,13.888546115863832,-86.11258787169663,79.20393697902259,16.102000777911485,0.4205808576611167,0.7578154411373137,0,1
1708,0.0850365003145494,0.1175504283612172,2.0214205979719013,3.067752800365439,76.12481182938043,11.595678159654682,-43.91327724872881,9.478120293580687,-14.465283032768,0.3418429003540818,0.5958632511483818,0,1
1709,0.1930227893602474,0.135245532126821,2.0214205979719013,3.067752800365439,-38.82508103490841,8.322120528893606,-60.04343985497227,42.03402985326795,44.07648438891096,-0.2150068303041738,0.2346555805179508,1,1
1710,0.3292818196245042,0.2013494554135881,2.0214205979719013,3.067752800365439,44.31432200885576,14.39125415104418,-72.74614147033952,14.290837272709894,21.5771416341435,0.2254744398388198,0.5542478540958833,0,1
1711,0.3731632154590947,0.2094149894670832,2.0214205979719013,3.067752800365439,-4.078495613490844,4.346158888796921,-42.604369816604304,11.33954799813128,34.83494570974915,0.0098569325029762,0.3001035908965297,0,1
1712,0.2867770963186503,0.1383256166392756,2.0214205979719013,3.067752800365439,-7.85494021221777,7.07911890533947,-57.082783645211954,25.91292927947488,37.73904209906056,0.0560345601841298,0.231926150128359,0,1
1713,0.0589444221587076,0.1998947174865338,2.0214205979719013,3.067752800365439,79.9276461094523,7.10230808963918,-0.4446398779932963,-33.731101015899085,-33.08278922687519,0.1628563592823495,0.4872904755346081,0,1
1714,0.6571400050338205,0.101619617123753,2.0214205979719013,3.067752800365439,-70.53572543638514,7.632944139196155,-78.73323234692904,40.89778609372067,84.29027983171076,-0.0963886175330479,0.1533535735555304,1,1
1715,0.2175285879705285,0.1356764998846985,2.0214205979719013,3.067752800365439,27.609190853913177,13.872309770012675,-92.58705587567763,54.42474317940068,32.004005672973534,0.320856467199495,0.4894787555755396,0,1
1716,0.1335836855067484,0.1336308040493994,2.0214205979719013,3.067752800365439,51.38025015710167,15.494344351374025,-90.95974680688582,81.48978694551408,9.346893692685398,0.5030228085632787,0.8158159228206249,0,1
1717,0.1000702722932427,0.1587338528946374,2.0214205979719013,3.067752800365439,92.88519097189604,25.761336157622708,-88.95859877127748,11.574452573452149,-8.076971183189244,0.2884067522153246,0.7850537201170968,0,1
1718,0.0206775331212245,0.1138076399047808,2.0214205979719013,3.067752800365439,62.01848774907037,8.470537455213162,-57.423792354335646,53.62489950157675,-5.895343785541613,0.3584044759984731,0.743476050444155,0,1
1719,0.1247677814922209,0.1338457439701226,2.0214205979719013,3.067752800365439,30.00234762013608,11.815316805824466,-79.15726308678299,50.95999215635823,22.259586915344272,0.3067900483990145,0.4393550520505084,0,1
1720,0.8742927414687853,0.2910448331526067,2.0214205979719013,3.067752800365439,-72.95497643105386,2.2756605570469333,-21.139652852946952,0.2132578330831194,63.15572076876495,-0.1710271121735557,0.2400156768868733,1,1
1721,0.6202259460774691,0.2037454669828746,2.0214205979719013,3.067752800365439,0.9362817838614887,9.643827852253423,-27.045799446200636,-34.668499244861195,29.462869776852383,0.0055576835748014,0.2570021629858998,0,1
1722,-0.04758677549652,0.1620801798375652,2.0214205979719013,3.067752800365439,21.357244625185515,5.254269783692294,-17.270877612181252,-11.330390619061006,-1.2956750524577387,-0.1507869608335382,0.1694284498599469,1,-1
1723,0.2237384382936804,0.0742879641098402,2.0214205979719013,3.067752800365439,96.44475754502828,20.969824319706348,-78.77055908443347,4.28858802764276,-5.088055356510552,0.3958919302608867,0.7745483243466094,0,1
1724,0.3123804264898152,0.0579812864964352,2.0214205979719013,3.067752800365439,-44.44928373776389,2.160537110988954,-55.16942389146917,36.82538553792526,56.66439569303665,-0.0957647680254521,0.0835437872679393,1,1
1725,0.5221494812018669,0.1932768318378985,2.0214205979719013,3.067752800365439,45.83288767880876,19.28390364153545,-87.37973014440999,9.921049992852817,30.494088462948355,0.3112766032298445,0.6236068078638294,0,1
1726,0.0240014235376903,0.096135898548265,2.0214205979719013,3.067752800365439,-16.108693081545965,7.37747323720086,-57.58229459835278,45.21199958500927,29.704437884043383,-0.0705422866434584,0.1949116588045519,1,1
1727,0.182967365539916,0.0759450070745908,2.0214205979719013,3.067752800365439,80.91663185562948,20.03897657387516,-73.01095810162803,10.475248055879874,-4.592853685581446,0.3924944927593107,0.6516861186330931,0,1
1728,0.1590352658023146,0.2389752890853391,2.0214205979719013,3.067752800365439,93.12744968674394,17.614170747599104,-16.75923096240787,-43.72164953343018,-37.39956692308808,0.2458741319668083,0.576516751033812,0,1
1729,0.3030055501772957,0.1238885487959495,2.0214205979719013,3.067752800365439,89.83565540222943,18.7844145431272,-66.58910266195059,2.354541549709282,-6.366817130962858,0.4893333497353593,0.7170155226829711,0,1
1730,0.6287386503186503,0.1388207200833679,2.0214205979719013,3.067752800365439,-56.71339628619465,5.489426741068442,-59.41397493484455,13.491884981638307,73.16075204106806,-0.1497736973127874,0.1002491254708454,1,1
1731,0.0373204941647589,0.0864653020785512,2.0214205979719013,3.067752800365439,6.612449144497347,5.569314783439566,-37.82651161484885,17.487217148133922,15.158912290566008,-0.0080143146853949,0.1742463092059829,1,1
1732,0.7717157483036098,0.1347417268484298,2.0214205979719013,3.067752800365439,-55.05892361273135,0.7313204059189218,-30.207977605536527,-6.877898445043613,65.33679059704818,-0.0910603336660484,0.096229640961631,1,1
1733,0.0857172359156067,0.0934181600183334,2.0214205979719013,3.067752800365439,-63.83279289257682,3.4270251843739885,-89.20319482580054,90.79465591376598,70.40418298360655,-0.0741616548121208,0.0334870528234757,1,1
1734,1.0229532778803707,0.1997510403113074,2.0214205979719013,3.067752800365439,-49.33623985374811,8.69171004736215,-45.1160642960336,-35.030128357274506,75.41543247676316,-0.1522314054988235,0.1859710381436788,1,1
1735,0.18399108684951,0.1431628253997365,2.0214205979719013,3.067752800365439,96.8035228000704,21.18493908180463,-90.96384147009492,9.585793218178368,1.9795260316502092,0.2785187569987198,0.8462988501549987,0,1
1736,0.0986379554856531,0.1599094314164671,2.0214205979719013,3.067752800365439,15.592242896584535,8.352913006631397,-47.682746909345255,3.371869174446502,20.15809917465729,-0.1398103780887807,0.289552700241479,1,1
1737,0.1662395279145331,0.1645911903778703,2.0214205979719013,3.067752800365439,32.659042381478685,7.693907558319424,-31.348404428269163,-4.08269829291352,4.683458463346923,0.0921436592827274,0.3222160881503075,0,1
1738,0.2537025980192364,0.2168570156710172,2.0214205979719013,3.067752800365439,69.64456549687884,15.007706474853634,-43.93681232881343,23.18525559818332,-17.11676284663477,0.4332660821509104,0.8150172356968961,0,1
1739,0.2443193559334916,0.2075251094971511,2.0214205979719013,3.067752800365439,26.42447819548947,12.644870271269,-48.58076533835731,-13.485239857101703,17.369229717260865,-0.0819940497261054,0.3658047668493929,1,1
1740,0.1795869928540397,0.1288588063900521,2.0214205979719013,3.067752800365439,17.81181862726325,5.844645968078012,-9.615244142361703,-12.70398857873512,-1.3676179055639182,0.0705973942157106,0.1952891880995686,0,1
1741,0.2156621927110675,0.1291360351486217,2.0214205979719013,3.067752800365439,-57.83846158087309,4.643668615890391,-59.23662123385879,56.682175914286944,53.74723475804146,-0.1988702967695446,0.1617504206653194,1,1
1742,0.0315931878033914,0.0453464973384883,2.0214205979719013,3.067752800365439,46.040373547961565,16.51851047153501,-93.71239288101556,70.93604380812803,12.447487788420348,0.4348679829539073,0.5864422051005376,0,1
1743,0.0331573273407311,0.0878379754281166,2.0214205979719013,3.067752800365439,-32.933545004969986,4.534950553229564,-71.5094427030616,77.1907423750032,44.1831145102816,0.0449273528021091,0.1569780804916071,0,1
1744,0.4505201833009439,0.2144458684195448,2.0214205979719013,3.067752800365439,-79.42038093439498,-3.2418690017436376,-68.60126862824887,69.23928420527344,85.13613910449914,-0.1913157531168157,0.1764819579608048,1,1
1745,-0.0781841694448259,0.2367549158036329,2.0214205979719013,3.067752800365439,79.72938153837364,15.424951833013594,-52.46228904673546,19.529826265730705,-21.74145900589197,0.3869607236643725,0.5195601656818117,0,-1
1746,0.1745771392856476,0.1968439036664152,2.0214205979719013,3.067752800365439,67.09420574388258,21.27217872003781,-72.76174255227232,19.36326523713052,-3.816449506278147,0.2986485058744742,0.6988519379851962,0,1
1747,0.3555161853755317,0.1898344889260603,2.0214205979719013,3.067752800365439,41.81223821248565,11.07054372971723,-36.985163605836746,-4.361104907855264,4.552286039127964,0.3417722801208046,0.3889320255950507,0,1
1748,0.691846484667241,0.1021457411490688,2.0214205979719013,3.067752800365439,-60.81289595072343,9.18333049395443,-82.4794285366167,24.847952565000256,85.94307757250667,-0.1634317629386623,0.1807426362104168,1,1
1749,0.2747983759066554,0.106113816397822,2.0214205979719013,3.067752800365439,-24.90806728879427,-1.6827359765735963,-3.890576886004027,10.671729194824508,19.537959042817803,-0.0574314026933337,0.1664670665807206,1,1
1750,0.2107682391605199,0.2383571012316487,2.0214205979719013,3.067752800365439,26.88892174847794,8.24188689089236,-38.21572056564606,-18.473996986512333,16.527465641007737,-0.1662502779198476,0.3691060222215372,1,1
1751,0.7571388739831653,0.1618303253818589,2.0214205979719013,3.067752800365439,-29.68999975245956,2.904693988186665,-4.949363803329334,-36.56836355917981,38.59429398513433,0.0364026086557915,0.0626020544316785,0,1
1752,0.273696858426667,0.1400928365087516,2.0214205979719013,3.067752800365439,41.93570103692957,17.13243708129025,-78.09411442943019,40.17694841410432,14.223301829322324,0.3794493345191995,0.6086629445225815,0,1
1753,0.0212846745257341,0.1416249089337632,2.0214205979719013,3.067752800365439,-59.88787954293715,-6.516549615586655,-41.21600123676464,86.60148012639951,45.78243661436244,-0.1818425224758999,0.2218279344771218,1,1
1754,0.0961885402102885,0.0794870233011575,2.0214205979719013,3.067752800365439,3.894179642264106,4.172809997224007,-9.518920773507917,-15.697000189045028,5.723829503737662,-0.1296319560351084,0.0947709022389318,1,1
1755,-0.0090607249015074,0.2193312977110272,2.0214205979719013,3.067752800365439,21.71243477616356,3.5705075032196163,-18.305868799881225,-17.663883131052316,4.743437113605481,-0.2713041019355976,0.2395704654028223,1,-1
1756,-0.0007530690120076,0.1871974635632015,2.0214205979719013,3.067752800365439,89.84521980491135,7.661093021241385,-17.79387832031712,34.77391240977016,-43.42499148657999,0.391906556875637,0.9941870322504652,0,-1
1757,0.7878122754176355,0.1878277583932967,2.0214205979719013,3.067752800365439,-31.351111607841347,11.696707128163524,-56.38884145569849,-27.267574366389027,64.84819333304392,-0.2329651732823277,0.2651715957219092,1,1
1758,0.1683402098399291,0.3174540213810767,2.0214205979719013,3.067752800365439,-66.67784895140991,-7.846042398756865,-14.941775753329992,73.96160484249413,36.15364687199846,-0.2769255775428751,0.3926320971920864,1,1
1759,0.0697941859687429,0.0825212619308528,2.0214205979719013,3.067752800365439,-33.44502760350085,7.712328383736406,-85.2358323406344,71.85344374968528,52.58801746839188,-0.0396833752343372,0.1747650356156952,1,1
1760,-0.0918016962242349,0.2842605148054912,2.0214205979719013,3.067752800365439,40.13398735651964,15.431283905307213,-91.4349506954581,72.25252980084102,11.514417771148658,0.3252439113091238,0.5082675625753003,0,-1
1761,-0.0079174227466018,0.146373772972096,2.0214205979719013,3.067752800365439,62.74498752875781,19.240351028478926,-98.96083145106832,91.02834430969654,-0.7088831772316837,0.4733663254320046,0.9213288611763506,0,-1
1762,0.0682406573986444,0.1773604108643528,2.0214205979719013,3.067752800365439,37.51089560104589,11.956100777760298,-48.60389213345798,28.7962677880318,-1.2482212636174097,0.2316928123419424,0.4549138172235163,0,1
1763,0.3550077071834325,0.1538111046703101,2.0214205979719013,3.067752800365439,79.01153211432307,22.130030697235952,-69.4305084182434,-0.2034497653498022,-3.307844773444032,0.4271789640852912,0.7090284429513962,0,1
1764,0.7105784021880914,0.3112315395902183,2.0214205979719013,3.067752800365439,9.66476410193819,9.709617427914123,-43.1230295331677,-23.704112641163405,38.116635958054445,0.0949132593896089,0.4015500662939455,0,1
1765,0.1271035741970089,0.1724257212452429,2.0214205979719013,3.067752800365439,35.333879167021934,10.170220164003709,-33.11875385899492,7.411677266651111,-2.9755709667101518,0.1978374609143479,0.3522479276198512,0,1
1766,0.0464808527232269,0.1143660484005553,2.0214205979719013,3.067752800365439,-15.597322424588953,8.21137064375425,-69.5863961644017,56.96405256778206,35.29217651331359,0.0076960916040243,0.2238431124389608,0,1
1767,0.3300610828959743,0.0704829882944584,2.0214205979719013,3.067752800365439,9.397964386031047,5.324194807658955,-6.58161073609665,-40.64325811544292,11.321943335800938,-0.136143201007871,0.167576123474414,1,1
1768,0.4980284188381274,0.2564886204030235,2.0214205979719013,3.067752800365439,68.36373387384572,14.893423009085538,-54.9386012489484,-17.984987184921437,9.13553264653541,0.274302526125371,0.6984022942510156,0,1
1769,0.2216207474088612,0.1250804135308374,2.0214205979719013,3.067752800365439,41.1344923031225,10.964058832846874,-79.08283582548457,61.2490427549696,18.672930678795325,0.4030336846484269,0.6834831268040241,0,1
1770,0.0261629007557169,0.0714344256630956,2.0214205979719013,3.067752800365439,98.91088886686636,19.571570670561183,-90.36435154340715,45.37752356891056,-9.87551946040108,0.5836091133537537,0.7829980362984211,0,1
1771,0.3069870162351771,0.1580995469554146,2.0214205979719013,3.067752800365439,16.91233475072262,13.51364221374702,-96.7640901578308,56.90793435646822,41.71821016639512,0.3120002692502354,0.479460226388363,0,1
1772,0.4785644502085727,0.2825714860174431,2.0214205979719013,3.067752800365439,25.52915190215026,13.98370270173865,-34.03493632750049,-58.10415204428665,21.020543401243856,-0.2674141248721339,0.3889527358403161,1,1
1773,-0.0056949669699907,0.077170080617938,2.0214205979719013,3.067752800365439,-13.733481227072817,-3.259232640621533,-11.71201591181429,26.816010935074303,13.14096805467888,-0.0927372084098431,0.1369484229426861,1,-1
1774,0.2265542727568242,0.141277822959097,2.0214205979719013,3.067752800365439,-1.5138849867308437,3.1777010253473748,-23.69981316300785,-14.512028099025272,23.781295994390845,-0.2189644747978926,0.1916876168068386,1,1
1775,0.4334045088478078,0.2014248065454242,2.0214205979719013,3.067752800365439,37.907165600860566,19.75549440068947,-88.58697436763735,18.99956040869297,29.40094834654667,0.2649764719591407,0.5849568230487532,0,1
1776,0.1289093420103391,0.1091178934499754,2.0214205979719013,3.067752800365439,49.589750898567445,12.904770859631313,-59.74783391619846,31.496692753499275,2.097904193190601,0.4258693539358894,0.4422166496944544,0,1
1777,0.0312457458334209,0.1094937072557589,2.0214205979719013,3.067752800365439,80.11979285653047,17.733893546102024,-59.54074504009926,32.159078609019446,-20.718220672954686,0.446260770871573,0.7172153360975931,0,1
1778,0.5302894037364373,0.2917785623332984,2.0214205979719013,3.067752800365439,-10.232036689984554,8.505094329499613,-91.30999983620669,75.16108985018221,56.81304401573146,0.3063879564070962,0.6131282628147193,0,1
1779,0.2511969540993566,0.1205038402234019,2.0214205979719013,3.067752800365439,87.9902531613611,22.717978861164557,-99.98186404659567,14.84220645343666,10.507608598753151,0.3030300960966314,0.8251411552162502,0,1
1780,0.3012696343048157,0.2145726207853203,2.0214205979719013,3.067752800365439,-6.476804689982217,0.1971900977159748,-24.00454040380943,4.0853997409276985,27.742297681379497,-0.1043136631057059,0.2818302212724879,1,1
1781,0.4026862406343635,0.1583204876426954,2.0214205979719013,3.067752800365439,-26.03600878748485,11.179673690266512,-58.86125892031324,2.522617458278916,48.66080334373646,-0.253715998482193,0.2370971509428957,1,1
1782,0.6895017386970044,0.2139539954418079,2.0214205979719013,3.067752800365439,-27.65058055932484,11.393470170050705,-66.97847634146918,6.418368175344753,61.23835079571066,0.006057934520852,0.2800582765660945,0,1
1783,0.0722328291216747,0.0901548886904594,2.0214205979719013,3.067752800365439,-62.19413906979294,-2.21998262114613,-71.17001644757205,93.94615782764303,63.22395518002867,-0.0946734746557253,0.1303642745573375,1,1
1784,0.0798291564730335,0.1193509679582411,2.0214205979719013,3.067752800365439,12.150139091223778,5.202327816396092,-32.349605069198006,-3.042341366978889,15.519927357866848,-0.1647666668927865,0.2321156508131998,1,1
1785,0.3123570414439098,0.1089097562063483,2.0214205979719013,3.067752800365439,73.02711553951292,20.313270800652063,-92.20774988931792,28.550600870789225,11.957627252940156,0.4941858211869129,0.7080354226996138,0,1
1786,0.2256401759825946,0.0280534191158656,2.0214205979719013,3.067752800365439,-28.284144776314264,1.610915514287072,-33.415324703552685,23.649241786279237,34.86974160967776,-0.0022434445306877,0.0389945253064049,1,1
1787,0.4479038388869593,0.234601550001038,2.0214205979719013,3.067752800365439,-30.772351885733485,-2.5954497500269014,-8.275481677519025,12.427121775126665,30.54231513523885,-0.050276614866666,0.2717332280734578,1,1
1788,0.3877226320026696,0.1576146835181224,2.0214205979719013,3.067752800365439,-38.2816234537344,8.704766538583058,-92.34158366804895,42.24412452295312,73.95549219539274,-0.1912124482608649,0.2594247660309533,1,1
1789,0.3567010079186717,0.0813306819231539,2.0214205979719013,3.067752800365439,-20.77323930003652,8.927098270569232,-48.29785057029888,0.8936374303313954,41.02219266030386,-0.1856270558533917,0.1916098314311514,1,1
1790,0.2161710792009051,0.0273601250364177,2.0214205979719013,3.067752800365439,-38.17567875824197,2.960976803302856,-50.10905030965169,41.592798960968224,45.207743271948345,-0.0093451315837063,0.0519119732859389,1,1
1791,0.2671831021694934,0.1850005649861187,2.0214205979719013,3.067752800365439,27.576641964747893,10.93729832573409,-52.570296709193386,31.46055676993205,11.589887983772584,0.3109889454600103,0.4829128406487806,0,1
1792,0.0764475325682655,0.0682569041320075,2.0214205979719013,3.067752800365439,4.240915541743107,4.183599550132769,-29.208637136244093,1.3753496331764694,16.569789202727847,-0.137753646686314,0.169609282556314,1,1
1793,-0.0096076611679817,0.1298033682224221,2.0214205979719013,3.067752800365439,83.7341812637593,11.233495648377698,-43.89135069619062,40.6916623580006,-27.421795941610867,0.4682537778784578,0.8016155114286524,0,-1
1794,0.0640244579991073,0.0986579059339545,2.0214205979719013,3.067752800365439,51.71483106957356,10.740249113112228,-78.3579649616476,72.775904941368,7.45956263175529,0.4243898995662514,0.7379565827536636,0,1
1795,0.4969923506647772,0.2139130324747486,2.0214205979719013,3.067752800365439,-26.94004795427209,12.932702552116352,-65.78730702707114,8.869952858838175,52.30010828732858,-0.1761766651357532,0.308020356217576,1,1
1796,-0.0443478069333439,0.1730943445546753,2.0214205979719013,3.067752800365439,68.29693204718032,14.145192061046757,-87.50816662847919,83.75380681304503,-2.803380558708483,0.5352220142048993,0.8042249877078129,0,-1
1797,0.102929280033379,0.1457979758560388,2.0214205979719013,3.067752800365439,85.68479396960495,14.470087910669946,-83.4298626712379,37.4461274296406,2.0753165495729604,0.3226499847139401,0.8722897298460219,0,1
1798,0.2058702142239729,0.1024773994549831,2.0214205979719013,3.067752800365439,3.124075100309824,2.352936635083708,-5.9523686281691965,-4.903233080528906,5.838531102624799,0.0717055193939218,0.1296322280801908,0,1
1799,0.2514327962873455,0.1760486839829169,2.0214205979719013,3.067752800365439,88.47812730888819,20.455552069887545,-78.25970137817822,31.47235309694409,-8.003641111681219,0.6683110558982496,0.7516568661793982,0,1
1800,0.1053527022205381,0.1263554267318083,2.4578938558004,3.4873681643987795,46.562807821797634,2.2076441547186505,-16.164315540634107,-24.535696326272884,2.7686031514787715,-0.0875662090994628,0.2191449628706199,1,1
1801,0.2010051653953385,0.0132397576977218,2.4578938558004,3.4873681643987795,-23.77673334543691,-0.227428387334811,-5.99750720606383,-5.109923420813757,22.012725760323605,-0.0098075593430078,0.0214458383839311,1,1
1802,0.0440412391060496,0.1299266271152258,2.4578938558004,3.4873681643987795,58.15587061562931,16.02567298943478,-45.61781158142634,-50.69397924719205,-0.8631072170863376,-0.2197995313649172,0.2259575511268791,1,1
1803,0.0102962678432007,0.0604296782711613,2.4578938558004,3.4873681643987795,21.8909602840824,8.68033364430434,-62.87686092192386,6.215909265870437,26.268187927819213,-0.1594225797094932,0.1611870850352909,1,1
1804,0.0528405355242215,0.0360068159037034,2.4578938558004,3.4873681643987795,-0.076355650504567,-0.6611042129427886,-17.263944121992722,5.926993528919169,16.338353860785148,-0.088324477346621,0.1009230850749718,1,1
1805,0.006675540528893,0.0775669289705555,2.4578938558004,3.4873681643987795,-10.449779978546744,1.4118239692138417,-52.50070863736928,65.25798344708383,29.25953445663336,0.0167501985072066,0.129296484192473,0,1
1806,0.3369812790151919,0.0641452776892134,2.4578938558004,3.4873681643987795,10.689155403097146,9.693941705525958,-35.09171295586209,-42.354006608695016,28.000870514192258,-0.0762218033599294,0.141781388528953,1,1
1807,0.3235154696923507,0.0636124374210984,2.4578938558004,3.4873681643987795,-34.005569302276385,7.354237136329317,-66.63070532438472,28.292108566355893,57.08619884442672,0.0063050125425824,0.1013372129020501,0,1
1808,0.4518500444899929,0.0823627368564316,2.4578938558004,3.4873681643987795,-53.6496810256419,5.366679814226245,-28.194792750650137,-21.748530930716957,52.24520907082774,-0.0954468966294316,0.0642365628941703,1,1
1809,0.2587856096752151,0.1075521707969825,2.4578938558004,3.4873681643987795,-73.29719796624366,1.1630097678221745,-98.74212061023697,93.41204614260889,92.25906664702237,-0.0878537651400092,0.1551153045203813,1,1
1810,0.0812924548681711,0.0478574525621634,2.4578938558004,3.4873681643987795,18.094908536783976,-0.1680855806600192,-3.5278506517276327,-18.466985441527854,4.468140106141021,-0.0799093777864696,0.117500883270223,1,1
1811,0.4204472170606431,0.0945613471040391,2.4578938558004,3.4873681643987795,-32.292560755300585,3.592222566375725,-56.23664242706781,-2.3518299284203863,66.36617475915477,-0.1258723560820629,0.161020526296266,1,1
1812,0.2494715089959572,0.0635444667775447,2.4578938558004,3.4873681643987795,-6.169657596620425,-0.5168506343475912,-7.735369694702797,-29.717275315734824,25.70449974758506,-0.125199473401796,0.1163018342401314,1,1
1813,0.2906746738637332,0.1048427387530094,2.4578938558004,3.4873681643987795,-53.38246641955813,2.5097247940816203,-85.64124314769956,65.33121766932251,79.5749905277184,-0.0711070816866584,0.1591635352940513,1,1
1814,0.2892897560018688,0.03752911244047,2.4578938558004,3.4873681643987795,-10.630585014724048,7.651118217536748,-29.21027195614407,-25.68153059562792,28.84883607073212,-0.0810524217903272,0.1025894941547287,1,1
1815,0.1364716254388935,0.0298425755985173,2.4578938558004,3.4873681643987795,-64.12793336655578,-4.998248685479666,-17.321861179434563,52.35509448845988,39.01511161425327,-0.0811253099037976,0.0881861413329069,1,1
1816,0.4606243037675626,0.0866248986883065,2.4578938558004,3.4873681643987795,-58.95944634536052,12.523463191128243,-89.50258488305299,25.140446814772588,79.7851190404248,-0.1103541536589408,0.168801366657256,1,1
1817,0.3447599906037499,0.0340854705409244,2.4578938558004,3.4873681643987795,1.894937274069747,6.140364390715831,-19.72095928412712,-49.41444830862811,27.409847130680333,-0.0854927341678028,0.101773942426544,1,1
1818,0.2168421456551774,0.2472836846266956,2.4578938558004,3.4873681643987795,-27.54888394873313,6.405610909108802,-21.953655862984164,32.860984627507264,14.43276269390796,-0.110732303359128,0.3253485180505476,1,1
1819,0.2820165385619484,0.0367453015943417,2.4578938558004,3.4873681643987795,-52.97994537220918,6.369409652403874,-78.87404195655623,50.249792547310136,69.11428907498572,-0.0229870216042718,0.0787428235778573,1,1
1820,0.3582861755932112,0.0570610939109879,2.4578938558004,3.4873681643987795,-63.0395346153396,-4.342372914593568,-13.86179425062545,13.06902286272384,51.74059551734004,-0.0891685083976961,0.0926930315311012,1,1
1821,0.3935238271436151,0.10957935324066,2.4578938558004,3.4873681643987795,-31.958072597110657,-2.932667535952333,-2.644909587820905,-13.150737095056826,36.36527698370554,-0.0612621289870244,0.1434401528895023,1,1
1822,0.3735100395534098,0.0895908936404411,2.4578938558004,3.4873681643987795,-18.15783819661625,7.964558579500647,-42.61166252315349,-35.143491332767,47.30043511240396,-0.1460226564355956,0.1105260194509269,1,1
1823,0.0179469032358579,0.0724054268382113,2.4578938558004,3.4873681643987795,-6.397911353774319,6.61078736834304,-62.96167605260147,26.872724852141246,35.57186077165619,-0.130169486045426,0.1041256568048473,1,1
1824,0.1809313287649426,0.1325204711725591,2.4578938558004,3.4873681643987795,49.97593256985488,16.4935741283507,-72.98450094374705,-21.039638463791132,21.67569745919147,-0.0961261766074659,0.2526871371881877,1,1
1825,0.4680538966793536,0.0849353243670471,2.4578938558004,3.4873681643987795,-17.927925598291864,-0.4100516318818137,-0.8650993655085131,-52.1115177271382,36.9064706802788,-0.1032472550926562,0.1280727343332122,1,1
1826,0.7963325192471632,0.0905090931047529,2.4578938558004,3.4873681643987795,-89.04369645859566,1.8415146156768716,-24.476963411360728,-35.09838703658919,83.96675804723117,-0.0045151247586156,0.0139573655168795,1,1
1827,0.1136648147158864,0.0689812150869168,2.4578938558004,3.4873681643987795,-19.34068428900224,3.897165589913328,-12.83493510170527,-5.075569062761005,14.60865809231568,-0.099557652304174,0.0690112112365516,1,1
1828,0.0222815509122346,0.0521628908353554,2.4578938558004,3.4873681643987795,-52.85749324925935,-1.0841953863356366,-58.30100822408615,93.86763748781884,47.43271160772966,-0.0174027428449294,0.0983794551439336,1,1
1829,0.1362612994131245,0.0335867125605794,2.4578938558004,3.4873681643987795,-80.69101147288251,2.1925771279827586,-53.3381597370052,76.1329279912816,54.33938471965181,-0.1146913390543773,0.1131120078217937,1,1
1830,0.2317459296195837,0.0581799506404701,2.4578938558004,3.4873681643987795,-21.41749911778936,11.151199066525493,-70.67761504951064,15.829902889965195,48.0816836052978,-0.110497959293325,0.1483286518163458,1,1
1831,0.5240066416282236,0.0790841085990432,2.4578938558004,3.4873681643987795,-50.25141585891306,13.876477415323592,-81.96080066443834,-9.442688610332368,78.26948927781231,-0.1713855439307427,0.1723134077144812,1,1
1832,0.5695308364311816,0.1270369493734832,2.4578938558004,3.4873681643987795,-94.38841315892364,-2.61060976652054,-2.971378486176036,6.319168707237026,58.87854020492634,-0.0965900467456161,0.1502903367240295,1,1
1833,0.3018635273615558,0.0451297581636461,2.4578938558004,3.4873681643987795,-54.29398443844118,6.851433194685754,-71.74680378440891,29.271887929290585,68.34173952362693,-0.095483162675662,0.0764569720024209,1,1
1834,0.0449788027857742,0.0900085701333833,2.4578938558004,3.4873681643987795,10.815928083265504,4.589994195123268,-21.286362521364936,21.63557486700607,1.0979581797328135,0.0149007536023446,0.1556378487184239,0,1
1835,0.5648692109736394,0.0708449645288743,2.4578938558004,3.4873681643987795,-74.8721980226618,5.667648970956236,-49.53535143595966,-7.054017031895981,77.27560817257043,-0.0768700855144059,0.054544731077648,1,1
1836,0.0023762524465365,0.053090159970608,2.4578938558004,3.4873681643987795,-52.61549343113625,2.3336342761629965,-57.709916171806384,90.45603589652605,39.91379867585192,-0.051338276433255,0.1284853052924202,1,1
1837,0.4674249518018873,0.126282508188997,2.4578938558004,3.4873681643987795,7.480519778578127,15.64843998585657,-63.12296829170239,-44.93404655181785,45.60855186582998,-0.117932328469885,0.2197795123897724,1,1
1838,0.3309160797714466,0.1222592574170863,2.4578938558004,3.4873681643987795,-2.567545776518159,14.17623209423678,-50.59148904242255,-29.96667669006095,33.09426224136135,-0.1539163607923916,0.2060144046327243,1,1
1839,0.3722146104243899,0.0648430545010343,2.4578938558004,3.4873681643987795,-74.40720286687028,-5.872114596329126,-0.0061029924745241,15.560806339062252,47.043830231987215,-0.093926087739528,0.1050488638983653,1,1
1840,0.2610527089057516,0.0329165509860512,2.4578938558004,3.4873681643987795,-86.29765123901123,3.101606012019872,-73.19597974701388,80.14721642816193,74.52673756923372,-0.0383663564422074,0.0788429637300942,1,1
1841,0.080198452492855,0.0801462896450941,2.4578938558004,3.4873681643987795,45.24422212831786,11.752205851534184,-49.98911430799093,-27.7489280218919,11.798754900121637,-0.1373454196339785,0.1893385255506857,1,1
1842,0.0999616064775013,0.1564444426029274,2.4578938558004,3.4873681643987795,84.30342323746723,12.13130706574674,-67.96490252657875,39.47909113693194,-2.7138362575609136,0.2448177119161836,0.3080254331915672,0,1
1843,0.1175525633835765,0.0935016420455715,2.4578938558004,3.4873681643987795,-20.13972296137716,1.0562942553914922,-46.36877711702566,21.061642092983163,42.74238578087454,-0.143501275575062,0.117438778509397,1,1
1844,0.4617301266918215,0.0886398654055622,2.4578938558004,3.4873681643987795,-65.8866104067311,11.917783585565587,-98.93726255054328,43.83215541271332,86.86127095481035,-0.0711189933676427,0.1633514995156821,1,1
1845,0.2807994664700767,0.1191123481535633,2.4578938558004,3.4873681643987795,-40.58117697073942,13.779326579383252,-81.50471091233044,27.57691901099741,57.21255460918647,-0.1677502123225806,0.208673499322305,1,1
1846,0.3872889281790433,0.0854830883313182,2.4578938558004,3.4873681643987795,11.348746769133015,8.576895490546036,-43.24897971700125,-40.76468684321788,38.33743695941448,-0.0886193174511039,0.1714426550703088,1,1
1847,0.4248780011565475,0.1214782591238349,2.4578938558004,3.4873681643987795,-86.15908365207743,1.7780599922510305,-85.54239763199327,85.8388235545795,92.03864070933729,0.0182953209452933,0.1392084291344157,0,1
1848,0.1048382806240604,0.0363658952813854,2.4578938558004,3.4873681643987795,-3.1332264084518897,7.822278044085579,-45.14159548261552,0.989543201447546,26.32133761143289,-0.1094005795124218,0.1015219072678282,1,1
1849,0.5936984976377273,0.1217138430036898,2.4578938558004,3.4873681643987795,-98.59180267870538,6.965575491149494,-71.11080260773952,41.49541358535535,90.1512688061045,-0.0654883806610489,0.1604571731160126,1,1
1850,0.3530082508135769,0.0521491139096966,2.4578938558004,3.4873681643987795,-44.03384297399791,2.514166978555025,-53.10848875642344,16.018387105062644,63.15135899840652,-0.0771274762835169,0.1030640731039748,1,1
1851,0.3321119208423694,0.0751524669477862,2.4578938558004,3.4873681643987795,-17.269150768413866,13.311876185845987,-75.82590493852376,-11.567755824070176,56.69756990715916,-0.1778746988301026,0.1714400280771204,1,1
1852,0.0812156610904324,0.0516623529522286,2.4578938558004,3.4873681643987795,7.303922717011503,-0.3067930248812729,-12.87194822004551,-0.7647609185992081,12.020497332904997,-0.0632958321843656,0.1149209345258236,1,1
1853,0.2916391268080054,0.0352551997788281,2.4578938558004,3.4873681643987795,-85.87299827223127,5.749142499813729,-95.0600324802545,74.12879123760823,89.81188602507311,-0.0691631453734109,0.0529779322469455,1,1
1854,0.499843737050067,0.0774884468084414,2.4578938558004,3.4873681643987795,-34.5601351067955,7.896500650762775,-56.58566830183804,-8.723164434339495,62.91280604056291,-0.0204115477338601,0.1122409004744485,1,1
1855,0.4050442845385548,0.0229857133095409,2.4578938558004,3.4873681643987795,-81.41874373687452,2.5526360595045787,-59.14091395622815,40.22191831230765,76.9318301253605,-0.0055000988498913,0.0163200922143793,1,1
1856,0.1669222255118065,0.1610137864160334,2.4578938558004,3.4873681643987795,93.988244167942,9.174875603050609,-6.647018963687344,-37.174403738087406,-30.561900941728368,0.1914311876980739,0.2292407475061483,0,1
1857,0.3123529671061167,0.0290791498280169,2.4578938558004,3.4873681643987795,-41.44651938186339,2.3270444739080745,-43.11741429236313,8.760140435959656,54.565723941020025,-0.0728530964231028,0.0691133619380649,1,1
1858,0.2066199150989169,0.0600685005931431,2.4578938558004,3.4873681643987795,-0.2209751910856425,4.167318192835225,-40.07241062771944,0.4864196193456536,32.35796325231888,-0.0505476760469245,0.1258496941352043,1,1
1859,0.1999640426968352,0.0896396997850347,2.4578938558004,3.4873681643987795,-62.19039969624423,-5.103268753982235,-19.291828537481532,34.81358063442892,46.70740125915697,-0.1044270810637639,0.0713637626300271,1,1
1860,0.3183572070149921,0.0278846894233221,2.4578938558004,3.4873681643987795,-31.031033508630827,3.332697033080961,-12.740625873837857,-17.636085924149498,29.999270948494114,-0.0406708767661295,0.0572599761692493,1,1
1861,0.1702221736012147,0.0192298170570387,2.4578938558004,3.4873681643987795,-33.56229871008291,-0.0679936181190044,-22.381169401791997,20.402736844960472,31.54278427000574,-0.0074737478780332,0.0328291822986352,1,1
1862,0.3165140386668913,0.0657407324929175,2.4578938558004,3.4873681643987795,35.47493367402427,9.563200978082392,-11.73791576557241,-76.09867726889601,7.59339616240824,-0.0914315775893731,0.1474428600741216,1,1
1863,0.0119385504946776,0.0328700052102458,2.4578938558004,3.4873681643987795,34.640884897816704,6.126466908167757,-19.551136038192357,-21.55794691194737,-2.445303547371381,-0.0676539822799612,0.1033951750287287,1,1
1864,0.4939937082163516,0.1045927726643588,2.4578938558004,3.4873681643987795,-60.00876840266351,6.695470392721376,-22.026478807776243,-19.74788915491372,47.51584248570808,-0.1376106638030819,0.1556913382157703,1,1
1865,0.2971278113365733,0.0778563434423682,2.4578938558004,3.4873681643987795,-60.254959881751226,2.0722284620319726,-81.58046512461148,51.55021529841181,82.96331980434715,-0.1387238873259677,0.1364169637011024,1,1
1866,0.1070829290884555,0.0386159686003786,2.4578938558004,3.4873681643987795,-22.71910428296971,9.96038526372665,-75.60720563603529,33.96047850243289,46.31856255785067,-0.1271872131649121,0.1255977242153033,1,1
1867,0.1807171224518588,0.123137069696606,2.4578938558004,3.4873681643987795,5.10238557917144,3.148433370779188,-52.13169301695038,0.136017867216907,41.92823091958766,-0.1812284130911517,0.2078609884684759,1,1
1868,0.2220626728861012,0.0993410324653878,2.4578938558004,3.4873681643987795,-15.482331377220037,0.5433112759291987,-42.351812168531545,13.37488399170077,44.409446717418575,-0.1179205629717068,0.1688840617676843,1,1
1869,0.1201225250434119,0.1168641679265039,2.4578938558004,3.4873681643987795,43.96254809492791,13.958827281685911,-81.2666454571623,5.007882776974455,27.477378897178824,-0.0671723681454521,0.2371648483641885,1,1
1870,0.2878910120794027,0.0713722893027022,2.4578938558004,3.4873681643987795,35.77114377103865,10.355720661741842,-29.909095040568275,-63.11035623455792,16.96614536639251,-0.1253508226961463,0.1741595581557486,1,1
1871,0.0476022305946168,0.063080793093744,2.4578938558004,3.4873681643987795,-29.06184429441416,1.0710170814398907,-48.48753537833864,40.68389871481199,40.32382552469343,-0.0899433432468497,0.0635127751370765,1,1
1872,0.1782590464860861,0.0680379975710664,2.4578938558004,3.4873681643987795,-91.41543128501787,-3.225544211030808,-35.87551328808634,70.55125502946404,57.361285373519536,-0.0906018382693581,0.0594362094859668,1,1
1873,0.4982199649046516,0.1671417381908678,2.4578938558004,3.4873681643987795,34.80827722701133,17.949015355762697,-78.56491154026652,-56.31106534489696,48.32646820977135,-0.1275108457669253,0.2850099680345088,1,1
1874,0.2072345340012089,0.0784430817648837,2.4578938558004,3.4873681643987795,-57.51544382130944,-7.262611312170591,-1.6854211545626183,34.003749555372366,35.239169688502926,-0.1084166628630203,0.1398575460449058,1,1
1875,0.3337360725839913,0.0919096003159444,2.4578938558004,3.4873681643987795,59.38276259252581,8.724699164362335,-3.020177501149533,-98.03245813620596,-0.2677511241431176,-0.1062249706192924,0.1891973777475179,1,1
1876,0.0774089380623281,0.1904885841412275,2.4578938558004,3.4873681643987795,33.39933556976058,7.246142783505633,-38.54009403644775,50.93896967519174,-3.511188599725571,0.0839514374456095,0.339150464519809,0,1
1877,0.1366584374771152,0.1569571003864518,2.4578938558004,3.4873681643987795,87.97742496664088,17.538530163334514,-60.52566082584063,-45.36310160395027,0.3591829300779778,-0.0792361571632526,0.290282243638032,1,1
1878,0.4071561726423102,0.0642439710996106,2.4578938558004,3.4873681643987795,-34.82527922396368,5.219186112095045,-53.223174142066895,5.395077692932276,59.006029604859975,-0.0202081704164356,0.0982291167211875,1,1
1879,0.4065410086052731,0.0993608755678791,2.4578938558004,3.4873681643987795,-11.046179984253328,9.167631447179929,-22.702613060490165,-60.1701472149456,32.8756041745219,-0.1475948906340475,0.1139387586908189,1,1
1880,0.6701994989789981,0.1423883700583882,2.4578938558004,3.4873681643987795,-54.85544458393585,10.803607784175966,-28.098025186786582,-54.952224969525766,57.124749888297885,-0.1637701817580206,0.1768986037892551,1,1
1881,0.1600756453533431,0.0336973519115072,2.4578938558004,3.4873681643987795,-8.248354103516277,5.341184192152326,-47.968523603468086,11.558323883552973,34.98392191371954,-0.0535623871032592,0.0961344559658751,1,1
1882,0.0078708274080351,0.0936209581660231,2.4578938558004,3.4873681643987795,59.56686336608041,5.623102392356444,-18.451514429462208,-6.284656181710105,-14.665171224804595,0.078614846561302,0.1493034983801213,0,1
1883,0.1977026847117851,0.0695310147782759,2.4578938558004,3.4873681643987795,8.306842301553246,11.564102118532134,-73.82777954617264,-2.60041610043254,42.94623223230028,-0.1417896185552292,0.1790976365571495,1,1
1884,0.0569270887198921,0.0668755960324217,2.4578938558004,3.4873681643987795,-39.59718298591184,6.360598719534821,-64.63915824117973,70.54221654685352,39.71127759594694,-0.0613389853241831,0.1459041049702094,1,1
1885,0.5016628838940456,0.0948640784401154,2.4578938558004,3.4873681643987795,-40.80420179681599,9.359129708744746,-31.167109856142844,-33.77213285211052,46.78287530518651,-0.1230747427052989,0.1502860970821675,1,1
1886,0.0538832633802685,0.0344609437461605,2.4578938558004,3.4873681643987795,-10.503280508389494,6.155265498503624,-35.33070473727028,17.718765960762767,18.20042468356762,-0.0745753928489061,0.1000490538873506,1,1
1887,0.2275121479311969,0.051166227183001,2.4578938558004,3.4873681643987795,-20.74745804202223,5.041991913944031,-63.74057235118703,16.089188271800097,54.42194463486212,-0.1229325188361992,0.1343881958868422,1,1
1888,0.1866347038067214,0.0637218234108843,2.4578938558004,3.4873681643987795,36.56387964378212,7.002472372409073,-4.711594570998642,-71.21694436657431,0.8069459718121834,-0.1396175539234124,0.1199174300174096,1,1
1889,0.0875183042294419,0.0941918835690281,2.4578938558004,3.4873681643987795,-45.45888493799117,8.44381357149588,-58.85423262426562,52.33391701757927,38.03077438632255,-0.1587022181492456,0.1806105159071421,1,1
1890,0.2944373824291335,0.1784112825432595,2.4578938558004,3.4873681643987795,31.75438454669748,10.978650472822338,-17.33908804992035,-91.24996803430798,13.50712902018074,-0.2265283792347843,0.1577931094993193,1,1
1891,0.0628778833582568,0.1527496186497883,2.4578938558004,3.4873681643987795,69.80779320958626,12.35463261310008,-83.01029788696444,68.49266446015062,6.102530244207102,0.2419926513980832,0.3218305403571269,0,1
1892,0.2088210916428378,0.1109477041778516,2.4578938558004,3.4873681643987795,30.140820251607465,12.750682553620578,-78.07283970347908,-7.452323302358764,38.16783835766492,-0.1135596618808127,0.2288015494331391,1,1
1893,0.126616614092799,0.0240114674211331,2.4578938558004,3.4873681643987795,-57.80784845570695,6.871511173187855,-77.52792865439358,67.92838131445984,58.80813975183062,-0.0907496856927947,0.0978787917331499,1,1
1894,0.114418719935529,0.0958867630937081,2.4578938558004,3.4873681643987795,-19.58723158744435,-3.276294419494505,-25.993660674374222,29.32652047912697,32.28720240505356,-0.1095143975829621,0.1608858026968794,1,1
1895,0.4079972625124046,0.0498115973603576,2.4578938558004,3.4873681643987795,7.648955543921815,9.219637475995969,-19.847967182051136,-72.28105624875579,26.953544964787028,-0.1315623084300733,0.128650585890677,1,1
1896,0.31380267121144,0.0510830412848511,2.4578938558004,3.4873681643987795,-7.801816620179139,5.558678923149273,-26.26067620637565,-20.64665391128146,29.384798378881243,-0.0068221633239489,0.0817678109608907,1,1
1897,0.0393072575696298,0.0689021612142596,2.4578938558004,3.4873681643987795,4.915412662376653,3.4302603577656754,-16.478209232581904,18.229989554592805,2.0877499787734166,0.0032518588602837,0.1238286124962443,0,1
1898,0.0674373634122753,0.1443226531544238,2.4578938558004,3.4873681643987795,-41.8987435514568,-8.539439717372872,-17.039826360122674,57.53785340089533,34.78708293917515,-0.1539975042719609,0.2035767728511437,1,1
1899,0.1512278978388651,0.1108150674445777,2.4578938558004,3.4873681643987795,36.97429780921601,1.566539005583394,-1.7522409056728918,-18.577920050883307,-4.533489978349962,0.0273187754385072,0.1749144639590806,0,1
1900,0.1585047896988918,0.1305700096130714,1.9316863821678008,3.010182037802922,95.77350887172688,22.794146311456416,-93.44011249992778,37.51628948607697,-6.657766784790795,0.7147642537088723,0.920896659363982,0,1
1901,0.8142151830809984,0.178528711487891,1.9316863821678008,3.010182037802922,-58.09569885753714,7.080602663331149,-69.32197713042339,22.866582941464443,80.37289839996993,-0.004072484208958,0.1572535026835186,1,1
1902,0.4771029100771993,0.251742514751604,1.9316863821678008,3.010182037802922,6.9731001055781405,13.282511492683156,-46.97291818457279,-12.065809185460964,27.81896335537957,-0.0147166709343375,0.3869986693500336,1,1
1903,0.4425870050918067,0.2210030176682643,1.9316863821678008,3.010182037802922,-6.175255274953344,8.047563712306768,-55.43261420239433,6.439859533016872,42.47018540163742,-0.0523290779958896,0.3384100383835629,1,1
1904,0.3627402313239166,0.1159486014111924,1.9316863821678008,3.010182037802922,8.440416122677206,4.65539839666755,-7.805007618471066,-32.241812479268944,12.054340777537972,-0.0678531244079578,0.2004161449964346,1,1
1905,0.8240141524158288,0.2164657105763432,1.9316863821678008,3.010182037802922,-64.4912960874833,6.616209311249747,-46.50368528350983,10.039813253281864,69.09224175493677,-0.1758704202577108,0.2204444666800173,1,1
1906,0.0710814107889654,0.1053780339362803,1.9316863821678008,3.010182037802922,89.61609664808913,19.811299658531794,-79.62537500382535,38.70443767930064,-12.781555852101832,0.7107895385255549,0.8034232387484221,0,1
1907,0.5929781169079715,0.1963362965179838,1.9316863821678008,3.010182037802922,-26.74978895170864,11.519848068589368,-69.27255394777092,0.3762347190103128,61.61587538220746,-0.2332246300542017,0.3058075158576548,1,1
1908,-0.0301352042874423,0.2249033115962123,1.9316863821678008,3.010182037802922,44.68384916964072,6.842829628739594,-4.422686454730567,-5.233098061788198,-24.84210805394558,0.1976446069247293,0.3400042277722361,0,-1
1909,0.2947369722084401,0.1786890280109448,1.9316863821678008,3.010182037802922,97.60612426972602,23.38291795649656,-61.78417416510312,-30.75150822259816,-12.54337993494903,0.2647667398969262,0.8783356368265012,0,1
1910,0.1671847137947497,0.1095984819038106,1.9316863821678008,3.010182037802922,61.07966994766315,20.80963438960164,-96.03849048175248,54.976150285797445,8.425395929852016,0.606256522539736,0.7668675511673022,0,1
1911,0.0356688462631958,0.1278972349324856,1.9316863821678008,3.010182037802922,-46.85855748378498,3.8885598468181257,-99.6724681323674,98.46837042103434,67.83481309027192,-0.0320756288701546,0.1719509548564197,1,1
1912,0.1319056131896435,0.1750872249177512,1.9316863821678008,3.010182037802922,5.226867966386365,5.515926644650619,-37.769489322437,-3.4892067043595745,23.36373688188256,-0.2583614934430344,0.2801000707152936,1,1
1913,-0.0552130555195754,0.1649872979771887,1.9316863821678008,3.010182037802922,13.632971445277237,4.211263587220032,-11.37718960942442,-1.944799783903008,-3.745102290926909,-0.0533372538023222,0.125016176260873,1,-1
1914,0.3116711322183831,0.2171414219268192,1.9316863821678008,3.010182037802922,-11.15314629284738,8.819807567265258,-64.24577392398639,52.7033086251885,35.22733828046427,0.1782714774811795,0.4335364741826656,0,1
1915,0.5266697154607416,0.2190775858458055,1.9316863821678008,3.010182037802922,95.27383508533362,23.231445728457373,-71.15046758063953,-18.73385152475132,-1.969138440676346,0.5186744655241335,0.960777006266919,0,1
1916,0.0351119111326017,0.0650755930933617,1.9316863821678008,3.010182037802922,66.84798165975681,16.008140332237943,-82.90437840511352,38.18541243902144,4.5244108789824935,0.3479524151264468,0.7565423039273791,0,1
1917,0.5668300012012089,0.213901883951355,1.9316863821678008,3.010182037802922,63.57460908479041,14.955099164963071,-36.53064579907803,-27.602176129758064,-0.5118832011707042,0.437567201869611,0.6667208518928928,0,1
1918,0.8367529665092174,0.1271665798785586,1.9316863821678008,3.010182037802922,-79.71605171505047,2.752414471393294,-68.3301503832258,35.11954237247642,92.47356916336815,-0.0422129004522574,0.04973611298517,1,1
1919,0.1098499675987306,0.2675450712817074,1.9316863821678008,3.010182037802922,21.0908795186985,10.946460544686287,-16.624734857051223,-19.9881916356091,-4.648084757974374,-0.163674836189517,0.3423133921124199,1,1
1920,0.0527860795557521,0.1496447275667795,1.9316863821678008,3.010182037802922,-6.202550833200675,11.487956292959424,-91.08420471027291,75.94198874032793,38.704180999516126,0.1702000466890069,0.3739183389022645,0,1
1921,0.4079796933319329,0.2037160256629696,1.9316863821678008,3.010182037802922,10.681796067606667,11.05187399511243,-36.69574059381257,-24.099435222533657,23.19199481921584,-0.1111983807761628,0.3336574246223898,1,1
1922,-0.0745870205295011,0.2144240090940392,1.9316863821678008,3.010182037802922,85.66134870118034,22.879724094780546,-87.4350118563323,41.98983128068505,-13.690733760574505,0.505119852223025,0.8178381425957054,0,-1
1923,0.0062925061449788,0.142811867036861,1.9316863821678008,3.010182037802922,-24.532503944234136,-3.228313285742203,-16.19853515473416,30.07659868648568,20.2788998972691,-0.1152911641697244,0.051137041654501,1,1
1924,0.4040500676380273,0.2104733465569207,1.9316863821678008,3.010182037802922,-1.761327660969059,14.051169353206843,-90.9568011381503,71.3092342827025,41.70194021640492,0.3173920818530809,0.6656458161123735,0,1
1925,0.3552901957486418,0.0755036134700597,1.9316863821678008,3.010182037802922,-60.31640028016661,6.44566353688505,-79.65251750249111,64.9266151731969,69.33131714838206,-0.1166685392820464,0.171446279680799,1,1
1926,0.4627470193064254,0.0988693631095539,1.9316863821678008,3.010182037802922,-70.28495647795336,5.585211695567779,-94.4258039241824,79.81045154484224,85.0182706650941,0.0152462223229413,0.1272765069858314,0,1
1927,0.14642689254341,0.1626737023280992,1.9316863821678008,3.010182037802922,-11.029881512276418,6.163882682103036,-60.4380726230452,59.38091765208026,30.848180724397764,0.1660442537306359,0.3315863255789091,0,1
1928,0.3620155766216595,0.1590871057616399,1.9316863821678008,3.010182037802922,-3.16669386715472,7.824450957700279,-38.939954538498064,7.661805993320357,26.270295050668025,0.0995140226278087,0.240512692169464,0,1
1929,0.0909442215195617,0.1537313890515511,1.9316863821678008,3.010182037802922,31.299509832305773,7.135918387530694,-2.3869870687523616,-21.97104204309457,-14.27598461917738,0.0520902139659948,0.2535177771495523,0,1
1930,0.0932984615478829,0.2072312257166256,1.9316863821678008,3.010182037802922,76.17573630855341,23.427492058020988,-72.39751402920072,6.528115493023833,-9.545400305276177,0.2542987521477968,0.7832620536915957,0,1
1931,0.0089569970082977,0.1257796894642646,1.9316863821678008,3.010182037802922,19.473258801156646,8.80937272306872,-60.893639449092,50.832035278363406,13.74107455893514,0.3229042965803644,0.3344976175926398,0,1
1932,0.7127295705415639,0.3315116455593828,1.9316863821678008,3.010182037802922,9.610951346577522,12.998439882730707,-31.49037699469541,-61.76186355276301,33.1355729542758,-0.2686500286829552,0.4070608948427412,1,1
1933,0.6566424498856942,0.1989105677253099,1.9316863821678008,3.010182037802922,40.09167367203392,19.820383054251337,-85.51214951737987,9.559482162166203,33.00851867263515,0.4303932610886645,0.7116570643205833,0,1
1934,0.1842730878384316,0.1606035766195941,1.9316863821678008,3.010182037802922,68.4957230035144,10.735752811045757,-47.80581266400097,26.654964612450343,-9.789150889194872,0.4620611046247702,0.8360373826429577,0,1
1935,0.565868342715486,0.3072993828910755,1.9316863821678008,3.010182037802922,1.569382980547445,14.72148192988172,-81.31495714746785,58.15516963404582,38.59590889396421,0.3223190118853128,0.7898694083012882,0,1
1936,0.0162901087153486,0.268361800315803,1.9316863821678008,3.010182037802922,33.62521875967283,2.5732997458328697,-36.04772887191068,60.53125877696653,-4.802248550750605,0.2300842330664573,0.8191057431011086,0,1
1937,0.6376700815748257,0.2323415202842221,1.9316863821678008,3.010182037802922,-48.98528337989874,4.663598809346752,-73.5551434013301,44.22781228951365,74.18382343454783,0.0535544625119537,0.2328631790904245,0,1
1938,0.4671567181206002,0.1623384948128661,1.9316863821678008,3.010182037802922,81.97429588968751,19.24186915705522,-58.233816925998575,-20.385450308875136,-1.4882542193881676,0.4064348652294142,0.8376778653682794,0,1
1939,0.8180847174703112,0.1181846958991509,1.9316863821678008,3.010182037802922,-54.74631119075315,5.80582275579431,-50.263733978775015,1.3921853420842891,71.48882406280546,-0.0859144930028238,0.1114868676647456,1,1
1940,0.5213825486682099,0.0810861163391705,1.9316863821678008,3.010182037802922,-63.11634185181638,7.222697287589469,-76.12237211739696,48.12262294640587,74.56315779665746,-0.1374427161015483,0.1652484508891627,1,1
1941,0.5382613898562352,0.095314085471268,1.9316863821678008,3.010182037802922,-10.453478625018022,6.445240939529896,-19.861752185515726,-34.39556174736644,31.18663485615187,-0.1716939479257753,0.1832761149948171,1,1
1942,0.0861946122900038,0.1773334793054573,1.9316863821678008,3.010182037802922,66.44453825160696,11.40080142587479,-68.93522387029846,63.91486422035365,-5.100088886942089,0.5329922673007744,0.9811731861434688,0,1
1943,0.3987649497723019,0.0886165069169482,1.9316863821678008,3.010182037802922,-27.57998014315433,4.750780966672579,-24.099084275671075,2.0781733226225185,31.551054330012107,-0.1126289436004017,0.1548227036665178,1,1
1944,0.1790735949130222,0.0877790206896512,1.9316863821678008,3.010182037802922,85.69056597368788,18.55932483515161,-81.60703947808787,17.24880822143622,0.440572596768817,0.3621954208298661,0.9289712941435702,0,1
1945,0.0724770748028522,0.2163061635613525,1.9316863821678008,3.010182037802922,-22.06918473418473,-3.764135852403072,-17.346750425993832,47.34392029352,17.857237121260212,-0.0840574234839468,0.3357649492246594,1,1
1946,0.3408590654494924,0.1574189129759086,1.9316863821678008,3.010182037802922,-39.89954778093263,7.825781543212784,-96.49526994906807,78.88086865835936,68.19222938001221,0.1794469134634122,0.2221878845752204,0,1
1947,0.6811212573535703,0.1471944670819995,1.9316863821678008,3.010182037802922,-54.593144113637294,4.684837534956657,-64.75631421107676,28.96410707624261,74.43944124156769,-0.0134203757402821,0.134357154442798,1,1
1948,0.0860916440058059,0.0468127190031057,1.9316863821678008,3.010182037802922,93.5426385290923,20.697412986815607,-86.1177663070955,16.835959089491865,-4.432576358714499,0.3440245783076993,0.9346080707646254,0,1
1949,0.3935484528573795,0.2090144837154473,1.9316863821678008,3.010182037802922,-9.158255522075692,12.593617198028468,-53.96526912402917,-6.422351966543772,37.84854498026448,-0.2336148107336015,0.3194497042091817,1,1
1950,0.4008281212561926,0.1345673666909197,1.9316863821678008,3.010182037802922,77.13433828083603,24.34055255893948,-82.3724616787037,-0.2253085054253034,5.15156733642867,0.4266935144031437,0.8492111438413236,0,1
1951,0.9909056500470516,0.2207970143611754,1.9316863821678008,3.010182037802922,-71.11387547320258,4.009154566815212,-62.67688304109449,11.10385827135704,92.19215657820244,-0.1000139796236691,0.1429823381130514,1,1
1952,0.382468232350152,0.1396257414507319,1.9316863821678008,3.010182037802922,87.54532266303613,18.701405937996785,-59.93434906928028,-15.522304156474974,-4.744615235099474,0.3826095103411392,0.8818137531007563,0,1
1953,0.3288864730133497,0.1243483210525148,1.9316863821678008,3.010182037802922,-53.86991346240373,4.29744985147515,-75.08427029527863,51.94415880866456,69.20062928891338,-0.141890933879779,0.0886220131987952,1,1
1954,0.4134580818821995,0.3411112692313122,1.9316863821678008,3.010182037802922,49.19460330505504,20.46852503931447,-56.240828729660095,-22.339265744962034,7.95748192979751,0.1018909222986228,0.6484719156175638,0,1
1955,0.2791856093201327,0.2916295309376371,1.9316863821678008,3.010182037802922,-83.99357089713983,0.7449060387834123,-75.88612204636141,84.24209156985705,78.15145053379419,-0.1745661842031789,0.0317448506102958,1,1
1956,-0.0305219382258514,0.1721773917806625,1.9316863821678008,3.010182037802922,77.42292636467056,14.14407705954271,-28.730470449455023,-8.264022615529768,-29.44670378018137,0.3407870137445934,0.530035176228751,0,-1
1957,0.0396020085067565,0.1266466335458166,1.9316863821678008,3.010182037802922,66.55805722518764,10.352429992191432,-12.955549846158576,-11.046338834939265,-29.437975663115097,0.3945978669591453,0.428583487070963,0,1
1958,0.7824205712275112,0.4539783643704971,1.9316863821678008,3.010182037802922,-8.946745328348001,15.87100341319561,-76.58185100558786,-26.60323790195017,64.67425018985381,-0.3127222994965186,0.5051136054253882,1,1
1959,0.0051487496984746,0.1744959287713222,1.9316863821678008,3.010182037802922,24.990684942802503,5.413165957908262,-51.72658993926458,68.41991232398541,4.601166925424579,0.2748774790962696,0.6886894469950295,0,1
1960,0.3652158929637423,0.1846806992211627,1.9316863821678008,3.010182037802922,-45.5677192371458,0.2490119472450089,-57.73105250464381,56.03777333513108,57.82554771395112,-0.0159835904960309,0.2213887649089109,1,1
1961,0.0670192032564603,0.0684090417374274,1.9316863821678008,3.010182037802922,-18.703608438561687,3.9607322881069393,-47.67289124590026,30.012006643245,33.294479320742994,-0.1350603620761766,0.1160056328056705,1,1
1962,-0.0274909411397179,0.2938390950071413,1.9316863821678008,3.010182037802922,54.08808391365071,15.62553368655503,-54.06916262464069,53.68779417795838,-18.184472359305477,0.2940387098760048,0.928317975328585,0,-1
1963,0.3591163561952986,0.180820405178665,1.9316863821678008,3.010182037802922,43.932258024022985,10.424939830926434,-30.151268654716645,-6.888733324692993,-0.517269127884461,0.3790571916970855,0.4731038856980953,0,1
1964,0.1422869336528837,0.1297909551264046,1.9316863821678008,3.010182037802922,85.39944618510751,15.390819839563676,-28.545582378199114,-7.747347994378501,-31.193556119561265,0.5620395487881861,0.6369438358097178,0,1
1965,0.2236978026310919,0.2505804621113656,1.9316863821678008,3.010182037802922,-30.146920796150997,-2.1711917723729925,-37.36118295551012,53.81877620695022,36.356212361349606,-0.0362169668398013,0.3421472756799477,1,1
1966,0.5411892783522828,0.283706505773175,1.9316863821678008,3.010182037802922,26.297270052873017,19.90621778913031,-76.55991523743322,15.370399122699157,27.35580996795852,0.2707772200175424,0.6813240892643748,0,1
1967,0.0959491601808644,0.1917539431101416,1.9316863821678008,3.010182037802922,-26.59806103834059,1.9284859453715624,-68.20493935494899,80.32906491036485,43.40241387145269,0.0817205154633712,0.3253505903450324,0,1
1968,0.0563107816703531,0.0335821751409559,1.9316863821678008,3.010182037802922,-33.67939622368806,4.682739936004722,-65.4975628736547,58.52254221800473,44.84533357310752,-0.0597453298153177,0.0973848274412739,1,1
1969,0.5710847122336666,0.2097584393844458,1.9316863821678008,3.010182037802922,-83.91667515570427,2.572191161516784,-57.15724522193636,58.973373732226094,73.39130427235466,-0.2622545863545101,0.269419624607743,1,1
1970,0.0333123487499292,0.0390089083355823,1.9316863821678008,3.010182037802922,-7.870167718839397,4.3858952085994645,-37.06198318426617,20.402473886115004,21.464629329853864,-0.0921026015201491,0.1206514035425273,1,1
1971,0.3751479721999817,0.1920193656336398,1.9316863821678008,3.010182037802922,42.14990001811489,10.844431057733956,-65.61340674073438,33.58540572097155,17.559768731173847,0.3904758858573906,0.7695573100455955,0,1
1972,0.3765186916197249,0.3349562331296519,1.9316863821678008,3.010182037802922,71.62035220603283,23.131180392998616,-96.55450119096751,57.5738959157182,4.757734441096815,0.7408249691370756,1.0711554449995262,0,1
1973,0.0345574757345165,0.2441566740888722,1.9316863821678008,3.010182037802922,35.18456897129042,5.602223315884487,-19.954176129339388,-18.8535808422446,-1.5029244220316116,-0.1631266021560772,0.3749300071776056,1,1
1974,0.488937227760555,0.0486066848559023,1.9316863821678008,3.010182037802922,-91.00760387170274,2.399563360840105,-96.38300413258806,91.2200514275562,97.64529739367532,-0.0331803827729583,0.0311474490902652,1,1
1975,-0.037233321560074,0.2304315129756285,1.9316863821678008,3.010182037802922,-32.392214293474225,5.772965586372209,-98.43249360049788,87.40730366729,59.27699823624784,-0.0923032853136595,0.2256110627315916,1,-1
1976,0.2738001034452063,0.134094511864139,1.9316863821678008,3.010182037802922,5.764907878955228,5.938380080173729,-19.17272702036685,-5.709791613060247,11.280869280509023,0.084518340579451,0.1939241564929134,0,1
1977,0.5955196241025281,0.2121128863990485,1.9316863821678008,3.010182037802922,82.1238683156497,21.041516857826807,-47.55625548400211,-41.388004092844085,-4.494655606954567,0.417186314530723,0.794295356135506,0,1
1978,-0.0048024946240526,0.0868519721493948,1.9316863821678008,3.010182037802922,30.71708677043887,9.87839184563451,-78.87627432147596,72.59750915818003,15.7365263100195,0.3874854832160153,0.5857222857347726,0,-1
1979,0.4415917489242182,0.1752634843073198,1.9316863821678008,3.010182037802922,20.608394567011004,7.99902110409279,-4.501750633934549,-48.17358610783968,5.150804119031704,-0.0234016641388978,0.2626750308754492,1,1
1980,0.0832569150938469,0.0484028791746623,1.9316863821678008,3.010182037802922,63.1339877006412,17.308677661885596,-73.42596404044139,26.914911158854423,0.5105132731438431,0.3909676584307942,0.6472778170117492,0,1
1981,0.5995983226430915,0.2423441829128862,1.9316863821678008,3.010182037802922,-14.74430647084546,13.0526027862025,-64.1440155446125,2.760870175538884,49.6670874003124,-0.0419805245523025,0.3573289083663043,1,1
1982,0.2289128495606409,0.2605667876889806,1.9316863821678008,3.010182037802922,-21.26771803412302,5.94639567989978,-74.64242040278388,32.67259227931825,55.71904283709517,-0.2859996558932826,0.3220478700631035,1,1
1983,0.2501067028996434,0.1745190064191006,1.9316863821678008,3.010182037802922,36.815711794582,17.033225252760957,-71.02660574401625,45.724952177274645,8.568825165209688,0.3565465008885838,0.779046332866668,0,1
1984,0.1125324930379574,0.0713822653722783,1.9316863821678008,3.010182037802922,-55.52310785707435,4.998028081888833,-98.61525885936544,98.0516849926708,70.6546511798073,0.026888968549357,0.1018065673316683,0,1
1985,0.0949271231531758,0.0855519378790346,1.9316863821678008,3.010182037802922,54.583366934782816,14.423131585374207,-52.84065298715757,29.47286264135101,-8.394440591991199,0.4383517781673032,0.6201316975628133,0,1
1986,0.4504096038944475,0.4005609701115104,1.9316863821678008,3.010182037802922,61.55893982051293,16.800084215812078,-70.51603277104397,48.84921312424751,1.804714160527652,0.6427303267026856,1.0922454647766613,0,1
1987,0.5188593264017214,0.2767564064123845,1.9316863821678008,3.010182037802922,-0.3450599760189874,17.21480545328285,-90.3586206837794,46.27167745510437,44.91154381957648,0.237094177517624,0.6200036458599929,0,1
1988,0.1212577447129547,0.2250530833868339,1.9316863821678008,3.010182037802922,47.98245906336288,6.196185328114055,-56.04110942528244,70.5270928844277,-0.7127575246594944,0.3800355954204844,1.032194890505573,0,1
1989,0.1208766484493212,0.1035251229834393,1.9316863821678008,3.010182037802922,27.56421432861646,14.017705754047997,-77.29019711584479,62.668785171815415,14.756524619462866,0.373045105518617,0.6348369954452735,0,1
1990,0.890728672569499,0.2282418175694196,1.9316863821678008,3.010182037802922,-39.79674580429966,10.54128227458635,-61.74458613031152,-20.477364914818395,74.56568053581668,-0.2676914680604349,0.2841788314042583,1,1
1991,-0.0107237087445969,0.0960668679961078,1.9316863821678008,3.010182037802922,79.4647600472378,13.07297470102904,-57.44349037296013,33.90941008823964,-16.42543849145946,0.4985686958617856,0.7787734123757948,0,-1
1992,0.2826956694782888,0.1502834267837767,1.9316863821678008,3.010182037802922,-37.259714790421626,7.862269021524611,-75.28333539908452,36.71674870323116,59.99861608936271,-0.2252926204924809,0.1824875109579401,1,1
1993,0.0300136055909757,0.1241360500151221,1.9316863821678008,3.010182037802922,57.762011095974174,10.13562700457409,-58.073312642615136,60.42875050806401,-8.542680460616765,0.4742253639929509,0.86456840865318,0,1
1994,0.2275954055430031,0.1185181300977991,1.9316863821678008,3.010182037802922,71.23164419982822,19.946263351484845,-82.87339827794668,33.06435233272799,2.1563223595793204,0.6207371239795001,0.7452848666168208,0,1
1995,0.1503131092486884,0.1865502041880209,1.9316863821678008,3.010182037802922,49.99689648206714,14.006235391613473,-36.47217116390848,0.3922137617805532,-10.010503426347723,0.2689324993668952,0.5151979011679082,0,1
1996,0.462122203501481,0.2847945301412765,1.9316863821678008,3.010182037802922,37.97967994786674,13.200930732573156,-28.422260127719028,-8.523296045756794,-1.0437536251607185,0.3121087372778681,0.6021340160491587,0,1
1997,0.5909052692629071,0.1461042545568974,1.9316863821678008,3.010182037802922,-51.33430359598836,-0.7113461525734408,-28.75453846272825,19.3056174544726,53.19723899934948,-0.0462274855065456,0.1302720599932597,1,1
1998,-0.0324325004905592,0.099713319776554,1.9316863821678008,3.010182037802922,85.12356524672776,20.72560722692296,-81.01664789188821,30.598339681233853,-11.32337534156666,0.4677504868979634,0.7659857815921765,0,-1
1999,-0.0462388517282101,0.1610387636411913,1.9316863821678008,3.010182037802922,39.45067698932144,12.12314645188968,-69.6225469449643,54.26818981561797,5.200641781800968,0.4348425444554782,0.4512685863047087,0,-1
2000,0.030732021950262,0.0094333675402957,1.6678666942165532,5.531167055040017,-22.748000396297385,6.005060475089039,-49.82586073042182,-49.12111889902771,37.08274601809123,-0.0448480132960713,0.0504313705620421,1,1
2001,-0.0005035699236539,0.0168137940542205,1.6678666942165532,5.531167055040017,-20.43146337222082,20.440741062253394,-79.05585570389508,42.319220012828,27.16924569792826,-0.0509002056076012,0.0582488678944144,1,-1
2002,0.2137143891403129,0.0081610000237337,1.6678666942165532,5.531167055040017,-74.63544506628925,19.438690333639457,-77.56063755320332,-97.9531619540262,78.94376936302851,-0.046657560800343,0.0517949413699823,1,1
2003,0.136746778347755,0.0149817434546479,1.6678666942165532,5.531167055040017,-53.556557817037145,1.89399535014077,-36.31639814306568,-80.19183506877306,56.50876592276464,-0.0366965544108911,0.0308565312078602,1,1
2004,0.040279597284643,0.0093708392547055,1.6678666942165532,5.531167055040017,-38.2669180292372,19.162968137472006,-86.61686539955804,25.03813430046162,43.86892174105154,-0.0492026876513635,0.0516482658926641,1,1
2005,0.1475576410202461,0.011473524998591,1.6678666942165532,5.531167055040017,-40.53418555546398,15.78057546910128,-40.05168447285327,-54.26307509975678,39.98455091109858,-0.0348849174588063,0.0446486784458453,1,1
2006,0.0050162941397023,0.0164319134699969,1.6678666942165532,5.531167055040017,-18.058582122105577,18.000460437046968,-58.13307525083458,68.37633548796481,15.059738459117057,-0.0558530041666093,0.0573996964391218,1,1
2007,0.2422841705773611,0.0069264861893679,1.6678666942165532,5.531167055040017,-68.66880004525883,-0.1807571254631739,-6.26747887548288,-61.82282697983688,54.86703941288005,-0.0158015255300663,0.0151056047956497,1,1
2008,0.2114913856853039,0.0144545771583407,1.6678666942165532,5.531167055040017,-66.04851331698336,-7.543822376699012,-4.613814693450607,-56.44352898203376,56.44447322389183,-0.0315037700236121,0.0296810586227691,1,1
2009,0.1746428093677625,0.0132101593394174,1.6678666942165532,5.531167055040017,-69.37135788742896,13.064206165492152,-83.93058068615352,-86.41876567199147,81.77096576627005,-0.0491838213161522,0.0605989360747502,1,1
2010,0.2284755930501921,0.0076104067242994,1.6678666942165532,5.531167055040017,-72.7310866308321,11.88352743291155,-44.86977062476263,-36.98299262730988,62.60353036855756,-0.0290842306592448,0.0331661393844037,1,1
2011,0.2150425167853921,0.0089034970559996,1.6678666942165532,5.531167055040017,-63.76492373771663,8.747084315667038,-43.26828655395409,-90.74984685220733,65.73433405987274,-0.0168623538022411,0.0289991849967768,1,1
2012,0.0965111119983043,0.0026982750278975,1.6678666942165532,5.531167055040017,-38.388685016483805,3.920059900730124,-35.45396018576088,-44.6441131666639,41.91777576937906,-0.0229386242064539,0.0242319043440877,1,1
2013,0.2879851647817126,0.025104018688296,1.6678666942165532,5.531167055040017,-94.24231614532032,30.088463284342424,-96.41003148022956,-87.57606027444334,91.86723691334625,-0.0692779054828543,0.0792223106698841,1,1
2014,0.0369922811216404,0.0097135590335722,1.6678666942165532,5.531167055040017,-36.912227632712494,5.406672053437305,-66.92637722568753,-26.531298618496805,50.02358457311468,-0.0517540955418144,0.0527753178554534,1,1
2015,0.1799130228042366,0.0122903756391147,1.6678666942165532,5.531167055040017,-61.599504643274486,7.437701951874658,-56.19040681069115,-3.9300555845916714,61.432816376629205,-0.0019383623997917,0.0225045701215238,1,1
2016,0.0227795086438286,0.0069212072677476,1.6678666942165532,5.531167055040017,-17.205734897049794,4.122398524909968,-38.93208611384764,29.33365519635663,22.472383563578774,-0.0085630699372876,0.0213753102292614,1,1
2017,0.0840117637041154,0.0051693082188753,1.6678666942165532,5.531167055040017,-25.803351176589544,1.6275852731788376,-15.503687929995865,6.760453153718117,22.653736743902414,-0.0003949290894654,0.0093356333519205,1,1
2018,0.0784020033667023,0.0015071453473287,1.6678666942165532,5.531167055040017,-58.36350327134707,9.547830913496284,-83.90541805833774,62.77530104856882,57.59873194362103,-0.0222755069919126,0.0231634123565585,1,1
2019,0.1320459617784717,0.0057484624255314,1.6678666942165532,5.531167055040017,-47.07836093381208,10.09640358216022,-44.84057035095061,-94.14830736223432,52.49316936333759,-0.0360007362372875,0.0338598854162984,1,1
2020,0.0319528294836802,0.016351030225493,1.6678666942165532,5.531167055040017,-4.807174820025708,-2.094913591512608,-9.862498234122016,84.75092544565624,3.4723314301084827,-0.0032671708752367,0.0333370621099532,1,1
2021,0.0020663641064146,0.0066258042137205,1.6678666942165532,5.531167055040017,-25.94677090418091,8.450937006237652,-69.16837723636705,28.4888491599728,36.14858515186884,-0.0328108346313353,0.0390418552007007,1,1
2022,0.2535836513801184,0.012184632604997,1.6678666942165532,5.531167055040017,-96.33655256893752,14.60462483010386,-70.64505524676896,32.53297807231178,77.46874884798416,-0.0495554112360125,0.0489110198696942,1,1
2023,0.098591297846096,0.0124314193149885,1.6678666942165532,5.531167055040017,-41.82383434474399,14.907679844514972,-74.52329224977734,-61.66819202744702,56.32295613547532,-0.0448308388013059,0.0587610572110088,1,1
2024,0.1506274624786943,0.0154021412206901,1.6678666942165532,5.531167055040017,-79.7379856758783,13.31787830383368,-88.30611092071248,17.7385687656638,74.78228374040333,-0.034828328243616,0.0272271721048569,1,1
2025,0.1006757433313865,0.006275072897426,1.6678666942165532,5.531167055040017,-43.57216473289187,8.83301556565479,-55.80446909115512,9.662797554937043,45.29522942942057,-0.0140963032882271,0.0249291911300356,1,1
2026,-0.0004254081159064,0.0089988202418332,1.6678666942165532,5.531167055040017,-30.514033059655432,14.91114619167466,-87.8176660156229,-0.2831721357681545,44.60131425248565,-0.0542643096033465,0.0547070967497741,1,-1
2027,0.1407429528211167,0.0075929953476508,1.6678666942165532,5.531167055040017,-59.45845604873976,5.902685245245422,-41.68746976774042,54.2198958055769,44.75699127895351,-0.0313286993773967,0.0289106351802853,1,1
2028,0.2126859708498834,0.0167666512359962,1.6678666942165532,5.531167055040017,-83.30043035416337,25.726380222042607,-93.92906987441252,-48.77559575398693,80.04841011237875,-0.0659808378124679,0.064322993376298,1,1
2029,0.0198913676601902,0.0074992398763018,1.6678666942165532,5.531167055040017,-16.006858318031504,14.1507069894065,-44.23391462122439,-1.6798657027770505,18.61502196814257,-0.0394503777927059,0.0387371757542811,1,1
2030,0.0915662452479438,0.0102491123973762,1.6678666942165532,5.531167055040017,-48.59180389361708,16.491807685791173,-70.06648456588123,8.537884332220742,47.0302822371259,-0.0440514935332975,0.0412606914192544,1,1
2031,0.0859604807740699,0.0045570390059617,1.6678666942165532,5.531167055040017,-39.95380599751617,15.398829347019287,-61.90927095085189,-35.78214909653312,44.58712902294138,-0.0407531716092282,0.0410903291508318,1,1
2032,0.1478051048018923,0.0128945712812653,1.6678666942165532,5.531167055040017,-53.315827219882486,-8.533339656230282,-4.094662063974766,93.82875016863022,32.036839323276126,-0.0445951430641676,0.0492954431929534,1,1
2033,0.1925255213792843,0.0215917148277194,1.6678666942165532,5.531167055040017,-77.09414328630746,7.079847717527727,-85.0037594928089,-42.60904988609637,87.6961554054484,-0.0393889356149683,0.0608026535904292,1,1
2034,0.0006986146936849,0.0150050807922633,1.6678666942165532,5.531167055040017,-10.371104497961014,18.603772393687866,-53.478977192137286,-40.72078423032064,19.85027470982685,-0.054909429301343,0.0522893772282302,1,1
2035,0.1871328581149725,0.0142400451750438,1.6678666942165532,5.531167055040017,-97.9036902357136,-3.1271282943367424,-82.00640414193036,88.70686564049731,88.71183848270243,-0.0247808833280316,0.0295416976224218,1,1
2036,0.1585101371090432,0.0053379145137714,1.6678666942165532,5.531167055040017,-76.01973504738726,5.140199701992643,-74.36455850806276,30.80497122019608,72.82737159425528,-0.0126272989611994,0.0178030835924684,1,1
2037,0.0645393884528145,0.0207236568802064,1.6678666942165532,5.531167055040017,-12.853385272909378,17.661268941183494,-51.09374405856527,-21.725037434593247,24.267350847965474,-0.0282059482214614,0.0573764706707633,1,1
2038,0.0760295382240751,0.0017266256792744,1.6678666942165532,5.531167055040017,-46.1971532643866,10.209324286873468,-65.73470743114694,24.066899300650263,46.63169895564417,-0.0244311745529157,0.0252840556460088,1,1
2039,0.1092902501900015,0.0135918469290496,1.6678666942165532,5.531167055040017,-55.477673009978304,14.8480794568856,-82.14467828635725,-95.88247354386247,69.44894117092605,-0.0641586458607004,0.0610237259380585,1,1
2040,0.1208644891222945,0.0102648833218904,1.6678666942165532,5.531167055040017,-46.827337692306735,16.083627613230078,-71.56802185859658,-91.21165380917613,60.27319315127005,-0.0499215159131922,0.0585339430226298,1,1
2041,0.0167419174768352,0.0044088335573311,1.6678666942165532,5.531167055040017,-10.265716206833943,6.447082583001659,-20.68634925601758,40.87149719976381,6.332647635498702,-0.0235499636384769,0.0265188080103918,1,1
2042,0.1216654374063999,0.0103909093485463,1.6678666942165532,5.531167055040017,-41.551167259169006,2.839194363885156,-37.45820662251128,-5.738638872955335,43.52443610030724,-0.005277522632398,0.022075321349972,1,1
2043,0.0333672631003266,0.0128141972714962,1.6678666942165532,5.531167055040017,-51.63414454770998,5.874020307399903,-95.7249224409356,34.06323772652712,63.90403407515362,-0.0525274937935526,0.0559582391852764,1,1
2044,0.2605899630704222,0.0107034018465176,1.6678666942165532,5.531167055040017,-89.35131027943717,5.827142736788346,-58.31081856873406,-47.27770041230852,85.0094470693692,-0.0083773765803247,0.0192364380743975,1,1
2045,0.0171215331941516,0.0132102105569357,1.6678666942165532,5.531167055040017,9.079184129436584,8.60153541231034,-2.610704198051096,0.3829355492377573,-7.880532401532875,-0.0215925792443019,0.0376875927320995,1,1
2046,0.1698109257268764,0.0091341333842585,1.6678666942165532,5.531167055040017,-71.45430104079742,8.86704168257026,-74.4947018404627,-78.61764730837749,79.8958404659839,-0.0470374565831106,0.0501337811238576,1,1
2047,0.0525642779186351,0.0162812350218812,1.6678666942165532,5.531167055040017,-18.71247767811465,18.01981487573896,-51.47967034271963,-0.0815767621077583,22.81843869202818,-0.0410626693556588,0.0541098461016789,1,1
2048,0.1243576772565646,0.0180460661917717,1.6678666942165532,5.531167055040017,-10.533445366206578,11.841280962075215,-12.4866138409552,-96.25284449127022,20.591195077411427,-0.0108524993821808,0.0421108494000854,1,1
2049,0.136770598310613,0.0240842388879073,1.6678666942165532,5.531167055040017,-45.96255900256298,14.746223614925924,-39.10131670612792,66.70166289744952,29.1856722442173,-0.0645443333847608,0.0710564464364399,1,1
2050,0.0505282351119391,0.008214416789681,1.6678666942165532,5.531167055040017,-29.28960039502715,11.350056782086426,-61.55380959923104,8.559321481503417,36.89438997974585,-0.0246392698420286,0.037106767976291,1,1
2051,0.1297401858216163,0.0063592516410659,1.6678666942165532,5.531167055040017,-38.2890967130233,-2.7354246659188988,-1.06807585705468,-39.44536152416762,31.66996427769979,-0.0127816408739689,0.0107965237832739,1,1
2052,0.1836266679744474,0.0235016508777931,1.6678666942165532,5.531167055040017,-35.97734746920591,5.703566787558884,-4.863571080395957,11.305771873410391,25.23282465073453,-0.0257381610738409,0.0536388057732943,1,1
2053,0.0224344528192643,0.007384689860933,1.6678666942165532,5.531167055040017,-2.251773656198864,-0.6338117247816513,-1.5637269651932115,32.47162630531375,1.0414808102324289,-0.0027613100180695,0.0167277406293015,1,1
2054,0.2108774646652983,0.0134833093253861,1.6678666942165532,5.531167055040017,-47.3969099566616,7.431721239386533,-2.7657755060268983,-49.20483459815388,34.797496845046766,-0.0322547422489558,0.0416658382396583,1,1
2055,0.0287342378381373,0.0081078887019957,1.6678666942165532,5.531167055040017,-34.2393016149164,6.903348571315519,-71.54790138914119,62.654797788434166,40.68896496900774,-0.0178449014758304,0.0309399491111691,1,1
2056,0.0334514525115473,0.0097631760225699,1.6678666942165532,5.531167055040017,-28.27116640319815,7.880060516736691,-58.67760314198139,-68.96433889263545,44.267359578176325,-0.0571505372873946,0.0568194615629706,1,1
2057,0.038801446953914,0.0091526129381084,1.6678666942165532,5.531167055040017,-35.630166551914684,12.939472210723096,-80.07884716832217,-22.405754603417066,49.68332068058615,-0.0488328952431709,0.0543839612294925,1,1
2058,0.1886013267702586,0.0095096367426537,1.6678666942165532,5.531167055040017,-73.36148800633902,19.365701376229083,-81.75141434721405,-23.54496518802725,71.17173062070546,-0.0431658660473684,0.0488210054593646,1,1
2059,0.1982526734892274,0.0105030240823415,1.6678666942165532,5.531167055040017,-98.79354273680552,-1.535262038046099,-78.13964336773711,57.06849395777138,89.59782775377909,-0.0235586930162285,0.0231330768392967,1,1
2060,0.2126728351012632,0.010586567843819,1.6678666942165532,5.531167055040017,-77.51778124343184,-5.4192523794710326,-27.26648833511369,9.053569452267425,64.32127711742163,-0.0239611282549851,0.0255327723190654,1,1
2061,0.131203324869704,0.0179712864808514,1.6678666942165532,5.531167055040017,-19.172149032970395,15.197228160302046,-9.24969970731847,-71.01507261823264,16.714853775557174,-0.0407837802447175,0.0529563649930211,1,1
2062,0.0074285524240829,0.0197469643523714,1.6678666942165532,5.531167055040017,10.981395953035246,16.835168483876387,-18.79048065120614,-32.71612443360938,-4.777678777054305,-0.0421698302175667,0.0555170654920626,1,1
2063,0.0861811467807647,0.0105116832111439,1.6678666942165532,5.531167055040017,-39.03803751669683,-4.178005906990606,-29.89856098498093,39.44054613670434,37.19002896353632,-0.0174659486246277,0.0282320091052745,1,1
2064,0.0004865761806089,0.0090208365551058,1.6678666942165532,5.531167055040017,-24.47029113973005,-3.4700138051433957,-35.70300463846033,46.56265455507588,26.26264886439141,-0.0276688012290815,0.0247088570159187,1,1
2065,0.0663836404209917,0.0084227289857514,1.6678666942165532,5.531167055040017,-42.12655341064768,17.9418459458456,-80.07050435148685,15.25364975846901,46.06032475075983,-0.0438875261451163,0.0478595210124477,1,1
2066,0.2022628812729266,0.0250355046434318,1.6678666942165532,5.531167055040017,-83.01113464372813,24.43144523777376,-90.28835922580063,-41.52608688953665,77.4516798928363,-0.0671240207470287,0.0595744700204069,1,1
2067,0.1045091824669796,0.0066130757800392,1.6678666942165532,5.531167055040017,-60.99799597763344,13.831383769959077,-84.24035514180117,3.62497507117709,63.02516984423329,-0.0379328819429902,0.0353656897691447,1,1
2068,0.1462065014958466,0.0210931296419655,1.6678666942165532,5.531167055040017,-47.973541984990106,-8.093488715727531,-5.817256955294667,-88.80941571256463,48.80453696560406,-0.0488846331845531,0.0450237300404604,1,1
2069,0.0604474009572463,0.0151900967104889,1.6678666942165532,5.531167055040017,-18.67172847880245,19.413539359594,-40.94335446183573,-67.80714250283069,23.199003634804384,-0.0550560655719667,0.0530473103612473,1,1
2070,0.0783638650842665,0.0178229345747933,1.6678666942165532,5.531167055040017,-23.993371268840463,0.955964369022837,-33.24057351621491,-34.03450164963925,35.93797527688517,-0.0266031625963613,0.0498990632006478,1,1
2071,0.0422018510880218,0.0252755868231775,1.6678666942165532,5.531167055040017,-24.73393591490789,24.433608960687263,-96.57939162152634,-34.60576911372351,46.156788510618384,-0.0579909738556961,0.0830238715181659,1,1
2072,0.1839018763767311,0.0035548937425401,1.6678666942165532,5.531167055040017,-70.42515230906139,9.127722599411657,-58.38646925142379,-58.722476846227664,69.8070077313742,-0.0255979206711781,0.0246624892595568,1,1
2073,0.0470689087782199,0.0072640250012805,1.6678666942165532,5.531167055040017,-41.22182025013665,15.18903007730026,-78.9884843961328,70.34140994475447,40.425691863614816,-0.0365104298100084,0.0406943503728491,1,1
2074,0.1435031937400168,0.0055259718746613,1.6678666942165532,5.531167055040017,-57.43693794935367,2.9480560122483865,-38.13489884781009,58.905221994366826,44.63801085246797,-0.0194942799804853,0.0244082517855924,1,1
2075,0.2199848874494083,0.0075392653144252,1.6678666942165532,5.531167055040017,-59.65883772212759,6.997559098015117,-13.31577244518934,-81.46680266373718,49.07472560463688,-0.0224549575905379,0.0202919972759319,1,1
2076,0.1120163675518189,0.0023332378021779,1.6678666942165532,5.531167055040017,-54.78196569852572,8.043183239041412,-61.27469407035421,23.891026558995577,52.35440343791814,-0.0150055281511185,0.0181176402118866,1,1
2077,0.0433542159130697,0.0021720096912977,1.6678666942165532,5.531167055040017,-33.32992620152906,8.286532728007657,-51.82326160298491,39.15974295619398,31.98251344052707,-0.0204630375160174,0.0197370910010698,1,1
2078,0.2480039388223425,0.0077971786132772,1.6678666942165532,5.531167055040017,-72.14317893311417,7.493144713714358,-21.39074706908316,-41.62519809001288,55.81353719739474,-0.033765537466721,0.0337694233033709,1,1
2079,0.0174342709014517,0.012749520410515,1.6678666942165532,5.531167055040017,-4.863558363283588,0.8812571802209135,-22.422184556590537,-28.108266467907967,17.517358436551618,-0.0256137906591105,0.0430097475754578,1,1
2080,0.1812520877898866,0.0128601191229321,1.6678666942165532,5.531167055040017,-82.0201745898789,8.321317297529077,-69.3360706620745,12.31641344243384,73.07694976770478,-0.0187775126185351,0.0128616034387848,1,1
2081,0.2897825834664602,0.0142191151480574,1.6678666942165532,5.531167055040017,-87.0032782974462,2.5572857330084844,-23.083301089353256,-8.071411983372556,66.70710629860307,-0.0299995441254263,0.0370637074235957,1,1
2082,0.0460309649483671,0.0054405676751482,1.6678666942165532,5.531167055040017,-23.055896757114013,2.851313876346381,-27.30485066193613,66.75269422732671,17.623493338795313,-0.011205082821619,0.0201631957494839,1,1
2083,0.0175410891151109,0.013755453170554,1.6678666942165532,5.531167055040017,-25.370152705447,-1.5863044058157951,-43.70280483536625,-23.032720211538106,37.720670559224,-0.0524642831314648,0.0546041335383661,1,1
2084,0.0703623449792065,0.0072712408897026,1.6678666942165532,5.531167055040017,-42.5891867684727,17.357025017480467,-77.78696630187875,5.312143312128839,46.85100151626301,-0.0432159384278855,0.0461827990685244,1,1
2085,0.0581596726158307,0.0046284322411547,1.6678666942165532,5.531167055040017,-37.58287039066006,9.96060479842997,-61.37396803230909,-25.332967152020288,44.87256978598873,-0.0369089135278382,0.035802414326382,1,1
2086,0.2357170625376265,0.0086808980037177,1.6678666942165532,5.531167055040017,-71.78490516929976,3.056622181683593,-32.05756824871793,-76.44295733168389,67.93121348426399,-0.0084490951149031,0.0161248523869133,1,1
2087,0.0907923989043939,0.0148418093012453,1.6678666942165532,5.531167055040017,-10.09884834009216,16.775603387999638,-11.461230967693552,-88.66484603972057,11.49354096239786,-0.0462357255316527,0.05155966695189,1,1
2088,0.0881677251802127,0.0049073337583202,1.6678666942165532,5.531167055040017,-24.934817789031456,5.462612722696434,-17.014698908001378,-5.682187959854289,21.306604452085097,-0.0125569330979613,0.0194954874485586,1,1
2089,0.1106238276929317,0.0094444792113969,1.6678666942165532,5.531167055040017,-29.17350934327642,-0.1801165280909629,-13.507636866284727,-26.85741743198425,30.133261574604887,-0.0050910220850248,0.019643619738779,1,1
2090,0.1326813844786561,0.0029266025525924,1.6678666942165532,5.531167055040017,-48.06267363990085,0.2978049874063657,-25.65018905590705,-18.84075896571396,43.836157034502975,-0.0078891811314974,0.0093081397976134,1,1
2091,0.2153240831872991,0.0077584488758762,1.6678666942165532,5.531167055040017,-91.76897894081355,7.646909134187041,-78.18245599403497,63.24677967778968,79.8718607741068,-0.0108077172438144,0.0195978928629747,1,1
2092,0.1926841395165785,0.0237536436938194,1.6678666942165532,5.531167055040017,-61.48137320570817,9.649016013447792,-46.87194243236736,85.37831772743479,46.571954809536976,-0.0355193060132204,0.0602173617108041,1,1
2093,0.0947176733591249,0.0157726709934871,1.6678666942165532,5.531167055040017,-27.55552896402133,9.4595283478574,-30.751594780043234,53.5271238999018,20.78250653502376,-0.0278499699627438,0.0463018528120587,1,1
2094,0.1032760178136584,0.0142148003733434,1.6678666942165532,5.531167055040017,-45.16714032439986,-9.811789052597549,-16.967217239634508,-0.9029368304247498,42.860583642443686,-0.0425862209920036,0.0431434909756137,1,1
2095,0.0045769156715896,0.0042657252694782,1.6678666942165532,5.531167055040017,-1.1130881185599435,8.482371012612404,-21.691102520458656,-30.632602097771283,7.975343346170831,-0.0225051741339709,0.0269295070135761,1,1
2096,0.1620110692589927,0.0089009455921203,1.6678666942165532,5.531167055040017,-53.21084101012888,1.3561516303733754,-32.24685306737206,-39.80154819343407,52.99058334683636,-0.012539421371293,0.0225879078129222,1,1
2097,0.1974615272644176,0.0025130766353889,1.6678666942165532,5.531167055040017,-93.29369858759009,7.04358809909256,-81.32424945776071,65.61942908587531,80.75626932142285,-0.012716205332319,0.0128338486380774,1,1
2098,0.1023336753659741,0.0081565774090888,1.6678666942165532,5.531167055040017,-56.12124160070595,11.676244124454117,-82.17423778053444,64.7618603149347,55.987083825574416,-0.0171796310001591,0.0308876513203886,1,1
2099,0.1310667946061496,0.0055098745863697,1.6678666942165532,5.531167055040017,-58.101085711695234,3.707052541347864,-54.0442220798757,-45.32901498566477,62.09036067700674,-0.0343015901512268,0.0342106203882647,1,1
2100,0.1380346839637495,0.0205631406200125,3.565042325487441,4.237187022381605,-65.74305585294806,-0.1194397104086846,-43.85223989067762,54.51402754565561,55.360658241423465,-0.0037994567633929,0.0364731186676947,1,1
2101,0.2318554060645544,0.022427012648542,3.565042325487441,4.237187022381605,37.6393764352512,9.10506889610548,-86.31034428212922,-33.077328585686345,63.04981208230586,-0.056667264911684,0.0775069710833914,1,1
2102,0.165532285956202,0.0614410672879679,3.565042325487441,4.237187022381605,83.31530879563616,0.8466700323846084,-41.92468676635799,-52.935265041746526,37.26086565810101,-0.109274613617503,0.1299289689470217,1,1
2103,0.0965043227090667,0.0200363725567833,3.565042325487441,4.237187022381605,-29.26341686743304,6.142564376072727,-63.49571162003574,45.04719426180003,42.66706515100498,-0.0104455023469273,0.0456358768310053,1,1
2104,0.2330941336438881,0.0103096719921341,3.565042325487441,4.237187022381605,-1.021116526179526,4.982679887107452,-20.985782191052564,-62.79633961016084,33.077668282351766,-0.0181891003472915,0.0287485766513321,1,1
2105,0.2981738816937894,0.02366143961716,3.565042325487441,4.237187022381605,30.052606437754942,8.778344591265693,-83.41136448429558,-56.67414367523202,73.14699949659897,-0.0735931785545819,0.0840824268064217,1,1
2106,0.0298973460107229,0.0063841178309003,3.565042325487441,4.237187022381605,-2.79901199056782,2.433289890014919,-53.88640173815418,36.58352342653467,36.35772916864943,-0.0295468770218175,0.0349057815350043,1,1
2107,0.0155457783261353,0.0037460283339479,3.565042325487441,4.237187022381605,-31.86709704836544,3.542114024919641,-39.20086731575354,39.70235142926384,25.06372712774636,-0.0251283794847645,0.0280876959361345,1,1
2108,0.1500305717665827,0.0085684907311695,3.565042325487441,4.237187022381605,-38.654988848128056,5.532038242090337,-82.1372797776016,39.469289342498456,69.12165360651491,-0.0245537035581648,0.036104001761372,1,1
2109,0.0047312891182199,0.0083613891587689,3.565042325487441,4.237187022381605,49.819384152927256,8.718536616851495,-61.680666710155776,-0.1385487684656254,15.608980775271505,-0.0453421782139459,0.0499273940701346,1,1
2110,0.1216319927684712,0.0122709844029125,3.565042325487441,4.237187022381605,20.7437641386212,4.904608790930311,-39.5467675076213,-32.98758496056391,30.527577603129203,-0.0439022171794745,0.0382564903021854,1,1
2111,0.1242714002681504,0.0159370943910504,3.565042325487441,4.237187022381605,53.35956794677685,6.959095001524702,-74.45588821122546,-21.69097403381575,45.17692642176706,-0.0697183554467586,0.0747631097273176,1,1
2112,0.3573915016259791,0.018106216822437,3.565042325487441,4.237187022381605,-74.08014964698653,7.254464990330419,-46.269759195928216,-43.68922221926121,72.17549429311893,-0.0339294278020788,0.0432260830982185,1,1
2113,0.1743881640259619,0.0356301715931447,3.565042325487441,4.237187022381605,49.17065814381493,7.320175111303584,-61.58408586862448,-13.397448281022733,34.96886331635008,0.0056563695048324,0.0597686992603739,0,1
2114,0.2840441361966434,0.0160502629095763,3.565042325487441,4.237187022381605,-63.24126369258358,5.508163676667891,-85.91082717699466,18.151489606518226,92.95317311759156,-0.0284712497511621,0.0441895279900246,1,1
2115,0.1684101900935787,0.0149820720690581,3.565042325487441,4.237187022381605,-7.743889906308084,7.716730452893117,-86.16985592162885,2.57522615214576,66.9925511025252,-0.0577035636659455,0.0521956925550334,1,1
2116,0.0748481045188802,0.0048758817568551,3.565042325487441,4.237187022381605,-54.209027007279474,3.2483440814018394,-42.20831716502937,35.141600566834114,39.6568120859217,-0.0242142006726403,0.0220258885334842,1,1
2117,0.2595834240490475,0.0097423107533192,3.565042325487441,4.237187022381605,9.962004393470792,9.257275262046091,-41.80922211405304,-78.50699106055848,40.62350492774573,-0.0507692057909743,0.0504945732115098,1,1
2118,0.0209647581826056,0.0134882850854525,3.565042325487441,4.237187022381605,54.87174105440769,0.7781205188788647,-21.657913839060967,-18.06152026097405,8.576175148841855,-0.0533154970680477,0.0592032133177168,1,1
2119,0.145740687765394,0.0034004617147052,3.565042325487441,4.237187022381605,-42.15946939700572,4.924001452536373,-75.68551393055148,32.88932751326848,67.21877955085412,-0.0316440773291988,0.0325249238709607,1,1
2120,0.294259348229637,0.007626846858907,3.565042325487441,4.237187022381605,-60.410112646629656,7.90309594077894,-86.23956040071354,-1.992736695791009,89.76826690249021,-0.0405315188294387,0.0424422849626299,1,1
2121,0.1121363219503549,0.0207067856200796,3.565042325487441,4.237187022381605,76.59357349232661,11.900576737259255,-54.357793028094925,-71.96341390773637,14.640862104455138,-0.0732148171063548,0.0675273700582114,1,1
2122,0.2031310705212167,0.0246542626381449,3.565042325487441,4.237187022381605,79.65388338978966,13.468144427149369,-70.70013835967576,-73.39571049516927,30.377220516590228,-0.0522334567048429,0.0796459786389862,1,1
2123,0.1695717328563194,0.0090104717337879,3.565042325487441,4.237187022381605,-93.11717527507165,-0.395337862821151,-61.789500168004366,59.13022792325455,80.96054390248119,-0.035014113356444,0.0345028682432119,1,1
2124,0.1507205799684818,0.0326149593696337,3.565042325487441,4.237187022381605,-27.341927713396828,11.87641918143902,-89.16724021799067,5.110965073717793,59.39857420077266,-0.078349368820543,0.0664300799289349,1,1
2125,0.1226507405394539,0.0056244104647268,3.565042325487441,4.237187022381605,-66.77840371171445,-0.5960421889174938,-28.9879766125154,33.00382607460634,47.134174215526144,-0.0094978390798692,0.015937421285413,1,1
2126,0.277924121416792,0.0163487821423945,3.565042325487441,4.237187022381605,-94.636970708248,9.238212529127978,-77.60955998102325,12.021325934023835,82.1190939384274,-0.0573120712372585,0.0611923286871286,1,1
2127,0.064597805139506,0.0111478053087974,3.565042325487441,4.237187022381605,-30.87102917905324,4.589937728433696,-16.80643087534294,-0.3594805568381645,12.934770146596009,-0.0495547743436704,0.0517049763101116,1,1
2128,0.0353022524279205,0.0064876916624538,3.565042325487441,4.237187022381605,10.702836772666686,3.6936678602482544,-28.050395335008645,-5.478944554541414,14.546655962828808,-0.0237565665048881,0.0205532641405104,1,1
2129,0.1017318930078845,0.0284628979315012,3.565042325487441,4.237187022381605,-38.51461470469955,3.81427213265249,-28.969001750564686,29.5548446510106,24.70953464253212,-0.0197877006753543,0.0630870180357242,1,1
2130,0.3214511029994036,0.019617949138358,3.565042325487441,4.237187022381605,-40.67456503287814,11.26870380754734,-71.62096728285385,-42.37090839815829,70.91400121143056,-0.0555138244183384,0.0641996761703285,1,1
2131,0.0376121486389319,0.0120076565664332,3.565042325487441,4.237187022381605,67.5080987126023,11.269199929388575,-92.02333835189526,-1.8275875498649583,33.20915092756118,-0.0654822634266174,0.0691991483856737,1,1
2132,0.2274147957513143,0.0138689597001825,3.565042325487441,4.237187022381605,30.01525758302336,9.407034317377708,-82.37634541702579,-39.92223155995966,61.58740458666304,-0.0633755199203455,0.0699182710060226,1,1
2133,0.1394614844847047,0.0088964199673547,3.565042325487441,4.237187022381605,-53.93049203310514,-0.1298712156511499,-43.03190637821351,30.79535629851597,56.837169830305214,-0.0298481674405834,0.0349598616740069,1,1
2134,0.1688593170951968,0.0109574143629753,3.565042325487441,4.237187022381605,18.631289733701838,5.7000833575509375,-35.05577933751725,-40.908535589652864,29.3606332778798,-0.0202318427583549,0.0360171027252226,1,1
2135,0.0042561805837179,0.0038766691257241,3.565042325487441,4.237187022381605,-34.69479772145459,4.865944074745528,-89.20544305993131,86.0300040297881,56.51281145896766,-0.0250911353575383,0.0279168254398159,1,1
2136,0.1237962241363541,0.0093294319493232,3.565042325487441,4.237187022381605,-23.453680198387644,5.393930754523851,-95.87891802441018,45.46268661866338,75.13870543628792,-0.0538824274808278,0.0544826354115553,1,1
2137,0.1300001652838711,0.0066479173638352,3.565042325487441,4.237187022381605,64.3892198285522,5.683232244440546,-30.82664559222215,-68.34270650744085,16.990654582832107,-0.0536316581678628,0.0536992570394976,1,1
2138,0.1653340363938775,0.0215142335971392,3.565042325487441,4.237187022381605,42.08102333694106,10.945636691284506,-35.66216647877644,-71.61277628229374,13.13084585652338,-0.0561387241358897,0.0691074147714664,1,1
2139,0.0411648371541167,0.0097506280042175,3.565042325487441,4.237187022381605,-31.479318636866,0.9051928474130762,-68.28248496291033,65.37182498371732,56.49314056424368,-0.0454916727271403,0.0463293995216904,1,1
2140,0.0948699147176092,0.0044377327784513,3.565042325487441,4.237187022381605,49.706298131637794,5.373372301939881,-8.907752500412371,-68.45510622833872,-0.7506631277496751,-0.0327244843364083,0.0316575640627802,1,1
2141,0.2158865904513231,0.0064639520182291,3.565042325487441,4.237187022381605,-28.395047650074478,3.39119109993446,-24.842586413048608,-39.80123375931748,42.6841092044215,-0.0215288702787436,0.0196945951032354,1,1
2142,0.1993010175609804,0.0068132914233955,3.565042325487441,4.237187022381605,-33.371835831856984,9.17731068773739,-96.09864898749962,17.32994379959139,76.87900213509502,-0.0460775026167114,0.0494562730826836,1,1
2143,0.2174942230665868,0.0060034465877109,3.565042325487441,4.237187022381605,-72.77988486985467,1.0524150635867926,-6.104286986566947,-22.02901997223816,40.82895415410576,-0.0162329614923433,0.0175311460716298,1,1
2144,0.1904778682742642,0.0606851258197889,3.565042325487441,4.237187022381605,8.663966836863395,15.135679673854456,-87.00155936657873,1.931441272950991,40.952490017014895,-0.0546245894939403,0.118028163506923,1,1
2145,0.163443185148484,0.0156088476942109,3.565042325487441,4.237187022381605,-20.65283115961616,6.8889845804786205,-60.45233288260212,8.238403839745189,47.85846533843582,-0.0151169477839124,0.0400837610400031,1,1
2146,0.268225811719191,0.0065204181387277,3.565042325487441,4.237187022381605,-69.91482872636288,3.4460281004154325,-49.69464202081777,-7.024786546090738,72.54018932470609,-0.0188076270060802,0.0209703604041575,1,1
2147,0.2480843091964886,0.0581693945417064,3.565042325487441,4.237187022381605,-35.44966747102069,-0.2990262202039702,-7.193317787739076,-63.43084684377581,47.73956021619995,-0.059765989582282,0.0338544535295547,1,1
2148,0.0957847913138252,0.0323445739371589,3.565042325487441,4.237187022381605,32.29215149067659,10.396817513429228,-94.67443543862888,39.383155183747846,42.692478028409965,-0.0012975617065732,0.063849404038857,1,1
2149,0.1337884622443004,0.0062796070725399,3.565042325487441,4.237187022381605,-29.8710448134577,-2.1511237648283554,-0.4519450759264174,-16.52843163534952,28.0482432145715,-0.0319321519475357,0.032130966560935,1,1
2150,0.0564775026579644,0.0032163616971895,3.565042325487441,4.237187022381605,-54.70006271982235,2.6055716937606377,-60.24766506683377,64.21934911908252,50.855270996291466,-0.0063137446693643,0.0121774763713096,1,1
2151,0.113155407355639,0.0148454833414908,3.565042325487441,4.237187022381605,75.10864481683635,5.948219830997829,-47.42933698803002,-50.51575354371556,23.56053115221806,-0.0614104157262868,0.0695949627313386,1,1
2152,0.1732361140039859,0.0203313385765787,3.565042325487441,4.237187022381605,-38.193879424053925,1.3971410312392436,-41.45671797357628,19.318771898794296,51.19113944859859,-0.0051339906703366,0.0359582795272845,1,1
2153,0.243807105117301,0.0153400145039284,3.565042325487441,4.237187022381605,-83.753749346861,9.942326801139998,-98.52376295934346,37.19370243367069,88.370258796457,-0.047551689927201,0.0588107975540678,1,1
2154,0.257846241308164,0.0153907414609413,3.565042325487441,4.237187022381605,-76.15688539486216,2.1370726015539816,-46.858935682846216,10.62695076733155,71.28002085580869,-0.0021884291402798,0.0203964160280864,1,1
2155,0.0195648514066341,0.0087623733398723,3.565042325487441,4.237187022381605,47.64178842708975,8.357454763092747,-52.469658217486725,-9.60917902055995,11.986385924664432,-0.0416570136879535,0.0481354624802848,1,1
2156,0.1270382582720958,0.0082592148895681,3.565042325487441,4.237187022381605,3.2913819917508818,3.6697256178863,-48.86428027110722,-4.688161055467361,41.85374305934607,-0.0345979689641969,0.0417555861325827,1,1
2157,0.2344784562672602,0.0136792360845164,3.565042325487441,4.237187022381605,-7.001292129192919,9.194941008900017,-56.15595942530048,-49.555427108092886,50.3323960786139,-0.0528811489725524,0.0490297470841084,1,1
2158,0.1186950514381334,0.0072275672199514,3.565042325487441,4.237187022381605,-43.36865170614772,-1.9119080731430813,-17.93043762473488,11.872002421914502,39.56989095870881,-0.0331300531238587,0.0345230830250481,1,1
2159,0.1765039927536999,0.0214653262256756,3.565042325487441,4.237187022381605,45.74977275505242,6.896736575489285,-50.90689340154364,-38.41942320600569,33.00430117007028,-0.0216951398525291,0.0553949202629165,1,1
2160,0.1631472372890581,0.0309312869016072,3.565042325487441,4.237187022381605,-7.122025204096687,6.854706681838167,-77.31014094902815,35.47648638529938,54.03507384809859,0.0169218416813272,0.0425514292738764,0,1
2161,0.1689658164921853,0.0175445487750711,3.565042325487441,4.237187022381605,-92.278026820262,-2.5588144333209613,-23.004804737107364,42.70266268316573,55.7575811673081,-0.0175383569653672,0.03846770670444,1,1
2162,0.1332928603092726,0.0094788425576726,3.565042325487441,4.237187022381605,-34.83978482627987,6.1845890132758825,-52.5482844507354,13.01446039061615,43.42423620237739,-0.0279812819371293,0.0389199252067508,1,1
2163,0.1120024842127332,0.0237839407177017,3.565042325487441,4.237187022381605,83.4824935974554,11.933056337196632,-87.87089959733521,-22.936814743784,32.879913654933745,-0.043145015057557,0.0772470064650547,1,1
2164,0.1408572222548037,0.0070335420926441,3.565042325487441,4.237187022381605,-39.50172660245508,0.584076316384909,-10.558346152358324,-7.257906432218093,29.338434053602896,0.001860657606771,0.0080341356297981,0,1
2165,0.3338234205354036,0.0109789135255022,3.565042325487441,4.237187022381605,-79.53886246246668,6.847234239742008,-49.26409060213456,-34.273446377844024,73.97536772291568,-0.0377986634689662,0.0380444482239259,1,1
2166,0.1737702263635775,0.0215665696610455,3.565042325487441,4.237187022381605,20.748279953850087,9.178227555632972,-89.91102180856774,5.499848955842566,58.05502003236535,-0.0268793637216426,0.0611564511395823,1,1
2167,0.1026578279120878,0.0063038136073793,3.565042325487441,4.237187022381605,15.418797689874594,3.356984238937485,-40.54111814027653,-15.373981414921516,32.73361174630571,-0.0420769458310529,0.0411507040585155,1,1
2168,0.0399993682503565,0.0037527646882282,3.565042325487441,4.237187022381605,-17.750817500949978,1.8070495766387469,-1.7381359619586618,-5.224288794390517,4.17437811438694,-0.0250821703706118,0.0269966376357282,1,1
2169,0.2135920017762416,0.0224809902952586,3.565042325487441,4.237187022381605,99.02918323971872,13.650594452988486,-91.57463743532028,-78.69572293191491,45.82014378859773,-0.0848914524190004,0.0962094066458875,1,1
2170,0.0452162964022729,0.0070503249165266,3.565042325487441,4.237187022381605,-94.209759414971,1.3974975029817074,-55.5195893017533,93.6878841921999,53.469352441837145,-0.0182437035387547,0.029821424137255,1,1
2171,0.0114870119477719,0.0126942275347009,3.565042325487441,4.237187022381605,3.536368520474696,8.040732997865234,-80.91000144713934,52.14486197671556,36.52526068072743,-0.0285943282261235,0.0465426551156737,1,1
2172,0.2175913334222353,0.0180908829245943,3.565042325487441,4.237187022381605,75.4975813675953,14.77677530790578,-84.83902140799763,-79.36569806658483,42.43775178531189,-0.0807196308389633,0.0860448377669427,1,1
2173,0.0049659453730841,0.1027750446445843,3.565042325487441,4.237187022381605,18.795370116367977,19.50867331158892,-82.64639301364014,-1.6856658820019137,7.889023289571682,-0.1604777637216224,0.1585783773823569,1,1
2174,0.01291776275195,0.0078347860661879,3.565042325487441,4.237187022381605,-4.379365083904261,3.030822958343208,-71.21214331082307,53.22270355479176,45.91575550708765,-0.0435529029561275,0.0429351412227021,1,1
2175,0.0536845964083993,0.0129210624591185,3.565042325487441,4.237187022381605,-59.568948408142106,5.692366013146128,-81.20958043784422,85.94034003021312,56.34449036173592,-0.0190700090264669,0.0406703958003995,1,1
2176,0.018026140770732,0.0069688250046808,3.565042325487441,4.237187022381605,-33.393120487279006,4.715329864526524,-85.50086086259358,82.75421462123873,54.942342821826685,-0.0163190854940684,0.027321301446198,1,1
2177,0.043246683407999,0.022443619678878,3.565042325487441,4.237187022381605,92.20147593805854,9.50466436679227,-24.27471312989013,-60.079783152597386,-16.51382775004737,-0.0337253484163625,0.0619512810729076,1,1
2178,0.2837707951707175,0.0114889961086179,3.565042325487441,4.237187022381605,11.1186253716334,9.432224734795795,-45.76424476343879,-81.30356205540966,45.67478452004735,-0.048174355607222,0.0520391728379062,1,1
2179,0.1502145191341971,0.0051274387029903,3.565042325487441,4.237187022381605,-39.36503063978572,3.722777573096735,-49.17435763946251,13.11895115229676,50.70225521301185,-0.0133308904869549,0.0203727497517292,1,1
2180,0.326777967978623,0.0144271968897144,3.565042325487441,4.237187022381605,-87.5264356767432,1.4904226378464926,-46.54841162103446,-13.584425373608951,86.08635834590615,-0.034065663233632,0.0323914012997433,1,1
2181,0.236078290865212,0.0235296275372915,3.565042325487441,4.237187022381605,56.22375846162055,10.188865936776054,-77.80225289239138,-71.39201515602224,55.50891538764654,-0.0857956650617795,0.0804614436505538,1,1
2182,0.2048575827767416,0.0247512988507001,3.565042325487441,4.237187022381605,67.53033416274295,16.476503541266425,-84.31862494909218,-77.04566716110766,37.061297558366334,-0.0883448078909859,0.0931440416842011,1,1
2183,0.1046220119621645,0.003967304004604,3.565042325487441,4.237187022381605,-68.28336440261347,-1.024861528127019,-28.948267452200383,39.06390253750541,46.31732895729596,-0.0129547054775504,0.016276474932488,1,1
2184,0.1826244235057822,0.011363131999181,3.565042325487441,4.237187022381605,44.461024738831725,8.622416443873647,-23.999675851521506,-84.81897389496933,13.483413498882555,-0.0427380986611548,0.0497720480781692,1,1
2185,0.0499651226090699,0.0207609338380678,3.565042325487441,4.237187022381605,84.29057244368991,9.325980265328267,-21.95590681058914,-61.99042826357639,-15.13862359064369,-0.0380037116998005,0.0610841906551191,1,1
2186,0.3940036610460362,0.0437998369133555,3.565042325487441,4.237187022381605,-79.30376415410251,13.58267871367751,-86.08931457379887,-27.7732986773145,88.46002010550117,-0.0691773670893721,0.0934421077938576,1,1
2187,0.001150373300304,0.0115835740208962,3.565042325487441,4.237187022381605,82.91559058700562,10.252746553182533,-62.92850418328245,-21.33430041318425,7.5597110741229585,-0.0544169861561667,0.060586182173174,1,1
2188,0.1971359730441129,0.0040135630315275,3.565042325487441,4.237187022381605,-69.6926742909169,6.343773073545549,-91.92113695910436,42.415707220692326,86.07651769720718,-0.0338685409860202,0.0333214976623536,1,1
2189,0.1631420279965857,0.0137022707569834,3.565042325487441,4.237187022381605,-12.791183396644072,7.816774923323848,-78.86915391727726,-0.0329091421521638,61.46437337499859,-0.0513422282621276,0.0454452618475477,1,1
2190,0.0878026059835427,0.0231616532446208,3.565042325487441,4.237187022381605,39.4007863191238,14.07794831455243,-94.9967566610164,-1.1576731710469377,37.34078704928479,-0.0673088704246385,0.0819652964399604,1,1
2191,0.2446636210941458,0.0244479491282448,3.565042325487441,4.237187022381605,9.474332018863834,10.686357695871962,-87.01419644632729,-16.27477530009304,63.02752032604948,-0.0261921932927295,0.0625167102518446,1,1
2192,0.1576334733294978,0.0110460687079675,3.565042325487441,4.237187022381605,-71.64329710103485,6.295800714649744,-82.0307928351686,56.85988781981104,71.77991592950849,-0.0196116511793448,0.0364949106493522,1,1
2193,0.1018279807750825,0.0070493682855926,3.565042325487441,4.237187022381605,-59.36882934004744,1.221633194677679,-67.56132865829596,62.757908944374094,66.77154446833191,-0.0298281375944747,0.0334444008248411,1,1
2194,0.0647574112246627,0.0212913308433075,3.565042325487441,4.237187022381605,83.53992030758482,15.20394560179183,-87.4502401278562,-39.102762684029415,21.986079887466687,-0.0869236006977014,0.0861817339732925,1,1
2195,0.053945415061938,0.0043542830757381,3.565042325487441,4.237187022381605,-74.51099837077035,0.8089079134941528,-43.48663995598376,68.3187758849032,45.38934521867287,-0.0081223001231276,0.0160228024055058,1,1
2196,0.3805968741792267,0.0481011240630563,3.565042325487441,4.237187022381605,-89.61579949557917,14.007095977228772,-72.05994659112926,-42.92606148387244,79.20149218128856,-0.1005711253560735,0.1051335080958446,1,1
2197,0.0177937533782623,0.0071559860750425,3.565042325487441,4.237187022381605,39.76063392612716,7.553597618757152,-74.9330229921889,14.5350167295107,31.89733021522676,-0.0508736802256704,0.0501571515636456,1,1
2198,0.1741541771174301,0.0059986187417628,3.565042325487441,4.237187022381605,-15.755238376831926,7.522801029865135,-83.96565447133182,8.444886670672332,66.79630540989163,-0.0452655690941791,0.0474056093856255,1,1
2199,0.2878069780194088,0.031751846937148,3.565042325487441,4.237187022381605,-15.534831499926938,14.0773447075414,-75.56724711753714,-49.31983725522005,58.03764241642492,-0.0738740598584643,0.0875681034776335,1,1
6300,0.2195342216167321,0.7794612346784349,4.315939991898444,2.5855106271620985,-89.62230538448807,0.9865537986811148,-71.98446384795233,91.28680859769436,73.61758335638396,0.003415948894235,1.2363163985722625,0,1
6301,0.0471924428283608,0.203253915775078,4.315939991898444,2.5855106271620985,27.885886707329743,2.2420238784932423,-29.91658636185474,19.28192181498119,9.221030433253604,0.0567222653438409,0.4003726943228604,0,1
6302,0.2989887861053913,0.447697496061155,4.315939991898444,2.5855106271620985,59.31851292848654,3.737516461762283,-22.421838574190204,2.330216256846157,-4.117251756566517,0.0725384298028981,0.6941743705336683,0,1
6303,0.7123465897316714,0.3963522096412249,4.315939991898444,2.5855106271620985,-29.43596788182201,-0.7656225978516886,-4.3073557778418206,-18.71160314202953,43.90388730379445,-0.2681022523154304,0.1266783709856065,1,1
6304,-0.101034714028881,0.4247316551051332,4.315939991898444,2.5855106271620985,-0.7029126830780967,2.689709159861636,-25.294612422408605,22.004459015916797,4.640767437841006,-0.0619069846914742,0.3761405625230719,1,-1
6305,0.1637539415638475,0.3594191962747836,4.315939991898444,2.5855106271620985,-36.22932931792913,-0.5835201737811104,-65.19958923407032,56.68420775060875,73.66866854672875,-0.1409642548091338,0.4297354963873853,1,1
6306,0.2556784105147017,0.2062504151536619,4.315939991898444,2.5855106271620985,39.20075194636644,2.31633667580671,-7.250347803228337,-21.903964606218796,1.3712049239646973,-0.1577240040540559,0.0591447619621701,1,1
6307,0.3637514255237671,0.1895208914450148,4.315939991898444,2.5855106271620985,96.84828859169366,1.9950168128135743,-10.54705185588216,-31.73021073008641,-2.511237740103468,-0.2489463270889922,0.2417220061764416,1,1
6308,0.7997675716474179,0.1804984844684234,4.315939991898444,2.5855106271620985,-92.12306126295351,-0.7550323773611609,-31.547045523637397,13.636591342212824,83.59193949391215,-0.1397173380346347,0.138775338376807,1,1
6309,0.1884335862184895,0.3656204383243994,4.315939991898444,2.5855106271620985,52.28565061124516,3.0201489677261293,-71.89238638031622,43.81943027027165,42.70316316654663,0.0736519866494803,0.6606368042183334,0,1
6310,0.5743877403977138,0.2522775201612617,4.315939991898444,2.5855106271620985,54.26581347092409,9.007761173805022,-70.95247684087974,-5.3235701954546215,40.68368175299139,-0.1410034248380814,0.295240419436768,1,1
6311,0.1688020964294216,0.3653283997265039,4.315939991898444,2.5855106271620985,8.547761663725879,9.183299051500924,-95.77389048707144,39.8002587490237,53.85439635825924,-0.165634071263528,0.4714224757230852,1,1
6312,0.5298671991331547,0.4744295576124899,4.315939991898444,2.5855106271620985,60.26082514465742,0.2437917341927402,-20.71838688221264,-12.25919854006679,25.327739890440768,-0.2273575817984597,0.4312014186261886,1,1
6313,0.2989804244379536,0.3985448221616541,4.315939991898444,2.5855106271620985,37.85181536730505,0.9053324470654333,-52.90494244697918,21.648140639018397,47.832635723010384,-0.209397818788773,0.4251774937818511,1,1
6314,1.389104876028444,0.5363450419803497,4.315939991898444,2.5855106271620985,11.380074991569812,3.748432659202038,-32.28927000921399,-41.63975672190874,69.23672075145245,-0.1860107433673968,0.1983098302058932,1,1
6315,0.4229950160049696,0.9641935532149856,4.315939991898444,2.5855106271620985,84.51765127498271,14.42123256057917,-84.07084417610842,-14.61818193756639,19.6537854909203,-0.5267675021855885,0.6238050192703851,1,1
6316,0.5328450935390456,0.2322424535006528,4.315939991898444,2.5855106271620985,70.19360592559204,4.284631566458643,-27.074704664740462,-19.38303550742819,11.660434136786009,0.1139050415227483,0.1917182789195457,0,1
6317,-0.0174002584552814,0.32613493058626,4.315939991898444,2.5855106271620985,48.21758690198638,5.251601375135536,-42.882475756553454,19.226126827467823,1.690014323920238,0.0065746932131699,0.512722359359646,0,-1
6318,0.9432425935197848,0.3278775259714776,4.315939991898444,2.5855106271620985,62.45351791121468,8.812801329751593,-89.78870806196984,-2.737796180584453,70.60097159424569,0.0816783038862963,0.2183218767780709,0,1
6319,-0.1130398344167549,0.408030388217289,4.315939991898444,2.5855106271620985,-40.72907264718913,-0.2892544470270337,-50.00781055400346,46.890649081323886,52.45986289287484,-0.1762087836888862,0.1228643336994993,1,-1
6320,0.4897265074525251,0.3961720682872495,4.315939991898444,2.5855106271620985,-73.30447773663002,-0.6893597272553649,-14.321811620863455,21.59472787871709,44.43694270907218,-0.025437019954084,0.4900088620954654,1,1
6321,0.3734772313422456,0.2612194550274499,4.315939991898444,2.5855106271620985,2.1237697443985866,6.992774242088174,-71.93726602269842,12.68723345364286,55.314455637222494,-0.2823010603617554,0.1910111295773061,1,1
6322,0.7387850138804102,0.4149454302987367,4.315939991898444,2.5855106271620985,-25.15321922870639,-0.951873826267004,-12.516066921155726,-3.66243329349885,47.33626596710849,-0.1000451560005673,0.346724257323715,1,1
6323,0.3803151960828344,0.7519607035280031,4.315939991898444,2.5855106271620985,66.9921543413038,10.904895798208813,-93.29738951631803,33.57569492189913,31.39273889521661,0.0258212551349973,1.025604770203297,0,1
6324,-0.1245999445552444,0.3609272940320939,4.315939991898444,2.5855106271620985,37.75228779040072,3.954315177817662,-67.2852225947585,31.511155728109088,35.05251762236662,-0.1509697644375962,0.1255680362271709,1,-1
6325,1.3697253251470682,0.5169528617541553,4.315939991898444,2.5855106271620985,88.91605750590676,11.17062510788594,-97.19174747065796,-31.02283684077381,82.75426349653046,-0.1741361209346388,0.2776464175184265,1,1
6326,0.2773972732685122,0.3128264115418959,4.315939991898444,2.5855106271620985,-1.344845805643175,3.0566257475218777,-56.16244164783956,37.76817649190855,43.241731553204175,0.0759353222906067,0.5680519266260133,0,1
6327,0.5923316355087564,1.0214013345117423,4.315939991898444,2.5855106271620985,-69.81650228673047,5.407382465513805,-68.7969755383944,10.440056340967075,87.64360819298238,-0.61104562699464,0.103333438796219,1,1
6328,0.2765309789036994,0.1351673138630004,4.315939991898444,2.5855106271620985,-33.71883194222214,4.629193727448097,-84.65292712429567,50.43203143510948,74.62639514723307,0.0647093081042911,0.2435633341925157,0,1
6329,0.359755841484624,0.2138844851455539,4.315939991898444,2.5855106271620985,76.28286018313662,8.40253872258154,-87.84900715277723,21.68856482963058,41.00686876377864,0.1465441372128197,0.371031172010591,0,1
6330,0.4864190318920767,0.4354096191943534,4.315939991898444,2.5855106271620985,-71.95909449847726,-4.000324102387936,-10.687189031336104,14.428491018312258,61.30808917181511,-0.3535222407482551,0.2852911209718943,1,1
6331,0.5355407201603355,0.2310684340806303,4.315939991898444,2.5855106271620985,-43.66426342562069,4.701975253459992,-64.70694563646487,28.29731745979123,68.27228061532693,-0.0099630653826407,0.302980979462644,1,1
6332,0.6516772935283046,1.4744034251649514,4.315939991898444,2.5855106271620985,73.34640700913283,11.202769905996648,-10.820557004389784,-71.73720090816269,-20.04537567434012,-0.7416053367401368,0.4961471841712058,1,1
6333,0.7445965582769505,0.3229679208750008,4.315939991898444,2.5855106271620985,-13.41128790035198,4.7016836922618666,-47.2089899888106,3.112010334162022,53.86373891075996,0.0361611364894884,0.2889280013163511,0,1
6334,0.1260581009901237,0.3106315940296832,4.315939991898444,2.5855106271620985,-19.469448437715823,-1.5681638337410106,-42.62673183556104,34.104227819002375,55.419476031408095,-0.3182447652463553,0.323184662255354,1,1
6335,-0.0121128972609989,0.4252382578720957,4.315939991898444,2.5855106271620985,70.24030671374052,10.350018601664488,-87.05313726620011,24.121847392266037,21.407854613872075,-0.1854897930988318,0.4833506806447565,1,-1
6336,0.1312023005678817,0.113024706889116,4.315939991898444,2.5855106271620985,21.395083048806043,4.028022971682304,-35.6751952368289,8.399790284371306,15.959045436718595,-0.0300665690831523,0.2026532988800762,1,1
6337,0.6595562847157139,0.3914931424550113,4.315939991898444,2.5855106271620985,94.57136181274416,8.484954521513117,-86.95732681196327,13.42483501572778,44.74469825309606,0.2167443586135108,0.5693842360366416,0,1
6338,0.3438953955306778,0.0943120696029981,4.315939991898444,2.5855106271620985,-20.31508494042788,6.426563936396974,-90.1694405522295,38.267086640385,75.30197387362455,-0.0825104964906611,0.1917330670873984,1,1
6339,-0.0246112712809166,0.2882074557571255,4.315939991898444,2.5855106271620985,-89.55144714870539,-0.2275248595676089,-62.46825993270427,75.6249952394403,70.44576219017415,-0.0065219713035932,0.4520022047530254,1,-1
6340,0.4552152590736119,0.1418571578039559,4.315939991898444,2.5855106271620985,73.91630058491032,5.253612041179153,-51.30099834117152,-6.928595737399618,28.48614481284278,-0.0079130966530433,0.1770899320409668,1,1
6341,0.2555068037525767,0.3326507454913215,4.315939991898444,2.5855106271620985,-46.71201336272943,1.1117020284398649,-70.94993458822577,43.1582868679759,83.5912312167668,-0.28894995923895,0.1669755228785673,1,1
6342,0.7616633848469864,0.1897425838734408,4.315939991898444,2.5855106271620985,2.4402169075158184,6.940132742204369,-66.96519696244019,-0.5648579239262261,64.38001972611761,-0.1235459564029243,0.193627418759349,1,1
6343,1.2411544577228573,0.4834189671614691,4.315939991898444,2.5855106271620985,79.23859369677257,7.435974886339935,-49.98121133981133,-50.07509671102941,52.12973758421938,-0.2529313660078648,0.2130163316818706,1,1
6344,0.3480191365426122,0.3542754634372869,4.315939991898444,2.5855106271620985,-38.76655992535756,0.1253297681451499,-42.95709003634612,20.689574816283752,63.8397264732987,-0.2947505207189433,0.1429729303953007,1,1
6345,1.0067556437787546,0.2545072522752752,4.315939991898444,2.5855106271620985,-6.436353005298855,6.204651636442932,-59.91512284012496,-10.81391590456468,72.62440326258394,-0.0903415900852673,0.1485138683144149,1,1
6346,1.146061514574914,0.5402628498065667,4.315939991898444,2.5855106271620985,14.493669917350688,9.337096974015909,-92.76460307074473,3.983654107129041,87.04968827374253,0.078069107579845,0.3685270835293958,0,1
6347,0.4008562675312148,0.2096598219094131,4.315939991898444,2.5855106271620985,-77.320191575807,-1.196507602621196,-4.187360110177423,13.775728035305718,37.29596388311086,-0.0444383093835548,0.2768995790200879,1,1
6348,0.7684420146417574,0.2310210274036878,4.315939991898444,2.5855106271620985,23.97620051358209,7.6977584010840445,-96.58737118116586,19.396940559950764,82.15667380083539,0.1058788482722052,0.1869761320868524,0,1
6349,-0.0305386829411993,0.2264835816026054,4.315939991898444,2.5855106271620985,-5.958587853876239,1.4623775285013636,-13.95400785681352,14.887288871129726,3.5365844473401324,-0.0364398869922793,0.3011064546872057,1,-1
6350,0.8855600612363624,0.287548742070552,4.315939991898444,2.5855106271620985,-49.126518447141486,3.217859785578142,-55.0566451571929,12.66494353497005,81.34280728578895,0.0733072473987246,0.160534424029248,0,1
6351,-0.0011817457622222,0.5658843726096743,4.315939991898444,2.5855106271620985,-17.991800354207243,-3.221689486902875,-11.018835724389804,41.159220764439794,16.993149222513722,-0.0656486988184742,0.8005526411362948,1,-1
6352,0.0731497187089752,0.6008070777317874,4.315939991898444,2.5855106271620985,-26.283568082039267,-3.085283598680803,-30.65369183083982,50.75506339550401,40.94780697881805,-0.1070426745487058,0.7420857522862045,1,1
6353,0.1715480635165942,0.2562873252666336,4.315939991898444,2.5855106271620985,55.264294666109606,6.889582992799959,-62.8660944444819,2.92676483556815,28.630060443693,-0.2725040753642492,0.1666770002983143,1,1
6354,0.0132980640781206,0.3248888113571324,4.315939991898444,2.5855106271620985,-15.415225548947705,7.69461973483854,-88.09139626687417,46.76622834987376,52.4497656277035,-0.2071903157280095,0.4139399786756226,1,1
6355,0.5336111540450245,0.3889059738480545,4.315939991898444,2.5855106271620985,0.2562071872850566,0.4509894061407209,-10.80201298478154,-0.7249406205959161,23.64295522007069,0.0231158124522395,0.4436123718356413,0,1
6356,0.2872022859745525,0.2425360491498654,4.315939991898444,2.5855106271620985,-3.928754376033311,1.4284370508026711,-35.04030533174328,7.433296106342667,41.182056408092535,-0.2148445541204851,0.1014712397913721,1,1
6357,0.0096986599196191,0.5335976495974406,4.315939991898444,2.5855106271620985,-65.78824570419314,-2.463497494208696,-37.94892262623984,68.4266918233709,48.48446355243286,-0.0424213690891528,0.8294554703978974,1,1
6358,0.0601944809110152,0.0556495516606726,4.315939991898444,2.5855106271620985,-25.620464186686448,1.3100051806996618,-33.51572201503153,25.707752333596943,32.16505978093903,0.0166170602799883,0.1007326430094961,0,1
6359,0.3991454640853653,0.3796808926324703,4.315939991898444,2.5855106271620985,23.69789240664292,3.3834549080538068,-72.90810673598743,41.14111589045095,56.59128348568291,0.0950101941142446,0.6273308284329216,0,1
6360,0.4860122792454553,0.1090919425959464,4.315939991898444,2.5855106271620985,-42.66167458126131,2.2008437380585946,-54.0511550432682,25.732356615604644,68.3273932516438,0.02618445262284,0.1095776476063945,0,1
6361,0.3086241237805838,0.1606485456477718,4.315939991898444,2.5855106271620985,-25.06100006298905,6.603209915408925,-89.09889347109373,41.92398004683957,71.73950444926552,-0.0700077307880709,0.2781525714496858,1,1
6362,0.1664492802441977,0.3556825000144669,4.315939991898444,2.5855106271620985,-13.812842811447894,3.929296747441782,-83.48849416706614,38.89375806921771,74.37331200133897,-0.2876560632632385,0.1230303249091031,1,1
6363,0.4382211353255743,0.1364126901661842,4.315939991898444,2.5855106271620985,67.09438237226979,7.154162760922063,-95.8619210652202,17.197398056919113,65.06792615386036,-0.1886317246123554,0.2331001281110256,1,1
6364,0.4715087529015509,0.2180570901153182,4.315939991898444,2.5855106271620985,75.86276236097768,7.914162790410856,-94.20978124963456,23.77962840341982,53.52467987871805,0.2047067448914032,0.3189097954259809,0,1
6365,-0.0410385578972311,0.2883775997679853,4.315939991898444,2.5855106271620985,48.633535969350845,1.4767537796590773,-31.98824899273264,21.95025126169314,6.650338955187124,0.0450262353652337,0.4063389792004721,0,-1
6366,0.0570402316011955,0.1992337473689638,4.315939991898444,2.5855106271620985,12.799973111827429,7.412186713067399,-83.63244109197534,30.54434437434267,48.900302380381305,-0.260157874734297,0.222494070187198,1,1
6367,0.7142248802769706,0.4984724349924404,4.315939991898444,2.5855106271620985,43.63796818451152,11.364615692445868,-79.49983085587783,-14.395236172255082,49.42196572121699,-0.4079783224973685,0.3805102680538408,1,1
6368,0.6466610716510142,0.3981359969115948,4.315939991898444,2.5855106271620985,98.25830641177856,8.452050853454708,-79.23404345409094,7.219543964692107,36.65882312111944,0.2050631324528727,0.5585077525398979,0,1
6369,-0.1948201386971413,0.7154876872783242,4.315939991898444,2.5855106271620985,-62.52914683555473,0.3571510471307704,-51.49098327022197,71.57509874279239,43.13634453581403,-0.0139153307675496,0.6296167230058828,1,-1
6370,-0.007098383859118,0.1709261124191367,4.315939991898444,2.5855106271620985,53.86841027963757,5.301818521584849,-92.04619311467478,50.35047988053197,47.91509073779244,0.1266884697728277,0.3297073268202817,0,-1
6371,0.1940769878045963,0.115732049530505,4.315939991898444,2.5855106271620985,-50.31827873515675,2.026532889222437,-26.460088166892906,14.259128797586284,35.15777296145123,-0.1637475750308526,0.1195262245944236,1,1
6372,0.3468299533966684,0.2452536987203757,4.315939991898444,2.5855106271620985,-20.30402394965216,-0.9517361478699228,-2.969814338926284,4.647326632000755,20.64491649969624,-0.0199896364137644,0.3255694894034738,1,1
6373,0.1098624768710236,0.4303157232308753,4.315939991898444,2.5855106271620985,44.60961136425945,2.510452810414421,-87.62185071328096,58.070360527816746,59.289890660205344,-0.0076988212592933,0.6403270238459029,1,1
6374,0.4464197273427691,0.4631586864291319,4.315939991898444,2.5855106271620985,-91.9771574775569,2.8723375964978146,-37.78914559266495,30.456730830053232,55.090357203314056,-0.1427779179002385,0.5273269876205443,1,1
6375,0.3111797285846175,0.1810487427419521,4.315939991898444,2.5855106271620985,-74.26737535487158,2.088766905948148,-72.09904075384995,57.57964383105906,81.91315903125141,0.040763958840344,0.3172520329641256,0,1
6376,0.1209847583191825,0.2330164650589929,4.315939991898444,2.5855106271620985,24.125677819895543,5.171923595547483,-43.9418542121842,14.849163393005654,15.992571423745588,-0.0415888299979524,0.3718096480513945,1,1
6377,1.6796856762171994,0.9864667017800304,4.315939991898444,2.5855106271620985,39.00289594421472,12.53387576443825,-76.21827652361284,-50.50290872654921,79.65251229101779,-0.2662410363145319,0.3945777678486052,1,1
6378,0.4892156459976511,1.0710106926292735,4.315939991898444,2.5855106271620985,-50.87295372687471,7.477375664331291,-29.264440727886807,-4.145391524919745,24.33955538461639,-0.4748243859818662,0.6827557471154443,1,1
6379,-0.0812858154788599,0.3291301442816383,4.315939991898444,2.5855106271620985,-43.23955984214816,2.765864494313135,-55.83716471982052,49.92642540739644,42.899021341992295,-0.0388057503765705,0.3110624997309447,1,-1
6380,0.4345152398122034,0.171407681531739,4.315939991898444,2.5855106271620985,57.45159703017882,6.826938775913519,-43.87003177829409,-18.320867430794664,20.27148283703886,-0.2182592304835761,0.1855266427029899,1,1
6381,0.4525473082684309,0.1349384816001293,4.315939991898444,2.5855106271620985,-28.11623546724607,-0.7942040085000031,-15.68351685045593,3.305975614079742,41.56233709187791,-0.1463730409311735,0.1768728079241864,1,1
6382,0.5579207966300683,0.1493813787446969,4.315939991898444,2.5855106271620985,-50.30660280763875,-0.4678200054766961,-26.67121265951937,11.024346046464544,59.07747629318436,-0.1245922993171918,0.1692578332404844,1,1
6383,0.2462566457851149,0.3702818409601623,4.315939991898444,2.5855106271620985,53.92599625771536,6.000519954701062,-53.515150590602246,18.868135773908094,15.609058881484271,0.0739959828642008,0.6392798729727872,0,1
6384,0.4896827078576428,0.2900488134416406,4.315939991898444,2.5855106271620985,83.83543775311182,2.0938817306402058,-6.508395081923069,-28.311047579444093,-3.2814630337203283,0.0033206834580007,0.3037298917229004,0,1
6385,0.1845327174940654,0.2243914125716461,4.315939991898444,2.5855106271620985,84.39683826647072,7.853139593143339,-99.11514512070684,20.353785855927786,52.95151986788082,-0.2801479239042808,0.2205980413203122,1,1
6386,0.0666330888077873,0.2373602598839103,4.315939991898444,2.5855106271620985,24.21007204778509,1.168263431312738,-38.67238780155348,28.96425606374044,23.217246926784824,0.0327455483475629,0.4337683421510412,0,1
6387,0.1042577866828313,0.1680689588738412,4.315939991898444,2.5855106271620985,14.910684396270412,4.012852126642841,-81.896695884187,50.55806622536579,56.03463541451609,0.1028802767641264,0.3407622632002757,0,1
6388,0.2017363534821087,0.1163969637492575,4.315939991898444,2.5855106271620985,26.577966833800204,1.881159380396696,-31.602887236712174,9.140976378127093,22.322152887493104,0.0155323362607567,0.1839179982405677,0,1
6389,0.5278957812919827,1.2576335349017431,4.315939991898444,2.5855106271620985,13.998437328027665,8.710517027308924,-39.51981574427309,0.5295919217177527,9.821221013859343,-0.2081949259354752,0.9940375963831596,1,1
6390,-0.2161041491128371,1.3604248195316695,4.315939991898444,2.5855106271620985,43.87682727464016,-0.000872555142223,-28.54381055557428,8.377492155057922,14.736725308942482,-0.566517922839478,0.1718245295160103,1,-1
6391,0.2385851021280896,0.0486562440445186,4.315939991898444,2.5855106271620985,47.1722379747232,4.462355895129107,-52.19792303259574,4.666091408830226,31.43171323906864,-0.1341255353265123,0.1276241850361133,1,1
6392,0.4110916072939472,0.3099620960728759,4.315939991898444,2.5855106271620985,16.70914685298017,1.3497099004979702,-22.15810954565123,5.541717490261561,22.510869608061384,0.0452342424995038,0.4156681811711871,0,1
6393,0.5399991207742099,0.2367546992306141,4.315939991898444,2.5855106271620985,69.91892051060685,6.893450176084642,-99.14108844892236,23.058245955084303,69.2569306580694,-0.0027464832129094,0.3072883431996401,1,1
6394,1.32971116000021,0.5522914842715863,4.315939991898444,2.5855106271620985,6.573702512805539,5.495677256767053,-25.302601802545084,-45.61204573982107,52.56438916640326,-0.028906408414752,0.154211272035279,1,1
6395,0.355861843642822,0.0564208513089446,4.315939991898444,2.5855106271620985,-22.783636584834117,2.871544454599644,-52.24325022689767,21.74377212300624,55.387746440192814,0.0150687047288126,0.0672410583892955,0,1
6396,0.3699841167629668,0.0903676839182366,4.315939991898444,2.5855106271620985,7.766524287491492,2.149536838204199,-30.580637267749182,2.901322233060526,32.011320598015004,0.0110511923708528,0.1027688870861448,0,1
6397,0.9036802269517672,0.5951653270517205,4.315939991898444,2.5855106271620985,56.20728587847944,5.729970723228476,-19.759020475088647,-54.20414615025961,24.0173910678745,-0.3601286171911223,0.1320458070712887,1,1
6398,-0.0517910946017343,0.2003366239904745,4.315939991898444,2.5855106271620985,83.03520108407511,7.621328448608082,-90.0880163620452,28.696724053802,33.54231887766042,-0.0627545183699229,0.1880151757398676,1,-1
6399,0.7134110547054924,1.3865243103811724,4.315939991898444,2.5855106271620985,28.71759659822689,13.351492640154405,-62.31434529517853,-31.129113581591582,28.949381757813683,-0.7070986784468767,0.6173640795156379,1,1
6400,0.1059372892913122,0.0037981098751968,2.360253898083111,5.634017415187891,-94.84981256040834,-1.7743247002277798,-64.44748677854884,88.95856648129998,72.47711135261943,-0.0128099996855866,0.0146256760282773,1,1
6401,0.0527932605268133,0.0075885897990032,2.360253898083111,5.634017415187891,-6.584778971453289,17.23832485713939,-82.5095333359534,-93.34606709098216,45.71002612846704,-0.0471413796917998,0.0508823169685882,1,1
6402,0.013495058296072,0.0078523124265108,2.360253898083111,5.634017415187891,-13.87098972700032,14.70350437036825,-88.17016269263978,20.516758536492414,37.614700464488266,-0.0299270466863677,0.0388406695108094,1,1
6403,0.1145015554237049,0.0007710945392955,2.360253898083111,5.634017415187891,-60.61593659637117,7.456442246473571,-51.83405556055058,-27.867099132960178,55.23616371203698,-0.0158666335320252,0.0160124000801687,1,1
6404,0.1199128803364113,0.0058448752276171,2.360253898083111,5.634017415187891,-64.72661287204804,14.29047998230952,-67.09222504883648,-12.46838427482615,54.65642488696082,-0.0323745662549278,0.0347600574685089,1,1
6405,0.0376296047848993,0.0036612330476752,2.360253898083111,5.634017415187891,-3.63619135271324,7.667215422731189,-22.888617449973157,-38.44246191631336,12.87079454702382,-0.014538138080652,0.0196403938625377,1,1
6406,0.1035185766576876,0.0129246763322962,2.360253898083111,5.634017415187891,-37.4002718171305,20.70995534083282,-99.61687776166131,-39.82556759435829,59.65263999774936,-0.0381562976044255,0.0521350067993169,1,1
6407,0.0090927453158512,0.0093106538987804,2.360253898083111,5.634017415187891,-2.937570876464463,8.481347562173113,-68.34087975679041,27.08130056922549,30.02367211697305,-0.016467736261038,0.0325440106469982,1,1
6408,0.1319430158572276,0.0049909917558701,2.360253898083111,5.634017415187891,-50.42516054042796,12.290088610776124,-36.27002297451843,-69.1520208747333,41.745345807817046,-0.029401622167189,0.0307239198457265,1,1
6409,0.0809892753150967,0.0049459965479369,2.360253898083111,5.634017415187891,-46.507942000427136,11.948366093124749,-90.4755245789507,-14.59091552260439,64.1115026014715,-0.0308059610379024,0.0360752391416043,1,1
6410,0.074629929441793,0.0020225579138929,2.360253898083111,5.634017415187891,-54.36677087621098,3.973021760219879,-60.78631334210408,18.439745584277475,54.70329812797095,-0.0159371516026948,0.0177595232236442,1,1
6411,0.1428932655202914,0.0082092345065987,2.360253898083111,5.634017415187891,-51.6168940313402,7.180563659919841,-22.310797725219945,-38.7945779620241,38.62271699924924,-0.0125993319728112,0.0237714475936073,1,1
6412,0.0172090894781099,0.0028121755190212,2.360253898083111,5.634017415187891,-26.71754177366526,-6.1850395007149785,-6.786457673212993,43.53746405537768,18.15819520549384,-0.0190743021920576,0.0188040301493328,1,1
6413,0.076524505935749,0.0062654250179614,2.360253898083111,5.634017415187891,-16.128035009204297,12.541890066885358,-40.88317573759687,-64.4716401527304,27.988860243019147,-0.0244306410363226,0.0313123606572053,1,1
6414,0.1309709198108217,0.0085765497109593,2.360253898083111,5.634017415187891,-61.51726830962887,13.131318648647891,-38.5593201433216,-37.37419920985092,41.220510197121286,-0.0390528007346739,0.0383758883816917,1,1
6415,0.0683979189071348,0.0031100990856221,2.360253898083111,5.634017415187891,-11.537346235288284,8.763631027147284,-27.530220069047445,-75.23724280805993,24.15533971727548,-0.0186564388651956,0.0226097957586055,1,1
6416,0.0370963710272729,0.0016709045515085,2.360253898083111,5.634017415187891,-49.4110614850684,3.381266152811264,-60.72515488098234,75.37786147172133,43.323012383958286,-0.0055625941766852,0.0084830028888919,1,1
6417,0.0696054252576768,0.0036910911846525,2.360253898083111,5.634017415187891,-63.049856196850016,10.019001576220816,-78.87554627513404,67.96099966525432,53.2857060488368,-0.0188863152270542,0.0234161072855859,1,1
6418,0.0549142224241987,0.0076403065636666,2.360253898083111,5.634017415187891,-54.05167457346021,-6.116576868752048,-29.195599054505564,87.47514012786155,39.37040260861389,-0.0178501263445582,0.0254844136039499,1,1
6419,0.0609209003315795,0.003108671741694,2.360253898083111,5.634017415187891,-11.550467802836591,10.9930824935728,-39.052162236944255,-87.58270334654765,28.76342158904617,-0.0289188917787147,0.0282299594886756,1,1
6420,0.151148126510025,0.0088322182098705,2.360253898083111,5.634017415187891,-69.87331287181264,16.338285791552593,-91.94150122490257,-96.02752566807058,82.23800855334667,-0.0442097068369298,0.0408076753988137,1,1
6421,0.0765612135723398,0.0080801818527959,2.360253898083111,5.634017415187891,-27.63497963949378,16.411247085878244,-71.40749388897106,-83.57383608262336,47.18882318873938,-0.0423878260947593,0.0400662637246963,1,1
6422,0.1194927300619135,0.0032323897938583,2.360253898083111,5.634017415187891,-92.13296685021284,-0.9886628923711384,-38.505444925728064,80.94913295331096,56.230124829877866,-0.012976114673487,0.0156980250430973,1,1
6423,0.0709502721870353,0.0029893409542548,2.360253898083111,5.634017415187891,-41.94142557836648,10.957671897372665,-72.5276892636681,-26.87254627266424,53.00491375822429,-0.0293849994195473,0.0285772019483833,1,1
6424,0.1007530643777276,0.0025237316874619,2.360253898083111,5.634017415187891,-34.98507516459013,10.467688348224485,-56.7838468713868,-86.40485099603458,51.94455634221896,-0.0304373125253297,0.0316263618814155,1,1
6425,0.1796444165927674,0.008078569026019,2.360253898083111,5.634017415187891,-79.27237883828202,14.80195455417332,-73.09813429893225,-47.42219537659924,72.68077511111309,-0.0257695209916429,0.0346418913833477,1,1
6426,0.0964104071172372,0.0050129193856406,2.360253898083111,5.634017415187891,-40.01704568718163,-2.3835324018253203,-10.78058986433777,-28.62970795713791,36.04138412187604,-0.0132228902458696,0.018512158261792,1,1
6427,0.1809577016331055,0.0100109730954037,2.360253898083111,5.634017415187891,-69.48647352497983,18.989044639891773,-99.17713071343285,-84.68969311286196,84.91366428611127,-0.0359645958235477,0.0477423363190876,1,1
6428,0.0001289998918638,0.0023605623059246,2.360253898083111,5.634017415187891,13.283553186557867,0.3102220056859721,-5.964861463067777,-40.60884015223651,4.424261985808457,-0.0168858598678835,0.0193074997801822,1,1
6429,0.1732966170352843,0.0070064689824442,2.360253898083111,5.634017415187891,-84.40248678770736,3.023974063120804,-62.330157645580144,-52.77301134457287,84.99084204989177,-0.0269763359031952,0.0311761296925786,1,1
6430,0.0731467537882486,0.0076541506719714,2.360253898083111,5.634017415187891,-29.44058501907935,9.8739444195201,-75.31770335420781,-24.883837509907508,53.06401833420756,-0.0255762695569217,0.0367453362868279,1,1
6431,0.1154855732919193,0.0089646960527214,2.360253898083111,5.634017415187891,-81.62413273073011,2.8966860778003536,-93.7009020175194,6.0980946798631095,91.27310526149184,-0.0416537417721993,0.0428373174412528,1,1
6432,0.0635433524868517,0.0021878035825399,2.360253898083111,5.634017415187891,-58.15717357602321,4.035447345889565,-40.57029926989805,70.13093727798443,35.3409339384275,-0.0161868132883883,0.0181304954147139,1,1
6433,0.1172626312853729,0.0012133205657403,2.360253898083111,5.634017415187891,-92.25770286922037,8.23372304687588,-91.04904684344572,52.5223504568458,79.19188299726528,-0.0156690625916786,0.0167272874007172,1,1
6434,0.1316482676229096,0.0058695547276622,2.360253898083111,5.634017415187891,-57.55255851473253,3.598951466282415,-21.845814064645964,-13.872456940249364,41.25627279094786,-0.0052011163042556,0.0140411091044389,1,1
6435,0.0574891390167621,0.0020179688987321,2.360253898083111,5.634017415187891,-66.63038237407207,4.869620825468019,-53.81225837998803,99.02086319714972,40.94129165888529,-0.0188222952647826,0.0200568263788324,1,1
6436,-0.0003836967541062,0.0019933980395974,2.360253898083111,5.634017415187891,-9.278542249541232,4.337311769379838,-25.767940276492823,18.541305546220958,10.422216628336995,-0.0106687913925218,0.0101729478077894,1,-1
6437,0.1199483886699923,0.0062006782400114,2.360253898083111,5.634017415187891,-42.57768042762275,5.70754933336444,-21.65457919399645,-94.94624293024044,41.76437829828629,-0.0165247014858479,0.0135403098689729,1,1
6438,0.0959310521396875,0.0005947956787599,2.360253898083111,5.634017415187891,-38.91541771245017,3.1625460091959496,-10.195736116922902,-44.35331611712567,28.639049425548365,-0.0069356803749139,0.0069856736564696,1,1
6439,0.0703323102233976,0.0026494248205972,2.360253898083111,5.634017415187891,-19.50860781183775,9.164467313627128,-40.16359620047029,-64.77331141147945,32.92764592588128,-0.0215250640594372,0.024490772188809,1,1
6440,0.0989999328626494,0.0042123297817032,2.360253898083111,5.634017415187891,-48.5683139681097,12.239325581637516,-89.92666501061696,-59.768798976403104,71.15165528780915,-0.0407207580542282,0.0417067872171518,1,1
6441,0.0604356437863135,0.0027561228954419,2.360253898083111,5.634017415187891,-54.634096260274646,7.902675104477666,-78.92989195196645,50.08262080169857,55.23858259484652,-0.0153562122991882,0.019649328835408,1,1
6442,-0.0021336178178567,0.0095288943295513,2.360253898083111,5.634017415187891,-30.486894334946086,-7.138384351560958,-22.56621805356454,93.73382732177456,22.8560609222738,-0.021999769926544,0.025075712036848,1,-1
6443,0.0004048388081396,0.0017549275428407,2.360253898083111,5.634017415187891,14.923374338118704,7.798907546675423,-21.27980015316794,-56.84587266095831,4.344176844707135,-0.0214146891250913,0.0212515386527374,1,1
6444,0.002421461252166,0.0016156781755999,2.360253898083111,5.634017415187891,-6.090245746628625,2.39592304233733,-3.780375314409597,24.13843865537264,-2.036008389227746,-0.0139386055328938,0.0151447940347721,1,1
6445,0.0390507417994006,0.00169635211153,2.360253898083111,5.634017415187891,-37.57875640106199,7.551176210244321,-51.51522155713917,38.1850111859799,32.245932184133466,-0.0164247522602189,0.0177590030186318,1,1
6446,0.0682020095204949,0.0013699212118216,2.360253898083111,5.634017415187891,-40.81263560014605,6.682394028682552,-48.373359991403895,-2.033620791882313,40.42108801318051,-0.013534765749424,0.0153559698562022,1,1
6447,0.0004394708028701,0.0041141021964167,2.360253898083111,5.634017415187891,-33.34712339412782,4.203859583411273,-80.46689502289094,73.69311772984634,46.38944546711366,-0.0235286761674393,0.0266870000181099,1,1
6448,0.13362785719016,0.0081378697142534,2.360253898083111,5.634017415187891,-44.161478052491375,18.57071772352998,-87.1811211116707,-97.43111198976167,66.8288071459327,-0.0404861179272793,0.0476863760884427,1,1
6449,0.1478151655299371,0.0131827645190222,2.360253898083111,5.634017415187891,-68.5444854039853,16.69816442174246,-81.69359005743478,0.4702982738398589,63.21923971280637,-0.0281699708117833,0.0434782131916955,1,1
6450,0.1346264394526509,0.0070720482374444,2.360253898083111,5.634017415187891,-44.73700223770373,12.802330264553234,-75.18635324348108,-91.93390697938996,67.51928842385888,-0.0325348408816342,0.0411904989558548,1,1
6451,0.0278572977443103,0.0034035807329205,2.360253898083111,5.634017415187891,-2.257390057541329,6.990322488044527,-26.030843241510823,-28.102455975067254,13.241518479357666,-0.0130037486672052,0.0182740616074099,1,1
6452,0.1415762603056344,0.004388039758024,2.360253898083111,5.634017415187891,-76.41692191985472,0.8133672027575329,-45.673026516952696,-34.64600097981567,69.64263629481633,-0.0214615429201381,0.0207206270524071,1,1
6453,0.080777498589596,0.0036370192264026,2.360253898083111,5.634017415187891,-27.040716843262828,10.955143694932872,-50.99022341490802,-57.85133051766434,39.67893645255697,-0.0237335814196581,0.0278536917844992,1,1
6454,0.0803105267326468,0.0016891820763695,2.360253898083111,5.634017415187891,-53.9828183014552,3.735520320078578,-32.95948961877045,29.333904779480378,36.35598542784038,-0.01045653045696,0.0123673041380816,1,1
6455,0.1257806827330513,0.0208776580791898,2.360253898083111,5.634017415187891,-42.59871910100203,13.936498153708117,-16.119951499474254,-24.11636857235,18.154787114869848,-0.0483434241300907,0.0586867222555192,1,1
6456,0.0681548259770611,0.0172843032374403,2.360253898083111,5.634017415187891,9.690560003882185,20.674616288138296,-83.0345745992344,-85.48658171480695,37.212397271937135,-0.0363234069203596,0.0593135957348371,1,1
6457,0.0440219512314785,0.006260741660307,2.360253898083111,5.634017415187891,-18.21148997139117,14.579440889048271,-85.6935217133365,-37.48284293665258,47.58814569996255,-0.0375429735001485,0.0425755794561239,1,1
6458,0.0879065290143145,0.0022145259904576,2.360253898083111,5.634017415187891,-45.179815790245726,10.157233138391009,-48.64486093273987,-22.490767234017,41.11699465908293,-0.0225620358950602,0.0231946833842057,1,1
6459,0.0031330520730566,0.0038501619413902,2.360253898083111,5.634017415187891,-5.575571855622471,1.773100747820706,-20.0187942537588,-7.645079368606702,13.018315047896747,-0.0124770491534589,0.0106331861056486,1,1
6460,0.1243752439547717,0.0095243619961487,2.360253898083111,5.634017415187891,-60.265392881714334,1.6659077025476705,-36.64665175216317,27.322924291466137,48.95859065115556,0.0045654538539686,0.0116676846587235,0,1
6461,0.0284093481690222,0.0084107352561861,2.360253898083111,5.634017415187891,-33.04370922162076,15.661794860213533,-99.00165730260537,55.79900543454866,46.0921484593228,-0.0292515434397734,0.038683018074901,1,1
6462,0.0565923698766255,0.0107901436157132,2.360253898083111,5.634017415187891,-34.62814991191736,-3.16573283918406,-41.473850771442336,7.991019185512371,46.808631007998486,-0.0325560235832596,0.0395352912699119,1,1
6463,0.2236746776540824,0.0041943638067975,2.360253898083111,5.634017415187891,-99.84382086999096,9.21817379095738,-68.49502970231839,-88.7516468068134,93.7174121984076,-0.02102901314907,0.0245716185080012,1,1
6464,0.002576344794945,0.0325778703516217,2.360253898083111,5.634017415187891,32.12755299228027,31.30009859814814,-94.6901280293493,-71.2873682935333,13.149354799116525,-0.0673261775049059,0.0814573063402019,1,1
6465,0.1133389960199502,0.0072281076209419,2.360253898083111,5.634017415187891,-60.31312957810427,2.3140216446701203,-62.05930107373674,-48.85405981809801,71.90375719527,-0.0382356562170434,0.0375926749218918,1,1
6466,0.136991427760206,0.0017879276549321,2.360253898083111,5.634017415187891,-53.59701736876244,0.4882579897632411,-9.399321444331092,-70.80734511745892,44.02697264644556,-0.0073340921727338,0.0080886029230343,1,1
6467,0.0408667071583091,0.0069251573115328,2.360253898083111,5.634017415187891,8.139651504906254,13.7090687160174,-56.65080607953835,-96.06194929724452,29.25821224829465,-0.0365433306640057,0.043037234737584,1,1
6468,-0.0017576402324071,0.0072106298909847,2.360253898083111,5.634017415187891,13.486287250886278,7.094984523775594,-31.29743574456253,-32.97988597718289,9.305432708987468,-0.0181454137304138,0.023294225976515,1,-1
6469,0.06423638275162,0.0074998316671815,2.360253898083111,5.634017415187891,-53.92066664921722,14.932869837658645,-80.71987159408314,50.40397864334068,45.864717245525725,-0.0345616554039041,0.0383676746294635,1,1
6470,0.1342967388626743,0.0057540601584124,2.360253898083111,5.634017415187891,-97.7172198982833,-2.5273434007327467,-30.75235498457147,87.97515828063044,56.00032383294803,-0.0179935691026485,0.0232558670643811,1,1
6471,0.1551791799431834,0.0061407466338924,2.360253898083111,5.634017415187891,-65.57616894676642,8.45379209116281,-64.36492048580318,-54.04513742932397,70.89920950768601,-0.0177250317340246,0.0268447889836633,1,1
6472,0.1251534081030497,0.0176499765943573,2.360253898083111,5.634017415187891,-21.29981902045239,2.527606962294101,-6.130064944296336,-15.216906695975313,22.182110844343494,0.0076341748456222,0.0239356732711953,0,1
6473,0.142508184708785,0.0069052372623744,2.360253898083111,5.634017415187891,-82.95266282346785,-3.9867079687351454,-27.90008252178299,20.06656393026151,61.08673017403942,-0.0146031648019956,0.0199580260284848,1,1
6474,0.070845910508626,0.0004503550564707,2.360253898083111,5.634017415187891,-26.67940245306013,1.3367879624077972,-0.9806204495635028,-35.7139829487833,18.212151741601065,-0.0036979941677698,0.0039285343147495,1,1
6475,0.1168583439508682,0.0024886906444884,2.360253898083111,5.634017415187891,-85.15565896483875,5.8706855245852125,-59.589505844287295,56.493476113014,59.98913010148297,-0.0135180962549701,0.0161084143319765,1,1
6476,0.1905181900444312,0.0034720251321183,2.360253898083111,5.634017415187891,-78.38048244812914,12.963386698499704,-50.51750972987842,-96.26849000450666,67.4998762504714,-0.0282173829913162,0.0282976266995549,1,1
6477,0.0699799745911489,0.0034891318365426,2.360253898083111,5.634017415187891,-68.94613295229355,12.682748316020948,-89.99610372642525,69.35779746204733,57.91394719121763,-0.0280901496783029,0.029385083004722,1,1
6478,0.1330533240551878,0.0034800690508399,2.360253898083111,5.634017415187891,-59.996979916048375,11.289582366794647,-73.08911445323713,-79.53968292861302,71.05158029595609,-0.0334236811204579,0.0325894870027295,1,1
6479,0.1594442992860499,0.0015229898092621,2.360253898083111,5.634017415187891,-93.80359837767932,3.962586032328204,-55.34281988865956,-2.27095409561484,74.2072668298002,-0.0061510179659861,0.0067465838498346,1,1
6480,0.1364332909649921,0.0089793163814665,2.360253898083111,5.634017415187891,-50.15912075090319,15.737441388409463,-63.31321065299329,-58.1968502959741,53.17081245294975,-0.0292163505740759,0.0383853996886505,1,1
6481,0.1629690536911299,0.0139359298456641,2.360253898083111,5.634017415187891,-97.29721758015648,-7.074352908050557,-0.8350926322587782,83.79196924984876,47.26702325006619,-0.0285790729207878,0.041558975495678,1,1
6482,0.1339430079030629,0.0030062382774595,2.360253898083111,5.634017415187891,-65.33187065207575,4.119355830854985,-27.25760335844967,-18.193643771486578,46.85938306025673,-0.0077788692175734,0.011349576652212,1,1
6483,0.1548363714415181,0.0063730130730376,2.360253898083111,5.634017415187891,-62.14515172402764,-1.2622191152833722,-17.020171221103837,-60.76088534256454,54.88924447244486,-0.0142670962980579,0.0200359695342141,1,1
6484,0.0917816464318534,0.0077252785087915,2.360253898083111,5.634017415187891,-38.26636373130221,14.67594925233672,-98.15265117759844,-56.87678403042176,68.76070465840101,-0.041131304175455,0.0482081917478886,1,1
6485,0.0717163565879855,0.0027266779846577,2.360253898083111,5.634017415187891,-67.10986246021284,12.003652157773388,-84.29703457736967,58.94554587343072,56.15628542861623,-0.0270058632322666,0.0274249533651361,1,1
6486,0.0498052761275585,0.0043780209401753,2.360253898083111,5.634017415187891,-43.85801862158776,7.255954209140583,-72.11955774614145,52.59829441710241,47.34400470193302,-0.0113859232167103,0.0192560384363402,1,1
6487,0.1180218134231889,0.0029321458949023,2.360253898083111,5.634017415187891,-99.31400723634172,8.89541706521078,-83.35031217949259,88.32624410304456,71.10773611898605,-0.0209745701373603,0.0230221236972373,1,1
6488,0.0543022828377663,0.004241938657517,2.360253898083111,5.634017415187891,-41.30878012502228,11.165319356537282,-83.3503194407919,22.8093186940185,51.88455186928067,-0.023249043504769,0.0288009064689616,1,1
6489,0.1055318965677643,0.008347475029803,2.360253898083111,5.634017415187891,-70.15836078078601,17.629161491298447,-92.6142189821201,23.54626660004449,61.76255727812398,-0.0395348601633492,0.0428518190200614,1,1
6490,0.0514615740364509,0.0029378081375909,2.360253898083111,5.634017415187891,-44.93170850395316,11.805363441666003,-93.53182738292148,14.419126917183505,59.1253059491321,-0.0312491833652703,0.0325638907802461,1,1
6491,0.1283692537916151,0.0154122178418235,2.360253898083111,5.634017415187891,-64.42496168180276,4.644561412045249,-77.58986530146814,54.97033788836535,69.33537174166963,-0.0014236376107729,0.0282205349197076,1,1
6492,0.1870515785785457,0.0036284831826639,2.360253898083111,5.634017415187891,-94.9359544503225,6.8303778919674585,-69.95986734114719,-45.43130947655784,87.75152116574449,-0.0182714156645072,0.0213174378431557,1,1
6493,0.0473656070803474,0.0048528811494982,2.360253898083111,5.634017415187891,-18.146155772631616,11.4812156854521,-38.86984855269293,-22.78357428212297,20.695141132702343,-0.0267928080369415,0.0293306982154248,1,1
6494,0.1137332705352441,0.0031291356809301,2.360253898083111,5.634017415187891,-73.77451836780281,0.9507403152590116,-52.79006569749405,15.479505617093013,64.33326560547027,-0.0138773518735543,0.0159173664901064,1,1
6495,0.1529105223527877,0.0030816867862047,2.360253898083111,5.634017415187891,-63.928367676833965,8.39748177414468,-45.98971534088009,-64.7332287579843,59.60532763161763,-0.0149812150553061,0.0188253708024272,1,1
6496,0.0367974552410885,0.0060910998676237,2.360253898083111,5.634017415187891,-29.60180361264682,-4.853552892576786,-9.228518789175482,8.975831089030748,24.7335718175916,-0.0203521593147453,0.0182203953581909,1,1
6497,0.0295897478554419,0.0026605551289088,2.360253898083111,5.634017415187891,-42.03765507961783,-6.404710566315288,-1.6351278825963649,88.27967836528416,15.653794435280275,-0.019762017294216,0.0216358451674269,1,1
6498,0.0009729499371586,0.0083918209833988,2.360253898083111,5.634017415187891,0.6906220972701362,7.5358356233737,-55.53666351872406,-49.22237427706393,30.011700282161712,-0.0385631021463231,0.0355658378442899,1,1
6499,0.2008576716749179,0.0084307468434921,2.360253898083111,5.634017415187891,-95.47319983722451,-0.0841794966920161,-16.91153477576212,-12.01603611310648,61.88586045600164,-0.0092347350942179,0.0181965721235127,1,1
6500,0.6205256176064888,0.4148436795095916,1.0400317752440658,2.5682498578706694,73.06344359786215,55.8680389637866,-88.78264132339679,-34.54451296625405,-9.93412286161488,0.5981942168833321,7.050726077065152,0,1
6501,0.8555215077932352,1.2958196286319088,1.0400317752440658,2.5682498578706694,25.452894334721904,25.23497681482587,-57.46797884068743,27.196566820453043,6.778891257327203,1.977144783706879,3.134938484147628,0,1
6502,0.8583808343692758,0.5156713267034194,1.0400317752440658,2.5682498578706694,10.550945138385488,38.49926534261019,-85.71803311225221,12.112367958234955,28.8637970223117,0.3747122085965579,3.169168419824613,0,1
6503,-0.5078977150260828,1.0637895128711925,1.0400317752440658,2.5682498578706694,64.2836405784179,31.64827871040396,-52.20723396300445,-2.4017898371659925,-31.9364035011898,0.4034442152461399,4.75765301791505,0,-1
6504,-0.4247225364964477,0.8800500528812274,1.0400317752440658,2.5682498578706694,37.24194232595576,16.53272528685659,-37.25742535104906,21.851589931657216,-20.012797717800453,0.6823876820378831,2.690106343203736,0,-1
6505,-0.2710987613856056,0.8001103281603652,1.0400317752440658,2.5682498578706694,10.744372340128422,-1.416568336223122,-6.650099198889208,22.88884387447028,-9.998572032857254,0.1897160251259704,0.8966832129496247,0,-1
6506,-0.3540169030730034,1.2390597874251994,1.0400317752440658,2.5682498578706694,37.072916177975685,23.94861620080104,-94.88678150539864,62.63352270377169,2.512907798924431,0.7811022450423122,4.258485840923586,0,-1
6507,-0.279693965317451,0.566802355237026,1.0400317752440658,2.5682498578706694,41.97800295576912,17.888875323845085,-12.712446224886236,-14.320565187094218,-28.90154194123123,0.3965327352484347,2.5629952816669133,0,-1
6508,0.2130733571587327,0.3088261798159243,1.0400317752440658,2.5682498578706694,3.4082085702645344,10.857092500102226,-41.79122610855763,48.36439720253623,7.636526645489354,0.7827526767401856,1.4530364930389277,0,1
6509,0.4652879260241702,0.3401193724653453,1.0400317752440658,2.5682498578706694,10.037391196813845,20.05550427237989,-31.57169896337153,-3.689486077112477,6.605965320196575,0.2694713807581422,1.6505448102614522,0,1
6510,0.6184021883388036,0.5815595050120747,1.0400317752440658,2.5682498578706694,71.90565059856891,37.09020612725965,-6.914504646332418,-74.32901218366361,-39.06071857111066,0.8123847116250595,5.059911114476888,0,1
6511,0.4485059995577536,0.4386075647250281,1.0400317752440658,2.5682498578706694,18.77471760622535,25.7906210044208,-84.34288294613009,41.98166631569933,19.54842964017243,1.0599191891629005,3.260669106028745,0,1
6512,0.2165302157107422,0.3274721707621252,1.0400317752440658,2.5682498578706694,3.751212141279197,21.891251860796014,-68.74371871589496,53.17530448785246,16.12060878694915,0.6962222292266629,1.87388644031247,0,1
6513,-0.0232424731672078,0.3382268834827151,1.0400317752440658,2.5682498578706694,51.03405686698221,36.77557810828921,-91.57156292124876,39.28431840823433,-7.277306676453435,1.3400683278632797,4.933349308255973,0,-1
6514,0.8835985641998177,0.8910924024578996,1.0400317752440658,2.5682498578706694,-2.4941937186810748,1.47769768244666,-9.14449286497181,8.469057726406916,13.79401040706017,0.4715051344730719,1.367119596366003,0,1
6515,0.6550270209480957,0.2857103738081027,1.0400317752440658,2.5682498578706694,73.47987782813766,55.766012248963165,-72.84880895547782,-55.75073454913759,-14.634681567563732,0.2999764666667075,6.776732851739167,0,1
6516,0.4877502330845153,0.7455106223538555,1.0400317752440658,2.5682498578706694,76.28683862476564,46.80758181714586,-55.72696549457872,-27.979718425152683,-30.003204605267527,1.4547196475747843,6.100406586982876,0,1
6517,1.298777441445432,1.2002926427401364,1.0400317752440658,2.5682498578706694,11.522759683658634,41.865238722160456,-68.5994709304871,-16.137094455684647,26.894955030406265,0.3142776094659067,3.308619156883001,0,1
6518,0.1687553302157887,0.1156159740916398,1.0400317752440658,2.5682498578706694,26.28278754842546,19.76936866218541,-25.82498181010216,-6.530292506147688,-9.294408719443451,0.54464835513976,2.165673964092485,0,1
6519,0.411304789096748,0.2693221470816623,1.0400317752440658,2.5682498578706694,8.9488263068624,24.234362825426928,-64.73695920764337,31.74885330122052,16.248561278655032,0.7628174457595416,2.112179451373911,0,1
6520,0.8234114887677682,0.512008005063509,1.0400317752440658,2.5682498578706694,-2.8781340407070104,33.171608651713626,-93.07867496898491,37.41217120985047,38.64493712761728,0.4182442955070229,2.540017744004371,0,1
6521,0.1980908549079116,0.1276051141320152,1.0400317752440658,2.5682498578706694,28.526946770578174,18.63868293644326,-8.292911186685288,-27.4802969482042,-15.568722352263592,0.2939396621147858,2.00444218163384,0,1
6522,0.0520361281324549,0.3771165596894874,1.0400317752440658,2.5682498578706694,7.201232022071153,14.875911973465833,-84.6070532762997,87.82755255268623,18.388104098462435,1.5607328554911657,2.080436616158201,0,1
6523,-0.0896016177605133,0.2265885822601905,1.0400317752440658,2.5682498578706694,13.246072630398544,13.45996862957557,-43.04361429608357,36.204565864001154,0.4414922291661156,0.8191784367977921,1.4255099819777182,0,-1
6524,0.4203094909064466,0.3778571342575961,1.0400317752440658,2.5682498578706694,18.62097170342869,23.87970150501755,-74.88466609466371,35.99090004531169,16.068803282532244,1.0049948600983722,3.01638174881698,0,1
6525,0.1013052314186371,0.4295612000640232,1.0400317752440658,2.5682498578706694,96.79479610090344,37.85329768249508,-7.462381688419143,-73.81775880916518,-60.14695014640717,0.7139557852531464,6.451450535860004,0,1
6526,0.1554349086137747,0.0585808978964997,1.0400317752440658,2.5682498578706694,25.123720267596557,21.01852403079856,-44.89807728065417,1.5261119327223156,0.5856409271777494,0.2853432121992192,2.68759651210562,0,1
6527,-0.2633967596459348,0.5676172759341083,1.0400317752440658,2.5682498578706694,96.90651453461804,53.80329301393388,-68.57850081220774,-37.37709804065816,-44.84035321636475,0.4884056382860864,7.326022002419073,0,-1
6528,0.1756127182186539,0.2134315589261601,1.0400317752440658,2.5682498578706694,87.04506759888264,46.813067851525744,-44.83160888364384,-57.52106368297476,-39.56790506486079,0.4650442338196687,6.649684078521178,0,1
6529,0.9981118207303576,0.4234102061707473,1.0400317752440658,2.5682498578706694,-26.481848712250127,15.556882675788344,-86.7102972785033,55.0998196450675,58.19339411695003,0.556771445621769,1.0990914162511167,0,1
6530,0.1322730634443671,0.8206522038602561,1.0400317752440658,2.5682498578706694,76.49313311663846,26.135356515194445,-14.667100401665806,-41.491600717207234,-43.0607832766204,0.7314500660984193,5.578876860797466,0,1
6531,0.5914082067806865,1.000654817665064,1.0400317752440658,2.5682498578706694,22.57653967578355,23.935883169598757,-77.80296825870101,51.43662898284438,13.485713033483265,1.7963239083128677,3.3339894185013783,0,1
6532,1.133934513258784,0.6074249949186971,1.0400317752440658,2.5682498578706694,-13.313809304238973,3.897159899221364,-5.4482447588219145,-25.120536355560333,27.482206163312767,0.086394883965584,0.3905153980896487,0,1
6533,0.13868689248941,0.2594496671936493,1.0400317752440658,2.5682498578706694,35.90346503706442,26.074423101661807,-59.95292564386583,24.23408676658121,-5.583124290739661,1.1557120354987689,3.436323207934984,0,1
6534,-0.0430558782164747,0.4496604777357247,1.0400317752440658,2.5682498578706694,23.50251352905562,14.73082898673664,-11.879921220978446,10.060922533693445,-19.52696339866158,0.7828610073831826,1.5224024328689438,0,-1
6535,0.2182410253776914,1.1403113018877111,1.0400317752440658,2.5682498578706694,9.51014057968436,-2.0086895162200022,-22.582700521294512,71.39113662167941,-5.455459120692623,0.5249966747094272,2.758853661957917,0,1
6536,1.3026937228509814,1.1303938153023858,1.0400317752440658,2.5682498578706694,29.332650000487604,47.49884350441843,-64.22277582922285,-37.694753987589216,14.867738038856814,0.4772272144950733,4.197073616039824,0,1
6537,0.0977616617234199,0.0656271370506056,1.0400317752440658,2.5682498578706694,2.120411737856358,6.986200347621008,-35.8963763295652,27.56098809984661,11.146756563069331,0.4016478465766038,0.9745720671620844,0,1
6538,0.7948580583724079,0.479633803857674,1.0400317752440658,2.5682498578706694,26.61413653359588,20.059573888922387,-7.582227526844704,-49.32535736555188,-3.945085238344873,0.24250990764683,2.5481741917856304,0,1
6539,0.08660785801299,0.3805254066003791,1.0400317752440658,2.5682498578706694,19.21081137222764,26.264880442105536,-91.36154459369608,78.60838152373475,10.457496013828376,1.8501241871275071,2.709709732409189,0,1
6540,-0.169802458692813,1.3769575428262617,1.0400317752440658,2.5682498578706694,68.74140747603198,31.937472937967527,-74.92447491115155,9.283164771845035,-19.649624701513574,0.5235673510342229,6.274916340167624,0,-1
6541,-0.0119964710462178,0.3706713907934716,1.0400317752440658,2.5682498578706694,20.71103075933054,9.357173432340415,-5.841708534440457,18.08642750254353,-19.75869630235016,0.8413817765464885,1.4468492632845131,0,-1
6542,-0.0996680133951614,0.7355943389234935,1.0400317752440658,2.5682498578706694,18.564551241186948,13.366792159663548,-76.78974815572208,80.82799237476769,7.558392133279995,1.3925709021395734,2.7684636307027666,0,-1
6543,0.9307148839689208,0.5443911639920639,1.0400317752440658,2.5682498578706694,49.70279083644385,46.69677152834123,-80.55294773605688,-30.56045057699059,7.548990640884284,0.4816183435550609,5.716433672251318,0,1
6544,0.6470487590931975,0.5293740713613467,1.0400317752440658,2.5682498578706694,69.66506934328893,55.16645949160261,-96.59570530066914,-21.53014376308224,-5.357282382597489,0.795315565500446,6.993208913865333,0,1
6545,-0.0485971219279646,0.3359402367347174,1.0400317752440658,2.5682498578706694,15.492682063364825,15.372590965374428,-70.88011785096379,61.87962891427969,9.59537072381083,1.0949315276699578,2.346292804031297,0,-1
6546,0.2337929351553755,0.8156502270907242,1.0400317752440658,2.5682498578706694,71.14240884546766,45.25772585963864,-88.61104777614867,23.458650314091088,-20.386614676838818,1.944572071970988,6.22163050974984,0,1
6547,1.0495903092744316,0.428744405678427,1.0400317752440658,2.5682498578706694,50.06281471710636,56.55218423884929,-99.65256110799564,-33.82058855838514,15.049572785185347,0.2782784315175859,6.2225487491230815,0,1
6548,0.3228403297224536,0.4120641413757745,1.0400317752440658,2.5682498578706694,18.37420629139166,16.67627711498902,-54.84341477703316,31.881312515411054,8.201347445028546,1.0031980923820034,2.553950348113343,0,1
6549,0.6395345328083458,1.0584441382120486,1.0400317752440658,2.5682498578706694,-8.72106236495192,10.981640551230228,-89.27081536437159,81.22515429521854,41.64481806428341,1.1350060756176046,2.1527850992207886,0,1
6550,0.2895500434790466,0.3492811187187098,1.0400317752440658,2.5682498578706694,13.5142607895894,10.72951210983517,-35.54205732818768,28.6429817169082,3.271651724429404,1.0546383045017147,1.7498636651122,0,1
6551,0.0143713663298857,0.429226127411165,1.0400317752440658,2.5682498578706694,8.936455495206033,10.822868110031903,-68.58938256690962,55.71634806918371,17.366295626331564,0.5623492642720745,2.2781816731948714,0,1
6552,0.9208330311269192,0.6120485260737912,1.0400317752440658,2.5682498578706694,55.529393983805534,54.69131762764815,-92.4522194829046,-23.749748240579137,4.470952524865538,0.8085587042366842,6.115591301896759,0,1
6553,0.3650217267928777,0.6272768890078531,1.0400317752440658,2.5682498578706694,30.15342431694552,27.28448601912106,-82.1074413505304,44.892939345684766,8.553597966710129,1.449656058046179,3.789749168505963,0,1
6554,-0.020757326794379,0.1405505322983348,1.0400317752440658,2.5682498578706694,35.941093674637926,15.405801154940548,-4.923013480601185,-15.058807790207425,-25.547015706760742,0.7000682515954475,2.1388343085931982,0,-1
6555,0.1774238133411152,0.1252464252637022,1.0400317752440658,2.5682498578706694,38.00813779061991,31.18165726324108,-66.70599679003871,8.816119869437514,-1.7158076421128925,0.6348630289310453,3.890684854271827,0,1
6556,0.4081877759589416,0.3309773429499522,1.0400317752440658,2.5682498578706694,0.3071119656777483,9.842201860332494,-19.80765121161143,-2.1335771297614485,10.83190035004975,0.1286168614278167,0.7883658831528879,0,1
6557,0.1313818433781515,0.0631295997041524,1.0400317752440658,2.5682498578706694,58.34756515182221,37.15733166599665,-44.51752789470576,-33.811439470040014,-22.169743776802832,0.3011052342179434,4.706191613292313,0,1
6558,0.0362189356763185,0.4637561422113562,1.0400317752440658,2.5682498578706694,66.45369166886229,38.97982536530768,-55.33956410957097,5.403997736017757,-32.191759276268655,1.68089321942672,4.910724812449553,0,1
6559,0.9327597415662934,0.6823671434950958,1.0400317752440658,2.5682498578706694,62.92417363575788,42.85383598105415,-34.96202838658809,-66.56136671720247,-18.06734137207691,0.6517337407970936,5.457173240316768,0,1
6560,-0.0618523609089307,1.1657735863970955,1.0400317752440658,2.5682498578706694,58.28231867165147,20.768013456116293,-41.94587712706874,42.425955402186446,-33.89246631402287,2.232442213109928,4.323630672260112,0,-1
6561,0.5525194142667407,0.5669777131910725,1.0400317752440658,2.5682498578706694,53.75600257602818,41.689641996205296,-77.94246479833332,-2.7326192521978783,-4.250474213824049,1.0916954754931814,5.399853900922546,0,1
6562,0.2463885983973605,0.1875200458575146,1.0400317752440658,2.5682498578706694,-5.15803607034384,12.101440214358831,-70.57502448448945,46.67915744827815,31.14802551827077,0.2952954524458145,1.4927189161986352,0,1
6563,0.2089343688277367,0.5004718468544649,1.0400317752440658,2.5682498578706694,50.68602267388485,20.83516021403324,-19.07070909281431,-11.694316169132309,-27.51685283269332,1.1611344197105795,3.7002463813830246,0,1
6564,0.2894540230367557,0.7107122909205112,1.0400317752440658,2.5682498578706694,61.62360578585816,43.37581310010657,-98.4701339027151,24.03272921764857,-6.585107536555455,1.4060415792489835,6.135325932065269,0,1
6565,-0.1502583328766844,0.7797495409871028,1.0400317752440658,2.5682498578706694,62.34527833339064,45.79395090996695,-92.85442621144128,45.13563953322631,-22.16968393191732,1.991479169870152,5.123894729935767,0,-1
6566,0.3216826637532813,0.4611008404060479,1.0400317752440658,2.5682498578706694,25.20348552553719,20.33200802514924,-60.80076283634892,21.488957424818693,7.956806316729256,0.6975684207008792,3.279927140552356,0,1
6567,-0.0429183048802752,0.3136181469773116,1.0400317752440658,2.5682498578706694,46.20086951690479,26.880829040320336,-58.56263010205218,13.942039989951226,-12.709746592869138,0.8012740167689205,4.1214962497993,0,-1
6568,0.7242405110556553,1.0508275698638985,1.0400317752440658,2.5682498578706694,34.36048338243913,33.81900832065276,-45.63281567205311,-1.4619255690582236,-6.198251447421924,1.463485151454119,3.304108743294249,0,1
6569,0.6247319267467539,0.4926880446142937,1.0400317752440658,2.5682498578706694,22.497202264313245,19.249082434950225,-39.4507346067699,-1.8564430496530235,5.794448704621843,0.7550569914663987,2.798679646202549,0,1
6570,1.3357748283061175,0.554951484404671,1.0400317752440658,2.5682498578706694,-19.057057288779177,21.698445764056444,-73.98601399849177,17.797473110170884,54.37121224088358,0.3352642507554539,1.6030691191974384,0,1
6571,0.0809116221158854,0.9822670466026268,1.0400317752440658,2.5682498578706694,48.68660004416839,32.42262665805313,-31.670763769188056,6.36032429407507,-31.79795203127564,1.598798350800808,3.2434814462124204,0,1
6572,0.7623356866175516,0.4559164082909206,1.0400317752440658,2.5682498578706694,-33.776320311712425,6.861168060438885,-85.47264011999363,68.74507487015615,61.70151746557062,0.3934811399621696,0.5135868603661173,0,1
6573,0.1141603420440431,0.3678998806313647,1.0400317752440658,2.5682498578706694,67.18282222088027,29.66392932937231,-15.443718634914632,-31.743977510628056,-41.81575483218462,1.1780710917558823,4.417115931181165,0,1
6574,1.7702887453180394,1.2176497977018843,1.0400317752440658,2.5682498578706694,32.670826505369035,39.16366567389082,-28.28467442238704,-83.71464558937149,11.915567276167522,0.3396233808358491,4.197811348422922,0,1
6575,0.4567959373521488,0.2072784129568008,1.0400317752440658,2.5682498578706694,55.71803351772039,46.97103171639992,-85.46515307557613,-16.945508965121633,-1.669456922261617,0.4240592466686119,5.751061376434334,0,1
6576,0.1994930960000589,0.6878996693204819,1.0400317752440658,2.5682498578706694,24.21828013293536,24.63333902627221,-50.54000598494344,39.77733032035954,-6.665422969582281,1.4698849346405207,2.4196016885919978,0,1
6577,0.0190947309398088,0.42888434153132,1.0400317752440658,2.5682498578706694,43.0398508122714,21.368796638124792,-48.15446432213412,25.047559379005374,-15.834153609837102,1.3020866348957705,3.6532078399529113,0,1
6578,0.4517158762468322,0.1665068645647653,1.0400317752440658,2.5682498578706694,12.812848208463508,9.044767830920122,-6.490404554867752,-17.273105094522265,-0.5462789585108112,0.3357634090796266,1.3390308854481892,0,1
6579,1.0609653880918617,0.8403568320945739,1.0400317752440658,2.5682498578706694,65.28359610564968,36.23463785842191,-9.707883749395734,-92.49734760535796,-23.39247490982565,0.3370382223883172,5.430566784196758,0,1
6580,0.0556977586154951,0.5463327564020275,1.0400317752440658,2.5682498578706694,69.32196664012844,38.15792839009282,-71.69109653911832,-5.4579489749042125,-20.095939070233957,0.7087489336709019,6.141654248317195,0,1
6581,1.1534186891809477,0.6133887176222634,1.0400317752440658,2.5682498578706694,-11.497377641450823,6.813533933036496,-9.33386210589316,-18.581779524701687,25.50314620552309,0.3281016207223203,0.5203427153769314,0,1
6582,0.072865161715711,0.2459886846117031,1.0400317752440658,2.5682498578706694,47.123128637176166,25.405844086903656,-44.03547783374901,-7.141811943228788,-15.070074673040352,0.5188586223288438,4.079633477879028,0,1
6583,0.5427802640590289,0.6590818902858695,1.0400317752440658,2.5682498578706694,-12.547877845131922,12.217611528455905,-93.1961931410856,84.52176159802065,43.80643661143054,1.1498667119984614,1.6924155631167963,0,1
6584,-0.4986695781895748,1.1675137931169963,1.0400317752440658,2.5682498578706694,37.21754193699832,6.363325090223725,-13.60638191467828,39.90493793267751,-33.588434459250834,1.2673204122132875,2.2186962485971717,0,-1
6585,0.5557326045325964,1.380394106084216,1.0400317752440658,2.5682498578706694,46.24694966560054,16.448230785375316,-20.723455478653577,-7.541316509182351,-18.1361118820592,1.2050648850766106,4.111753585492788,0,1
6586,0.6447722557253053,0.2695613335470082,1.0400317752440658,2.5682498578706694,-4.958728926299699,21.83966862627402,-64.08739151659992,27.06366628078642,29.60735781462742,0.3067533545188972,1.6514386861705228,0,1
6587,0.0109147565951177,0.6098095484541917,1.0400317752440658,2.5682498578706694,81.38270176664147,35.41891109627642,-5.316589963224445,-41.19110938085668,-59.52976631971829,1.5841696806012286,4.720367456797011,0,1
6588,-0.3037060977257426,0.7955124021951474,1.0400317752440658,2.5682498578706694,74.09774433165325,34.83086795296978,-51.99699430846829,-10.722638365568145,-35.91856965709839,0.6690633906711496,5.587411743501894,0,-1
6589,-0.1302666775724952,0.606835601747864,1.0400317752440658,2.5682498578706694,22.49875061025952,32.94498523947468,-96.28904263079907,73.0734166780245,6.19380440901756,1.2961580362213945,2.9805151504523306,0,-1
6590,0.2353853982870726,0.7217668616793786,1.0400317752440658,2.5682498578706694,53.57050864209239,32.08538131254892,-72.65382217527481,13.872463746581415,-8.67911747443732,1.0421020910491583,5.233506873805492,0,1
6591,0.1432986870867303,0.2320947062757463,1.0400317752440658,2.5682498578706694,69.21093511530424,40.24743196726038,-36.003469065807415,-38.50062440735758,-34.98951757180552,0.7833865194626517,5.016352206801794,0,1
6592,0.9395137316763176,0.4438705025706105,1.0400317752440658,2.5682498578706694,48.050648050803005,45.81987389375516,-70.77032427246093,-39.55278251901064,5.237929277059976,0.3637628616167889,5.383199930701509,0,1
6593,0.7615989969104267,0.2657315245793861,1.0400317752440658,2.5682498578706694,10.37932070213759,31.11684346447322,-74.79203473400963,10.27074354326794,26.31489027254439,0.4197056261554419,2.8313033511309573,0,1
6594,0.3792097295867138,0.3376055047142378,1.0400317752440658,2.5682498578706694,19.3503897654153,16.019583630829942,-43.307632084566784,10.144906000122717,6.691254818069695,0.5736813180797838,2.554388812518812,0,1
6595,1.0268748961771057,1.1686267060703637,1.0400317752440658,2.5682498578706694,3.512481875972526,23.471904314371344,-95.05847145953636,39.29744875065023,44.140404783592885,0.8316727955345373,3.3222854922820755,0,1
6596,1.202772047043478,0.9362539529896444,1.0400317752440658,2.5682498578706694,24.965062560727475,43.40943988264971,-91.74681511677188,4.179261012403245,26.30919623886257,1.0813123237905449,4.3331601920401255,0,1
6597,0.3443760100617934,1.0668185688306928,1.0400317752440658,2.5682498578706694,73.79602771444164,27.22411563695573,-3.2539801292583093,-31.88960914995793,-49.48670422430803,1.830676396676471,4.730555806565701,0,1
6598,0.0727485145724882,0.4661004611590829,1.0400317752440658,2.5682498578706694,35.88452413508921,20.00712691281525,-8.721723214011305,-32.34145877114503,-20.850080692632147,0.1837391159128749,2.424954781226483,0,1
6599,1.034324826084894,0.4975999515271042,1.0400317752440658,2.5682498578706694,-13.061004803798951,20.120056404722945,-82.10976837408317,35.95623468088817,49.16770381992663,0.6304932963848378,1.798072439976247,0,1
9600,0.436221790587649,0.103678283042588,1.0352253157245797,4.45778214968442,-34.341878629361574,5.919901378795615,-30.54672007494588,14.92614968966754,44.76171788154119,0.0346787996400118,0.1074155292078217,0,1
9601,0.2567266820591597,0.1073001672251729,1.0352253157245797,4.45778214968442,-25.13956245338953,26.126452065410103,-47.16088062691123,-26.964406393807707,35.269888219218444,-0.1278263503476099,0.1868501576675,1,1
9602,0.3674491255311944,0.0237505050720517,1.0352253157245797,4.45778214968442,-48.59572212894883,9.262907460673574,-60.13585802616681,14.017301188453658,61.15065267432021,-0.019745604489086,0.0352014721556486,1,1
9603,0.0524878554597056,0.0502565426001708,1.0352253157245797,4.45778214968442,-16.006580332645754,8.661219548762958,-39.86415821635149,82.79064438050418,15.631531234770408,-0.1084318910589724,0.0951651879529297,1,1
9604,0.3622139703309147,0.0333684407828693,1.0352253157245797,4.45778214968442,-55.32765101100361,4.313420151719654,-73.78503824355965,87.12976860901313,65.20394314715418,-0.0580879845374666,0.0588423383938697,1,1
9605,0.2512990854960998,0.0555279235525279,1.0352253157245797,4.45778214968442,-31.187099995903097,21.70799693853587,-52.11300837056604,-52.153482627981454,45.16706421181536,-0.1185140134339627,0.1498455478241696,1,1
9606,0.0952703776492499,0.0816258693621251,1.0352253157245797,4.45778214968442,-24.34600520832436,14.51594249324279,-52.35357045432397,45.7834240593532,28.43838636371288,-0.1201385444731884,0.0861564624613552,1,1
9607,0.1255330118364016,0.0236431242482137,1.0352253157245797,4.45778214968442,-24.07227909773995,12.41667311779318,-51.08454039226361,5.514426249776406,34.39178569701883,-0.0659592663575696,0.0895587637751025,1,1
9608,0.0989006757244267,0.0821358321421225,1.0352253157245797,4.45778214968442,-16.588211761462574,-7.0037839368098105,-10.175224088219608,41.5929049666635,15.84497320906955,-0.0879223591501384,0.0515279243143409,1,1
9609,0.1429095093447465,0.0374525631756286,1.0352253157245797,4.45778214968442,-35.9193296989979,12.714817117150218,-72.50540084281913,-5.302496934760967,51.99176184308567,-0.1201791005276754,0.1232544794409573,1,1
9610,0.0906866341030352,0.0338615056146515,1.0352253157245797,4.45778214968442,-17.63511124665918,1.7305856278465797,-30.56579546257616,88.0565520388634,16.42765532764308,-0.0960465495705035,0.0880758078282219,1,1
9611,0.281352823938539,0.1044515290128844,1.0352253157245797,4.45778214968442,-18.082246035123404,6.81574559582188,-33.74959223985353,36.1432831608457,29.38452845813489,0.0922159374435019,0.1156984576665601,0,1
9612,0.2685577341023777,0.0795717565746156,1.0352253157245797,4.45778214968442,-27.97593838167063,8.0978450697541,-34.50494566806171,76.88338317852268,28.76412614183127,-0.1215054616904807,0.1540943256184314,1,1
9613,0.0352506480809496,0.1053063422287013,1.0352253157245797,4.45778214968442,-1.2326255499197458,21.85825205620605,-25.772468488900916,-74.36159432515788,11.632558820179966,-0.133216140686036,0.1997433056910368,1,1
9614,0.1461785205523627,0.061056511452415,1.0352253157245797,4.45778214968442,-28.166051372139123,-1.0405252537974974,-56.340591343837886,88.51365777178006,37.452664666583104,-0.0080606374376315,0.0838863300112675,1,1
9615,0.0195161659067115,0.043051773543225,1.0352253157245797,4.45778214968442,3.2749712258521697,1.6304140382930683,-7.190118140794482,35.55595923161761,-1.883555245143583,0.0357034984198686,0.0553142924859988,0,1
9616,0.1176985855518586,0.0165370857930819,1.0352253157245797,4.45778214968442,-24.36012382383524,6.513597382479247,-44.05596468939567,-1.9035540540200488,34.55106996996784,-0.063301321326585,0.0707507048198434,1,1
9617,0.4258888246387899,0.0595378830656773,1.0352253157245797,4.45778214968442,-45.03827146186941,8.410687849708665,-42.62918422451947,32.461424448159306,51.98416345948584,-0.0808567772587253,0.1076465209479665,1,1
9618,0.4776244435634925,0.1473396771238888,1.0352253157245797,4.45778214968442,89.8904319165296,74.32177115077997,-98.98752286029917,34.815996194808264,-14.593977814264749,0.3794984888953249,1.5903702770318078,0,1
9619,0.6562689040387635,0.1043627797203716,1.0352253157245797,4.45778214968442,-66.71531528944556,12.446658502196456,-62.37937929709284,4.801198034063802,82.40392631336914,-0.024820122468457,0.1035474920981444,1,1
9620,0.2313301520318012,0.0867120550728816,1.0352253157245797,4.45778214968442,-15.554786999709208,16.89024412695676,-18.929374652009173,-7.039624050582802,18.572983589683773,-0.1015431660989571,0.1508403738086761,1,1
9621,0.455854245682173,0.0809813785963223,1.0352253157245797,4.45778214968442,-36.49989857632898,12.602698256913754,-29.343029104281584,-22.411884234164678,46.72678869201059,-0.0148619063006363,0.1115165769542938,1,1
9622,0.1210170955778865,0.093133132522988,1.0352253157245797,4.45778214968442,77.9807770354069,27.956684035671287,-6.604217565776082,89.42403927730675,-51.56564509771218,0.3613416588452494,0.742032488489579,0,1
9623,0.2414336128093137,0.0997894368664097,1.0352253157245797,4.45778214968442,75.99560388121105,30.606353847425964,-10.369944474245967,69.41763198561898,-42.845485366828015,0.3781811978249429,0.846661437326911,0,1
9624,0.3049319202278113,0.128336154361587,1.0352253157245797,4.45778214968442,94.77086351594534,44.60530206927129,-53.15112186267259,15.700240044685316,-29.43518017816278,0.2943630896714373,1.4646084852990655,0,1
9625,0.2302678487825404,0.0608486986389412,1.0352253157245797,4.45778214968442,-27.74991956184654,-0.7205180914186684,-37.28130179157176,88.02490412866482,31.55712833181937,-0.0478977004601786,0.1084096642562971,1,1
9626,0.3051352319606361,0.0796168797872789,1.0352253157245797,4.45778214968442,-41.15452079474884,5.667654243214386,-40.10197718556717,-92.46697361114238,58.67717973041693,-0.1401287793068415,0.1297539028632606,1,1
9627,-0.0094504601325957,0.0545000884432862,1.0352253157245797,4.45778214968442,-18.28477805551533,6.826204339722992,-52.342867934027815,17.27363013565359,28.059524928928084,-0.095661836507439,0.0879646857143013,1,-1
9628,0.5033135564507797,0.0362555487731226,1.0352253157245797,4.45778214968442,-52.33236733187985,20.328322421343216,-47.09204748928928,-95.66939333409516,68.74137039644802,-0.1047321802008084,0.1097267141121005,1,1
9629,0.3144495876329277,0.0268331192634613,1.0352253157245797,4.45778214968442,-40.35066410299362,10.680574062669308,-51.45234445118029,38.33262889003473,47.52965324977984,-0.0767628599452646,0.0816771795600612,1,1
9630,0.1932167753652225,0.0537146103518469,1.0352253157245797,4.45778214968442,-42.756771935934566,18.12170558054665,-85.73226256590402,-14.886559552077088,62.03491764289853,-0.1438119254342772,0.1545197381148601,1,1
9631,0.2207317121035826,0.066367038385184,1.0352253157245797,4.45778214968442,-28.84722802625535,17.653038195443344,-56.69107359199217,52.397949831911006,35.69969619845983,-0.0909600861292015,0.1391033269096749,1,1
9632,0.1531945935767255,0.0184154317792028,1.0352253157245797,4.45778214968442,-25.341123754304903,10.857737470095104,-47.19423414152506,7.727097715282085,34.82705451769817,-0.0492418380775878,0.0714479315618284,1,1
9633,0.0491638564824613,0.070234807548941,1.0352253157245797,4.45778214968442,-27.05283380111021,13.336368879143464,-67.99063388133904,73.22201313015236,32.88796796518179,-0.1010874383769629,0.0680494706557198,1,1
9634,0.1273066261762543,0.1447634767721308,1.0352253157245797,4.45778214968442,-25.34519310922518,6.669445415715771,-76.052354332428,49.91416948637354,45.159459944677366,-0.0564915318086072,0.2357917101275796,1,1
9635,0.4008381148458378,0.0790967848752153,1.0352253157245797,4.45778214968442,-39.86555960977427,7.258698561831125,-40.98934654024209,-40.34610902004982,56.16205994871743,-0.0169837721117883,0.112171328102767,1,1
9636,0.2560509866720803,0.0814887135205294,1.0352253157245797,4.45778214968442,96.99883183798184,48.47890463685269,-46.85449941919477,17.625078367103853,-37.73385909687601,0.3110435456459404,1.361459820196833,0,1
9637,0.2324182599472297,0.0916410540831055,1.0352253157245797,4.45778214968442,-9.658598212930272,18.86940769198371,-14.50341641999266,-90.31177263284472,21.756502262442893,-0.0598184747708709,0.1848605268125185,1,1
9638,0.6475020977059667,0.0516554233054947,1.0352253157245797,4.45778214968442,-61.15183709178656,10.904945010477718,-32.954214973571325,-88.70808251698152,76.13763074261263,-0.0270370685110841,0.0396373682300585,1,1
9639,0.2637506019997373,0.1144139131536216,1.0352253157245797,4.45778214968442,60.097615158633744,44.87509200332974,-57.97160232773925,99.56341960373253,-21.930125897894868,0.339220107948984,0.8690544979501125,0,1
9640,0.0081909045516992,0.0875731127615766,1.0352253157245797,4.45778214968442,-15.27266769287479,6.968858957237487,-65.22470887175598,56.92185942141669,29.260967237042134,-0.0518367069464168,0.1716032866523799,1,1
9641,0.1745443031575649,0.0396466850009457,1.0352253157245797,4.45778214968442,-18.922271961606185,-3.049660672142892,-17.018481137539837,15.77038070026697,24.277283907806307,-0.0230741769187034,0.0644657913730643,1,1
9642,0.2549150968655065,0.0413768995867331,1.0352253157245797,4.45778214968442,-22.56866666670432,18.109520604770225,-22.499425114750625,-95.4762533904352,33.517224894374465,-0.1081462394030286,0.1265302834415862,1,1
9643,0.2979682165997212,0.0600052980584011,1.0352253157245797,4.45778214968442,-20.123055606129725,8.81428846894417,-12.993498342821397,-9.679201337948712,24.99797679424836,-0.0257052193742884,0.1003011488094706,1,1
9644,0.1151217853243702,0.0840523542007111,1.0352253157245797,4.45778214968442,-24.059455911026248,22.096739633934973,-54.18758607466494,-28.61559541935283,34.29714834928345,-0.1551248354223032,0.1367146409295725,1,1
9645,0.1765743650191802,0.0783324235183446,1.0352253157245797,4.45778214968442,-29.49147885399495,6.988654931481023,-56.36123895701524,-8.013129970190974,45.806471875289446,-0.0805434894438838,0.1542898382651974,1,1
9646,0.3449246016180127,0.0669131002800102,1.0352253157245797,4.45778214968442,-39.31302378584003,18.30184171860681,-63.35593766632069,22.08034984862036,52.03878327140802,-0.0459422755670468,0.1304530225813479,1,1
9647,0.2427976696538253,0.0899615237489023,1.0352253157245797,4.45778214968442,99.7976177241957,49.88085056303785,-61.92890851146247,54.851180386174434,-37.06176144684499,0.3365110253867172,1.4313392885287088,0,1
9648,0.1609760907652529,0.0089661651924881,1.0352253157245797,4.45778214968442,-34.33117047841712,8.469120625216206,-65.75181350495856,62.75492996217815,43.5299888443505,-0.0284459820605955,0.0378322129565691,1,1
9649,0.2533705955924885,0.1291844320290858,1.0352253157245797,4.45778214968442,-43.47312864434352,9.67949910331889,-60.20227824541976,67.97723728328108,47.88711424058522,-0.1345937133692459,0.0737940315736366,1,1
9650,0.3750104458648017,0.0410960105643085,1.0352253157245797,4.45778214968442,-30.049205536531744,17.900948286845207,-15.376618174420171,-92.96203135783998,38.5259434355736,-0.1040130972000853,0.1081739991552629,1,1
9651,0.66660943778364,0.0778771181934229,1.0352253157245797,4.45778214968442,-71.61027228526606,12.942406522820193,-63.66910907405272,-64.05930740594474,92.9422296864085,-0.0218238230833849,0.0693682906822354,1,1
9652,0.3791696942146128,0.0690993898754811,1.0352253157245797,4.45778214968442,-45.604004566253465,5.387486990709519,-49.07964997987679,-39.63513590533589,62.66369881846271,-0.058581931313059,0.1063078966899898,1,1
9653,0.3528482339228492,0.1116157232002548,1.0352253157245797,4.45778214968442,-22.475309222700982,11.443883610178789,-0.3611771461384307,-5.823376115984715,20.619523481987343,-0.1648268174475582,0.1736207680626832,1,1
9654,0.103589790538193,0.1075275841074678,1.0352253157245797,4.45778214968442,-2.87701893502674,19.8132656491171,-34.02625960990488,-16.116908813106463,14.016611290831603,-0.0394718778594138,0.2031320503165347,1,1
9655,0.0053613655687043,0.011840620623751,1.0352253157245797,4.45778214968442,-15.541332706487497,1.930607523483573,-45.37163032277925,72.30499041879602,20.54851564747044,-0.0030735508897196,0.0218963522707535,1,1
9656,0.4069969076865001,0.1117498963122756,1.0352253157245797,4.45778214968442,78.18233740895715,49.35573764009092,-31.61680908038032,-18.557325150867143,-26.400055660755555,0.3278312504735234,1.158398477873212,0,1
9657,0.2374455256992171,0.1336151798203865,1.0352253157245797,4.45778214968442,-30.4632973604774,25.72874979808786,-75.9308137187069,-43.538459288232254,52.77939668647432,-0.1192671118936744,0.2613754017177078,1,1
9658,0.4556776856571763,0.0616329265148867,1.0352253157245797,4.45778214968442,-47.44890963809401,5.407666600411233,-42.47249650467735,4.802811955288533,58.79059403118251,-0.0021405508544526,0.0551706237426429,1,1
9659,0.1730940646787936,0.0967052707452355,1.0352253157245797,4.45778214968442,-31.490708475651857,15.818022347818156,-75.35281173464001,-8.083869338679477,51.34349729599356,-0.1014476446387377,0.2018945465490313,1,1
9660,0.1867819055265211,0.0694334113775455,1.0352253157245797,4.45778214968442,-34.567978752218934,18.492831828687287,-80.99865817985905,14.139810211612328,52.34418304132103,-0.085223096565462,0.1665402418877974,1,1
9661,-0.0156176391014238,0.0458550194779914,1.0352253157245797,4.45778214968442,-19.746390009386783,9.54941335969292,-64.21446847737282,58.65463071735567,28.36560997677321,-0.0664758727189651,0.0713425751660672,1,-1
9662,0.1708992825862301,0.0590600812629925,1.0352253157245797,4.45778214968442,-25.04600025948851,2.1341851211282687,-49.73428875411084,68.81442885805603,34.41775009056312,0.0225450095965134,0.0734934003056076,0,1
9663,0.1202069178760308,0.0602599043774687,1.0352253157245797,4.45778214968442,-35.85515621087947,19.545249975510146,-94.70281992169627,43.84656017575625,52.96898495957538,-0.1039057713600116,0.1569603493952616,1,1
9664,0.4604860725954799,0.0537591689107029,1.0352253157245797,4.45778214968442,-48.65593626376927,17.683533870368805,-55.04659439132784,-29.545524732811643,63.20623779306098,-0.0548375494181104,0.1066623859787871,1,1
9665,0.1333859891703109,0.0438259491816319,1.0352253157245797,4.45778214968442,-17.73703529570257,-1.8013967958309536,-15.95549644917888,-39.94401983788989,26.856481211963043,-0.0839274276925827,0.1001863369551772,1,1
9666,0.1237326594828806,0.0334099751831552,1.0352253157245797,4.45778214968442,-22.58006593544013,11.510295977967845,-48.4111150382302,-6.9011334581093,34.12630682572575,-0.0687480872355939,0.1056348017618817,1,1
9667,0.2569616868259404,0.0808621014574418,1.0352253157245797,4.45778214968442,-34.43742465783916,-2.2859247427006864,-48.11568825392664,58.485045826435936,45.00512236938687,-0.0191875071276015,0.0985526474656588,1,1
9668,0.1925605576148789,0.0915046798302156,1.0352253157245797,4.45778214968442,71.48445522766514,30.323170244695888,-36.81115387435256,94.28999941473748,-32.63732579809802,0.3293151911417799,0.9278087602874576,0,1
9669,0.4077965745743406,0.0648168940596551,1.0352253157245797,4.45778214968442,-48.82339411535395,20.27658694274893,-69.3016703588597,22.17132778924325,61.0200957462028,-0.0929159299000363,0.1347759535194016,1,1
9670,0.3446496693402504,0.1222459136511831,1.0352253157245797,4.45778214968442,81.70930349843289,54.14599720899088,-38.06632107714136,11.595156437664317,-33.24470783867825,0.3449107879090093,1.120197361755822,0,1
9671,0.3177851420556134,0.0449999576024209,1.0352253157245797,4.45778214968442,-33.398227872501124,5.4264556840019225,-30.846792399510136,39.51373272873917,36.99929293907806,-0.0838224442683213,0.1011506443319646,1,1
9672,0.1176038808821765,0.0171112829632481,1.0352253157245797,4.45778214968442,-39.42958024379972,14.445682029366225,-90.9040861188887,73.93746410866353,51.98228350930174,-0.0799695670109255,0.0769934632521103,1,1
9673,0.1719088015880743,0.0806604531099639,1.0352253157245797,4.45778214968442,-11.63139599496455,4.998256486389678,-27.10321111481754,77.3158851775618,14.962500161663256,0.0032671063178266,0.1306307319162918,0,1
9674,0.1200642911835476,0.0898576501465115,1.0352253157245797,4.45778214968442,-13.262020291821573,-1.1424132134206957,-6.550452783440136,65.51437726114295,7.943197044577161,-0.1444832242066048,0.113678601031694,1,1
9675,0.6622622353865055,0.0752099448449453,1.0352253157245797,4.45778214968442,-68.83088115828801,16.236317341034834,-59.979470547657385,-24.69629559520732,83.78626654840758,-0.0760334828705206,0.1026215541788278,1,1
9676,0.0966235782764117,0.1113193291781627,1.0352253157245797,4.45778214968442,-10.250198338316196,10.4664023807415,-49.15412025891298,13.187563788181292,25.9366254192729,-0.0282027003041146,0.2172312145061991,1,1
9677,0.1173989419984778,0.0278063954295837,1.0352253157245797,4.45778214968442,-20.88092811837809,5.31736298599948,-39.98698593871914,90.02397586547963,21.616952696356734,-0.0863555926494678,0.0956590245144121,1,1
9678,0.2328464138477708,0.077430267570234,1.0352253157245797,4.45778214968442,-15.476024245727473,-2.8157606309468406,-4.90396883788479,-25.067729129456893,23.621944780611173,-0.0176052167603359,0.1144694035344719,1,1
9679,0.2800966790228997,0.0533626111874692,1.0352253157245797,4.45778214968442,-16.087343728083454,5.5396243595513965,-2.517161115766527,-20.73465727385744,20.136647135817924,-0.0075247825124099,0.0811148175879977,1,1
9680,0.0100372861389495,0.0284850626445538,1.0352253157245797,4.45778214968442,-13.131237766022764,2.08980857832384,-31.396901989130285,34.35100305813654,16.915310486916795,-0.0238027286908472,0.0101596815883656,1,1
9681,0.3650205615202846,0.135134212167191,1.0352253157245797,4.45778214968442,72.80457323482793,54.60016272929943,-61.86511407772305,6.350707081348176,-16.42087539366908,0.2898014676167147,1.212398288644807,0,1
9682,0.1005158795402119,0.0713764405130016,1.0352253157245797,4.45778214968442,-23.082739989095003,10.179774846225255,-60.62967001884214,7.992382490952025,38.311068550478666,-0.0779486106543031,0.158340664073442,1,1
9683,0.2829237268964869,0.12633356922472,1.0352253157245797,4.45778214968442,68.56244874886366,34.20513194247468,-3.489792578089819,42.92286929102104,-39.860884534311005,0.3654201752516893,0.7436942299572552,0,1
9684,0.3561805845687702,0.1244522075343719,1.0352253157245797,4.45778214968442,86.28364763229982,57.90431681542319,-41.16253993561647,-0.7169398325104197,-33.933726500934384,0.3421482451751537,1.2018042246628258,0,1
9685,0.580779770709978,0.0916417459566002,1.0352253157245797,4.45778214968442,-43.89514087533249,6.848094472555516,-9.082956166816729,-51.94111654885105,51.80192046904472,-0.0519213673586215,0.1071722884303318,1,1
9686,0.3869644702109772,0.140779397557197,1.0352253157245797,4.45778214968442,43.4802787581919,53.41263095283762,-95.49264573179184,98.01043803543274,5.055307868811184,0.3077317505870229,0.9742039349809916,0,1
9687,0.2733969589749023,0.0204794584509051,1.0352253157245797,4.45778214968442,-38.1644356988972,9.014115262162846,-51.394730447633805,44.37270183763477,44.91010641617541,-0.0679304229709256,0.0657940543344464,1,1
9688,0.2041519509387972,0.0744972936236267,1.0352253157245797,4.45778214968442,-45.70870072578677,12.3186221961205,-79.41983377367724,-13.415674295252655,63.569907828958605,-0.134765351953484,0.1127871244949575,1,1
9689,0.3994995057412021,0.1189354758418495,1.0352253157245797,4.45778214968442,56.11618971667218,37.41397441655226,-31.79683061709983,40.52620484530789,-16.791150025337004,0.3467962142349733,0.8668018036147775,0,1
9690,0.1308708747174918,0.0618848032069636,1.0352253157245797,4.45778214968442,-30.74153750675876,3.445273436259015,-55.56002152497865,-4.704314750285519,45.46125646031263,-0.1085590717889136,0.1283039728893947,1,1
9691,0.2241153068704874,0.0534753804662437,1.0352253157245797,4.45778214968442,-36.02634715839237,8.97645625996411,-71.32397490811162,58.90655044486985,49.86259728998408,0.0037159354120938,0.0849312500972288,0,1
9692,0.1559827871917259,0.0498091278796594,1.0352253157245797,4.45778214968442,-34.30412301198453,1.8028497800150087,-53.637408520762605,5.466018221210362,46.985061698669085,-0.090692078560269,0.0826132230950866,1,1
9693,0.0246417441942549,0.1228419751688844,1.0352253157245797,4.45778214968442,-11.099149699435344,-2.8482904112077705,-29.075856479440787,-21.131667520138507,23.935662652013008,-0.128815497738158,0.1969752102882967,1,1
9694,0.3423699202535041,0.083524688973472,1.0352253157245797,4.45778214968442,-19.50545522543172,19.29357092453381,-10.480949201417928,-81.87652285273583,27.972045871004283,-0.0708768808130264,0.1486123794835371,1,1
9695,0.1890985438992007,0.0447054211708479,1.0352253157245797,4.45778214968442,-33.898756715029805,8.031741145415964,-53.40621236956742,52.9665828117991,39.85620533525682,-0.0654350989864282,0.0444723453360154,1,1
9696,0.0016273329752405,0.0539347329866781,1.0352253157245797,4.45778214968442,-9.033398283603232,-9.23108261630196,-21.209876753770203,62.207003535079366,12.375997475082912,-0.0666047657265295,0.1026483365498781,1,1
9697,0.0026655004707868,0.1284162090267162,1.0352253157245797,4.45778214968442,-16.314306805462195,23.418757687995523,-65.26674151645794,79.4059231293449,18.89316848628515,-0.1804855755825004,0.168394120721831,1,1
9698,0.0484169626360405,0.0881551475891265,1.0352253157245797,4.45778214968442,-8.658413855370412,20.83986498027231,-35.02281197196491,13.55892751995566,11.112643114964442,-0.1459824779478084,0.1524454527973035,1,1
9699,0.4182939374682655,0.0674944031668376,1.0352253157245797,4.45778214968442,-54.616738684951095,19.828448400614548,-88.9676842651063,43.27808337830862,71.58397010271747,-0.0436448572516012,0.1281749966923314,1,1
18700,0.1264677679078832,0.0664774024684787,2.301058337073141,3.47893708472098,-2.3950731047638385,9.422197814268074,-73.2862925474992,23.481992800683244,41.65735081995501,-0.0958943956060939,0.1635578077837222,1,1
18701,0.5473975385129182,0.1265532921278523,2.301058337073141,3.47893708472098,-20.89623974035437,16.68288884816323,-73.75495481823388,-41.7115881286871,64.6444733944858,-0.195204988255059,0.2287325116612947,1,1
18702,0.2070145760523946,0.0468050055927122,2.301058337073141,3.47893708472098,-46.95786053498501,7.042127968008288,-70.15179461315553,38.65235879707487,58.524171495001895,-0.1010063435170036,0.0807582925553618,1,1
18703,0.3773082717486363,0.0635621740138054,2.301058337073141,3.47893708472098,-26.37392388902562,11.456518228978709,-52.11092442963135,-19.42647719722683,47.7243509023865,-0.1465542986120256,0.1533384199663646,1,1
18704,0.8443332269736638,0.1177474957389621,2.301058337073141,3.47893708472098,-94.43104713859998,0.0476574160358751,-26.31923604620881,-30.55485144542345,90.74719510199716,-0.0511236220409146,0.0460043130500754,1,1
18705,0.6360863113907615,0.1357071938265336,2.301058337073141,3.47893708472098,-41.41496012800352,7.412448147468226,-58.84003303527051,-8.994834016022594,72.50404928077057,0.0186382954858419,0.141339441075989,0,1
18706,0.241288642573191,0.0438311291906001,2.301058337073141,3.47893708472098,-29.911501888804068,-1.036737731350911,-16.153502970324567,8.966144852197928,31.815911943338904,-0.0285848737827267,0.0737801196544198,1,1
18707,0.0270372552594583,0.0098184876968163,2.301058337073141,3.47893708472098,-38.00077192459743,-1.2915731743429149,-26.04245663917844,50.55339902243182,26.13564093359157,-0.0400615515229533,0.049998579718547,1,1
18708,0.5502215247421154,0.0566652057915939,2.301058337073141,3.47893708472098,-41.57824332374389,5.556624965641973,-13.875004491064884,-45.14887567301431,44.97707041060167,-0.0651509878799362,0.0782102541687447,1,1
18709,0.2198779081815377,0.0893093913664374,2.301058337073141,3.47893708472098,-85.97734436899896,0.7949039222962,-58.25241232270976,94.6285095744002,61.683472848443785,-0.0976677719590504,0.1789351228396094,1,1
18710,0.2246297879436949,0.1386790921574385,2.301058337073141,3.47893708472098,56.31752035470342,10.821283366848531,-28.480136858525768,-27.153408649984527,-2.953532835786305,0.119943276048485,0.2107493663607032,0,1
18711,0.2144057736968417,0.0622719882912111,2.301058337073141,3.47893708472098,8.656616894406667,10.54910746515712,-46.425245629738384,-21.253303070390015,27.26600086474174,-0.1103369794802197,0.1597348259724809,1,1
18712,-0.0038459197146857,0.0270111729059957,2.301058337073141,3.47893708472098,-32.89590027939306,-3.2012338223171213,-13.10706362144238,47.12106543741408,17.129864361711995,-0.0594079046967294,0.076507001393666,1,-1
18713,0.1461733581888913,0.0434020001338082,2.301058337073141,3.47893708472098,10.432042364991617,2.469722357922649,-7.180056847669974,-18.249067969242176,6.802117590188644,0.0027046964244131,0.0753435866034191,0,1
18714,0.046187198184175,0.0726349697153211,2.301058337073141,3.47893708472098,-10.513250793111183,11.906110374782315,-91.62098711915614,38.217580514411,48.595585614536986,-0.1746501505617484,0.1718521138131829,1,1
18715,0.4666467734928023,0.0602061567540926,2.301058337073141,3.47893708472098,-13.92263863053627,2.132706731603108,-4.9181278058669164,-62.09138286123181,35.424414972545975,-0.1150543661407719,0.1120111945541481,1,1
18716,0.1212626761173734,0.0545293925607049,2.301058337073141,3.47893708472098,43.02877329171434,8.967632635468249,-7.474890547641579,-62.74120993423456,-7.091227369599125,-0.1168983191910904,0.1480399743758245,1,1
18717,-0.0065242972237972,0.042070926274646,2.301058337073141,3.47893708472098,-39.73399770098078,4.737622292554505,-82.02334959433585,88.41634653489126,50.99274101766122,-0.0122168567819929,0.0608726186591299,1,-1
18718,0.4105652797864679,0.0708034110071357,2.301058337073141,3.47893708472098,-84.28430936304582,-0.7404704706154774,-22.794588433879568,26.041175520265327,57.68491910759428,-0.1030197740763166,0.0852722007820196,1,1
18719,0.1085147316866831,0.0684019489955944,2.301058337073141,3.47893708472098,-9.593078211620323,7.144463495832866,-71.04811920336678,47.59906533074425,40.391007924315886,0.0056401419049793,0.1296797174219265,0,1
18720,0.4911692032113876,0.0719476747685112,2.301058337073141,3.47893708472098,-3.766911863809085,9.137525960371946,-28.79289599583234,-62.94735664671976,39.18286530889336,-0.1064079524214993,0.1494829344282441,1,1
18721,0.0407464229864331,0.0799234472941564,2.301058337073141,3.47893708472098,65.60745993771354,7.597786788466564,-4.078922718530109,-53.6399745201644,-20.154516675157154,-0.0437826206226582,0.1725899018120225,1,1
18722,0.3106271880864804,0.0440179135591892,2.301058337073141,3.47893708472098,-20.032341247581115,4.516046767653876,-16.339976321145883,-17.825454240854228,26.721934318323303,-0.0234433926074756,0.0738811578460886,1,1
18723,0.1590502645827614,0.0734206298146014,2.301058337073141,3.47893708472098,-65.73252439423246,-4.743868044498711,-28.45585352384211,54.8690977833289,47.87222157166778,-0.0895903343766659,0.061236690347892,1,1
18724,0.1676674857986132,0.0257606802896146,2.301058337073141,3.47893708472098,-10.688143798632382,2.12979120687163,-22.84244802585704,-0.3210969419928204,24.185825695503468,-0.0319657659290637,0.0654738258031275,1,1
18725,0.715522875753489,0.1078721720135118,2.301058337073141,3.47893708472098,-82.19826729015219,8.463120940403158,-58.404012457965294,-3.54052454305031,86.0426952989107,-0.0721764012120574,0.1263652539628969,1,1
18726,0.2516669354174385,0.0948555048182005,2.301058337073141,3.47893708472098,2.212339727477371,11.287185856786294,-28.914736663688203,-32.851288524467066,17.908697881106946,-0.1317723709991071,0.1753268601647986,1,1
18727,0.0346755403878532,0.0697304035246218,2.301058337073141,3.47893708472098,-31.87509017757684,6.482433193922361,-90.10147526107822,97.47939944742892,50.81177898793101,0.0559800247349928,0.105730496674547,0,1
18728,0.3241333650345178,0.0503928488512426,2.301058337073141,3.47893708472098,-14.306935742400668,6.500115762810026,-36.34960948638888,-13.543558229675057,36.7203212430249,-0.0311610495212509,0.0995861362934651,1,1
18729,0.2958703950286685,0.0613716506538325,2.301058337073141,3.47893708472098,-27.91043001969969,11.1229279065695,-85.3575420561827,21.133767098211848,63.65991676376677,-0.1180705381843692,0.1620994608213675,1,1
18730,0.617464803089852,0.0853510376724719,2.301058337073141,3.47893708472098,-53.389310987307525,7.397860851887472,-54.53262752191858,-12.420687510496036,73.42360766171274,-0.0241054393320001,0.1000709485113434,1,1
18731,0.5370278686786532,0.0827151721787887,2.301058337073141,3.47893708472098,-49.08510789664966,4.39250165088923,-46.70680338796886,-3.315560235497884,66.2790098662272,-0.0077868267713942,0.0883391604243649,1,1
18732,0.4873836382973647,0.0609005752569137,2.301058337073141,3.47893708472098,-3.580027761366182,8.265924452131856,-22.421402229013225,-69.06309645209048,36.86618250406818,-0.1183792507022668,0.1394165402498681,1,1
18733,0.4333401659542933,0.0354575731448795,2.301058337073141,3.47893708472098,-47.22603386681694,4.120518606516271,-48.28091047747313,-0.7301949418928757,63.25608983766932,-0.0727212155729565,0.0805830504124244,1,1
18734,0.2193641032455169,0.1013753360623558,2.301058337073141,3.47893708472098,-23.240074579500103,8.876813577548532,-96.74016224129764,70.28322028160477,61.36023627614793,0.052881473884973,0.1638044836779153,0,1
18735,0.7059084848594259,0.1301450944957333,2.301058337073141,3.47893708472098,-58.83938189258344,6.385398965177629,-26.19721188405533,-58.03525895861454,67.8920275899587,-0.1091824026677652,0.0662546840956368,1,1
18736,0.5138581406046214,0.0402279342777993,2.301058337073141,3.47893708472098,-85.87527540428523,8.532791324308178,-91.98241502600696,44.398094465770015,96.40809329629644,-0.0780612014079928,0.0958796072776975,1,1
18737,0.1704441357355896,0.0405498047497182,2.301058337073141,3.47893708472098,-48.0517177800379,6.694317059624154,-96.3006655716012,69.90779214256011,72.26907693278025,-0.0824873642064961,0.1118250725253034,1,1
18738,0.1763103696077279,0.0820316297258147,2.301058337073141,3.47893708472098,-14.574791948775797,9.074920752555244,-26.62174138966249,-10.617683054873169,18.33900493409557,-0.158558860191648,0.1606851939070052,1,1
18739,0.3578013827327077,0.0774687084714761,2.301058337073141,3.47893708472098,-44.24968269535654,1.1948980789426429,-22.87229447718569,14.511772217082154,40.86493872846654,-0.0043048306319482,0.1006177846175612,1,1
18740,0.0303168536243659,0.1297619261798775,2.301058337073141,3.47893708472098,37.03227566359757,14.37040298480045,-75.15239944710876,-6.1530954772471205,23.615121024533423,-0.1872739387295511,0.2464406918444834,1,1
18741,0.0971802417482579,0.0781103593472892,2.301058337073141,3.47893708472098,-46.99684009397427,-3.997029167260664,-18.37595331598868,61.71849464147388,27.93503638340762,-0.0709949222610832,0.159120497887726,1,1
18742,0.0274559829510989,0.0752407387570541,2.301058337073141,3.47893708472098,47.8471609350197,9.358056245700524,-7.471224671394225,-44.31632758970887,-17.047371161733224,-0.0760820558060136,0.1530314245546829,1,1
18743,0.7088462706163189,0.0962683678928718,2.301058337073141,3.47893708472098,-49.68105888081247,8.912415582917973,-28.35073431930215,-56.469466850316216,61.41203465588168,-0.0922836070644271,0.1190488200001647,1,1
18744,0.0039985796194156,0.0389939227814072,2.301058337073141,3.47893708472098,-11.327282105944022,8.030454777073587,-65.23972226887724,43.47707120210427,32.00662713387425,-0.0746826458830659,0.1120810323736819,1,1
18745,0.0930460866105809,0.051990692281622,2.301058337073141,3.47893708472098,-39.152122517821965,-1.562053716944007,-46.99046307698365,57.47716279194742,44.72715929252689,-0.0693333164492885,0.1025852724488128,1,1
18746,0.113525430482709,0.0506069596237171,2.301058337073141,3.47893708472098,20.771379628799423,7.988487284373292,-36.62954896621351,-24.47323771875874,17.107716398994754,-0.1321252683677609,0.1518411916959293,1,1
18747,0.1895183093751464,0.0694384738386507,2.301058337073141,3.47893708472098,-3.132382518008157,2.7113273443867314,-33.628248125169094,3.854135417370785,28.97112497398274,-0.0485004227786799,0.1342397934587396,1,1
18748,0.2619029768582465,0.0741614525213331,2.301058337073141,3.47893708472098,-21.16527005071221,11.192850898472573,-70.06594382197731,19.2867303230543,47.97732299740099,-0.0743216551424851,0.1607423765247925,1,1
18749,0.2033069008241988,0.0866795356266968,2.301058337073141,3.47893708472098,43.2226052078135,9.37353788330475,-21.666594079286625,-53.22191543779782,4.206634592836451,-0.0716927876473292,0.1860296855584298,1,1
18750,0.5455679575673403,0.0598255785850865,2.301058337073141,3.47893708472098,-75.54591123644843,-0.6140676076101528,-29.26067304743788,5.383201157499059,69.0708898123541,-0.0314790121007113,0.0462468769717505,1,1
18751,0.1750192845306569,0.1184415170834919,2.301058337073141,3.47893708472098,-31.21208848368599,-2.907597688583934,-24.382084388582086,12.97729456263268,39.26187196945858,-0.1489991982218166,0.1139294062939388,1,1
18752,0.2745705253362115,0.0504179765161933,2.301058337073141,3.47893708472098,-53.59856372297672,1.1223429036737969,-39.123388405944205,24.33374613625988,52.37542918769287,-0.0305734476665558,0.0095880097548812,1,1
18753,0.3548799085355467,0.0559154317156625,2.301058337073141,3.47893708472098,-55.72252516342711,2.4215416484351096,-29.78819802463896,19.84800658263586,46.90138846146007,-0.0453225437410976,0.0957237408570387,1,1
18754,0.2745883687459832,0.0625181767221489,2.301058337073141,3.47893708472098,-22.51536231274345,6.333894315621947,-29.140251308515303,-1.1699785767768702,29.480115557425396,-0.0474041773166993,0.1173664437954018,1,1
18755,0.1073857101054293,0.0803292458814133,2.301058337073141,3.47893708472098,-36.33738594932956,1.3328498975005516,-63.92008541831371,78.53845236141146,47.65080547231989,0.0193995362317488,0.1232482300609516,0,1
18756,0.1146906093204756,0.0760518936547779,2.301058337073141,3.47893708472098,-67.07428218895042,8.83961059794433,-88.71314031430472,89.73205769852112,62.26328462039567,-0.1442861549998169,0.1707134121316699,1,1
18757,0.0035089821308478,0.0523071122626689,2.301058337073141,3.47893708472098,-45.43872869259311,4.379766279536156,-75.74771193270365,98.47349693214744,46.56733473354032,-0.0137727775858109,0.1119155265668824,1,1
18758,0.1397319321514861,0.1163470686042646,2.301058337073141,3.47893708472098,60.16830574251401,10.729770177928115,-25.77920568750092,-70.65123262663396,0.9214909171211474,-0.1881841110776521,0.2390751512019125,1,1
18759,0.7365466919751411,0.2534447211381599,2.301058337073141,3.47893708472098,-35.62663894317855,22.749614931055447,-90.47879454843113,-56.60102584472988,82.05652464664189,-0.2785748192849435,0.3105101585205336,1,1
18760,0.3697078953661981,0.1174559933643872,2.301058337073141,3.47893708472098,-43.7886903539594,2.519864612726664,-25.668736203261474,-15.90876380835786,48.01596403298362,-0.0817898900599299,0.0279382461199773,1,1
18761,0.0121528743582109,0.0958169517395013,2.301058337073141,3.47893708472098,-21.04165658959552,-6.549485240584801,-12.134936597564376,39.32347250098627,20.786177411390767,-0.1327387762409869,0.1631816208638759,1,1
18762,0.1962952747379366,0.0836490650196413,2.301058337073141,3.47893708472098,-12.53932730896048,10.771508560416862,-86.50961294022589,43.24355698202584,51.24331055318317,-0.0189751614306669,0.1699777091141373,1,1
18763,0.8038539191874534,0.088516146760441,2.301058337073141,3.47893708472098,-52.42211221222386,6.730584820307556,-20.37040968814685,-73.8360789126623,67.2869253305015,-0.0716514227962095,0.0817958218518084,1,1
18764,0.2561751263280956,0.0795776246194497,2.301058337073141,3.47893708472098,10.583823604522792,7.959696566483146,-45.17462002680993,-20.08046245571316,31.56974168920567,-0.0860328032302407,0.1737037714584884,1,1
18765,0.4384501660893696,0.0708112323455111,2.301058337073141,3.47893708472098,-3.491726756130632,7.313559272366561,-14.273132579102722,-54.47428491053925,26.904276111225016,-0.0345402300832252,0.1101472460453846,1,1
18766,0.1040330782541667,0.1096142182355558,2.301058337073141,3.47893708472098,-37.167483647379896,-7.983340832804899,-2.56105422857722,27.53382247118748,27.28513928087166,-0.1552419093795842,0.136634693851778,1,1
18767,0.1862920589515276,0.1464275734900645,2.301058337073141,3.47893708472098,34.10077649205414,8.153332010290583,-57.85718843622054,22.15369080769301,20.94383429253206,0.0918565618205974,0.2481594863333385,0,1
18768,0.05106092068477,0.0783433488426286,2.301058337073141,3.47893708472098,6.129710213262584,3.2691510010879483,-41.82240882164343,34.60210072265164,19.388464766748243,0.0279407806586834,0.1308829886581419,0,1
18769,0.0850760796410668,0.0892587616006176,2.301058337073141,3.47893708472098,6.949349241001073,9.328430809426024,-49.10481451793556,-9.800586741299682,25.226981728363327,-0.1658168346389449,0.139564413576141,1,1
18770,0.1694357306681112,0.0615506387466267,2.301058337073141,3.47893708472098,39.14065049366508,4.88081859148113,-1.1813206590827434,-58.39739530475341,-2.553210646689763,-0.0825490630322514,0.1490822128841717,1,1
18771,0.3009638790442277,0.1893219082671728,2.301058337073141,3.47893708472098,10.452351082484924,10.45124411674334,-22.28802525118597,-15.041095904777976,8.695946404245092,-0.0211066942669518,0.2601659353521846,1,1
18772,0.2835976567173287,0.0357910733479441,2.301058337073141,3.47893708472098,-61.86746405220758,6.4671438794427445,-63.9020777114325,45.4773561860942,60.81402872404493,-0.0845083272028152,0.1043779860856784,1,1
18773,0.4986405193530528,0.0453802489536989,2.301058337073141,3.47893708472098,-83.19455845475781,1.5858203308516892,-45.92922840741205,27.86595206850626,74.35071889404782,-0.0208041857859886,0.041113754079963,1,1
18774,0.5721622070108222,0.0906669095112724,2.301058337073141,3.47893708472098,-61.729193189439655,8.14345204085862,-50.13651566661596,-3.180402431064905,67.6892047685071,-0.0665298411951449,0.1280081616399635,1,1
18775,0.2543901153073313,0.1193669601790489,2.301058337073141,3.47893708472098,-36.5268581468242,13.51659269913965,-95.30940321151289,56.60992398259722,60.60562827148516,-0.0763833769043776,0.217093777082183,1,1
18776,0.1427297905792235,0.1315996664773725,2.301058337073141,3.47893708472098,73.1044483259218,11.435084392445404,-15.259184620702214,-96.8596513966424,-7.2968180765679165,-0.2388120219941755,0.2552954395110175,1,1
18777,0.2227419621159622,0.084026881778856,2.301058337073141,3.47893708472098,-33.32897827997951,-0.1068223316679279,-26.814633678328263,5.010607667622935,40.24361087699802,-0.0963791190884267,0.0607862521427724,1,1
18778,0.1994850674616127,0.0225753016989082,2.301058337073141,3.47893708472098,-23.675868013625404,7.166093003377711,-50.76647168380555,12.361377286900364,40.18601493291118,-0.0811358701481575,0.093500787249404,1,1
18779,0.5140333334566126,0.0841208380776062,2.301058337073141,3.47893708472098,-78.35808658412869,-2.711565646763674,-34.573674170295604,18.24005475565301,74.22560859084385,-0.085279830072606,0.0967339970582636,1,1
18780,0.4333409507757491,0.0797701732034646,2.301058337073141,3.47893708472098,-98.9516990578714,5.799606880420626,-72.64906007034148,54.8248354413862,85.22655537502811,-0.1270813332051987,0.1025687029231475,1,1
18781,0.5052012180679184,0.0744294897060187,2.301058337073141,3.47893708472098,-2.7974174016774214,9.118156005903046,-3.1684599058733625,-84.29806734618714,23.50831895746201,-0.1062379967944802,0.1287399730823488,1,1
18782,0.5551524922202211,0.0889861353065075,2.301058337073141,3.47893708472098,-76.64923060298483,13.50880703775472,-94.99697241282746,19.72019519214723,93.4698853415093,-0.1755242115407369,0.1697836115318234,1,1
18783,-0.0070412553422399,0.0497813558623113,2.301058337073141,3.47893708472098,-42.94720549430004,8.239098875595957,-87.34881411616973,82.73962384936004,51.21618233497463,-0.1042777604459507,0.1134502627360306,1,-1
18784,0.3455259566210594,0.0621265814089866,2.301058337073141,3.47893708472098,-27.753610148633623,9.998841542523792,-67.45898764198097,9.650546521461196,55.53641536358086,-0.0676935996326014,0.1398493491273346,1,1
18785,0.0054449806511802,0.064707749589184,2.301058337073141,3.47893708472098,2.639016357591004,3.219220806702012,-27.362468982883986,2.092883371365062,14.993368992467111,-0.103639637112743,0.0732163091310759,1,1
18786,0.2395508275926483,0.0224575477863362,2.301058337073141,3.47893708472098,-43.01350267173403,8.013316619981993,-76.49160331066878,36.62886593394819,62.055840662181794,-0.0960298810921952,0.1012019682514534,1,1
18787,0.4767142761292793,0.0813215705560921,2.301058337073141,3.47893708472098,-2.819073524579892,12.44243740035877,-28.218994142960625,-74.04452543887476,34.295513415528205,-0.1701208929263229,0.1705929260796883,1,1
18788,-0.002136857183833,0.1095507073313412,2.301058337073141,3.47893708472098,62.466821729647535,9.372851949356516,-33.15258404821111,-7.506251908716322,-10.974603937178143,0.0500683941312207,0.198137729497376,0,-1
18789,0.5086159702469415,0.0699285363068333,2.301058337073141,3.47893708472098,-51.87855008589604,8.456901821930217,-73.1045027545197,-3.7423232818393615,80.25575287414978,-0.1421705384910039,0.1299490245890239,1,1
18790,0.0360088626439522,0.0914518631325649,2.301058337073141,3.47893708472098,-2.778851100125209,3.195145368199221,-58.711959235495925,56.76985856604523,30.71387216181748,0.0119149354327277,0.155320902670095,0,1
18791,0.0748729221548177,0.0544956258742908,2.301058337073141,3.47893708472098,-37.850000717122455,1.8039621483241888,-57.7057095160038,74.90525995526258,41.98572978125566,0.0249776951922441,0.0841329979161149,0,1
18792,0.317363881513248,0.0568598381795462,2.301058337073141,3.47893708472098,-82.98566603469489,-2.3831014543216757,-31.255115120891816,55.18233725735473,57.1767759539056,-0.0876658335196596,0.1159532086815727,1,1
18793,0.1368894560378349,0.0341013716592542,2.301058337073141,3.47893708472098,-1.644888792600895,-0.2272483894791008,-4.4049690532836365,-19.243874243717716,13.775407594909254,-0.086396974638005,0.0778305047429352,1,1
18794,0.159272748127504,0.0765494829453067,2.301058337073141,3.47893708472098,-54.310725242100766,8.39065855414782,-84.4948222107303,80.99380599143046,58.73107809038328,-0.0681735348279607,0.1622203718745951,1,1
18795,0.0110400750250797,0.0571151776174982,2.301058337073141,3.47893708472098,-27.759484611789944,1.4185279559951312,-59.58537975721777,76.29330486645193,38.15900678341802,0.0150891490319581,0.0905131959177502,0,1
18796,0.0738742642877184,0.089408374768445,2.301058337073141,3.47893708472098,27.03511074021654,12.586813131256932,-59.268245248184336,-14.254603273310051,20.953517636193794,-0.1647085393845484,0.2013916272792022,1,1
18797,0.306740175171553,0.0598429652202346,2.301058337073141,3.47893708472098,-52.22255205100905,8.845699456867862,-94.86723743839444,61.06802660357593,75.28508893713274,-0.0228307556630602,0.1199802317733464,1,1
18798,0.0711974609972969,0.0821275168146839,2.301058337073141,3.47893708472098,-45.7036124458492,1.7209629836324467,-25.052408456545933,53.50919182684498,23.23647151050406,-0.1260335198700899,0.1738047211568873,1,1
18799,0.450087239697741,0.0529481256538279,2.301058337073141,3.47893708472098,-52.55492998881805,10.0054933896553,-86.15646073601326,19.45499655110024,80.78453320436537,-0.1061777179849906,0.1360056840309735,1,1
28900,0.0191999942531988,0.0022225977342743,2.687540073637388,7.505384807007876,-24.22371961034024,-5.772536328317628,-4.881992443145933,-98.98331602306916,30.347827348195068,-0.0122783780688139,0.0115701456150109,1,1
28901,0.0165714232048903,0.0002031898595751,2.687540073637388,7.505384807007876,-65.47533690030296,6.592332305569343,-78.51187936328681,88.29845448729102,48.11053594572471,-0.0045781883700599,0.0048788213585048,1,1
28902,0.0326036537497031,0.003009020690855,2.687540073637388,7.505384807007876,-51.0510060123579,18.47465293444728,-67.50181083153039,-25.877364753449555,32.36025181139945,-0.01664356126065,0.0158919746398625,1,1
28903,0.0018602633766984,0.0016600602404834,2.687540073637388,7.505384807007876,-15.489904525500693,13.33012478496414,-43.17294419831382,59.10126760392632,3.60432225854251,-0.0139694907322896,0.0138934797683536,1,1
28904,0.0606273900797664,0.0012171567150162,2.687540073637388,7.505384807007876,-84.66690077998824,3.2622590453700298,-9.22755736454694,71.12681388131213,28.79445331932331,-0.0112496336440099,0.0119670353070502,1,1
28905,0.0151855107829118,0.000633101906595,2.687540073637388,7.505384807007876,-47.89490785927444,11.927086604203067,-74.5198452635935,48.79480970034706,36.02680636550068,-0.0090491942945562,0.0093669463480009,1,1
28906,0.0707632567846795,0.001654668686192,2.687540073637388,7.505384807007876,-88.07338234129647,8.148688221109126,-12.857662820768653,23.29314256427781,30.24477730592304,-0.0148563842026427,0.0150265274822577,1,1
28907,0.0159828200448264,0.0005529132782899,2.687540073637388,7.505384807007876,-35.51509666091184,3.273129996699481,-28.27729544537829,62.95020155847391,18.589448813103782,-0.0030477157686894,0.004005464453264,1,1
28908,0.018290310796199,0.000625643208939,2.687540073637388,7.505384807007876,-30.27935936849717,3.748627444152504,-40.81024779323299,-28.42130864179504,32.027447896457744,-0.0046904062127977,0.0057770736585718,1,1
28909,0.0389941461062467,0.0001403443018878,2.687540073637388,7.505384807007876,-73.28407234165024,2.7211956304930283,-42.12949186152331,30.542819784363274,44.58128676212684,-0.0013564843769551,0.0013022280110044,1,1
28910,0.0162433329518419,0.0003321569249028,2.687540073637388,7.505384807007876,-49.0738067746148,0.479789724204636,-45.82843107472615,40.65292230472244,38.44693923265686,-0.0042842723360857,0.004617071283334,1,1
28911,0.0476453031097652,0.0009343833557328,2.687540073637388,7.505384807007876,-79.35508494021542,1.3196820258657027,-48.53616998729833,11.674999669625308,55.71374239642114,-0.0026848128209931,0.0041799422564158,1,1
28912,0.0419467441891651,0.0003239784252816,2.687540073637388,7.505384807007876,-70.65452022067113,3.27479562882867,-25.288214487351595,53.733245671647154,31.925713045800023,-0.0061245546819199,0.0060698346645321,1,1
28913,0.0377100223130499,0.0015965058835553,2.687540073637388,7.505384807007876,-57.949300280107806,6.505723194322101,-57.44951578302327,24.26279332089585,44.42385182386667,-0.0022854182377965,0.0053848295688421,1,1
28914,0.03162833571256,0.0005799297211793,2.687540073637388,7.505384807007876,-84.21446471086213,8.393917246887426,-97.62831573496304,15.16639108926303,70.46491754549189,-0.008820553472736,0.0085660587747283,1,1
28915,0.0041275173927436,0.0018431758915482,2.687540073637388,7.505384807007876,-17.885872041160724,0.4316822028626319,-36.24543537045282,75.21878897996586,20.024503850226225,-0.0012331652648536,0.0047723854023941,1,1
28916,0.0647909169145211,0.0005198444699871,2.687540073637388,7.505384807007876,-98.99872764216376,8.397235845815288,-52.30114554672628,-1.6964541703140696,56.36204677680252,-0.0072125323063098,0.0070928784805407,1,1
28917,0.0014572441425311,0.0009796683932361,2.687540073637388,7.505384807007876,-11.57241639013904,-2.0950493078796484,-27.310986692052182,-30.27727979774077,25.0715142577904,-0.0093565638310662,0.0100643986571556,1,1
28918,0.0431340118677498,0.0003679495381217,2.687540073637388,7.505384807007876,-49.74641984665826,2.179582656195976,-17.368634275704665,-56.14827820112582,33.35380639844783,-0.0009937381210097,0.0016297265177121,1,1
28919,0.0548457289478374,6.80618071182775e-05,2.687540073637388,7.505384807007876,-98.2922208236866,6.101573117650474,-64.6148599044823,16.3881346694497,63.30724684069497,-0.003720887156951,0.0037308946192387,1,1
28920,0.0372302181498492,0.0010598654054119,2.687540073637388,7.505384807007876,-57.48412292842102,9.595775972641915,-83.66784023172625,-94.74470606835692,64.40680949001663,-0.0110259221268451,0.0124547355666154,1,1
28921,0.0387933475907609,0.0018962010815881,2.687540073637388,7.505384807007876,-42.891125313558696,-1.0514699908591467,-1.4805460295200987,51.49343930035053,17.83589690947602,-0.0031384651501111,0.006507784285126,1,1
28922,0.0501359890233722,0.0008120886689743,2.687540073637388,7.505384807007876,-58.74941637444373,-0.1381212412572665,-8.937255141900295,-80.18515269095468,37.72833702865458,-0.0023228579420572,0.0019785212775263,1,1
28923,0.034783899050188,0.0006145497050096,2.687540073637388,7.505384807007876,-64.42191191377572,2.514351884433537,-51.3388772000017,6.203009736758844,49.32703535070195,-0.0037565811379153,0.0047412812132547,1,1
28924,0.0423170017540571,0.001138508270531,2.687540073637388,7.505384807007876,-92.67231675624328,-5.93286407057883,-38.01004683596298,88.83092221071576,56.54417828676333,-0.0069742654568741,0.0076936367894427,1,1
28925,0.0304988949489396,0.0002871790290724,2.687540073637388,7.505384807007876,-48.93061839837636,-0.3893999603585882,-18.196365988243286,12.290789986346468,29.145764161690774,-0.0008980023051154,0.0013367598340924,1,1
28926,0.0236701469756741,0.0011577425144107,2.687540073637388,7.505384807007876,-14.142897088570637,7.4034648098757,-30.395716840613545,-75.97294129602277,21.477042554527983,-0.0045544695324317,0.0066671148374022,1,1
28927,0.0094641158201753,0.002718695898598,2.687540073637388,7.505384807007876,3.6603532393135936,5.160033692453766,-37.12524246171447,-12.332337123961182,16.479844930073767,-0.0023072384689957,0.0076690686594398,1,1
28928,0.0541090229255,0.0021253393488987,2.687540073637388,7.505384807007876,-81.98069098003384,-7.4618923984987475,-24.893757064280408,-46.772234054664594,62.568709179697976,-0.0123526268083356,0.0132192220036877,1,1
28929,0.0690685427068204,0.0011100867224932,2.687540073637388,7.505384807007876,-97.71724034884856,4.236246319246462,-59.002695297044816,-47.38654387898749,71.50376311179309,-0.003769249234352,0.0055898287473665,1,1
28930,0.0530284506960565,0.0008079365337746,2.687540073637388,7.505384807007876,-81.55225731883789,0.2716320072295701,-50.927266072683,-89.34802436413449,68.73568408671267,-0.010253129612708,0.0102131692209104,1,1
28931,0.0076865747841586,0.000673655333563,2.687540073637388,7.505384807007876,-33.8543283793379,-2.2913944807101245,-31.924618529249077,48.90347639924687,28.372249168397214,-0.0051981240328223,0.0059488119190223,1,1
28932,0.0904400832794544,0.0012486235364434,2.687540073637388,7.505384807007876,-89.76119813488275,5.197406280100879,-3.072211398061924,-92.37219501586166,43.7113240270464,-0.0068794048158527,0.0081092858877068,1,1
28933,0.0457698217267447,0.0004441776849405,2.687540073637388,7.505384807007876,-62.09052720019967,8.897002523849864,-63.20913262272929,-96.84012318358124,56.64129862171191,-0.0079430678427176,0.0085584090830793,1,1
28934,0.0838264877104569,0.0023991255309889,2.687540073637388,7.505384807007876,-94.71003472529686,16.70329328208551,-60.18368864961442,-73.97419537843861,57.34460098248957,-0.0131889942891476,0.0151139015586014,1,1
28935,0.0367187949682586,0.0010047646940565,2.687540073637388,7.505384807007876,-42.34391563221676,6.908883896536167,-39.52877382709165,-44.6058408588115,34.817151586734184,-0.0037441267441621,0.0056009349764302,1,1
28936,0.0609512313420453,0.0009380917275546,2.687540073637388,7.505384807007876,-88.59116841225449,8.899969542515692,-41.96156984987034,-0.4163690953609631,45.975554610149686,-0.0092461716444172,0.0090077938871173,1,1
28937,0.0501163338835052,0.0017407520639554,2.687540073637388,7.505384807007876,-83.8991028902799,-0.6891429868998813,-60.97189717848488,-44.734421286369866,72.52030415407748,-0.0106334371358716,0.0120881855219642,1,1
28938,0.0547799421698845,0.0007913638710068,2.687540073637388,7.505384807007876,-85.97218050011435,11.448625872560925,-68.15141285505098,-37.22416242930699,58.33895727795553,-0.0085526043337864,0.008245315552575,1,1
28939,0.0096174837089139,0.0020708899782937,2.687540073637388,7.505384807007876,-34.19968135093907,14.006656564075186,-86.24984527236867,-58.329347899205786,43.78454248267283,-0.012733483593069,0.011822973698995,1,1
28940,0.0553028528788995,0.0015053157954656,2.687540073637388,7.505384807007876,-89.3158352997834,-6.987615712752898,-26.12237124462122,-29.137909227376625,63.07044782331758,-0.011007140198343,0.0112212697252368,1,1
28941,0.0438912148253273,0.0003431046004837,2.687540073637388,7.505384807007876,-88.43580067358563,6.116174483901048,-76.92413403809314,16.854375799566895,65.6464275462937,-0.005023089805287,0.005548940003707,1,1
28942,0.0528002537893555,0.0015621679816098,2.687540073637388,7.505384807007876,-33.825062707819825,5.981382550251041,-1.3877869181616944,-90.839029098918,19.34311296257816,-0.0043276213055752,0.0067947922529457,1,1
28943,0.0099948935881943,0.0022970364617278,2.687540073637388,7.505384807007876,-24.102105844913325,16.918620134823257,-71.07971909255554,36.84467503875644,20.282696614791163,-0.0134756294462205,0.015079511776033,1,1
28944,0.0252036969599374,0.0005752990024279,2.687540073637388,7.505384807007876,-47.431522153773,12.20442084133839,-74.1384981150504,-30.25336583439207,44.086413432731575,-0.009122005400595,0.0096188817639818,1,1
28945,0.003686013050015,0.0007859434154636,2.687540073637388,7.505384807007876,-13.622324303365048,7.63258694091158,-61.62698508328512,-55.32734484988593,32.97949839126096,-0.00925550115457,0.0102597160942999,1,1
28946,0.0559152177618027,0.0012096581283743,2.687540073637388,7.505384807007876,-83.25266047972555,-2.97791090729433,-39.04461518419582,-83.95416982735506,67.5299934575184,-0.0111069652205208,0.011289095398486,1,1
28947,0.0131071802382859,0.0043524056564862,2.687540073637388,7.505384807007876,-43.14341989294188,-17.219046812746214,-0.518092479322334,53.811073785314505,36.63396530607059,-0.0192935944395478,0.0206617624134324,1,1
28948,0.0220871022013248,0.0025814594564566,2.687540073637388,7.505384807007876,-36.012837054375126,2.4298463590837827,-42.04104445393265,93.578418886504,27.395056201963627,0.002243109646604,0.0028705188689962,0,1
28949,0.0581128060878015,0.0013284636199699,2.687540073637388,7.505384807007876,-84.03411704467196,10.783227742139331,-72.67238414473202,-17.319885921424017,60.93912709196721,-0.0060163321246082,0.0082563964241454,1,1
28950,0.0014588126168494,0.0013810344259863,2.687540073637388,7.505384807007876,-7.890800383378121,15.711166150813,-73.44196330377693,-84.29883262323952,27.52767055861247,-0.013409341537159,0.0130448698928739,1,1
28951,0.0058134562037298,0.0011905903193728,2.687540073637388,7.505384807007876,-17.016730063083486,10.449802381048585,-63.49411955863288,-2.2460539610033408,26.627965567305395,-0.0071698625018313,0.0090173780399567,1,1
28952,0.0659732603276442,0.001158263333844,2.687540073637388,7.505384807007876,-94.62138749966796,1.948139961687659,-41.33027401286036,4.445240187986869,59.00347045690674,0.0006889891309417,0.001266594096764,0,1
28953,0.0363770825781312,0.0009468919872269,2.687540073637388,7.505384807007876,-50.83045575322664,10.483393684563197,-42.06293963271355,-29.79538749485877,31.20729762934235,-0.0090780276516991,0.0087983961226869,1,1
28954,0.0155475956557667,0.001358699663813,2.687540073637388,7.505384807007876,-75.09402356092147,1.82410439765259,-96.68500588984556,75.21678074713748,69.57932527005275,-0.010631514573487,0.0117000904243908,1,1
28955,0.0475706824205882,0.0008105556560371,2.687540073637388,7.505384807007876,-67.30651502829556,8.634826922550815,-43.65118113377918,-40.191210089024175,42.45987590546923,-0.0068410061339795,0.0065177964018405,1,1
28956,0.015143661574627,0.0002933941874421,2.687540073637388,7.505384807007876,-15.57617474822584,1.8477325152675943,-23.610340045223666,-86.24476505887209,25.332474905547954,-0.0068462760982925,0.007036705516037,1,1
28957,0.0234037546250985,0.0023533555814224,2.687540073637388,7.505384807007876,-38.15544456005173,-3.2396624547480712,-41.85728984664262,-72.40413954789184,50.44677187059256,-0.0140317826952988,0.0156792748442777,1,1
28958,0.034964313234361,0.0011278909875714,2.687540073637388,7.505384807007876,-72.31690702513869,17.2691355332735,-99.64000271781332,-12.55011335234994,57.80011690593051,-0.0132795770077465,0.0130847753571094,1,1
28959,0.0268629668650342,0.0012906509919041,2.687540073637388,7.505384807007876,-65.1901871645589,1.6707980447134787,-57.40199557802731,97.09532359098505,45.23215523111031,-0.0005376666991579,0.0029689133782293,1,1
28960,0.0462703281650782,0.0003582874795624,2.687540073637388,7.505384807007876,-66.83168013013528,11.00849120192062,-63.19120548046773,-71.99139813559314,52.43593229590212,-0.0082723974252293,0.0081841080855103,1,1
28961,0.069595507501897,0.0023879548106884,2.687540073637388,7.505384807007876,-69.9994312092058,4.106078771644576,-29.022115733991,-45.22921585009663,47.56250377016238,0.0007916468750261,0.0036259374150923,0,1
28962,0.0495925091895711,0.0005764065076342,2.687540073637388,7.505384807007876,-77.62998093278102,16.556734986724024,-97.17853644785602,-91.17180463453846,68.62516429186499,-0.0128374629645859,0.0129196092056217,1,1
28963,0.0348948436253276,0.0023299884507872,2.687540073637388,7.505384807007876,-55.23650762763248,4.276946941337116,-6.487613490844268,59.8450319579174,13.359465524747648,-0.0114377136392315,0.0105253965533647,1,1
28964,0.0333659525911045,0.0015542020595129,2.687540073637388,7.505384807007876,-44.74847978293377,1.859914816348592,-24.152877044466905,-79.38132612574142,36.19585948263938,-0.0048764591503838,0.0041280792559802,1,1
28965,0.0438440112739692,0.0006023966407038,2.687540073637388,7.505384807007876,-71.84800641267125,13.605787530646523,-78.91421776304846,-34.908621814692566,55.21403337144005,-0.0098943101809754,0.0102330567671614,1,1
28966,0.0026909071195018,0.0006684940631368,2.687540073637388,7.505384807007876,11.428750147990968,8.587951943795474,-23.275504123771057,-75.37144532254301,4.262118319435302,-0.0065742981039991,0.0073366705092998,1,1
28967,0.0170672267041323,0.0007381912119582,2.687540073637388,7.505384807007876,-53.52852101467143,11.234548611760076,-84.45469510689072,48.505113920326295,44.839089313679466,-0.0077795075710329,0.0087194843830549,1,1
28968,0.0233083253436089,0.0009428905760091,2.687540073637388,7.505384807007876,-62.85925135963131,5.952540488069573,-93.57062432782774,-46.92955379144572,70.05414529728705,-0.0135158798642384,0.0138390597611962,1,1
28969,0.0358925763108204,0.0004847708853043,2.687540073637388,7.505384807007876,-82.1250200197882,11.917117931232085,-93.52417133840736,37.66205515941533,61.16294621227388,-0.0083097058669199,0.0087830890289049,1,1
28970,0.0069582945259045,0.0015163829114814,2.687540073637388,7.505384807007876,-17.027067062073414,17.67597870109057,-72.1734232344619,-25.66923151700952,22.359812100943174,-0.0141949683958819,0.0144570755960324,1,1
