,V,fitness,s,tau,AF3,AH3,A3N3,AF5,AD5,lambda1,lambda2,taquiónico,type
0,12.308650795980462,16173.94501496039,2.459242111292193,3.0947272010640288,100.0,100.0,-30.03010448421581,-12.12104773439869,100.0,0.5922316880698881,14.358308485193632,0,1
1,8.815965674373148,30176.40795456205,2.459242111292193,3.0947272010640288,100.0,67.46492215609422,-40.8208845372423,93.83160474536513,58.14301245308542,0.5659111889197375,11.31443902239772,0,1
2,6.134108174945373,12539.511229986596,2.459242111292193,3.0947272010640288,59.63777381511655,40.98130151237447,-78.14568064928378,70.38604220358324,100.0,0.7151164437909934,7.067220247697621,0,1
3,3.738023109893334,10388.669414237944,2.459242111292193,3.0947272010640288,-10.524207108314153,16.576740671908247,-65.21003178832098,84.59964757210729,100.0,0.4214728160026544,4.169789719714461,0,1
4,8.695468132876075,16882.25327057666,2.459242111292193,3.0947272010640288,96.3391440850586,66.00985192127881,-44.61747750303741,-35.10253287779677,100.0,0.7850045569320825,9.41247773648685,0,1
5,3.9957093003898496,12498.327321901364,2.459242111292193,3.0947272010640288,53.04864129576406,-11.850431519941402,-1e-20,45.37952541380864,99.25076146288984,0.275500438954579,4.576000266504567,0,1
6,7.473330151530288,17258.41172264693,2.459242111292193,3.0947272010640288,100.0,32.15707293793116,-1e-20,100.0,61.90644281045767,0.74243059463309,9.481155192948082,0,1
7,6.216053928862576,13594.38945190834,2.459242111292193,3.0947272010640288,100.0,51.8968032447084,-65.76429061660676,-45.38183688115223,85.91461919128852,0.7862935591144931,6.342380971572729,0,1
8,8.501350023482319,12919.34482031336,2.459242111292193,3.0947272010640288,100.0,76.78662919697864,-89.97603667062873,0.8387910981236928,100.0,0.7129621518351348,9.585210118863245,0,1
9,5.582743613708949,10607.30781138686,2.459242111292193,3.0947272010640288,59.99014476108018,48.58984077433983,-92.3056396862209,73.84172773950439,80.25184507259902,0.5524208037297988,6.733092994710223,0,1
10,6.177469642887374,17348.87827987417,2.459242111292193,3.0947272010640288,100.0,64.55172087267286,-98.4000095718186,81.49624174702645,49.697824299958434,0.4710982748045764,8.059821693014774,0,1
11,5.158462873693958,14254.388086434752,2.459242111292193,3.0947272010640288,100.0,48.98612804216858,-2.4956831404806046,-19.35604391376236,0.4559343165419349,0.269447150588773,6.467596439893003,0,1
12,7.155676573295095,15462.240122513034,2.459242111292193,3.0947272010640288,54.18526760679951,62.56764162058863,-68.79723089542165,-22.26644687484481,100.0,0.5308497850675775,7.662983532460768,0,1
13,8.71404456083053,15288.377248274468,2.459242111292193,3.0947272010640288,100.0,69.76806466093952,-74.97851709615611,27.35111819116198,100.0,0.7853033504988902,10.020803111243982,0,1
14,7.666799038781857,11231.220666156272,2.459242111292193,3.0947272010640288,100.0,56.63606759669682,-71.5121288162194,20.50807827891778,100.0,0.86080301346774,8.570832074198,0,1
15,11.888899724612775,15412.492925918166,2.459242111292193,3.0947272010640288,57.161341930546094,89.15265952285534,-8.931281820818452,20.546164982290698,100.0,0.433847253657083,14.09389473950824,0,1
16,6.702313835172218,23384.387930659563,2.459242111292193,3.0947272010640288,100.0,27.516835277591888,-0.8251009275678669,2.6052329186738428,80.49768864100054,0.8284701620361052,7.390613589972686,0,1
17,5.040243111599577,14362.796238831714,2.459242111292193,3.0947272010640288,8.559466938691529,37.12419200160704,-25.711088802815084,-98.58736439569718,100.0,0.4276524860282056,4.213608762032559,0,1
18,3.760997408877237,10756.622250089948,2.459242111292193,3.0947272010640288,44.60937193605386,2.682870834860788,-31.97390679898562,20.211603588084174,100.0,0.4799223379028869,3.8039059780297615,0,1
19,9.905195769175467,18379.3360982662,2.459242111292193,3.0947272010640288,100.0,60.75698968866245,-28.03131337160343,59.90155845127309,100.0,0.8601361976937358,11.734856152909355,0,1
20,11.175798616854888,13347.409854604552,2.459242111292193,3.0947272010640288,78.85709149912336,100.0,-35.46630186746769,-1.8747757412904635,79.62694295504419,0.2958297107757373,13.398718109352863,0,1
21,6.662953533897069,16110.131559050998,2.459242111292193,3.0947272010640288,100.0,52.326896986099705,-81.31416047494955,22.82974332984275,90.9928596383749,0.8249970975046041,7.443411537923079,0,1
22,9.47109287427842,15800.180186551406,2.459242111292193,3.0947272010640288,71.11708148202553,70.31554114138781,-60.78044808224561,85.03230037420616,100.0,0.6359338341460177,11.512962327204404,0,1
23,10.543200077651452,19391.47762546197,2.459242111292193,3.0947272010640288,100.0,90.44118568571406,-66.66344826924865,70.26599122672266,83.2342676520363,0.5492831435131524,13.076125512796372,0,1
24,8.148657650418425,10178.783883170125,2.459242111292193,3.0947272010640288,65.62712491317501,49.56080036993433,-1e-20,93.21166291494764,56.01116649939453,0.4752272413934992,10.424796617971754,0,1
25,4.898550326849727,9898.430957374212,2.459242111292193,3.0947272010640288,100.0,19.846105041309865,-34.756587819384194,-67.16218179844469,100.0,0.8454594794056303,4.319299273378077,0,1
26,9.015785327941604,16180.743066553485,2.459242111292193,3.0947272010640288,27.9182544459643,60.14990597017811,-5.909491649890548,5.187536945937524,100.0,0.447527980949463,10.207784815901622,0,1
27,10.6008172219877,20250.460684004367,2.459242111292193,3.0947272010640288,79.38510479924871,63.30522761323528,-9.862234546836614,74.02744734760446,100.0,0.7423849482779845,12.75930283540513,0,1
28,7.087357397171882,8272.150827574473,2.459242111292193,3.0947272010640288,86.44745873072692,63.121438487207634,-88.58911180147444,75.95223780322517,74.63766142833114,0.5826680077108621,8.773072352962192,0,1
29,5.485861080245828,15790.731122692958,2.459242111292193,3.0947272010640288,100.0,19.8410919028067,-50.18168883219886,46.88533245585764,96.42773055935773,0.8598832078018135,6.108448762393046,0,1
30,3.490846994307793,18982.67918378484,2.459242111292193,3.0947272010640288,55.662087637710336,4.130468700925391,-44.70848323824447,49.84425460221918,88.49867962792702,0.5068864320970616,3.852186843443751,0,1
31,8.653111230200766,9890.346070922957,2.459242111292193,3.0947272010640288,100.0,56.64520406502831,-45.33508088187634,35.72890330726932,98.32028904783886,0.8608749744258919,9.95886711541486,0,1
32,9.685609914264669,17633.341341749478,2.459242111292193,3.0947272010640288,100.0,62.5601733417949,-16.123262603008435,-10.815664718312476,100.0,0.8442332482654269,10.831634543342243,0,1
33,5.589911030074342,10096.875569499349,2.459242111292193,3.0947272010640288,100.0,37.50286512135986,-79.18833268343263,-0.6227455044388748,100.0,0.922186345447463,5.714765631289129,0,1
34,3.29677353023341,26192.59717873649,2.459242111292193,3.0947272010640288,33.47093657957974,11.36705608383798,-27.044210849252288,31.87810031362391,64.97906868867034,0.4423854738764003,3.600915076164589,0,1
35,4.418811914154068,11433.799201606918,2.459242111292193,3.0947272010640288,48.83328941450282,26.695955416330804,-22.226878921658503,-30.78802607755184,69.20812375630796,0.5380330349768319,4.375690806225045,0,1
36,4.831663904510265,18816.850653240585,2.459242111292193,3.0947272010640288,100.0,17.324458766736328,-65.78126156845573,41.90698947194625,100.0,0.8406934645383037,5.233507568220909,0,1
37,7.205669802762097,13342.692956299192,2.459242111292193,3.0947272010640288,95.85931056495951,44.36263124741902,-1e-20,-26.658697718928277,66.0616957789124,0.7072965030512872,7.974842573840144,0,1
38,8.0639984351766,24893.69541936296,2.459242111292193,3.0947272010640288,6.322039931754347,63.07423480903503,-41.28464423709289,32.281659597713826,100.0,0.2740464274359695,9.33747262611072,0,1
39,4.359955200004446,25571.43764694436,2.459242111292193,3.0947272010640288,28.298570613316706,6.615467390493066,-43.0420527111784,100.0,100.0,0.529386102790121,5.157510869246671,0,1
40,5.8531299732638775,14595.171132778223,2.459242111292193,3.0947272010640288,87.42270607350152,39.64839873647233,-62.26739986258277,2.6354004304274143,90.78772126916054,0.8102204695651731,6.204221653619706,0,1
41,3.0766401976582576,17381.36332487286,2.459242111292193,3.0947272010640288,28.768699559364077,14.281189747650522,-34.41763095126564,29.548451762384808,61.722766967387685,0.4184314409907255,3.333041116739027,0,1
42,7.460315719470516,11565.544755278972,2.459242111292193,3.0947272010640288,73.20518282343336,62.65939880399421,-100.0,93.97934991660378,95.28413290726132,0.6442499911326847,9.114611383834326,0,1
43,3.23117222439099,25942.75158765512,2.459242111292193,3.0947272010640288,65.10535815593374,3.3178825279475035,-10.27993817906841,69.81326274270783,43.55320593917645,0.4282419203023007,4.196463744867718,0,1
44,6.161473396833085,20079.44428819938,2.459242111292193,3.0947272010640288,32.53619486165928,35.76888906147535,-31.65570174295277,35.68102929583316,90.52781872137588,0.5431837520584892,6.911636368524314,0,1
45,6.1121990413889655,9406.526061448983,2.459242111292193,3.0947272010640288,30.97305218334356,28.921257758346897,-47.04973228801856,100.0,100.0,0.6061967205917314,7.288321981627442,0,1
46,6.412661012808269,20723.169664333305,2.459242111292193,3.0947272010640288,100.0,36.49954671765579,-79.70397837813213,84.07602545742864,100.0,0.9228964715225842,7.5162435776709025,0,1
47,11.26664019962897,15042.002614906958,2.459242111292193,3.0947272010640288,100.0,98.44619516194474,-29.988557581087733,-72.42063922650183,93.20713691184584,0.5157942634476962,12.635387988136806,0,1
48,2.8604567908949114,13170.374917285886,2.459242111292193,3.0947272010640288,48.30446217561711,21.656495941609933,-51.82018190755136,-25.219224640428585,64.04999398925088,0.5185856578996797,2.5329365269579176,0,1
49,8.969084388285026,18155.56421384847,2.459242111292193,3.0947272010640288,36.608671131526044,64.45842736403746,-1e-20,27.2531054229689,74.5466906893405,0.3111066786393879,10.733503410135455,0,1
50,9.29392867663316,18724.810488644114,2.459242111292193,3.0947272010640288,71.01966409123841,68.60496825904569,-3.775975636162845,-94.49022382853975,100.0,0.6189573336677876,9.672679651546977,0,1
51,10.663498975497117,17700.914451517943,2.459242111292193,3.0947272010640288,87.37027684600044,95.35280858217772,-33.83062669662801,-100.0,100.0,0.4821095611622699,11.5495472341534,0,1
52,4.28449616009013,9372.301386647314,2.459242111292193,3.0947272010640288,62.49233619228063,17.605856508461216,-76.78712759889362,70.83624992930677,100.0,0.716177640547083,4.7657236576261335,0,1
53,12.440305415036793,23358.047734780772,2.459242111292193,3.0947272010640288,90.77055189506426,97.62114639020088,-24.581139290834543,12.811063402480322,100.0,0.5687174543263689,14.731953856008325,0,1
54,10.613961611336556,17934.606777880294,2.459242111292193,3.0947272010640288,100.0,84.16199491899857,-25.172548391787416,-62.0618138169567,100.0,0.6880571008139249,11.68431870856068,0,1
55,8.21222669105439,15497.602309711188,2.459242111292193,3.0947272010640288,43.39996897246171,50.40537193023192,-22.89049236213125,98.91788975916438,82.65791343247383,0.5007227050757175,10.212904013457624,0,1
56,8.117731015501477,14226.019974816689,2.459242111292193,3.0947272010640288,100.0,57.12773340785226,-63.32179818305482,62.60406988577611,91.40954679728372,0.8168182056265305,9.63317796412186,0,1
57,9.54797066823416,17647.87978241967,2.459242111292193,3.0947272010640288,100.0,66.86700070993784,-10.420730004431832,20.69223766185296,72.76244619135427,0.6601907011827084,11.352133849634416,0,1
58,10.19065932793526,13403.695232582952,2.459242111292193,3.0947272010640288,100.0,83.36362333725675,-60.90921652359837,15.782018484338645,100.0,0.699192628418607,11.851695028557437,0,1
59,5.181235852213845,10691.225249417404,2.459242111292193,3.0947272010640288,100.0,23.69170736696774,-31.444352808622508,10.308996736463214,73.77025272917044,0.7895404256332994,5.648679513690418,0,1
60,1.6910257276814598,9818.459669410964,2.459242111292193,3.0947272010640288,100.0,18.89269266952928,-85.43100299184611,55.70932305107178,27.122536824290307,0.5760730420007487,2.282676804068462,0,1
61,12.179644412419876,20172.15870300665,2.459242111292193,3.0947272010640288,100.0,100.0,-45.52620440951469,24.001995504340027,100.0,0.5962053748805989,14.521652943963057,0,1
62,10.794007225603885,14217.237952271744,2.459242111292193,3.0947272010640288,100.0,100.0,-46.52664571879215,-100.0,100.0,0.5121679939677168,11.740309919094472,0,1
63,4.1696055818902975,19778.63452399173,2.459242111292193,3.0947272010640288,36.88435540683152,26.324670047370013,-89.15075234154455,67.99723938461183,98.97218316198946,0.6313287368178755,4.572961602784137,0,1
64,8.84676786064227,13398.64372169759,2.459242111292193,3.0947272010640288,100.0,61.2573882573876,-45.00583315051388,11.539996239758809,100.0,0.844966608102415,9.983451174366792,0,1
65,12.657053520548306,17992.94073922554,2.459242111292193,3.0947272010640288,100.0,100.0,-10.278496934184346,13.378705408228427,84.25284795379453,0.5108660021042901,15.236761682208089,0,1
66,8.028613946335923,13128.834163461028,2.459242111292193,3.0947272010640288,81.26647434769089,60.13906818363485,-40.50884079069077,10.349950323176287,83.95944248498918,0.6428627410295951,9.195342208695262,0,1
67,6.943077254815213,19722.15467561504,2.459242111292193,3.0947272010640288,69.23998909802411,47.51810115110573,-1e-20,80.96745191567764,30.853439098088167,0.3466876692334937,9.1527158608306,0,1
68,6.302822989668698,10645.905783043356,2.459242111292193,3.0947272010640288,100.0,57.38488988110858,-1e-20,-100.0,33.28407980417232,0.4028044184168049,6.766136702746263,0,1
69,8.079775918273633,19028.26600542097,2.459242111292193,3.0947272010640288,84.60134949500173,34.3726945462373,-1e-20,25.895259264114387,100.0,0.85293645733449,9.07533803934548,0,1
70,3.805608846260724,11589.511954846066,2.459242111292193,3.0947272010640288,22.298577073646243,13.594619099335752,-52.37006241786195,32.45433777433788,100.0,0.5431585037904825,3.806833819730616,0,1
71,5.207052851232637,11776.699606534165,2.459242111292193,3.0947272010640288,68.98477267684379,4.830353939649122,-17.0083563260173,59.519296732972016,100.0,0.6460210017853507,5.918201728567196,0,1
72,7.187664903256554,13787.606172900794,2.459242111292193,3.0947272010640288,76.04560658048588,20.328771124216303,-1e-20,61.71650466607378,100.0,0.7962800761821169,8.301609656800707,0,1
73,11.609452424797656,22897.419193609625,2.459242111292193,3.0947272010640288,85.06999087621679,100.0,-63.83479274840717,47.149035094913,100.0,0.4922848174567216,14.054201563851256,0,1
74,5.412069406734462,14482.9067535764,2.459242111292193,3.0947272010640288,100.0,36.1902205760971,-33.493659115852154,-1.058944426103917,57.570653222134254,0.7086445849702732,6.047302087036426,0,1
75,9.893039223970764,16850.683067993512,2.459242111292193,3.0947272010640288,100.0,57.98017800976879,-30.76561621639549,88.38185089662255,100.0,0.8742662990555612,11.964852739827402,0,1
76,9.811792630074017,12329.67392209616,2.459242111292193,3.0947272010640288,70.18517008257547,89.86631507733189,-100.0,90.03489882199631,100.0,0.4574973694651794,12.159609887890078,0,1
77,12.698313544391375,22041.284929632107,2.459242111292193,3.0947272010640288,49.39954925841908,100.0,-1e-20,-5.638112290211005,100.0,0.2961516916288165,14.972087872127045,0,1
78,3.413601688279132,13651.78959023685,2.459242111292193,3.0947272010640288,100.0,18.343821239288456,-45.11743943331779,-52.05860811149711,68.94434173692694,0.7153181917722438,2.979504979181524,0,1
79,11.553159532336252,16579.799888960042,2.459242111292193,3.0947272010640288,100.0,100.0,-47.628844243363375,-2.181287455388045,92.8638105195425,0.5257707738852249,13.626847169093612,0,1
80,7.28996050073326,10392.602805833643,2.459242111292193,3.0947272010640288,55.16749939705417,60.85844746113046,-55.7369780020584,100.0,60.077773216721525,0.337665049458522,9.467669269399524,0,1
81,12.226902158551466,21379.193497827928,2.459242111292193,3.0947272010640288,100.0,100.0,-23.921251831756287,19.403307866607992,83.31386655629109,0.4935675770480774,14.777614719489623,0,1
82,10.870761731737598,10903.155747981276,2.459242111292193,3.0947272010640288,100.0,100.0,-75.11502154714961,100.0,69.90273602106566,0.3841442183165924,14.031111519124304,0,1
83,5.773810325421515,13006.842433933787,2.459242111292193,3.0947272010640288,100.0,57.52017142297613,-25.929249244379008,-59.31487911467861,30.4051298445695,0.3728381541470256,6.527238187196177,0,1
84,9.42136803275902,13140.150557038156,2.459242111292193,3.0947272010640288,91.78335084874686,52.70411235126903,-6.940424606614677,36.84613339607321,95.6888747980587,0.8258562770375732,10.950821120809213,0,1
85,5.140900395317988,13499.801424999096,2.459242111292193,3.0947272010640288,100.0,3.5362193208387964,-18.95409080526735,30.292428803997574,100.0,0.6919282491454237,5.663964073535228,0,1
86,5.682181165135967,8333.850954326388,2.459242111292193,3.0947272010640288,100.0,40.47296288164684,-86.26890834851736,70.01408320646046,81.89167196533651,0.8252971951100792,6.718107091931748,0,1
87,3.750110510332663,11623.987335297454,2.459242111292193,3.0947272010640288,84.51015978470862,-0.6881719904467261,-1e-20,27.913604687987718,61.9179552806143,0.4713260595125954,4.360391165885311,0,1
88,8.96861616872975,11018.624629461085,2.459242111292193,3.0947272010640288,77.85566480608466,36.62155622069736,-1e-20,98.79790488749067,100.0,0.82018132125389,10.855062622128006,0,1
89,3.6307510812521935,9690.980527513262,2.459242111292193,3.0947272010640288,70.84724267133194,-2.3414131940281564,-45.36808818417095,81.63468539455063,92.30956322433973,0.4616581456724096,4.400046637751894,0,1
90,2.347589491617192,13311.721009561024,2.459242111292193,3.0947272010640288,66.87982160183346,7.841415022380449,-43.56850896915571,83.37181774722256,35.41677715629392,0.4320318891950909,3.283415609558729,0,1
91,9.518130961892664,18415.41962141125,2.459242111292193,3.0947272010640288,65.81297492260246,88.1287288764263,-35.03654857576684,-41.456766985030384,77.60055240145158,0.2569469300902058,10.957491115066349,0,1
92,4.506300302591062,9436.358597876664,2.459242111292193,3.0947272010640288,100.0,4.645111061697968,-27.916395422839365,77.62281987500434,75.15779027232232,0.6517095779094455,5.542535537687288,0,1
93,7.578201510486906,11965.976315107053,2.459242111292193,3.0947272010640288,100.0,75.06171065778742,-25.30179031204799,-45.574279509890026,35.106943835089766,0.2742061498251784,8.973507171810422,0,1
94,4.397591814643229,10705.041937094256,2.459242111292193,3.0947272010640288,19.338486375204884,42.96253088564909,-100.0,14.370978196806426,100.0,0.4394142905419671,4.474200449382932,0,1
95,11.91421648795714,13226.651708670648,2.459242111292193,3.0947272010640288,100.0,94.1392269448833,-47.134002219236734,100.0,85.37737132598262,0.5700672813743841,15.026476629465282,0,1
96,4.379631970608075,13737.509248925902,2.459242111292193,3.0947272010640288,100.0,39.67717295937975,-56.02836828902783,-15.15254661288661,46.7957534811377,0.6207177789019402,4.8010979220918735,0,1
97,11.758973056236826,24309.198130197336,2.459242111292193,3.0947272010640288,88.2292784602298,75.00000509965344,-7.570251917841507,73.03184423043463,100.0,0.7325975626081878,14.25126936514904,0,1
98,5.089779635665659,16351.688267355572,2.459242111292193,3.0947272010640288,100.0,43.20166565250416,-34.485852765049735,100.0,5.4589275655110185,0.3766031855965637,7.320535765958846,0,1
99,7.158493255803111,16190.419081028984,2.459242111292193,3.0947272010640288,91.75531784543767,44.9131997872161,-61.13058617472565,41.349698970971446,100.0,0.8685011406245473,8.078638966144922,0,1
100,10.158594858316755,13211.167781165444,2.4469845184420502,3.085375171979975,87.70461855754324,61.79578198578845,-1e-20,-3.0016798146734027,100.0,0.8057550275431558,11.553230789398022,0,1
101,4.472428228259149,14501.789244237289,2.4469845184420502,3.085375171979975,60.337574703454735,28.72456109193737,-37.11738322312544,100.0,36.62075656935831,0.4295076548458612,6.11342504103878,0,1
102,2.3495614743720976,8575.158087122629,2.4469845184420502,3.085375171979975,30.513855308347104,30.59714843919196,-88.74034566115769,-32.74249863400044,72.15431214369832,0.3753667239243669,1.8283363478296184,0,1
103,3.58159575575155,10952.12082383542,2.4469845184420502,3.085375171979975,100.0,15.681827966588394,-100.0,42.16841914650973,100.0,0.7857026502729589,3.7585727783693272,0,1
104,5.026729267389984,16137.33892536314,2.4469845184420502,3.085375171979975,100.0,-7.847127504840941,-0.2518170108268514,88.55925913237964,86.85236385942557,0.5420653868884453,6.362744216045703,0,1
105,7.137396001057574,14182.998629286809,2.4469845184420502,3.085375171979975,42.82092784891453,34.24013659072986,-1e-20,-12.152928081640356,100.0,0.6678041573225255,7.589306386795753,0,1
106,5.022521676564219,18858.680280998837,2.4469845184420502,3.085375171979975,96.15666277310304,27.619701928435692,-1e-20,-60.27538369541066,53.58758339821426,0.7030597198565633,5.0732544905674,0,1
107,7.373993291188112,23503.045102522174,2.4469845184420502,3.085375171979975,72.9790626933796,75.75939040046492,-97.47803474692876,-41.44660993846274,100.0,0.5127449501764305,7.91111557902799,0,1
108,5.954661396265564,9975.881136602096,2.4469845184420502,3.085375171979975,20.5258246413008,44.1218807949136,-12.852499163494649,-77.89020011344594,86.06354568307007,0.3854680655313944,5.782665060640962,0,1
109,1.6142858496952432,14502.74384098061,2.4469845184420502,3.085375171979975,100.0,17.43929277893669,-16.33753908267573,25.83265852077517,-25.07952434600493,0.3298738695403314,2.616583794005684,0,1
110,11.35780550108627,19383.665518980688,2.4469845184420502,3.085375171979975,100.0,100.0,-31.375424770868683,17.04102792069456,65.79548541917873,0.3661744201555343,14.030150463253902,0,1
111,6.47655272077694,9813.561015794054,2.4469845184420502,3.085375171979975,100.0,55.93791248374941,-64.5906472673404,-72.57565366533701,89.58324497841969,0.7967730092162748,6.418787647189499,0,1
112,7.830329616394511,18659.32232619489,2.4469845184420502,3.085375171979975,100.0,39.67005051162795,-0.1102488153189766,-57.2636831383013,98.60129726252904,0.934301112714707,8.055257920386252,0,1
113,3.969335104690116,10417.899265590664,2.4469845184420502,3.085375171979975,-8.13767107727331,28.241118504313054,-63.52322207757849,12.301809339873913,98.26478249795888,0.3954933684303152,3.87236299461572,0,1
114,7.477450131459179,19092.093231309533,2.4469845184420502,3.085375171979975,14.25159816918692,44.37815825866591,-19.7256055120099,39.00627638363102,100.0,0.473478703852872,8.55394156381234,0,1
115,5.729388881147379,15618.4254220627,2.4469845184420502,3.085375171979975,75.7188619536094,24.167567681515592,-25.54614554248492,-26.363496153435836,100.0,0.8177296380577377,5.685605700398071,0,1
116,5.5404844290540005,17169.592991354395,2.4469845184420502,3.085375171979975,-21.97944638435804,18.45185294161873,-18.137891392995478,100.0,100.0,0.3751320799546964,6.60785897572962,0,1
117,11.407027917557924,14441.17964470318,2.4469845184420502,3.085375171979975,90.95788063636522,100.0,-22.885900227015664,-2.321309395854501,68.40208695621145,0.3212621051341058,13.893992652685846,0,1
118,2.614408061806899,12892.93394966617,2.4469845184420502,3.085375171979975,100.0,4.191233084697458,-100.0,44.9522878229101,98.93793848286354,0.4023647289110732,2.95730007968166,0,1
119,10.4230032221115,16631.149921092187,2.4469845184420502,3.085375171979975,100.0,89.76322532175304,-34.77942664448847,-60.28011114681764,89.00103964364185,0.5735158709791159,11.735635975963683,0,1
120,7.250860999305395,12185.11782344655,2.4469845184420502,3.085375171979975,53.36776478861783,72.24707588182699,-60.82227729090245,-30.033161131352124,75.6321630608221,0.2661445171757197,8.21856335566134,0,1
121,10.10232880040436,17689.157216002674,2.4469845184420502,3.085375171979975,100.0,53.57481854823917,-6.834706074124808,59.551088797953724,100.0,0.91240189277383,12.01287975744032,0,1
122,9.537403493254455,14276.39372930798,2.4469845184420502,3.085375171979975,100.0,74.0739341140472,-56.39843938984791,100.0,73.01631665564987,0.6326472576932813,12.178590318813535,0,1
123,1.985451528527872,9892.234400716296,2.4469845184420502,3.085375171979975,30.55572851198205,12.821401073115108,-66.60916470520834,27.545922211028824,64.24102258412256,0.4342608397167853,1.9351265872681147,0,1
124,7.351449655367093,21344.55569437414,2.4469845184420502,3.085375171979975,100.0,49.64271287683391,-84.57011789336235,79.79168446440156,100.0,0.9167150271536716,8.728604814323816,0,1
125,8.931207851785738,18847.596319821787,2.4469845184420502,3.085375171979975,100.0,64.69211517932746,-49.66808290048122,1.6451323033538665,100.0,0.8434988999616326,10.0685195898525,0,1
126,4.550632379786085,12314.170534416451,2.4469845184420502,3.085375171979975,100.0,22.545258619481714,-82.73298933020662,100.0,78.32066023002794,0.8208394587738024,5.660416003197711,0,1
127,7.239148632221919,22077.272494205085,2.4469845184420502,3.085375171979975,100.0,61.81731680187865,-18.17934054377883,69.39169418096891,14.40899637147352,0.3213527241939591,9.793240948518596,0,1
128,3.664189989717188,9563.519053549837,2.4469845184420502,3.085375171979975,100.0,-0.4396942035433753,-17.661502105828063,-48.69598099389242,90.19190125078332,0.3969603163054132,3.489851699943205,0,1
129,11.16525365725391,19454.63417227824,2.4469845184420502,3.085375171979975,83.84377194817381,78.59153095822336,-40.24693346341235,90.46273754513636,100.0,0.6930931749773404,13.783647751578672,0,1
130,3.5077044590096698,8901.291137785745,2.4469845184420502,3.085375171979975,100.0,6.509084746097553,-1e-20,-9.825329990708422,44.00797950620742,0.5568931388090801,3.874764805480475,0,1
131,6.378240337898548,26295.654597396093,2.4469845184420502,3.085375171979975,100.0,43.98925700575618,-1e-20,9.237850924110006,31.913824068061395,0.5488671994522165,7.778009863846375,0,1
132,5.265651489564677,14554.419148204195,2.4469845184420502,3.085375171979975,100.0,37.39602849722103,-34.43081979519185,12.095865142743598,47.01748812504607,0.6624606449461115,6.1636204227688935,0,1
133,4.487992058473646,10339.700345511785,2.4469845184420502,3.085375171979975,73.23095268967023,50.70411645692831,-60.15030119254049,8.579837732546999,31.337518814470396,0.2621456355317728,5.5562034737680825,0,1
134,7.740020002185552,8959.377517195086,2.4469845184420502,3.085375171979975,70.62504781317098,65.5722278126891,-62.95075731781564,-34.92641739093882,100.0,0.6314927424822385,8.303292969905204,0,1
135,10.768865714471856,20608.790176688784,2.4469845184420502,3.085375171979975,100.0,79.0900832534709,-14.167441405063917,79.35792690102492,62.64539928116044,0.5495604589009,13.708291854631568,0,1
136,10.892215068897084,24725.31593542245,2.4469845184420502,3.085375171979975,46.21778372290469,90.42420236802734,-53.89664355051027,72.59740081183588,98.07874332536798,0.3339961627291217,13.4739005733888,0,1
137,8.478766446086887,23818.047212963484,2.4469845184420502,3.085375171979975,100.0,63.68161848774397,-55.961302269012805,86.6655991645568,71.43193179273185,0.6835831186435488,10.682609956403327,0,1
138,5.323473799583013,20577.84493246616,2.4469845184420502,3.085375171979975,68.7103810109976,13.658676067610358,-22.735623840511,16.357929682088614,100.0,0.7330236121213987,5.6222336528027945,0,1
139,7.206941846886803,8931.846529280163,2.4469845184420502,3.085375171979975,77.67351909647013,53.3564063450082,-61.16122352113471,-5.415749255762847,100.0,0.7686581895174398,7.800571227331714,0,1
140,9.039209745931345,7084.538290484219,2.4469845184420502,3.085375171979975,100.0,58.915256979175005,-35.915966844323954,66.04347521827381,84.57894139171643,0.7962196544176523,10.9765699164777,0,1
141,8.20864160114218,25510.05625043084,2.4469845184420502,3.085375171979975,81.13783176978652,70.47260895343253,-14.615670555925211,6.147538955230132,42.85218607294092,0.3093975564711382,10.118112011104854,0,1
142,6.661940968539362,23925.25378865716,2.4469845184420502,3.085375171979975,73.43986289137675,11.468120000949703,-5.653194610675381,95.52137064071188,100.0,0.7599440415409529,8.038637672697165,0,1
143,5.854348057187663,9826.403067155714,2.4469845184420502,3.085375171979975,97.442016540975,56.67307346357615,-52.86896029704794,-76.09793515930822,63.21506973562156,0.5885702582433345,6.016002303856068,0,1
144,3.8322975334471616,9745.528738999466,2.4469845184420502,3.085375171979975,63.95677185074866,34.90851096619849,-98.74775541628944,-38.68858542121589,100.0,0.7642036977216593,3.178764729541888,0,1
145,4.307399713187604,8489.702206456604,2.4469845184420502,3.085375171979975,100.0,56.73862947149132,-90.45453787647672,-35.4606899205488,43.420585326315305,0.4053401442353257,4.801511019314246,0,1
146,13.170783544785465,21688.83248907605,2.4469845184420502,3.085375171979975,94.70375280889785,100.0,-1e-20,-27.294026885683248,100.0,0.5978567089985125,15.365442780339116,0,1
147,8.736058810545055,13734.19943433002,2.4469845184420502,3.085375171979975,100.0,88.7144569417128,-84.91524023656456,60.994248718301066,56.80571912214286,0.3460971987057055,11.227230835719006,0,1
148,9.552776431034236,13629.499560840624,2.4469845184420502,3.085375171979975,100.0,79.42086752052495,-35.044143210011484,45.01181624310245,58.62097183235636,0.4860086155673739,11.953632285527576,0,1
149,3.14353123645339,11700.744718831498,2.4469845184420502,3.085375171979975,6.094170574465004,23.594031838661373,-68.90961307799341,8.67279092138926,87.45599715484647,0.4319094967803751,2.9167734595277928,0,1
150,4.426957828985403,25259.05141898425,2.4469845184420502,3.085375171979975,95.16352293587371,-15.049558554692284,-1e-20,48.35508762519292,100.0,0.3001926904187471,5.344611377668772,0,1
151,6.8047033641033625,9769.77828383518,2.4469845184420502,3.085375171979975,100.0,41.16583103898069,-1e-20,-100.0,80.75171075658983,0.8359385459912176,6.61193791887856,0,1
152,8.51629010229165,13973.380893624451,2.4469845184420502,3.085375171979975,89.02626162243655,72.32091083476449,-100.0,75.5777358544249,100.0,0.7214708921389583,10.30212864741925,0,1
153,3.7564752392722034,11289.2809667758,2.4469845184420502,3.085375171979975,100.0,32.50831908944332,-50.4149440232819,75.20781210198476,14.211631228858517,0.493295157426084,5.2867284192812,0,1
154,5.881466655268366,11014.945445276817,2.4469845184420502,3.085375171979975,85.0010861815665,42.54416077916109,-1e-20,-100.0,59.05782552318334,0.6153355766017725,5.778301810412129,0,1
155,4.8391581564068575,16513.230813429138,2.4469845184420502,3.085375171979975,54.26780223909673,18.53059199211986,-19.277640849416173,2.6602427065809806,82.84543295672654,0.6388182374020355,5.0535384014601,0,1
156,2.348175076921519,23102.613296547144,2.4469845184420502,3.085375171979975,68.12260498874977,25.45327185807387,-26.741699477566605,-14.181372132437067,9.069363436456726,0.2910163453894101,2.779150856397278,0,1
157,12.29861679897357,22124.320531494683,2.4469845184420502,3.085375171979975,84.53077116562955,100.0,-46.86585177220204,100.0,85.88401708623401,0.448316367747001,15.665386168612423,0,1
158,2.425652718221758,23392.678335014585,2.4469845184420502,3.085375171979975,89.22893132430957,9.907608988511988,-24.361844154533447,100.0,2.2147756905170297,0.4162032922798973,3.965219540737966,0,1
159,5.237466700519396,12280.506269223632,2.4469845184420502,3.085375171979975,25.59412306528629,35.529456412957,-63.39403482151128,23.25363504437161,100.0,0.5651938992452541,5.54521333410107,0,1
160,5.306690292511548,26407.369178633955,2.4469845184420502,3.085375171979975,59.91190593581149,21.67900268849762,-41.86080889074984,100.0,78.17516902960581,0.6508137979280213,6.598397750780828,0,1
161,12.188645221401297,17513.811195006976,2.4469845184420502,3.085375171979975,92.62291310632564,93.89804601259408,-28.316146427552106,19.76155966754383,100.0,0.6262127447503749,14.525735289405436,0,1
162,7.819372782126933,19452.59321297388,2.4469845184420502,3.085375171979975,74.62998297174173,57.08251393790906,-60.33767938127326,23.24875440747278,100.0,0.7369716502781705,8.855941547286776,0,1
163,11.482706809161774,20441.78392598373,2.4469845184420502,3.085375171979975,91.39726225591316,95.71580196493626,-55.667200145209456,75.40882054351731,86.31546636112047,0.507115359961495,14.378380251590585,0,1
164,5.057144463676075,13037.551883430484,2.4469845184420502,3.085375171979975,100.0,40.41856725109516,-1e-20,-23.759672023432252,14.66362086013578,0.4480451741876883,6.050050001727971,0,1
165,11.388799277789431,12422.91674555837,2.4469845184420502,3.085375171979975,68.92394355771253,100.0,-35.56141083994191,-46.55460049192962,100.0,0.3687101263220995,13.049860143000403,0,1
166,7.280298375440203,26661.2863964497,2.4469845184420502,3.085375171979975,10.074157581037468,37.20678404256976,-17.143613389210753,78.2987110529062,98.35047148396926,0.4801478674974557,8.657343371025892,0,1
167,9.667848892044244,12388.487695259091,2.4469845184420502,3.085375171979975,77.15746243327072,69.22030176174448,-33.40803799865064,12.847112533886872,100.0,0.6902490017947764,11.14807569529444,0,1
168,7.087706481814797,17410.444725403377,2.4469845184420502,3.085375171979975,100.0,39.88829162976229,-63.23897246967722,63.72082511614484,100.0,0.9411172348081288,8.222704587304177,0,1
169,8.489691598461832,20196.32505079625,2.4469845184420502,3.085375171979975,34.32255195042073,54.60741675018579,-1e-20,-29.371156304580097,99.0505998257682,0.5198486719565363,9.250595665444338,0,1
170,5.868100567324902,19231.73717626645,2.4469845184420502,3.085375171979975,75.78373346925518,49.18181970176356,-96.50197930684342,28.53402040894835,96.43881306930044,0.7505913688500145,6.466418683834416,0,1
171,4.405847186580663,13881.860026925286,2.4469845184420502,3.085375171979975,55.11235491574055,30.952679337110048,-22.08525234988364,-24.105397643743554,54.35998565719581,0.4823000622245006,4.654943866910915,0,1
172,10.121271066753836,10738.020811915703,2.4469845184420502,3.085375171979975,72.2629066630445,75.78574707835756,-46.66740847775159,51.45036900624909,100.0,0.6219562049824781,12.123175591504031,0,1
173,2.566049832332074,9905.72799451635,2.4469845184420502,3.085375171979975,100.0,2.721874918876857,-95.03862696355314,32.67618351399982,100.0,0.3168448899298028,2.8592428436818342,0,1
174,9.539705546583628,9812.96832645579,2.4469845184420502,3.085375171979975,100.0,83.66226174592636,-30.482981563217656,65.96619022013464,38.92611874008449,0.322329295179478,12.45790284290586,0,1
175,2.0592557766487385,13042.755344418065,2.4469845184420502,3.085375171979975,66.43538216052,17.936606158866077,-40.05531379921228,-70.00702304152138,46.47628781106504,0.5256836064511914,1.3456316545734268,0,1
176,7.925474014118576,13405.059698155166,2.4469845184420502,3.085375171979975,38.83398783678359,62.17137417252149,-43.461041769904725,-12.492379309427427,100.0,0.47824940639362,8.750607896794424,0,1
177,4.938675948608244,17369.99120191984,2.4469845184420502,3.085375171979975,60.468445369653935,42.160761320213645,-65.23180606302681,49.72494241795906,59.03760811511687,0.476783091595907,6.003027903610921,0,1
178,6.847010651184215,9803.765923182533,2.4469845184420502,3.085375171979975,100.0,21.179599604714348,-29.686191627032223,79.6337613682525,100.0,0.9107657411080216,8.097211393151344,0,1
179,2.102972804467078,8589.439306045124,2.4469845184420502,3.085375171979975,22.6190789798123,5.910605217838423,-30.72317308587138,-6.667362782490905,63.180080707135495,0.3319693449419789,1.8401676539988512,0,1
180,4.300632917065011,12021.057075125142,2.4469845184420502,3.085375171979975,100.0,2.442512772611714,-27.72456274647112,-15.713046970322232,100.0,0.5831292599712379,4.330777499309334,0,1
181,9.2639440940007,12621.368139038805,2.4469845184420502,3.085375171979975,55.41639533373311,64.22623043748173,-45.7097629350977,79.31766557429522,100.0,0.6023333111198852,11.2422155505803,0,1
182,3.820373734754938,17265.285890564428,2.4469845184420502,3.085375171979975,42.17767988456468,-11.167224367827636,-22.40129736430193,100.0,100.0,0.305307764420943,4.807537183623436,0,1
183,6.787822632291096,17326.40619735721,2.4469845184420502,3.085375171979975,50.2533262314737,60.39750685054696,-64.41962024158165,-51.92919228322687,100.0,0.522704971274905,6.959423241117607,0,1
184,8.987632641120284,13872.994546704573,2.4469845184420502,3.085375171979975,100.0,100.0,-82.61483075439403,-90.97739631370148,80.60904489258287,0.2979118244374978,9.986538872093377,0,1
185,4.539189078093084,11837.188890309755,2.4469845184420502,3.085375171979975,100.0,12.459900541808228,-1e-20,100.0,26.32071113527248,0.5743392456418768,6.322192334963502,0,1
186,4.809277580489166,10375.042116426612,2.4469845184420502,3.085375171979975,75.08083113855542,10.627443544768134,-56.68037980364151,89.34590031802267,100.0,0.7280032103353933,5.685533922151599,0,1
187,13.682180269040623,11388.959380145288,2.4469845184420502,3.085375171979975,100.0,100.0,-14.79928254126024,58.03294400066186,100.0,0.6583068545876856,16.765532218760384,0,1
188,10.278327952038987,20138.306599849468,2.4469845184420502,3.085375171979975,100.0,91.94853233805846,-24.646870087825103,-36.48581313314327,64.56305701731465,0.3929487967405425,12.156429140911062,0,1
189,8.348251675270973,18437.218169228283,2.4469845184420502,3.085375171979975,100.0,48.26838646794557,-25.697517817476506,39.949132614924906,88.13879504750813,0.860095462815929,9.770294635133444,0,1
190,13.202234505757346,17965.018733139143,2.4469845184420502,3.085375171979975,74.09338644417497,100.0,-17.30768945257913,100.0,86.99518131167937,0.4161162086345307,16.77896622970422,0,1
191,10.086711028098389,11867.153903859567,2.4469845184420502,3.085375171979975,67.25621482554838,100.0,-86.85936318710978,-4.175725381235125,100.0,0.3107896447948564,11.85166202848875,0,1
192,3.632535350465661,17559.84516377832,2.4469845184420502,3.085375171979975,75.65120472494309,-4.971543289120262,-55.84486601021421,97.1807864797536,100.0,0.4351922890111761,4.57029195807451,0,1
193,8.415005452269298,16837.80963764417,2.4469845184420502,3.085375171979975,100.0,51.66159842771798,-1e-20,-100.0,100.0,0.9067871306055602,8.411921897985485,0,1
194,4.773803259857457,13708.203025541476,2.4469845184420502,3.085375171979975,50.4633046875825,11.37175740686328,-42.10686911467576,66.58690310261842,100.0,0.6520851597578847,5.391271377059946,0,1
195,7.4315825349020255,24860.92317266041,2.4469845184420502,3.085375171979975,61.219453151938936,63.63647714496037,-42.77562385927725,16.98757140235476,66.62221205920692,0.3843533539565751,8.875154755274119,0,1
196,13.747735765982863,28808.89153341229,2.4469845184420502,3.085375171979975,84.796684357764,100.0,-15.45225190057157,85.15803531928256,100.0,0.5726003974501808,17.114763003396504,0,1
197,6.377251915303494,13442.423023138994,2.4469845184420502,3.085375171979975,100.0,52.96948437530865,-53.31636281185924,17.74102528466049,57.34535904504416,0.6364373112475699,7.557894405889537,0,1
198,11.554627269118008,13281.161377486043,2.4469845184420502,3.085375171979975,51.476867752366886,100.0,-17.38620458206657,-65.60550490314964,100.0,0.2561670869256129,13.113688265010229,0,1
199,5.243350826983085,13012.70832324363,2.4469845184420502,3.085375171979975,100.0,25.75158886155276,-46.52092805034405,-48.2689484994292,100.0,0.9154136297361092,4.884944382533455,0,1
200,6.111918345006638,19732.54866705277,0.8719611650083201,3.0023031448610418,38.70303687306141,100.0,-47.25936411383836,47.37455940041912,35.19112769958241,6.383091837704473,8.095730590199077,0,1
201,11.17809105206613,20061.347972909178,0.8719611650083201,3.0023031448610418,100.0,38.97743675097437,-36.28098013674354,13.68054524716116,100.0,8.028284245117955,22.441285559996786,0,1
202,8.153302887133561,18206.584803218197,0.8719611650083201,3.0023031448610418,91.08116974870586,4.245003043288564,-77.77764149529821,76.02651881540491,88.89126312814223,4.910893130605015,20.74190417940525,0,1
203,11.47843536858289,27275.648841881437,0.8719611650083201,3.0023031448610418,100.0,-11.778833597746884,-1e-20,62.03114903583906,100.0,6.852476745058258,24.54509692702287,0,1
204,8.926867011277755,17550.415542853832,0.8719611650083201,3.0023031448610418,100.0,-7.181735911140251,-26.08831332164809,-78.99097433136974,100.0,3.6178625118362095,22.84237922781937,0,1
205,9.87273390745936,22375.3129226363,0.8719611650083201,3.0023031448610418,100.0,78.89008545896037,-68.54469257837079,-100.0,100.0,7.068328930365203,20.42164190036143,0,1
206,9.655126870670616,13984.124108610067,0.8719611650083201,3.0023031448610418,50.58135912405409,100.0,-58.411343111236896,13.8562542734292,91.55140911220576,9.442607894014143,13.129900342534022,0,1
207,5.713315024534992,11621.48894682538,0.8719611650083201,3.0023031448610418,64.8102525650886,96.48724935144789,-77.88403371175333,-10.004337948642917,41.69659184570501,6.229468499437323,10.281380622869818,0,1
208,2.180629515678335,10261.537956284355,0.8719611650083201,3.0023031448610418,11.441322325956063,100.0,-100.0,15.108632894365511,28.91979540719611,0.5587853479364018,5.02578826016259,0,1
209,10.356494193116008,27387.29186921806,0.8719611650083201,3.0023031448610418,100.0,10.301344565332272,-1e-20,-86.9289951672487,100.0,5.518942686113638,22.75783405083787,0,1
210,9.1299863945304,16352.164652945636,0.8719611650083201,3.0023031448610418,-19.645490208441625,100.0,-10.377168785711037,21.71122707637475,100.0,4.241938593081411,10.251333395068125,0,1
211,6.756400828588131,29773.728702289045,0.8719611650083201,3.0023031448610418,95.6660994201692,-12.506289714062843,-19.80747637848035,25.460356455437637,51.39201312978659,3.6197562114635646,18.522848219705704,0,1
212,11.366640422781284,29986.115236739763,0.8719611650083201,3.0023031448610418,100.0,13.09075492230518,-37.35731090335447,100.0,100.0,7.9071408006515425,23.756355180229907,0,1
213,7.02967500036108,13533.642564120795,0.8719611650083201,3.0023031448610418,-25.91029279384725,47.38301817129585,-40.22783153910388,100.0,100.0,3.858144052817978,7.995832086799714,0,1
214,10.558283342973104,18417.96239608324,0.8719611650083201,3.0023031448610418,62.07516108546343,100.0,-77.52791621668004,57.988460211143774,100.0,10.252692249241523,15.648086540437465,0,1
215,5.340399416289317,13192.04358162493,0.8719611650083201,3.0023031448610418,86.30069626027026,33.95190961174878,-100.0,100.0,44.5347079636647,4.673493963505516,15.05996089445646,0,1
216,5.57436727841809,19058.62085446018,0.8719611650083201,3.0023031448610418,63.03830926471411,-22.31302021170917,-27.208666734102422,100.0,49.535544182108495,3.113734112411434,14.552647490762537,0,1
217,11.817056519958726,23591.843034489884,0.8719611650083201,3.0023031448610418,100.0,34.27762338487821,-1e-20,-15.257154589879567,97.16929218011494,8.296367510111994,22.586270110045355,0,1
218,7.577763684921134,29062.211117400297,0.8719611650083201,3.0023031448610418,69.84745068770327,-26.673004502361938,-32.81713258421764,-13.556221425872948,100.0,2.5783216815373944,19.43941663925719,0,1
219,3.865484069214075,12723.063315942807,0.8719611650083201,3.0023031448610418,43.93402965029938,0.159687100443028,-20.487077741482324,38.92109613157349,33.201238361804535,2.5166950335417626,9.376860560072256,0,1
220,10.368294478702447,35988.28370201822,0.8719611650083201,3.0023031448610418,100.0,100.0,-24.56605374885422,47.96032720670759,47.047723115873126,10.98037317249426,16.513169013231717,0,1
221,5.935477722584855,15098.59647090946,0.8719611650083201,3.0023031448610418,53.44466921885893,79.670270058701,-92.14457537710308,-18.824409646843364,69.13216635860196,5.298237266616888,11.322436170531644,0,1
222,9.107904750211292,26498.910212380364,0.8719611650083201,3.0023031448610418,62.13537115677679,70.63398336045252,-6.035908093332509,26.45789954394412,59.74112608027677,8.586860208570458,13.317651303231324,0,1
223,9.52511172291486,24427.911089207417,0.8719611650083201,3.0023031448610418,92.6151191668384,92.44376480839055,-1e-20,51.05074981705957,29.071744184781124,10.365695274048338,14.44443411464567,0,1
224,6.782381009043338,26396.38863613197,0.8719611650083201,3.0023031448610418,79.37644218312886,-5.861149751338722,-10.21880623180305,98.9422437386463,40.35854665983084,4.813580101843304,15.876919945796516,0,1
225,10.537524282706531,15033.132077533695,0.8719611650083201,3.0023031448610418,100.0,100.0,-86.81691153769765,-46.39115999257923,100.0,8.8708635287829,20.08973246296447,0,1
226,6.7642158904581375,21337.69950509128,0.8719611650083201,3.0023031448610418,70.73965210044811,100.0,-10.49277969464783,69.678561145643,1.0864608685944503,7.932013931082089,9.76652529973986,0,1
227,9.450124268607905,23476.966459883453,0.8719611650083201,3.0023031448610418,57.96434230438554,23.395149043346223,-43.72034244164743,81.14844972244134,100.0,6.767385658756329,17.452851595551166,0,1
228,7.6771567069614735,24076.596695610697,0.8719611650083201,3.0023031448610418,26.486370117197,-46.56857833002464,-1e-20,97.37604782010057,100.0,2.968132714912681,15.56004940589454,0,1
229,3.5157752444003068,13092.889865521936,0.8719611650083201,3.0023031448610418,100.0,100.0,-72.45420645366772,52.44290769415693,-27.88824267275101,5.923965958030811,9.280036313539446,0,1
230,5.9466241084753175,22443.47335118745,0.8719611650083201,3.0023031448610418,60.74325789820769,66.45006756068352,-52.97327766740894,-58.10252873803394,56.936598920063695,4.900626555183615,11.596071459525472,0,1
231,8.877402210219131,25983.824752477696,0.8719611650083201,3.0023031448610418,78.37332351523065,100.0,-100.0,100.0,69.98193112212955,9.66186633386362,14.988710973281046,0,1
232,6.180696520937742,19955.310004387436,0.8719611650083201,3.0023031448610418,100.0,17.683508215176907,-40.992682661411365,62.69095567868572,30.86472480138732,4.891761180655408,16.4933082613675,0,1
233,10.289081050286883,20302.3475696567,0.8719611650083201,3.0023031448610418,72.80503759732899,85.67760817858783,-1e-20,-100.0,82.75058710499097,8.674936020916547,15.597525460306471,0,1
234,11.10355631617201,22373.38548595121,0.8719611650083201,3.0023031448610418,100.0,100.0,-54.044714890130905,-98.79367751562488,100.0,9.016358505286226,20.1253692722101,0,1
235,9.783824911711312,17861.190218682124,0.8719611650083201,3.0023031448610418,80.56071172975794,82.89440013651398,-26.894611033769312,5.749058797153246,67.40814622100413,9.243895494875575,15.717224985983394,0,1
236,10.734235664817536,16068.7118026586,0.8719611650083201,3.0023031448610418,100.0,22.681429701234705,-62.83429155448409,100.0,100.0,7.70126826056739,23.12031457120297,0,1
237,7.492513848855717,16856.54887609238,0.8719611650083201,3.0023031448610418,-11.9310909991718,15.121734153570063,-4.560773855423086,75.0061869814566,98.53520016526588,4.268304042442144,9.424285140273351,0,1
238,4.736348522803958,8976.39192397863,0.8719611650083201,3.0023031448610418,20.51672283193006,29.944466886679223,-57.32457100989019,-59.86364197711475,83.9632445498556,2.3377895397035022,9.204048249772011,0,1
239,10.716259235877136,24286.308387436733,0.8719611650083201,3.0023031448610418,100.0,42.52310839705101,-18.227592752234063,73.2817241576191,71.17062282061251,8.863356825910735,20.405243455026795,0,1
240,4.413542301441892,21107.13358982709,0.8719611650083201,3.0023031448610418,55.84930676548912,-31.63274461871132,-5.873742159871471,5.926971342733339,46.81684877189358,1.2044801881027816,12.97083928326237,0,1
241,6.281178303897581,12169.54853454648,0.8719611650083201,3.0023031448610418,100.0,-17.029805339931336,-80.0111630611778,-7.113652887477113,82.20014128322194,1.7750762757473524,21.18427546732477,0,1
242,9.289159926398916,13917.48350429945,0.8719611650083201,3.0023031448610418,75.34332786708659,97.7960754942764,-30.112359285186123,100.0,41.23187913864284,10.281976343361608,13.345213620850116,0,1
243,4.662524036317008,27987.66013696856,0.8719611650083201,3.0023031448610418,46.36060648944435,61.350563848907065,-53.52240199213559,-11.909182024240202,41.49864658441663,4.526658415989422,8.49932022910499,0,1
244,3.897360614994759,29895.67707741552,0.8719611650083201,3.0023031448610418,48.70455595193369,37.89982667118641,-1e-20,-53.9696993745462,18.616251567043648,3.387020667728839,7.440163598676287,0,1
245,5.299920326428839,15145.887940295288,0.8719611650083201,3.0023031448610418,82.83522220169019,73.96951507505997,-72.32448571300648,-25.912878990442543,34.96804967768926,5.007623518174758,12.499671656645871,0,1
246,7.125601496579784,14230.306797808793,0.8719611650083201,3.0023031448610418,94.74534346350086,49.505966198759374,-23.768648698917797,-94.94286347994009,51.952413900390894,4.967041082431941,16.273257098848646,0,1
247,10.187788742264784,25738.62140684056,0.8719611650083201,3.0023031448610418,43.08345373542868,37.41446556275287,-3.8080573357381695,35.79044092725475,100.0,7.538997917131669,15.508976903328902,0,1
248,11.600356797757357,23732.88502933862,0.8719611650083201,3.0023031448610418,85.23435072169056,61.99569628954724,-55.96868524134716,97.67888880945736,100.0,9.907937920526969,20.395356123300083,0,1
249,9.864807899912652,15199.11294760052,0.8719611650083201,3.0023031448610418,100.0,27.411095128571787,-60.16520662168509,8.964686541044301,100.0,6.368789522686315,22.30090779971014,0,1
250,9.584828731318416,21750.04193625025,0.8719611650083201,3.0023031448610418,100.0,84.6737598982448,-62.36043936074974,31.7260033776036,66.10554308275974,9.133938652467796,17.957101945339033,0,1
251,6.525451566137411,11462.44383545602,0.8719611650083201,3.0023031448610418,-1.0205824487184705,17.35949931461443,-14.788535059999298,-24.44511391929861,100.0,3.691795144173589,8.906099306406752,0,1
252,3.600051731820771,19579.699939841645,0.8719611650083201,3.0023031448610418,57.91094689440614,-25.633235254146765,-65.62165291181135,26.18462520048395,59.42207773969066,0.3847986489179025,13.699579959794727,0,1
253,7.355460177783758,26722.30045727056,0.8719611650083201,3.0023031448610418,100.0,-41.942896552762015,-44.98973524809385,-58.91749528589395,100.0,1.1028216172186005,23.48469747333919,0,1
254,7.593598607772705,16817.384032309474,0.8719611650083201,3.0023031448610418,31.691150185190395,100.0,-83.1615542438165,-4.603842165453301,89.81251338592259,7.539068895723889,9.906904025244588,0,1
255,12.080040298833488,9930.441591051658,0.8719611650083201,3.0023031448610418,89.83967280148059,100.0,-30.90151793171078,-53.95454999200223,100.0,10.530230509451968,19.268664513214468,0,1
256,3.8775396825933823,13969.15561745141,0.8719611650083201,3.0023031448610418,100.0,-32.6697112312598,-17.778620669814345,100.0,1.7290870747013614,2.1178397705269845,15.358273801098868,0,1
257,5.909109535131594,25105.67065547324,0.8719611650083201,3.0023031448610418,100.0,22.597061524950604,-1e-20,80.13905740013192,-0.6286978403622498,5.761339366132784,14.101245484004671,0,1
258,3.0355357291521736,8172.609255396703,0.8719611650083201,3.0023031448610418,28.70391493572652,100.0,-74.52117317107081,-71.73187808164087,32.57582622588821,2.005599110247514,5.849729249925771,0,1
259,8.050638209921287,17970.43940480299,0.8719611650083201,3.0023031448610418,100.0,0.8179685252678368,-33.46822939481737,-79.45912053689625,87.52285181077612,3.3675631239010877,21.3856032362635,0,1
260,5.400254063465739,11912.534661371135,0.8719611650083201,3.0023031448610418,82.82949030851603,-8.192618565983295,-75.22713248900831,100.0,54.00683131262541,3.1379560860203863,16.694721853476132,0,1
261,7.632833426830642,14755.177930062231,0.8719611650083201,3.0023031448610418,100.0,-29.415463854593625,-72.03381009664655,82.68707506606819,87.31480840673515,3.281522141761995,22.67770524446263,0,1
262,10.225180781362864,14562.762994113824,0.8719611650083201,3.0023031448610418,84.97694870180797,100.0,-32.04476090240607,86.49614015530251,51.35870361814541,10.994390874008818,15.239890476837235,0,1
263,1.38549026321943,30550.08989543707,0.8719611650083201,3.0023031448610418,56.74417987530912,-33.67820351949373,-22.0417618241924,100.0,-5.109979456600925,0.4214926062916966,8.621576119307827,0,1
264,4.535766336206079,20017.604284434263,0.8719611650083201,3.0023031448610418,60.53584267149439,-27.52099519937363,-1.3236539583078155,7.771325217381374,40.98753211183044,1.5766792492126689,13.053769904975086,0,1
265,7.341584385938459,14449.25995053964,0.8719611650083201,3.0023031448610418,100.0,72.95386163301458,-68.58190110591401,25.585946355995365,43.35178278006051,7.134189964706684,15.926912211432168,0,1
266,11.778599132859972,18178.371353267677,0.8719611650083201,3.0023031448610418,100.0,100.0,-15.722892325241691,76.39666879472887,57.74592373953407,12.01578567889712,18.125009814516137,0,1
267,8.166028950996038,11902.604930793208,0.8719611650083201,3.0023031448610418,13.017958853061266,100.0,-100.0,100.0,100.0,8.17997750100724,9.52631502145713,0,1
268,6.4671756963360965,10839.249607487554,0.8719611650083201,3.0023031448610418,67.6470171532909,48.984833736684784,-26.34943298197566,57.11254643113077,33.43951395477704,6.4404430227124285,11.769044582172372,0,1
269,4.653261521071599,14566.40206683256,0.8719611650083201,3.0023031448610418,70.27987587501755,34.84997868092531,-92.274009408105,75.13351877337529,44.29285832922774,4.037554594968891,12.713202604551054,0,1
270,4.642281442600897,25508.599130196984,0.8719611650083201,3.0023031448610418,-2.1135387362648785,34.09345797169269,-1e-20,54.0176919912136,43.293373234083326,2.691573812944653,5.701005551187927,0,1
271,7.725310998296777,23139.033152053205,0.8719611650083201,3.0023031448610418,69.69281148332333,34.87129878320451,-64.30861324922105,-67.60505039490893,100.0,4.2645475661399095,17.341976840594153,0,1
272,7.921833467654459,24411.173737308905,0.8719611650083201,3.0023031448610418,88.07110315781978,48.72312590243028,-16.744664575410795,70.9307419997417,34.49795943613983,7.605317299022915,15.013866923096264,0,1
273,11.293671207104712,28466.847321228102,0.8719611650083201,3.0023031448610418,100.0,-12.72508641305548,-1e-20,100.0,90.9345607222352,7.111197667752071,24.06611810480701,0,1
274,4.528545799632285,18668.84424094135,0.8719611650083201,3.0023031448610418,29.57308317794852,-17.25071534560051,-100.0,54.40574883936916,100.0,0.9964402021370082,13.214734853652516,0,1
275,7.355597688773501,26971.850381281005,0.8719611650083201,3.0023031448610418,77.43581914494823,37.85787492779022,-24.415746509227677,2.6035781847800266,54.31756139035431,5.830025705712774,14.953945320135492,0,1
276,6.447260081305343,17045.780927522217,0.8719611650083201,3.0023031448610418,-9.839416519839538,58.44516230004804,-20.67506474614514,8.923117248362793,82.18610739546011,4.460572387780616,6.650180476622792,0,1
277,6.928222834137963,13356.599232054334,0.8719611650083201,3.0023031448610418,18.13343927223637,95.76135177774334,-30.025860804562942,-35.00197064265194,67.30044550649967,6.331898887802425,7.418785277925392,0,1
278,4.479009337288417,25298.009359304284,0.8719611650083201,3.0023031448610418,100.0,53.20347694114565,-29.12416879835056,100.0,-23.7376308172836,6.2737072444354425,10.91024912756084,0,1
279,11.802937846067222,17338.554691043602,0.8719611650083201,3.0023031448610418,100.0,100.0,-77.96027154834465,29.83214172000359,100.0,10.797905469763355,20.67994799499227,0,1
280,5.519284664487722,16727.1070631878,0.8719611650083201,3.0023031448610418,-5.398631670922057,82.33432555972455,-100.0,-0.7039403121271732,99.15933668905782,4.886065360839757,6.107551302652693,0,1
281,5.62300602860392,25229.53344196697,0.8719611650083201,3.0023031448610418,50.65377238356135,36.34891949555109,-48.09083486581655,37.71876027272741,52.76638956774003,4.771571766432412,11.03732280997131,0,1
282,5.418846217583068,22046.44395078742,0.8719611650083201,3.0023031448610418,53.396928713065066,100.0,-89.93928529610295,34.43247227537574,41.32562125625472,6.539342348919191,8.776677593427392,0,1
283,14.417177535738292,25773.5677886221,0.8719611650083201,3.0023031448610418,89.62754280114578,100.0,-1.402496184242434,48.10096677538315,100.0,13.058828319394626,20.942629272776244,0,1
284,5.2108106404393295,17340.7544078782,0.8719611650083201,3.0023031448610418,67.91594153891566,-47.56507766679183,-40.79687662781792,100.0,60.40791324736825,1.612530799575567,16.58016322355614,0,1
285,7.503991236596721,15082.091898825602,0.8719611650083201,3.0023031448610418,100.0,58.80429717446316,-3.6567590256490927,82.25190863512051,7.2086386239718045,8.215171078033174,14.130075078876528,0,1
286,8.863394263233502,19829.59581247146,0.8719611650083201,3.0023031448610418,-6.0870117004162125,100.0,-5.142752837081409,67.640280739237,76.66689725296837,4.169544241410321,10.98062220367029,0,1
287,13.695139761503086,24429.44602628897,0.8719611650083201,3.0023031448610418,93.88329279273498,64.85308412259567,-1e-20,62.58296836921807,100.0,11.383595357682818,22.28922312642121,0,1
288,2.85445411117252,21247.20956951201,0.8719611650083201,3.0023031448610418,29.37768285304684,29.856550204580564,-24.547567272593383,52.10302525824126,13.31977959180761,3.344478107154977,4.871239591995677,0,1
289,11.722811758976654,19268.444041854676,0.8719611650083201,3.0023031448610418,100.0,76.6711524413398,-59.80113599673274,29.87514290530544,100.0,9.938242152471323,21.433410102560057,0,1
290,12.657395841979522,22951.288098712248,0.8719611650083201,3.0023031448610418,100.0,100.0,-9.734070386561996,33.50451243764368,75.03424830348833,12.145981266171674,19.4381293044912,0,1
291,10.965721248774669,22682.055675649142,0.8719611650083201,3.0023031448610418,43.62541606610171,100.0,-25.197733156902807,100.0,81.60236795141405,10.049800627870582,14.006114452934703,0,1
292,11.717759110760596,15547.462525734229,0.8719611650083201,3.0023031448610418,97.11238883628994,62.24861253798741,-18.96550689147173,-45.43715763863172,100.0,8.902102804941485,21.318252673462204,0,1
293,0.683087605771129,11715.630498220493,0.8719611650083201,3.0023031448610418,85.55557949659018,37.71133614475213,-47.69875920781721,100.0,-52.88089807844503,2.9552889013542063,6.314354943068018,0,1
294,2.885649908548485,18198.806305202197,0.8719611650083201,3.0023031448610418,63.86139158053551,20.1927562590056,-52.03842451438435,14.886572282011151,18.498876655554348,2.1394005721075837,9.777619320855973,0,1
295,2.9684905141939715,17304.67820195154,0.8719611650083201,3.0023031448610418,34.26722984474718,58.652448982857294,-1e-20,-94.68304001830106,11.548487094254426,2.624431560991029,4.608725736090657,0,1
296,6.7160699170847,17939.455687986025,0.8719611650083201,3.0023031448610418,39.04738879041803,-18.69089596871622,-39.71534750419892,100.0,86.0520262797265,3.5181851159647763,14.560839675735284,0,1
297,3.5124352091525437,17178.344548893336,0.8719611650083201,3.0023031448610418,100.0,100.0,-60.31298645803338,-48.78535898177464,-16.309485369321393,4.475093902256676,10.115586948502774,0,1
298,7.447255528512814,16248.328209907328,0.8719611650083201,3.0023031448610418,78.2083699939588,28.046937852438784,-1e-20,-100.0,65.04654334365716,4.452210998759057,15.87953700651293,0,1
299,10.43267394837286,14037.997011167476,0.8719611650083201,3.0023031448610418,65.33060848341779,100.0,-31.12426026329007,-83.25457400911324,96.50161971412504,9.110780286213071,15.292672867737878,0,1
300,8.166061929686752,16712.25676171203,2.0955878038400533,3.0496499206866825,100.0,100.0,-46.73999701408621,-74.92532059461324,37.83593595420209,0.4076641293219065,9.862388976729958,0,1
301,6.156575678828279,21157.90049178821,2.0955878038400533,3.0496499206866825,100.0,19.032386093277324,-43.93561975349577,31.45926828646438,100.0,1.3228844601377667,6.939956703080139,0,1
302,8.802594652780845,18584.559928325885,2.0955878038400533,3.0496499206866825,62.42176554437172,80.25094888941027,-84.12781456417787,46.35391279259234,100.0,0.977315498684754,10.55979416134662,0,1
303,5.316099745392827,11068.859653821355,2.0955878038400533,3.0496499206866825,45.06916956049046,65.7877211890901,-84.73671188311373,-88.81695497686809,87.2630709233274,0.624169342475581,5.034011482763493,0,1
304,9.781336664452272,20439.999372692208,2.0955878038400533,3.0496499206866825,98.54841846406848,87.63840476284213,-1e-20,60.657762975686325,22.262241167369037,0.5671449889749258,13.242602434325606,0,1
305,8.25171533328586,12293.541424185103,2.0955878038400533,3.0496499206866825,20.94683649275475,46.0591097353324,-19.602558320907114,80.7959974574144,100.0,0.8473889852844501,10.00365567527352,0,1
306,10.998214967140155,22995.88195741781,2.0955878038400533,3.0496499206866825,91.75122387617913,87.65248227081382,-31.07774649839494,9.28921802573882,93.26177971792396,1.1782080276065834,13.09918993102773,0,1
307,3.7853694240168942,15429.26723928482,2.0955878038400533,3.0496499206866825,100.0,16.437351045314138,-14.007597947579049,-100.0,59.68178822082415,0.9498918882863324,3.252509725010679,0,1
308,4.559187254445424,8869.346911142711,2.0955878038400533,3.0496499206866825,54.98694860566643,41.1535881858364,-51.29434992987259,100.0,29.290859133583226,0.5389562853286525,6.53684899545774,0,1
309,9.333251905108265,21378.250477852027,2.0955878038400533,3.0496499206866825,100.0,75.74979261245659,-81.29834096609049,57.70463817642836,100.0,1.388826501677463,11.233792372458096,0,1
310,11.09849526448296,13866.980413455904,2.0955878038400533,3.0496499206866825,98.76410749120922,100.0,-0.7030407054968975,-91.2315003827706,73.54034675560344,0.9129438652109388,12.697797419674105,0,1
311,9.00539602905641,14125.408071144366,2.0955878038400533,3.0496499206866825,100.0,36.1716481816165,-1e-20,34.35104947033916,100.0,1.4776469416886933,10.489705115515676,0,1
312,9.902902099687534,17010.555342491614,2.0955878038400533,3.0496499206866825,90.15527587357607,94.52451834583654,-98.12791125442185,52.64290504006982,100.0,1.1354841472986426,12.0963673871756,0,1
313,12.707055416931244,23035.26888267841,2.0955878038400533,3.0496499206866825,69.16957024378374,100.0,-16.849740082192486,57.50876262752716,96.02101134592388,0.91916200550241,15.848635812701744,0,1
314,8.654717046726159,22828.44150064876,2.0955878038400533,3.0496499206866825,4.840362512721413,86.85034897893634,-47.666170237655294,-36.01118734262241,100.0,0.2572949310116312,9.828709925467791,0,1
315,6.892912611531561,11369.86240718341,2.0955878038400533,3.0496499206866825,100.0,55.50548554077691,-5.165448698551394,-58.65021128871875,46.30841758055816,1.017431386348239,7.707380592391388,0,1
316,7.049003942481294,20612.221364182667,2.0955878038400533,3.0496499206866825,100.0,30.81066892544414,-55.85973259993176,69.7430533780313,100.0,1.4480012072933603,8.347034478882682,0,1
317,4.915373796358048,11159.064091559896,2.0955878038400533,3.0496499206866825,20.42453974266448,42.32864349679469,-45.864211288378726,-93.5908100448105,97.41599883016944,0.7865684499805894,4.041104083292226,0,1
318,6.033248538485158,12828.89258613712,2.0955878038400533,3.0496499206866825,56.720835867503,30.218704571240718,-23.522902940611253,100.0,59.236444055251056,0.8632676326902122,7.9002057178123,0,1
319,4.619450918500119,7153.888155019895,2.0955878038400533,3.0496499206866825,51.99474791116289,8.539856438371363,-53.09638536900621,63.35649689177168,100.0,0.9111948296036076,5.3177110567507775,0,1
320,4.465239290261054,12633.804152138928,2.0955878038400533,3.0496499206866825,50.6792706299005,33.38289763449574,-66.47492246199353,70.27107057581509,62.94952006110527,0.8339211437661849,5.536241180692712,0,1
321,11.084047456921285,26685.464204309315,2.0955878038400533,3.0496499206866825,26.723783991882627,100.0,-22.955914332881598,-17.122790914834795,100.0,0.4488386972962086,13.127180487999562,0,1
322,9.225916316139577,16170.447687541113,2.0955878038400533,3.0496499206866825,45.86992189759165,69.3295614845422,-37.8638622043046,35.76495080821869,100.0,0.9290406690881589,10.922139267733597,0,1
323,7.608664530698949,19991.948108738667,2.0955878038400533,3.0496499206866825,61.69009443654122,52.40778588470223,-65.60827236634955,65.60980049535806,100.0,1.167284824114497,9.015217222633884,0,1
324,11.429158995773417,11300.077177163736,2.0955878038400533,3.0496499206866825,100.0,100.0,-12.887727367880784,-3.084029549292268,66.96625495645668,0.9015929376768116,14.071817977522644,0,1
325,9.20316684326843,8933.806308998444,2.0955878038400533,3.0496499206866825,47.85112462737362,88.46526387549963,-49.566492487286105,31.028795221637587,76.42836884649061,0.5208189570816284,11.44821086494852,0,1
326,3.0622308066582944,9106.291424871775,2.0955878038400533,3.0496499206866825,90.19959311269388,29.369554086510465,-65.31253135735409,93.95307868381424,13.9008307853059,0.7827909608883248,4.68816002447559,0,1
327,5.591658869796727,13031.205247502035,2.0955878038400533,3.0496499206866825,100.0,16.06823660499515,-30.746207081761057,97.37910096487929,63.01562368468025,1.130352999590491,7.340187943881437,0,1
328,7.214415916468619,15994.966500935823,2.0955878038400533,3.0496499206866825,100.0,65.10049814868091,-61.12414699083257,60.47957398146808,51.20487917509885,1.0048298817732997,9.282305951828564,0,1
329,2.649193733520133,18992.555710738656,2.0955878038400533,3.0496499206866825,24.78325874516082,11.65085977649128,-22.73352789752819,-43.90428111725028,63.02246449053243,0.5795702136555495,2.112985207377636,0,1
330,12.665852592495623,20013.316906602497,2.0955878038400533,3.0496499206866825,100.0,100.0,-42.45264029971983,100.0,92.5303477059502,1.1916890977756802,16.208266366628045,0,1
331,6.976139635071131,9064.514039305614,2.0955878038400533,3.0496499206866825,66.33129334117656,86.17723549415874,-78.56021778548697,-100.0,80.38263963277294,0.574794325368845,7.329280515245093,0,1
332,11.627506574434491,18827.395564925595,2.0955878038400533,3.0496499206866825,29.86257599035241,93.84307160692588,-1e-20,-5.342869316759111,100.0,0.5838329793099657,13.834594179027455,0,1
333,9.360086577811856,22786.70746922106,2.0955878038400533,3.0496499206866825,95.40163534163752,100.0,-27.450621335258763,-62.17629266720876,48.2727323305019,0.5562444530969852,11.266666085849208,0,1
334,10.442632350701643,14088.264381296807,2.0955878038400533,3.0496499206866825,100.0,100.0,-36.40603935414145,58.44578931120033,46.54224851095371,0.6900312366164663,13.777588039677092,0,1
335,5.329200062656028,16894.64598850411,2.0955878038400533,3.0496499206866825,37.96848902083204,-9.731046411158296,-1e-20,100.0,100.0,0.6414120246833543,6.760196363936744,0,1
336,8.808164836174749,14341.39568747746,2.0955878038400533,3.0496499206866825,71.88140892637308,77.97582267043626,-7.571841607079563,-30.04519195311937,57.64684966802615,0.6812942935491222,10.49756538618717,0,1
337,10.81015828364023,15039.900693762118,2.0955878038400533,3.0496499206866825,54.18388522580545,100.0,-3.0710366567498184,46.25679861998054,48.98687338525252,0.2546728437705656,14.196303177633787,0,1
338,10.778143556594554,13996.969136757943,2.0955878038400533,3.0496499206866825,57.337921505419374,86.22945511671472,-29.557551867800587,20.00322176306291,100.0,0.9170392618222278,12.86806284753645,0,1
339,3.802214697850244,13293.67367852897,2.0955878038400533,3.0496499206866825,30.801721814348653,29.99713667303312,-60.23673818529737,-91.84399966469618,100.0,0.9616238506700924,2.507019882950601,0,1
340,5.530118384831679,15512.013442768286,2.0955878038400533,3.0496499206866825,58.66991472111066,43.97037192016289,-27.00757853894111,-33.46649696299611,61.91484912116596,0.8400419709417051,5.941558581007204,0,1
341,7.317467389541402,13220.561246527372,2.0955878038400533,3.0496499206866825,61.14609955828925,64.70474246090373,-1e-20,-5.898691672189045,37.05861541810929,0.4848056164519221,9.084970654205078,0,1
342,6.297640268378574,13199.76409959239,2.0955878038400533,3.0496499206866825,16.280188981522155,72.3606342161603,-82.85616864228426,3.0061230815420306,83.79238672269172,0.3040978210780096,7.339469166555595,0,1
343,3.372330610386045,12489.559194072435,2.0955878038400533,3.0496499206866825,84.15902471418906,-7.244329635475339,-82.75534441274124,100.0,100.0,0.4699372048406793,4.760705764490044,0,1
344,1.7853359907294537,9535.0440878764,2.0955878038400533,3.0496499206866825,100.0,26.46361572342028,-52.70407866962138,11.30972076447345,-2.937267621048491,0.7314438046295068,2.473152789817524,0,1
345,5.832960227473079,13924.73858744723,2.0955878038400533,3.0496499206866825,71.15837193220793,45.21077122520677,-66.68708446276453,0.1423859283287214,85.6970908880112,1.1508989142667725,6.270647905242048,0,1
346,5.767789886877794,14363.077031257491,2.0955878038400533,3.0496499206866825,100.0,66.99704450297064,-77.96490944643321,100.0,17.115943850902795,0.6340359174804409,8.438619228767202,0,1
347,3.10123451494186,10433.820349642889,2.0955878038400533,3.0496499206866825,100.0,15.60809822699752,-5.736564251058692,-64.26521703008862,28.467746955121896,0.8597781463251413,3.0524703485899987,0,1
348,8.525912423439324,18200.28581037092,2.0955878038400533,3.0496499206866825,25.6670958500322,70.83927102256325,-31.43422619705265,24.405085368869933,86.6689607705379,0.5756042126508953,10.205912039168162,0,1
349,6.18156113887522,18771.201211042942,2.0955878038400533,3.0496499206866825,100.0,41.332074381469965,-3.557114290526433,-1.0938161652170146,37.22663050788273,1.019190444395954,7.429176418749058,0,1
350,5.7632040718729405,13975.110263334896,2.0955878038400533,3.0496499206866825,100.0,52.2338788190016,-97.46288892097368,-51.5110823305865,100.0,1.483503604783263,5.446669039348352,0,1
351,8.31349518190414,8203.5244323417,2.0955878038400533,3.0496499206866825,100.0,91.960260295291,-90.2332186326361,94.22808370631536,45.34317482943716,0.6981502382367974,11.38725763739322,0,1
352,9.707373771822136,20523.25698749463,2.0955878038400533,3.0496499206866825,17.677992517144958,92.8203344074188,-66.30548071134983,55.04832494549216,100.0,0.4097771955092479,12.038363804810908,0,1
353,2.3183830108548937,16541.08149263217,2.0955878038400533,3.0496499206866825,100.0,31.06346466162113,-62.75343929167938,-74.69888860002891,33.31391812419247,1.0080790292820772,1.753492522015906,0,1
354,5.760799063026956,16413.837090197343,2.0955878038400533,3.0496499206866825,100.0,3.770983170009437,-22.546144902233564,29.52816807965456,100.0,1.0632743624642536,6.669703178436301,0,1
355,6.820740479885666,23377.334634489045,2.0955878038400533,3.0496499206866825,100.0,56.52928687742265,-39.5200673996926,49.27186637813181,41.97615948052432,0.9832850721019222,8.754574875005996,0,1
356,3.286139484604784,20697.846612857364,2.0955878038400533,3.0496499206866825,56.46862026494328,35.32083163340116,-17.28377881957249,-42.470352125166194,19.43889775076997,0.4500907263905669,3.652535584202038,0,1
357,8.080275002929739,17898.868342759204,2.0955878038400533,3.0496499206866825,100.0,59.75503664949067,-15.82328623269632,-100.0,86.91730036206901,1.3514560211027624,8.185578322734763,0,1
358,6.732056903771656,15349.164730976428,2.0955878038400533,3.0496499206866825,55.90881007761358,31.74057046544781,-1e-20,71.85204538951247,61.49573257252921,0.8722282289357048,8.489585620013774,0,1
359,9.073646896338886,13866.159098768205,2.0955878038400533,3.0496499206866825,86.09191164888017,51.12759375827624,-44.29558099253159,100.0,100.0,1.3791121349643405,11.2225900221482,0,1
360,3.771045917958199,24084.15535637966,2.0955878038400533,3.0496499206866825,39.79565761162552,22.901529681346304,-31.779536026678777,16.97333301349603,54.86742448711205,0.7033238908141062,4.219134141607478,0,1
361,8.178814085662731,10039.600764210392,2.0955878038400533,3.0496499206866825,100.0,100.0,-100.0,100.0,34.7377735994782,0.4775163189917171,11.572106898876203,0,1
362,11.333428322309471,10883.364400808328,2.0955878038400533,3.0496499206866825,87.74013474043086,98.36654595343138,-46.33172279870568,-2.620399981815588,100.0,1.1022299877488404,13.407308858860528,0,1
363,5.668069004203792,12298.789742176312,2.0955878038400533,3.0496499206866825,58.27675136535389,56.36049084600912,-100.0,48.62496626846618,81.98354791753339,0.9252879022063644,6.695163057322215,0,1
364,10.356141530676076,17033.113712790986,2.0955878038400533,3.0496499206866825,49.68668649885103,63.84222611770757,-1e-20,47.568354088089066,100.0,1.0206043458799066,12.435499810542623,0,1
365,4.874189316316569,8168.477857971201,2.0955878038400533,3.0496499206866825,55.97121943054097,26.87827237830784,-2.432196176774241,2.8622970371310927,47.00532043646123,0.7682888031977599,5.620882125049086,0,1
366,4.705122063256357,22938.533222663114,2.0955878038400533,3.0496499206866825,32.74432408967667,38.93300221469978,-31.165694341573484,74.03189892855855,35.75089427173123,0.4031566212565614,6.383179254470001,0,1
367,8.735041626342797,10381.185013878156,2.0955878038400533,3.0496499206866825,-27.239999960684077,53.05234791761112,-1e-20,88.25372164659484,100.0,0.372246101455941,10.80736069286404,0,1
368,8.590965185265471,14784.306619818706,2.0955878038400533,3.0496499206866825,100.0,100.0,-62.67015245199684,-36.04994337489983,50.46426216852033,0.5892906686365835,10.51964261370891,0,1
369,6.082695288954761,13890.325886762366,2.0955878038400533,3.0496499206866825,93.13900958351432,55.05166785704809,-100.0,82.54057940259443,70.99629094257583,1.1765496913322138,7.666780953478597,0,1
370,6.756581979046853,12129.355468341715,2.0955878038400533,3.0496499206866825,32.98180232138625,52.50965348292276,-54.0325385465338,-2.267181570267024,100.0,0.8949851255780477,7.2931117631727,0,1
371,5.619626623845506,11737.56619113952,2.0955878038400533,3.0496499206866825,100.0,19.297168711198022,-33.88098147861084,-47.34039929235941,100.0,1.267347730962924,5.519046989553821,0,1
372,9.411928799834625,12317.919951832184,2.0955878038400533,3.0496499206866825,95.452243236278,70.65921992504357,-74.37583034476683,82.5498034709927,100.0,1.3836766432438452,11.552687072692496,0,1
373,7.073211064995673,15829.792228829014,2.0955878038400533,3.0496499206866825,100.0,62.614521628592655,-69.4836035917753,-50.19671950849403,89.21679468759366,1.345590216035443,7.369860621685303,0,1
374,11.122194732620876,14779.741211842978,2.0955878038400533,3.0496499206866825,68.70026113456603,86.63660681618654,-1e-20,-53.44970980891976,98.35135520473268,1.0027720874380996,12.59537541413788,0,1
375,6.339546634095056,15689.82069426934,2.0955878038400533,3.0496499206866825,100.0,55.10192521742862,-29.598313900260237,-1.2471123151686134,38.64948443693791,0.9506764231564292,7.689197902469607,0,1
376,3.39309853531757,13242.908401562234,2.0955878038400533,3.0496499206866825,42.82449872574493,5.1990291149406005,-53.15090636119962,100.0,70.68255109499837,0.6884408997700426,4.475062756522083,0,1
377,10.154506952179837,16092.983753652894,2.0955878038400533,3.0496499206866825,100.0,100.0,-22.39960139557732,19.669857066960557,38.69739006725789,0.5895954262616696,13.180263513776143,0,1
378,6.25087825236203,19476.891683477603,2.0955878038400533,3.0496499206866825,60.971208093345744,42.96635693413182,-62.69219162898636,100.0,72.99684885028188,0.9744103299776964,7.997866604895017,0,1
379,6.818252163996123,14606.025105703791,2.0955878038400533,3.0496499206866825,100.0,53.607991640964414,-88.44573089481915,64.23408401045765,83.48223654880653,1.3520931324078729,8.215944236908118,0,1
380,2.271189491944722,8032.382144769514,2.0955878038400533,3.0496499206866825,83.40859789563947,13.582102636994808,-16.63134573091061,5.293164544613134,9.15873639590938,0.6735985627073298,2.879001337369199,0,1
381,2.7768422649302966,21879.48276858836,2.0955878038400533,3.0496499206866825,100.0,16.85464292937224,-71.60585370135219,75.63848721128615,35.24939913704717,0.9358743745677272,3.897581017546683,0,1
382,4.763597005510027,14935.712810358416,2.0955878038400533,3.0496499206866825,100.0,-11.064033161704272,-1e-20,-30.67669176987826,100.0,0.4600592916522044,5.387539339767253,0,1
383,6.974927477865208,23804.522076492634,2.0955878038400533,3.0496499206866825,34.535008105240024,68.53646908395139,-42.06127957371733,-31.42866997765621,74.68149124038965,0.4964736241349059,7.887644662549587,0,1
384,9.490713131911846,20171.330759950502,2.0955878038400533,3.0496499206866825,56.82346159569544,77.17502561493528,-55.26188175240683,45.64765023789988,100.0,0.97151398774752,11.403535919953338,0,1
385,6.759735610362419,20484.610111151796,2.0955878038400533,3.0496499206866825,62.78246835396079,57.12652758677744,-37.66632679947494,16.303746170612868,61.65112530442316,0.7969700168927765,8.099635387731272,0,1
386,7.823240312633013,25019.053831256977,2.0955878038400533,3.0496499206866825,100.0,79.85347344705,-33.32778226935856,100.0,6.107118425306709,0.4575670764908413,11.350834645837269,0,1
387,3.702282838103443,9153.18873021162,2.0955878038400533,3.0496499206866825,-11.030794319623276,42.46221778273895,-87.7896847114022,15.00032807042765,86.3423653134338,0.3289474142277704,3.856536983951451,0,1
388,10.948219846863402,20340.78028853651,2.0955878038400533,3.0496499206866825,100.0,98.8189526702384,-23.292313968804272,100.0,38.31515372878434,0.6575409396684817,14.938184322715994,0,1
389,4.513836110740518,8449.847386547845,2.0955878038400533,3.0496499206866825,21.212039504516152,49.7068856071802,-66.96615710462241,13.612551445741476,63.19943506509643,0.3920619080927467,5.249666079645175,0,1
390,7.233550856655351,20905.65243118536,2.0955878038400533,3.0496499206866825,100.0,60.32452069978801,-89.66341116495954,0.1777584632714806,100.0,1.4579804859976608,7.883367519706292,0,1
391,13.312950775767757,30677.854607513567,2.0955878038400533,3.0496499206866825,46.89008648865153,100.0,-1e-20,100.0,93.5620543787202,0.7042270425564077,17.115873931077918,0,1
392,5.940041214925055,16533.73855130224,2.0955878038400533,3.0496499206866825,84.6853478879831,64.05604244410867,-56.148741999971065,66.41118233531006,23.37827202070673,0.5696203706191838,8.226322369889987,0,1
393,8.76640449970538,17760.651366762664,2.0955878038400533,3.0496499206866825,100.0,50.60316919656113,-1e-20,-14.663328167854305,82.63445072612807,1.3574879124225188,9.94603005160786,0,1
394,5.355790700009345,8421.69469301012,2.0955878038400533,3.0496499206866825,100.0,42.35443483887549,-77.66627876144366,-11.980149155384794,80.4274936007548,1.3504313332144515,5.595921230090614,0,1
395,7.339746029897801,14315.31678717085,2.0955878038400533,3.0496499206866825,85.07673986666471,19.892280500978835,-1e-20,63.97975678727441,86.96732961036784,1.2180895542633774,8.879456833907858,0,1
396,5.155861119398424,10956.11979346576,2.0955878038400533,3.0496499206866825,100.0,42.25014445900805,-31.70474451349359,-69.73872758180359,53.50807510700169,1.141710067936132,5.176851010856114,0,1
397,6.915233576882651,15118.04040277761,2.0955878038400533,3.0496499206866825,21.665707827222217,37.99414891802896,-36.75238079185416,67.99105292794621,100.0,0.8787087099429582,8.126078368877756,0,1
398,8.049079036722109,18136.38585386728,2.0955878038400533,3.0496499206866825,51.96862919012675,42.289473939334734,-38.55080156525102,100.0,100.0,1.1188570825842667,9.899409052713818,0,1
399,9.905690125033413,28001.69956135292,2.0955878038400533,3.0496499206866825,100.0,57.02271758607814,-1e-20,88.90106591751004,70.11833702195844,1.2434443002970197,12.655085365658024,0,1
400,20.06712784266146,72314.91082334048,0.7950698454640701,2.498501227223157,86.64765974773832,64.75628000781498,-44.89953401809802,50.337518803557046,100.0,22.21753240434867,47.68777916828503,0,1
401,10.29045132227121,83221.78034906797,0.7950698454640701,2.498501227223157,100.0,54.37034780665565,-100.0,27.809947821995955,45.33477317551728,11.683993975048116,37.95654233614561,0,1
402,8.314164503112128,45004.80584548269,0.7950698454640701,2.498501227223157,25.29309470174948,72.74872946847906,-63.96861673090876,100.0,36.08445798223766,11.318573166463873,17.136373490999134,0,1
403,3.705782090716279,64447.1324394338,0.7950698454640701,2.498501227223157,46.894073056936726,3.588285992223902,-1e-20,49.85690293633697,-13.53295155369841,5.37566460068364,14.327916752020924,0,1
404,17.445778998093168,91933.00663296392,0.7950698454640701,2.498501227223157,100.0,1.14940837267212,-19.84736233093615,-30.012136741301475,100.0,12.604246039212704,53.02633932626595,0,1
405,18.48693955292408,88222.38934194767,0.7950698454640701,2.498501227223157,100.0,76.87380386152392,-31.314298456439467,-15.66634110206554,78.42728709775882,21.02786022910973,45.44338116120795,0,1
406,16.860407348704204,118509.79162891528,0.7950698454640701,2.498501227223157,87.48544427097457,52.80481070239668,-14.465048376054073,43.94259255231074,60.827497403585845,19.4496237424744,41.3304017644591,0,1
407,15.351381829687968,119367.81608524466,0.7950698454640701,2.498501227223157,100.0,-12.006775990243014,-68.07282965218478,34.997412268900845,100.0,10.398997296309751,53.343431193538656,0,1
408,0.2128155158243765,31765.04434331,0.7950698454640701,2.498501227223157,100.0,46.727821486362544,-1e-20,44.131139202599,-100.0,7.341875219939828,12.464684052099216,0,1
409,4.890235081046773,100643.70711755408,0.7950698454640701,2.498501227223157,100.0,34.71425697420695,-40.03497635759348,26.39054462372239,-26.868707562196704,7.781349077347682,25.96753902155812,0,1
410,23.09975456857193,93311.4424863986,0.7950698454640701,2.498501227223157,100.0,92.42927862081336,-12.318350726927289,50.947958590905785,86.27987453977232,27.66644447804485,50.45697294603701,0,1
411,8.8655829555648,46481.23841146983,0.7950698454640701,2.498501227223157,100.0,35.46700774466687,-66.54641335045146,-13.184394845080584,31.6607267454852,8.338407440977006,36.18014889769392,0,1
412,1.6274055832218388,53485.083137463465,0.7950698454640701,2.498501227223157,61.536632708257926,66.69804625118303,-100.0,29.74640238959554,-9.56196370827017,4.39217043770311,14.691169480990569,0,1
413,12.129871590268014,80732.51757556111,0.7950698454640701,2.498501227223157,100.0,-52.140857217011806,-100.0,91.36906963219457,94.9392436491338,4.898476446828905,54.12209363804442,0,1
414,7.156455149360015,36998.28626674839,0.7950698454640701,2.498501227223157,-24.407405501804945,100.0,-82.37047039786754,-33.165041653878774,89.3855878507558,2.253891089871785,10.949456340973237,0,1
415,13.068838653549616,86816.5041885273,0.7950698454640701,2.498501227223157,94.41084511644848,72.80785650201926,-87.0362327862276,-2.4310213192071384,64.9910341191301,14.979722209927898,39.06872316693348,0,1
416,15.829340894139182,115877.25818291822,0.7950698454640701,2.498501227223157,24.47742077738355,89.73362276990368,-33.84758367234165,3.3347242681584457,100.0,18.128381963856192,26.222873252384154,0,1
417,12.824673135512626,68414.11948376606,0.7950698454640701,2.498501227223157,100.0,93.85919281353232,-1e-20,12.808469635415264,-3.103079824652877,20.445035575875067,29.908095348078668,0,1
418,4.220878344923621,61115.89756908299,0.7950698454640701,2.498501227223157,0.2838918790137228,59.14980937481173,-1e-20,-62.8611042309698,24.599040750470184,1.1659293272330582,6.814627736595492,0,1
419,2.0314196487157123,73022.74507853553,0.7950698454640701,2.498501227223157,19.43457884062503,34.32641425413995,-20.15927332175024,38.80364080855127,-8.700461221912086,3.429442656630754,6.051746878056334,0,1
420,23.637119699780317,141575.21981688312,0.7950698454640701,2.498501227223157,100.0,82.8240192420979,-25.869782906721557,64.05946787574801,100.0,27.29221233878268,53.33366288188613,0,1
421,19.815150780384148,92268.25858293704,0.7950698454640701,2.498501227223157,100.0,86.61658105623904,-86.37336032864675,58.75590450312441,100.0,23.655784331711907,49.44869043288546,0,1
422,8.755802610460195,106877.38156200532,0.7950698454640701,2.498501227223157,100.0,-12.68910727192332,-20.680092041885768,27.526719909659448,17.22783696463569,6.852685290095437,37.7014387802967,0,1
423,4.694084615301421,61869.69710836155,0.7950698454640701,2.498501227223157,48.60077461528592,12.501988448263376,-17.149010939413373,72.61615975760853,-5.510932307882285,7.134784615247919,16.259601947276003,0,1
424,7.0356315061295565,91986.23146295258,0.7950698454640701,2.498501227223157,26.725668797402086,48.28133815489364,-60.160095267610174,98.10989219715027,33.071140201336014,10.44551726417932,15.627008565194553,0,1
425,8.085487946971591,48237.59393293863,0.7950698454640701,2.498501227223157,13.913560289098324,7.1677917289189,-34.33680408096398,-100.0,100.0,1.8161095037601955,21.555582937596583,0,1
426,3.7071607286510897,107748.82764927176,0.7950698454640701,2.498501227223157,100.0,-28.31163665307712,-65.5117433953397,77.96561986369586,-6.2832279307718295,1.6552933563468777,33.07330821643164,0,1
427,21.337890572263664,111536.88828568072,0.7950698454640701,2.498501227223157,100.0,55.016560660592354,-33.50809627162482,48.784391489693895,100.0,22.713374545259303,52.99034496305495,0,1
428,18.74902354903877,84529.86188075694,0.7950698454640701,2.498501227223157,100.0,41.39104690279038,-10.125252534695193,-83.45614941878252,100.0,16.031668341690043,50.34658347992626,0,1
429,17.100722346860444,53388.94162052079,0.7950698454640701,2.498501227223157,100.0,5.547248875926282,-36.737039411897655,77.15136485300481,80.32397228014977,15.77542454712723,51.22703416518259,0,1
430,9.469032252297897,83189.9669046448,0.7950698454640701,2.498501227223157,100.0,41.61113212749038,-78.76773573490671,100.0,15.55392366201199,13.406851069508614,34.775006018205545,0,1
431,10.767799027179738,86820.21141515084,0.7950698454640701,2.498501227223157,15.862630379457066,100.0,-55.84594895717569,23.53073702961176,64.82412397756752,12.538039854583864,17.887609343377047,0,1
432,20.55303826668967,70191.0507622658,0.7950698454640701,2.498501227223157,100.0,59.42672867607857,-8.025012045955435,50.18650449020517,76.4248042915727,23.152733560919696,49.30428134028757,0,1
433,19.55645664672317,61725.42406252967,0.7950698454640701,2.498501227223157,92.69113201411132,31.4866075899096,-1e-20,24.197935087122342,86.71422607062826,19.198136528108744,49.40237906969837,0,1
434,19.18808160327188,109570.59009385156,0.7950698454640701,2.498501227223157,41.870775516375474,71.53181046133479,-27.555695250615425,100.0,100.0,20.79009302720213,37.63433780080708,0,1
435,11.878986700882615,60125.33602975386,0.7950698454640701,2.498501227223157,65.11802398625188,-32.73166914855623,-44.57000782959839,43.49813944006454,88.31549016929337,6.3573894095031385,41.20562798483164,0,1
436,14.538462784608209,99477.33064401532,0.7950698454640701,2.498501227223157,65.57211144189817,2.492034379740268,-43.84427661993555,22.171523129221494,100.0,11.083386864641522,41.89070155283834,0,1
437,14.131543572826429,46512.00878397202,0.7950698454640701,2.498501227223157,100.0,89.86998294027376,-96.47652698921624,16.829176361747955,63.69988147727699,17.975467279571987,40.07751009950145,0,1
438,13.653914993743946,67673.40541039637,0.7950698454640701,2.498501227223157,100.0,-64.7054146940103,-21.118515805463137,-43.78148329659784,100.0,2.6355649835000428,55.25308400233608,0,1
439,9.770980136878585,69601.77176972573,0.7950698454640701,2.498501227223157,24.616752858543244,75.83022821973269,-64.63221727288834,-73.19704973073725,87.47841799748414,9.790589315855406,19.485779496556628,0,1
440,13.094501963638622,65356.98189059748,0.7950698454640701,2.498501227223157,60.00128699597416,77.56338912181761,-19.106820683922432,42.291432297213646,39.08085458789034,17.893710542575477,26.934830069072326,0,1
441,8.661704581825223,64560.412769245246,0.7950698454640701,2.498501227223157,100.0,6.2042217200257,-89.71986685377661,-2.1100047159224227,53.56344894780512,4.782131779241684,41.3662247245107,0,1
442,16.74217090862748,70608.48900929246,0.7950698454640701,2.498501227223157,100.0,100.0,-56.5654818199452,9.259756318680646,61.32058363575273,22.120168919788632,40.52224240842193,0,1
443,23.943559029636035,61926.89727104921,0.7950698454640701,2.498501227223157,94.80213410575978,83.17384366670294,-3.584388111502669,76.40483227574903,90.86848476741554,27.685275164478632,51.918445033985726,0,1
444,12.337615713450925,53337.37932751277,0.7950698454640701,2.498501227223157,100.0,16.24994154603838,-1e-20,-20.192564875037725,34.870756947455945,11.410471610260732,39.79484039621663,0,1
445,14.410042762993722,58039.399586658044,0.7950698454640701,2.498501227223157,28.713167942403565,42.61945285772435,-42.4121274317324,94.354202831666,89.91925221893914,15.168155942062093,29.76587812790168,0,1
446,3.4010554346703854,42880.08495005543,0.7950698454640701,2.498501227223157,100.0,100.0,-84.27965272717307,-30.699595567293468,-31.403523130179327,7.036090388690594,21.629489211680365,0,1
447,12.050600971318168,35827.63397892655,0.7950698454640701,2.498501227223157,91.5411249789046,67.80746111605575,-11.46065081612467,-38.44051444337828,25.80834674342455,15.186015871719286,32.02346830175872,0,1
448,11.789655885291117,65171.53092503679,0.7950698454640701,2.498501227223157,-10.141122755637106,100.0,-35.31116057633808,22.80238001952397,80.84526094549284,7.427896654963607,19.515993849507392,0,1
449,9.919344197930675,57462.770482861066,0.7950698454640701,2.498501227223157,100.0,79.12526464823486,-75.9596375664589,-100.0,46.262320453329146,9.138185977849204,35.655990373974305,0,1
450,7.425739444371763,133766.77075841898,0.7950698454640701,2.498501227223157,-7.565709579034888,29.68938504311201,-41.191597585528335,50.43859699950514,69.23494711484398,6.801471320063233,12.440949751486716,0,1
451,10.830137724438588,78371.66512604177,0.7950698454640701,2.498501227223157,88.03566819577034,-24.4688319153735,-10.756370317131749,-6.852082216551899,51.41459576517758,6.147167805592666,40.798452672354735,0,1
452,8.89694427252248,35843.48279705266,0.7950698454640701,2.498501227223157,21.03198839130748,100.0,-51.19707538990386,-4.432005608393318,48.38689950854736,10.986481023694072,14.99821817130344,0,1
453,15.852996346715956,84699.21611848613,0.7950698454640701,2.498501227223157,84.8236650157666,30.076407796453964,-35.44850842592857,-23.46495860792855,91.10246796821284,13.814291582687558,44.424395203862645,0,1
454,15.474307329810086,32135.938455533927,0.7950698454640701,2.498501227223157,100.0,69.96234688479906,-51.26420045049399,-60.70878404931299,76.44445024550245,15.741596894565223,43.3071236778529,0,1
455,10.469137440290808,52298.94663913014,0.7950698454640701,2.498501227223157,100.0,70.72291223630158,-87.18216841518107,-64.24988210588836,53.12720892115028,9.979940134706217,37.56629975811053,0,1
456,18.01559110649088,70802.90203639209,0.7950698454640701,2.498501227223157,95.03702431931214,55.090602063296224,-99.6409304160046,100.0,100.0,20.10218488619774,49.63310232618188,0,1
457,6.034148241426655,46594.83486260801,0.7950698454640701,2.498501227223157,43.94937343690902,76.14584580385502,-93.75362168260352,34.10250759315496,32.94389171490235,10.15210134422626,16.275109604776382,0,1
458,5.378060404366035,63714.93284685429,0.7950698454640701,2.498501227223157,35.61251858188683,42.573855228252384,-17.655028390365437,100.0,-9.662444544845044,7.762043171513074,14.21972892189742,0,1
459,5.515018804325125,81059.52950134948,0.7950698454640701,2.498501227223157,53.657184952460895,91.99693511050246,-28.85649711946145,24.29946503340656,-20.01639304529423,9.654174643815356,13.921708618949095,0,1
460,13.186882076971294,36098.45032447443,0.7950698454640701,2.498501227223157,92.96779090514744,48.63075548439545,-17.072912054190127,23.13054561209014,32.658868366885784,16.04208281580133,36.25893318267941,0,1
461,14.409167626606232,65680.89770522126,0.7950698454640701,2.498501227223157,61.78720980682693,21.38692391707484,-34.9581613927304,-30.70928876827397,100.0,11.30808604566396,38.71274033207887,0,1
462,14.031292994658044,54468.92560486752,0.7950698454640701,2.498501227223157,71.01573686786783,100.0,-89.03219386718024,-25.86881828409498,84.27993992058475,17.177975085721144,33.44055502768136,0,1
463,14.009283460805031,59646.9893383802,0.7950698454640701,2.498501227223157,12.874822848610291,93.9836392278445,-22.913398017494146,-66.89151344529034,100.0,15.989256088260715,19.593561224420988,0,1
464,13.589061163450427,82082.84653551072,0.7950698454640701,2.498501227223157,76.06359422650284,83.88924766695004,-19.921595499818068,0.3134852203480562,39.135990221549314,18.629566904334805,29.871455544355417,0,1
465,11.756918799652192,63135.16152462588,0.7950698454640701,2.498501227223157,100.0,27.84456541549133,-1e-20,100.0,-2.575619723676282,15.743580173957264,35.46430926938284,0,1
466,13.580078989701304,57800.41730572987,0.7950698454640701,2.498501227223157,99.76102583850668,100.0,-86.68444414009487,-50.92807899004704,64.248437917956,16.089320959673522,38.65584221700783,0,1
467,16.768591460449404,89199.54898543,0.7950698454640701,2.498501227223157,100.0,-18.523937453466672,-66.68965852787711,99.71490370661132,100.0,13.01532350537328,55.57971992224376,0,1
468,9.008266606040852,54451.57271571616,0.7950698454640701,2.498501227223157,3.2178250443781806,96.28561321076234,-100.0,-5.258160327028207,91.38826335359438,11.585402703866835,13.295245128286233,0,1
469,15.242404497262754,60473.17803857885,0.7950698454640701,2.498501227223157,38.83877067720375,100.0,-1e-20,-76.99993076292813,79.08604295514061,18.538905428854445,24.123616947206248,0,1
470,12.983222459592,103324.23224527788,0.7950698454640701,2.498501227223157,100.0,75.11772305336478,-15.672941888976174,7.910230222890508,16.644716069827567,18.207548107774954,33.7837240975718,0,1
471,22.15905102468394,122364.1947623301,0.7950698454640701,2.498501227223157,100.0,50.553270285781096,-4.383030522849809,16.88135786729935,100.0,22.6527683350312,53.5803044844584,0,1
472,2.947322469511498,82309.77549108947,0.7950698454640701,2.498501227223157,100.0,19.750903519782703,-81.40077091838383,16.408658808104924,-11.663486835017714,2.4126549189791646,28.423777522515053,0,1
473,5.666604406819275,85862.18974410031,0.7950698454640701,2.498501227223157,59.38542196070202,40.499800487879206,-85.08723118822378,34.96993496716758,29.660930218634533,7.0694436730490695,22.36964457238465,0,1
474,20.454491418395023,125605.64657333308,0.7950698454640701,2.498501227223157,100.0,29.35699266047556,-13.070652917094558,14.268606491566596,100.0,19.173453855172998,53.69701365158052,0,1
475,10.609274138730456,96866.65029840112,0.7950698454640701,2.498501227223157,-19.332672372537928,33.547164533332605,-1e-20,-35.3674779145839,100.0,7.681447565075231,14.18485907878322,0,1
476,16.893249784431088,74397.05660119031,0.7950698454640701,2.498501227223157,90.90480011877902,17.71135774417791,-65.87575646557332,59.13996988373977,100.0,15.242026662865836,49.9377632889523,0,1
477,21.36460677019506,124854.08425805686,0.7950698454640701,2.498501227223157,88.80684573730261,100.0,-75.27671216178676,100.0,100.0,26.958918241145863,47.62463940019292,0,1
478,4.450860094360289,49021.22352274998,0.7950698454640701,2.498501227223157,100.0,22.26862426512533,-13.958769935175718,100.0,-56.48182234564763,9.9760186812152,23.10796738118677,0,1
479,6.545312566559847,61007.36694450672,0.7950698454640701,2.498501227223157,66.43462309639914,-28.925698850910152,-97.53152688325672,100.0,55.86591670979542,3.020156631883207,34.02828588744299,0,1
480,17.40511860589265,66562.02675602905,0.7950698454640701,2.498501227223157,100.0,63.64283582550007,-33.65735335863407,42.063942895915474,63.130667289767416,20.68216756169001,44.45041409563179,0,1
481,17.31374682074053,89734.25801495786,0.7950698454640701,2.498501227223157,67.94746210923046,100.0,-79.02882835113382,100.0,81.27560045617474,23.408679043837974,36.64887024984081,0,1
482,10.674603185911169,44427.66601742425,0.7950698454640701,2.498501227223157,100.0,100.0,-23.66567209992982,-3.1342684540654133,-7.824803311814367,18.359739671029708,26.978684247294737,0,1
483,17.283949281857755,58337.88439779142,0.7950698454640701,2.498501227223157,37.6310924526874,79.52571657568006,-58.27753245580338,100.0,100.0,20.088272200701915,33.59413208737525,0,1
484,9.605126914714775,76705.26709154215,0.7950698454640701,2.498501227223157,57.58831952024576,67.0213446191027,-25.189329227877355,7.375876817879323,26.134669478512297,13.928409288440331,21.44889113352211,0,1
485,16.518713128881142,132702.21216649393,0.7950698454640701,2.498501227223157,100.0,4.763414126239859,-35.354705185400014,85.99065084923338,72.77929128922082,15.598303279074344,50.00509093456867,0,1
486,15.301582547149586,59806.09752931519,0.7950698454640701,2.498501227223157,49.18755064054091,94.51144310220138,-78.06866961813499,11.170211490178406,98.85808261805892,19.04012832853116,30.772374643038106,0,1
487,4.562456751310485,29132.18983188557,0.7950698454640701,2.498501227223157,61.77541958407413,26.647103832053745,-23.55933583297238,100.0,-24.9273024955658,9.234514208082729,16.699382438680043,0,1
488,3.3575802936556496,35512.874162124106,0.7950698454640701,2.498501227223157,100.0,77.18284166769487,-33.81096980139189,17.394818806190784,-60.88093273222358,10.13459022546552,17.798306372762482,0,1
489,13.101029024462283,73315.69469818476,0.7950698454640701,2.498501227223157,87.77834622675311,75.29204241592316,-45.36358713494508,76.76338166110435,27.477570702856184,19.232893771112963,32.95073396084603,0,1
490,18.46494492113756,60793.96618996603,0.7950698454640701,2.498501227223157,76.8984598663426,68.4386455286913,-1e-20,-96.1454426090581,98.91353641225024,18.08862913675378,41.34993092499565,0,1
491,1.6576014123731446,64666.11620621224,0.7950698454640701,2.498501227223157,43.923298884806925,76.05752706831143,-67.70837200351859,36.1278760145393,-20.654055625086173,4.5742832249118255,9.44371887573705,0,1
492,9.203989898312653,73920.1731189419,0.7950698454640701,2.498501227223157,70.02280998174525,33.69910461383529,-56.0608531712217,100.0,25.23049538637992,12.589327072872283,28.16700207808912,0,1
493,8.47779264837123,49850.51015930303,0.7950698454640701,2.498501227223157,100.0,100.0,-6.241088691488967,-83.50029590247223,-18.83753552997081,13.616689641546674,24.02246395705601,0,1
494,17.699047191124734,131015.83025413365,0.7950698454640701,2.498501227223157,100.0,19.20405899703898,-69.29802467280928,67.54473319756246,100.0,16.291862066024464,53.03384834911705,0,1
495,15.056745605463464,69181.68778414336,0.7950698454640701,2.498501227223157,42.45798007586758,-1.0799068545323252,-34.99896137919926,100.0,100.0,12.870348808428794,37.76221583430108,0,1
496,10.0767806902301,68687.12037467063,0.7950698454640701,2.498501227223157,41.9419092616634,82.15691118556776,-89.27390368971517,55.42333734034357,59.89988711135672,15.09500124536303,21.33229460264297,0,1
497,14.960669464149255,99708.43188788345,0.7950698454640701,2.498501227223157,93.59571170469364,48.01240324597577,-55.1644749506993,16.441326870120513,71.09517101047544,15.82478631646847,42.734940028318654,0,1
498,13.934533291337516,91649.59063456004,0.7950698454640701,2.498501227223157,95.063837588312,21.014792234617893,-23.11960935693472,100.0,36.19122602711788,15.971890880499492,41.09637418785432,0,1
499,8.941194799880865,68301.152944113,0.7950698454640701,2.498501227223157,70.84091042105452,19.67869825564978,-1e-20,-61.19480066485521,33.39607609351385,7.293312097554953,28.48344575919576,0,1
500,2.510389512477455,266.51817110228313,1.6678666942165532,5.531167055040017,100.0,100.0,-1e-20,88.25434187217499,100.0,0.5350554982400404,0.9048297672961204,0,1
501,2.2546072919170554,258.1196974731429,1.6678666942165532,5.531167055040017,100.0,83.95252886852354,-12.967545653209644,68.61458859473257,100.0,0.5446200405420694,0.7894512948721979,0,1
502,1.912482209339451,255.05471970038775,1.6678666942165532,5.531167055040017,100.0,100.0,-51.613807298318434,100.0,71.6171476966987,0.4250160198759588,0.7337258550530642,0,1
503,1.8930378154302017,193.94571188264976,1.6678666942165532,5.531167055040017,100.0,96.53223316822476,-80.85691763230406,-10.351076041207572,100.0,0.5221970410562514,0.6479925258808349,0,1
504,2.443061039263229,253.77060096325343,1.6678666942165532,5.531167055040017,100.0,100.0,-1e-20,64.13323722215489,96.13835388550856,0.5213874878322303,0.8785605387879366,0,1
505,2.258301918943926,234.9062258758184,1.6678666942165532,5.531167055040017,81.21027219578669,99.09028665520016,-31.649980301280003,100.0,99.8085288928469,0.4773463074205365,0.8187410883125422,0,1
506,1.8849677679989452,202.7055884815191,1.6678666942165532,5.531167055040017,100.0,100.0,-73.68437511786128,-88.8556650884433,99.92927715973812,0.5067316873874672,0.6382358565646831,0,1
507,2.184954038961679,211.05377201209308,1.6678666942165532,5.531167055040017,100.0,100.0,-47.74734835111881,47.75143375292667,100.0,0.529282085625435,0.7716400531659158,0,1
508,2.37087392401968,253.0540565419221,1.6678666942165532,5.531167055040017,81.13921653025241,100.0,-1e-20,20.218631866636887,100.0,0.4776451120344392,0.840463735801857,0,1
509,2.2758376076460216,274.09846096161283,1.6678666942165532,5.531167055040017,100.0,100.0,-14.33710629815158,46.89891576848744,90.18335452317308,0.4984985870870256,0.8205731593631035,0,1
510,1.9639788071160629,226.81476531254603,1.6678666942165532,5.531167055040017,100.0,51.19462795833562,-1e-20,27.065947093460014,100.0,0.4905610270860924,0.7179075903029929,0,1
511,1.967606259458872,225.58196651841743,1.6678666942165532,5.531167055040017,100.0,87.80007728735528,-41.67588041752272,-8.400749071678348,93.2176638650023,0.5188443832512775,0.6692135092300138,0,1
512,2.2072627245591128,276.1044336698263,1.6678666942165532,5.531167055040017,100.0,89.13064083700658,-1e-20,-95.19406911175751,100.0,0.5415714737558162,0.7281653747355237,0,1
513,2.244898175121701,236.0180158291649,1.6678666942165532,5.531167055040017,54.84907161527845,100.0,-3.258490556968791,45.57830547472214,96.22135745577825,0.3845617207585388,0.8176047060749156,0,1
514,1.873414650316529,265.9950548300629,1.6678666942165532,5.531167055040017,100.0,65.87909007926358,-49.43647384388955,80.27317496909772,100.0,0.5239671876901084,0.6638437178373096,0,1
515,1.8984703354271293,172.39999251007376,1.6678666942165532,5.531167055040017,100.0,100.0,-91.99073541102642,24.32565278318972,100.0,0.515738058029243,0.666270191148493,0,1
516,2.3084648180673857,273.48910274390875,1.6678666942165532,5.531167055040017,88.06371357698913,100.0,-29.136511128634396,100.0,100.0,0.4977857604740821,0.8357723908247363,0,1
517,1.9377157913717424,218.19949933288888,1.6678666942165532,5.531167055040017,100.0,73.9591526975667,-19.175065715238723,-51.68679305842349,95.0582234300014,0.5279627169243541,0.6395141135186617,0,1
518,2.028088327770198,226.86299217704916,1.6678666942165532,5.531167055040017,100.0,100.0,-58.84501188496315,-37.68888385192599,100.0,0.5212083193465586,0.694315418482712,0,1
519,2.119325347026831,235.2639276570464,1.6678666942165532,5.531167055040017,100.0,72.6308160686151,-21.07582786897949,91.28712511087812,100.0,0.5409268187722814,0.7464162039696077,0,1
520,1.8170957798786227,211.05088542700275,1.6678666942165532,5.531167055040017,100.0,83.88937806222592,-34.78469386304188,100.0,68.26748546421064,0.43967909834147,0.6757592444071043,0,1
521,2.059480764101123,251.72057186375483,1.6678666942165532,5.531167055040017,90.73810268460667,71.50498256975136,-25.34704878557584,100.0,100.0,0.5190741994489135,0.723636103165236,0,1
522,2.001549746181233,187.50949916799863,1.6678666942165532,5.531167055040017,100.0,100.0,-68.8666174782887,-7.09732123239394,100.0,0.5209511474192603,0.6927097505864324,0,1
523,1.98361484405872,273.015491312852,1.6678666942165532,5.531167055040017,84.74793008474457,93.61920337321044,-52.99444408886242,-2.230625284542441,100.0,0.48775951060603,0.6813733178423034,0,1
524,2.266903280176784,232.8278265414157,1.6678666942165532,5.531167055040017,100.0,75.84243774488239,-1e-20,83.21535305956907,100.0,0.5436187373696685,0.7993546354242699,0,1
525,1.7707911151470683,176.0353854903023,1.6678666942165532,5.531167055040017,68.38873578537832,99.02845188151304,-100.0,62.91649212417835,100.0,0.4167969834753308,0.6453859519251314,0,1
526,2.06461016008176,257.2263523267375,1.6678666942165532,5.531167055040017,100.0,63.84194514068247,-1e-20,4.580342298158508,100.0,0.5262250086853564,0.7154329284372247,0,1
527,2.3748574027387037,232.537963886946,1.6678666942165532,5.531167055040017,100.0,100.0,-6.351768508059454,-3.4684651552643477,100.0,0.5324181174200243,0.8286813806189067,0,1
528,1.7434433438214894,223.49524220761825,1.6678666942165532,5.531167055040017,100.0,68.64067857549192,-22.30855482004312,-75.13258907848282,85.92524532021972,0.4977571515471357,0.5709107987088702,0,1
529,2.053470534132526,216.06132903806432,1.6678666942165532,5.531167055040017,68.33423622371048,100.0,-35.83464645941638,-36.19222623428279,100.0,0.4278426403816893,0.7173899575814773,0,1
530,1.995550031881968,225.92042495451165,1.6678666942165532,5.531167055040017,100.0,87.34910074698135,-34.873987703294866,-84.0241550182973,100.0,0.5414219067301347,0.6483941630570529,0,1
531,2.3165075792194103,266.6547127080794,1.6678666942165532,5.531167055040017,100.0,97.71850037396256,-1e-20,-72.16808985060956,100.0,0.5335715662512497,0.7854479806353041,0,1
532,2.0050861511074736,260.60020496919543,1.6678666942165532,5.531167055040017,100.0,100.0,-19.433746874718477,37.65091419130659,68.74118056465477,0.4175049099723991,0.7550840886422472,0,1
533,2.185777428840129,287.7478253810499,1.6678666942165532,5.531167055040017,100.0,100.0,-31.089930944568952,-43.61284722408499,100.0,0.5274861731578468,0.7482339275384193,0,1
534,2.0646730888773144,269.1359812305503,1.6678666942165532,5.531167055040017,100.0,70.31987223571485,-19.580643304907152,53.1825591573224,100.0,0.5375319029824155,0.7177290175131608,0,1
535,1.870907235913972,293.09797215809834,1.6678666942165532,5.531167055040017,100.0,74.26802787683872,-25.68872862010994,100.0,77.08486774519757,0.4778430533767503,0.6742051907373756,0,1
536,2.060995247881292,264.917514224871,1.6678666942165532,5.531167055040017,100.0,88.2545700220102,-39.95086323697984,-3.040799690649294,100.0,0.5417376331908682,0.6963732390962302,0,1
537,2.3555121221124806,287.0771051945228,1.6678666942165532,5.531167055040017,100.0,95.641947559771,-15.751910219735516,70.62259128586817,100.0,0.5377798801684566,0.8364309725103931,0,1
538,1.9521809256847027,221.70580110143587,1.6678666942165532,5.531167055040017,100.0,100.0,-41.96850816164702,73.3309136079283,72.65724713077545,0.4294815350090096,0.739209654961069,0,1
539,2.1754682626181285,228.43365214268687,1.6678666942165532,5.531167055040017,99.6239230605659,100.0,-37.67652382304797,-15.583298300771505,100.0,0.5266649322338048,0.75188431252377,0,1
540,2.0241011388431147,269.1764531622495,1.6678666942165532,5.531167055040017,72.96731809171487,59.10640712567749,-1e-20,100.0,100.0,0.4691602911142829,0.7144036990361755,0,1
541,2.4439673937020525,232.07073621259983,1.6678666942165532,5.531167055040017,100.0,100.0,-13.363456285752504,100.0,100.0,0.5344116593631025,0.8827019021605327,0,1
542,1.9718273228536292,253.18458586030445,1.6678666942165532,5.531167055040017,87.33689691177108,92.75107215312158,-23.700207070085675,67.10097245081468,75.87799739037064,0.4169892822935135,0.731072421743254,0,1
543,1.699896963054477,208.69357244381908,1.6678666942165532,5.531167055040017,100.0,60.53299350363879,-56.34170268457166,100.0,90.60595796560084,0.4896177204291828,0.6191274606876547,0,1
544,1.9689477879264128,243.1018497640379,1.6678666942165532,5.531167055040017,100.0,61.44274781423947,-1e-20,34.39794933753386,90.3478804194702,0.5026558154045083,0.6928394326980919,0,1
545,2.2220270280832226,241.86355045096735,1.6678666942165532,5.531167055040017,65.33511996347389,100.0,-28.34625864427532,90.09995713558574,100.0,0.428638606351206,0.8103510554996678,0,1
546,1.985337199193086,269.8551606703029,1.6678666942165532,5.531167055040017,100.0,78.53099224387668,-1e-20,53.74845337187158,74.29913857963581,0.4670382492817589,0.7120740035402621,0,1
547,2.309259028000094,246.5063071352889,1.6678666942165532,5.531167055040017,100.0,100.0,-1e-20,-100.0,100.0,0.5297500165494194,0.778650813990036,0,1
548,1.9396358125443756,221.5582789050623,1.6678666942165532,5.531167055040017,96.08939289861712,91.56363214178738,-1e-20,-44.888996907148936,69.19634493144079,0.4187802020016543,0.6959155632925087,0,1
549,1.9130848991144664,192.33632232768883,1.6678666942165532,5.531167055040017,100.0,76.46696373231599,-41.54728480744192,87.84869811397111,88.90491366731128,0.5126924878229122,0.6732870905845398,0,1
550,2.1993238451855137,242.92398250008705,1.6678666942165532,5.531167055040017,100.0,91.04583474357956,-1e-20,-52.01662521789532,93.22163398359186,0.5178261024896023,0.7489415646737618,0,1
551,2.408054079603942,242.4371247521144,1.6678666942165532,5.531167055040017,100.0,100.0,-19.440688205122544,100.0,100.0,0.5339708069288247,0.8690562520181786,0,1
552,2.03547799476487,219.1054263017184,1.6678666942165532,5.531167055040017,94.16811905467414,100.0,-59.47263844746762,60.67087768457311,93.18638023492916,0.4844251501661231,0.7346403736876838,0,1
553,2.1192709011298456,253.1345623728308,1.6678666942165532,5.531167055040017,100.0,67.59995738909448,-14.26947218105692,100.0,100.0,0.5354836376767258,0.7542721988887893,0,1
554,2.296239234937968,233.36349529529605,1.6678666942165532,5.531167055040017,100.0,100.0,-24.598878242868672,23.874224063552177,100.0,0.5313631047692398,0.8065383956455265,0,1
555,2.2780386514530364,246.14233631530635,1.6678666942165532,5.531167055040017,53.625519888096576,100.0,-1e-20,24.57058108169104,100.0,0.3942145318241356,0.8186086391090214,0,1
556,1.9525345975335564,236.92148905994347,1.6678666942165532,5.531167055040017,62.71822465630214,86.62454337233504,-41.510028842554725,42.74149898719066,100.0,0.4344227978376415,0.6789650914615143,0,1
557,2.2203010552514275,240.28880424015728,1.6678666942165532,5.531167055040017,100.0,82.32569847970588,-4.228946574770333,3.1778623916529085,100.0,0.5448470182444553,0.7574867076764561,0,1
558,2.263805324112825,261.1917220203717,1.6678666942165532,5.531167055040017,100.0,100.0,-42.51452224205912,92.61111481518932,100.0,0.5316746186060711,0.812708575393818,0,1
559,2.0845470046661743,266.05433074916016,1.6678666942165532,5.531167055040017,49.887471040168144,77.63707848460156,-6.840127618786601,100.0,100.0,0.410756573130829,0.7377230734834607,0,1
560,2.2362664603991944,199.4230640770128,1.6678666942165532,5.531167055040017,94.54753659142584,100.0,-19.0360135527384,-44.94622404374402,100.0,0.512784076793729,0.7684775792907804,0,1
561,2.3458148329487614,256.17252771204204,1.6678666942165532,5.531167055040017,100.0,100.0,-1e-20,-65.78445569749788,100.0,0.5310823455110565,0.8012160029606756,0,1
562,2.0506403582416657,241.6539182498916,1.6678666942165532,5.531167055040017,100.0,100.0,-16.48475206021984,41.89400804685913,70.9335891249353,0.4268686804393676,0.7686285340874168,0,1
563,1.9904697487840664,210.52926635735756,1.6678666942165532,5.531167055040017,80.74008420371942,100.0,-62.464259257884805,10.991395433090329,100.0,0.4634474088734299,0.7018585270801262,0,1
564,1.8543138554601424,271.6272359226507,1.6678666942165532,5.531167055040017,100.0,100.0,-78.58976168308644,84.58101454153082,82.55595945948858,0.4579653112362359,0.6928862190165873,0,1
565,2.0008450466117003,272.5296917292222,1.6678666942165532,5.531167055040017,100.0,55.43046464485633,-14.012340691188625,100.0,100.0,0.5083195684025882,0.7349853586129932,0,1
566,1.89678933039675,234.83091836509445,1.6678666942165532,5.531167055040017,93.26326751372449,68.43641023927555,-16.06655958338749,-83.67394185037529,100.0,0.5151029881775221,0.6189123048694071,0,1
567,1.8707919984211705,236.93138333510717,1.6678666942165532,5.531167055040017,100.0,40.0366137421978,-10.344957150633224,100.0,100.0,0.4538772297556407,0.7384161812124389,0,1
568,2.264301537864373,255.45105767449957,1.6678666942165532,5.531167055040017,75.96709621268451,100.0,-3.8880634738654543,-8.646666839090862,96.8005942408028,0.4485497767622044,0.8008924984786143,0,1
569,1.8706001614875287,212.22852406235677,1.6678666942165532,5.531167055040017,100.0,77.00476859967327,-51.508950571442526,-13.535076627497652,100.0,0.5421317021453134,0.6183674703811779,0,1
570,1.8856828352927637,251.04070054218585,1.6678666942165532,5.531167055040017,61.04020937038296,49.35025845616172,-1e-20,100.0,100.0,0.4305483358235468,0.6683399692026873,0,1
571,2.009071672607871,253.47917933849652,1.6678666942165532,5.531167055040017,100.0,100.0,-76.95070302530468,44.65748775159697,100.0,0.5231800547976775,0.7078902746811346,0,1
572,1.8488652394258611,249.43642227780995,1.6678666942165532,5.531167055040017,100.0,79.08024735632296,-33.99001361765181,1.2288093900755257,84.99361362959583,0.4997519969333925,0.6299617582479706,0,1
573,2.2134169333891456,213.23992805985336,1.6678666942165532,5.531167055040017,100.0,100.0,-51.193432111139145,93.45303133291009,100.0,0.5306917943905787,0.7941624590886636,0,1
574,2.247705677378875,227.8442257837491,1.6678666942165532,5.531167055040017,100.0,100.0,-7.318541500100489,-7.491469699652011,89.1149756260214,0.493332125505676,0.7976314127006908,0,1
575,2.215972158781184,269.02798080251944,1.6678666942165532,5.531167055040017,100.0,100.0,-43.235081977948944,51.82571006101284,100.0,0.5300966423451666,0.7841301821669672,0,1
576,1.97457748085338,269.43655301382023,1.6678666942165532,5.531167055040017,100.0,45.47439612978984,-1e-20,89.75667064783661,100.0,0.480101862938877,0.7500382314116923,0,1
577,2.4819339865107874,308.2524028960271,1.6678666942165532,5.531167055040017,100.0,100.0,-2.513899268606634,100.0,97.5701871065222,0.5268926808911006,0.9008405523716028,0,1
578,1.9774250859218452,222.44977943145443,1.6678666942165532,5.531167055040017,90.56244267855278,77.85733785256105,-31.818758193453327,0.9740202228311858,100.0,0.5208408739189508,0.6615712474976775,0,1
579,1.87292570544999,257.6555900866548,1.6678666942165532,5.531167055040017,100.0,89.98317345799803,-93.28809582222368,100.0,100.0,0.5380821536843271,0.6550481744637467,0,1
580,1.994563582222577,217.987500046516,1.6678666942165532,5.531167055040017,100.0,100.0,-56.2526606434043,-83.40614147727695,100.0,0.5171503617717685,0.6724514449757897,0,1
581,2.3447395380209124,247.60110054968777,1.6678666942165532,5.531167055040017,100.0,100.0,-30.154741272391934,100.0,100.0,0.5330996413978145,0.8450931610750824,0,1
582,1.8318940887826871,277.1159427166249,1.6678666942165532,5.531167055040017,100.0,79.41515708138695,-1e-20,46.10789628370749,59.9895285675797,0.4178256235798578,0.6738063248253334,0,1
583,2.1742580931137923,250.54737020548765,1.6678666942165532,5.531167055040017,92.23679053884142,93.14379722502672,-21.19791832490119,-20.1136946322534,100.0,0.5151970768517086,0.7427938938084918,0,1
584,2.013741314323624,247.7270325939926,1.6678666942165532,5.531167055040017,100.0,74.95954341297077,-27.240123390908195,100.0,90.57599371981426,0.5172899918612796,0.7145036269073543,0,1
585,2.109858355880949,240.9910099880412,1.6678666942165532,5.531167055040017,78.32600530645954,100.0,-47.08451387764845,45.67477992875143,100.0,0.4625948604407323,0.7530797184932122,0,1
586,2.044040323087508,287.4932215155488,1.6678666942165532,5.531167055040017,100.0,100.0,-1e-20,-46.98013849254424,70.09138128768947,0.4211220125444648,0.745476305995463,0,1
587,2.275667130403784,243.71452762337944,1.6678666942165532,5.531167055040017,63.41815412614734,100.0,-15.032282875839956,73.0215152131052,100.0,0.4241203697074956,0.8262543116215263,0,1
588,2.002340736171736,212.26098384610896,1.6678666942165532,5.531167055040017,100.0,100.0,-83.06434352096669,72.1730250311619,100.0,0.5237591116487972,0.7123582857432427,0,1
589,1.8004256912753125,222.4234840786355,1.6678666942165532,5.531167055040017,100.0,75.05643905101819,-59.91796900845739,21.89711645148813,96.36355880951096,0.5310966874174952,0.6053826793077772,0,1
590,2.051976888743333,210.63250545432132,1.6678666942165532,5.531167055040017,100.0,88.95364146449208,-13.478263375698091,-0.9888250196169536,83.78121083389446,0.4875329864663076,0.7190972616167721,0,1
591,1.8353888264522216,189.6674407697604,1.6678666942165532,5.531167055040017,100.0,100.0,-100.0,9.583129989390812,100.0,0.5091778664489633,0.643968820766247,0,1
592,2.487040415335066,254.91054395287236,1.6678666942165532,5.531167055040017,100.0,100.0,-1.0707584626415434,72.32257104339817,100.0,0.5346803116062402,0.8915956354618211,0,1
593,2.457445911785588,280.1459986569914,1.6678666942165532,5.531167055040017,98.32600391139216,100.0,-10.078953630554135,100.0,100.0,0.52977564664692,0.8883603547993876,0,1
594,2.3097615704125567,277.8410154141851,1.6678666942165532,5.531167055040017,60.42363556540867,100.0,-1e-20,31.71795966183094,100.0,0.4153961965164625,0.8291841200816668,0,1
595,2.0914827315554225,267.1174836598354,1.6678666942165532,5.531167055040017,88.09613832744255,100.0,-1e-20,94.02832231540648,64.41996040802753,0.3722832868172889,0.8120225354060786,0,1
596,2.1480465900294985,260.6323518011684,1.6678666942165532,5.531167055040017,100.0,100.0,-56.222093226854895,60.08198696739032,100.0,0.5285403993375722,0.7613501637207302,0,1
597,1.6458960054747642,206.82800600490967,1.6678666942165532,5.531167055040017,100.0,65.2637051472253,-90.4771630637414,100.0,100.0,0.4996935412005177,0.604387515556553,0,1
598,2.2082187389959933,248.46789698341584,1.6678666942165532,5.531167055040017,100.0,100.0,-29.316851638849684,51.49682110943052,91.66931465659589,0.501972247415815,0.7944741534537663,0,1
599,1.6348040049774313,241.62037494610232,1.6678666942165532,5.531167055040017,100.0,33.08013797756006,-38.67624570778128,100.0,100.0,0.3947750758315731,0.7049552965759878,0,1
600,8.774549712383918,18408.912311460277,2.387138367997413,2.9709305229720875,98.46999626286004,70.3292963238468,-54.80762073793455,100.0,37.74173110796807,0.505279710104154,12.759819199256327,0,1
601,7.481218486207336,19553.005182490408,2.387138367997413,2.9709305229720875,81.4122349969806,63.53438502831199,-4.777439462752419,-100.0,43.78355229546098,0.3915482553407567,8.631910941659177,0,1
602,12.687847813296791,32222.19121425702,2.387138367997413,2.9709305229720875,100.0,100.0,-74.00617222188117,43.23040483600319,100.0,0.739846507150081,16.567035373034912,0,1
603,8.718469441821968,32416.267240281373,2.387138367997413,2.9709305229720875,85.42725535820163,67.33949016630086,-49.8171233715196,-29.432772388296197,82.29738904541152,0.7335896209126016,10.42781558418864,0,1
604,14.2597920264391,35487.170438054934,2.387138367997413,2.9709305229720875,100.0,95.71696149871076,-1e-20,-23.79776143177961,100.0,0.8152220897753519,17.84898543688267,0,1
605,7.433518833335802,9233.957236945473,2.387138367997413,2.9709305229720875,100.0,57.44183476499207,-100.0,12.93683276090742,100.0,1.0397917274168704,8.771109331386638,0,1
606,10.234470012781609,20323.89614375926,2.387138367997413,2.9709305229720875,56.507754113206175,90.366897241294,-100.0,51.77058869827378,100.0,0.4361522826896111,13.390734505042657,0,1
607,7.099348167151733,13641.841217170087,2.387138367997413,2.9709305229720875,100.0,25.784671978132863,-35.27165433253788,19.112872915577768,100.0,1.0946634109710742,8.3337678349171,0,1
608,3.01896405930793,16420.81625819851,2.387138367997413,2.9709305229720875,100.0,25.778552634990124,-67.17936675285829,-16.96015276018511,43.58681863305917,0.8047023471582035,3.224381958226491,0,1
609,12.853862909765942,19866.85115996552,2.387138367997413,2.9709305229720875,91.3882968435366,100.0,-7.548830791291543,-42.580320041131735,73.45548998994194,0.4556697110142185,16.29748458364817,0,1
610,7.252299659128402,16875.983931218125,2.387138367997413,2.9709305229720875,81.46082849135894,21.443095354990376,-40.35682675821696,100.0,100.0,0.9900694688200602,9.483414683993086,0,1
611,4.478146517198851,18195.24445559796,2.387138367997413,2.9709305229720875,100.0,39.13995225687562,-46.58050990045592,-86.94340913567095,51.94588348809463,0.7952308953183254,4.319354476691767,0,1
612,7.416445908483462,11486.989286565238,2.387138367997413,2.9709305229720875,100.0,33.11406742355268,-55.94859298024895,53.26614964785777,100.0,1.1177960953928068,9.139091115745828,0,1
613,11.173712444091343,19078.07260623396,2.387138367997413,2.9709305229720875,98.87849105587932,100.0,-59.11073247656925,-31.60959481617968,74.05910616907975,0.4468068167618062,14.185649164337033,0,1
614,14.616605350816638,27956.25092686949,2.387138367997413,2.9709305229720875,50.79765222542319,95.96389954016266,-2.1387764197161445,74.69192115377797,98.53551459030938,0.4718576471796023,19.562171536805707,0,1
615,2.7915724307012835,14752.90799443974,2.387138367997413,2.9709305229720875,54.49406353300159,13.59181374313987,-56.80630386743164,65.07323909085359,47.35743685746871,0.5584151444444378,3.822808730200492,0,1
616,12.67234208099385,27241.51180636783,2.387138367997413,2.9709305229720875,100.0,100.0,-36.40865298956136,100.0,48.80547226300229,0.3765490131628759,18.08502194355568,0,1
617,3.309152014418628,17649.844868124186,2.387138367997413,2.9709305229720875,100.0,-12.99479270577558,-7.307161830013246,93.72069945919858,46.31185252901286,0.3103197416170391,5.373540167389354,0,1
618,10.560638964488303,23985.285004312576,2.387138367997413,2.9709305229720875,100.0,65.43559069156898,-61.13770543975277,84.40866356152313,100.0,1.026692178794299,13.867210211760524,0,1
619,13.915053324302264,21554.17887746115,2.387138367997413,2.9709305229720875,100.0,100.0,-10.639468430161962,-49.42120042951586,100.0,0.7535539331730305,17.14385575991785,0,1
620,12.779258767081483,14752.447240717622,2.387138367997413,2.9709305229720875,100.0,100.0,-26.82014375869929,56.87611498977088,55.73486729646309,0.4187682869653226,17.616702963368105,0,1
621,2.5562788082670456,25375.25493354423,2.387138367997413,2.9709305229720875,100.0,26.27323532611868,-55.403127008586445,82.42517952609154,-8.88961609514557,0.471393535758283,4.613116872723397,0,1
622,6.81397524138622,17002.63064065712,2.387138367997413,2.9709305229720875,51.28852826006094,22.662423707168507,-6.122224119910754,-6.953002133067963,100.0,0.8401128317097148,7.62396573612738,0,1
623,9.030428863714535,18118.55949029417,2.387138367997413,2.9709305229720875,100.0,77.99647280217664,-51.16646981372109,41.1408746459865,41.27062568430696,0.4426331574273838,12.458628748860011,0,1
624,5.59234522228822,13695.814330573758,2.387138367997413,2.9709305229720875,97.94982154563594,0.555240900112203,-1e-20,-21.601832314793825,100.0,0.7269549636238115,6.167448940446093,0,1
625,8.251110111784463,25834.584174629577,2.387138367997413,2.9709305229720875,26.333210303004407,54.262639348905175,-32.57039943758176,100.0,66.9718555738488,0.341897697594498,11.512877655356895,0,1
626,8.789717470088732,20747.869155782933,2.387138367997413,2.9709305229720875,100.0,55.646988556969546,-18.721597199589308,-72.77470929733482,88.72299715638866,0.9838311027516352,9.787222359869746,0,1
627,4.283214965616388,21693.95962115596,2.387138367997413,2.9709305229720875,43.14924922995745,-9.490740920335426,-28.32174523744692,100.0,100.0,0.4070300403375722,5.815017397996241,0,1
628,10.596606617617564,12827.304729442469,2.387138367997413,2.9709305229720875,32.03698725793579,61.77486412541639,-10.31582796117766,46.76830557630312,100.0,0.583697251893053,13.540132041667157,0,1
629,6.9077250513489465,11758.772212306514,2.387138367997413,2.9709305229720875,100.0,60.96538663333891,-84.18498146026364,-100.0,100.0,0.9712113799707792,6.8109198566168185,0,1
630,8.061702350873567,15600.861005808369,2.387138367997413,2.9709305229720875,74.2402968412814,45.19226668671169,-70.41181224996969,92.90517996662248,100.0,0.9511071200291984,10.49977639529568,0,1
631,6.951380024949043,15960.451047243318,2.387138367997413,2.9709305229720875,100.0,26.74546794886684,-50.549216806827545,46.15988162912301,100.0,1.099235350658577,8.44269452457106,0,1
632,10.832834998535075,27694.064157972916,2.387138367997413,2.9709305229720875,91.78356050406204,63.79371776200356,-26.03562267828552,23.19850281354698,100.0,0.9797463281819424,13.526023892702227,0,1
633,12.808312145675908,31339.608816940705,2.387138367997413,2.9709305229720875,82.84522055599209,100.0,-40.37448313512695,100.0,61.99810868609649,0.3488391121686884,18.068614205560976,0,1
634,2.2149418576021223,16780.45549024091,2.387138367997413,2.9709305229720875,100.0,16.729920713749202,-44.1811033817964,-100.0,48.489325606320016,0.5449038083227011,1.3756239385251203,0,1
635,1.874206769875271,24081.796144784177,2.387138367997413,2.9709305229720875,36.70079475345147,3.697760912211976,-65.24536817991618,80.89462757866809,56.43789737531576,0.3952484160835128,2.7316718410629406,0,1
636,3.5642473203170777,14488.4055595855,2.387138367997413,2.9709305229720875,71.72916435061266,22.169883619149445,-21.64005399411457,-6.322471493781791,30.71145037222255,0.5689697728096348,4.296304326576531,0,1
637,2.8035817693278062,11427.129161255612,2.387138367997413,2.9709305229720875,94.83196590071208,28.92684991523651,-49.63287380407488,-58.62633538177341,30.571147764892345,0.6728256175123102,2.6807179971626547,0,1
638,4.445066400772912,13177.555899416117,2.387138367997413,2.9709305229720875,39.46244145636652,0.365084341671924,-1e-20,100.0,58.71239991257575,0.4675181372396557,6.36948783994009,0,1
639,4.634038894007108,26351.05129581681,2.387138367997413,2.9709305229720875,100.0,9.826992305919418,-18.739105795021832,-17.909754610512508,72.54850832282818,0.7966959090302947,5.12560431896067,0,1
640,3.718830484856052,19777.82226807128,2.387138367997413,2.9709305229720875,100.0,-0.9541382273172728,-62.20108496258088,25.38852664816018,100.0,0.474601146401743,4.430847912431386,0,1
641,11.739262459612451,20194.92478625897,2.387138367997413,2.9709305229720875,40.95001657194166,86.81506660163626,-37.09647931654002,26.67286807265628,100.0,0.4140109159614287,15.079500541426254,0,1
642,5.8809693801778105,20374.51660467983,2.387138367997413,2.9709305229720875,100.0,41.60597623350736,-74.92795352517197,-70.19487490027059,100.0,1.1136897805972192,5.619269921322484,0,1
643,10.525441282337177,21289.048038694946,2.387138367997413,2.9709305229720875,100.0,100.0,-82.69989322140103,61.3399188047492,51.500422840569136,0.2905560821237767,14.77528486581772,0,1
644,9.727876961891756,29360.945847367748,2.387138367997413,2.9709305229720875,34.856670335150035,72.72272719623925,-50.60234365854063,17.625890546578997,100.0,0.4663410150843612,12.15316602850731,0,1
645,5.993274947699281,10489.1474285349,2.387138367997413,2.9709305229720875,100.0,11.17469115672726,-35.91785344897697,38.47743756891655,100.0,0.9574718961209836,7.192484231199289,0,1
646,6.738918349039444,19408.584201655805,2.387138367997413,2.9709305229720875,29.521464162788085,24.565641586736213,-0.5257692123934206,52.47305887847522,79.39047900099672,0.6071711696860085,8.531638041970776,0,1
647,13.662881524388698,21219.7761970119,2.387138367997413,2.9709305229720875,100.0,100.0,-5.813631445591371,-4.195309948106122,76.1013521596701,0.5819163820213937,17.73937164719456,0,1
648,10.850833422495642,14313.110968398578,2.387138367997413,2.9709305229720875,100.0,90.43404383393649,-9.313618374103982,-55.96566173668107,49.2290887972454,0.37761324545622,13.788726175100418,0,1
649,4.9410454562484745,33083.98245395048,2.387138367997413,2.9709305229720875,100.0,15.338643488854544,-7.426246331885075,-7.762295644001654,54.76881858088049,0.8177141665598762,5.818998188131481,0,1
650,9.779556388570205,10331.480812559834,2.387138367997413,2.9709305229720875,49.539355242242486,75.37723127901009,-89.46128857098566,100.0,100.0,0.5694864288065009,13.16095884113314,0,1
651,9.695767927519594,17607.025181149653,2.387138367997413,2.9709305229720875,52.87941628287634,74.07254562733198,-28.706111365378465,59.52684508280045,57.31971907232303,0.2814658824020579,13.312523076836756,0,1
652,6.355596239713951,28778.85358161188,2.387138367997413,2.9709305229720875,100.0,17.906397192532673,-39.971872691127146,31.00718068904831,100.0,1.0359511098270402,7.519689984304923,0,1
653,8.829313466094945,13209.79211892308,2.387138367997413,2.9709305229720875,100.0,82.88255762921503,-100.0,-58.74879424449494,100.0,0.7733281791614139,10.101228132798436,0,1
654,10.317001775606029,16643.825039714826,2.387138367997413,2.9709305229720875,30.76494521801308,61.10466979085961,-1e-20,0.6740112850764923,100.0,0.5688176288998674,12.631473431734303,0,1
655,7.939785704318323,16521.08010509136,2.387138367997413,2.9709305229720875,50.29279110158279,74.68892930912509,-100.0,-8.075331819044287,100.0,0.4734368223015055,9.502600811504692,0,1
656,6.409485774534562,13301.450978732624,2.387138367997413,2.9709305229720875,100.0,55.624661168325055,-100.0,79.2186167905854,59.81956816071244,0.7650921087855771,8.829154205125485,0,1
657,11.001313428999037,22726.92879740513,2.387138367997413,2.9709305229720875,78.03715285996448,90.02146144377068,-13.312237744870728,-40.19207023278831,60.721304905727,0.3110945000119498,14.004524380835496,0,1
658,3.2156424152108367,12762.227595177852,2.387138367997413,2.9709305229720875,52.071788096550925,15.40703792019206,-56.404477904590834,-41.23472440871679,86.06556260094503,0.6860409508217266,2.631723183301531,0,1
659,10.778836260763498,16607.72921736285,2.387138367997413,2.9709305229720875,56.64022235379374,66.41625471684426,-1e-20,-33.21953176679017,100.0,0.7082015998923392,12.870734259392968,0,1
660,12.496941644392844,14474.730511493104,2.387138367997413,2.9709305229720875,100.0,91.63071280655316,-33.69017948007343,29.35408291854128,81.4693675297845,0.6897734498693229,16.382643822587198,0,1
661,7.426372713637305,20408.920623729457,2.387138367997413,2.9709305229720875,100.0,54.69645364905648,-83.22366110751796,-17.99092500387177,100.0,1.0568410265838837,8.384526034927523,0,1
662,3.7806006530514247,28518.92134725112,2.387138367997413,2.9709305229720875,100.0,-5.104794540712888,-1e-20,-23.598814075540425,69.3579167278617,0.378814466068085,4.349118721667039,0,1
663,8.254439594643655,29719.374282495257,2.387138367997413,2.9709305229720875,73.54264884671457,42.25151478498079,-26.27218763140573,100.0,69.37839616677127,0.7655113729454195,11.334264047660271,0,1
664,6.525680701684996,9023.025143024752,2.387138367997413,2.9709305229720875,36.48777918803357,53.6635878559656,-70.47705864450812,-39.65965163062917,100.0,0.5816725574918093,7.026954095171382,0,1
665,10.59264654217442,16920.97797752679,2.387138367997413,2.9709305229720875,100.0,100.0,-42.11640944994338,-64.72100365835021,54.7366093185552,0.2573671515458731,13.400655911031755,0,1
666,3.678986702454474,21107.95515283817,2.387138367997413,2.9709305229720875,34.87595229867481,-6.077116820034995,-10.272832843782728,26.345852707179827,87.64355564368675,0.3337093481949429,4.287941188735799,0,1
667,4.646961702095536,21100.057658764803,2.387138367997413,2.9709305229720875,79.07209196511658,13.680390372194296,-38.00415104508184,-28.415923955476437,92.90405120657414,0.8296126672884543,4.66579583622946,0,1
668,9.323961456066494,12196.93894611741,2.387138367997413,2.9709305229720875,100.0,38.11165375010505,-20.502511347063056,61.12190056854385,100.0,1.1204541674188402,11.821197257802057,0,1
669,11.97170312754349,35763.05053200528,2.387138367997413,2.9709305229720875,46.05961403878011,76.87075634267379,-15.209008255085198,43.921278984891146,100.0,0.5719920102679392,15.4668544983049,0,1
670,6.230234852184427,21134.267850396205,2.387138367997413,2.9709305229720875,100.0,10.043575381519249,-1e-20,100.0,57.23172352698971,0.8160355520356859,8.802331694306822,0,1
671,3.156618617869759,20599.034392704973,2.387138367997413,2.9709305229720875,100.0,25.914944192363457,-87.75558799357023,-74.23861224762155,82.25663887066496,0.9483814347643054,2.212230074549252,0,1
672,8.775833445227374,20506.8632171549,2.387138367997413,2.9709305229720875,78.5458924944248,45.21438261576975,-1e-20,-44.58415810105305,93.48903578625308,0.9350912199919916,9.976796338373596,0,1
673,13.835227754436067,27050.230332224957,2.387138367997413,2.9709305229720875,100.0,100.0,-52.16386639929574,67.72602332762156,100.0,0.7796877482414288,18.37210430809666,0,1
674,12.624072472155934,33150.853824259,2.387138367997413,2.9709305229720875,100.0,77.97424511633892,-13.870502591400072,15.810180741913824,100.0,0.9528910031574256,15.948273638072116,0,1
675,8.370112194962434,18976.403272790885,2.387138367997413,2.9709305229720875,90.92526668129372,54.25950454395935,-40.05065564673655,-37.19195629898069,93.61950265308155,0.963853061269309,9.550533060304222,0,1
676,12.773353094692006,27124.406307658068,2.387138367997413,2.9709305229720875,100.0,99.91800026687586,-61.62213997123808,13.68120963863796,100.0,0.7352752006734056,16.34407562182882,0,1
677,5.476629599057753,18845.324855129053,2.387138367997413,2.9709305229720875,11.547364665024546,30.97908938581255,-36.15417290153446,68.1603626702078,69.94915457449277,0.4046826787188995,7.1947405189722815,0,1
678,9.141941303698855,12589.072535395697,2.387138367997413,2.9709305229720875,82.33556903843697,75.26906151530744,-1e-20,-32.71156912791315,32.77883909479142,0.2555872267505865,11.924503577978731,0,1
679,7.051588776649766,19691.10210575651,2.387138367997413,2.9709305229720875,100.0,41.00555391295308,-34.92771801780834,78.34464717239081,48.1284328123577,0.7972928792862533,9.777437063733148,0,1
680,15.516303483285878,12658.440955119484,2.387138367997413,2.9709305229720875,100.0,100.0,-18.944768978297013,100.0,100.0,0.82458048255363,20.988204306187825,0,1
681,6.9265041795803,24011.663586433584,2.387138367997413,2.9709305229720875,100.0,24.8311758640504,-61.29016341645976,89.70871630984281,100.0,1.0923761562063143,8.922387768095259,0,1
682,2.6912287533122043,22302.082250718304,2.387138367997413,2.9709305229720875,100.0,0.7571322356712358,-1e-20,100.0,-6.083496258779562,0.445850031105214,4.998355023672749,0,1
683,10.45899136704811,22622.474180901783,2.387138367997413,2.9709305229720875,77.61846553654982,46.23298007836833,-8.271944274179901,83.46966323480542,100.0,0.9748893166941714,13.6444031273467,0,1
684,7.129802783477745,25502.010082742658,2.387138367997413,2.9709305229720875,100.0,47.61600648490376,-1.8309748847586464,-23.938366271528743,37.015205095548616,0.6730078184433967,8.929942606907694,0,1
685,12.191381700081486,11665.794543517668,2.387138367997413,2.9709305229720875,100.0,100.0,-45.75887304973642,-48.47675854082523,90.6795919555928,0.6227261727924223,15.03606323491297,0,1
686,10.81288818479004,26790.958528424817,2.387138367997413,2.9709305229720875,100.0,72.04947544990175,-66.90276012026335,100.0,92.24047010675952,0.93039573812442,14.565949311324598,0,1
687,7.954529295563853,12102.969126756558,2.387138367997413,2.9709305229720875,100.0,47.833361694329206,-40.70648782427372,-54.48681293705941,100.0,1.097556042535171,8.63726908913029,0,1
688,11.30008845238625,19570.965266403688,2.387138367997413,2.9709305229720875,65.21574913230883,85.2424835705257,-79.70557083164043,100.0,100.0,0.6203954714020838,15.265189610646908,0,1
689,9.68691207773702,15824.465650620505,2.387138367997413,2.9709305229720875,64.07603427135035,68.34762168467601,-50.57070998287872,9.003678018574153,100.0,0.7279581486168043,11.89937164307305,0,1
690,12.60579153823015,31549.4889281552,2.387138367997413,2.9709305229720875,81.57604403195516,100.0,-11.710571681733375,-61.7271007853972,80.81640208276835,0.4175772864801654,15.646446147193968,0,1
691,12.898939527108393,21879.82335982273,2.387138367997413,2.9709305229720875,84.40489851301719,75.56732519355131,-22.72054082592732,99.9957039847771,100.0,0.8777144237102323,17.289134892674646,0,1
692,12.403002671195466,24066.08985474832,2.387138367997413,2.9709305229720875,85.33481735916062,84.94845588090688,-11.42008327488468,87.83045829405069,61.46090073505656,0.5184332440050152,17.225763969776402,0,1
693,1.099532100715739,16090.58055722899,2.387138367997413,2.9709305229720875,22.00528451366024,14.536467129579052,-83.71059474658095,49.36483574960369,46.61944071515321,0.3804726029585158,1.3428464293510354,0,1
694,9.126944880608228,12903.323757642363,2.387138367997413,2.9709305229720875,100.0,70.77343438804178,-46.34265350848312,-65.71685602175889,86.91187289877595,0.8403833976557502,10.489490956346852,0,1
695,13.189833303975524,33413.55129058295,2.387138367997413,2.9709305229720875,100.0,100.0,-30.063214216057844,67.1751829698674,65.18525938838548,0.5058275044681455,18.112538905934265,0,1
696,3.1530828758589737,15347.938734808877,2.387138367997413,2.9709305229720875,100.0,15.94345448904386,-84.35465022979153,88.99901290035719,51.210240877791406,0.7940873050026602,4.573350232069309,0,1
697,4.943909362457022,11757.260032741431,2.387138367997413,2.9709305229720875,-10.264021147118015,21.39589354137448,-62.351781641364994,100.0,100.0,0.4988489431958594,6.321967035570907,0,1
698,5.745204559399862,15725.501992004733,2.387138367997413,2.9709305229720875,74.87434467902334,33.79583232388446,-65.89432002247872,57.73273841247461,76.2600618480758,0.8390620522071872,7.295728972540199,0,1
699,2.997898275280898,16825.367685635243,2.387138367997413,2.9709305229720875,100.0,2.732136167621036,-1e-20,42.58468233951948,14.222037624324765,0.520516723758085,4.468255648448899,0,1
700,0.1767916204255007,10.10469011050448,0.9287244942797837,7.711917279670906,-100.0,12.459970616644052,-100.0,-84.6264167843814,100.0,-0.0020213686794947,0.0020952369007448,1,1
701,0.1758357508010219,12.56325475168299,0.9287244942797837,7.711917279670906,-100.0,8.453725963752044,-100.0,-59.3137280295853,100.0,-0.0039999954309147,0.0048436161198004,1,1
702,0.1763889003902666,11.092163920049597,0.9287244942797837,7.711917279670906,-100.0,14.407560007721068,-100.0,-100.0,100.0,-0.0027197290215368,0.0021276972188768,1,1
703,0.1745496288605411,10.605106921585548,0.9287244942797837,7.711917279670906,-100.0,5.243512451142643,-97.690292490139,-58.682824907428376,100.0,-0.006761917591835,0.0073700301653328,1,1
704,0.1809319859518099,10.148108670020912,0.9287244942797837,7.711917279670906,-100.0,16.651189312965517,-100.0,-100.0,100.0,-0.003165651855937,0.0034902782728564,1,1
705,0.1680783198690213,11.34981172446088,0.9287244942797837,7.711917279670906,-100.0,0.7189837036775266,-100.0,-31.35453992103465,100.0,-0.0106847542244673,0.0110264205207213,1,1
706,0.1793664549145857,9.809498347204,0.9287244942797837,7.711917279670906,-100.0,15.878042678194078,-100.0,-100.0,100.0,-0.0028969766767397,0.0029057259494059,1,1
707,0.1725546736895707,9.500040657018031,0.9287244942797837,7.711917279670906,-100.0,4.811082715126233,-100.0,-44.8297735482453,100.0,-0.0070433288468631,0.0077757381726531,1,1
708,0.1797208472312927,10.888970180290965,0.9287244942797837,7.711917279670906,-100.0,-0.2729831860131813,-84.93075501867952,-99.28161553237008,100.0,-0.0116509559744479,0.0117585304727559,1,1
709,0.1757798659270786,11.865072141893007,0.9287244942797837,7.711917279670906,-100.0,-9.473566162486335,-84.98205020622429,-46.92890105208701,100.0,-0.0187450620171271,0.0200483903848112,1,1
710,0.1813717880784704,10.21160147582681,0.9287244942797837,7.711917279670906,-99.81887305757256,16.658393012635212,-100.0,-100.0,100.0,-0.0027570178135231,0.0041563566403286,1,1
711,0.1787565039766707,9.622193021792198,0.9287244942797837,7.711917279670906,-100.0,15.576814849545704,-100.0,-100.0,100.0,-0.0028191794634002,0.0027048589560225,1,1
712,0.1729676182664341,11.19240932190801,0.9287244942797837,7.711917279670906,-100.0,4.186218170287511,-100.0,-38.893706298573655,100.0,-0.0073777896985545,0.0084192620100953,1,1
713,0.180008428428209,10.303895340052032,0.9287244942797837,7.711917279670906,-100.0,16.195085042649726,-100.0,-100.0,100.0,-0.0029964010339652,0.0031346812806893,1,1
714,0.1947096360361026,12.186141095731148,0.9287244942797837,7.711917279670906,-100.0,23.455362174729142,-100.0,-100.0,100.0,-0.0070327578392691,0.0101373002461411,1,1
715,0.1811325407335165,9.8006054583568,0.9287244942797837,7.711917279670906,-100.0,16.362032619572908,-99.63946744041284,-100.0,100.0,-0.0029299654906747,0.003295057839093,1,1
716,0.1726186178201754,10.460689104899608,0.9287244942797837,7.711917279670906,-100.0,1.7434146274494715,-93.4228612859216,-73.35455041496,100.0,-0.0102355644631641,0.0098961047909863,1,1
717,0.1789177183111666,10.888621049695605,0.9287244942797837,7.711917279670906,-100.0,15.650040477241792,-100.0,-99.95422599834374,100.0,-0.0028327273928857,0.0027526758394496,1,1
718,0.1639215952827935,11.915613100629608,0.9287244942797837,7.711917279670906,-100.0,-3.891694936964924,-100.0,-13.034545109818382,100.0,-0.0146359735631578,0.0148356302171576,1,1
719,0.1865660110552041,10.720168472467725,0.9287244942797837,7.711917279670906,-100.0,17.28051451769649,-98.00039026439248,-100.0,100.0,-0.0028247142228883,0.0042861176937246,1,1
720,0.1834603416045463,9.640451683538418,0.9287244942797837,7.711917279670906,-100.0,17.899832500445573,-100.0,-100.0,100.0,-0.0037405734554255,0.0045753461065959,1,1
721,0.1836505288393421,10.611096755397684,0.9287244942797837,7.711917279670906,-100.0,8.602899781961959,-91.27848034461314,-100.0,100.0,-0.00386153616212,0.004734682885201,1,1
722,0.17797581711043,10.430042019286768,0.9287244942797837,7.711917279670906,-100.0,15.19126808675878,-100.0,-100.0,100.0,-0.0027474910230546,0.0024756513531687,1,1
723,0.1725302027389303,13.259089683333416,0.9287244942797837,7.711917279670906,-100.0,4.663630836136998,-100.0,-43.86024346807663,100.0,-0.0071462179657488,0.0079105601250137,1,1
724,0.184706528694652,9.51524285243654,0.9287244942797837,7.711917279670906,-100.0,17.620457387906626,-100.0,-93.5911367932284,100.0,-0.0031839669732386,0.0045139059187508,1,1
725,0.1750106086774858,9.426874596676193,0.9287244942797837,7.711917279670906,-100.0,-2.6934697626464743,-92.57533964588484,-39.65175560532604,100.0,-0.0129465373347491,0.0143713958349563,1,1
726,0.1735534046214041,9.99721134956166,0.9287244942797837,7.711917279670906,-100.0,7.182732513723877,-98.58941776269826,-69.1617791317752,100.0,-0.0055734113673803,0.0055820108282068,1,1
727,0.1740172486516414,10.228635186115746,0.9287244942797837,7.711917279670906,-100.0,9.259341171895308,-100.0,-71.51599794671641,100.0,-0.0039681302479489,0.0039807907288845,1,1
728,0.1793951286431728,10.464553684450696,0.9287244942797837,7.711917279670906,-100.0,15.892203366316089,-100.0,-100.0,100.0,-0.0029010540462406,0.0029155888161508,1,1
729,0.1859928134223609,10.681303940264456,0.9287244942797837,7.711917279670906,-100.0,15.657057004207292,-96.75554604479792,-100.0,100.0,-0.0016697876263945,0.0030155370303039,1,1
730,0.2002511364763279,12.78017100349927,0.9287244942797837,7.711917279670906,-99.94760171906482,18.7407107868177,-100.0,-13.5125134517898,98.49010671593246,-0.0086109514724582,0.0086775848942805,1,1
731,0.1799614884222307,9.958636605742432,0.9287244942797837,7.711917279670906,-100.0,14.431586388439634,-100.0,-87.5354202818976,100.0,-0.0015907779939798,0.0021936036485091,1,1
732,0.1679415214563005,12.438518528654043,0.9287244942797837,7.711917279670906,-100.0,-7.005000693166476,-91.47183362257202,-42.28584556665234,100.0,-0.0174261024267679,0.0173244594220856,1,1
733,0.1795401074608244,11.082633104216448,0.9287244942797837,7.711917279670906,-100.0,13.440863411884475,-100.0,-81.93009198149821,100.0,-0.001224837150863,0.0019558062578524,1,1
734,0.1739961609319809,11.040168216124556,0.9287244942797837,7.711917279670906,-100.0,8.927753809739855,-100.0,-69.2156772667353,100.0,-0.0041548995875971,0.0042507842777319,1,1
735,0.1736241534230789,9.910328852787808,0.9287244942797837,7.711917279670906,-100.0,-4.355758520373909,-89.65516750752226,-55.17021451080272,100.0,-0.0148281262257614,0.0153830869911635,1,1
736,0.1835169845652166,10.809415858522865,0.9287244942797837,7.711917279670906,-100.0,2.57982595985101,-86.40199231421083,-94.940694800797,100.0,-0.0087226029447096,0.0097612051630306,1,1
737,0.1663769153928228,11.480408807933774,0.9287244942797837,7.711917279670906,-99.38730522858302,8.13807671549332,-100.0,-95.59765796820022,100.0,-0.0065292230600143,0.0074197249616081,1,1
738,0.1869082314983437,9.640664520155394,0.9287244942797837,7.711917279670906,-100.0,18.68379959853482,-100.0,-93.41937493586644,100.0,-0.003761455645031,0.0055421640358313,1,1
739,0.1716577712207236,9.944799173303462,0.9287244942797837,7.711917279670906,-100.0,6.060160108877417,-100.0,-56.948422859124776,100.0,-0.0064208216801976,0.0065114019489743,1,1
740,0.1789840867994107,11.227620286591703,0.9287244942797837,7.711917279670906,-100.0,15.689207954089458,-100.0,-100.0,100.0,-0.0028461428413767,0.00277774171242,1,1
741,0.1827844066450189,10.733363415511963,0.9287244942797837,7.711917279670906,-100.0,0.1998896351053565,-83.87165114443592,-100.0,100.0,-0.0109141261000213,0.0116125153773462,1,1
742,0.1787507974096165,9.420701591653636,0.9287244942797837,7.711917279670906,-100.0,15.57399662811853,-100.0,-100.0,100.0,-0.0028185365183058,0.0027030645970872,1,1
743,0.1685700160279102,10.46962689295304,0.9287244942797837,7.711917279670906,-100.0,0.3233834138971794,-100.0,-26.78196619874968,100.0,-0.0108583627696093,0.0114731293520947,1,1
744,0.1793425170509289,10.686935425745151,0.9287244942797837,7.711917279670906,-100.0,14.240477433233435,-100.0,-88.35602512518335,100.0,-0.0016665376568947,0.0021132666321378,1,1
745,0.1710045711095149,9.916875831145422,0.9287244942797837,7.711917279670906,-100.0,3.944454891061649,-100.0,-44.10566596847595,100.0,-0.0079344782590932,0.0083816605845214,1,1
746,0.1780371031258035,9.537144618625485,0.9287244942797837,7.711917279670906,-100.0,7.595769239483956,-100.0,-45.382389332381,100.0,-0.0040775672285887,0.0058951506861696,1,1
747,0.1819809234034479,10.44181540259211,0.9287244942797837,7.711917279670906,-100.0,16.819261427763358,-100.0,-97.49355920923642,100.0,-0.0030559947281603,0.0036875828548292,1,1
748,0.1796801522888747,8.756703854881064,0.9287244942797837,7.711917279670906,-100.0,16.032963956342748,-100.0,-100.0,100.0,-0.0029434832353228,0.0030155272165537,1,1
749,0.1721958918349168,10.283722523511043,0.9287244942797837,7.711917279670906,-100.0,6.332543458151076,-100.0,-56.99590386195106,100.0,-0.0061309733139773,0.0063283245019939,1,1
750,0.0464074963616602,11.615536919625995,0.9287244942797837,7.711917279670906,-33.26762409178608,14.42732338487071,-48.26285635499861,-49.2631469999868,34.13267035543695,-0.0083511780448622,0.0094984537662846,1,1
751,0.1673408951923897,10.629393711589302,0.9287244942797837,7.711917279670906,-100.0,0.4272627486297899,-100.0,-31.87352004682028,100.0,-0.0110270005786422,0.0112001403865305,1,1
752,0.1834622128532676,8.403006020403067,0.9287244942797837,7.711917279670906,-100.0,4.522950048013629,-87.57570334985483,-100.0,100.0,-0.0072203450258656,0.008055495238827,1,1
753,0.1728869641976367,10.205102893545918,0.9287244942797837,7.711917279670906,-100.0,0.8219890855916043,-95.57408810915555,-49.21581767732015,100.0,-0.0104299615017504,0.0110626198518401,1,1
754,0.1697488824610389,10.347698026575117,0.9287244942797837,7.711917279670906,-100.0,2.8629679782371884,-100.0,-40.801308056005176,100.0,-0.0089092279354913,0.0092287116941979,1,1
755,0.1666199329107844,9.909151406985954,0.9287244942797837,7.711917279670906,-100.0,1.3824069090000268,-100.0,-41.2646260303083,100.0,-0.0105290427194673,0.0101995788775912,1,1
756,0.1836354999206055,9.79400463852718,0.9287244942797837,7.711917279670906,-100.0,14.856628657684018,-97.09336463596718,-100.0,100.0,-0.0015527629967662,0.0024228773354238,1,1
757,0.1778933784614702,10.545638529364023,0.9287244942797837,7.711917279670906,-100.0,7.805998116548949,-100.0,-47.396471348558215,100.0,-0.0039679018647459,0.0056798923168622,1,1
758,0.1794164785796881,10.508462941439117,0.9287244942797837,7.711917279670906,-100.0,15.90274715700238,-100.0,-100.0,100.0,-0.0029041131730326,0.0029229557189089,1,1
759,0.1694204176498151,8.801932459769098,0.9287244942797837,7.711917279670906,-100.0,2.6452479952292838,-100.0,-40.40376240865341,100.0,-0.0091208826509343,0.009389210370797,1,1
760,0.1677041473915544,9.888055180287182,0.9287244942797837,7.711917279670906,-100.0,-0.5876161777577718,-100.0,-23.31984143141013,100.0,-0.011647636062645,0.0122193577772687,1,1
761,0.179399840573078,10.846848040543902,0.9287244942797837,7.711917279670906,-100.0,9.059173639962529,-95.05371384179747,-89.18883997082946,100.0,-0.0038163622956161,0.0042429862541253,1,1
762,0.1847647744309488,10.530446705185971,0.9287244942797837,7.711917279670906,-100.0,3.501260046290032,-86.02940712509441,-100.0,100.0,-0.0079167701715717,0.0090147381898584,1,1
763,0.1847528920366258,10.24151769567136,0.9287244942797837,7.711917279670906,-100.0,18.53816607101883,-100.0,-100.0,100.0,-0.0040762537006274,0.0051718242086147,1,1
764,0.1920980142549943,9.885752026369332,0.9287244942797837,7.711917279670906,-100.0,0.5000816859596036,-84.48819979895387,-44.9753898049209,99.12357998417136,-0.0102632532198526,0.0104463249334591,1,1
765,0.1810677038680457,10.950345595336865,0.9287244942797837,7.711917279670906,-100.0,7.916229059424069,-93.33214093710424,-88.37998906012953,100.0,-0.0044629730928173,0.0052568816272208,1,1
766,0.1790524337395609,9.633285773102353,0.9287244942797837,7.711917279670906,-100.0,15.722961489163229,-100.0,-100.0,100.0,-0.0028547322546333,0.0028001214854712,1,1
767,0.1903661320309061,9.473247817807223,0.9287244942797837,7.711917279670906,-100.0,13.27178098530611,-92.5344329216713,-100.0,100.0,0.0002722027525995,0.001955950998544,0,1
768,0.1824662587986588,10.475466781214408,0.9287244942797837,7.711917279670906,-100.0,17.40889890808522,-100.0,-100.0,100.0,-0.0034990017681923,0.0041331983653537,1,1
769,0.1823017125432295,10.158210813179252,0.9287244942797837,7.711917279670906,-100.0,8.586533102254807,-91.88192290742772,-100.0,100.0,-0.0040603490724302,0.0046613451772177,1,1
770,0.1733359860175787,9.738837893364607,0.9287244942797837,7.711917279670906,-100.0,5.078602750690292,-100.0,-43.98222470560395,100.0,-0.0067065577788205,0.0076288439687117,1,1
771,0.1718069150877272,10.874993233818731,0.9287244942797837,7.711917279670906,-100.0,6.03465730352321,-100.0,-56.23822614401045,100.0,-0.0064045989467121,0.006552280095709,1,1
772,0.1741688051913797,9.752131734795125,0.9287244942797837,7.711917279670906,-100.0,5.978269287806235,-99.0235211891745,-55.0106029799277,100.0,-0.0061182414332253,0.0067891664470079,1,1
773,0.204582378924562,10.541822220527436,0.9287244942797837,7.711917279670906,-100.0,31.0322343602197,-100.0,-100.0,99.12943828922069,-0.0159393301816184,0.016578829572443,1,1
774,0.1761583638150499,10.65974409548985,0.9287244942797837,7.711917279670906,-100.0,8.818187085669308,-100.0,-60.7829683744157,100.0,-0.0037050925958605,0.0045579330439744,1,1
775,0.2228646630588688,8.59264854166717,0.9287244942797837,7.711917279670906,-100.0,1.9172169310025675,-69.7964888631466,-29.668158613575443,97.77662869390576,-0.0125033933239504,0.0125803048583256,1,1
776,0.1722041621335434,8.710611818149518,0.9287244942797837,7.711917279670906,-100.0,5.433248239639383,-100.0,-50.52567683721418,100.0,-0.0067069749015726,0.0071520515644269,1,1
777,0.1855987628867943,11.393912324210724,0.9287244942797837,7.711917279670906,-100.0,9.791731555025976,-91.48900827917856,-100.0,100.0,-0.0026567082965093,0.0039229501372298,1,1
778,0.1811249831868465,10.287422472650109,0.9287244942797837,7.711917279670906,-100.0,16.746502123277672,-100.0,-100.0,100.0,-0.0032043595396894,0.0035679270021727,1,1
779,0.1633440369757475,9.67798007975276,0.9287244942797837,7.711917279670906,-100.0,-4.528299896955419,-100.0,-10.517914901082309,100.0,-0.015183452248648,0.0153622801125486,1,1
780,0.173878268621811,8.944736545388192,0.9287244942797837,7.711917279670906,-100.0,8.926362275561692,-100.0,-69.62270967409934,100.0,-0.0041845212776253,0.0042411397726185,1,1
781,0.1814893479720958,11.20885537505464,0.9287244942797837,7.711917279670906,-100.0,9.342215916464887,-92.95633993887957,-100.0,100.0,-0.0035936394725531,0.004030724805391,1,1
782,0.174853760747994,10.381911411105447,0.9287244942797837,7.711917279670906,-100.0,3.102641495099542,-93.82124837183872,-72.1113775093813,100.0,-0.008806995858999,0.0089657976205934,1,1
783,0.1783637788365746,10.303919937512989,0.9287244942797837,7.711917279670906,-100.0,15.382865248269315,-100.0,-100.0,100.0,-0.0027789023551519,0.0025853417095844,1,1
784,0.1841960367786057,10.468474236460724,0.9287244942797837,7.711917279670906,-100.0,18.263159853603703,-100.0,-100.0,100.0,-0.0039290607386942,0.0049122745801682,1,1
785,0.179391184217404,10.810059406326248,0.9287244942797837,7.711917279670906,-100.0,13.03670313790445,-100.0,-79.56215544953162,100.0,-0.0011844226279484,0.001975393943447,1,1
786,0.1729822561844986,9.798660886117954,0.9287244942797837,7.711917279670906,-100.0,4.585368164262988,-97.46501229374302,-61.25035639998541,100.0,-0.0075602830051449,0.0077545059881125,1,1
787,0.1865731576116706,11.16743781361613,0.9287244942797837,7.711917279670906,-100.0,2.5157338202533,-84.28469896694116,-100.0,100.0,-0.0085338244680181,0.00999666989931,1,1
788,0.1799539445565074,10.947305502984074,0.9287244942797837,7.711917279670906,-100.0,-0.298430549373629,-84.70705742804785,-100.0,100.0,-0.0116608042082467,0.0117880912460265,1,1
789,0.178191265995138,9.293114974006263,0.9287244942797837,7.711917279670906,-100.0,15.29766877522587,-100.0,-100.0,100.0,-0.0027638651045799,0.0025354965488501,1,1
790,0.1792538790942176,8.577090192557913,0.9287244942797837,7.711917279670906,-100.0,12.96115916362368,-97.34265240952912,-100.0,100.0,-0.0019944168402971,0.0019804516935079,1,1
791,0.1694777182890689,11.887996810345282,0.9287244942797837,7.711917279670906,-100.0,2.4774459335194243,-100.0,-38.999243606878906,100.0,-0.0092217428269574,0.0095550446518252,1,1
792,0.181835734439002,11.707316594206668,0.9287244942797837,7.711917279670906,-100.0,17.097510775100993,-100.0,-100.0,100.0,-0.0033553509795781,0.0038623266980889,1,1
793,0.1804685932558579,10.091228931418604,0.9287244942797837,7.711917279670906,-100.0,14.754128095368053,-98.45069062455954,-100.0,100.0,-0.0020772517413629,0.0023083794297457,1,1
794,0.1821025117492052,11.404500748063668,0.9287244942797837,7.711917279670906,-100.0,14.67161493276333,-100.0,-81.68151344064675,100.0,-0.0011099039352221,0.0023673424815767,1,1
795,0.1799622479580229,12.148805700301208,0.9287244942797837,7.711917279670906,-100.0,5.31424034995761,-93.322972119208,-73.72474087556711,100.0,-0.0063869464831568,0.0075151328122781,1,1
796,0.1798861673615636,11.114383166105428,0.9287244942797837,7.711917279670906,-100.0,16.134705701714992,-100.0,-100.0,100.0,-0.002976207159548,0.0030898187950041,1,1
797,0.1662274423501241,11.03998481626684,0.9287244942797837,7.711917279670906,-100.0,-0.2784374410774042,-99.48586189490948,-34.72252508762065,100.0,-0.0118116802682542,0.0116518136951669,1,1
798,0.1799692549356397,10.06290534604664,0.9287244942797837,7.711917279670906,-100.0,16.17573898483797,-100.0,-100.0,100.0,-0.0029898695702767,0.0031202457827344,1,1
799,0.1722070807193893,11.13885050238811,0.9287244942797837,7.711917279670906,-100.0,4.817639955956611,-99.14850862615332,-52.67284623638639,100.0,-0.0072637635964311,0.007627774266784,1,1
800,2.9267260702916458,14578.832044960816,1.9316863821678008,3.010182037802922,-21.14724608829897,16.258910549581046,-32.24265418295501,-100.0,100.0,0.6404136210951135,1.223464966616301,0,1
801,7.847950235110892,17048.777674650253,1.9316863821678008,3.010182037802922,87.22946263984488,67.83167195674912,-56.02786558653887,-24.18447205281286,81.65728277370265,1.545543832301563,8.88576849084617,0,1
802,9.77069024108653,14720.96129311773,1.9316863821678008,3.010182037802922,100.0,66.94514948856613,-6.193431904636052,-100.0,100.0,1.9091155393077328,10.250830421910676,0,1
803,12.7696242979152,19928.370359617034,1.9316863821678008,3.010182037802922,52.62115421867125,100.0,-1e-20,9.211300658414784,100.0,1.129149549516525,15.694752576419384,0,1
804,13.463894306691632,22042.26423503616,1.9316863821678008,3.010182037802922,100.0,100.0,-5.351823400073744,8.493173175061749,100.0,1.7405634796534413,16.47703514171813,0,1
805,8.312909962601235,14602.938173790006,1.9316863821678008,3.010182037802922,96.68529410365508,100.0,-100.0,34.04639338986594,57.84574512941617,1.02922454899974,10.91203326374414,0,1
806,7.249046035203095,14595.670314452189,1.9316863821678008,3.010182037802922,90.6950397300985,67.67956334721502,-72.01433156350352,100.0,47.12768398422693,1.2115107824995226,10.046454063286276,0,1
807,9.142635787109732,10997.35863867073,1.9316863821678008,3.010182037802922,100.0,91.56116073172169,-38.152460321302186,45.08188116822549,35.17787878798349,0.9713387906497905,12.38471260705654,0,1
808,7.060160698212675,17079.09732311203,1.9316863821678008,3.010182037802922,100.0,33.32380387046527,-31.390505911324635,-51.20201549565809,100.0,1.832817816441349,7.262225910189766,0,1
809,6.361454106161524,18904.716252269667,1.9316863821678008,3.010182037802922,61.5657493072741,53.28453810200282,-89.32624082136438,9.654157820503867,100.0,1.5220054397903948,6.911128196328903,0,1
810,5.35060785610113,13084.41238363964,1.9316863821678008,3.010182037802922,68.2063359243607,32.53384365504551,-20.87046574985498,50.36762310023516,41.59651669476684,1.0743737725300295,6.946874527502712,0,1
811,9.722075571417957,15391.403791398468,1.9316863821678008,3.010182037802922,42.729262245361376,100.0,-70.86782760498818,92.7386122341302,72.05533779171554,0.5707868695663025,13.216365528827236,0,1
812,12.030680549448116,13982.26516056619,1.9316863821678008,3.010182037802922,100.0,100.0,-12.961266325936734,-50.31528214363679,90.43025097474664,1.5904722560993063,14.165766026068448,0,1
813,3.453620380016436,11029.197739825597,1.9316863821678008,3.010182037802922,100.0,52.00239807949382,-63.20721883272963,-46.060400185024605,16.412872789656802,0.9654607239498432,4.011818113010039,0,1
814,0.3739205117078212,14699.708846956904,1.9316863821678008,3.010182037802922,89.08430602896723,19.773960547909027,-49.22001818545503,26.165761863124004,-26.90632275119291,0.6360514853510068,1.2409091303896416,0,1
815,9.945039340195642,12076.559329164616,1.9316863821678008,3.010182037802922,8.42043531046754,89.20928052451751,-47.61253448656412,52.24426234136335,100.0,0.5873811055491256,12.508933642469476,0,1
816,3.929802300962031,10284.644239737814,1.9316863821678008,3.010182037802922,100.0,10.748794626946848,-58.53611507018187,23.47722771647978,68.40680178723073,1.1485475474096116,4.831892671915998,0,1
817,10.432355371993433,17638.608633307984,1.9316863821678008,3.010182037802922,66.35423402698692,82.0800588768098,-66.40519634883367,100.0,100.0,1.4370622591566011,13.407491704738408,0,1
818,12.593450275012124,19333.94790807021,1.9316863821678008,3.010182037802922,43.41477248281096,100.0,-30.19984902714124,100.0,100.0,1.027457813622683,16.44573644485353,0,1
819,5.4541260908436895,12034.214121410118,1.9316863821678008,3.010182037802922,100.0,46.6894165425374,-77.4708983814865,-13.329637353405646,71.06111932502975,1.6707905158782723,5.913413089778626,0,1
820,12.314227837628131,12126.01407798131,1.9316863821678008,3.010182037802922,80.41410509094027,100.0,-56.96978059756595,100.0,100.0,1.4892725591161788,15.990527452153293,0,1
821,10.54903426742947,12159.436716269049,1.9316863821678008,3.010182037802922,100.0,100.0,-100.0,54.07604039592544,100.0,1.6825645056924676,13.164958723559437,0,1
822,7.489410693678755,10175.416066256255,1.9316863821678008,3.010182037802922,99.27102410633324,30.9981972380044,-39.49306160661265,23.09058497671419,100.0,1.8285431713163531,8.626428099132708,0,1
823,9.320364032853565,10615.053891778092,1.9316863821678008,3.010182037802922,100.0,100.0,-83.59990303389884,-96.17153967475971,100.0,1.5835486750204133,10.0211852454641,0,1
824,5.560584862982605,23199.373452582397,1.9316863821678008,3.010182037802922,33.81043145252221,45.49594708030602,-71.48653529133117,100.0,67.7296237059605,0.8982236367183458,7.396316332558914,0,1
825,8.232133056046377,19584.144208036018,1.9316863821678008,3.010182037802922,87.29708932719059,48.84314287641183,-13.679934429845265,51.70447945157871,65.28744542960698,1.4793542265209476,10.395601203675607,0,1
826,8.934873947926508,11514.923572674095,1.9316863821678008,3.010182037802922,57.45881132456677,56.76602352194151,-19.94635588581852,1.1153362083518772,99.23892017735966,1.4646876757652123,10.248393460053157,0,1
827,4.531632375625511,7666.377299345731,1.9316863821678008,3.010182037802922,100.0,47.39692317195573,-17.764018369041658,-74.546537635053,18.27143032539845,1.0990270497458048,4.986167760745804,0,1
828,13.021414002078275,24120.82809846651,1.9316863821678008,3.010182037802922,91.67352108101385,100.0,-36.21080523908627,80.16509528994604,99.43171692104669,1.6342470571663377,16.687454214537627,0,1
829,5.547307831242811,24105.613150153447,1.9316863821678008,3.010182037802922,35.238651348427275,-4.840813852219796,-0.3057880215720914,53.849776126953216,100.0,0.8603135556351176,6.702041447250011,0,1
830,8.24756783401093,16552.53439461727,1.9316863821678008,3.010182037802922,80.84448453129713,75.12506456737785,-40.18782078412156,21.504612865103425,56.90295727515078,1.1321889595007164,10.433329032610391,0,1
831,11.280747884458052,15973.077374023029,1.9316863821678008,3.010182037802922,100.0,100.0,-43.85668722497637,-54.84800633114125,100.0,1.6780014130866725,12.967280541644405,0,1
832,7.036606172113524,19053.995364164475,1.9316863821678008,3.010182037802922,100.0,36.91461222133462,-42.21514199235959,84.69722953778654,66.43451758034821,1.6176845933009782,9.149721579424549,0,1
833,4.867274327899532,26466.317856526563,1.9316863821678008,3.010182037802922,-2.396321894504709,34.794632888198336,-33.534329901904655,25.43500850843836,73.59609250376793,0.5864873451751498,5.577417893717332,0,1
834,12.133517460400666,29207.74151756838,1.9316863821678008,3.010182037802922,100.0,95.51453988780308,-1e-20,63.52364733947343,58.94027937393388,1.3020392726217749,16.041751061189927,0,1
835,9.789829038362658,10351.727227980591,1.9316863821678008,3.010182037802922,66.87300780393238,100.0,-52.37374945665236,-100.0,100.0,1.153658934050198,10.694637764152898,0,1
836,2.378091227473196,13118.71891073207,1.9316863821678008,3.010182037802922,65.2471754860272,35.75292215011044,-87.50051280328292,80.6756794027517,18.203010473995437,0.7508221699420867,3.7984548528430215,0,1
837,6.792205001858549,24554.79184024586,1.9316863821678008,3.010182037802922,100.0,62.83948039033615,-3.684700716790892,29.522735078058624,4.795084054992159,0.8686822670318408,9.426569488600505,0,1
838,12.684969610108933,27615.900753897786,1.9316863821678008,3.010182037802922,74.93179202540173,100.0,-5.670190423796905,-15.438062926373604,100.0,1.4061983256869857,15.267498634152034,0,1
839,9.898416927941897,13378.16012788823,1.9316863821678008,3.010182037802922,11.34560922780888,100.0,-64.48889954238395,55.82621540931587,93.63640399679312,0.393321684352621,12.75544576172183,0,1
840,7.946841058861934,23324.82237244638,1.9316863821678008,3.010182037802922,100.0,100.0,-36.95370531662432,-4.577299998160058,8.246460921523976,0.4153839893044964,11.017398116665996,0,1
841,14.06807398102213,24423.745893138577,1.9316863821678008,3.010182037802922,100.0,100.0,-15.530550121527972,88.73932950455756,100.0,1.7605258249266011,18.120099592647627,0,1
842,1.3573571497192558,18101.110115034026,1.9316863821678008,3.010182037802922,100.0,27.85966647540148,-65.83465594693894,-39.70152613732184,8.381164433108033,1.0817502178099776,1.2457243737527524,0,1
843,8.050543219092923,10038.194419044705,1.9316863821678008,3.010182037802922,44.80057167371214,96.2795200301756,-100.0,-43.41139328793019,100.0,0.8087213101960211,9.120153010827195,0,1
844,7.991886755228323,20500.70248071092,1.9316863821678008,3.010182037802922,75.11413666553025,66.64419276306045,-6.88677419892452,50.3836404011708,32.454329529050945,0.8667965081143976,10.788789747564278,0,1
845,7.527664148454594,10739.779193636256,1.9316863821678008,3.010182037802922,100.0,54.441051650095154,-1e-20,-45.8980108401952,50.98005985747671,1.450287709032148,8.674661914228787,0,1
846,11.191074967970344,15785.995331209138,1.9316863821678008,3.010182037802922,100.0,81.60813271679898,-1e-20,26.36494977535166,69.75574912717708,1.5196696508630794,14.098398445114505,0,1
847,8.860362020865143,13137.11142168284,1.9316863821678008,3.010182037802922,86.30259356316398,100.0,-69.32191088859993,70.80836891232168,39.754743485043264,0.7182371655270083,12.368260864512315,0,1
848,7.67412293276862,15363.556909517618,1.9316863821678008,3.010182037802922,15.12937984326156,72.76760252131984,-23.587549121134195,24.235320061267096,61.2486195503197,0.3172926923033037,9.81829105487144,0,1
849,8.71191285447847,26145.44664083043,1.9316863821678008,3.010182037802922,100.0,64.65848155745209,-51.28670794722033,100.0,63.30300766032887,1.5419503143185311,11.631262332010785,0,1
850,10.430663250800446,10268.348176955118,1.9316863821678008,3.010182037802922,96.28745312679796,86.58275770869321,-36.94959457443765,83.94433836816441,61.2587837672051,1.3315419998909572,13.922197399845674,0,1
851,7.417569777023489,13332.516481430255,1.9316863821678008,3.010182037802922,81.2832313401594,66.35568093065304,-63.87084289023345,14.671215558952008,72.94586563451801,1.385742042181218,8.895798333701837,0,1
852,6.846229345982092,22938.77436269931,1.9316863821678008,3.010182037802922,74.34799322406923,47.66600911331074,-95.69059801964072,81.36604664012103,100.0,1.6760899515951966,8.300201623790114,0,1
853,4.445696022114148,15914.79206137913,1.9316863821678008,3.010182037802922,-14.515953418339883,7.772451095719248,-38.290915448476746,81.9345935964891,100.0,0.7019344779712617,5.197378056359607,0,1
854,5.136061094208573,23708.05684242773,1.9316863821678008,3.010182037802922,41.25806905030882,61.8020277073403,-59.373758480178005,30.694250453043,38.87338772618799,0.4206721632630419,6.850406896442189,0,1
855,2.5113883039985225,12846.965401581832,1.9316863821678008,3.010182037802922,-6.964973978858396,10.119783485216391,-40.93836041077155,19.13946494855034,69.80368314975735,0.5377709611111802,2.4193617866093984,0,1
856,7.267592531578698,15240.937993954887,1.9316863821678008,3.010182037802922,88.67474429838376,63.27080958274368,-84.28228544868774,-31.44221398767289,100.0,1.7859077614415146,7.681112929581237,0,1
857,7.172402565045079,14823.924406174923,1.9316863821678008,3.010182037802922,100.0,100.0,-70.00019531294807,63.222783618019335,-0.2453583156310514,0.2905395795360181,10.906971839301471,0,1
858,5.863948757230239,19848.83898284421,1.9316863821678008,3.010182037802922,91.32012877011098,8.883088945071641,-0.3441503072414917,48.37251389445044,63.91321479058378,1.2759624425700973,7.47775266692329,0,1
859,11.794709273944948,14093.572833866232,1.9316863821678008,3.010182037802922,100.0,100.0,-46.93736641602014,100.0,72.48956404962738,1.411145031596722,15.778409703118076,0,1
860,5.020263021086066,12617.019597735793,1.9316863821678008,3.010182037802922,53.26352795872268,-12.787786395019104,-1e-20,27.777129253047555,100.0,0.6295455745490672,6.137831387874884,0,1
861,12.059272805513494,13258.871878707154,1.9316863821678008,3.010182037802922,100.0,100.0,-51.90158856223773,33.28961091130058,100.0,1.7167677179912335,14.907289030593914,0,1
862,7.5082719711326815,14467.313724238204,1.9316863821678008,3.010182037802922,47.0490988330727,62.19263229283474,-44.58196388295684,27.542040877916367,76.68963780852017,1.0432760029097397,9.121510757257973,0,1
863,10.80349216579853,17171.07906242644,1.9316863821678008,3.010182037802922,78.82824282979136,76.82709075031315,-8.300100076784013,-33.32852589358099,100.0,1.6183838299559614,12.410879038163928,0,1
864,7.252531339314991,11696.946543665936,1.9316863821678008,3.010182037802922,100.0,53.15444915338431,-32.24329723389963,-100.0,87.18624227011775,1.817209254673882,7.10033520134653,0,1
865,6.109468746641818,11734.833000288992,1.9316863821678008,3.010182037802922,89.46114795943117,29.13525442838981,-27.56371967472967,-100.0,100.0,1.6596800858484184,5.544395926951562,0,1
866,11.372140159248456,16847.917095822027,1.9316863821678008,3.010182037802922,100.0,100.0,-74.62557321675797,89.37759712433271,88.26356617381468,1.5781443972490976,14.823736165117063,0,1
867,3.259694620463467,12858.130907796458,1.9316863821678008,3.010182037802922,36.36454196203268,27.08336131561123,-53.377143761690974,-1.6013013708563548,57.41944994277767,0.8962176025283108,3.35904352059287,0,1
868,8.979160840883225,15982.14730555722,1.9316863821678008,3.010182037802922,100.0,73.336856406681,-61.8266944807602,-34.688523265897146,100.0,1.8730272726183024,9.940974167826145,0,1
869,9.02494982456463,15953.14954419823,1.9316863821678008,3.010182037802922,65.67116113025317,100.0,-59.76802990892581,-88.75357825479117,86.71629090154153,0.9273695735164518,10.112542842346254,0,1
870,12.790692264686768,20633.243591532333,1.9316863821678008,3.010182037802922,100.0,100.0,-21.44174012627136,100.0,73.82788056481994,1.449192677007912,17.04971300799692,0,1
871,11.4967860776102,18876.072599675437,1.9316863821678008,3.010182037802922,100.0,88.41129287601402,-1e-20,-9.75124713760416,75.51944247961872,1.5278456375139324,14.065130924873,0,1
872,5.1300529227997895,14457.020642808746,1.9316863821678008,3.010182037802922,56.38942583887264,20.86996837413664,-24.52241612096679,90.32189557471872,52.01962639932414,1.0367005068118007,6.92666476826545,0,1
873,5.173515689128621,10992.58767882163,1.9316863821678008,3.010182037802922,57.57166446654702,16.553046026860454,-25.27718619701491,-30.88332549076513,92.01898858713528,1.2342561206456155,5.206715790133731,0,1
874,6.013421685219068,10550.658322730877,1.9316863821678008,3.010182037802922,73.95575174458311,53.29062596123152,-100.0,34.88716097738468,89.08336825345141,1.549271788339241,6.899104694015695,0,1
875,7.576380168699046,17735.074020130127,1.9316863821678008,3.010182037802922,100.0,99.18252520387988,-92.64590646415954,-6.272991409039227,46.48165209780471,0.8706164260784197,9.777402679614193,0,1
876,3.3664414381958707,14876.389549727888,1.9316863821678008,3.010182037802922,100.0,8.215934897439425,-100.0,100.0,72.8680710840807,1.08792616620804,4.9371018193900085,0,1
877,7.249420739992479,13507.428302006678,1.9316863821678008,3.010182037802922,100.0,76.31536562225489,-100.0,100.0,52.33242408690677,1.3019302081628563,10.013629624769605,0,1
878,1.3861377630140423,18684.55084147485,1.9316863821678008,3.010182037802922,73.8317567376505,15.162596362458784,-42.51747996629727,-67.36286794090896,28.192248399757872,0.3478879386627747,1.311088497288806,0,1
879,3.083830616957604,12854.974442173972,1.9316863821678008,3.010182037802922,100.0,11.08487486824518,-43.02085957511429,-1.2466309089933372,43.553006030216025,0.9924891472279952,3.781101492739244,0,1
880,5.777734624020688,13400.225056887832,1.9316863821678008,3.010182037802922,100.0,69.19432046116982,-22.010158939151733,-100.0,21.94410062588504,0.8857219755312848,6.549514952599342,0,1
881,10.414956612185565,23118.4303464102,1.9316863821678008,3.010182037802922,60.94433193703164,66.23187338678086,-33.46542722440422,100.0,100.0,1.4798909379314038,13.286587328731986,0,1
882,12.081556377469786,19306.33898604201,1.9316863821678008,3.010182037802922,87.00393939517406,100.0,-58.42301105507774,75.00187619134879,100.0,1.561988784888972,15.407907889542454,0,1
883,5.738653927896348,16997.118508594383,1.9316863821678008,3.010182037802922,83.0654963340111,6.522392504672041,-57.127299664653805,100.0,100.0,1.3382059817882186,7.4603462361118,0,1
884,7.690774001156591,13140.803703759062,1.9316863821678008,3.010182037802922,57.10557160659109,97.63376268798952,-100.0,-100.0,100.0,0.8789101927788932,8.09018560588974,0,1
885,4.23900846867908,19388.280061662805,1.9316863821678008,3.010182037802922,72.26682957168742,-4.430764580696035,-50.56513013936124,37.63526237399003,100.0,0.7166121380570027,5.315449971103932,0,1
886,8.155967539131305,14829.303061746816,1.9316863821678008,3.010182037802922,51.019850153482174,100.0,-66.47721953699124,-18.380657482736357,60.45183395581001,0.3664860609245703,10.319822206423032,0,1
887,6.504739634716618,9835.91535122618,1.9316863821678008,3.010182037802922,50.237028228998895,66.98805919788155,-67.38718023082983,40.37849555262321,60.872520741218736,0.8164900897078033,8.30389334997252,0,1
888,8.740173070575214,15691.76955843218,1.9316863821678008,3.010182037802922,100.0,100.0,-51.21827364271368,84.69707924509608,13.249884078406332,0.5850883058422989,12.822195480480246,0,1
889,9.04396313582682,27249.61405543232,1.9316863821678008,3.010182037802922,63.9276682736722,55.00270525122033,-2.9014194122916277,45.16123592186021,76.29269272654295,1.3116437099981797,11.250930812432266,0,1
890,3.794677711077179,9760.107728947996,1.9316863821678008,3.010182037802922,43.42254001754292,22.16677322034124,-13.2490070650784,-50.65517901373401,54.69858266202198,0.9360071201598388,3.5917008790105305,0,1
891,11.284477140909818,15108.611962572191,1.9316863821678008,3.010182037802922,47.12216340869503,88.28409392107025,-4.3141383559342295,95.2095106331432,68.52951415723521,0.7987141095447852,15.154272717668665,0,1
892,10.955685149839695,12140.62078272353,1.9316863821678008,3.010182037802922,100.0,71.88708858988797,-1e-20,79.94767880138694,65.39555596158141,1.539820415558384,14.374158861535523,0,1
893,8.719688017988133,13953.479792805942,1.9316863821678008,3.010182037802922,100.0,35.528545262833966,-7.61685263839037,0.670930286068959,100.0,1.8821297553310887,9.96846794494084,0,1
894,3.4639805254438203,18696.321359755875,1.9316863821678008,3.010182037802922,100.0,49.70558444698334,-86.92407987076474,-27.43618562447004,34.23601441380119,1.2321030411506264,3.830546563432943,0,1
895,9.174127620794142,14570.16181519505,1.9316863821678008,3.010182037802922,55.805240253207,100.0,-51.15193369000439,-25.11565988414173,70.22971912945093,0.6351161526201974,11.305269095736865,0,1
896,2.60457055808223,14817.876373294444,1.9316863821678008,3.010182037802922,100.0,9.816180993530985,-35.7971448236425,-0.3727812619593038,29.025136878134788,0.889442148750681,3.363684991615288,0,1
897,8.586596083752912,16032.005439897132,1.9316863821678008,3.010182037802922,100.0,100.0,-63.2646987150338,39.14282660070406,31.667242538954905,0.776564276696547,11.80457853782274,0,1
898,3.187070517890908,18234.898719882574,1.9316863821678008,3.010182037802922,7.38329169147697,25.405158558075783,-42.11018381875459,67.87067285983042,42.93445796216067,0.420916135575434,4.294912333980866,0,1
899,11.821936893409966,19185.84067103229,1.9316863821678008,3.010182037802922,-13.350492546460115,97.3397776598686,-1e-20,49.67445529938667,100.0,0.2721242505702861,15.060714062131636,0,1
900,8.834258933802506,15099.910996812216,1.9101617833100923,3.129449789051122,93.75310068629427,55.11710555479864,-11.663503115697464,0.17663020518129,100.0,1.7359766463288544,9.440545741504696,0,1
901,2.762305280460092,12755.00501452468,1.9101617833100923,3.129449789051122,-44.01963981399408,15.93168021689666,-73.5938042345851,71.56877207666012,100.0,0.4462927737134232,2.608288841331869,0,1
902,9.768888995196132,13363.60131941394,1.9101617833100923,3.129449789051122,30.68166750415267,100.0,-9.051256463803,78.7437056283687,59.53960069926156,0.3200645564634907,12.293698793785191,0,1
903,5.586602849191144,10711.25295315497,1.9101617833100923,3.129449789051122,34.55000554236887,20.18155374725593,-26.51635517304312,100.0,85.27035026917711,1.02493902721742,6.545767923412488,0,1
904,3.3844816014529173,7941.897870112469,1.9101617833100923,3.129449789051122,100.0,-7.936762850593425,-68.09204180401329,100.0,80.21648287017018,0.6249847535816109,4.88691270278882,0,1
905,2.007089505655646,11555.241088571454,1.9101617833100923,3.129449789051122,100.0,5.792219417472857,-54.54188083258797,100.0,16.160768054668843,0.7849326720652201,3.377117292629728,0,1
906,3.950070553924331,8199.59588433465,1.9101617833100923,3.129449789051122,42.752182226019485,36.1709338013713,-82.42865017091076,-50.00736454112559,100.0,1.252122602758122,3.0348298946705303,0,1
907,5.342212620116073,13500.677527212854,1.9101617833100923,3.129449789051122,51.88327368545239,20.76409759555393,-15.119770708745165,-5.042268106836094,88.77985278729481,1.1685761234150287,5.351821594340148,0,1
908,3.686262013493687,9858.631194078956,1.9101617833100923,3.129449789051122,55.70891196754837,44.95194887111888,-9.94670774466985,-100.0,31.132233952863288,0.6236776908364359,3.398824076212337,0,1
909,7.062196274641069,10180.181417265469,1.9101617833100923,3.129449789051122,79.65634255567582,31.655680883810746,-21.45418641169984,24.19600879448365,100.0,1.550188690147655,7.527593910290772,0,1
910,7.387211760775948,14379.497113429226,1.9101617833100923,3.129449789051122,100.0,62.54007595612352,-35.509066403888326,-34.59566746474212,79.02928153042542,1.5872241139925736,7.689173720175893,0,1
911,3.4905763235489284,8856.037078778732,1.9101617833100923,3.129449789051122,100.0,31.558785052388934,-7.655495899730472,-32.81327678464034,9.755306808697789,1.019343859888293,3.863063271314942,0,1
912,5.246836265498818,19921.40536308066,1.9101617833100923,3.129449789051122,100.0,47.81200047560156,-13.570823223859726,17.85412361012293,19.52479234471573,1.062226406513424,6.352137547138634,0,1
913,5.462574497192483,17091.875477852944,1.9101617833100923,3.129449789051122,100.0,19.10757295469726,-63.03747355103056,42.5864136206954,100.0,1.487869495120005,5.976991069073183,0,1
914,7.961744625332084,11041.14198624357,1.9101617833100923,3.129449789051122,22.45420941609784,72.62988913896969,-21.14730180017549,-38.94526945069244,99.31086192427624,0.8584467175597497,8.251841911603831,0,1
915,8.182447865083637,9004.953180019103,1.9101617833100923,3.129449789051122,55.32718619499506,74.57893231710584,-1e-20,-18.317433542469324,66.57003283186215,0.8871574122290902,9.14973798723852,0,1
916,7.439719460300021,8252.240606927426,1.9101617833100923,3.129449789051122,68.90249747634442,70.08747005639943,-61.46051010427009,100.0,68.41543915469154,1.1050574462613856,9.146837455469951,0,1
917,8.905624373300387,8349.366255477658,1.9101617833100923,3.129449789051122,100.0,100.0,-86.59469612648404,-34.84351267512235,99.45700241788742,1.5348672958372696,9.4921903345107,0,1
918,4.540730099819029,10982.124758089049,1.9101617833100923,3.129449789051122,13.167486622052996,37.84592291205321,-23.063254479348945,75.92662292892534,45.92377764386905,0.4302908306539863,5.661210207919185,0,1
919,11.561635719841348,14011.53876903925,1.9101617833100923,3.129449789051122,10.752492189741876,100.0,-1e-20,92.94615719059232,100.0,0.5987064100928308,13.932666611568177,0,1
920,8.174152610640203,7681.540507258251,1.9101617833100923,3.129449789051122,37.467213464258805,85.62348705803393,-44.70794473073268,68.76872598973054,70.38173723480531,0.6179908769135753,9.963116092675858,0,1
921,9.029207650089546,20091.378666488992,1.9101617833100923,3.129449789051122,100.0,58.5113212643752,-38.78987094905472,73.24092450448182,100.0,1.7935869648996698,10.30257945968907,0,1
922,6.605196154456289,8092.994647826574,1.9101617833100923,3.129449789051122,100.0,74.29344768326594,-100.0,-14.96934380512119,88.24926905609516,1.5997274341716774,6.836982319744449,0,1
923,9.295820712472413,18526.650045813665,1.9101617833100923,3.129449789051122,33.132335939308206,100.0,-50.65577953407261,52.205747904565335,86.33948036881512,0.6156448235941641,11.074023996091965,0,1
924,9.863261380814327,16521.530684223468,1.9101617833100923,3.129449789051122,59.77149667207273,100.0,-42.36244184886127,78.92391054905777,75.88138508523595,0.8594663211271056,12.057635579962088,0,1
925,7.58701047261427,9261.239164589246,1.9101617833100923,3.129449789051122,100.0,50.24259457199123,-27.98255605376286,15.942493347569132,83.6683911450028,1.6545133130520435,8.27265800443941,0,1
926,8.75872513144332,14316.12827784722,1.9101617833100923,3.129449789051122,36.58116284640559,100.0,-11.72437998221097,-15.4538596608703,58.54377219833947,0.2869082688269468,10.34731088128036,0,1
927,9.421825744805684,9897.391043898757,1.9101617833100923,3.129449789051122,100.0,73.45687100406839,-16.3055966320698,-48.8066231703143,100.0,1.7544979410050558,9.783278593501697,0,1
928,11.561074460533442,12557.667904358328,1.9101617833100923,3.129449789051122,83.75006508236372,100.0,-5.117067326131796,76.23234691821433,78.30045759553688,1.2181890114436182,13.968084501079462,0,1
929,8.761187713823238,11550.24927646144,1.9101617833100923,3.129449789051122,62.32926160443729,82.10390791630006,-1e-20,-47.00891859504243,73.49668980616103,0.982046910105102,9.54864394012094,0,1
930,9.77526894121183,12121.821232022035,1.9101617833100923,3.129449789051122,56.88753968206079,100.0,-60.34397681036543,34.87217019326477,100.0,1.0730376310442722,11.206837956030936,0,1
931,6.393449030378845,13297.88999441856,1.9101617833100923,3.129449789051122,-16.692371204409824,51.74857194115579,-27.382142289800942,61.4453032623025,88.74087483082648,0.4594834991147989,7.27340229068671,0,1
932,5.332008404262274,11257.814090827547,1.9101617833100923,3.129449789051122,4.684732549268865,5.385233720035178,-9.274361078874035,100.0,100.0,0.7956438210002492,6.1057814288494,0,1
933,5.9359265040713725,16114.00519674648,1.9101617833100923,3.129449789051122,85.99142851158166,29.8112323833251,-1e-20,-66.28655128460451,79.02108988432482,1.4250446979273543,5.6720540763560034,0,1
934,8.837404943735603,10612.91059494922,1.9101617833100923,3.129449789051122,100.0,89.56935430778466,-1e-20,-48.7432712941419,49.20597759148081,1.0931322575010602,9.997017443124308,0,1
935,3.0596011132633505,9223.329932591158,1.9101617833100923,3.129449789051122,-51.2524948996023,20.4334183455288,-60.85620107804228,45.160672405083645,100.0,0.360933816792145,2.7652900440714063,0,1
936,12.234223502059333,10366.22866739162,1.9101617833100923,3.129449789051122,100.0,100.0,-1.899572116006928,62.10502000067508,88.78547524439597,1.523343371227842,14.46426567959136,0,1
937,9.231611493656583,13195.563639282916,1.9101617833100923,3.129449789051122,100.0,73.89758955702777,-45.454290874214806,21.534456748160764,100.0,1.7543680437942024,10.149426096024856,0,1
938,6.189411690028495,13736.796350921944,1.9101617833100923,3.129449789051122,35.561631438251496,34.7536279513457,-45.62116430441284,95.07074144653131,93.70046363398728,1.1371186075101778,7.095237362868996,0,1
939,5.324528846609423,11779.929683896957,1.9101617833100923,3.129449789051122,100.0,26.64679718474754,-52.19471331615193,-22.29225128482577,93.16928960652707,1.5361425100179091,5.243034597225472,0,1
940,6.470050481986784,16168.054276930738,1.9101617833100923,3.129449789051122,42.91070163641227,52.77075670910815,-1e-20,65.20257115331371,42.34066296073811,0.6502142682439067,8.011349037516297,0,1
941,4.324339736065642,13175.546510326052,1.9101617833100923,3.129449789051122,90.3941710264102,60.65702855209925,-66.97313869528834,-100.0,53.33966837062659,1.1366021642315574,3.875359721625236,0,1
942,13.159661714991282,14884.81394034244,1.9101617833100923,3.129449789051122,100.0,100.0,-1e-20,100.0,100.0,1.6546465576184008,15.73050293080093,0,1
943,9.57736469162587,11999.630083323766,1.9101617833100923,3.129449789051122,57.78525524012768,100.0,-64.80708699666945,30.365099684145985,99.50620518761131,1.0694440758239594,10.94056153411211,0,1
944,9.38654895516617,11580.44163917081,1.9101617833100923,3.129449789051122,100.0,65.09081567902496,-12.794478586161178,-13.167718177156418,100.0,1.783406332886429,10.014678616627815,0,1
945,3.4275348319153327,13253.317364357,1.9101617833100923,3.129449789051122,55.68442538689517,24.045309231138667,-97.48747590747192,8.734981383354125,97.3944114395263,1.168621630066522,3.1131956860735044,0,1
946,8.323888627602475,12713.783860418089,1.9101617833100923,3.129449789051122,10.851954011100029,100.0,-50.78857344461227,-58.81458936127871,100.0,0.371673552173176,8.90086067947857,0,1
947,5.397562440715172,10503.533007422418,1.9101617833100923,3.129449789051122,58.74619820772077,49.55500105875657,-15.34780656248446,-60.47783003560952,58.349724492757936,0.9840140517483192,5.3568355022546825,0,1
948,9.125581962223372,11681.843692436669,1.9101617833100923,3.129449789051122,100.0,68.97879806530202,-26.0092617183076,-20.08393439104796,100.0,1.7715344839979177,9.64788072903034,0,1
949,3.905122374161361,8651.443260336338,1.9101617833100923,3.129449789051122,100.0,56.52638959382351,-31.0592414070718,36.54634432694972,-16.610111905787875,0.5598185199964116,5.560337573609994,0,1
950,9.5824950253494,11940.531161460794,1.9101617833100923,3.129449789051122,100.0,100.0,-8.914298776205584,-32.290752368213504,54.33765096614795,1.0683009849114231,11.04786955039755,0,1
951,3.8648295374802726,8734.45932019274,1.9101617833100923,3.129449789051122,46.53851972209867,32.49268340671041,-78.59524278418674,-54.39497661359776,100.0,1.2540659464451505,2.9265226771058366,0,1
952,5.121148914738974,11204.17421787002,1.9101617833100923,3.129449789051122,49.83094435752624,49.12780557908242,-1e-20,-7.409650927193589,30.77578428962104,0.5945983442162324,5.921510226320548,0,1
953,6.925697473694142,13082.395324174362,1.9101617833100923,3.129449789051122,71.12773216863607,100.0,-76.38026046751207,57.74734382248528,32.76206758497516,0.3385771023338604,9.132520324074784,0,1
954,6.396068342382013,8173.633349481188,1.9101617833100923,3.129449789051122,-1.4440522614002838,43.30829751056241,-1e-20,-43.62167353111173,100.0,0.7987760717199035,6.1258535785150805,0,1
955,7.358330879030409,15844.332915133686,1.9101617833100923,3.129449789051122,90.43022178574068,39.90632692472085,-1e-20,100.0,54.68527970896855,1.3161433361809265,9.110013880730264,0,1
956,8.461002873890301,8957.938209472051,1.9101617833100923,3.129449789051122,64.06572260512662,83.5664075248344,-24.99135628883996,-30.121276110616197,78.725116118615,1.038057888533002,9.257324128197228,0,1
957,4.641691620319111,9265.722288960877,1.9101617833100923,3.129449789051122,-17.533597639130953,23.47029172908224,-51.96716279272778,100.0,98.92352397065667,0.6849495395766412,5.168272751499581,0,1
958,9.85117036031949,20726.06603124011,1.9101617833100923,3.129449789051122,100.0,70.97678245879224,-36.86423974111596,71.53518717885926,100.0,1.7695951017048266,11.319201199215136,0,1
959,10.781671127712311,18875.19373939738,1.9101617833100923,3.129449789051122,66.34106009070916,86.86175851485075,-24.13215852629936,81.1242625663844,100.0,1.3342409847379733,12.661225590679544,0,1
960,3.606698958919606,10761.262119092136,1.9101617833100923,3.129449789051122,26.866956398766582,11.639245044301532,-38.38528853817969,-48.10277010321914,100.0,0.8086611213855233,2.925043113026484,0,1
961,1.25657285378706,12126.722909696542,1.9101617833100923,3.129449789051122,57.31682595091606,-2.517122806671757,-1e-20,100.0,-14.56368959820182,0.3251493819316831,2.679709295401961,0,1
962,2.12513480314601,6990.984251695425,1.9101617833100923,3.129449789051122,100.0,15.087080837828026,-100.0,72.2966993527995,47.54730775974879,0.9472362499386956,2.957950841811618,0,1
963,5.148758676243485,6783.540023162924,1.9101617833100923,3.129449789051122,54.34572431130912,28.11394667912871,-40.48365171716513,96.12801191033418,66.73076885700033,1.0761017986115475,6.208274227757574,0,1
964,4.9819961336338245,18396.75490302387,1.9101617833100923,3.129449789051122,49.89950059542496,46.05751290362844,-54.84262208725116,54.16758453088416,59.47184118477016,0.9271638308228338,5.792162989603701,0,1
965,10.998803340224033,8228.375181815174,1.9101617833100923,3.129449789051122,70.71912090307409,100.0,-1e-20,-59.28042245545029,100.0,1.257540928778185,11.849157248781529,0,1
966,10.860649629882964,17944.735342753498,1.9101617833100923,3.129449789051122,97.34436215770702,98.60559173965773,-48.51034413039879,100.0,86.01819080128679,1.4547921814490987,13.162246091197362,0,1
967,3.68290833113212,12405.032414816627,1.9101617833100923,3.129449789051122,76.46393004126315,22.20414236226349,-53.3824503062447,53.08195000199639,52.228706542017605,1.1087505766959125,4.2964765775354605,0,1
968,6.130525771638549,12965.002580607912,1.9101617833100923,3.129449789051122,50.13643766021001,34.56455282614919,-1e-20,59.93427584404203,59.74084617821603,0.9795709945526156,7.196972267970539,0,1
969,4.1392922255318885,11731.880058848705,1.9101617833100923,3.129449789051122,32.13268813221791,9.796946066546148,-48.324801006629,59.10679745887539,94.34877363831176,0.9228061829238408,4.455695370623276,0,1
970,11.326883782810588,17740.93194179336,1.9101617833100923,3.129449789051122,100.0,100.0,-46.92403462470666,71.06141629984117,100.0,1.6245812031421805,13.268383501739354,0,1
971,8.95378472416671,13522.436012265764,1.9101617833100923,3.129449789051122,69.43464929497068,98.1555413109562,-61.51307505711783,20.26710489497549,82.51027616677028,1.0158488375283945,10.342799336801797,0,1
972,5.50537617049101,18972.23844142754,1.9101617833100923,3.129449789051122,56.303713329435126,44.69062608228984,-60.90492168033432,25.1336239778301,83.4090463831933,1.2355616968519874,5.811485624488757,0,1
973,9.76077076468749,13664.185422705834,1.9101617833100923,3.129449789051122,100.0,100.0,-55.98732780580012,-50.784150133504944,100.0,1.5670429724788653,10.369203188498204,0,1
974,9.557201837279964,15340.214266277875,1.9101617833100923,3.129449789051122,90.8086353505456,81.46583883520587,-46.30336966327424,25.23677813334048,100.0,1.6186245198804308,10.629591555291508,0,1
975,7.010474189174865,12080.652748304175,1.9101617833100923,3.129449789051122,51.60692324976159,66.23903640751993,-14.976040228283672,-44.37517421394615,70.68109658575548,0.9274585874073042,7.394958685086543,0,1
976,7.214806784032509,16497.68727717097,1.9101617833100923,3.129449789051122,47.26336815963617,37.652594063002056,-35.49658377702714,100.0,100.0,1.2995306301171436,8.307566817034001,0,1
977,7.644636250442232,13104.021110943117,1.9101617833100923,3.129449789051122,97.59720074800126,64.40606625207668,-24.330753602598968,100.0,41.05601454671668,1.1869238251929568,9.729042021412074,0,1
978,7.676539678182188,10489.23040317677,1.9101617833100923,3.129449789051122,100.0,97.51038585729096,-24.9216312451465,48.36372818852802,4.7865449032241685,0.478473366650455,10.250614716791128,0,1
979,2.0556037216124303,13830.234841313277,1.9101617833100923,3.129449789051122,38.82899553700789,21.094404939534883,-46.44316326535144,66.03711681680463,21.657128940017763,0.5409940193095035,2.789504848721033,0,1
980,11.074690213910788,14441.717432038822,1.9101617833100923,3.129449789051122,100.0,100.0,-51.70820408113022,71.51038325090543,97.58700370982642,1.594916054100049,13.00558577329857,0,1
981,4.312026497047475,9997.824379731295,1.9101617833100923,3.129449789051122,100.0,23.87495388217539,-4.485673431291488,-41.338189754762425,40.54323253143988,1.2159174962644057,4.438012567243881,0,1
982,4.025220278304748,10214.17349583218,1.9101617833100923,3.129449789051122,23.89431343689129,28.824318450928075,-67.05649611960446,-16.094575667011664,100.0,1.0688551506376192,3.422444627193856,0,1
983,4.852236218093188,6621.513168369229,1.9101617833100923,3.129449789051122,57.178888703956886,59.861313104555,-47.14672819088104,-23.107737979859017,46.06664291190765,0.7124793966118728,5.328571533975881,0,1
984,4.477861385204077,5392.364165247842,1.9101617833100923,3.129449789051122,100.0,45.679004884875695,-31.953294353915368,-30.166698966209108,30.645395561954007,1.173942993366044,4.830541730324084,0,1
985,6.005378997400667,10673.438495588587,1.9101617833100923,3.129449789051122,-9.664483992424564,66.14539828707508,-71.27679615137653,18.91683825705706,100.0,0.4789068796178144,6.422674867723567,0,1
986,8.044905406233605,12072.929792356905,1.9101617833100923,3.129449789051122,69.99003601566912,91.79720796182131,-43.9294816997849,-54.91762978569365,75.0417682597842,0.946771835051976,8.70247270758989,0,1
987,9.064754590511075,12500.7977811376,1.9101617833100923,3.129449789051122,96.58607416228442,97.99727554745724,-1e-20,-87.50046558192346,53.14440575479725,0.9962090487677332,9.989683346959506,0,1
988,3.328979989176604,12984.847659968624,1.9101617833100923,3.129449789051122,9.52049157832806,-2.1920907964352097,-36.93501960042288,31.821509243379683,100.0,0.5191497923098418,3.392555905779815,0,1
989,6.811245307310492,5963.689766519637,1.9101617833100923,3.129449789051122,32.643121750168206,80.57588889438269,-1e-20,-100.0,54.45782825866076,0.2901551688419874,7.222410168164366,0,1
990,3.327322367862319,10970.94138347917,1.9101617833100923,3.129449789051122,41.71163966366477,25.7936174576371,-68.13996400384576,-90.71418064079816,100.0,1.0434543386465536,2.1240009189382985,0,1
991,3.46259955414445,8801.59218796507,1.9101617833100923,3.129449789051122,4.603090727010688,42.34285843631713,-100.0,-16.166884108980256,100.0,0.8126595928453548,2.8080167157717453,0,1
992,9.198079643845942,7418.131820725021,1.9101617833100923,3.129449789051122,70.6439491759201,100.0,-75.1834316309872,3.4148917488413204,100.0,1.2075690131558048,10.225954523713922,0,1
993,2.086472104497749,9421.487463286689,1.9101617833100923,3.129449789051122,63.59104117567463,13.4963743825016,-38.432207014513935,66.04568201684756,17.346479238870366,0.7095830049028693,2.913397298605741,0,1
994,3.551058476156385,9311.110902606282,1.9101617833100923,3.129449789051122,100.0,-18.471143697150183,-8.044725241441444,100.0,53.0129192483697,0.4866275580904879,5.372871651043632,0,1
995,3.4611157075553143,10756.299419330644,1.9101617833100923,3.129449789051122,100.0,40.87504052232349,-1e-20,-24.612816955177625,-12.881503344525465,0.7435279789638425,4.292028395955806,0,1
996,4.072602694616233,9224.382287083135,1.9101617833100923,3.129449789051122,60.207247241534766,48.40687321791893,-85.77995564684821,43.36764448170266,56.841513219760586,0.9816034809115152,4.641840211344194,0,1
997,6.344564258190324,7101.172809573436,1.9101617833100923,3.129449789051122,100.0,49.717265200847535,-48.91282807656828,-100.0,100.0,1.7865424925651665,5.544631527525252,0,1
998,7.775499919010548,5664.475023076157,1.9101617833100923,3.129449789051122,100.0,91.56260025432428,-100.0,-53.02285135404195,100.0,1.584352208420548,7.900258878707275,0,1
999,7.210115847597821,8992.545592791354,1.9101617833100923,3.129449789051122,25.055998668164897,71.95652832307132,-46.74465817595196,-33.92745748641548,100.0,0.8778817580856764,7.37489187460783,0,1
1000,7.711764331046943,91259.2338150862,4.315939991898444,2.5855106271620985,71.40985898184078,6.797371410331191,-1e-20,25.872785975706428,100.0,0.2755070434616176,12.366698759502158,0,1
1001,10.053111293715386,78502.71598792625,4.315939991898444,2.5855106271620985,100.0,27.180004882014963,-33.90581009272694,-26.40980021714584,100.0,0.2620452827304351,15.22413065020874,0,1
1002,5.431149000748032,75106.52709861528,4.315939991898444,2.5855106271620985,100.0,9.594960180085629,-39.73221254942017,8.989734964892449,84.6843901895244,0.2940901851191375,8.149033159545723,0,1
1003,4.766054613456667,77691.6974530752,4.315939991898444,2.5855106271620985,100.0,3.182680039489036,-66.57163113095474,89.56704739356503,100.0,0.2747952892260192,8.826456761531247,0,1
1004,6.28841999907435,95529.26653904164,4.315939991898444,2.5855106271620985,100.0,3.874678794695777,-38.62582823476712,100.0,88.81724129569936,0.2787300479012602,12.058016908071188,0,1
1005,7.281663617062037,78584.67189667972,4.315939991898444,2.5855106271620985,100.0,18.121025291565036,-73.33616413622329,52.77727144639043,100.0,0.3137619719379394,12.318025734773672,0,1
1006,8.449356599304934,69434.47496566012,4.315939991898444,2.5855106271620985,100.0,12.709653174176168,-9.149709031061043,-0.6112928856774431,100.0,0.3242330179312862,12.973929564197888,0,1
1007,8.778152051563737,70425.17865559363,4.315939991898444,2.5855106271620985,100.0,12.76962979985911,-7.282988852717696,8.586029948952728,100.0,0.3242374466302129,13.81045090533748,0,1
1008,12.428833905282508,88428.15254526767,4.315939991898444,2.5855106271620985,100.0,24.27506389651153,-3.2321013466516355,32.863891887678584,100.0,0.295797929626163,21.04239189975308,0,1
1009,11.592455842096442,92996.67309952962,4.315939991898444,2.5855106271620985,100.0,21.576593373255676,-1e-20,17.24366563034303,100.0,0.3059327508305838,19.112563951291136,0,1
1010,5.95849789381575,75007.26189465201,4.315939991898444,2.5855106271620985,99.21066968316472,21.426625176543908,-68.5036305812663,-55.260191989529446,100.0,0.2735098321143328,7.088674329659015,0,1
1011,9.431486237268889,78918.36525092041,4.315939991898444,2.5855106271620985,85.72932259538574,10.198395623878934,-8.410269919745058,100.0,88.97520359538748,0.2835334415228452,17.671636323158143,0,1
1012,3.5172475247101564,75011.72603214975,4.315939991898444,2.5855106271620985,84.83957861619814,10.505562944595912,-80.07482095743545,-3.959649296545112,100.0,0.2996227617413598,4.033421589729507,0,1
1013,12.0055531271929,82885.4053566713,4.315939991898444,2.5855106271620985,89.24156892367623,19.98715580595073,-15.51520905098753,100.0,100.0,0.2963948193622503,22.06438967394847,0,1
1014,7.500478052692682,90771.3745302486,4.315939991898444,2.5855106271620985,100.0,16.178545575455594,-52.17324389463075,29.5145232896384,100.0,0.3199683860143194,12.081634586781622,0,1
1015,6.452094575310639,86811.7519663622,4.315939991898444,2.5855106271620985,100.0,9.873867927452942,-33.12860503850911,50.0488266319248,76.87808314736162,0.2819183011631292,11.249349784079412,0,1
1016,6.711839869128916,83136.11663464674,4.315939991898444,2.5855106271620985,100.0,13.057915800614868,-21.817366436718203,20.549253582532952,65.05048938419955,0.2579224375137485,11.185791225162648,0,1
1017,4.323484317192113,80361.98714595778,4.315939991898444,2.5855106271620985,100.0,4.985919082981505,-74.90332899645091,71.20923494795866,100.0,0.2856482673130567,7.529522085576898,0,1
1018,8.259165296369149,80182.8782234441,4.315939991898444,2.5855106271620985,100.0,0.8120570379516714,-1e-20,100.0,99.99853446486271,0.2808981211510675,15.370260787800031,0,1
1019,15.023926814339582,83423.7935035659,4.315939991898444,2.5855106271620985,100.0,32.79510338134509,-14.051875841835749,81.73220495907886,100.0,0.2570885913545275,27.04824972374028,0,1
1020,9.045613995826624,75429.17312581986,4.315939991898444,2.5855106271620985,92.4901666170929,18.215219578460907,-1e-20,-21.185985945027426,83.32265385262981,0.2669981824920304,13.872724393498244,0,1
1021,9.557852679101272,67688.84757695817,4.315939991898444,2.5855106271620985,97.48686042044704,23.33472704723373,-61.91936927244671,100.0,84.16036195113088,0.2566258573641704,18.03845208879133,0,1
1022,7.966429478825649,81065.02528356014,4.315939991898444,2.5855106271620985,100.0,-0.3605076228751045,-1e-20,100.0,100.0,0.2701892533702388,14.855450391957682,0,1
1023,10.5595676114733,98675.92128268596,4.315939991898444,2.5855106271620985,75.68371981607801,21.456888631571992,-43.70925447786751,100.0,100.0,0.2661211778979666,19.479460627655428,0,1
1024,15.024397934848256,79471.2515622424,4.315939991898444,2.5855106271620985,100.0,32.060726878504454,-1e-20,53.61682415762511,100.0,0.2601287416974323,26.29312286788147,0,1
1025,7.55552264149452,83015.72898989973,4.315939991898444,2.5855106271620985,100.0,15.2770271080237,-16.357479051384757,-50.567754237542346,100.0,0.3214840491995074,10.03431889385989,0,1
1026,11.660160312355169,88068.35468703833,4.315939991898444,2.5855106271620985,100.0,14.717227556001127,-1e-20,100.0,98.4070442935508,0.3205181977011815,21.46754559258624,0,1
1027,10.328607930987133,90688.86433885388,4.315939991898444,2.5855106271620985,100.0,22.098710962080965,-6.96383902107212,-27.0556230262401,100.0,0.2990576035342176,15.664367087452922,0,1
1028,10.446243799134496,90157.48636633754,4.315939991898444,2.5855106271620985,90.087874941342,24.252163174467395,-43.49939297429866,72.38428694108015,91.09905515834856,0.2550931428537897,18.74597997457269,0,1
1029,10.89812218420223,82096.98936140518,4.315939991898444,2.5855106271620985,98.53672878810954,17.7226755421976,-9.875237267418164,100.0,77.82801892882284,0.2724219631151747,20.55653131582889,0,1
1030,7.929578206647914,70626.21304573817,4.315939991898444,2.5855106271620985,100.0,10.255993596173845,-46.45711183576689,100.0,100.0,0.3221502052983078,14.737337729756792,0,1
1031,2.048317560848403,464.33183354024,1.9464841943037885,5.142739189835587,100.0,66.52801003926353,-72.04829098569454,37.19928574302136,100.0,0.4345085347730877,0.8000459315144579,0,1
1032,2.4590456085740167,450.4994853579692,1.9464841943037885,5.142739189835587,82.0595369977871,94.64147493257688,-67.64830423956678,67.84591543504514,100.0,0.3582600949167266,1.040133792115736,0,1
1033,2.5031185230404684,339.6128302229483,1.9464841943037885,5.142739189835587,73.6877495899899,86.79122760086707,-39.02347003888736,52.166006345019326,100.0,0.3538525994371666,1.0410655334074408,0,1
1034,3.025584052665663,457.88623643204494,1.9464841943037885,5.142739189835587,100.0,100.0,-1e-20,15.19298864933895,100.0,0.4025624486684983,1.2658854435141424,0,1
1035,3.0017058481756544,555.9432973266756,1.9464841943037885,5.142739189835587,100.0,92.9171515136422,-1e-20,69.39171716657354,100.0,0.4136761156505528,1.2673751929511048,0,1
1036,2.838541143205637,470.2076909416825,1.9464841943037885,5.142739189835587,100.0,100.0,-27.79462677796295,100.0,91.303017570476,0.3761535856778464,1.236299940083245,0,1
1037,2.600925165167116,478.7223258598434,1.9464841943037885,5.142739189835587,100.0,68.32932472282802,-0.8656785507330014,95.15938877954136,93.35764541228151,0.4177694375517491,1.0866218522653064,0,1
1038,2.3651760859092463,478.5633474639812,1.9464841943037885,5.142739189835587,100.0,45.67932885031311,-1e-20,97.0120251659844,100.0,0.4277633645062393,0.9764228327543903,0,1
1039,2.212900135558203,414.3508249964891,1.9464841943037885,5.142739189835587,100.0,36.16727295226415,-1e-20,85.7155394821165,100.0,0.4120674610195396,0.9181423843854686,0,1
1040,2.7410035574109424,338.98172055176866,1.9464841943037885,5.142739189835587,100.0,98.3725211321595,-45.43625200991737,66.09166833702423,100.0,0.4008459291155677,1.1604912950849713,0,1
1041,2.774926304074227,394.8484062956231,1.9464841943037885,5.142739189835587,100.0,100.0,-1e-20,-100.0,92.80577541403896,0.3744012057069406,1.1240494127330731,0,1
1042,1.960371278683105,379.6282658890169,1.9464841943037885,5.142739189835587,100.0,57.839477982749706,-74.31948640048944,74.33687339773189,100.0,0.4353415142745024,0.7753692399182438,0,1
1043,2.9535379010153364,423.8968812647784,1.9464841943037885,5.142739189835587,84.17631241078928,100.0,-1e-20,6.605056116421238,100.0,0.3635679223498352,1.2369269646317775,0,1
1044,2.5245809500916403,422.0405508862812,1.9464841943037885,5.142739189835587,100.0,77.15919737450915,-15.638541341929075,-26.183514155719585,100.0,0.4275663745128978,0.9956713908245725,0,1
1045,3.092518762961896,431.2120247451742,1.9464841943037885,5.142739189835587,100.0,100.0,-1e-20,62.01277071959958,100.0,0.4044152548678168,1.314649169046091,0,1
1046,2.704469281984139,354.88671775366845,1.9464841943037885,5.142739189835587,100.0,97.7630162953401,-32.93757270204098,-17.63963109982437,100.0,0.399397450369242,1.109154753666563,0,1
1047,2.0849846632227287,451.30723127864826,1.9464841943037885,5.142739189835587,100.0,56.29506284654678,-27.402166419403464,100.0,80.3425023571597,0.3893020511181635,0.8714116824262055,0,1
1048,2.692173754296897,400.7059556476696,1.9464841943037885,5.142739189835587,100.0,100.0,-30.977047201851903,-58.71542129418986,100.0,0.3936829196673591,1.091527804749711,0,1
1049,2.6897212551359804,422.280906350886,1.9464841943037885,5.142739189835587,88.67546775328988,89.74138468139579,-30.29897563166209,68.69351949427153,100.0,0.387790194248709,1.1288246394732782,0,1
1050,2.1292750353034062,387.55226957356535,1.9464841943037885,5.142739189835587,81.44130311576394,85.75703944224412,-88.4161492954463,34.54910088793659,100.0,0.3649100777286179,0.8682273667347706,0,1
1051,2.321767254624529,534.4715739298616,1.9464841943037885,5.142739189835587,82.65462702393549,51.047342847600746,-1e-20,61.92060712478201,99.61958423799928,0.3994502257443686,0.9349400339471704,0,1
1052,2.769167073827121,413.36838096792144,1.9464841943037885,5.142739189835587,98.66124907668342,100.0,-27.9617514201653,-9.9457083041788,99.17649083507274,0.3913006193851279,1.1465256450426078,0,1
1053,3.134634208975714,392.69417993253376,1.9464841943037885,5.142739189835587,100.0,100.0,-1e-20,91.47186593988256,100.0,0.4054824992141547,1.34542994197062,0,1
1054,2.6067427430332724,474.0283566239689,1.9464841943037885,5.142739189835587,100.0,92.38939127093322,-1e-20,8.593808737840579,74.85539137304157,0.336779891656963,1.1162183224616624,0,1
1055,2.957194917397409,444.8480445088518,1.9464841943037885,5.142739189835587,84.75585188711688,100.0,-1e-20,7.631900438114698,100.0,0.3650440145425568,1.2387097144759112,0,1
1056,2.690252076448641,402.5609782540581,1.9464841943037885,5.142739189835587,100.0,97.31689527509906,-55.49470953309179,92.88691542153444,100.0,0.4022143603196889,1.1476829327773173,0,1
1057,2.305387197422841,449.7328105454976,1.9464841943037885,5.142739189835587,100.0,74.0986573842882,-40.278963781513774,-22.150044079195304,100.0,0.4292880008325885,0.8962404074128478,0,1
1058,2.2597024838828768,446.7716520989604,1.9464841943037885,5.142739189835587,100.0,57.09857242779336,-25.00572596407648,37.52321501929245,100.0,0.4352795245748025,0.8953255426752703,0,1
1059,2.4236151381473823,463.9484256214581,1.9464841943037885,5.142739189835587,88.1567290838677,60.95153404206163,-1e-20,16.30117455079978,100.0,0.4120550496333361,0.9601302287258622,0,1
1060,2.3797973004977475,356.42240343998844,1.9464841943037885,5.142739189835587,77.78191481028966,100.0,-89.54465104192406,82.68169220741973,100.0,0.3338182247497566,1.0265053390651389,0,1
1061,2.298631393460523,429.9705648578728,1.9464841943037885,5.142739189835587,100.0,47.217006290618585,-1e-20,35.072502657880364,100.0,0.4285117637841233,0.918696525079412,0,1
1062,2.902457669924305,400.295423119484,1.9464841943037885,5.142739189835587,86.69092374842123,99.95154165828951,-1e-20,-35.283453753514635,100.0,0.3676472469442396,1.1965709130766813,0,1
1063,2.747861949682363,410.19790222051023,1.9464841943037885,5.142739189835587,84.9792103293748,100.0,-11.285469761036666,-81.34513369477514,100.0,0.3583510825859896,1.11239151734827,0,1
1064,3.031352046423548,485.51809474155016,1.9464841943037885,5.142739189835587,100.0,95.37762240245569,-1.7226899343006767,74.35815913377348,100.0,0.4106543093296721,1.2859958801902778,0,1
1065,2.8165039489693933,384.03409790385786,1.9464841943037885,5.142739189835587,98.11416698488809,100.0,-36.38391773367753,61.04022340636557,100.0,0.3949138332013629,1.194735257215224,0,1
1066,2.4574027895398083,460.0643939563176,1.9464841943037885,5.142739189835587,100.0,79.34309433864763,-39.30897283372291,26.695892182337552,100.0,0.42501819385002,0.9906062123846224,0,1
1067,3.0950786662595084,459.6064984023815,1.9464841943037885,5.142739189835587,100.0,100.0,-1e-20,63.80338300408872,100.0,0.4044821814471478,1.316518060608336,0,1
1068,2.862311209791816,439.3748058339613,1.9464841943037885,5.142739189835587,99.64492352029012,100.0,-34.749110307158944,80.62993768623977,100.0,0.3998564159898232,1.2220999802451642,0,1
1069,2.31551582846944,347.57226956975296,1.9464841943037885,5.142739189835587,100.0,100.0,-100.0,32.78530006709842,100.0,0.3840485092088371,0.9698315904097216,0,1
1070,2.451013560208258,415.04492816603255,1.9464841943037885,5.142739189835587,100.0,100.0,-88.29325396540976,67.35910074771144,100.0,0.3900938394551946,1.0402158984415797,0,1
1071,1.700490085446014,346.4496184641006,1.9464841943037885,5.142739189835587,100.0,53.50237685203378,-81.07925832497321,-29.266696811972203,100.0,0.4299812702436663,0.6180129836260435,0,1
1072,1.8497855308174505,457.6684304508837,1.9464841943037885,5.142739189835587,87.70724554650846,53.56288313006872,-65.87717752373969,28.855375181441367,100.0,0.4102413058079374,0.7061161086986311,0,1
1073,2.7497073047515626,411.1521125649313,1.9464841943037885,5.142739189835587,73.29688267616902,100.0,-21.644800097837887,4.086474968498685,100.0,0.3324691177012174,1.1527616832658634,0,1
1074,2.846953925981498,452.891585936364,1.9464841943037885,5.142739189835587,100.0,100.0,-26.1576109306071,24.765782117710145,100.0,0.3993107588794039,1.1922278969515985,0,1
1075,2.62974497657307,440.7213338482304,1.9464841943037885,5.142739189835587,100.0,100.0,-47.853199641006505,67.82354257745813,90.02093978555182,0.3668806955548937,1.1357724357300063,0,1
1076,3.0366125796917043,402.1717000058477,1.9464841943037885,5.142739189835587,100.0,95.81356821737906,-1e-20,77.91622944114376,98.4326684603885,0.4058176606761769,1.2933519411164491,0,1
1077,2.0242688241709605,451.2674576669542,1.9464841943037885,5.142739189835587,87.5202663347313,39.203676987612354,-13.662445365940547,26.610364325576185,100.0,0.3945299519001406,0.7996511746971893,0,1
1078,2.416621028100068,478.9557551573221,1.9464841943037885,5.142739189835587,78.24607871122403,87.08075472338659,-47.18853651611671,100.0,90.275603056646,0.3359640578011095,1.040758075633624,0,1
1079,2.2619687165122717,353.7202711641564,1.9464841943037885,5.142739189835587,100.0,89.23000357308224,-92.17893572398704,100.0,95.56403077610751,0.3952995183159411,0.9593715422885368,0,1
1080,2.4770930746410307,455.46556153785366,1.9464841943037885,5.142739189835587,90.58921234654278,55.68507504991869,-1e-20,100.0,100.0,0.4169075466026451,1.020586485417414,0,1
1081,2.640786866773885,349.9279502564974,1.9464841943037885,5.142739189835587,100.0,100.0,-68.8284212520244,100.0,100.0,0.3962693638425668,1.1342603128890445,0,1
1082,2.391152682558917,428.34299512058,1.9464841943037885,5.142739189835587,74.03802788269292,69.7464020926324,-25.937648521859664,100.0,97.15863475671776,0.3694330248625036,0.993518055659781,0,1
1083,2.51167299358366,305.8684826836322,1.9464841943037885,5.142739189835587,100.0,90.98908534281176,-47.18166181536232,43.72737056359863,93.4010029678067,0.3903081357971136,1.0513850370734987,0,1
1084,2.400504791803857,336.5245699527469,1.9464841943037885,5.142739189835587,95.29934232458773,100.0,-51.13787714948435,-32.28485338134479,86.32085783485775,0.3340907418691992,1.0085681077616957,0,1
1085,2.321544137749172,471.7710749925588,1.9464841943037885,5.142739189835587,100.0,66.06685328690298,-33.8827551295957,36.65790154999145,100.0,0.4350506351180015,0.9232393129241588,0,1
1086,2.3233966747987567,331.7179013864716,1.9464841943037885,5.142739189835587,100.0,70.75873015328885,-42.44134097863267,35.001387178634786,100.0,0.4325102607071954,0.9259038904728412,0,1
1087,2.676920356808681,361.1555583228764,1.9464841943037885,5.142739189835587,100.0,100.0,-46.95132876567426,12.766629764034349,100.0,0.3950904091606241,1.1141109686422976,0,1
1088,2.8991596272924123,473.5819303652908,1.9464841943037885,5.142739189835587,100.0,94.63477230370856,-22.298156888442648,95.14201455515013,100.0,0.4102110331129113,1.2354479260197797,0,1
1089,2.0263387064309004,399.8081293370605,1.9464841943037885,5.142739189835587,85.78973694191129,57.296920280475234,-57.430790040763455,76.60148887937402,100.0,0.4076150335247178,0.8056728414655403,0,1
1090,2.760503196970071,343.1716795396935,1.9464841943037885,5.142739189835587,100.0,98.74297027946784,-34.687206279542465,20.74352974991701,100.0,0.399663235256123,1.1509112340749663,0,1
1091,2.403659299476704,516.5695152277506,1.9464841943037885,5.142739189835587,100.0,51.79823912331428,-1e-20,62.67854454296755,100.0,0.4329342120044618,0.973865690514455,0,1
1092,2.541734905550016,447.54336994138976,1.9464841943037885,5.142739189835587,100.0,100.0,-31.08971218222253,14.349831616113448,78.74021267602802,0.3305866762904357,1.098890102455847,0,1
1093,1.9212672118132057,509.2618089194988,1.9464841943037885,5.142739189835587,100.0,54.39606950607717,-24.773352258315505,-26.699007276258204,82.45649179445977,0.3944223790543791,0.7391158490427913,0,1
1094,2.877047364740962,508.29499805115177,1.9464841943037885,5.142739189835587,100.0,85.96599496323333,-2.5681519355440274,64.98528316880542,100.0,0.4211952574300729,1.201389935379479,0,1
1095,2.7482658575943573,401.01242029064434,1.9464841943037885,5.142739189835587,100.0,100.0,-27.18338254627473,-38.98970098899966,100.0,0.3956507393809239,1.1235404815507255,0,1
1096,2.8554836145236404,376.50496730770783,1.9464841943037885,5.142739189835587,86.58037829901734,100.0,-9.577675570028427,-19.07859496517013,100.0,0.3665574843442044,1.1831345661843513,0,1
1097,2.664248638446912,398.1596198431335,1.9464841943037885,5.142739189835587,100.0,100.0,-65.63729266979881,100.0,100.0,0.3968340140221496,1.144340843708412,0,1
1098,2.7971589887600183,495.5980544165522,1.9464841943037885,5.142739189835587,100.0,83.65755965222138,-4.339187988291684,41.32063016359277,100.0,0.4229993998843797,1.153105003307843,0,1
1099,2.371073640877542,440.5223389325325,1.9464841943037885,5.142739189835587,100.0,66.73724130682454,-27.60364988772011,32.30045431133999,100.0,0.4348343382692671,0.944044037586797,0,1
1100,2.569407882826856,366.8652962544539,1.9464841943037885,5.142739189835587,100.0,100.0,-60.25307242811203,45.32351740587589,95.29229621949496,0.3796116324179705,1.09066419866916,0,1
1101,2.7092384597376364,422.1575390401779,1.9464841943037885,5.142739189835587,100.0,100.0,-46.90421625247697,100.0,92.23975828267912,0.3759427682816738,1.1786833156242038,0,1
1102,2.221148971447144,451.0783027575448,1.9464841943037885,5.142739189835587,100.0,76.93314244984329,-44.47058467808859,-87.89088547474978,100.0,0.4245037377260912,0.834374940713756,0,1
1103,2.0402586406291725,433.0241906142121,1.9464841943037885,5.142739189835587,100.0,41.49718147307059,-12.357405484618058,-24.84734324908691,100.0,0.4157110410370944,0.7883556287346066,0,1
1104,2.1767430451751006,397.683515258925,1.9464841943037885,5.142739189835587,100.0,41.558165627130734,-18.188754291547912,100.0,100.0,0.4206529830978259,0.8993286352344781,0,1
1105,2.697519192632827,429.9096548948624,1.9464841943037885,5.142739189835587,71.74641952434413,100.0,-24.999906364883262,-11.067430467262325,100.0,0.3267927080502868,1.1251145547645596,0,1
1106,2.567090257733107,329.3688237525608,1.9464841943037885,5.142739189835587,100.0,100.0,-38.73898994779901,27.088610132136093,84.04394644791245,0.3469321477455189,1.104315707778828,0,1
1107,2.850600204750126,408.1811967572416,1.9464841943037885,5.142739189835587,100.0,97.86021612878322,-1e-20,32.36906136813507,85.86535700615015,0.363599892863942,1.220200837591015,0,1
1108,2.663716793248522,393.4487850894981,1.9464841943037885,5.142739189835587,74.37677354094879,97.65705632975734,-47.98527796574716,100.0,100.0,0.3399235601952771,1.1499209552683485,0,1
1109,2.548346102548612,483.8978702788077,1.9464841943037885,5.142739189835587,100.0,70.88347835349225,-0.471854953999145,-24.736891964756623,100.0,0.4328931293318238,1.0017530414680968,0,1
1110,3.034060700079941,491.3438481669077,1.9464841943037885,5.142739189835587,100.0,100.0,-1e-20,21.12227082396066,100.0,0.4028085850344184,1.2720494117250654,0,1
1111,1.7613430798211265,435.5236603967461,1.9464841943037885,5.142739189835587,100.0,32.539324151930714,-48.52624170639768,55.73296528040036,100.0,0.3842714850234013,0.7280902751180689,0,1
1112,2.2163412938854883,323.63540521087606,1.9464841943037885,5.142739189835587,100.0,92.10104152600208,-96.5722194541432,24.856716621750927,100.0,0.3986194191735767,0.9068341487765634,0,1
1113,2.049798926861902,397.4241218569764,1.9464841943037885,5.142739189835587,91.03246560530444,44.77772265613524,-27.245162794063297,49.24353394556435,100.0,0.4088987432464928,0.8136562605804463,0,1
1114,2.7135153087448938,433.08157802260007,1.9464841943037885,5.142739189835587,100.0,88.52019789294947,-23.092430158181028,30.57994303474753,100.0,0.4157933611360903,1.1177151817848188,0,1
1115,2.334137330329431,484.5672294227013,1.9464841943037885,5.142739189835587,100.0,74.9426986160382,-24.555159247507497,40.92068860681002,84.17641903271922,0.386474452454743,0.9651772952178868,0,1
1116,2.8557674303616327,512.518608078284,1.9464841943037885,5.142739189835587,100.0,87.0286744969052,-0.7924354975278654,51.52027379494634,97.46511156377107,0.4127180471866715,1.192115084138417,0,1
1117,2.3505109352551385,391.7710200147194,1.9464841943037885,5.142739189835587,100.0,100.0,-81.01789108946224,-40.35620594233695,100.0,0.3826179948433796,0.9555111389326816,0,1
1118,2.9332353415731225,400.6251107449708,1.9464841943037885,5.142739189835587,100.0,100.0,-29.051344747907017,100.0,100.0,0.4023591184568112,1.2608616009842444,0,1
1119,2.9687996556949656,424.76994721704,1.9464841943037885,5.142739189835587,100.0,100.0,-1.7102245120813055,-15.731569518892975,100.0,0.4009800799408833,1.228330411689242,0,1
1120,2.630022437692653,386.5474600728986,1.9464841943037885,5.142739189835587,100.0,84.57909008783118,-21.10054641495944,1.3857641045142517,100.0,0.4199013684125202,1.0630997647279552,0,1
1121,2.3527159021208406,340.37762493037707,1.9464841943037885,5.142739189835587,100.0,79.54631124327828,-47.74005661706835,-5.206335998394536,100.0,0.4234239654984912,0.9309057250606284,0,1
1122,2.3190841727173064,420.5728693713862,1.9464841943037885,5.142739189835587,100.0,42.16008512752172,-1e-20,100.0,100.0,0.4232719164310735,0.9612933611149748,0,1
1123,3.009034484662632,364.1535005007151,1.9464841943037885,5.142739189835587,98.7601759905968,100.0,-1e-20,6.892521425041931,100.0,0.3992053873032781,1.255672098940961,0,1
1124,2.069473829920837,287.7329689942087,1.9464841943037885,5.142739189835587,100.0,84.61243965135444,-100.0,26.78034597132266,98.55679492618891,0.4061847287239654,0.8321686111823029,0,1
1125,2.7703390097726874,481.468123111925,1.9464841943037885,5.142739189835587,100.0,100.0,-16.094115193693256,16.341092962444478,88.40561012683793,0.3646414121736921,1.1780906336898722,0,1
1126,2.701596004821922,366.5812133635269,1.9464841943037885,5.142739189835587,100.0,100.0,-49.63094199993398,43.80741127529302,100.0,0.3964455596011612,1.137374951461465,0,1
1127,2.386759279893035,418.0392062504726,1.9464841943037885,5.142739189835587,100.0,67.25892097572435,-24.07417455532559,19.898992742990224,100.0,0.4346200263962885,0.9460124558489706,0,1
1128,2.5995343088473493,395.2494227053271,1.9464841943037885,5.142739189835587,100.0,84.82187498663781,-23.064757687781903,-12.269118572404732,100.0,0.419057610841651,1.0442054323689032,0,1
1129,2.679082685498124,494.3907491142027,1.9464841943037885,5.142739189835587,100.0,89.34010662589455,-29.92795701401681,33.440693876671226,100.0,0.4141584127863403,1.1049642997289235,0,1
1130,2.029291442826753,472.5322429237301,1.9464841943037885,5.142739189835587,100.0,42.60500971917679,-18.94073633050047,-9.752022279332133,100.0,0.4178919790962446,0.7877263815996887,0,1
1131,3.14479200399175,3614.11700865394,1.600149459561681,3.485910062937601,12.681628251928828,37.59401932202618,-92.00349047489404,33.2422693969572,100.0,1.1549082664368069,2.3337211900777177,0,1
1132,2.9419820945823547,2054.142992294588,1.600149459561681,3.485910062937601,99.83736750001393,17.995652777390433,-100.0,-49.37834821228908,100.0,0.736813661848027,3.187542826073844,0,1
1133,7.919563057321718,3623.692195047277,1.600149459561681,3.485910062937601,55.33306259220716,100.0,-1e-20,-23.442796846829097,100.0,1.5327985935454915,6.909823694892898,0,1
1134,5.643663903076204,4862.704846958386,1.600149459561681,3.485910062937601,37.74837416702406,63.1233743336423,-4.446026756200971,-100.0,100.0,1.4408138190019708,4.210319167205936,0,1
1135,3.837518934659157,2784.1668934967943,1.600149459561681,3.485910062937601,100.0,100.0,-66.43802291202148,-20.335307920502714,8.345023660198658,0.7571199743383177,4.101660654493951,0,1
1136,4.626844839032419,2012.3511451289407,1.600149459561681,3.485910062937601,62.24130241314495,62.58189068867806,-100.0,100.0,86.90233789085715,1.6004518221259747,4.20888906254316,0,1
1137,4.087749608186904,4423.488546173796,1.600149459561681,3.485910062937601,39.41623953910382,25.67024844155072,-1e-20,-4.84267973684549,73.73739123754245,1.1451170429988633,3.389694856137619,0,1
1138,8.524336234130171,4979.816398340627,1.600149459561681,3.485910062937601,100.0,95.73281839746184,-1e-20,100.0,79.07799361526375,1.913585986131939,8.172818983895034,0,1
1139,6.751525349860152,5929.34541413159,1.600149459561681,3.485910062937601,51.75299323675762,100.0,-44.297256841257166,-33.70057895740188,100.0,1.4464604966694918,5.75570210265278,0,1
1140,4.6234881371653485,2388.70904703792,1.600149459561681,3.485910062937601,56.09185510346164,20.108475039506786,-47.66709777695927,100.0,100.0,1.4161976019758469,4.330581594362854,0,1
1141,3.731599012249828,3793.411315955656,1.600149459561681,3.485910062937601,5.137348904338239,25.650122959555496,-3.565670923155217,3.007201449626262,78.94210746998905,0.8561254898210229,2.9715674259545124,0,1
1142,5.790070473693888,3395.2262327684243,1.600149459561681,3.485910062937601,79.14338506272045,42.30889675537472,-48.18136732646971,100.0,100.0,1.8436373582567935,5.320816887980936,0,1
1143,5.114504198419793,2394.845035088255,1.600149459561681,3.485910062937601,-4.656500512592373,78.57626497838228,-49.70715584763262,26.58609319763828,92.077283525052,0.6572796722341818,4.539985333043846,0,1
1144,4.070331580940034,3888.942606261985,1.600149459561681,3.485910062937601,91.19314024359042,71.92566282039792,-58.6611166797186,100.0,20.53448578744841,1.153654193798292,4.380878966798633,0,1
1145,2.7826547970017828,4033.5268960448334,1.600149459561681,3.485910062937601,100.0,8.561420987016675,-77.21265198315155,30.10472769011453,74.69934437041715,0.8399707140217414,3.2608546606885707,0,1
1146,5.887331690783849,2900.6966658239867,1.600149459561681,3.485910062937601,100.0,42.48276015497663,-1e-20,-100.0,100.0,1.96807925884832,4.641064258691866,0,1
1147,7.319502357907423,4832.629606955816,1.600149459561681,3.485910062937601,-3.749736760608215,91.96906426849044,-1e-20,61.45954365069066,100.0,0.7624265718289762,6.785295601946016,0,1
1148,4.007437789783795,4876.553075329242,1.600149459561681,3.485910062937601,54.474363780106486,22.840040965739927,-58.39991149486652,34.734318901128674,100.0,1.3430244685671255,3.485758859622509,0,1
1149,3.688904796898348,1762.869658613205,1.600149459561681,3.485910062937601,99.79423286073435,33.29809049689011,-78.29833611624589,-100.0,100.0,1.3204650079618918,3.1153017953199797,0,1
1150,5.84784392681561,3804.243301013557,1.600149459561681,3.485910062937601,100.0,40.16619150860224,-12.73865624999808,-48.50321116211833,100.0,1.9576070298452255,4.842141888380343,0,1
1151,3.70720814582207,3415.16747773628,1.600149459561681,3.485910062937601,80.5030714466583,13.348818771730052,-59.64800251904372,-9.008512793911878,100.0,1.1119859272607626,3.525235758326955,0,1
1152,3.94864253986704,3806.1388241059394,1.600149459561681,3.485910062937601,85.02305582446131,47.58614480983907,-45.2276481274549,22.818857660346037,51.94131517911669,1.5035393459818365,3.5234644333762164,0,1
1153,2.9684452976226283,2038.0841907057115,1.600149459561681,3.485910062937601,57.51969919613411,62.34889198514225,-78.35602510852806,-100.0,65.76696698169017,1.2026281550644882,2.004129906369669,0,1
1154,5.535230401153614,1898.1536231197872,1.600149459561681,3.485910062937601,24.05792301189763,100.0,-45.368476785539,26.21563644108607,65.90009831471816,0.5516634891652616,5.367109079080015,0,1
1155,5.701417429544987,3829.1577138045295,1.600149459561681,3.485910062937601,74.7120101282578,63.49524706534479,-39.27672775925788,-52.65460653662219,100.0,1.8789003972613565,4.466322767898536,0,1
1156,5.545136331538832,4567.222471997556,1.600149459561681,3.485910062937601,11.51196190720345,100.0,-3.0901415412071422,-100.0,67.38328222012595,0.3293560253245085,4.893198331862791,0,1
1157,7.692571338414512,7591.820585381699,1.600149459561681,3.485910062937601,100.0,100.0,-2.6224927923135555,98.2079928920292,52.70584663180114,1.5758097086001706,7.65782090910834,0,1
1158,3.7319371723640136,2148.593973791608,1.600149459561681,3.485910062937601,36.6187438878513,91.78587768622194,-76.20260489458596,-28.26355355926175,49.213031030208285,0.3999758839914156,3.6250453183130102,0,1
1159,1.4914782261311472,1420.4600566996082,1.600149459561681,3.485910062937601,95.7348444314764,20.636540010403145,-44.30599481949728,12.769012635646504,7.432843012910865,0.8972938015947569,1.7423453287858128,0,1
1160,1.9573830520858468,2961.5753980535774,1.600149459561681,3.485910062937601,100.0,43.57709931747727,-1e-20,100.0,-52.84495385347914,0.5054543711446235,2.978880719910963,0,1
1161,3.923917069434896,3094.137413883486,1.600149459561681,3.485910062937601,37.23569863533662,20.84616216403333,-0.6997805468007032,20.233228237134146,70.78910733031975,1.070888286513081,3.386192843609054,0,1
1162,6.814464851365222,7147.336633075411,1.600149459561681,3.485910062937601,100.0,100.0,-56.180588533979154,13.885527252261038,80.18040665786503,1.8807406531602997,6.134153401026732,0,1
1163,5.230383372195137,3069.0072058756937,1.600149459561681,3.485910062937601,26.091871126127465,100.0,-57.86925104011464,100.0,50.41884484132871,0.3847644581951961,5.571639982104916,0,1
1164,3.0984903227427045,2157.077088202424,1.600149459561681,3.485910062937601,100.0,49.97825348902028,-26.8007164195686,6.171213805383317,9.35882672125834,1.2353563500008296,3.0126935107307613,0,1
1165,5.976579137808885,4889.945335710202,1.600149459561681,3.485910062937601,72.86380701691542,72.25998358394827,-23.1937389518662,57.72558829035897,66.82734330692223,1.4882638660684775,5.5700979776109385,0,1
1166,3.733996836343665,6655.116002229057,1.600149459561681,3.485910062937601,49.828356965061104,-30.7811369230696,-1e-20,100.0,100.0,0.4255509171154972,4.37065180098506,0,1
1167,7.072186820410403,7410.650247596849,1.600149459561681,3.485910062937601,3.693139230050287,100.0,-10.059864818122485,-1.0020487336968102,100.0,0.7799236208110503,6.330851187042285,0,1
1168,3.995218498477513,3499.1049248603817,1.600149459561681,3.485910062937601,-24.108857270547325,33.772649479164016,-1e-20,68.69579684387983,74.9020174739483,0.4589832063130397,3.581301876170021,0,1
1169,4.769163341895986,5497.444993773141,1.600149459561681,3.485910062937601,48.452623869017,77.02330333296875,-71.25063490700009,-58.02047110631133,92.4031506305496,1.405076251937582,3.686247214726984,0,1
1170,6.075483598436771,2883.29735024319,1.600149459561681,3.485910062937601,20.34397823366917,100.0,-67.53372120777804,15.89913045050254,100.0,0.9703472358255129,5.423393807853566,0,1
1171,1.4787629170034229,2716.2989971244347,1.600149459561681,3.485910062937601,93.24811086422628,24.035874571945868,-10.206378076230145,-31.33748985698408,-10.095153491228617,0.9121658649327512,1.474060022965705,0,1
1172,5.681089517781116,2284.229253444876,1.600149459561681,3.485910062937601,100.0,85.72598952790543,-30.12264373821756,30.73002956527732,42.19963134304093,1.4841793379563932,5.452885737773814,0,1
1173,6.4527265916347005,1934.531201903971,1.600149459561681,3.485910062937601,100.0,100.0,-100.0,22.846374010282567,97.7456913017204,2.085152509619629,5.628049637368388,0,1
1174,7.443249094463763,2988.615329115799,1.600149459561681,3.485910062937601,40.37592532577783,100.0,-7.252396425344015,-35.91043589149743,100.0,1.3109268692801077,6.433370430405791,0,1
1175,3.429666836790399,3519.291213266756,1.600149459561681,3.485910062937601,31.13945289376848,68.14619534845875,-77.7819799293992,-65.05962705120426,76.70838350770074,0.9406005142081472,2.5831117937701853,0,1
1176,2.6846801375764477,5678.019547740316,1.600149459561681,3.485910062937601,100.0,3.9109919296544433,-34.320583597479924,22.62290636845338,49.32315486285143,0.8297858923695012,3.118417878634375,0,1
1177,6.2031488636455965,7866.971648893964,1.600149459561681,3.485910062937601,83.95812407362706,54.61950213900635,-23.28276190682933,-4.956021714347301,100.0,1.9528069503646297,5.207106997359161,0,1
1178,4.634506272762319,3269.477817531444,1.600149459561681,3.485910062937601,16.701653982621973,50.05173507912088,-1e-20,37.16247154309341,64.4496087342858,0.8067086746639176,4.1853219195083415,0,1
1179,5.565369043754947,2312.807234255991,1.600149459561681,3.485910062937601,100.0,100.0,-65.41858716802045,100.0,33.85403446377938,1.2797211567494498,5.844506660705255,0,1
1180,4.340702860696421,5148.867683283263,1.600149459561681,3.485910062937601,54.66660370187866,100.0,-51.34136099072252,22.15226820801719,23.494506789837036,0.346063509475516,4.690078438461865,0,1
1181,3.5267733375917336,5455.184653133509,1.600149459561681,3.485910062937601,11.897564089253732,24.878009438389327,-11.981910020491398,21.696808020731183,73.10815642377077,0.8706743330814257,2.9108050061392072,0,1
1182,5.561905740259944,5972.892277762607,1.600149459561681,3.485910062937601,100.0,0.5434485459601959,-1e-20,85.88391954478942,100.0,1.4695520434516776,5.646995997405961,0,1
1183,7.996451069223239,3875.836222808813,1.600149459561681,3.485910062937601,92.36653162423636,85.09040968476984,-13.567642031439426,37.69441583463705,100.0,2.0759135159166244,7.141990931811929,0,1
1184,5.496661408692283,4715.525602158221,1.600149459561681,3.485910062937601,21.303105097582865,42.25668716530807,-1e-20,15.14311663696192,99.97506667944933,1.263355460982918,4.56644321133614,0,1
1185,7.515303836076205,3993.817880282444,1.600149459561681,3.485910062937601,91.77545191131614,100.0,-75.31042226378875,100.0,100.0,2.022647907806709,6.991091304422684,0,1
1186,3.4964614151661872,1967.2356665134384,1.600149459561681,3.485910062937601,100.0,100.0,-93.92728747680069,-3.604107020793691,13.92958451053454,0.7881248691115634,3.813403103271759,0,1
1187,7.5972303782573505,6295.276998974871,1.600149459561681,3.485910062937601,100.0,100.0,-63.03302636800962,100.0,90.55068860258662,2.0210821652599544,7.159958248546744,0,1
1188,6.300529343153229,2928.63743315504,1.600149459561681,3.485910062937601,2.769926638939012,100.0,-1e-20,-12.857549467410015,73.73336807246244,0.381000144754605,5.880944066152551,0,1
1189,3.90168562799397,4174.07218148009,1.600149459561681,3.485910062937601,100.0,90.09865074012792,-35.07096821237495,31.093621235109246,-10.326572407576393,0.6803907714801474,4.4544908569702,0,1
1190,3.175702071895244,3695.065982968791,1.600149459561681,3.485910062937601,87.1813598946919,3.889221441427853,-2.5089324115630287,-46.85315479334232,60.81657741430348,0.8448600690440817,3.140953912609153,0,1
1191,3.01928120097523,3622.385125050091,1.600149459561681,3.485910062937601,100.0,-0.6468485578727472,-16.69399069427162,58.4945154999526,44.95290265523323,0.910620391439808,3.524069182968345,0,1
1192,5.920751889958497,3405.2180159527816,1.600149459561681,3.485910062937601,100.0,86.94256120219009,-77.40824830338137,-73.222712933119,100.0,2.1578446964279827,4.603689838005,0,1
1193,6.491796760435552,5817.081137524839,1.600149459561681,3.485910062937601,100.0,95.37224701512302,-1e-20,-9.858844584501576,42.48864109952879,1.4403613475333894,6.116588010315738,0,1
1194,2.7841605385029293,3924.916979070834,1.600149459561681,3.485910062937601,74.05568557490217,11.079429135339389,-62.939214221255256,13.273100214649029,76.59864415256058,0.8772554777010627,2.852717266298791,0,1
1195,6.474315575593327,3997.841524957241,1.600149459561681,3.485910062937601,53.48192068746405,71.66453036541688,-27.55971216088933,21.309025323721613,100.0,1.6209725703115183,5.57262461346572,0,1
1196,2.0635935000607497,2012.644278628384,1.600149459561681,3.485910062937601,-32.79145313242622,19.7613176313501,-100.0,100.0,100.0,0.6273865906767575,1.5671449087136573,0,1
1197,2.061615512006611,1706.0095597006743,1.600149459561681,3.485910062937601,100.0,64.72650412573942,-52.29618402006699,9.041170981165434,-19.671897904312235,0.6656199253490189,2.5455312119551072,0,1
1198,3.3658931282568982,2234.2870316656536,1.600149459561681,3.485910062937601,-35.697949847730584,50.28246390778558,-76.20766659092158,45.44596673819967,100.0,0.4794415450999236,2.7244200535118805,0,1
1199,4.41038686449505,5230.9553062870455,1.600149459561681,3.485910062937601,100.0,24.742432668453816,-1e-20,54.32091417101224,46.85190448926153,1.4703299314169138,4.321190173140174,0,1
1200,1.880072066326893,3289.70527570827,1.600149459561681,3.485910062937601,32.64216213319317,46.95486338556676,-86.18223051831978,100.0,28.18454132383381,0.5158439207990335,2.187799432684378,0,1
1201,7.342746062273967,5250.641595454509,1.600149459561681,3.485910062937601,17.11632644824342,83.69749015663265,-1e-20,65.573858520254,100.0,1.1062846363825103,6.723193776583093,0,1
1202,1.9388758599010565,3553.3591434987884,1.600149459561681,3.485910062937601,51.60173486818933,25.177472321757705,-100.0,-77.79951458567416,89.3729419403173,0.4110109345830376,1.8307440862358288,0,1
1203,5.428511609393029,4915.118297338818,1.600149459561681,3.485910062937601,100.0,100.0,-16.326988304185832,-61.21578736910213,27.99961882286275,1.1550576001003583,5.110038982644909,0,1
1204,4.387122929151808,1971.969432695075,1.600149459561681,3.485910062937601,100.0,76.74200306434061,-44.03388762614721,-100.0,49.63737029344368,1.5814225766640064,3.5015483622719508,0,1
1205,2.9106125614154195,3427.0055330949262,1.600149459561681,3.485910062937601,65.3897836198421,17.097003639740393,-100.0,81.93388145995387,89.13764920026732,1.0918850360116454,2.98034765746623,0,1
1206,8.025287029851654,3440.737767388216,1.600149459561681,3.485910062937601,100.0,100.0,-29.46363162850349,-2.430448149390447,100.0,2.1299152009094486,7.025534509738828,0,1
1207,4.11739923274823,5665.01442602963,1.600149459561681,3.485910062937601,59.89701686544433,50.92316758784019,-46.30393121181193,35.39791514591895,62.08970149380788,1.3215665099063567,3.6476256467957375,0,1
1208,5.901160987924248,3263.805973523521,1.600149459561681,3.485910062937601,70.04381194641778,37.05128677382959,-29.37598975222208,100.0,100.0,1.733333307115389,5.435963147954801,0,1
1209,5.999123390230729,6090.012710104547,1.600149459561681,3.485910062937601,31.869721474034563,100.0,-32.65031609175621,-77.61141413076841,87.46886186241679,0.945459274171394,5.077658630402302,0,1
1210,6.345925318713295,1916.6283173658348,1.600149459561681,3.485910062937601,51.294363686692805,67.43706706203037,-20.737156367058272,6.914288621249611,100.0,1.602916066564872,5.374503543880294,0,1
1211,5.117552731952397,4285.334321411364,1.600149459561681,3.485910062937601,83.33801963621043,100.0,-50.70241258110913,93.89920941967353,19.272137853621064,0.8240447575797343,5.62580520818231,0,1
1212,4.866202004672126,2514.6879762650155,1.600149459561681,3.485910062937601,100.0,66.66971243852984,-52.69401485814912,42.975179379533,52.38510376533941,1.6788869449399555,4.517085833972352,0,1
1213,4.978343935390383,3708.610170772457,1.600149459561681,3.485910062937601,100.0,100.0,-89.7042704527984,-2.1914806475509536,53.32278186928812,1.4670781511636306,4.63909211817922,0,1
1214,5.198078551958948,3003.4994896356484,1.600149459561681,3.485910062937601,77.87228200537189,80.54889319025898,-27.22439803345184,100.0,27.892441173711973,1.0324725291330297,5.46875980560608,0,1
1215,5.266694206384261,4390.402244844044,1.600149459561681,3.485910062937601,33.176067340297976,79.58883796425077,-89.53867686960729,59.07848993338611,100.0,1.301368052913257,4.634064629601421,0,1
1216,8.360945553709353,7941.273427470445,1.600149459561681,3.485910062937601,65.12856244755359,100.0,-1e-20,100.0,84.52754080080996,1.4993359212219222,8.02869534880202,0,1
1217,6.492011331226922,2547.115166534373,1.600149459561681,3.485910062937601,100.0,100.0,-83.79849674980451,-39.42844815825105,100.0,2.107566749731771,5.368774960408804,0,1
1218,5.6553494714260335,2539.365921061531,1.600149459561681,3.485910062937601,11.17771080918153,100.0,-28.4974121530528,2.68874136945551,67.94323674883663,0.3863957323871836,5.399484031289784,0,1
1219,2.948558090288893,2442.78202450478,1.600149459561681,3.485910062937601,100.0,64.3330304877679,-100.0,-79.37734409994252,55.71455885458857,1.7026793372639732,2.0570082789780457,0,1
1220,5.885672195526176,5050.211109183993,1.600149459561681,3.485910062937601,87.75619809930245,100.0,-47.45604974425478,-39.432623479035634,63.16074218580982,1.4583412536284297,5.245429473342139,0,1
1221,2.760780926880717,2375.947190260249,1.600149459561681,3.485910062937601,100.0,86.57423629349866,-100.0,-39.46849742280313,18.45639064270758,0.8881108329627163,2.83102571811958,0,1
1222,5.021997648084519,2084.635099172233,1.600149459561681,3.485910062937601,100.0,58.41700467727885,-39.24417018842591,-100.0,84.47941922962124,1.9741464987344808,3.766688298245654,0,1
1223,1.1832904011774577,1923.2163803582707,1.600149459561681,3.485910062937601,100.0,27.013403888583586,-29.376245036574797,-45.530676384004735,-8.91530399845811,0.8798525048347626,1.2301602173858228,0,1
1224,4.818625303034798,2974.827948489072,1.600149459561681,3.485910062937601,85.66037605925044,100.0,-83.50929310792763,-100.0,69.62332610108662,1.408074882984739,3.953497051320281,0,1
1225,5.813843328604493,3171.4739578191657,1.600149459561681,3.485910062937601,61.03391180163081,100.0,-100.0,1.7970665034327735,100.0,1.544449148489463,4.996947549538354,0,1
1226,0.5276862405957133,1696.8219115254742,1.600149459561681,3.485910062937601,28.54267064448325,14.968885648575275,-50.57591996961594,100.0,1.6609112605170289,0.339045782011057,0.9583092934109224,0,1
1227,5.96883000007021,1824.5611457662549,1.600149459561681,3.485910062937601,100.0,100.0,-28.510277920985217,48.74933104277461,30.388004212070847,1.2440120554644185,6.047066295315456,0,1
1228,4.428311296135972,2840.663833187434,1.600149459561681,3.485910062937601,100.0,-10.076958858937571,-8.0369518953888,5.753132442969239,100.0,0.9269017657328776,4.712924856446329,0,1
1229,6.128921985049038,5231.996014080561,1.600149459561681,3.485910062937601,49.29301174702581,100.0,-65.0310860364078,-33.449964151205975,97.17220200402669,1.3468421046165555,5.210743247959929,0,1
1230,5.602072698687321,6592.184900107712,1.600149459561681,3.485910062937601,55.04943609208672,100.0,-1e-20,-34.082221611360744,35.67770327597886,0.6082473920645359,5.4380265329450586,0,1
1231,4.562124950574965,7413.736539444368,1.600149459561681,3.485910062937601,100.0,100.0,-77.28397970206646,100.0,13.100711966754488,0.9531903290359868,5.161896980426008,0,1
1232,4.086498306431466,4905.116977619136,1.600149459561681,3.485910062937601,66.60512244678338,69.1425335843567,-55.42865908841609,52.879724566653714,41.39479063104962,1.0809860029435991,3.994579385792148,0,1
1233,3.0271025893738432,2289.7179478189087,1.600149459561681,3.485910062937601,-13.42536231204393,65.66771231928952,-100.0,-55.98130174875203,100.0,0.5261966522914369,2.147549682937804,0,1
1234,3.902842104176888,5522.762869067595,1.600149459561681,3.485910062937601,47.3479139038183,81.46341960238843,-39.43470755745972,-7.5246469396839615,31.824159543462255,0.5170229319072766,3.877453238923175,0,1
1235,3.3653181642824133,7038.860855868667,1.600149459561681,3.485910062937601,100.0,19.6735800109252,-40.114018874536114,61.5325568745792,48.13091944682036,1.3198530869861158,3.472921688130811,0,1
1236,1.7008670776183572,2822.2833443981044,1.600149459561681,3.485910062937601,100.0,30.33372215436805,-51.91271846571496,39.75366330694418,1.032179531371792,1.115996161843444,1.894205579338021,0,1
1237,5.142461883430577,4844.4572479641,1.600149459561681,3.485910062937601,100.0,100.0,-38.08697017038192,48.057742602638086,13.294668002984238,0.980800416945884,5.475970456179443,0,1
1238,3.901785167899284,3166.9587465280474,1.600149459561681,3.485910062937601,100.0,46.49758414330815,-53.96533276354822,27.30737198025548,50.48286373167287,1.6360348243879683,3.536007437197032,0,1
1239,5.400359485885469,4233.903927683834,1.600149459561681,3.485910062937601,96.23880843520594,55.101892540175584,-63.23799069499299,-13.660185842963203,100.0,2.0507910294127707,4.419060494761455,0,1
1240,3.935680654622872,6140.631039197382,1.600149459561681,3.485910062937601,100.0,19.330888898197852,-31.89956896470112,47.7573621258986,61.98331099491455,1.4137211806042116,3.89317287471152,0,1
1241,4.751022010622428,4061.026828254844,1.600149459561681,3.485910062937601,89.91516745343317,11.83372071001108,-1e-20,-35.36336356838403,92.32367260524344,1.3618610672375338,4.290305095521106,0,1
1242,2.3367819223773107,5561.590698095303,1.600149459561681,3.485910062937601,75.7253627903955,43.55471495233183,-42.09610556148042,-65.76531212677386,29.08495603439169,1.1639109191383925,1.7489595801182904,0,1
1243,5.991124780472535,3723.2245052004855,1.600149459561681,3.485910062937601,100.0,100.0,-25.33707218831305,29.13306074029484,32.690547814431035,1.269973544559179,5.9577040880441166,0,1
1244,2.065903303749796,2001.6498827232392,1.600149459561681,3.485910062937601,59.71524732597158,57.91826607427802,-80.78066503813955,22.07581473092989,21.654585054017247,0.6820642376764621,2.163859246537473,0,1
1245,5.317488024308636,3563.566640713518,1.600149459561681,3.485910062937601,85.38013572264603,54.669132181498846,-61.5499349312945,-5.712008048682498,100.0,1.9529264259708208,4.345390243770618,0,1
1246,5.542127874486264,4040.976163333802,1.600149459561681,3.485910062937601,99.5648907822324,83.0833102042632,-52.41041074683785,-74.81826348487334,76.87551634701643,1.896911700302132,4.458079967662632,0,1
1247,1.9795359838008448,5367.888052590189,1.600149459561681,3.485910062937601,4.803589874223128,11.13452441440279,-71.90733409861113,-44.12087359686279,100.0,0.345345236494686,1.5568500095199638,0,1
1248,2.7108145640568897,6159.4893699618415,1.600149459561681,3.485910062937601,74.97021284690594,-16.763632553950004,-67.59094346546503,100.0,90.587476354353,0.3726028267646619,3.694562670081215,0,1
1249,6.075182872087401,2854.707675668854,1.600149459561681,3.485910062937601,81.57764532806081,60.546280917260624,-19.215438996126608,-38.65016469067844,94.70305858449966,1.898605010468941,4.952581032302079,0,1
1250,3.839382113038715,4411.46414159238,1.600149459561681,3.485910062937601,29.48354846428858,37.17076914115625,-62.27683653708638,-2.060500996655378,100.0,1.3164658612257765,2.8943148337975617,0,1
1251,3.0231812178877906,3348.84278994944,1.600149459561681,3.485910062937601,100.0,52.616422988912646,-59.02320279800532,-100.0,46.80416073802613,1.6135745633360556,2.119954069989797,0,1
1252,7.783055733549538,7119.33353686361,1.600149459561681,3.485910062937601,100.0,85.94050892091923,-21.478828028088778,12.39073853265031,100.0,2.1666718923387043,6.815648813672074,0,1
1253,6.80329956289617,4358.730674453309,1.600149459561681,3.485910062937601,24.98775427700224,94.51349137590488,-12.185227633665193,32.14320865513392,84.21275473966288,0.9274576881791194,6.296955771762484,0,1
1254,1.2169356414943322,5025.177728047467,1.600149459561681,3.485910062937601,91.88125620594698,37.24787919747405,-37.75663185579018,52.65990448134855,-29.01408772515174,0.698592878608785,1.7710431974309837,0,1
1255,6.997968663516698,4090.1138417426378,1.600149459561681,3.485910062937601,72.09082127978925,100.0,-38.82987815845462,-60.67515572292844,100.0,1.7354136693119109,5.824222283766916,0,1
1256,0.6155595662114639,4952.910984909686,1.600149459561681,3.485910062937601,100.0,19.56282744509324,-22.514849853636147,53.24403264542799,-40.97788725044536,0.7226918147316255,1.2386203186634943,0,1
1257,5.802721184184122,6299.06460050564,1.600149459561681,3.485910062937601,17.391851685163765,64.74666304759911,-19.147147884030325,10.02510347032436,100.0,1.178135759202877,4.886035454115612,0,1
1258,3.0099706389233853,4822.533244091736,1.600149459561681,3.485910062937601,94.00793145082208,33.555741860858646,-8.069090796306781,42.15643606297751,7.474549292684983,1.1518803754998237,3.098471994199862,0,1
1259,6.439494010876561,3180.085876307194,1.600149459561681,3.485910062937601,72.90191192296764,100.0,-100.0,99.39108239944576,93.96234208535392,1.6772904900658538,6.048489899782504,0,1
1260,4.775406842116365,2639.3555380835423,1.600149459561681,3.485910062937601,19.49482119098061,61.684610091526366,-55.47480953582763,-2.535053858787961,100.0,1.205962029508412,3.8119431730124775,0,1
1261,4.0710685760342,7521.032623164737,1.600149459561681,3.485910062937601,100.0,-16.48088520987963,-4.723200689158905,52.876807675943546,85.28603645579503,0.8090063211302925,4.675083832979283,0,1
1262,5.316296089136971,4319.574431639333,1.600149459561681,3.485910062937601,61.00601771078664,34.47294759013154,-23.66639911138161,27.806026002877843,100.0,1.6110858683400486,4.55461020159484,0,1
1263,7.993862663693633,7143.003779109546,1.600149459561681,3.485910062937601,35.90417104640213,100.0,-3.464005599818272,41.92919330640197,100.0,1.275532710942417,7.308029456656498,0,1
1264,5.755683813848998,3339.7054184770427,1.600149459561681,3.485910062937601,100.0,47.40457961057584,-1e-20,-59.7147804910006,83.05607483467382,1.916004998895912,4.727715279469078,0,1
1265,6.31244513613708,4819.450435510622,1.600149459561681,3.485910062937601,100.0,100.0,-77.07001591413541,-89.39818441024799,100.0,2.098441833375757,4.97778125014494,0,1
1266,6.881040978672823,2513.7985898036104,1.600149459561681,3.485910062937601,78.68197050909058,100.0,-1e-20,30.853474120196204,49.75600857518886,1.216908760914167,6.666727086211984,0,1
1267,3.599550380093988,3235.8852352845715,1.600149459561681,3.485910062937601,78.02868372919279,13.220926371093412,-49.87881684959928,-52.85601825780432,100.0,0.9982050330336762,3.3086911351531065,0,1
1268,1.1798877747916343,3248.4043384468177,1.600149459561681,3.485910062937601,41.6010220616747,20.842965676226896,-45.423348273711575,-67.37142849641752,37.520557606181725,0.4241959362307034,0.9532870033730731,0,1
1269,3.175919844794298,4359.645365419941,1.600149459561681,3.485910062937601,29.03021220737086,41.59563486948761,-93.026368696685,-16.531863914259343,100.0,1.3210968600906348,2.1647516717016764,0,1
1270,4.16732324061035,4194.307896815167,1.600149459561681,3.485910062937601,28.5216241440636,48.76358822302134,-47.373000650290415,14.362328361694528,83.96121129872074,1.180275249692122,3.4022649918930883,0,1
1271,2.7649769736838623,2745.074178422097,1.600149459561681,3.485910062937601,29.10970730501976,18.62217391324953,-79.72993065531435,4.410126247834422,100.0,0.9128557697847522,2.26146251321494,0,1
1272,3.5358844522538515,3800.314054856176,1.600149459561681,3.485910062937601,72.36270428970282,22.309005084168763,-69.75982182375826,-31.30338763936692,100.0,1.1923096720903994,3.082513777012573,0,1
1273,6.903814316852767,6882.52612830746,1.600149459561681,3.485910062937601,100.0,58.901738164569,-26.26990569156991,69.36315601547454,96.25297081132932,2.105357356074669,6.25937888285554,0,1
1274,6.65755469935538,3847.95133432008,1.600149459561681,3.485910062937601,65.7055406257904,100.0,-1.688411646929044,-40.211988040247846,63.79266223313923,1.1862415631863392,6.022759795537101,0,1
1275,2.9839440918037274,3815.810287822555,1.600149459561681,3.485910062937601,62.64106300138762,39.663375251611264,-74.05709401511356,19.925781226955177,62.416118938071634,1.3305210037941233,2.482282357710732,0,1
1276,9.191632214211944,8599.745937907275,1.600149459561681,3.485910062937601,100.0,100.0,-1e-20,100.0,93.6027011591212,2.068627595522376,8.689634771156559,0,1
1277,2.90274555724698,6261.5994741086015,1.600149459561681,3.485910062937601,83.10785591902538,20.145114359981307,-1e-20,100.0,6.841961292208296,0.9868115802426304,3.2893785009698417,0,1
1278,2.9808026989899963,3697.3549359462586,1.600149459561681,3.485910062937601,42.51555185773872,-0.5928928030635348,-1e-20,-93.64887472615288,86.38963739569571,0.5075791483919305,2.5850866946030564,0,1
1279,6.724234119986358,6756.815449474779,1.600149459561681,3.485910062937601,100.0,100.0,-44.96635470994508,81.88366937256728,56.77689042759553,1.6022462589889246,6.605954099204475,0,1
1280,5.778439712460989,5960.958954568745,1.600149459561681,3.485910062937601,100.0,100.0,-32.26713761605731,21.184556476275503,32.826770242076776,1.259788705624437,5.722538819591314,0,1
1281,1.6894978428793688,5049.998406072334,1.600149459561681,3.485910062937601,66.31547312234707,34.36156187720966,-9.39946077066086,35.78936942989033,-17.4315301219943,0.5216994950342008,2.0550434461238525,0,1
1282,4.29932086927007,5001.38615567443,1.600149459561681,3.485910062937601,100.0,39.004465590896864,-48.82492439674396,-55.40745569876369,82.60907624410383,1.7190480032134614,3.5052827015540995,0,1
1283,5.003212834089762,5288.298262507874,1.600149459561681,3.485910062937601,100.0,59.516243018894784,-10.311077534777052,-18.41826602525683,47.28964243185047,1.634269415798205,4.41875980171133,0,1
1284,5.777118027576261,3112.612295596922,1.600149459561681,3.485910062937601,42.33198760151407,100.0,-60.66561003938419,-100.0,100.0,1.237524583731482,4.598219070165708,0,1
1285,2.336988932746425,4986.147555527681,1.600149459561681,3.485910062937601,45.795999067601045,39.93992943515734,-45.06990602035236,26.466681018106897,29.77084995980087,0.7971955586539556,2.1828048287482176,0,1
1286,1.211876739617959,3252.441978389153,1.600149459561681,3.485910062937601,55.58779650616505,-0.7783048397678414,-27.709979536964678,95.97872106681592,12.206978082069575,0.4717421881606275,1.8043611802758412,0,1
1287,4.534997310772017,5057.330563178308,1.600149459561681,3.485910062937601,100.0,80.93471717092595,-60.91104518032175,65.51542447849467,28.600895327415017,1.3205975591058705,4.6276996000039965,0,1
1288,7.884530071294986,3406.8217678433894,1.600149459561681,3.485910062937601,100.0,100.0,-42.35748964342373,21.732120308800475,100.0,2.1296380863815654,6.9945401959392335,0,1
1289,5.018543752991785,4354.479382424028,1.600149459561681,3.485910062937601,44.20104148269934,78.14895624649706,-54.85473233995623,100.0,58.31864104374673,0.9483314070840034,5.014571996676557,0,1
1290,5.998582391393139,3433.0417381413167,1.600149459561681,3.485910062937601,100.0,75.71667965581696,-51.86690548430008,100.0,63.43176007564578,1.7842056417082537,5.794070092864117,0,1
1291,4.321926466246882,4538.305611167332,1.600149459561681,3.485910062937601,74.33041116814793,-11.82062166071347,-11.844134888599177,68.96284036786452,100.0,0.9233624054669214,4.5974155189859545,0,1
1292,5.69932518083839,2839.424613098177,1.600149459561681,3.485910062937601,100.0,100.0,-100.0,-100.0,100.0,2.076788335332549,4.346693715322756,0,1
1293,6.5127543053855925,4084.635941476863,1.600149459561681,3.485910062937601,100.0,99.29281743024704,-14.239841845839418,67.84859570724184,33.384277439711475,1.3116254301577557,6.604405599577403,0,1
1294,4.062730645003349,2726.431777775612,1.600149459561681,3.485910062937601,100.0,29.880381100345783,-29.005420874675995,29.51093411294441,55.77801978413414,1.5363762044224876,3.8091259884729967,0,1
1295,4.316123779524478,3787.246140156854,1.600149459561681,3.485910062937601,100.0,61.41447322025186,-87.61015047995883,-21.164352944143687,78.41816344272601,1.9361101263574036,3.453770514338203,0,1
1296,5.959590650944227,4162.8614954590375,1.600149459561681,3.485910062937601,-1.2152970003621562,77.21899095649557,-23.36970266307678,18.87312696498541,100.0,0.8545235349528708,5.18958268502858,0,1
1297,4.53027454836891,6844.323365609052,1.600149459561681,3.485910062937601,20.054111780259863,82.48471210447579,-71.7727296079112,10.53186369471041,78.68047640438029,0.7647759305138455,4.056846832620688,0,1
1298,4.287401950043203,3774.608840446684,1.600149459561681,3.485910062937601,-0.7151187640216499,3.6085019115448023,-1e-20,100.0,100.0,0.8428244607695445,3.917422231025972,0,1
1299,5.7371212919698165,3213.768166464033,1.600149459561681,3.485910062937601,100.0,100.0,-100.0,-89.1521366217897,98.97633403263606,2.067517355044597,4.440746944410439,0,1
1300,3.836029096262661,5081.568551011694,1.600149459561681,3.485910062937601,57.91725680035737,22.17007133400581,-85.46292475139948,100.0,100.0,1.3657757076069494,3.624402345774798,0,1
1301,6.304317840042964,5334.583499649343,1.600149459561681,3.485910062937601,100.0,43.00365572671073,-13.010928616926758,4.021820237367569,100.0,2.023730498578685,5.460983730892627,0,1
1302,4.99790504736012,4042.2262568385368,1.600149459561681,3.485910062937601,83.67068073080533,76.41197414114168,-73.35374097533406,-15.05091662852204,77.79228654518884,1.725506018903185,4.176176114478245,0,1
1303,6.196480713680731,5585.347532531031,1.600149459561681,3.485910062937601,100.0,29.132854481239686,-2.0555591286983805,27.28010140781113,100.0,1.8906634907556688,5.591256723508089,0,1
1304,3.710817637993797,5152.574947611141,1.600149459561681,3.485910062937601,99.0599688687073,38.21193107387661,-44.51229047647018,-20.50675684216397,57.27151819211791,1.582787075337554,3.1826776229891363,0,1
1305,3.788240604005457,5207.145081387089,1.600149459561681,3.485910062937601,95.31792404737443,100.0,-87.27704070925306,-41.75406332634584,27.195006457994232,0.904548059088178,3.7728382935647033,0,1
1306,3.5062550786311046,5670.611979402543,1.600149459561681,3.485910062937601,82.8859370388826,3.521116302120383,-7.788996306754932,75.76086863309361,52.26714311878722,1.051531332649664,3.750308260510257,0,1
1307,2.525658077501672,5632.25580637898,1.600149459561681,3.485910062937601,25.36271156557178,14.931383769062712,-18.87421523337245,3.390056755707687,57.68684054597208,0.7792900032460572,2.0734307834097474,0,1
1308,4.3760156886668335,3395.329225905759,1.600149459561681,3.485910062937601,100.0,98.81415844736227,-65.82058728926283,-55.6901360645964,31.53831860582651,1.1217860229617618,4.131718132110415,0,1
1309,3.109018413634557,3468.70337539029,1.600149459561681,3.485910062937601,100.0,-15.355937727671602,-61.08612314784656,25.316179583787644,100.0,0.3253969367640192,4.0988152874179296,0,1
1310,4.808711284162499,4619.515136801478,1.600149459561681,3.485910062937601,77.97568589190294,45.44973461900594,-30.89332632021844,-41.845869342818496,84.78115670391216,1.7022010139426431,3.83375193124326,0,1
1311,2.090043365989854,3370.8732202669426,1.600149459561681,3.485910062937601,58.653873341197865,34.96160632687202,-100.0,-23.466843220143364,69.55800488935134,1.047920587699873,1.6490514787734416,0,1
1312,8.267227614074773,4253.539764737431,1.600149459561681,3.485910062937601,96.97828866856094,93.67493214432989,-7.972528188205747,17.77551041510309,96.59228116367056,2.076085774293398,7.370530991825339,0,1
1313,7.242829296814317,3871.7384442113657,1.600149459561681,3.485910062937601,97.07405136771612,95.53967668021244,-22.86875378964943,-42.720003415159695,86.98100374077035,1.9489178978451105,6.208933738463236,0,1
1314,4.774368119247857,6396.9268165066605,1.600149459561681,3.485910062937601,96.5351067057796,83.36383356751652,-45.335752428655454,65.93487021023212,23.670149443513168,1.2002358370920962,4.9420133933324175,0,1
1315,5.098293486690542,5002.479404938598,1.600149459561681,3.485910062937601,37.49212960552047,100.0,-51.67213575272051,-100.0,76.47422419990806,0.7932108446599091,4.295531803121613,0,1
1316,5.613639195402803,5614.72968863789,1.600149459561681,3.485910062937601,46.49818326371849,100.0,-72.87448129549654,100.0,62.944101952253455,0.8752824785346291,5.705868878396217,0,1
1317,6.337653840655899,3756.595378167495,1.600149459561681,3.485910062937601,100.0,26.572497742051187,-1e-20,55.24193105985299,100.0,1.8830233599139008,5.862978108629716,0,1
1318,3.5935482844686413,2851.0670193403616,1.600149459561681,3.485910062937601,46.392722262666936,36.81675185419502,-92.71208878751256,80.290962495623,90.7837280476668,1.396167873017962,3.125696942627361,0,1
1319,7.186638933316644,4473.831793308074,1.600149459561681,3.485910062937601,80.30944713690808,79.37571395263042,-27.55720252011832,100.0,85.42809855670428,1.77824686273391,6.765867157533659,0,1
1320,3.207415388164235,3880.616595782928,1.600149459561681,3.485910062937601,99.5400506182873,-0.1229264108611403,-40.064668954334685,31.9947050274352,70.96355778336306,0.8586317981070826,3.661468191335602,0,1
1321,6.318513588634012,3438.369555413542,1.600149459561681,3.485910062937601,99.77092561379207,96.20516452842423,-76.49755873280404,-68.83110545276355,100.0,2.11971395003633,5.051561257907682,0,1
1322,3.8952681288318023,4961.72187164728,1.600149459561681,3.485910062937601,-16.915515800410816,57.49660884817291,-92.71522775155798,100.0,100.0,0.7225942730938848,3.4637178630531698,0,1
1323,6.768894100148543,2998.252619329298,1.600149459561681,3.485910062937601,11.112138391033128,93.88319330477168,-16.321958452210815,-6.000157124721703,100.0,0.924125980116612,5.950350729555657,0,1
1324,6.264097162392023,3061.428415790041,1.600149459561681,3.485910062937601,18.654805262589136,100.0,-47.18564480090726,-23.501789568817628,100.0,0.946240870846648,5.438624566853765,0,1
1325,4.540112262858801,7546.647036436763,1.600149459561681,3.485910062937601,29.01233735464728,91.1836177314276,-54.95097774874941,10.49131889423392,54.34983553269026,0.4836538596327515,4.429153427864293,0,1
1326,6.892160993410959,6720.194032335613,1.600149459561681,3.485910062937601,24.30137289773075,67.47946304308718,-7.50122218876853,100.0,100.0,1.2694263170529902,6.351377503312964,0,1
1327,5.755084969044637,5194.490669065049,1.600149459561681,3.485910062937601,100.0,51.64410243943133,-42.90633551791316,61.54904406315389,83.94379583336928,1.9594711736585784,5.225105143817136,0,1
1328,5.560841538457635,3200.5509610532745,1.600149459561681,3.485910062937601,48.76141287189435,58.99456632121942,-48.58548029499019,40.67516151824242,100.0,1.5822537492859008,4.74120938410847,0,1
1329,4.461835582264776,5450.464892156558,1.600149459561681,3.485910062937601,100.0,-4.705378789415455,-23.819498256856345,35.757336141905355,100.0,1.0807156649270195,4.725992108011135,0,1
1330,7.63504656326853,3248.861284506116,1.600149459561681,3.485910062937601,100.0,67.51119226664309,-4.756513635236643,35.04143375553517,100.0,2.164091139688113,6.7730556333714125,0,1
1331,2.4684016789711647,9288.06745205398,2.4578938558004,3.4873681643987795,91.7114102372451,10.02547226339145,-37.64022440972949,-64.68913712086321,83.05083234716233,0.4042859892883343,1.7011028026307804,0,1
1332,4.611665943758498,5798.399600543044,2.4578938558004,3.4873681643987795,22.2571988903978,34.19269159143791,-1e-20,-57.962067941846925,100.0,0.4053915373233323,3.5559958909073286,0,1
1333,3.5382762587266816,5503.975721302754,2.4578938558004,3.4873681643987795,2.57493459642744,40.9154056691754,-65.32969620356707,-18.594337387084263,100.0,0.2854127898179956,2.7294365200658603,0,1
1334,3.6796635665668567,7195.359525353065,2.4578938558004,3.4873681643987795,100.0,14.26639850954983,-1e-20,28.02030927252678,60.67924205980018,0.4981047459296293,3.3309743023770886,0,1
1335,8.73662443960309,6116.576099296465,2.4578938558004,3.4873681643987795,94.62191783088758,100.0,-2.958955972670396,0.7526362739921808,74.716110653448,0.3066488160684519,8.317382960592976,0,1
1336,7.219452219152515,8641.3021116592,2.4578938558004,3.4873681643987795,86.36179531408115,89.0343050590777,-72.95885082255481,33.96450178562477,96.91527469235454,0.4082065182881371,6.751094799333467,0,1
1337,3.712526664603112,5648.727884660384,2.4578938558004,3.4873681643987795,43.12186600571101,33.90113038927987,-35.305400334282226,-94.93345650702022,100.0,0.4767896927027486,2.4992516334675297,0,1
1338,7.039649559676818,7879.779238395813,2.4578938558004,3.4873681643987795,100.0,70.16562665184685,-53.08943801631756,74.02374174374063,98.46523008228554,0.5822782621015459,6.614852863090821,0,1
1339,2.1045283452643533,4923.524271975782,2.4578938558004,3.4873681643987795,77.40372612055381,13.523802946214438,-80.73585552917734,-48.31099752577847,100.0,0.3807260732035392,1.3249195510327445,0,1
1340,6.077108884149238,4169.29568026987,2.4578938558004,3.4873681643987795,100.0,40.14111149732323,-6.967799453470544,21.79543841872309,100.0,0.6652270617605889,5.343717959669828,0,1
1341,8.39206952799384,6069.823932389903,2.4578938558004,3.4873681643987795,77.57208922638199,100.0,-69.21167876898251,100.0,100.0,0.3529530455962413,8.216745359806177,0,1
1342,7.686991537104187,4850.681614217507,2.4578938558004,3.4873681643987795,100.0,100.0,-88.61479113750268,31.55752517858731,100.0,0.4152923279572942,7.225541416322114,0,1
1343,3.71831771685112,6657.101957244617,2.4578938558004,3.4873681643987795,100.0,30.438756448331,-70.31746448095492,-22.895810611793657,99.97488384950296,0.6585835610759174,2.824281866325083,0,1
1344,4.361293871039617,9278.76086735988,2.4578938558004,3.4873681643987795,68.54115620070219,26.74712625711597,-38.08078658882521,100.0,84.58305441195077,0.5122602885325573,4.113540503966312,0,1
1345,5.629635452224221,4685.768368842962,2.4578938558004,3.4873681643987795,100.0,47.80882996632487,-1e-20,-100.0,91.71563600038192,0.6198040217177154,4.439240149750896,0,1
1346,1.90434581796154,6543.059603585822,2.4578938558004,3.4873681643987795,70.7047032799078,22.57113345604748,-68.86302281141297,-61.9462525073472,69.8065247635736,0.4610012210126802,1.086542134306045,0,1
1347,9.097492488619327,6662.132483309089,2.4578938558004,3.4873681643987795,100.0,100.0,-48.4178094915143,100.0,100.0,0.4656281898353382,8.871337473869492,0,1
1348,8.043735535328551,8483.234318047984,2.4578938558004,3.4873681643987795,71.15802208056601,85.55685691298554,-45.876086787557135,100.0,100.0,0.411031923774984,7.794595402129649,0,1
1349,3.5179795509753897,5111.656289349083,2.4578938558004,3.4873681643987795,74.20860644265629,26.07150704675275,-88.01858044969678,83.12677746512617,100.0,0.5776178131772951,3.0970871918556915,0,1
1350,4.873086800517733,6875.531280389185,2.4578938558004,3.4873681643987795,60.99827912025997,38.959730679939895,-10.700246228638028,-77.8087889306677,100.0,0.5326534575792714,3.721444787805365,0,1
1351,3.6942000917979407,7842.4953924300735,2.4578938558004,3.4873681643987795,100.0,19.734748104695825,-44.937339526161736,-23.32689614403328,100.0,0.611613575100076,2.845436836428262,0,1
1352,5.054722070073808,7561.312556754003,2.4578938558004,3.4873681643987795,100.0,48.73809065168816,-49.34308757253903,-41.82528439229706,96.74775754215072,0.6357643366539978,4.094514807175789,0,1
1353,8.086108767514123,8940.219090358654,2.4578938558004,3.4873681643987795,84.59586208686612,100.0,-83.89909269063655,96.00078595703587,100.0,0.3726969841487797,7.899629389174526,0,1
1354,7.200821284979551,6999.098782848516,2.4578938558004,3.4873681643987795,100.0,100.0,-100.0,-0.6464517057552115,100.0,0.3901296094459052,6.627776393458986,0,1
1355,9.067921684983467,10459.959922559075,2.4578938558004,3.4873681643987795,100.0,100.0,-31.219859239849303,35.65066210947852,100.0,0.4578158127177527,8.563787033347438,0,1
1356,9.033192244567724,5700.759460697011,2.4578938558004,3.4873681643987795,91.65691108716167,99.9527399552351,-1e-20,-66.11860194851008,100.0,0.4096563574479801,8.098577785776701,0,1
1357,3.054478042642168,6169.605757497366,2.4578938558004,3.4873681643987795,100.0,9.871362776201948,-15.255772976815022,1.627916578021285,66.64879684823069,0.4686482504576779,2.602193917330867,0,1
1358,3.752812566465873,4583.939204888821,2.4578938558004,3.4873681643987795,58.33838000108291,56.55997707867388,-100.0,-28.479267302965383,87.7963757122607,0.3547369055576654,3.0539655325018416,0,1
1359,5.285466443182589,5330.8398255749335,2.4578938558004,3.4873681643987795,38.74632111194919,62.700579542337934,-36.14612617035637,-100.0,100.0,0.3265967036394164,4.165037706212029,0,1
1360,4.724632938828505,6539.405902171717,2.4578938558004,3.4873681643987795,47.44024855629561,34.59910857309627,-50.84106663803837,96.8336964089501,100.0,0.4947312029843926,4.346530064834421,0,1
1361,7.321538386309598,6252.351773074202,2.4578938558004,3.4873681643987795,57.97689231500609,81.77754639830056,-33.21520022400054,0.1248403866359755,100.0,0.351191750870238,6.655801012172823,0,1
1362,7.515015436844555,7303.299229049984,2.4578938558004,3.4873681643987795,71.1285974488202,100.0,-100.0,86.78934540694408,100.0,0.2927771336342402,7.332315340426209,0,1
1363,5.1367943120811965,7568.096428246313,2.4578938558004,3.4873681643987795,27.519756404330565,53.699344586571854,-50.54829273293383,100.0,81.0590262963243,0.2745729312546858,5.000302508636863,0,1
1364,6.396463664521566,4693.701580060376,2.4578938558004,3.4873681643987795,100.0,72.36803199029106,-82.016887509576,54.51866216891605,100.0,0.566552914822172,5.9030321072822005,0,1
1365,8.375815945023131,6357.009413504495,2.4578938558004,3.4873681643987795,76.34919977433567,100.0,-56.15396423415862,100.0,88.87671036564967,0.2964245489377317,8.298052160653125,0,1
1366,5.433175386819182,7454.671498567193,2.4578938558004,3.4873681643987795,85.71099695283495,59.4590983092136,-55.845949656100906,-48.30308632047156,100.0,0.5535170634873905,4.462925588948707,0,1
1367,6.7147555202257845,5365.618641896945,2.4578938558004,3.4873681643987795,100.0,89.53650683521917,-96.97685756574042,100.0,77.51713663767919,0.366957911289218,6.709306549814329,0,1
1368,4.658338576217557,6061.014932745276,2.4578938558004,3.4873681643987795,100.0,44.50702969751547,-59.78849807579017,-41.26941089811498,100.0,0.6579921102086688,3.670577894691389,0,1
1369,4.208632939193183,4047.340524286532,2.4578938558004,3.4873681643987795,29.429820704567824,34.347670718330804,-29.843710286455867,-25.003052053021413,100.0,0.4297355154869642,3.3033381883832997,0,1
1370,4.665853258929582,3338.6895565403875,2.4578938558004,3.4873681643987795,68.71788431518334,32.308141798861605,-19.270915846109155,-32.509458800065204,100.0,0.5668249272709662,3.708774176495022,0,1
1371,5.896685137697691,10606.489757536534,2.4578938558004,3.4873681643987795,43.955842110499454,41.735521013599126,-14.253256878631314,86.36773617637955,100.0,0.4714451382157363,5.468669802843527,0,1
1372,5.283905130705231,7968.860352444496,2.4578938558004,3.4873681643987795,86.13726343588405,45.09120412973394,-1e-20,-50.32308176594061,77.78932094831467,0.5205526349048413,4.430229332167033,0,1
1373,7.299706794005621,6447.296546462454,2.4578938558004,3.4873681643987795,100.0,78.21492156349993,-14.893788444614112,-48.91594041491437,88.64495676093995,0.4914686364727161,6.454966215460498,0,1
1374,4.1490695922811,7121.131962084065,2.4578938558004,3.4873681643987795,100.0,36.62314845531419,-46.79669011328141,-94.32417876727698,100.0,0.6662384290257111,2.9238811205004485,0,1
1375,5.448218001993281,5474.374238829548,2.4578938558004,3.4873681643987795,78.28793259686691,51.99409289776534,-10.159794668317131,100.0,44.41881050545432,0.3313667584212862,5.559258186335821,0,1
1376,4.134940667033419,6683.202310885831,2.4578938558004,3.4873681643987795,56.686992037159456,17.390683693102595,-20.390427626381918,37.80471391924059,100.0,0.5082552346648417,3.517997693647443,0,1
1377,4.285153304581993,5731.528810506714,2.4578938558004,3.4873681643987795,100.0,37.25369492553135,-76.23773116393212,23.07063844416067,100.0,0.6662047001967131,3.5802869169104405,0,1
1378,6.733451649156329,5242.010674313765,2.4578938558004,3.4873681643987795,100.0,77.76788880627453,-70.13621375220498,16.64423469490508,100.0,0.5387130053939373,6.0949368931831645,0,1
1379,4.185952450848549,3541.34206812934,2.4578938558004,3.4873681643987795,100.0,25.100173542245397,-47.825665348493146,13.489610991643808,100.0,0.6462693201134331,3.459730329795664,0,1
1380,3.1637773011852044,4902.039310786568,2.4578938558004,3.4873681643987795,44.717022927438265,8.217777169993669,-9.315424683795523,18.707933463881574,83.73642521640666,0.3853454180006108,2.6250710741385843,0,1
1381,8.182050529083105,5596.525174883533,2.4578938558004,3.4873681643987795,73.50202186391022,93.47641825325576,-49.50553781433233,61.90617388074501,100.0,0.3695038817166152,7.810625671878866,0,1
1382,4.814425983816561,5043.549864980892,2.4578938558004,3.4873681643987795,67.22381514500074,47.44304709234703,-72.01030737977106,45.7770748744927,100.0,0.5330160620069506,4.232604252469207,0,1
1383,9.503971274226808,7086.047443680538,2.4578938558004,3.4873681643987795,100.0,100.0,-1e-20,-8.729328265373638,100.0,0.463640511895238,8.7908387722584,0,1
1384,6.615257269736114,7339.290478248478,2.4578938558004,3.4873681643987795,58.0026163956812,57.574033839563455,-1e-20,-12.747441066150255,100.0,0.4723664264686089,5.780571827387655,0,1
1385,2.985605969523802,6732.932602015718,2.4578938558004,3.4873681643987795,70.09933390294366,13.002116240416186,-32.465668367498424,63.17038851694172,67.58209943957904,0.4312847962113162,2.746595565513874,0,1
1386,6.186068562422887,3250.974577868906,2.4578938558004,3.4873681643987795,75.16713987318307,77.80248709220848,-63.84360822008232,-51.325252709015984,100.0,0.4093970582005219,5.303000765879971,0,1
1387,6.079262470985883,4701.753615026691,2.4578938558004,3.4873681643987795,59.88589938346967,61.01821318075429,-22.980860868632927,-10.253801007276644,91.85772692103406,0.4204198527556708,5.353442698734183,0,1
1388,6.1643824545489405,8633.308796032838,2.4578938558004,3.4873681643987795,95.3050928932486,68.24909691692099,-52.1481005005575,60.434461520308616,75.33965317576838,0.4581426161836739,5.892945939836313,0,1
1389,3.8214180175007,3986.8629110132106,2.4578938558004,3.4873681643987795,81.45012410897422,36.21570300236943,-50.51714103203131,-100.0,100.0,0.6059827688859136,2.5766902177771964,0,1
1390,7.549993526142637,10492.732335736177,2.4578938558004,3.4873681643987795,82.49634411547957,100.0,-76.44627399377333,-6.30669533154186,100.0,0.3268806962713282,6.954793423076284,0,1
1391,8.723339005598502,6188.271031510068,2.4578938558004,3.4873681643987795,48.97733495004133,82.29057649038754,-1e-20,100.0,100.0,0.35332637129562,8.452426035954296,0,1
1392,8.20531938498039,4947.922522197992,2.4578938558004,3.4873681643987795,100.0,100.0,-42.570130567436586,-51.89660375410482,99.89027357660456,0.419854947141137,7.361703105053246,0,1
1393,3.1276583743886883,7235.927786289178,2.4578938558004,3.4873681643987795,31.22192018581409,36.192461079973256,-96.85607880490608,30.45365630231486,100.0,0.4242362578882368,2.494566299372398,0,1
1394,6.689192061073779,5084.951159525612,2.4578938558004,3.4873681643987795,89.82620859863246,87.20268659239198,-94.90853209516186,30.05198134281504,100.0,0.432440037500668,6.184858587605465,0,1
1395,5.444252895539784,4276.924376891495,2.4578938558004,3.4873681643987795,94.4110341466844,81.43145641291699,-99.34830361975588,-95.63775048126854,100.0,0.4217309762783232,4.4227563359553175,0,1
1396,10.211999924304395,7036.234103696998,2.4578938558004,3.4873681643987795,100.0,100.0,-1e-20,95.99365995644904,100.0,0.4885595043795394,9.930274290522425,0,1
1397,4.579712714101977,6760.083048663514,2.4578938558004,3.4873681643987795,99.77477996485447,29.59549146064708,-32.497489331972,-19.937580662548367,100.0,0.6586364272048733,3.6865086297110503,0,1
1398,7.32367282552171,6814.316315928407,2.4578938558004,3.4873681643987795,100.0,64.55718102008038,-15.87822253680139,95.4964608786432,83.74216657550693,0.548118516040248,7.0839209655371125,0,1
1399,2.1518861256460697,3433.546503972742,2.4578938558004,3.4873681643987795,32.51465570778097,14.491524329032796,-48.02084689722844,-100.0,100.0,0.3625541519155701,1.0173825990108392,0,1
1400,6.65484813668603,6013.056863512731,2.4578938558004,3.4873681643987795,100.0,76.51928719210873,-46.51535967940063,60.16768193528041,69.46989794747118,0.4126398560976683,6.459703003278763,0,1
1401,5.380255126952656,7383.1620270986,2.4578938558004,3.4873681643987795,100.0,47.608642257772296,-29.320425377115136,29.960084398613493,76.5787696453479,0.5613503878057449,4.890438446448656,0,1
1402,7.2654360541270435,5417.132545321475,2.4578938558004,3.4873681643987795,79.9139289044044,91.85977266478956,-60.27946226102375,42.220984297770826,82.29245205912432,0.2951804729800207,6.984498251159551,0,1
1403,6.532781150989521,5847.572442688699,2.4578938558004,3.4873681643987795,100.0,47.60744683345734,-4.343955516557013,16.044332800926355,100.0,0.6567426976339545,5.776237397785146,0,1
1404,2.204727093027804,5510.245749300742,2.4578938558004,3.4873681643987795,100.0,17.394753449254203,-52.159430579706346,-13.275708699179631,55.43742038657641,0.4748867828479212,1.7362765053686493,0,1
1405,5.096209993764374,6664.349873997015,2.4578938558004,3.4873681643987795,37.15851159113102,49.011546950385735,-37.580090769037135,1.7014788727244363,98.77136685801298,0.4068191641044454,4.350274528593222,0,1
1406,2.7336704215188026,5992.72508776012,2.4578938558004,3.4873681643987795,57.9382324102964,47.99060652213434,-100.0,-50.97499461249485,74.74323267132775,0.3053006878215458,2.0489499290643125,0,1
1407,3.886211754814948,7313.671268768868,2.4578938558004,3.4873681643987795,91.8670241498683,14.801794053535724,-37.22942807731554,32.01544801907217,100.0,0.5745943646949763,3.2922136721936384,0,1
1408,7.928085778416905,5465.263121191577,2.4578938558004,3.4873681643987795,100.0,100.0,-63.315653141155664,-21.010154811189025,100.0,0.4154433232462735,7.229490507189102,0,1
1409,4.149556532656739,7936.2635606561635,2.4578938558004,3.4873681643987795,100.0,26.61954084521951,-49.92077426759137,2.389405917749176,100.0,0.6506401263700694,3.3700809165861383,0,1
1410,4.536055652676573,5239.815857171825,2.4578938558004,3.4873681643987795,74.53596746126142,46.73633835826325,-60.64110471064753,16.687436121337328,86.5071066039031,0.5036156942977905,3.935407205168088,0,1
1411,5.215091575732,6353.528873163864,2.4578938558004,3.4873681643987795,60.92154128721229,45.37629149902661,-24.32557520348839,-34.598253292925705,100.0,0.5169535765757984,4.266530694568441,0,1
1412,6.166852959374054,5216.643590764929,2.4578938558004,3.4873681643987795,55.38931132838157,67.89118472818097,-34.34586038010345,-44.01971380769704,100.0,0.3957945598460468,5.267324063283656,0,1
1413,7.021087249580107,5246.124918771096,2.4578938558004,3.4873681643987795,100.0,93.28985674007448,-75.37818936622182,-50.72295633978696,98.8309179122598,0.422654163364057,6.199897341918958,0,1
1414,9.380518891157582,9290.733528866564,2.4578938558004,3.4873681643987795,100.0,100.0,-31.47108890529385,100.0,95.85034091028744,0.4535972998334152,9.179306401948104,0,1
1415,4.111980558452139,5544.54855110749,2.4578938558004,3.4873681643987795,82.16475752001648,45.92379962076633,-84.74408788906548,100.0,70.65728795594248,0.469003631861425,4.010025849350045,0,1
1416,9.29293566579554,7022.657915633285,2.4578938558004,3.4873681643987795,100.0,100.0,-23.070837917276712,40.513356427833074,100.0,0.4639022476759757,8.80134835688601,0,1
1417,1.9262318970730028,5211.579762404971,2.4578938558004,3.4873681643987795,100.0,6.426049434017799,-40.67496911753929,-0.1869684587339861,55.36236578984256,0.3464728296678186,1.64841099057079,0,1
1418,6.349078654392914,6485.786343086967,2.4578938558004,3.4873681643987795,69.84025209472554,78.31417937032329,-47.54405502861874,0.0938214589593684,80.50568420072322,0.306563309000893,5.856778076605688,0,1
1419,9.572494115708624,10593.82265207715,2.4578938558004,3.4873681643987795,100.0,100.0,-5.151632865495497,19.371377651959747,100.0,0.4682226703858756,8.978842399704424,0,1
1420,6.826008468726131,6698.754044777807,2.4578938558004,3.4873681643987795,100.0,84.27849657005606,-46.73108239582054,70.10513952183663,57.34229915362603,0.311808474382131,6.8223492160409895,0,1
1421,9.145116981538363,6359.162098779701,2.4578938558004,3.4873681643987795,100.0,100.0,-37.532806992630185,69.08402469008114,100.0,0.4634452692092567,8.7830167780774,0,1
1422,9.204547236953996,6643.326986526196,2.4578938558004,3.4873681643987795,100.0,100.0,-34.60285536792234,67.65640537420683,100.0,0.4647121264880205,8.834040673770438,0,1
1423,3.451503932002645,5937.590888250417,2.4578938558004,3.4873681643987795,23.170915282785685,-0.5891726182599868,-7.152756246858791,92.2243071831681,100.0,0.3310676891613009,3.1564225270099326,0,1
1424,4.63059069037196,10607.576776234424,2.4578938558004,3.4873681643987795,57.03202301926337,18.28466055113536,-11.639196373378407,72.44413292098525,100.0,0.5151715395578893,4.155289876602649,0,1
1425,6.5108521159685,5288.022596305472,2.4578938558004,3.4873681643987795,100.0,80.6978819006658,-39.371896463130696,-100.0,88.2808602157573,0.4442454180837458,5.498099045832805,0,1
1426,7.011486311900613,5461.464915815062,2.4578938558004,3.4873681643987795,70.36402762707223,85.0433296944737,-88.07107497552708,100.0,100.0,0.3851264699426564,6.799457793083715,0,1
1427,7.498944231070696,7527.722882309154,2.4578938558004,3.4873681643987795,100.0,66.9374463832942,-34.85216793840818,99.65214302185906,100.0,0.6084005213416424,7.149728637514499,0,1
1428,2.8824751084219,4733.899837923895,2.4578938558004,3.4873681643987795,100.0,24.99324320776966,-62.14674641010325,15.204066032294184,65.41887878240496,0.5406911630038187,2.425756125925507,0,1
1429,6.174266225908294,6882.593118020284,2.4578938558004,3.4873681643987795,81.91300381129109,39.96367197007446,-1e-20,39.05005381963849,100.0,0.6055677453875354,5.518540287146184,0,1
1430,1.7891905516018698,7918.437087394509,2.4578938558004,3.4873681643987795,100.0,34.2102580985535,-93.74101575680469,23.77746873452092,31.93242405930343,0.3873640407824745,1.6730336746290142,0,1
1431,5.137054911379556,10146.837955714234,2.0214205979719013,3.067752800365439,52.8758283925436,44.54918277539427,-34.82267254218959,-40.918990450014434,65.15235338031249,0.8932359982506548,5.257918684747807,0,1
1432,6.738702368283751,12473.446893289543,2.0214205979719013,3.067752800365439,80.54422489313474,52.58632533127412,-83.70469887826687,27.368017322349413,100.0,1.447881623657432,7.392394591410712,0,1
1433,9.851536410382389,17787.49419477579,2.0214205979719013,3.067752800365439,97.15647205918997,100.0,-12.254699576901997,61.00480971602832,21.581442069719536,0.5174922359918064,13.29544966156666,0,1
1434,3.7820685287459943,12754.46804238993,2.0214205979719013,3.067752800365439,74.16120625651206,47.68855581670344,-22.74316468445588,-63.14079736757789,15.772869031272847,0.5290091362480183,4.200548300741011,0,1
1435,6.974014443601951,14208.183439456156,2.0214205979719013,3.067752800365439,100.0,66.7490240509371,-100.0,62.09949607878811,78.50014388752106,1.3712112909558165,8.414048988133874,0,1
1436,6.342220051683227,13133.97938449584,2.0214205979719013,3.067752800365439,100.0,46.63450758074935,-56.0607951481354,-85.17065702467761,100.0,1.61900939581485,5.798775160243292,0,1
1437,10.100741991563485,13752.97749329928,2.0214205979719013,3.067752800365439,68.11480943144224,99.2233325168653,-53.51884564673266,-37.80555834905466,100.0,0.9818733369004216,11.415541861566002,0,1
1438,7.106727569120672,12073.199071784462,2.0214205979719013,3.067752800365439,100.0,86.9936830132711,-81.63384600044172,-7.498220687655262,51.89878303941942,0.8655996634510776,8.604545757994423,0,1
1439,8.743463270180243,17780.96858186768,2.0214205979719013,3.067752800365439,67.54032546084429,87.70857678231275,-79.41292517787555,-6.304292172750948,100.0,1.068214100935335,9.896071876024283,0,1
1440,8.152771793445426,16071.097408906302,2.0214205979719013,3.067752800365439,100.0,80.50478219179205,-66.95332212927086,-36.59057047147185,82.84227028230727,1.3007222455692309,9.010383614927171,0,1
1441,1.7560211226020688,6370.226759765741,2.0214205979719013,3.067752800365439,34.54633336624093,-3.667025654798749,-27.09513204989293,64.84917174269967,38.132911373219855,0.3137099098750351,2.5742607509345348,0,1
1442,11.844302498988425,19826.9110282097,2.0214205979719013,3.067752800365439,77.23735889027864,92.32089858810812,-14.9227270439269,100.0,80.73023498023494,1.0476533625829108,15.105113872234934,0,1
1443,3.789213657793433,12249.77282055323,2.0214205979719013,3.067752800365439,30.4555032209848,44.714412919521166,-77.17371801865592,-76.30725506795326,86.0389075607738,0.7954039405722226,2.965259946411824,0,1
1444,6.898434970590407,13840.203371905203,2.0214205979719013,3.067752800365439,100.0,32.2716857459166,-50.54318085255528,36.23303115328804,100.0,1.5637179742269645,7.728488065229893,0,1
1445,4.723217647429739,14371.018877974264,2.0214205979719013,3.067752800365439,100.0,45.60339100225311,-45.01703561822369,-13.636964028559824,35.8565126108689,1.0807688131111517,5.402019423051667,0,1
1446,8.634525937266947,18750.181808067715,2.0214205979719013,3.067752800365439,67.90275006697172,76.99596481001065,-86.31174137356238,71.09233253345523,100.0,1.1970266761914514,10.374224793392408,0,1
1447,7.4786146094572,11307.135987502925,2.0214205979719013,3.067752800365439,68.59641112161941,47.30094054995644,-14.768643461558169,28.77777284844345,74.47960422374888,1.138247195844813,8.734989570302993,0,1
1448,7.265794371373444,11299.142408312076,2.0214205979719013,3.067752800365439,100.0,46.33972479531244,-59.39678951252591,41.42704947242975,91.3379776780566,1.553738733084161,8.31653243292859,0,1
1449,5.033627720823068,16151.547890027983,2.0214205979719013,3.067752800365439,81.15214995292999,49.19118465807009,-21.91363837897244,-100.0,48.9109088766554,0.9764475491872168,4.825058031214303,0,1
1450,5.893868676173286,13344.832490802228,2.0214205979719013,3.067752800365439,79.03677994607294,42.94342060038658,-89.94862836975646,33.782318366347155,100.0,1.445313367314553,6.366644554650483,0,1
1451,4.894610521602274,14315.863077917116,2.0214205979719013,3.067752800365439,100.0,18.30795688150186,-40.87369651139628,34.331887372294105,68.605451062335,1.2286313639345816,5.70700635580231,0,1
1452,9.545868031432228,18165.004625815254,2.0214205979719013,3.067752800365439,44.13827316326434,54.55199500258381,-12.298477117864476,100.0,100.0,1.1166971853412218,11.69473507156616,0,1
1453,4.341895376250125,13951.123914671154,2.0214205979719013,3.067752800365439,46.172655407535856,2.8098130183142658,-20.04594179210393,-19.365870298789748,100.0,0.7492903703383713,4.298035757205405,0,1
1454,5.640249266008,21160.32633440092,2.0214205979719013,3.067752800365439,67.58776450316705,71.20936577311507,-57.55143125448561,34.54316687231312,25.77350487353561,0.3760823414793619,7.536193750667827,0,1
1455,12.4661203752416,16902.9575444417,2.0214205979719013,3.067752800365439,100.0,100.0,-17.0265621009602,20.53986694402341,96.29509982787852,1.3679264062566832,14.898532801742087,0,1
1456,8.044686725545102,15270.190498577618,2.0214205979719013,3.067752800365439,98.05268434991544,19.52470176231448,-1e-20,64.70347389458479,100.0,1.47648468909507,9.534213769730783,0,1
1457,7.543378005113726,19920.84204691645,2.0214205979719013,3.067752800365439,35.24972607333872,35.03474838715011,-10.19983439199594,50.72363597628718,100.0,1.0786703503083237,8.631921385196206,0,1
1458,8.858655191852213,15638.455979364184,2.0214205979719013,3.067752800365439,100.0,100.0,-95.67071646646978,100.0,54.5646196529984,0.8542536714018718,11.863089067542926,0,1
1459,5.804526638683155,12787.828352186849,2.0214205979719013,3.067752800365439,39.27141133018708,17.80242285532537,-29.80797097999274,57.62635078259761,100.0,1.050046401310031,6.543334513478209,0,1
1460,11.295035596283087,16669.299503473412,2.0214205979719013,3.067752800365439,100.0,100.0,-19.11383039650812,100.0,49.5186123341384,0.8955132504489498,14.96326674134149,0,1
1461,9.784899910615112,17677.53670423553,2.0214205979719013,3.067752800365439,100.0,76.06110170607928,-24.75747584971204,21.894527311406783,78.6563717636758,1.342131618254684,11.640303673883462,0,1
1462,2.2346337602903428,9176.637482673015,2.0214205979719013,3.067752800365439,31.60164349028349,8.084505546559711,-99.04839334790874,100.0,80.35572645350001,0.6596170468771168,2.859812145640338,0,1
1463,5.850538600618267,11504.584371763533,2.0214205979719013,3.067752800365439,43.47589136362527,38.55959804361429,-64.59407731528611,54.54841508213306,94.3818426688927,1.1005525675854957,6.596003965825548,0,1
1464,4.982481906931081,12509.94305841352,2.0214205979719013,3.067752800365439,100.0,18.237425840250573,-35.4559493590798,-9.507319258169536,77.98276952700122,1.248168676923909,5.3140201758393335,0,1
1465,12.3137329099115,22295.607224320596,2.0214205979719013,3.067752800365439,100.0,75.81608146609607,-1e-20,90.77792141896306,100.0,1.564791464019658,15.155908073477637,0,1
1466,9.9045699959668,16883.077673039777,2.0214205979719013,3.067752800365439,100.0,100.0,-1e-20,12.980704840929024,24.442202385350825,0.5640636145931994,12.859678106504768,0,1
1467,4.631597169862778,9310.97852942505,2.0214205979719013,3.067752800365439,-26.589666339127497,11.26567248475684,-0.7390444407284051,5.0530038038467495,100.0,0.5432697219590552,4.497570730392958,0,1
1468,9.146345190552946,15606.30899886856,2.0214205979719013,3.067752800365439,82.20050405744007,54.28029425307997,-1e-20,27.648314139378435,84.95945612154688,1.3353309058743763,10.695318265004708,0,1
1469,7.797055739074079,14832.018795929032,2.0214205979719013,3.067752800365439,66.32104582131106,64.80207134923737,-25.731427976085367,77.39843534402516,50.17280388121996,0.7883187427799214,10.106325451511816,0,1
1470,12.225405296677044,21634.07727757698,2.0214205979719013,3.067752800365439,72.28119230379306,100.0,-40.72956960373114,100.0,100.0,1.122996890160457,15.341114479324837,0,1
1471,10.556207793940658,14191.306313940731,2.0214205979719013,3.067752800365439,100.0,100.0,-51.482629023178426,-56.91800285339877,100.0,1.3364736460301403,11.725681532669428,0,1
1472,6.215761803132589,18613.38691222363,2.0214205979719013,3.067752800365439,12.019527019153635,27.02203103950129,-9.44944964556582,100.0,77.71481029020299,0.7063813602777289,7.74334005231391,0,1
1473,9.592800338545104,22792.76595622313,2.0214205979719013,3.067752800365439,87.08475210031594,62.60573979845073,-18.036050314812385,6.638637694853983,100.0,1.482500538889302,10.852904561234809,0,1
1474,11.099544308891591,9912.30828188632,2.0214205979719013,3.067752800365439,100.0,100.0,-28.77431796108429,-78.45874875179234,100.0,1.3492445242567177,12.198971181165804,0,1
1475,6.68884157256413,12324.91716309161,2.0214205979719013,3.067752800365439,95.5372898605874,45.3969552780126,-98.94614101666068,91.53792390936908,100.0,1.582389787872673,7.935938483977784,0,1
1476,10.172984086618657,14081.987658373422,2.0214205979719013,3.067752800365439,93.80014296430252,55.95879532444985,-1e-20,33.72248318132698,100.0,1.5634031225405811,11.8280519192716,0,1
1477,4.290416027369396,14521.897283249573,2.0214205979719013,3.067752800365439,100.0,-4.764587283306113,-71.75949662033265,100.0,100.0,0.7984580129491552,5.780308724329215,0,1
1478,3.5701003095239137,17443.213225834177,2.0214205979719013,3.067752800365439,53.17808752520367,12.578815613557095,-32.11722850603549,-1.3049278952664238,68.0892872988784,0.8453145488972131,3.670297714319931,0,1
1479,6.790522665566501,10373.500488525033,2.0214205979719013,3.067752800365439,100.0,46.234835942208925,-1e-20,-20.614850793142097,48.5734309281833,1.2035197025551967,7.760503275887041,0,1
1480,6.695807423012861,10141.964561654591,2.0214205979719013,3.067752800365439,11.866192985531988,55.5585988729883,-68.03146886387282,61.28285070735203,100.0,0.7590180247219731,7.776075877010927,0,1
1481,9.81330236881075,14761.300400851916,2.0214205979719013,3.067752800365439,100.0,64.3415677238442,-1e-20,-59.526590858479466,100.0,1.5947836500935804,10.495064457186244,0,1
1482,5.958401373475298,16324.142053143783,2.0214205979719013,3.067752800365439,100.0,43.34574419602938,-94.70899934657152,19.79240732330703,100.0,1.6115051692044946,6.324281892436016,0,1
1483,5.04464455257151,13099.327498135866,2.0214205979719013,3.067752800365439,100.0,29.79051238158382,-65.43390292197545,44.51697279114253,70.5217388942434,1.3503231299535674,5.861145747453243,0,1
1484,6.025492594659302,8851.603929263863,2.0214205979719013,3.067752800365439,100.0,18.497424201009537,-25.7092609402971,-31.849668462615533,100.0,1.3727248353870594,6.152963617959463,0,1
1485,8.903627512785954,16685.780868168404,2.0214205979719013,3.067752800365439,100.0,100.0,-1e-20,-2.797828838703463,5.159420075498925,0.301869972887089,11.82726218712131,0,1
1486,9.745304788964797,19200.98687256337,2.0214205979719013,3.067752800365439,29.53213649836137,75.20888656768152,-17.821624397725202,28.67624784043374,100.0,0.8307256584487668,11.427961759207587,0,1
1487,6.213479253858949,12370.651732077817,2.0214205979719013,3.067752800365439,13.992459731725924,48.736610507951326,-43.51877757475804,-17.557548924001615,100.0,0.8172237411961412,6.364003828342494,0,1
1488,8.49889015450848,12784.698633298076,2.0214205979719013,3.067752800365439,100.0,89.23427266336637,-1e-20,64.09612890726049,-4.36119123742807,0.3584032654310647,11.962407562974658,0,1
1489,4.482821774908943,6949.234405926928,2.0214205979719013,3.067752800365439,31.548307096084915,5.997089353299723,-39.87454616914432,56.3743262218819,100.0,0.8341702642162812,4.997130135464086,0,1
1490,7.619965768194437,13411.231534558734,2.0214205979719013,3.067752800365439,100.0,80.33807606096869,-44.76197416961384,96.22061540524103,17.47295453838508,0.6633071650132596,10.694385913764958,0,1
1491,3.232794580062039,17657.16450421731,2.0214205979719013,3.067752800365439,100.0,-6.822777081465269,-1e-20,67.69525408539903,28.88882869555273,0.6070159897631244,4.804055038873473,0,1
1492,7.284972225553308,14650.329780172957,2.0214205979719013,3.067752800365439,96.77208566201514,44.603961763894695,-27.09090549252933,75.53980329623985,60.68137375736454,1.282417197890616,9.124278426880029,0,1
1493,8.649779260300846,12499.875381733653,2.0214205979719013,3.067752800365439,23.978235000434083,100.0,-56.46381707590046,-95.11498362888015,100.0,0.3320044864540925,9.295097688345702,0,1
1494,8.012557855199066,9660.544118462369,2.0214205979719013,3.067752800365439,100.0,100.0,-100.0,23.155883850852454,58.5832645359982,0.8157218144046681,10.057500776594171,0,1
1495,4.485875297660879,10528.457531895294,2.0214205979719013,3.067752800365439,100.0,14.471730473211723,-6.978715448821702,33.951655208112804,37.90780687748735,1.0362763234941397,5.586460093493063,0,1
1496,10.467488589934618,17900.320425609203,2.0214205979719013,3.067752800365439,100.0,100.0,-21.433494820487937,-57.677470177169056,73.72960331320876,1.0681473838333488,12.054952028920484,0,1
1497,7.327458321798668,13379.060331486216,2.0214205979719013,3.067752800365439,100.0,81.37665384102442,-26.99389736014797,-52.69589593193538,33.89457545523909,0.7513906178736489,8.690704248688526,0,1
1498,11.594872554789198,17978.101620381927,2.0214205979719013,3.067752800365439,79.98770330900935,100.0,-56.99244257350217,100.0,95.3295353240374,1.1426983108468276,14.614303655836476,0,1
1499,5.76059549595471,13313.531326148975,2.0214205979719013,3.067752800365439,65.10201915269926,3.2181161547431287,-20.39940876875081,76.11164423196641,100.0,1.0301866290136692,6.901232152996961,0,1
1500,11.128439931131467,11732.085997942551,2.0214205979719013,3.067752800365439,14.520413757498837,100.0,-1.3591302985881164,-30.276794055983068,100.0,0.4224120315354209,12.908180375230376,0,1
1501,9.505630523995038,13773.400025833947,2.0214205979719013,3.067752800365439,100.0,59.53106771752958,-25.183445418519,53.92935001587647,91.10436539033768,1.5354943250229924,11.312373698538211,0,1
1502,6.336720222734789,19319.86180087146,2.0214205979719013,3.067752800365439,100.0,-4.492425431744536,-1e-20,100.0,89.25991685809993,1.077617954068261,8.184513304716297,0,1
1503,4.407358576901965,9194.799245115652,2.0214205979719013,3.067752800365439,92.38355173789306,59.002802785696666,-84.0134486342668,-49.31441750654919,50.6213875903241,0.9851331129290612,4.586677016675862,0,1
1504,4.455700383089056,12343.167025024442,2.0214205979719013,3.067752800365439,100.0,44.682990727468685,-30.27845346624309,-81.09570936534567,36.98327988251325,1.087278634783536,4.399172830648482,0,1
1505,4.566563835187185,17432.03171745398,2.0214205979719013,3.067752800365439,42.519921798830325,-6.194884265747518,-1e-20,0.4203496414802425,100.0,0.6006447037345692,4.8924212802163005,0,1
1506,2.500565451354776,8871.30456626612,2.0214205979719013,3.067752800365439,100.0,-3.492857330184215,-30.175469079552613,15.674888191182202,44.52404556561801,0.409148458812709,3.461050528290457,0,1
1507,4.319663478913629,11148.17345820106,2.0214205979719013,3.067752800365439,100.0,16.74312591683735,-100.0,55.8512658007572,100.0,1.243529598153274,4.94880330571898,0,1
1508,4.3071822825591175,16854.927645331732,2.0214205979719013,3.067752800365439,58.75096905489555,-15.917188609335312,-1e-20,13.104738238939,100.0,0.3405303742031025,5.079669516047695,0,1
1509,10.792174439696456,13238.23338060348,2.0214205979719013,3.067752800365439,60.08516491710032,68.03859083879414,-3.360253933521726,75.12909029647571,100.0,1.211193864043531,13.08443036912136,0,1
1510,12.048270435943524,21583.515927745084,2.0214205979719013,3.067752800365439,70.31703832439493,100.0,-6.371821711144492,25.43147137767233,88.47901171870487,0.9695739483038492,14.61604959645138,0,1
1511,7.615230128105603,17473.664002642385,2.0214205979719013,3.067752800365439,57.56185401250926,53.79233393100156,-4.207276176723596,91.37774478768418,46.323529817822944,0.7477375021227726,10.002343787306366,0,1
1512,10.746410591474412,24249.857369555088,2.0214205979719013,3.067752800365439,100.0,79.0546627668619,-40.50855074411078,100.0,88.39679013799967,1.4316755781262973,13.459162294245951,0,1
1513,12.273241669787636,18655.51861508228,2.0214205979719013,3.067752800365439,64.20631373248122,100.0,-17.941350633257297,46.58280936020801,100.0,1.028949880738992,14.915751397209917,0,1
1514,12.682712276001972,11922.861345259304,2.0214205979719013,3.067752800365439,100.0,100.0,-1e-20,62.82912959284742,76.35997378242627,1.186737154844853,15.899398870508662,0,1
1515,9.25013641809382,13391.29479186456,2.0214205979719013,3.067752800365439,67.69509111559094,87.9492378451813,-100.0,100.0,100.0,1.112309489134704,11.51960610715423,0,1
1516,6.05926519084418,5877.612142579646,2.0214205979719013,3.067752800365439,72.47397185082806,40.29273922063102,-66.72970967306226,88.0000391156926,77.66700358508652,1.214626919997392,7.427727543118352,0,1
1517,6.649728293068012,23047.87276368245,2.0214205979719013,3.067752800365439,10.62056724982861,41.96896970572927,-13.182130843351882,25.87207707779644,86.5654918937737,0.7155513127060882,7.503223656208055,0,1
1518,6.800778602592637,14362.65721673682,2.0214205979719013,3.067752800365439,100.0,100.0,-83.68982357756299,24.92961056712988,16.475287059545813,0.2721815005918859,9.363631696069842,0,1
1519,6.203669168821262,17035.255631203516,2.0214205979719013,3.067752800365439,100.0,61.5471327406561,-25.398822439203336,-70.68941472198925,43.56180961845819,1.039976571130778,6.729752406656463,0,1
1520,9.8990397691955,11708.312753786637,2.0214205979719013,3.067752800365439,53.57671205313481,100.0,-51.51965562328804,-44.55607649498658,100.0,0.7954066275016869,11.158101891422092,0,1
1521,9.629649539566458,12234.50492245504,2.0214205979719013,3.067752800365439,100.0,76.24280796665482,-56.119441003299,22.56585155217797,100.0,1.5377120914136784,11.105862111901754,0,1
1522,11.394121631647597,14796.126811850916,2.0214205979719013,3.067752800365439,94.68225738465644,100.0,-74.23548803551904,100.0,98.72079654791676,1.3253863674426638,14.27546965721476,0,1
1523,6.908263137049617,20320.55808883774,2.0214205979719013,3.067752800365439,82.53611955198761,30.41508349885132,-35.46094097067782,65.81552255856265,90.21918987464782,1.3713797980374158,8.138337435138425,0,1
1524,6.989201783924606,11140.329017954678,2.0214205979719013,3.067752800365439,74.82861314742271,100.0,-89.24013938792685,-100.0,68.56161536225045,0.4359420719367053,7.670400981201504,0,1
1525,7.927672155812806,12356.54174285448,2.0214205979719013,3.067752800365439,100.0,60.18277460639968,-98.03438971416848,100.0,100.0,1.6065905453273324,9.6100017324529,0,1
1526,6.62629087672863,10702.245608356556,2.0214205979719013,3.067752800365439,75.87617003474415,55.007929832504125,-28.084505827520225,-41.60557202373929,68.36804182743859,1.1015242124859927,7.112650188769598,0,1
1527,10.608590217516642,15644.955431924052,2.0214205979719013,3.067752800365439,83.92173085406789,100.0,-92.19325866372036,97.01233933381071,100.0,1.2023551017080851,13.269125761040698,0,1
1528,6.104921605673656,12925.10349256658,2.0214205979719013,3.067752800365439,70.435044568027,44.41366034413004,-1e-20,-64.52697565826986,58.9859247998489,1.0203435442079294,6.328181267317742,0,1
1529,10.620172217793298,15809.98214775686,2.0214205979719013,3.067752800365439,100.0,64.65181492263423,-17.88348886251048,64.8752283370287,100.0,1.5992634504025247,12.713388707448653,0,1
1530,7.905816383282851,16054.91635694775,2.0214205979719013,3.067752800365439,88.47100497493707,67.46879134788824,-1e-20,67.83485450393391,21.094464358015586,0.7137137164274554,10.614332812654602,0,1
1531,13.24382600383605,41872.108534937215,1.2158541232221989,2.735354949826481,38.995476835201686,100.0,-26.072933802503115,100.0,71.27739217794226,4.530073262124928,21.121740669098635,0,1
1532,10.587207036214256,21578.50182955624,1.2158541232221989,2.735354949826481,100.0,52.47821947009899,-2.2528751376638043,-100.0,72.96452802020305,6.808284089174361,14.08875835700024,0,1
1533,11.23870152452332,25357.981206653963,1.2158541232221989,2.735354949826481,100.0,100.0,-100.0,-65.12300072709901,100.0,8.93167216825914,13.820941651069862,0,1
1534,9.380625020043317,17357.300457529316,1.2158541232221989,2.735354949826481,100.0,100.0,-74.43678808597781,-11.116347591141563,44.43995351619341,7.048352080756345,13.458588029737324,0,1
1535,12.283629809790506,21414.343555747197,1.2158541232221989,2.735354949826481,6.775267015785815,100.0,-2.4624138674443543,-63.69353245581834,100.0,3.610571284498633,15.776758133500287,0,1
1536,13.557915934243944,38535.150570785525,1.2158541232221989,2.735354949826481,100.0,90.82849081381056,-70.46138207987484,14.417091340422544,100.0,8.924250869829145,19.067076828256795,0,1
1537,16.282513626451973,16007.98804208892,1.2158541232221989,2.735354949826481,100.0,100.0,-24.03198367247454,71.38020352457569,84.90397919331303,8.571068692403466,24.797204426754185,0,1
1538,9.07199822723987,28334.894932672065,1.2158541232221989,2.735354949826481,52.44530361235249,100.0,-32.30226968854208,-8.464519073041025,37.5673664488827,3.633988949196974,13.806403489527783,0,1
1539,7.360670838591018,21346.64245091932,1.2158541232221989,2.735354949826481,32.152397439214944,51.045988731872,-82.89717805452567,-13.558063454304817,100.0,5.043472647234433,8.785587368359515,0,1
1540,6.980761620457431,16834.08246710739,1.2158541232221989,2.735354949826481,100.0,47.12000013975211,-100.0,-43.495120161698,79.4941133338009,4.812177800072506,11.414898424516675,0,1
1541,6.756134267640769,16477.92644678123,1.2158541232221989,2.735354949826481,96.25342094963575,86.82844137625341,-34.92969544107825,-53.092124766574365,5.251585103483457,5.195442515267822,9.88734192644457,0,1
1542,8.708990860168194,19704.13770368635,1.2158541232221989,2.735354949826481,82.00050331429324,25.50139678754036,-99.84496628178798,81.09367399434733,100.0,5.4243055604611925,15.085099282988622,0,1
1543,6.270484245198891,23547.826640895066,1.2158541232221989,2.735354949826481,16.083826708756774,64.5359678812641,-70.09324671626302,-97.12083413983714,94.8310794996013,4.320096381230192,5.263291051944201,0,1
1544,9.751557692493815,36306.05784996132,1.2158541232221989,2.735354949826481,73.08240279322538,16.560542515085622,-63.584300558408536,100.0,97.58031808021956,5.409782385654024,16.63499393266347,0,1
1545,3.449386454389264,22911.291616124607,1.2158541232221989,2.735354949826481,42.70513783879983,69.43277859362874,-59.530684448876364,57.49764678749261,-6.958225433892292,1.092446931779579,7.822453070425945,0,1
1546,5.896064328066872,16663.6068041348,1.2158541232221989,2.735354949826481,81.2728911558477,-18.42243295032049,-1e-20,100.0,26.446524416100825,2.644094394560266,13.282071754864912,0,1
1547,6.772478349165121,41191.93634146357,1.2158541232221989,2.735354949826481,100.0,14.847388826484805,-1e-20,67.20942605439467,9.159542290820823,4.488110684198737,13.14310530287645,0,1
1548,2.8432736312800246,17875.611280549525,1.2158541232221989,2.735354949826481,84.57963665411638,31.53388047998976,-71.29401432966978,27.402859115381872,7.709076408909127,3.27288904502247,6.4502210514688265,0,1
1549,7.295857889270616,31458.4831366498,1.2158541232221989,2.735354949826481,50.82702662031799,45.31515969954447,-7.646823615097055,89.24646940332859,18.29401934271137,3.4428482431748426,12.824061066183289,0,1
1550,9.404829815139362,18591.75555937754,1.2158541232221989,2.735354949826481,-10.317025215919742,100.0,-49.57841559093833,62.794873101709086,70.67375867028422,0.9695387393447829,15.13040766714125,0,1
1551,7.452502292136376,30417.33009193745,1.2158541232221989,2.735354949826481,76.68808742591771,45.28507508795606,-25.615450054896304,22.983778121262315,34.405491596407145,5.172284417669781,11.572491392015612,0,1
1552,6.632611745975876,16591.38883540706,1.2158541232221989,2.735354949826481,56.48028545091369,48.33210159168901,-33.279464492039466,-29.816325017887834,49.80782890523617,4.738920033259463,8.666191668384743,0,1
1553,15.015619303810665,34616.07029634807,1.2158541232221989,2.735354949826481,58.95689150557679,100.0,-48.86371144502718,98.77990106701702,100.0,6.909750948028384,22.79925843719968,0,1
1554,2.6961339524693035,11219.905385656526,1.2158541232221989,2.735354949826481,77.34412830487096,53.48241117432799,-100.0,39.04281568268197,8.178404534345624,4.437699773330487,4.880864603895421,0,1
1555,2.8588225431497705,16021.01009648048,1.2158541232221989,2.735354949826481,100.0,51.55150887269049,-71.41205000275093,-70.99028022012706,7.299648467206694,2.629451025198529,6.075585036689107,0,1
1556,13.999036494446331,26539.904885192675,1.2158541232221989,2.735354949826481,90.17806830452751,98.5120788571229,-80.32620100682121,62.63881160479657,100.0,8.57433722322498,20.51144612302442,0,1
1557,12.471601878910132,28408.47032073968,1.2158541232221989,2.735354949826481,28.79913271130787,59.28795656523602,-1e-20,25.945951539109117,100.0,5.251871307748278,17.34634050085541,0,1
1558,7.8160546545021266,19921.250335127173,1.2158541232221989,2.735354949826481,56.07329010636296,100.0,-87.45594232496266,-2.878602446608696,53.85033264675232,4.508149406849332,11.308955780858788,0,1
1559,1.5727755112709494,37446.87447341946,1.2158541232221989,2.735354949826481,92.73869011816372,-0.1916564373596401,-66.3505728678128,100.0,-9.37402551278219,1.5982492452853108,7.825975856886004,0,1
1560,5.911309194359508,21350.97999946654,1.2158541232221989,2.735354949826481,18.63462322353405,27.03896597657757,-62.06934959089173,93.5308609955418,67.10877930164628,3.3097711090991244,9.329224712628427,0,1
1561,4.301565904822217,21675.58052580658,1.2158541232221989,2.735354949826481,-10.529417476839,18.03025366832729,-48.534644714169886,59.99648042382067,67.58815808408393,1.8748445874132416,5.958923092307636,0,1
1562,5.549684206150794,27766.65178663474,1.2158541232221989,2.735354949826481,66.39997715789276,97.21815833439862,-1e-20,-21.146433502427804,-34.33675962250931,0.7447366300576332,11.178461195588415,0,1
1563,9.591435036620132,38994.5504423796,1.2158541232221989,2.735354949826481,79.5275158572952,85.93511652220667,-1e-20,43.79882688544481,6.931416293707549,4.379665449051289,16.200548308844166,0,1
1564,11.0043667235953,27914.29622912181,1.2158541232221989,2.735354949826481,100.0,71.20458258410365,-71.8594966981583,-34.70732459446493,93.96970142616274,7.975644526230505,14.949795557445745,0,1
1565,11.514554769469092,27014.943010311734,1.2158541232221989,2.735354949826481,59.220055460627776,72.47897584153675,-27.480919388906337,-64.77191757334253,100.0,6.795122577403093,14.18948378594839,0,1
1566,9.50562886999914,28264.446819609468,1.2158541232221989,2.735354949826481,100.0,0.2486480785891842,-18.823742923717703,-52.43886179672218,100.0,3.6706534748157527,16.544687834422234,0,1
1567,11.914611426127076,22132.898813861368,1.2158541232221989,2.735354949826481,-43.37163478696726,77.93095034090439,-1.7815800992229605,100.0,100.0,0.832907797299475,18.362553711277243,0,1
1568,6.64681601651181,34265.19118276127,1.2158541232221989,2.735354949826481,86.5132819328272,100.0,-40.71463863580905,94.60611070550956,-33.718777914469364,2.5464725833810995,14.443891725664027,0,1
1569,7.487847200306431,26340.85010559149,1.2158541232221989,2.735354949826481,21.427775294539835,68.72788526321617,-1e-20,55.49386258882621,21.184419323732836,1.4592959584931933,12.88796644862324,0,1
1570,7.565242853378494,17485.28414877425,1.2158541232221989,2.735354949826481,62.33786840783441,100.0,-100.0,74.30686903032174,36.54314460476617,4.212426408275583,12.924614939638502,0,1
1571,5.495989185740845,22683.90199959516,1.2158541232221989,2.735354949826481,100.0,100.0,-35.69194474171259,-31.530790725297862,-29.42172659959769,3.246234575913242,10.245573091393592,0,1
1572,8.296578913105863,33497.444236937634,1.2158541232221989,2.735354949826481,-1.461061935966498,4.360807466714583,-1e-20,100.0,86.09978183491192,2.6781502930834256,12.918924304782848,0,1
1573,12.884080456453429,36126.32621392911,1.2158541232221989,2.735354949826481,37.34329306864359,60.394943011836105,-12.488564213169344,60.29457914643624,100.0,5.689689843056207,18.69061105872497,0,1
1574,4.634355383241517,17280.58884718833,1.2158541232221989,2.735354949826481,25.885687379112756,10.017107087142271,-100.0,100.0,83.21861418931634,2.689270420492981,8.505664315041576,0,1
1575,14.687949639782794,40639.36691618779,1.2158541232221989,2.735354949826481,57.81665549354608,100.0,-1e-20,57.98301462637776,73.52016110782478,5.784307493816572,22.41640092195681,0,1
1576,5.938217609017539,17588.854272841534,1.2158541232221989,2.735354949826481,47.23811300609615,38.13206869498198,-57.680891472792936,-31.18845907830801,70.27198426564459,4.16274548357261,7.709442680984838,0,1
1577,4.346383574662819,27138.79398861917,1.2158541232221989,2.735354949826481,25.159156944835125,100.0,-100.0,-80.24666605189275,50.6786632889246,0.4742717242802334,6.602778985542397,0,1
1578,14.51204747590158,25771.797303116506,1.2158541232221989,2.735354949826481,68.6102345350996,100.0,-13.209926863821742,-48.65473168283455,100.0,7.447158050277084,19.163214368490664,0,1
1579,8.809795529472673,24176.64078941244,1.2158541232221989,2.735354949826481,100.0,100.0,-96.76173239211953,56.5396725964012,35.044890220455805,6.660367614300094,14.17297823749802,0,1
1580,6.435897365648314,23508.826905679573,1.2158541232221989,2.735354949826481,61.68546792175887,35.351478270509915,-60.72157030783707,100.0,41.44657877012897,4.549005498757586,11.258239754116666,0,1
1581,5.401195866235188,26385.090185018908,1.2158541232221989,2.735354949826481,100.0,29.02952548394896,-22.34421294782489,61.71866788087838,-4.812638691958298,4.566775708371815,10.68556916315302,0,1
1582,1.915387659754868,24619.75538461577,1.2158541232221989,2.735354949826481,63.4433715652186,38.9832477727227,-62.37831076429878,-50.75956483784353,13.706250855114916,1.524016369208615,4.101056140403598,0,1
1583,11.005780343654502,38220.206333924245,1.2158541232221989,2.735354949826481,100.0,-8.849426729746256,-32.788235624483704,100.0,100.0,5.019414907533066,20.513300767792067,0,1
1584,8.573127912604777,16188.295140687547,1.2158541232221989,2.735354949826481,92.4615855574331,100.0,-18.519046982802863,-74.91082854002546,15.823634669079196,5.239852901298473,12.190721399915711,0,1
1585,13.903457854453473,22511.163437706287,1.2158541232221989,2.735354949826481,52.20407529788365,100.0,-1e-20,-26.64744011364552,86.52086883492015,5.965414481313857,19.12515019072821,0,1
1586,8.769161599863796,44010.291869665656,1.2158541232221989,2.735354949826481,56.5093694926712,-0.0053120223439577,-1e-20,-46.470789258786006,100.0,3.3286988091838365,13.454964958184956,0,1
1587,7.666290533784664,31644.652199576984,1.2158541232221989,2.735354949826481,53.51971966965639,27.81147216791644,-47.89529508312774,23.00862943041922,79.03927872223713,4.616769532091464,11.45043518121684,0,1
1588,5.832058400465034,22983.14431560119,1.2158541232221989,2.735354949826481,100.0,-25.73267129507431,-42.59462383904278,2.308865063958862,73.43901311068736,0.565023477330767,14.662169387982754,0,1
1589,12.65799196588209,47128.1656013123,1.2158541232221989,2.735354949826481,95.54491530358789,45.38644264693947,-24.746255355010053,6.703709646895973,98.40099491575998,7.433744643002694,18.71618983181063,0,1
1590,8.495933007786705,39578.6276653679,1.2158541232221989,2.735354949826481,100.0,35.88988600966396,-72.37406699700941,53.50484954827069,67.21124051405202,5.997006226548717,14.4470247786485,0,1
1591,5.539356970067902,25373.334887652603,1.2158541232221989,2.735354949826481,72.68009555546918,31.908533211310704,-8.174873682668,9.45332688377398,13.01167454550318,4.075405861222595,9.01030520999573,0,1
1592,10.484650232919272,23524.52499690252,1.2158541232221989,2.735354949826481,92.23739041292193,18.769275766584425,-1e-20,34.94674855401314,68.75330682990068,5.703986388355593,17.161345463770374,0,1
1593,7.885522677144401,20016.964587388597,1.2158541232221989,2.735354949826481,90.90470782253948,96.15681633800696,-37.99173716887726,78.56975345773839,-14.01596148318607,3.948313739482865,15.06655183701744,0,1
1594,11.574245083993087,24477.8509644936,1.2158541232221989,2.735354949826481,99.08258605072002,10.039860573751138,-43.36589432639236,100.0,100.0,6.092266722848317,20.302282285963464,0,1
1595,12.797390826645843,45421.93029756208,1.2158541232221989,2.735354949826481,28.73989945383148,62.22543524632599,-7.775586557379963,55.81733881426405,100.0,5.264431001909157,18.42357508985141,0,1
1596,6.26813683758438,22899.361122392427,1.2158541232221989,2.735354949826481,58.78721533697368,67.9441278224831,-10.222438188008546,-49.26684007814056,17.040289442203544,3.611336743112544,8.787926723515568,0,1
1597,7.767480823874244,30125.78639050135,1.2158541232221989,2.735354949826481,67.467450320468,30.04226369874599,-7.696569536893068,36.82078730483446,40.79633964289741,4.652377727254942,12.394705215399735,0,1
1598,11.299815457720024,27089.563061996043,1.2158541232221989,2.735354949826481,77.2289502281572,100.0,-68.3390970503613,54.29100619639325,63.106233080249424,6.481978903345997,17.213998282932828,0,1
1599,4.574825575173081,21434.24505594173,1.2158541232221989,2.735354949826481,100.0,59.04378124487573,-87.23598817085055,-18.22591895215551,22.330541154311742,5.1966173153361135,7.34869202678665,0,1
1600,11.986949170258372,16892.87290373638,1.2158541232221989,2.735354949826481,68.34252508546356,58.85483885480662,-37.19202051667655,13.025235359588828,100.0,6.97046707956725,16.753581855274625,0,1
1601,10.938097587338683,27836.74431762362,1.2158541232221989,2.735354949826481,68.37684828601107,76.54063485913227,-44.09285194416392,84.72677555210687,58.457710036542345,5.891035568090514,17.29997025486817,0,1
1602,6.686161473712996,36080.90605000612,1.2158541232221989,2.735354949826481,46.11966737488864,50.60626415846535,-39.9720816461059,100.0,27.1972712364283,3.5084205184337574,11.777713511079536,0,1
1603,5.114094522498824,21661.979379597666,1.2158541232221989,2.735354949826481,33.36261269257015,26.88922393105376,-29.70173030679465,26.7250409279948,42.97948120114451,3.1934106144925494,7.562776703372117,0,1
1604,5.559604836235033,30759.67031445564,1.2158541232221989,2.735354949826481,32.7536717478355,52.922268829309,-68.27580986153862,84.87558154573108,39.8337310118661,3.211620301710142,9.319762252594836,0,1
1605,14.080297241852705,43234.20565729584,1.2158541232221989,2.735354949826481,77.77278743870623,74.14762152364237,-20.15803096096129,11.5464966654753,100.0,7.7310625199881775,19.83478993710851,0,1
1606,8.635389752274113,17157.233853957325,1.2158541232221989,2.735354949826481,100.0,12.588643932719668,-1e-20,100.0,28.41777418454805,5.069257390594644,16.278976156036805,0,1
1607,10.753805784743337,32996.43389798245,1.2158541232221989,2.735354949826481,100.0,62.66363685815367,-22.562500872133597,-14.999229054224628,59.80407126372825,7.194351015945512,15.522922702228453,0,1
1608,13.547767210404182,36883.657200777474,1.2158541232221989,2.735354949826481,100.0,51.14116611168819,-25.82876414049627,23.754695349830683,100.0,7.955803471382688,20.19758532306081,0,1
1609,7.059283843629324,25688.005328313524,1.2158541232221989,2.735354949826481,100.0,19.825638164381463,-49.00271507349829,4.038855642455211,57.10489496334415,4.313396020502445,12.827724524081038,0,1
1610,11.26399223765182,22204.555592734425,1.2158541232221989,2.735354949826481,61.12723192276828,100.0,-22.880406189290785,-52.54143514283822,67.17808472369482,5.641150780252288,15.103348400911756,0,1
1611,10.15231613901506,27479.60272785092,1.2158541232221989,2.735354949826481,0.3054605629455906,100.0,-26.07750036418368,-62.04039638637463,89.80717730153377,2.506988528616617,13.087422276065722,0,1
1612,14.525827965635926,29766.211379879893,1.2158541232221989,2.735354949826481,52.64955279938269,84.26814151189667,-35.01879218432901,100.0,100.0,6.579174017757219,22.024685624110603,0,1
1613,8.220337906417596,26069.64540149246,1.2158541232221989,2.735354949826481,81.44320633229646,42.53656172854454,-1e-20,-70.5439779097513,50.22134871291315,5.418024755924366,11.1150503085702,0,1
1614,8.511006684687956,30980.2431570741,1.2158541232221989,2.735354949826481,3.907713997391284,69.39365759151906,-22.274423804701662,53.02870443601293,59.664120094557376,2.0808625804307432,13.113529109194928,0,1
1615,9.001877444501492,37230.46628741239,1.2158541232221989,2.735354949826481,-2.0196160376957693,98.1615353281726,-44.69942654371597,65.7727223802419,58.13725999424497,0.9698131697443008,14.924816617236202,0,1
1616,8.18502580893842,15836.1909542315,1.2158541232221989,2.735354949826481,100.0,47.45605253326947,-29.23400644307776,-83.15336107771861,58.140033836204296,5.763815477252429,11.523047617161067,0,1
1617,8.661003081568253,40517.306607358594,1.2158541232221989,2.735354949826481,100.0,20.415722060217824,-32.17458861338076,24.9147694075139,62.174475317307056,5.231904551604785,14.903893289125804,0,1
1618,8.891376718379103,23373.959963459707,1.2158541232221989,2.735354949826481,100.0,92.19442665531987,-60.52694387036141,85.07786267910447,11.371677337566275,5.756760009393899,15.625871255328358,0,1
1619,4.322992955262003,21701.207891555776,1.2158541232221989,2.735354949826481,100.0,10.30105319170428,-71.55080298801167,100.0,19.13258358511048,3.4431564294450205,10.939140223600331,0,1
1620,6.668124197435708,19471.496749860085,1.2158541232221989,2.735354949826481,100.0,33.05293814464591,-1e-20,-68.44698772841328,26.04230053323692,4.694290302211758,10.268963869357943,0,1
1621,11.169176825032604,20160.834003591743,1.2158541232221989,2.735354949826481,85.79720884734799,86.93873977192273,-5.223849143808035,32.503220908599246,30.444193735920447,5.753886252094304,17.607614270663156,0,1
1622,4.273209321696688,20777.91145889077,1.2158541232221989,2.735354949826481,75.08579719377371,95.30812754101876,-45.97069884611452,-72.91238684996031,-11.702675139221014,1.820095161768528,7.660481113648167,0,1
1623,8.574201371290577,17557.925514237737,1.2158541232221989,2.735354949826481,100.0,60.45661462788008,-9.06007615536965,54.014561544095606,6.029016818576549,5.627076084619049,14.625018641020048,0,1
1624,14.443549725049078,52166.8583404431,1.2158541232221989,2.735354949826481,100.0,60.18257129296725,-26.411680323870865,45.42776960139607,100.0,8.358329531335835,21.645658751191647,0,1
1625,3.643513877885836,21546.259090598687,1.2158541232221989,2.735354949826481,70.53723843853604,42.40911362378603,-21.10135753975933,37.69927715789129,-18.46051854658632,3.136080270350019,7.163703325853062,0,1
1626,13.309608446828792,18274.497302538275,1.2158541232221989,2.735354949826481,45.35262294826651,100.0,-1e-20,-77.47972155921292,94.5643859144079,5.869605229438442,16.968211741317404,0,1
1627,6.978961670488973,22115.587806887757,1.2158541232221989,2.735354949826481,39.122317584310665,29.67460125373408,-30.80239695062025,-52.02327458017691,82.93715230389593,3.968071525293401,8.801846291603276,0,1
1628,8.848459917597054,18092.209548777333,1.2158541232221989,2.735354949826481,71.50914397883547,46.44357472770855,-20.12619809831887,-52.61965376613085,70.12172206544267,5.706042735835375,11.743086900153862,0,1
1629,15.76483920793996,30964.20503888124,1.2158541232221989,2.735354949826481,86.41828554288274,93.3716994765992,-1e-20,-32.67287985173006,100.0,8.357021395160851,21.536021442128003,0,1
1630,9.945335546344754,16824.05725725436,1.2158541232221989,2.735354949826481,30.79779539616136,87.98730532230924,-46.23821599529472,-88.9481769555132,100.0,5.269646967131352,11.191219457109892,0,1
1631,36.58650282349872,3964131.894553298,1.053781742958659,1.4533862399266009,100.0,35.11093174721735,-85.5419804402539,17.180053592399933,46.10661081595255,49.50700324759623,213.3679651353239,0,1
1632,64.32653902573314,3971833.93448369,1.053781742958659,1.4533862399266009,81.66372780542838,49.84542483313278,-16.244504333350026,96.64087920315576,14.65728473923348,48.17398429877235,439.9126080612923,0,1
1633,19.75911964077857,3291130.733250059,1.053781742958659,1.4533862399266009,29.61976766167756,68.51350485637718,-99.7046231270643,100.0,-7.446708505078412,9.729283880736247,206.34923875903417,0,1
1634,37.61589417727637,3389565.9437268483,1.053781742958659,1.4533862399266009,2.662593790227064,-11.36173531157431,-8.524988245133883,23.273605186077106,100.0,16.9292651617109,184.98078072209196,0,1
1635,71.35909250695367,4789226.9163683625,1.053781742958659,1.4533862399266009,100.0,23.914054973354368,-84.70334010169847,96.27503618199675,100.0,65.70587671441379,444.04960747951895,0,1
1636,24.824908469706557,2470643.5748288054,1.053781742958659,1.4533862399266009,9.558399100842305,24.492141670167307,-38.03317384766622,48.81472021036029,38.98138657206151,15.377301976365844,159.53464436793138,0,1
1637,66.32222421615592,3983087.810298408,1.053781742958659,1.4533862399266009,42.69373719797385,97.31753687255464,-16.902038768203987,59.81466124286051,30.902558556348325,29.39426465505582,411.7122368488469,0,1
1638,68.79162328101908,3157866.714766748,1.053781742958659,1.4533862399266009,75.46938335892563,85.60788138903762,-80.59443517776032,98.2583583917559,53.09176639566861,55.6747940432808,443.0109771688885,0,1
1639,18.974121621810205,1598429.2471620014,1.053781742958659,1.4533862399266009,76.10305778332055,31.573788689673627,-75.94763686447786,14.024459707944638,16.22827234418656,34.697911240199964,122.00592660677336,0,1
1640,66.41848686610534,5798272.600430062,1.053781742958659,1.4533862399266009,43.09767942300208,59.31409080616281,-32.71858081132107,65.59718310311871,75.00808512956155,43.10422814519694,389.1185785080869,0,1
1641,84.73381200187052,4540454.497021998,1.053781742958659,1.4533862399266009,57.165567849399125,100.0,-85.73514051736777,100.0,100.0,57.65710039212891,507.39424040722326,0,1
1642,59.50801598696662,4123170.019410623,1.053781742958659,1.4533862399266009,20.95799080370294,9.76419401308285,-1e-20,79.36268275451386,83.3691679330645,30.03904413190878,359.52362125056544,0,1
1643,100.7122793357554,6536797.054798165,1.053781742958659,1.4533862399266009,100.0,33.4377854807491,-7.186958009981339,100.0,100.0,72.37770159164143,607.2928119434849,0,1
1644,78.1951651190439,7169213.214270586,1.053781742958659,1.4533862399266009,68.61662872204985,90.74741492688564,-1e-20,41.52554016632211,43.21158772226033,49.27611971549652,454.1232286278488,0,1
1645,82.89304796739134,2241846.0138776973,1.053781742958659,1.4533862399266009,97.0030792348294,100.0,-27.06126078026724,-48.433487788414816,100.0,78.07730445159538,372.7051640754197,0,1
1646,29.635622730575577,2129153.991593488,1.053781742958659,1.4533862399266009,34.065411526280975,65.30847974863566,-100.0,70.69694914880952,35.074776904357165,27.184256846104844,208.5640109130508,0,1
1647,35.750155035138405,5610005.526540981,1.053781742958659,1.4533862399266009,100.0,37.71870647221766,-12.685075016210089,62.95395742259792,-47.27504922699877,41.73767858051903,286.0733805616519,0,1
1648,39.576507856294256,2715726.6421090337,1.053781742958659,1.4533862399266009,30.08562204894365,-18.465281904715795,-73.83516191788813,100.0,100.0,25.601440502156564,267.8387029565848,0,1
1649,31.343500496525312,4320304.266566613,1.053781742958659,1.4533862399266009,100.0,-0.8961864518468872,-1e-20,-47.97203640841865,30.04157381873624,15.620855690984982,167.47278608772012,0,1
1650,24.13316356978185,1984986.632686452,1.053781742958659,1.4533862399266009,73.79981916897572,-24.037910249452366,-27.231055690557035,54.22637939769215,16.44052430698371,17.431413565186688,201.35148274790055,0,1
1651,7.182209560406268,3692791.108145712,1.053781742958659,1.4533862399266009,52.21174801834098,57.75804310829077,-40.47297243869304,-12.791872285368685,-33.28290805782602,12.166728349003826,57.834367690371685,0,1
1652,26.29339554369769,1927803.287540262,1.053781742958659,1.4533862399266009,63.54690629011488,98.18298502895308,-77.86391740633408,43.8490255584434,-30.102094869696973,20.190626124842808,211.71649892466365,0,1
1653,64.55978843505761,4994789.597416891,1.053781742958659,1.4533862399266009,100.0,100.0,-95.1400000515868,100.0,20.658591020731063,61.00903375287104,439.4803369441795,0,1
1654,57.44174245391142,3279264.908581593,1.053781742958659,1.4533862399266009,79.0246299330102,50.06374493811991,-56.215273217908376,17.738837348869964,78.85783368218794,58.01270901236573,301.3218402959122,0,1
1655,72.33147075421276,2956796.482024474,1.053781742958659,1.4533862399266009,100.0,69.3786238108264,-34.67578355835615,-41.72697432538212,100.0,73.14647761652007,324.9973539610935,0,1
1656,4.447929221548865,4118954.89454632,1.053781742958659,1.4533862399266009,100.0,56.12084545644596,-45.35324147975187,-31.392391489135616,-62.52346827834978,33.591093454980765,41.34847038711895,0,1
1657,67.5897911885453,2136139.485727699,1.053781742958659,1.4533862399266009,100.0,100.0,-84.99417147196239,11.52320922024752,71.77644666576057,73.32766891052205,352.39701817484723,0,1
1658,61.62094410831561,7369540.98803524,1.053781742958659,1.4533862399266009,75.49048987981534,74.14076933249254,-75.63680748236868,35.824744765600485,76.97574974542023,60.47420405471661,336.6072876023308,0,1
1659,105.03968799417204,2674647.3066152665,1.053781742958659,1.4533862399266009,80.64097894426178,100.0,-38.04199961319973,88.90961959962678,100.0,70.42828852943353,613.6349303635627,0,1
1660,79.11737607694872,2137643.10627033,1.053781742958659,1.4533862399266009,12.097127820760942,55.89127850445064,-13.728535243431764,100.0,100.0,32.568969452546014,475.48542449760345,0,1
1661,67.16733020912712,3693818.7410320393,1.053781742958659,1.4533862399266009,12.558344224960694,93.08593426735966,-1e-20,33.71495571101283,62.15848363365595,19.476943515219176,377.1796057651716,0,1
1662,10.092411332373782,2817437.455405601,1.053781742958659,1.4533862399266009,49.03382446899472,-20.26741622264515,-0.4815599643511419,100.0,-53.22991577415662,9.20838663731918,177.88001571698652,0,1
1663,90.43909773423474,1833305.651313336,1.053781742958659,1.4533862399266009,68.9310815840118,100.0,-49.08671536462175,100.0,74.20120547457151,57.53511806549622,554.9963472288154,0,1
1664,77.84410019919035,4058276.941669333,1.053781742958659,1.4533862399266009,100.0,53.4942887008245,-1e-20,56.43097992240777,41.62912409863725,62.920728547588965,469.13013498979,0,1
1665,19.16350619714944,2320077.1081576347,1.053781742958659,1.4533862399266009,100.0,63.985448782031824,-34.85798332356612,-9.033207265406505,-53.14820896149402,41.930548510823634,132.48982153476348,0,1
1666,35.379242727159046,3917059.655352721,1.053781742958659,1.4533862399266009,69.26101394908775,-11.8337596814521,-42.40757533102921,80.53247423711396,36.066877183457024,30.67834662127244,265.3137810832217,0,1
1667,90.9157046703084,3385226.2873363,1.053781742958659,1.4533862399266009,100.0,100.0,-62.86766307159367,43.10472285918087,95.41002703602403,79.04525152419794,498.1947219611805,0,1
1668,47.1648280428263,3243738.690834713,1.053781742958659,1.4533862399266009,44.26231054016859,70.66638043488423,-85.53515207510908,80.21595885375866,49.95757531330607,37.45161655426736,306.72097909276863,0,1
1669,46.35798273311356,4059647.433270896,1.053781742958659,1.4533862399266009,86.15858336678048,19.00672763457223,-21.664483340270493,32.160490202055776,34.11690754283033,45.648303452905466,281.70630449573366,0,1
1670,28.50917020131306,2545937.2691242965,1.053781742958659,1.4533862399266009,47.17491282478824,51.99525512183345,-37.96968089811351,94.52107956635268,-33.29381815418639,16.511724454054416,262.93265998263075,0,1
1671,4.412094323600277,3305411.123509421,1.053781742958659,1.4533862399266009,100.0,31.44599909050292,-88.48854876433762,-9.222094373463433,-16.735776523512087,2.9492705828450667,75.48572097477862,0,1
1672,66.57009731629837,5903671.670504661,1.053781742958659,1.4533862399266009,100.0,21.613603343367647,-41.66835757306377,34.05069882463282,89.35638876554165,60.194472031952046,373.0537815053392,0,1
1673,78.92090769281023,4229702.826239831,1.053781742958659,1.4533862399266009,99.35937066183354,100.0,-51.84297867270383,2.246749084093061,79.12174602289792,74.8125142976422,404.627517632057,0,1
1674,50.77418033654909,2815480.689134595,1.053781742958659,1.4533862399266009,37.028319401254144,1.077248781352651,-19.229651617066395,58.21163902084784,84.11288401037507,33.327854597064544,297.3666541337898,0,1
1675,18.565703775527247,2322487.294826542,1.053781742958659,1.4533862399266009,100.0,17.198130459449402,-49.468407895584704,-31.44780129449286,12.84399976322908,11.75833173869929,118.44993628160734,0,1
1676,33.13988886236598,4375510.603253369,1.053781742958659,1.4533862399266009,57.9989601431123,-3.374196681547687,-1e-20,77.55706620709407,-2.64445746988574,25.79086992982451,261.46681846878147,0,1
1677,56.57988089294626,3610429.667317855,1.053781742958659,1.4533862399266009,79.75223252361604,84.90537403837092,-35.6358553065501,-44.17122084001565,63.501715778206375,60.15363157715474,247.2113395696337,0,1
1678,52.35314459992613,3374119.818212863,1.053781742958659,1.4533862399266009,-39.47028985728088,61.08286937253733,-52.4308524999817,100.0,100.0,0.3379678492252083,326.9623161623031,0,1
1679,27.047473596839808,3286235.041734393,1.053781742958659,1.4533862399266009,100.0,45.64954246882421,-100.0,-41.71783764198866,58.53177170141959,28.728468117610877,125.8608555446151,0,1
1680,24.40982934210141,2283802.5422755806,1.053781742958659,1.4533862399266009,-14.532942937808656,60.50263607800929,-86.82608989351547,-8.197139707713099,100.0,12.24617969261999,78.35586206858763,0,1
1681,39.72822093265495,2402596.2468446298,1.053781742958659,1.4533862399266009,75.1809190882729,-11.222229997104783,-5.2631576315376805,-8.261549894703816,62.49700652800278,24.528888792333603,215.36988092428757,0,1
1682,58.62493515338082,6577168.287957846,1.053781742958659,1.4533862399266009,47.35465989607098,99.67003226276894,-56.44497596974182,49.95235858744941,44.35258640625676,35.908130013142056,351.2531730743687,0,1
1683,65.22165860122323,4286359.744701781,1.053781742958659,1.4533862399266009,58.92169975475134,100.0,-30.4701515271498,100.0,0.5154201200431743,30.613354503293465,457.4183095599721,0,1
1684,16.81074001542821,2595758.5865942617,1.053781742958659,1.4533862399266009,100.0,-10.806814545900185,-1e-20,61.71670162093259,-63.31996850079268,24.907763328351905,199.5577200964213,0,1
1685,65.31086594141078,9847992.395565497,1.053781742958659,1.4533862399266009,67.00629223348344,100.0,-1e-20,100.0,-31.72941691235026,26.123527106542923,477.5629807433932,0,1
1686,59.57813102478208,4526975.384185916,1.053781742958659,1.4533862399266009,-25.260363622685688,100.0,-39.181605444048245,33.77913992800448,100.0,3.145793349741041,316.90196791745063,0,1
1687,86.97102115992705,7891903.176164104,1.053781742958659,1.4533862399266009,8.969034586558152,70.17640803769821,-1e-20,100.0,98.55028294237104,30.209208327111725,521.1983965016716,0,1
1688,42.31871933483974,3012380.3172644824,1.053781742958659,1.4533862399266009,100.0,-47.65472533014764,-38.84726052363686,9.663204379246189,100.0,0.5090101091676615,270.7544096404783,0,1
1689,59.94747892458014,3160593.95939958,1.053781742958659,1.4533862399266009,23.973443109742767,100.0,-61.20798524495862,-0.463767825513095,100.0,37.28873887787356,283.2013113739995,0,1
1690,74.4537356327957,3890250.9606728745,1.053781742958659,1.4533862399266009,81.48990663334473,82.730084057374,-74.40468148013595,30.56473801558036,100.0,69.26465604380837,391.9916860210451,0,1
1691,63.379916047531154,3775928.0983238113,1.053781742958659,1.4533862399266009,67.13805669787888,100.0,-32.63546682415117,-21.068160910294324,61.83607232013277,53.143425945690936,305.98930936279635,0,1
1692,16.96340727071386,1395432.8595360706,1.053781742958659,1.4533862399266009,100.0,29.1929204384698,-50.22137688464903,36.07917992183974,-41.0285975542515,38.082379020530965,158.12875015520063,0,1
1693,28.92961039450772,4182937.046666393,1.053781742958659,1.4533862399266009,59.56356526654412,38.650178092841855,-74.92941693616831,100.0,-1.96953658857268,32.24074299521854,250.7963379257619,0,1
1694,70.8190890902815,5339480.379707918,1.053781742958659,1.4533862399266009,100.0,100.0,-43.53435227096527,75.13831097274857,7.644821985948422,57.60110454605214,461.64151077438567,0,1
1695,69.24912869787192,2462267.4306527427,1.053781742958659,1.4533862399266009,100.0,100.0,-71.72739175870178,-10.830004005523332,77.91366383887548,74.62223546793842,339.5291842840309,0,1
1696,49.5724191634881,3977410.4403708912,1.053781742958659,1.4533862399266009,100.0,-20.329138528811253,-1e-20,70.37537226249812,25.79492417959828,38.78508887927046,349.7208377614552,0,1
1697,64.83364395332352,5686547.915346474,1.053781742958659,1.4533862399266009,85.09244934257683,47.644960593145285,-11.883529832480974,100.0,9.505448940586568,48.564727114012726,448.8638647677825,0,1
1698,73.44731654916772,6894222.705805495,1.053781742958659,1.4533862399266009,100.0,37.53941626804124,-38.40258425041091,64.38220513077124,72.49297620644737,65.17964220438736,438.4511626411396,0,1
1699,57.76179230291332,5320375.94973891,1.053781742958659,1.4533862399266009,42.75569284455497,100.0,-92.0837583133277,48.54461916551931,76.68748801859972,42.540631180690696,325.2850421168284,0,1
1700,11.547899370671155,1872715.533706756,1.053781742958659,1.4533862399266009,-3.462457115969684,14.078124270282512,-32.732908140477385,42.45249268936077,23.35363409007619,3.889014522362899,88.10832107859072,0,1
1701,7.384345181907782,2729601.329082021,1.053781742958659,1.4533862399266009,97.9833461352732,-20.815863962874595,-1e-20,26.371106072747857,-56.64317304625496,6.107519815200433,131.47870029272332,0,1
1702,37.899251833163305,5199527.473652443,1.053781742958659,1.4533862399266009,51.57232521748987,-9.535255316331655,-15.103719718863635,100.0,20.2305460001723,26.55660534536591,295.65702835252,0,1
1703,30.64875904048076,1425403.052992319,1.053781742958659,1.4533862399266009,29.59083241970135,73.6341148376168,-100.0,60.350577072109886,39.93001040833412,24.72505945316601,203.90252164460367,0,1
1704,93.59046867794702,3470980.80590353,1.053781742958659,1.4533862399266009,86.54846896418002,100.0,-1e-20,-16.708799133868705,94.7829430687814,72.11235821222624,462.27158828350855,0,1
1705,46.34613457525937,2503757.757518429,1.053781742958659,1.4533862399266009,88.71700149751663,12.53348397678857,-46.75896436131153,58.81129781214188,43.58099653083583,46.27412322750999,301.9335743110312,0,1
1706,30.61921962524863,3872384.42105624,1.053781742958659,1.4533862399266009,27.55638549654239,79.75426787479363,-16.775990615798786,7.885114919235676,-4.122028282389579,6.022879330239448,191.3177249843946,0,1
1707,48.52734563660229,2944127.099583339,1.053781742958659,1.4533862399266009,44.923986294152826,100.0,-28.13668297506037,-23.37495419918413,38.4801375058194,31.067243187327605,237.07629221460317,0,1
1708,34.591601763539465,4192483.619565133,1.053781742958659,1.4533862399266009,14.581225460880276,82.95664835606772,-27.01505552286751,-37.21809078013797,49.01664580332991,12.667495603353103,144.18660061764544,0,1
1709,56.172183996271634,3528120.9627959784,1.053781742958659,1.4533862399266009,100.0,38.23173123425046,-68.40113677039093,56.56139277957458,56.838026099563166,60.24241210211528,343.7806139061052,0,1
1710,74.66227954104224,5234648.555950688,1.053781742958659,1.4533862399266009,100.0,100.0,-28.16740704759552,29.580863210992938,31.297376517814264,63.73196081400573,430.86445945643055,0,1
1711,66.69543979004406,3079146.3850633097,1.053781742958659,1.4533862399266009,27.90692383591453,100.0,-43.91222288012875,62.3004014290124,62.96245547452444,29.228025656319573,397.29033448542657,0,1
1712,87.58056182259841,5159232.1040180335,1.053781742958659,1.4533862399266009,46.405607934137954,90.22199223479848,-38.21087006373882,73.44668908027347,100.0,51.66720169494821,501.0276926815959,0,1
1713,95.90479307513488,5683425.444397264,1.053781742958659,1.4533862399266009,80.34310055741774,100.0,-7.931009270287547,40.49323459701352,79.08720705688697,65.08204844340625,532.7303937597724,0,1
1714,9.174456402925337,2851091.799804508,1.053781742958659,1.4533862399266009,61.20164414601339,44.0025917257712,-46.456852848836775,37.65529773949478,-47.45679751938017,21.21658221456648,112.60676042191622,0,1
1715,51.178223217356816,3001173.3286898364,1.053781742958659,1.4533862399266009,100.0,100.0,-38.48203035366354,22.4425389265642,-17.128048473764096,50.70831911181065,320.4079723530284,0,1
1716,27.71615383543473,3237568.776523923,1.053781742958659,1.4533862399266009,60.53133849668649,61.1615494307786,-83.00132345841999,-67.33239245614038,78.78579696168549,33.86681206429284,74.11892032945562,0,1
1717,105.42269847501127,6813019.321927968,1.053781742958659,1.4533862399266009,79.24899963288848,100.0,-34.51598363233828,100.0,92.62605681992046,67.88407345663933,629.42841216497,0,1
1718,44.99651476388309,2484919.651960944,1.053781742958659,1.4533862399266009,100.0,100.0,-32.38564961619469,59.90387988922051,-60.42653915648653,37.91254948394473,344.1801177558783,0,1
1719,27.391931391848686,3302034.8523368267,1.053781742958659,1.4533862399266009,11.091660697027235,2.5230429615432755,-28.07799549241585,32.15507262226676,65.4493693634185,17.960015430122482,149.50822228497117,0,1
1720,57.86743786011495,3558565.2316592704,1.053781742958659,1.4533862399266009,6.850002211582009,60.1977053753762,-22.279720856709595,30.979139279503173,92.54438625789558,27.521304162762902,300.76974553229775,0,1
1721,80.10485895779419,2817477.0902403523,1.053781742958659,1.4533862399266009,73.99753371945887,100.0,-95.77760952153572,100.0,82.84951732460856,62.57352275456191,491.2148073841584,0,1
1722,22.16439038407645,3103805.2468451,1.053781742958659,1.4533862399266009,98.09060909855783,38.14684817289163,-35.079435743370325,-29.465723510702187,-8.41633105707227,38.137503595562094,120.15417883327834,0,1
1723,43.26723300152239,2254448.183886272,1.053781742958659,1.4533862399266009,96.699790823739,89.4073281198044,-75.82083962944746,2.601033959554543,17.781641365699272,58.33986417008381,237.6288223932493,0,1
1724,50.56001364223813,3898024.341701793,1.053781742958659,1.4533862399266009,74.73461031762267,42.02728541049856,-47.60526038694203,-34.313428998734686,94.71027363778872,51.68658805217541,216.7487740137562,0,1
1725,37.32566472799331,2471184.106839243,1.053781742958659,1.4533862399266009,76.06416042106142,78.81960706274558,-71.31121270982314,-28.78005078148447,42.96975409696242,53.06424352922543,162.70934911109586,0,1
1726,61.06131587754844,2279355.8374973577,1.053781742958659,1.4533862399266009,52.32887470844832,100.0,-5.106280214863608,81.6180908754238,-15.86086675948918,20.97901096794257,429.55264840676057,0,1
1727,99.15431855942902,5312060.610461342,1.053781742958659,1.4533862399266009,100.0,100.0,-70.94701949763424,100.0,90.49301863904246,78.15192425241918,595.8071295163245,0,1
1728,18.756845885695405,2921060.5968817025,1.053781742958659,1.4533862399266009,100.0,34.59875990581737,-1e-20,63.466562976258245,-100.0,29.641470100475743,219.4767027084893,0,1
1729,77.95342804228517,2225828.2703168,1.053781742958659,1.4533862399266009,100.0,100.0,-7.863387286307688,9.482324198011256,34.38720153732349,64.51140198398224,430.7019566076284,0,1
1730,32.67572871853015,3012466.2348991046,1.053781742958659,1.4533862399266009,72.5838409317929,7.540910122017182,-52.34545496650538,41.39348398695096,40.32233917883216,34.526557290111555,213.33078204524415,0,1
1731,0.1528839785075219,1041.9107050225412,3.565042325487441,4.237187022381605,-53.26873998520827,6.955328876076713,-79.47018239418118,54.08745237202116,62.81555909949144,-0.0114305623417259,0.047642616416331,1,1
1732,0.4330304267343318,839.1099264699209,3.565042325487441,4.237187022381605,-100.0,8.512366140824371,-69.14136586442181,-39.12361381002952,100.0,-0.041040761510943,0.0435136015311395,1,1
1733,0.1328524666758336,934.4569447449356,3.565042325487441,4.237187022381605,-30.965520412692115,10.712889237006925,-61.0369436451251,-3.158127691542454,38.87613762051919,-0.0786261661957796,0.0771143399738855,1,1
1734,0.2960375654982951,978.2256258069592,3.565042325487441,4.237187022381605,-100.0,0.7718610358422242,-50.3011945945898,23.07984181992297,85.00567581772266,-0.008966792396297,0.0320817112476333,1,1
1735,0.4678480175375241,783.0869643917713,3.565042325487441,4.237187022381605,-11.706698941422452,13.478217609577754,-100.0,-76.22105444207223,99.80980659995406,-0.053458232969095,0.0794835273165682,1,1
1736,0.2690276962822769,819.5197347380712,3.565042325487441,4.237187022381605,-44.17771588765528,6.40577682764212,-21.75151622662162,-47.93719938858135,39.521046262852806,-0.0357259158522864,0.0545363994658548,1,1
1737,0.0485931053614431,954.1646208156372,3.565042325487441,4.237187022381605,12.94698377380412,4.276904414166546,-65.60794938632795,35.7058733150381,38.523924509377686,-0.0219064845101076,0.0438968403696892,1,1
1738,0.4935406416587652,973.8680196896332,3.565042325487441,4.237187022381605,-67.98861754653385,3.5060612405998746,-54.32943675599209,-44.80256724381449,100.0,-0.0137148215565238,0.0673553882340629,1,1
1739,0.4223663376010422,939.1533035966736,3.565042325487441,4.237187022381605,-5.270158250997724,4.893244919792975,-80.03748138720918,-54.312607061787936,100.0,-0.0815523557752538,0.1108661433424028,1,1
1740,0.40736754247595,861.8980187774059,3.565042325487441,4.237187022381605,-100.0,9.672345707945468,-87.14073645081291,11.348618804399932,100.0,-0.0171267819657533,0.0722182452416797,1,1
1741,0.1896822883847521,829.8107933323538,3.565042325487441,4.237187022381605,-37.76276853967393,3.62059886584915,-71.22645609590079,15.519253592107852,73.08611076507485,-0.0486096312226357,0.0471404975888369,1,1
1742,0.3573032336808598,945.3796882908166,3.565042325487441,4.237187022381605,-74.51923564347939,5.218706846562045,-55.19441806801516,-28.99030156637587,83.94364284782934,-0.0192996460961242,0.0280251424073712,1,1
1743,0.3076457595223065,917.901970223078,3.565042325487441,4.237187022381605,-100.0,-0.5503138181283784,-10.29348030133236,-21.88262891719572,63.17516983248395,-0.0070942774754368,0.0139840406420166,1,1
1744,0.300712491223482,936.378165249449,3.565042325487441,4.237187022381605,1.0082996095338856,7.897649473120784,-20.649571722405245,-100.0,35.4871124022236,-0.042231845111704,0.0435217298755438,1,1
1745,0.2869815770313879,835.5918299452469,3.565042325487441,4.237187022381605,-100.0,-3.749029205050981,-14.73379523132516,1.7532668819484345,71.14954644483238,-0.0402874244337193,0.0520958442959614,1,1
1746,0.3883184895245753,1022.878772583796,3.565042325487441,4.237187022381605,-99.4388885179068,6.946780727342398,-74.18687409628447,-9.17473450976427,100.0,-0.0201411242178405,0.0344552225931584,1,1
1747,0.2884397076963232,1037.0283766372816,3.565042325487441,4.237187022381605,-26.630766439270623,-5.616753489480333,-11.63427554610498,-30.88268392949586,62.70339895234163,-0.0975233574492995,0.122530907606095,1,1
1748,0.2716427958195026,991.4880133781834,3.565042325487441,4.237187022381605,-80.48980851024218,7.73376722188457,-100.0,28.18166500653372,100.0,-0.0408321807313079,0.039797373237822,1,1
1749,0.5290325818645841,926.1821321794448,3.565042325487441,4.237187022381605,-100.0,5.570901173023271,-38.03484578148375,-64.61912237643037,93.3041892818379,0.0071062952295929,0.0359963178520078,0,1
1750,0.1634445096840623,829.6140007366877,3.565042325487441,4.237187022381605,-39.476305485060266,4.217421818434718,-3.2961198206074727,-31.55959254066329,17.626131697684805,-0.0433259146730298,0.0552176078429653,1,1
1751,0.2308208347350549,865.036812270406,3.565042325487441,4.237187022381605,-19.73346587995421,4.62944849016541,-74.31711210814028,-0.7818679464533531,74.38268175787718,-0.0491206952045023,0.0608078709176309,1,1
1752,0.2969874662303288,930.5844581637282,3.565042325487441,4.237187022381605,-10.071631052169144,6.441362079059225,-50.024799779003246,-47.058103388457305,58.32412793067028,-0.0179090489231441,0.0435347459003159,1,1
1753,0.4094693774443394,924.4740537841584,3.565042325487441,4.237187022381605,-35.17691200452553,13.81076362147949,-56.81640126156126,-79.95989717597504,61.88616506201305,-0.0649599474999814,0.0994891102021753,1,1
1754,0.3378163627679494,1038.7587849436406,3.565042325487441,4.237187022381605,-100.0,0.6589395779150018,-1e-20,-36.30786873380006,55.00703992822167,-0.0156197236068675,0.0370160794743432,1,1
1755,0.3958017522415993,1033.6856410346672,3.565042325487441,4.237187022381605,-21.95463145836924,1.725834224394598,-68.54961469442009,-43.8753607848568,100.0,-0.0992158414361452,0.1155215249265521,1,1
1756,0.3917362406029379,931.0565219365496,3.565042325487441,4.237187022381605,-85.29244126152359,4.657536989649484,-35.32879075036912,-46.951314440601706,76.61949140892877,-0.0104955955241512,0.0239621779647513,1,1
1757,0.4879115646131255,849.8567951401382,3.565042325487441,4.237187022381605,-2.2790151954414988,5.101173688469949,-54.23212543699738,-98.54203133018392,89.02861792843713,-0.0641270135227729,0.0970279012086571,1,1
1758,0.0730921848538669,952.739718736288,3.565042325487441,4.237187022381605,-100.0,0.8110262590460389,-60.029204803592975,100.0,61.59216938713999,-0.0076481378915244,0.0290208067970137,1,1
1759,0.5596004880679311,1031.3704032534506,3.565042325487441,4.237187022381605,-100.0,2.181303822535926,-15.048948531943395,-89.57580565367559,90.8399490885354,0.0023178930238239,0.0310252049956353,0,1
1760,0.1496810907351417,861.7290774900736,3.565042325487441,4.237187022381605,-100.0,1.9119751478048224,-100.0,100.0,100.0,-0.0337410476072003,0.0391480133233484,1,1
1761,0.4496459196267807,963.8102162577296,3.565042325487441,4.237187022381605,-65.98715542179673,11.148783461236524,-83.243270951542,-54.26602192468625,100.0,-0.0460499644877297,0.0584313292907671,1,1
1762,0.2545233043608351,913.3180142076028,3.565042325487441,4.237187022381605,72.74228086121205,7.782639688587573,-25.8770231153254,-100.0,18.978411485103468,-0.0174986387358701,0.0584045319998743,1,1
1763,0.192525565836965,1074.13339795896,3.565042325487441,4.237187022381605,-100.0,4.10884518245083,-59.51838153349574,44.19906976246052,70.75318995408087,-0.0236312759670343,0.0316756414340749,1,1
1764,0.1816822776741614,841.4507065558824,3.565042325487441,4.237187022381605,-45.49540773653149,-0.4418372961065255,-24.80466105132626,1.3286294766486009,48.29293217427463,-0.0230312593675279,0.0354627536698423,1,1
1765,0.3787361982864946,933.0177594519268,3.565042325487441,4.237187022381605,-100.0,9.709017832503168,-55.85905161375007,-40.09860525447577,80.32594253171858,-0.0694859299226343,0.0687218791404234,1,1
1766,0.3491425237204711,980.3617158016413,3.565042325487441,4.237187022381605,-84.66988333386206,6.471079471769159,-60.389142754459385,-2.0980695792150925,80.83385290849925,-0.0063840027639131,0.0463777683503726,1,1
1767,0.255849754989215,997.4036470015168,3.565042325487441,4.237187022381605,-11.32589015045996,4.19530452385029,-39.70511603134671,-53.79259698296968,55.11308670100743,-0.0499374300624655,0.0436445595043546,1,1
1768,0.2031785384937867,794.0435051603451,3.565042325487441,4.237187022381605,-9.9798640435135,-0.897603033756071,-100.0,52.69268960781109,100.0,-0.1220452952767954,0.1500456298015961,1,1
1769,0.3664565313026534,968.3248814455224,3.565042325487441,4.237187022381605,-79.24810689145403,7.620223693287969,-61.45066596479361,-30.942148822766264,84.10706603267843,-0.0311805822143789,0.0402962228014785,1,1
1770,0.4253059254321608,969.9515095051288,3.565042325487441,4.237187022381605,-100.0,6.865321578771898,-1e-20,-96.25365431712991,53.7936469661837,-0.0747585726354543,0.0738859399349301,1,1
1771,0.1542538131465996,1070.3110020867302,3.565042325487441,4.237187022381605,-100.0,4.996081185837419,-57.87064802968951,51.124160209694736,62.1707424520848,-0.043344542352101,0.0503882187994614,1,1
1772,0.4348978416805609,852.3022819030966,3.565042325487441,4.237187022381605,-76.70387197626188,7.339507868012453,-28.467604297503662,-73.14872691728281,68.02892098651346,-0.0307516473568454,0.0568563221017166,1,1
1773,0.0958515486073477,805.1160611226343,3.565042325487441,4.237187022381605,2.42642031064214,8.072613220152276,-50.02252407181767,-11.40063466581239,28.017840108247285,-0.0467805317614983,0.0475046760641419,1,1
1774,0.2380875885477474,960.9375612586946,3.565042325487441,4.237187022381605,-100.0,-0.2194597680517049,-80.123193199154,76.47188729148976,100.0,-0.0325777045536718,0.0645496013063749,1,1
1775,0.4556183558913895,931.1787114420918,3.565042325487441,4.237187022381605,-33.74683081344095,7.462322042814035,-1e-20,-100.0,37.72108239878477,-0.0164625764730021,0.0972168255831991,1,1
1776,0.4406103143767901,913.5490777248426,3.565042325487441,4.237187022381605,-90.95896317075136,4.758244840938773,-17.093144261010792,-37.34021989575655,62.351054221259176,-0.0143498218037592,0.0954297380297305,1,1
1777,0.364691076857264,972.0397133032563,3.565042325487441,4.237187022381605,-100.0,-5.479707826637073,-32.02381166672617,-7.065166375723948,100.0,-0.0992459477170373,0.1003584909896822,1,1
1778,0.5062337776452129,1022.6673927360614,3.565042325487441,4.237187022381605,-59.00096436457321,16.965595172957215,-92.37744361873796,-93.49310879434756,100.0,-0.0966327962064238,0.0966638645087302,1,1
1779,0.111515484327431,808.2810946264805,3.565042325487441,4.237187022381605,0.483527336739229,2.485644731245534,-1e-20,-31.58582131433037,6.36647554843649,-0.0058275693507561,0.0258481527935903,1,1
1780,0.3433963682456217,884.8672434473239,3.565042325487441,4.237187022381605,-82.17827474231247,11.428505091180485,-100.0,-2.494468646905359,100.0,-0.0576683548425684,0.061207018895095,1,1
1781,0.2772635587726659,885.3142225761511,3.565042325487441,4.237187022381605,-77.33499429671457,1.8051360028595855,-74.93084544274605,27.92130631881142,96.02896346597058,-0.0452524135919657,0.0563884504823746,1,1
1782,0.2731806550868111,882.4360965410712,3.565042325487441,4.237187022381605,-55.39595509552515,7.862189389502531,-100.0,44.23508261510483,89.75564560411513,0.0093472819174531,0.0453102110878495,0,1
1783,0.0877724390604713,888.4775914591349,3.565042325487441,4.237187022381605,-100.0,0.9702477025192168,-74.1245531139851,98.3332996669219,75.38581702411703,-0.0055044658703419,0.0102668468043375,1,1
1784,0.3217610347399836,992.5144096566436,3.565042325487441,4.237187022381605,-34.90469719545791,13.748880335548195,-29.10603135784138,-100.0,34.81885087609069,-0.1149581759248568,0.1106470959243499,1,1
1785,0.3377567434321784,975.5921746862466,3.565042325487441,4.237187022381605,-62.87183567593238,2.7086811978671688,-71.49572635758084,-16.317208848859448,100.0,-0.0745036431568755,0.0663669849483743,1,1
1786,0.3594901922985505,937.0007395664184,3.565042325487441,4.237187022381605,-85.71854320694011,-5.483874219582091,-23.235872332091017,-21.021574161833072,90.93660919270695,-0.0983051738068255,0.1007826330607929,1,1
1787,0.3041944100150577,911.3207009014428,3.565042325487441,4.237187022381605,2.575237602069677,4.640327908959828,-100.0,-13.322946637737145,100.0,-0.1056710986602129,0.1172156984293371,1,1
1788,0.2505084324686218,992.4344592137196,3.565042325487441,4.237187022381605,-51.64854701792184,5.245737067275791,-100.0,24.67391092720077,100.0,-0.0663141014538026,0.0630390878261458,1,1
1789,0.5273428028776419,933.293988932479,3.565042325487441,4.237187022381605,-100.0,5.885853918778389,-20.0939641981085,-100.0,83.35908288347989,-0.0248148218875115,0.0352676857924412,1,1
1790,0.1834421389054706,1023.368884812409,3.565042325487441,4.237187022381605,-16.40779940785852,-2.307731973720444,-23.65889667909905,16.64323952602398,42.66704486546677,-0.0294601408709601,0.090952886520135,1,1
1791,0.2536601531522373,986.2937573413768,3.565042325487441,4.237187022381605,20.113369002376345,2.6999087484017927,-1e-20,-80.20563090607828,21.059106490382877,-0.0025867896415278,0.0361037107680218,1,1
1792,0.3685735420215068,872.6415576138905,3.565042325487441,4.237187022381605,-93.49749786802197,9.570204674398177,-100.0,47.14541936648873,100.0,0.0007664338343174,0.0816531259066171,0,1
1793,0.4478911633258388,940.8396732093752,3.565042325487441,4.237187022381605,-63.44460508993768,-0.5891437785695006,-40.69949729370308,-60.80928068233063,100.0,-0.0883675926408591,0.0920061779943069,1,1
1794,0.2738422889044484,908.820370902615,3.565042325487441,4.237187022381605,-64.43156749017692,6.441600317157202,-67.01844727351623,-6.782012223447833,77.56345556311933,-0.0314094122869743,0.0320600522541199,1,1
1795,0.4174895887671363,891.9722960958418,3.565042325487441,4.237187022381605,-100.0,5.782819357863476,-41.38584391107673,-55.78366348455412,85.98886365683911,-0.0340440090787341,0.0275978752678804,1,1
1796,0.1052917802300808,931.8955934079288,3.565042325487441,4.237187022381605,-100.0,3.793444692236241,-72.88595983963165,81.6219426109472,69.85777124847463,-0.0241772398902326,0.0272138398080323,1,1
1797,0.3024283383085823,877.4417460969854,3.565042325487441,4.237187022381605,-80.55523295168668,7.19712188591509,-81.54805598812973,18.47894176397608,89.09506296191066,-0.0132976031106304,0.0384560418372713,1,1
1798,0.3159405046554964,902.0448577924572,3.565042325487441,4.237187022381605,-62.92568532409501,8.645971764545406,-100.0,7.805311462254341,100.0,-0.0381941400490402,0.0487908533785905,1,1
1799,0.3633479699053728,937.8069312325894,3.565042325487441,4.237187022381605,-79.68269002303371,7.2785684795037,-82.3408070131458,-11.166813988166425,100.0,-0.0327914244383138,0.0391250535140777,1,1
1800,0.1156362004070336,1117.0889096342894,3.565042325487441,4.237187022381605,-95.40124562902191,4.358018829149543,-37.796188822843206,49.97890726562335,42.21369742333988,-0.058043357838672,0.0752559361233691,1,1
1801,0.3955891245086631,962.4292620688803,3.565042325487441,4.237187022381605,-100.0,8.124820485531856,-75.50901464432303,-18.357254272612867,100.0,-0.0352148846907623,0.0413693460613176,1,1
1802,0.3624135462126036,961.3947139650344,3.565042325487441,4.237187022381605,-68.80542546996661,10.03940983390702,-68.44811420509156,-32.847097847870444,80.05806277048174,-0.0441031798256717,0.0610221319873589,1,1
1803,0.4996575350370631,933.9324211848916,3.565042325487441,4.237187022381605,1.4050224633914326,12.052325661822618,-90.77001876531506,-100.0,100.0,-0.0640638073869421,0.0857540874970069,1,1
1804,0.2038757671303232,1039.9632723304896,3.565042325487441,4.237187022381605,-83.2104416677602,1.2345066949460497,-70.55692817800887,56.69038182725222,84.04580244935333,-0.0205296781694152,0.0399275428190076,1,1
1805,0.008486430982969,929.882949552469,3.565042325487441,4.237187022381605,-8.928143614292168,-0.7272155180415316,-30.12342726656009,35.53835340979173,25.205156276049777,-0.0301773657026124,0.0357248094075016,1,1
1806,0.2804709567961063,936.2233595236128,3.565042325487441,4.237187022381605,-3.776926502145967,16.814640782995106,-92.07195271494108,-55.97307341314742,62.128763615729255,-0.0998510743363359,0.0991135734121117,1,1
1807,0.4439605488785531,842.0768977020593,3.565042325487441,4.237187022381605,-13.360545841856167,13.771846747970988,-100.0,-19.93976421277636,85.42456925904641,0.0184075767473812,0.0936463854275786,0,1
1808,0.4472837935284515,979.1467211598576,3.565042325487441,4.237187022381605,-100.0,4.482232104826491,-41.2405484198417,-48.4363131352284,90.5970827849269,-0.0053770209826787,0.0209440884589613,1,1
1809,0.3055232477874151,884.242170937931,3.565042325487441,4.237187022381605,-33.02849720584236,6.2025464976762335,-28.03600926246036,-45.17344798963363,45.029870811169104,-0.006741851247751,0.0506028158982206,1,1
1810,0.5693475161861823,913.7548048947922,3.565042325487441,4.237187022381605,-100.0,1.96055521545462,-23.95423954784414,-87.67981455692421,100.0,-0.0169736576318525,0.0434360277299603,1,1
1811,0.3222602090761722,851.1105658344467,3.565042325487441,4.237187022381605,-62.45247329716936,6.450389399526292,-1e-20,-62.00729339374028,30.88569778223806,-0.0555851549573739,0.0950206877049056,1,1
1812,0.2447787427232648,1040.6351037406384,3.565042325487441,4.237187022381605,-100.0,-2.251997993636793,-68.16807169252614,78.38653451283086,95.73300114724364,-0.0379837210292271,0.08453551993065,1,1
1813,0.1074481062754122,1005.4759875796012,3.565042325487441,4.237187022381605,-86.30334979503863,0.8800530252240955,-54.75773314126815,85.2053638778281,58.60712520457832,-0.0006067397184445,0.0376573380207025,1,1
1814,0.2522294493305487,950.8342659399982,3.565042325487441,4.237187022381605,-63.76652427585032,4.499422564300022,-61.07155552938453,9.90487564834865,73.16806915460567,-0.0076335092200126,0.0249771821367478,1,1
1815,0.3414796789990111,893.6748076113348,3.565042325487441,4.237187022381605,-8.840805726071899,11.096834223480672,-67.2923520560679,-72.81363473968257,67.3027253304067,-0.0553763822810465,0.0601512880818035,1,1
1816,0.5162807311599743,976.0923755922609,3.565042325487441,4.237187022381605,-80.96985743003674,4.1260973095680775,-41.64651291381232,-85.14992719784587,100.0,-0.0378412665562805,0.0433738234153661,1,1
1817,0.4498815866897947,845.4573844185855,3.565042325487441,4.237187022381605,-100.0,4.931069759248919,-1e-20,-100.0,62.64467996949141,-0.0474533085842126,0.0423516935970824,1,1
1818,0.1141125165151836,955.5998310775972,3.565042325487441,4.237187022381605,-100.0,-6.55620951538013,-37.97309997039911,78.23942419826112,73.02545608273414,-0.0751592780513167,0.0738768951660052,1,1
1819,0.2470592867753134,879.0010647809285,3.565042325487441,4.237187022381605,-35.42347522487061,9.084966910816592,-88.95725240657227,-6.568920185006979,79.66445430000196,-0.0531818383532283,0.0493835802004381,1,1
1820,0.2738047422283701,949.8306458502576,3.565042325487441,4.237187022381605,-61.05723027173427,5.80349548555918,-100.0,34.94039444008133,100.0,-0.0329198498271048,0.053948553583541,1,1
1821,0.2000876313702541,986.31312104692,3.565042325487441,4.237187022381605,-79.95084219027005,2.9887951985529115,-34.967945268383176,22.254304110083236,52.01639226217364,-0.0158215604636455,0.0429791973701429,1,1
1822,0.4336381500567159,832.8628012114747,3.565042325487441,4.237187022381605,-88.32927167055658,15.143183688366694,-100.0,-22.208497148267185,100.0,-0.0721218366867779,0.1051555639260741,1,1
1823,0.4179966560066898,833.9529814914625,3.565042325487441,4.237187022381605,-70.51980752634452,5.029999954775086,-30.375014656047945,-61.30506915959972,71.99641341565525,-0.0004927820398692,0.0283242903822643,1,1
1824,0.4749374792049806,920.6198838527238,3.565042325487441,4.237187022381605,-100.0,6.460373627679446,-49.06113051749424,-65.48019998577114,96.92122762872226,-0.030716005029861,0.0301475654733051,1,1
1825,0.2987898361832833,946.5090044586716,3.565042325487441,4.237187022381605,-100.0,2.710417411611791,-43.189824203246,22.119024905795133,72.54350016111485,-0.0003162288927234,0.0457327618768118,1,1
1826,0.1480681292286783,886.7736933884107,3.565042325487441,4.237187022381605,-81.63171854850704,1.1470958090471108,-100.0,89.20276522959918,100.0,-0.060786062224737,0.0608470786861556,1,1
1827,0.4961935674025095,912.19644420719,3.565042325487441,4.237187022381605,-44.79291682344629,8.971293960285637,-51.02329436907445,-71.57474219026669,79.10828982608454,0.0107314129226216,0.0576615888002813,0,1
1828,0.3886953473278424,857.8636586354651,3.565042325487441,4.237187022381605,0.4629862628171395,2.9860720112221237,-25.46973090198768,-95.3514908471974,61.24308815790611,-0.0507408174510775,0.0719119814935814,1,1
1829,0.1001366687823858,945.3604251292584,3.565042325487441,4.237187022381605,-63.422927058760855,3.319822918530054,-39.24258188538899,53.65505629129225,36.83023238621165,-0.0223446993297081,0.0622473834409397,1,1
1830,0.3573322600258185,932.7315329818532,3.565042325487441,4.237187022381605,1.094873539571491,4.914301124015905,-52.79385481856015,-79.48510123625965,74.21519985778507,-0.0768048676934275,0.0766314334082158,1,1
1831,0.0181810682589861,77.39981259988694,3.450317238911107,5.9334145391034205,10.189154709544198,6.558968454139046,-34.42285057851976,5.744658103973755,8.898260117705949,-0.0065717663605104,0.0145596323354802,1,1
1832,0.0527808807350424,67.47496485841444,3.450317238911107,5.9334145391034205,-81.2790868759028,12.294828419448102,-58.18966989485515,51.03055532758714,31.8373933867773,-0.0336532980265391,0.0361948859822433,1,1
1833,0.1520162835916144,64.78908152855429,3.450317238911107,5.9334145391034205,-100.0,13.7470357242155,-46.72257003402473,-76.42846575778326,55.59806059210252,-0.0303483197512394,0.0346097933788688,1,1
1834,0.1280608495611807,68.84238945214877,3.450317238911107,5.9334145391034205,-69.85571609577201,10.318020731017803,-52.96728115037307,-57.52551830845191,56.47453403672097,-0.014545212678753,0.0209722947458191,1,1
1835,0.1035202889829887,71.60702992063716,3.450317238911107,5.9334145391034205,-100.0,1.9088339815485036,-0.3671604526679441,20.756442188159923,31.181202266872862,-0.0155934529459705,0.0256363456625694,1,1
1836,0.079008583917821,75.06782623538066,3.450317238911107,5.9334145391034205,-41.32972496214242,15.200945207494849,-55.02673303943597,-21.429863287419288,26.44033629193419,-0.0309781780494011,0.0394799858766714,1,1
1837,0.0967667800494961,64.54498922850979,3.450317238911107,5.9334145391034205,-100.0,3.552857418395033,-45.20892050807365,33.10748669160807,58.38726824456453,-0.0045928300079601,0.0095913643860926,1,1
1838,0.0564388678246775,64.36283361296664,3.450317238911107,5.9334145391034205,-46.35142493444881,4.980520568881896,-61.83767680392853,36.42328016096211,48.60440775027456,-0.0029655368453578,0.0091317191446596,1,1
1839,0.0563708400994017,67.89659637685706,3.450317238911107,5.9334145391034205,-39.87199624684772,5.301663182465628,-85.17588034628749,22.76475274206794,65.86888697573002,-0.0153635395376473,0.0173354430425279,1,1
1840,0.0172805584497675,75.39678700020355,3.450317238911107,5.9334145391034205,-18.93532005809135,0.6175411143456255,-97.15365869408106,53.99796056231856,72.4589692588507,-0.0347329249727079,0.0327745010519284,1,1
1841,0.1091210191877147,69.08810436279289,3.450317238911107,5.9334145391034205,-88.3082804282906,-4.974313299781072,-24.72184773986853,-12.74880415303383,70.4776814291195,-0.0214687831604286,0.0227712312798478,1,1
1842,0.1664540675715354,63.00229174625479,3.450317238911107,5.9334145391034205,-88.55059425061054,2.421731380689418,-41.98100531404035,-74.22058968827865,81.26581788756157,-0.0068578427484041,0.0143904210515191,1,1
1843,0.1523013424615111,62.40736035613158,3.450317238911107,5.9334145391034205,-70.2947616700036,10.820815950392092,-95.66191538843978,-92.95684420013036,96.22106901109282,-0.0211963554687606,0.0219728655768933,1,1
1844,0.1496695084511966,68.76148922689384,3.450317238911107,5.9334145391034205,-100.0,0.7632865787293741,-65.01291881418433,-50.492676431395736,100.0,-0.0228663397683492,0.0229115463019778,1,1
1845,0.1596647771068329,65.72140456169203,3.450317238911107,5.9334145391034205,-100.0,14.270054015012528,-83.79847693805368,-83.01524628796041,84.55963197353692,-0.0244070686775159,0.0247380327414706,1,1
1846,0.1326737939305257,73.357380062725,3.450317238911107,5.9334145391034205,-55.4150964594257,7.465765749659104,-100.0,-77.85032206580209,100.0,-0.0284721834828306,0.0281011412519814,1,1
1847,0.1684516989399607,69.58212788085324,3.450317238911107,5.9334145391034205,-100.0,8.953243179087728,-84.66196352899624,-71.1034721227403,99.0758909217312,-0.0135869121070512,0.0164253987046587,1,1
1848,0.086087320684757,70.94107448569777,3.450317238911107,5.9334145391034205,-91.96900762905776,13.119034427102084,-76.86494568636702,16.083785274030788,56.06935872822404,-0.0286974860006975,0.0292332802186927,1,1
1849,0.1561222259168168,72.4450199631389,3.450317238911107,5.9334145391034205,-100.0,-3.295594864518553,-47.74354717037216,-61.86730489309544,100.0,-0.0305135597257332,0.0306727718581394,1,1
1850,0.1458926088503112,74.68640033515467,3.450317238911107,5.9334145391034205,-62.71376995473534,7.023458083118607,-69.2594589521703,-100.0,84.28750504585332,-0.0176335333395091,0.0188975755546472,1,1
1851,0.0402095316924181,67.26434136051255,3.450317238911107,5.9334145391034205,45.90633428599107,1.0217132601746814,-5.193706304312533,-100.0,10.383483299513134,-0.0146374744648183,0.0187987357763063,1,1
1852,0.0928529874130683,66.20903199675224,3.450317238911107,5.9334145391034205,-90.8886190356256,13.540440714161008,-100.0,21.49260879138712,72.74637939665277,-0.0239094308185576,0.0249257082922343,1,1
1853,0.0365383149509633,67.74058040765031,3.450317238911107,5.9334145391034205,-27.569628159693117,14.551103844676614,-65.59744936528925,-19.404388689135963,26.144383959725754,-0.0323921075287442,0.0300509116557379,1,1
1854,0.0557359521975045,68.33843659313241,3.450317238911107,5.9334145391034205,-8.248979140858324,17.477135721997577,-87.35552626092466,-17.859465448739975,33.6270201593444,-0.028192990381963,0.0358052348513472,1,1
1855,0.0760176136282148,73.466147583215,3.450317238911107,5.9334145391034205,-100.0,-1.9172504136684363,-96.51282055994162,100.0,100.0,-0.0258781153846136,0.0284101987329946,1,1
1856,0.097753747168547,73.83253211365471,3.450317238911107,5.9334145391034205,-100.0,6.080443516183259,-81.08923559664004,55.27355118411381,76.40646640423634,-0.0038985813190391,0.009981352507638,1,1
1857,0.1114806733061307,69.06145573124782,3.450317238911107,5.9334145391034205,-93.3057553189589,8.109565229880516,-100.0,49.32130898103208,86.96040040906415,-0.0049335994551303,0.0142221223224174,1,1
1858,0.0957542650424166,69.07723606071421,3.450317238911107,5.9334145391034205,-100.0,9.657270428985605,-77.06833366559367,22.46583040608066,67.82726686445356,-0.0174837641374987,0.0184488323065708,1,1
1859,0.0319313786790151,63.34436184699061,3.450317238911107,5.9334145391034205,-70.05360713345812,0.7567908573840811,-31.737226756918552,64.78538684107828,34.45342685845976,-0.0039271687241638,0.0040191005875181,1,1
1860,0.0888529282530844,64.69825294958098,3.450317238911107,5.9334145391034205,-55.19541951727808,8.034197314908695,-39.79607206940494,-37.376770496124585,40.36446067707331,-0.0137040412898065,0.0168430414709895,1,1
1861,0.132731607793223,68.73247831752126,3.450317238911107,5.9334145391034205,-16.799980639865197,12.706742525869778,-87.81951838140091,-100.0,71.24353587778815,-0.0155630801926334,0.0254440615067741,1,1
1862,0.0720233754529341,68.55310009339031,3.450317238911107,5.9334145391034205,-38.81449335841941,7.7387032366857085,-5.150586001646314,-67.39674039219743,12.279465278693245,-0.0219580840367122,0.0228436589240976,1,1
1863,0.1252498865970538,75.73398950806154,3.450317238911107,5.9334145391034205,-93.178360616953,10.207079745956976,-100.0,-26.25276542725356,93.31961995606082,-0.0180705792950175,0.0170559153518549,1,1
1864,0.0270148935326576,67.73749123677923,3.450317238911107,5.9334145391034205,-47.22611475760592,6.428432143036488,-42.45990545792601,61.06082180467705,22.35791130149069,-0.0146337641650194,0.0199140437453506,1,1
1865,0.0882915654550756,74.68682067360236,3.450317238911107,5.9334145391034205,-100.0,13.286654511528615,-100.0,39.85877409269263,72.3408270193091,-0.0248556863014167,0.0256352503083505,1,1
1866,0.112605200734081,73.0152332021858,3.450317238911107,5.9334145391034205,-48.92830903044988,9.414011008332258,-75.47514240251007,-50.38536231056341,68.01195196842882,-0.0118929832673677,0.0171158552600946,1,1
1867,0.1194797171376813,75.40806471812301,3.450317238911107,5.9334145391034205,-50.42941044056097,-0.1873172128849631,-5.193533986510179,-97.86587423504676,47.20863942610655,-0.0089218716205545,0.0112614142604023,1,1
1868,0.1773424277328877,66.51901371767276,3.450317238911107,5.9334145391034205,-100.0,11.492654401186384,-87.90827631484152,-100.0,100.0,-0.0186062548491053,0.0190071928609388,1,1
1869,0.0345437215814696,73.76721972219345,3.450317238911107,5.9334145391034205,-30.735284047926378,8.25049454495859,-82.7151622021155,34.86059405443556,49.183017585231084,-0.0125248023921886,0.0144749806976953,1,1
1870,0.1713585289108833,61.87361646082983,3.450317238911107,5.9334145391034205,-100.0,-5.798889930200125,-15.541837208501049,-100.0,89.35832795818858,-0.0302127655337173,0.030532481982832,1,1
1871,0.0304849924285253,66.14106581386753,3.450317238911107,5.9334145391034205,-97.56805229424744,7.803972126964069,-47.38106228187949,100.0,29.16594516790293,-0.0295498829163971,0.0301646305652495,1,1
1872,0.0344862343239154,61.60730914279856,3.450317238911107,5.9334145391034205,-64.95225128023492,7.241495641234322,-78.95248411911176,100.0,48.14999150623371,-0.0092638428522696,0.0153514118068476,1,1
1873,0.1319608455053722,59.42748066582077,3.450317238911107,5.9334145391034205,-100.0,8.392631024624226,-89.31249395189757,-19.54882571108797,91.65875321406868,-0.0129000513249248,0.014117520758503,1,1
1874,0.1061378667269703,61.61775370765555,3.450317238911107,5.9334145391034205,-100.0,0.1289292741418397,-58.73286666608224,47.309940532942825,77.37625970264966,-0.0060719676141223,0.0133739833929124,1,1
1875,0.0860222133312596,69.38352752807977,3.450317238911107,5.9334145391034205,-100.0,6.56347335421624,-93.29868887486496,84.4172821047903,78.83178290782311,-0.0039383554234486,0.010919281855275,1,1
1876,0.0235282394919582,69.37492976509924,3.450317238911107,5.9334145391034205,-93.47664859332237,1.646075933924407,-16.653153561938275,91.39873831197032,21.028935146389585,-0.0202577340842166,0.0193754396710286,1,1
1877,0.1682301716913588,62.35972793311706,3.450317238911107,5.9334145391034205,-100.0,8.733714211978633,-58.33145348043245,-100.0,83.2532622956418,-0.0132388630854388,0.0136157982338128,1,1
1878,0.1625493432698208,59.7142051781814,3.450317238911107,5.9334145391034205,-85.94364518309058,0.535661952567434,-53.3089957999735,-72.9660502723029,93.5071853947649,-0.0200416733153559,0.0248281557149872,1,1
1879,0.0766617781468616,68.61443543682338,3.450317238911107,5.9334145391034205,-100.0,1.4744570075346424,-67.70821125895478,66.16815247311138,73.56139661334691,-0.0059433602081008,0.0073578192519138,1,1
1880,0.1280725770728295,69.01152291066825,3.450317238911107,5.9334145391034205,-69.98046537458633,7.5786602429441885,-100.0,5.278696211125048,91.50538518166766,-0.0086284639516062,0.0200982402538284,1,1
1881,0.0052724163851661,71.50075459990617,3.450317238911107,5.9334145391034205,17.925636355443686,6.75022810831984,-28.236016953596557,-2.211804043000466,0.9336444355596925,-0.0097748919309913,0.0151731243936397,1,1
1882,0.0560546137798617,67.3200483618105,3.450317238911107,5.9334145391034205,-10.3632414807565,15.98217172202759,-100.0,-9.539530379617942,46.651406569304726,-0.0230924303033841,0.0294489238775063,1,1
1883,0.1735469223461057,70.57798386178524,3.450317238911107,5.9334145391034205,-100.0,8.983470257615824,-48.6160903915884,-100.0,76.03444048080513,-0.0121068065480165,0.0156245012978812,1,1
1884,0.0736461157393287,66.03941974881815,3.450317238911107,5.9334145391034205,-38.074100765213664,3.04343563000869,-59.5770093540859,-13.276823803342708,59.276196677582845,-0.0137324488771892,0.0166171793740442,1,1
1885,0.1480974719904005,75.96163411029205,3.450317238911107,5.9334145391034205,-100.0,5.517589647831971,-1e-20,-99.24456379874071,43.929582564126015,-0.017571273531327,0.0184612439462131,1,1
1886,0.090247954705619,62.96196469099126,3.450317238911107,5.9334145391034205,-100.0,1.6477122543417655,-100.0,65.34576639031631,100.0,-0.0205477747495433,0.0215767908608535,1,1
1887,0.1508625303486709,73.45362666864696,3.450317238911107,5.9334145391034205,-89.38855852422574,-2.318012490269864,-60.2341726934302,-32.53564748541737,100.0,-0.0270157693393117,0.0332334094854513,1,1
1888,0.1065818115089764,71.14798336575473,3.450317238911107,5.9334145391034205,-81.56779013476476,2.3369603600386077,-59.22062366954266,-17.1428452294438,76.21913228015484,-0.0130016211864889,0.0131475243499438,1,1
1889,0.0306136154438947,70.98673075461149,3.450317238911107,5.9334145391034205,18.288021714021607,12.141156079191418,-1e-20,-98.44221880900812,-18.458085397099037,-0.0328640456110043,0.0329101355209745,1,1
1890,0.0739819372471695,70.84334007860635,3.450317238911107,5.9334145391034205,-100.0,10.885071142585725,-77.48522319252763,61.381908843338735,56.44506403644314,-0.0237685216797638,0.0265420086368376,1,1
1891,0.039720160261155,69.2195346813925,3.450317238911107,5.9334145391034205,-36.00450041109219,2.192814336636407,-4.413704427763587,-4.783655586008013,12.495570964803584,-0.0080214869964001,0.0099911320544222,1,1
1892,0.0715523553080393,57.18054813700154,3.450317238911107,5.9334145391034205,-39.86458344201241,8.14217662950355,-56.42287267370523,-27.644137413700623,45.364396784592586,-0.0121854773514737,0.0138652916981758,1,1
1893,0.0774883721249343,72.95454259772622,3.450317238911107,5.9334145391034205,-41.989397445277255,-2.74822639710625,-37.35557289939082,-28.36391236522817,60.98566605127554,-0.025675958710826,0.0258770028396541,1,1
1894,0.1474388857935535,64.36068319889065,3.450317238911107,5.9334145391034205,-82.90142985053387,17.72548074843675,-67.89667257804552,-100.0,59.79832097114009,-0.0362110492962338,0.0378032891526331,1,1
1895,0.1269714534929388,65.72234564319176,3.450317238911107,5.9334145391034205,-100.0,-14.64758505485282,-30.977461250806734,34.92227219827735,100.0,-0.0508563570118792,0.0588249218916998,1,1
1896,0.189336802659515,64.64784924556997,3.450317238911107,5.9334145391034205,-100.0,2.6627607308086003,-54.93685761529021,-100.0,100.0,-0.0159043200172303,0.0203936213492658,1,1
1897,0.1431634153899595,58.73123418329377,3.450317238911107,5.9334145391034205,-100.0,10.951186730679556,-53.88674802086707,-73.55833587557652,66.63830159220221,-0.0216624443564792,0.0214007926925479,1,1
1898,0.1543468312911525,61.33197954276421,3.450317238911107,5.9334145391034205,-100.0,5.2452601025287,-74.60588468442683,-56.93589676544849,97.0959174566814,-0.0146889619541853,0.0156816030876277,1,1
1899,0.1314143401139447,57.93263407866892,3.450317238911107,5.9334145391034205,-64.5047385570877,14.612729958832634,-76.88707328239119,-100.0,68.22555051738077,-0.0261665053539289,0.0250340082722881,1,1
1900,0.1058634905507522,67.02377258994707,3.450317238911107,5.9334145391034205,-86.8530410883869,4.294330003601374,-100.0,8.763621659868223,99.89023268964807,-0.0226963506784664,0.021758879391914,1,1
1901,0.1181925772511253,66.41538167856321,3.450317238911107,5.9334145391034205,-53.596926305563215,15.466355117896178,-71.59220054759254,-100.0,57.42501799871177,-0.0289954649529236,0.027886498359878,1,1
1902,0.1167726206593744,79.95739016204405,3.450317238911107,5.9334145391034205,-99.79470367706406,-2.7160904908059047,-18.03045957984439,0.0760691165512668,61.54268790962567,-0.0073783490893831,0.0126071136847738,1,1
1903,0.140034236106926,65.08053584108573,3.450317238911107,5.9334145391034205,-55.460181980656856,10.370880974972394,-100.0,-82.5082198991068,94.13742387058528,-0.0219538004977606,0.0243060309944257,1,1
1904,0.1232657006464409,74.20525455467848,3.450317238911107,5.9334145391034205,-100.0,-3.7058603043038154,-63.02055170632939,-3.546542814615244,100.0,-0.0317454556620327,0.0313979423438348,1,1
1905,0.0421253144453655,68.61034691333494,3.450317238911107,5.9334145391034205,-64.65827440193317,7.138652981365585,-59.98235828729262,52.13743819910344,41.25780144182163,-0.0139973196131436,0.0152504286127489,1,1
1906,0.101492426703084,71.50298062442766,3.450317238911107,5.9334145391034205,-78.46085780846485,6.9320809361022775,-79.2862721980331,6.13164251940303,74.94169918660269,-0.0085205185403459,0.0121581720221361,1,1
1907,0.1103123057084887,70.32297177779687,3.450317238911107,5.9334145391034205,-100.0,-0.6759225524263757,-16.550297427655067,-14.098383455383882,55.884106909871605,-0.002621676056298,0.0040431448344539,1,1
1908,0.0293102395528269,84.04266338680414,3.450317238911107,5.9334145391034205,3.0693333801769285,3.6489859377124936,-61.47228852199129,-4.069412856364352,41.78932417759718,-0.0167675647055706,0.0190368579425057,1,1
1909,0.1410002874962785,67.7631423836339,3.450317238911107,5.9334145391034205,-100.0,6.055366834181818,-87.90018947753174,-33.77815112607331,100.0,-0.0164279139571354,0.0165826318605413,1,1
1910,0.0888803127844984,76.4003736130543,3.450317238911107,5.9334145391034205,-60.3192190678952,-1.4797714713169503,-18.91006501150394,-1.7012369275529586,46.02139931611778,-0.0052409175645098,0.0126946558636831,1,1
1911,0.0739215796665304,70.71874370391455,3.450317238911107,5.9334145391034205,-93.5314646206376,5.210357095153561,-48.108138826459545,47.49888383568359,49.31882025112613,-0.0117686300294289,0.0147954784220686,1,1
1912,0.1322038049220688,59.152521827770414,3.450317238911107,5.9334145391034205,-77.2822185539728,-1.8591417974402589,-30.64622043072074,-72.73206177206444,75.74815268466523,-0.021631401155989,0.0214045329704878,1,1
1913,0.1358830731276559,69.70737311564218,3.450317238911107,5.9334145391034205,-100.0,0.1038705128251806,-84.94354929198178,64.17649492311921,100.0,-0.011305710612138,0.0276753870909348,1,1
1914,0.144634624048284,70.47561674066061,3.450317238911107,5.9334145391034205,-89.5847329765572,6.277011883599656,-62.85269439494861,-38.57783186812013,79.2103384507241,-0.0043074128185153,0.0110747222149073,1,1
1915,0.0698988666268645,77.85933667120588,3.450317238911107,5.9334145391034205,-87.6161789680437,10.97626034928121,-73.57468898258809,36.931797988715935,52.97805528963849,-0.0238651779596013,0.0242888856175109,1,1
1916,0.1125080998919621,71.01134919913589,3.450317238911107,5.9334145391034205,0.3357198590044419,-1.4096682042501725,-40.40400104177666,-100.0,65.21904793867385,-0.0318368280343232,0.0399275021556491,1,1
1917,0.0789696432188013,70.59185138073715,3.450317238911107,5.9334145391034205,-44.819963821604894,2.5326396650383574,-35.04750178004402,-34.59682845507076,46.99376414855338,-0.0071620103116157,0.0086403880029386,1,1
1918,0.0849584262389364,62.340017787896,3.450317238911107,5.9334145391034205,-31.706292267440176,10.82479009080346,-47.75096690952689,-77.46327450685382,38.42845311502445,-0.0193400438106519,0.0196336027756354,1,1
1919,0.1579695012172561,68.54749865434863,3.450317238911107,5.9334145391034205,-61.638231272015446,-1.034129548603172,-26.950529833743214,-100.0,74.91046857451462,-0.0183045301588299,0.0256614629027002,1,1
1920,0.0492982616758441,73.23732704498367,3.450317238911107,5.9334145391034205,-40.53886047574106,1.6302362203242862,-25.10940631466582,-12.728531302888676,33.30653330328792,-0.0048714010485385,0.0037622996119389,1,1
1921,0.0971263123508572,70.2459616391269,3.450317238911107,5.9334145391034205,-82.34308442236515,1.909733259966755,-0.7090811676834008,-22.639108886578605,32.095878253169914,-0.0104474663957501,0.0143021672656575,1,1
1922,0.0125872882165803,75.06533018899711,3.450317238911107,5.9334145391034205,-19.83414073794426,1.973521852906552,-42.02432359792044,43.69444595080971,27.62679594228971,-0.004016399069934,0.0066103114001859,1,1
1923,0.1104960415497511,60.486052860797344,3.450317238911107,5.9334145391034205,-98.97308636662794,10.251234552579756,-100.0,41.83031320156088,83.38392774420277,-0.011030649225787,0.0179472885180972,1,1
1924,0.048930825784803,65.37505341412258,3.450317238911107,5.9334145391034205,-38.23556722257327,6.2243016180126665,-38.68375219324939,39.0968480670129,24.34223618125548,-0.0090158443989363,0.0194698957030258,1,1
1925,0.1237091801398693,61.15252146910705,3.450317238911107,5.9334145391034205,-98.50679739310658,-3.3096817569339976,-14.664991867244543,-15.904652562486302,63.412230003433386,-0.0099810692815652,0.0146004192579788,1,1
1926,0.0863673382591219,77.16759862951497,3.450317238911107,5.9334145391034205,8.692932387552766,-1.5916801055913492,-13.31362551686762,-87.95305177200429,37.48042955540712,-0.0194214669440781,0.0278635002780308,1,1
1927,0.05719438092146,63.0126872874298,3.450317238911107,5.9334145391034205,33.35656705462641,10.541634615402078,-74.0471331931323,-100.0,43.32013216761581,-0.0240373787136973,0.0250012458139042,1,1
1928,0.1035887617163294,68.49331508583064,3.450317238911107,5.9334145391034205,-84.61298109785682,3.525716365540547,-100.0,16.973206046836726,100.0,-0.0232176850486127,0.0235119712544612,1,1
1929,0.1215414003414415,74.96113038313976,3.450317238911107,5.9334145391034205,-49.15138428415979,8.55649538514095,-11.99469250942624,-100.0,29.70941042070397,-0.016432378828607,0.0226017457379358,1,1
1930,0.0785780022992869,64.65127243304576,3.450317238911107,5.9334145391034205,-43.98595792392535,3.528354485014423,-9.800322181694105,-13.017838326995822,22.1012628558721,-0.0061025757479112,0.0161792684536431,1,1
1931,7.655370513559725,76720.19203777275,0.7631940241558249,2.47659447396597,100.0,-9.726728341225249,-59.758982506573744,65.33262743923626,14.467081782255748,6.661742183309723,41.49917316938762,0,1
1932,16.580060857647343,63596.48833545968,0.7631940241558249,2.47659447396597,50.31315448002613,49.52268648468589,-68.81106221765451,91.15453124825834,100.0,18.9530009555988,40.53371351710653,0,1
1933,20.526772946418998,138379.57380011116,0.7631940241558249,2.47659447396597,94.1781918730416,100.0,-18.49047197293765,-100.0,94.90160973804052,22.890303155117813,50.22451062537356,0,1
1934,12.224033968195998,77584.87757462396,0.7631940241558249,2.47659447396597,100.0,26.16512671595418,-65.29142074697914,27.661364220781675,49.30111851377289,12.187342097151843,46.73615157150202,0,1
1935,17.35648917849731,97540.72060124156,0.7631940241558249,2.47659447396597,100.0,24.953751430859374,-8.259893990451753,-100.0,90.04909132368866,13.172687750131672,55.02785227001645,0,1
1936,7.3998541283304595,93858.58080842464,0.7631940241558249,2.47659447396597,93.4594117708629,-45.83605097970607,-30.306571302428534,32.484381767284425,23.381344689548342,2.5047842095029864,42.881194752742985,0,1
1937,16.30537231932242,127991.75857406596,0.7631940241558249,2.47659447396597,56.25962533874815,100.0,-97.8997268577095,38.156738737043874,100.0,21.464853977815576,37.4082254917187,0,1
1938,8.097984618680819,48586.54744532173,0.7631940241558249,2.47659447396597,90.75443058333325,100.0,-100.0,92.11751976486076,-5.228303212929591,17.469869960719905,27.977407560743664,0,1
1939,19.56269091505763,80430.97346880159,0.7631940241558249,2.47659447396597,68.07036590350467,100.0,-35.70943690866849,-31.64915173363676,100.0,23.698145407615502,42.625689601875735,0,1
1940,15.169735394523274,54055.340458697545,0.7631940241558249,2.47659447396597,79.0772691459658,100.0,-21.04813847071016,-50.56453338934647,51.0514637833395,20.380592952707676,35.55424766020575,0,1
1941,10.778213319377244,111830.27237543564,0.7631940241558249,2.47659447396597,100.0,57.36489227838469,-59.81060144588616,-30.511565424188657,33.88777872888206,11.855996116926224,40.83684914137457,0,1
1942,4.322170058172488,116367.10632815908,0.7631940241558249,2.47659447396597,30.930777101016737,40.519305163622434,-50.46239705736811,1.2048646426067169,24.524574824857105,5.758351504863675,14.10457916647755,0,1
1943,6.07840839350655,118682.1060623332,0.7631940241558249,2.47659447396597,61.44542731232727,-7.227541906462207,-11.460719625260928,96.74920895408574,-5.699500907758718,7.881548553350036,25.05191088090099,0,1
1944,7.608088944836092,104886.11882802716,0.7631940241558249,2.47659447396597,53.348416052069794,32.352491013090024,-1.6171432988328434,-7.349786860829397,14.18942357324525,9.645054326020322,22.0610519611638,0,1
1945,7.368483926762783,121245.28088173168,0.7631940241558249,2.47659447396597,45.59642736063599,66.69071045346712,-4.688981485052395,7.607105950691441,1.6122309966281918,13.035539646620917,15.294135887095218,0,1
1946,9.549795676086022,106743.849142295,0.7631940241558249,2.47659447396597,28.8035116496241,-7.777077282943992,-1e-20,46.01113708199605,52.55913959943816,8.078381694530194,25.45483031293407,0,1
1947,17.019245664107967,86636.38897310513,0.7631940241558249,2.47659447396597,100.0,-9.218249451920435,-65.11942888192515,48.325798924833165,100.0,13.092818724383314,60.48465762204615,0,1
1948,14.25508052481893,105903.9947868415,0.7631940241558249,2.47659447396597,100.0,93.20128028604324,-94.84218477695131,-10.43695150489576,62.97083124326986,17.738104581124762,45.06654867183617,0,1
1949,3.970275452083188,110910.51979436744,0.7631940241558249,2.47659447396597,88.42376063898246,46.13096024165576,-72.0643124183076,-100.0,12.037742683041031,0.3689930590590791,31.203010089513416,0,1
1950,6.351400340508428,97139.13403558564,0.7631940241558249,2.47659447396597,72.22029175806736,31.95669254583489,-69.99323732620374,-9.508115020969132,28.47429548334034,5.72819329523716,30.31761361938789,0,1
1951,17.2967170061371,95630.18459444464,0.7631940241558249,2.47659447396597,100.0,100.0,-100.0,-1.0302030314965194,86.4936616992038,21.1584641207439,50.036973287564166,0,1
1952,13.221321817157072,59926.07071592349,0.7631940241558249,2.47659447396597,58.245989764869,38.42502666258351,-62.56012844133093,-55.44892309760404,100.0,10.331514592012002,39.85070588939921,0,1
1953,18.668203194707143,96877.67267937292,0.7631940241558249,2.47659447396597,100.0,59.09142582783922,-66.73928252961504,10.239294085825,94.40044243067015,19.8493777238652,55.13055643228552,0,1
1954,23.753550994422632,153659.96892421212,0.7631940241558249,2.47659447396597,100.0,100.0,-12.207062770498878,81.52425197241578,73.70031445206328,31.118146889474698,54.42241777457099,0,1
1955,16.784060353399937,146881.5230196726,0.7631940241558249,2.47659447396597,28.18114196763178,87.1378317986574,-21.11619401909951,98.16812538495157,73.83340910276318,19.04069731069748,32.18179615306211,0,1
1956,10.134296627795884,107137.75390700305,0.7631940241558249,2.47659447396597,-8.269764930726538,0.7932552341365593,-4.819834738561688,54.960106092144805,81.49263645497716,7.143411391134358,19.4631506310056,0,1
1957,21.59501966056562,102660.69965843602,0.7631940241558249,2.47659447396597,100.0,40.01647963262335,-32.66557084737305,47.03204139477404,100.0,22.54118047066862,59.94376916537532,0,1
1958,12.1249283222398,134479.01949629115,0.7631940241558249,2.47659447396597,63.12475718946402,79.0057485940692,-100.0,1.8437595772336264,77.95502764653898,14.45794242322864,35.02960505801257,0,1
1959,4.175443063367228,87251.98575838679,0.7631940241558249,2.47659447396597,69.61131325479076,-17.28011896903611,-60.7624966950832,52.40290020297128,13.881880142826134,2.129417601394742,29.721665337122676,0,1
1960,22.27000633060139,97036.8100425014,0.7631940241558249,2.47659447396597,95.01214289099865,100.0,-41.12508577085514,7.349873056008128,97.49752409795572,27.40675618227767,53.3207810768446,0,1
1961,10.777342734306377,62134.33167541011,0.7631940241558249,2.47659447396597,42.747583313737465,61.99617106450628,-23.21129783569901,42.422695826671045,36.89674428492098,15.34204562351519,23.190953434643355,0,1
1962,20.20528139458609,93276.47871338138,0.7631940241558249,2.47659447396597,100.0,-5.4787970299326645,-1e-20,-0.1577535747107887,100.0,16.335812784837152,61.7940709439283,0,1
1963,13.052484021405672,73313.63267170587,0.7631940241558249,2.47659447396597,45.59736142199537,83.40787717068298,-93.12735381514528,-30.07577737921228,100.0,14.372922404856066,32.61236279907209,0,1
1964,14.64328487627506,92156.65077172636,0.7631940241558249,2.47659447396597,19.114993526850867,100.0,-1e-20,-15.978865562057829,70.79027460060638,16.465890934962243,23.652016782719823,0,1
1965,16.248696134930388,87202.19101794013,0.7631940241558249,2.47659447396597,54.77303039695785,41.43353855809511,-40.29435124277119,100.0,79.57590066454217,18.837265601529595,39.79342039978832,0,1
1966,5.078586611378201,73738.43157029178,0.7631940241558249,2.47659447396597,57.41430320475246,77.13087793796251,-8.054998754032702,94.12399857699896,-48.24041934126743,9.040843724077847,16.82873616779378,0,1
1967,8.491864706873079,40835.17359121209,0.7631940241558249,2.47659447396597,97.08442171398964,46.614322010690415,-30.909895092927744,-26.202552697120048,4.274250318974296,10.29803500418207,34.54638554378815,0,1
1968,8.48172630189955,81356.00866758183,0.7631940241558249,2.47659447396597,15.656807173883031,-9.859268189408477,-76.90647901225334,31.24403189456678,100.0,4.067419115184862,27.23345349051738,0,1
1969,7.581654011078807,116592.0315033269,0.7631940241558249,2.47659447396597,-22.08904050623985,0.5282169103347911,-1e-20,63.83333600516441,65.4670411171671,3.0227733842865625,13.364155937948542,0,1
1970,11.566980339213156,108983.5766134286,0.7631940241558249,2.47659447396597,28.1540724299166,43.979949471815424,-91.88101878656386,42.080556798878895,100.0,12.018258877445334,29.395984535019807,0,1
1971,20.90407775271504,110998.13427931925,0.7631940241558249,2.47659447396597,100.0,94.66384675773244,-25.49905156167259,-100.0,100.0,22.436519362852007,53.59894851115395,0,1
1972,10.4390125972427,93328.79776579786,0.7631940241558249,2.47659447396597,-16.028993526653288,100.0,-1e-20,-6.619838068844857,58.80273563117167,2.0885093831390016,18.642102862825,0,1
1973,19.28200175326992,100338.1641016714,0.7631940241558249,2.47659447396597,100.0,0.3524543951975234,-25.88272413332144,96.86633454635545,82.36431642381496,18.684815517817707,59.41781221209577,0,1
1974,4.125436760121591,63285.54644808781,0.7631940241558249,2.47659447396597,22.564134041151952,98.53218193690306,-100.0,84.76383903643878,13.14303236534152,5.625768492150284,13.248472253166993,0,1
1975,8.87400765819232,91469.59813905378,0.7631940241558249,2.47659447396597,50.032653235048464,7.386434770543872,-83.53751658769946,-11.413442044236511,84.24015958572397,4.523076917417667,34.83166425173852,0,1
1976,10.736429119864864,121277.13905483564,0.7631940241558249,2.47659447396597,24.61830117591836,5.908148528151491,-13.438935332681078,-100.0,100.0,4.769162841809642,29.046893088867467,0,1
1977,15.40784990556356,64498.75289967172,0.7631940241558249,2.47659447396597,36.44958202282345,100.0,-97.2016779017921,92.31143181532974,94.31471398281926,21.757941070833944,30.858451022513663,0,1
1978,7.412807021624249,82225.47806051251,0.7631940241558249,2.47659447396597,4.567000027693197,68.13774770866635,-23.85366785794817,-16.45468613399328,47.24865842475407,8.13718836377022,11.393706435502612,0,1
1979,12.539772663736349,104480.20455424384,0.7631940241558249,2.47659447396597,85.88148506417379,85.35980229668445,-95.50003709806224,2.237315012036831,59.62238301774174,15.894378458613025,39.51119959673971,0,1
1980,12.409164282191494,105899.22860045049,0.7631940241558249,2.47659447396597,-16.551381029476516,79.44358009980378,-70.96361387453237,100.0,100.0,10.316048699283458,21.51298996931077,0,1
1981,23.19641324948082,70595.25563282277,0.7631940241558249,2.47659447396597,94.27849470516114,100.0,-45.93462124179816,48.019953813685945,99.39682053767696,29.17140841213956,54.73204217505722,0,1
1982,17.182957114419853,92705.3175426473,0.7631940241558249,2.47659447396597,100.0,46.24288053229117,-34.02016885501803,94.3559773349481,50.30189654403432,21.45174268480999,49.57596608463065,0,1
1983,14.909058988970662,156400.59749188268,0.7631940241558249,2.47659447396597,92.13009132962422,41.706167663956016,-57.57604152159556,32.62604089296167,65.68679180531984,16.26793093618926,47.22234958538289,0,1
1984,8.883579309480758,120545.25105355788,0.7631940241558249,2.47659447396597,100.0,13.961093377400871,-16.834866987879032,34.24425198291544,-2.071649522721728,10.50003132015764,37.49977951524831,0,1
1985,14.8971438467128,149859.0811033537,0.7631940241558249,2.47659447396597,65.63288913709778,-42.003277400387006,-12.291855443947185,11.150029346788514,100.0,8.003024982176456,49.95477485934552,0,1
1986,9.73346420047402,117721.43753777212,0.7631940241558249,2.47659447396597,91.80308036650864,14.264967403444988,-70.92877919204956,0.2564694576442647,48.57555456125485,7.44753259681341,43.16012293894558,0,1
1987,19.505484611732605,120884.21780545136,0.7631940241558249,2.47659447396597,100.0,29.279002692550776,-1e-20,-60.10890151113853,92.8111789417978,17.19068944562097,56.84553041044844,0,1
1988,11.855041678435438,70815.58621725214,0.7631940241558249,2.47659447396597,75.5188958894868,100.0,-75.16295490843885,78.45667872736472,26.809236440051933,20.740748568386454,29.949877158454868,0,1
1989,2.5050265481809726,55094.10733223538,0.7631940241558249,2.47659447396597,59.5546905448826,16.625780639502977,-99.92421769322974,81.04215753386296,8.066379708860588,3.5670653853660834,22.50765622412104,0,1
1990,19.50606216165973,71022.72334078808,0.7631940241558249,2.47659447396597,73.31650393180811,42.6901197176252,-5.099786800177469,8.649170778958258,93.96197770724832,20.19897441337788,48.42246437045478,0,1
1991,20.666774439854272,108282.53816961429,0.7631940241558249,2.47659447396597,60.78532207869067,100.0,-1e-20,17.816783946730453,83.69820411295474,25.936811448200288,40.63951786733072,0,1
1992,12.0856591428908,96372.17901302125,0.7631940241558249,2.47659447396597,52.02471381060372,98.56947518351754,-61.20950559133965,-18.30707844041025,60.39244912388119,17.093998451192927,26.75223124402167,0,1
1993,13.335612519050526,65502.895921123534,0.7631940241558249,2.47659447396597,62.91262247065865,52.70232547765482,-77.16524427371917,-52.654705231253175,99.00189338530308,11.409361248394267,40.385828372616025,0,1
1994,13.88393557077789,94102.70861163222,0.7631940241558249,2.47659447396597,67.35306359514883,100.0,-92.97332773157524,3.891768849035444,76.45794903989307,18.49723021550559,35.62057726304503,0,1
1995,9.241638857162089,52265.80871246185,0.7631940241558249,2.47659447396597,40.14177563193456,81.55978989939038,-37.91467126393111,76.49295563834171,18.079298905741076,14.616309139322516,19.630614433231152,0,1
1996,23.442547882140488,56521.05268607729,0.7631940241558249,2.47659447396597,100.0,100.0,-5.689283141623463,95.11009585911644,64.414372788986,31.150422991923644,53.41825428344444,0,1
1997,24.58882532933313,76949.81873124647,0.7631940241558249,2.47659447396597,97.76981943641808,100.0,-25.42605179619055,35.59071260352937,100.0,30.3757963365981,56.90920169119265,0,1
1998,3.6290762659566616,93472.82916637852,0.7631940241558249,2.47659447396597,3.4587838671208573,14.74460287941882,-82.0438840464421,48.14614336970179,56.59211450287791,3.090515724501266,11.788782123505944,0,1
1999,11.893900316893353,100154.97355899856,0.7631940241558249,2.47659447396597,79.93938705323811,-51.842563409295,-61.7385280247729,-7.200539733257424,100.0,2.3718742481467707,53.31131349192326,0,1
2000,5.590851721581634,119188.19218645403,0.7631940241558249,2.47659447396597,86.45599070298658,-13.108767426872356,-1e-20,6.980670776579139,-11.751714718848769,4.5084143755956045,31.22268192600727,0,1
2001,3.402606333533779,101845.46032313282,0.7631940241558249,2.47659447396597,100.0,5.240996289272056,-74.5976624963911,1.134113459638833,-5.108269396821484,1.053751189804192,34.80192152593531,0,1
2002,15.289563491671084,103449.76497485267,0.7631940241558249,2.47659447396597,100.0,100.0,-51.0920698183204,-100.0,64.60233081002724,17.174837167038376,44.69515295391279,0,1
2003,18.592834948655387,108372.02680838428,0.7631940241558249,2.47659447396597,100.0,100.0,-82.51781769104565,54.234141237763296,75.33095615136148,25.092594755569955,49.55159370209592,0,1
2004,21.62577271576251,52147.82094528988,0.7631940241558249,2.47659447396597,100.0,96.91251108742198,-80.45706158158204,94.85008389134777,91.96621360550871,28.425965026750863,55.05509973532804,0,1
2005,13.419287719030637,101718.80387536874,0.7631940241558249,2.47659447396597,98.40999114506236,81.36532568895142,-42.37773332443464,-7.014348026346326,32.20261792943504,18.26358189155124,39.788721365468376,0,1
2006,12.042965842148195,127267.6324043485,0.7631940241558249,2.47659447396597,-23.021982134033408,-8.88603246106354,-0.6353071030820114,100.0,100.0,6.416524895600597,22.779577083135838,0,1
2007,20.098891671340624,117817.24776774296,0.7631940241558249,2.47659447396597,100.0,72.49588892023678,-38.51463044237032,33.644008080826644,79.87133894768658,24.11799807317572,53.1668686465184,0,1
2008,16.069049773088885,62819.19315932668,0.7631940241558249,2.47659447396597,40.14864890276891,3.662229827052592,-31.826266918749187,100.0,100.0,14.823749162149182,40.95931290338373,0,1
2009,12.222797889149575,51067.95378762106,0.7631940241558249,2.47659447396597,78.85506033668848,2.191948002685905,-4.089424685042376,-15.480515909749364,50.52300494665641,10.073083546729723,41.199264508495546,0,1
2010,14.054929214289036,89616.78639186424,0.7631940241558249,2.47659447396597,100.0,72.50636454428437,-69.88975774037907,-33.888966565075194,61.45585512795836,15.552212188965338,45.91162034427372,0,1
2011,14.476378628687234,111716.19808079052,0.7631940241558249,2.47659447396597,100.0,-33.429178115235175,-1e-20,19.7888507389171,59.06187726907002,9.944110558894383,53.99018382114494,0,1
2012,17.800175312981327,94418.06040568637,0.7631940241558249,2.47659447396597,84.86405656054487,30.74223792840932,-22.093300556914585,-55.2673164110948,100.0,15.163123301379066,51.86757113184964,0,1
2013,5.300140088190259,68468.77454302076,0.7631940241558249,2.47659447396597,100.0,100.0,-39.79590460101918,-58.9889788308998,-35.09648449636708,9.9171937262489,24.87164123993541,0,1
2014,5.171942153890184,110548.42010398838,0.7631940241558249,2.47659447396597,87.25931893688966,-50.52255470402127,-4.079216172529699,78.54755108365572,-13.794584817389826,3.008365687297559,34.43876883243466,0,1
2015,14.661803717850797,156489.17081332929,0.7631940241558249,2.47659447396597,55.18114584039961,26.203749600774472,-65.31228860353554,55.32104322580736,96.25275702714166,14.386187856827425,41.21024659642478,0,1
2016,13.336772927937094,128634.57418908896,0.7631940241558249,2.47659447396597,86.08998668085746,40.52450131290744,-22.7871726711912,80.25863254290253,27.3336663882506,17.64289901795243,39.18725808991824,0,1
2017,10.56170401683008,70164.23515780215,0.7631940241558249,2.47659447396597,100.0,100.0,-23.545184064412343,-21.157997910745827,-8.229421607477398,17.97205032908807,30.836774502617715,0,1
2018,3.708942618574911,56559.61126750388,0.7631940241558249,2.47659447396597,18.025386210448183,100.0,-93.510607800602,-11.506528296384277,30.286844442835992,3.449167078624426,11.468743675128604,0,1
2019,8.528100499502381,101549.63950069212,0.7631940241558249,2.47659447396597,54.40321610763135,22.41636267240259,-51.2149246734086,100.0,28.86044171767313,11.430484253487332,27.42824079091854,0,1
2020,15.724884862285029,96116.87717089684,0.7631940241558249,2.47659447396597,100.0,100.0,-88.44820250306363,-40.94932094294612,75.77435203109002,18.57324154352825,47.19969354513586,0,1
2021,7.994730477492935,83012.34873962673,0.7631940241558249,2.47659447396597,-22.878564447550588,14.864434133636172,-28.66266476414516,91.61403514071168,73.13512611673434,4.190940615322457,14.422552075341631,0,1
2022,17.08670766868924,84201.12798468469,0.7631940241558249,2.47659447396597,4.053424190746249,100.0,-1e-20,-5.496127664161925,100.0,16.45341838202233,26.97224626809093,0,1
2023,15.058451771407846,74224.51522895068,0.7631940241558249,2.47659447396597,47.26178197249602,100.0,-72.12712003410437,40.11874622836517,81.28336449049695,21.19506488346132,30.95956773517617,0,1
2024,14.65094873774217,88125.22007300978,0.7631940241558249,2.47659447396597,87.52193314178203,2.6967341094040997,-36.44042238961512,21.56648542764438,74.13523057203939,12.340297729776164,49.65589080246892,0,1
2025,9.318389331539969,70650.8711657832,0.7631940241558249,2.47659447396597,-20.46321945975261,88.86938046006308,-24.98659340848684,14.6281273681926,66.40208251276425,2.2934098356504027,16.350970528982423,0,1
2026,14.044427025074846,60852.3495785967,0.7631940241558249,2.47659447396597,-11.725165310083478,43.09268114416801,-1e-20,38.81698342350981,100.0,11.110639173873643,23.2259249779259,0,1
2027,4.970625561903022,79312.47630245065,0.7631940241558249,2.47659447396597,100.0,37.53552209155636,-35.72758818665912,-28.406130351644077,-20.524454506904902,5.998128360411849,30.51581450097829,0,1
2028,12.180618213494194,84569.81658615563,0.7631940241558249,2.47659447396597,32.98475054128858,100.0,-78.48893815385476,-6.442405770125212,81.36899393565763,16.885305167951607,23.80373286320245,0,1
2029,15.421281502734477,57300.44142363531,0.7631940241558249,2.47659447396597,77.57350595221035,40.10491472930181,-50.736277351328674,7.03769437802293,83.21116912754889,15.531378070830035,45.33723826017236,0,1
2030,8.016104885381399,130501.93223564018,0.7631940241558249,2.47659447396597,44.99791005554152,1.319590416748106,-1e-20,43.74228586109632,24.50162695328018,8.356562318827311,24.372593526163325,0,1
2031,1.5038088196442758,446.68334111892005,1.1211449964209517,4.787338469101568,12.862065930343888,57.30882376797769,-40.18123134317648,3.015021477969867,62.34212372259893,0.6228016610667496,0.8670273176526179,0,1
2032,1.7929133490263574,480.7455471528695,1.1211449964209517,4.787338469101568,85.01683860619993,8.047299690777137,-78.78229093519523,-9.077491164953363,93.17750740892808,0.368386562718229,2.462253440673997,0,1
2033,1.4018164169288037,782.1604745741583,1.1211449964209517,4.787338469101568,37.24344550188,54.3462504596406,-23.710728077051016,-32.70649401615412,43.65039841575482,0.5890662365768723,0.978863150658484,0,1
2034,2.317260911551214,516.3505968160305,1.1211449964209517,4.787338469101568,-4.89293590450643,100.0,-73.64801364708632,64.6519289287566,100.0,0.8660218527241695,1.1836342947030625,0,1
2035,2.0571132035007764,496.5017316995175,1.1211449964209517,4.787338469101568,55.063536063531295,73.03856530597285,-17.32338284799174,37.882019063450144,50.38434293732216,0.958569925661786,1.2875660840737877,0,1
2036,2.786139116056055,609.6999393965349,1.1211449964209517,4.787338469101568,100.0,-6.811790027592771,-3.3940140991345125,100.0,100.0,0.7403041020576657,2.9351203801620365,0,1
2037,2.9307270385435484,522.2908339883296,1.1211449964209517,4.787338469101568,100.0,100.0,-84.84978432172387,-7.388001512740988,100.0,1.1788705714010033,2.500894696837157,0,1
2038,1.7251454043793362,493.28467203474986,1.1211449964209517,4.787338469101568,48.20478425048654,52.25278269468095,-1e-20,-24.162197958446576,44.884446630643765,0.732449149903426,1.1628062007914914,0,1
2039,2.6438643348439497,735.3366980183284,1.1211449964209517,4.787338469101568,96.86781025357936,39.3412101682068,-40.77501752818333,-30.11855152043443,100.0,0.8220415950396348,2.6519046799326085,0,1
2040,1.7774934400261526,480.3417257759871,1.1211449964209517,4.787338469101568,100.0,99.8769476053842,-100.0,85.28333804921095,36.79796743882916,0.8865726270167589,1.7095125746599222,0,1
2041,3.12502562474652,448.22138704197073,1.1211449964209517,4.787338469101568,100.0,100.0,-57.41396150856889,-36.67477795115827,100.0,1.255614736033411,2.506421295780089,0,1
2042,2.503585796011059,916.1344521492588,1.1211449964209517,4.787338469101568,100.0,16.91771472129342,-30.69285527182164,60.94004233443368,89.28195026127341,0.7498929207673602,2.659812134023839,0,1
2043,2.2485994741107684,791.2181684946086,1.1211449964209517,4.787338469101568,100.0,10.55544789682498,-37.252812232004345,100.0,78.42111942554223,0.6718918615263222,2.5372187380868803,0,1
2044,2.7786740359167594,567.1651452968235,1.1211449964209517,4.787338469101568,100.0,66.61689308241615,-38.45118287771582,33.53168312489669,83.44862382504101,1.085404305376262,2.4001475494319218,0,1
2045,1.4375730809960816,602.8476198852309,1.1211449964209517,4.787338469101568,32.96180383699016,48.78803204603956,-20.55874382774386,100.0,35.47266276680841,0.7177632260477467,0.8316379496224076,0,1
2046,3.016841794016309,532.1338075773692,1.1211449964209517,4.787338469101568,89.4268902654613,97.40480103803822,-57.1169918101537,-35.8445431566829,100.0,1.2108151688402105,2.358366551291548,0,1
2047,2.6154688487863256,731.1305661760777,1.1211449964209517,4.787338469101568,100.0,56.87544471451589,-49.68654389483099,-26.397691215945667,91.56343346317078,0.907905604830496,2.521885620178122,0,1
2048,2.179019492282728,618.5695945760841,1.1211449964209517,4.787338469101568,100.0,75.89993759427288,-31.495729861342497,-20.250898944232745,48.643145816001706,0.9368041066867008,1.900860076888879,0,1
2049,2.183220735739224,409.2646949752938,1.1211449964209517,4.787338469101568,100.0,-33.745807775550816,-1e-20,100.0,80.95789756372042,0.4276640642463698,2.768946881091316,0,1
2050,1.776748634086127,744.2461494167334,1.1211449964209517,4.787338469101568,-2.889353195351056,-10.178080145037164,-1e-20,42.22933806145223,96.83977697301282,0.3737964945955059,1.3767939383813723,0,1
2051,3.2030130631171234,454.9759912460922,1.1211449964209517,4.787338469101568,100.0,54.40727612869181,-1e-20,-25.8611018292878,100.0,1.129535795551517,2.680520020375396,0,1
2052,2.371221981851683,689.0577688642595,1.1211449964209517,4.787338469101568,43.28549622173419,72.39471710281849,-13.66213584187918,64.2501741172715,68.05839855177196,1.07566755813468,1.351519166122622,0,1
2053,0.9318231550448948,448.805997193175,1.1211449964209517,4.787338469101568,100.0,100.0,-10.292815842382144,-8.765325427451433,-42.07611323053258,0.3857056215956983,1.0293934691697817,0,1
2054,1.1021063561098758,401.7557067316421,1.1211449964209517,4.787338469101568,92.29360166898766,100.0,-72.46699145860877,5.227016746494678,-1.0346600325163138,0.544946186345936,1.220523926444426,0,1
2055,3.1909029603637658,789.7829792607562,1.1211449964209517,4.787338469101568,100.0,45.98324531416635,-9.270112350607242,57.37138417138763,100.0,1.1324893410598946,2.7265375554135187,0,1
2056,1.732968257261588,616.7391406438712,1.1211449964209517,4.787338469101568,100.0,55.72442285322303,-58.98241379404938,100.0,37.05176579033191,0.7790566961530622,1.805669624661562,0,1
2057,2.326437961975643,575.6416846046304,1.1211449964209517,4.787338469101568,78.73162705393383,85.61753479010105,-1e-20,-53.39221646777127,48.48683097083342,1.0404487706909469,1.575935729968171,0,1
2058,2.1881645834840744,619.200729348348,1.1211449964209517,4.787338469101568,100.0,-6.257508849421384,-50.11461598988807,6.598643383764678,100.0,0.4455471557032913,2.8547131443846387,0,1
2059,2.9250591502675034,517.5634239018652,1.1211449964209517,4.787338469101568,100.0,100.0,-100.0,62.1640787079976,100.0,1.2193002656591037,2.503717913093189,0,1
2060,1.154162268769196,456.43526042212113,1.1211449964209517,4.787338469101568,47.65121819902398,28.40133244590431,-31.445859548872047,84.47491132001036,31.98291943324492,0.4960917501129667,1.0547103915212106,0,1
2061,2.7059550365305154,781.2069953406054,1.1211449964209517,4.787338469101568,69.41128950523394,93.7445071207668,-1e-20,2.6305845509176464,62.58845672470635,1.243111756428694,1.6094632999431624,0,1
2062,2.1770967591689656,673.5889675658034,1.1211449964209517,4.787338469101568,68.22206762036812,100.0,-43.899973085310506,46.64266740599241,48.4228493000485,1.0355028962222297,1.432677592317488,0,1
2063,2.8293903673922207,667.7216214113021,1.1211449964209517,4.787338469101568,65.85388163973184,94.47666614668884,-62.79009947336685,9.227271354974103,100.0,1.171617716343555,2.024454318489332,0,1
2064,1.604749794579013,617.4263450610638,1.1211449964209517,4.787338469101568,16.079933878700366,-2.264202448958301,-1e-20,10.682193312031814,78.41455670489515,0.3779955917295819,1.349092863628981,0,1
2065,3.2436446864994792,758.2754674160301,1.1211449964209517,4.787338469101568,100.0,36.95339470496284,-1e-20,89.16140075373636,100.0,1.1294147843712206,2.7783531915216826,0,1
2066,1.4839332773951726,581.9592095140665,1.1211449964209517,4.787338469101568,47.714119701978746,2.9293050908745077,-12.699210991378813,62.2118600827728,56.46388619879664,0.4250198667711277,1.494190623390267,0,1
2067,2.6570899814400297,780.2152756703607,1.1211449964209517,4.787338469101568,33.54412594086048,100.0,-57.02152692679233,-0.5731124915510613,100.0,1.1228674216278298,1.558554045895984,0,1
2068,2.511132083780827,757.3842212417352,1.1211449964209517,4.787338469101568,100.0,-9.626555000891043,-1e-20,-45.5915317780758,100.0,0.538979653638179,2.895701053641969,0,1
2069,2.686165729957211,573.747414418852,1.1211449964209517,4.787338469101568,100.0,42.43708554027446,-38.27418080271104,-49.862641470636966,100.0,0.8381694824603457,2.685319086988612,0,1
2070,3.3489539523160063,661.7701036933214,1.1211449964209517,4.787338469101568,90.87006664227152,86.47140722375391,-20.22845217209035,14.524034140047627,100.0,1.3598862474148166,2.435326286131303,0,1
2071,2.583303314155893,456.34871420184993,1.1211449964209517,4.787338469101568,82.14444276259937,100.0,-87.69744142259155,-100.0,100.0,0.9713717083170712,2.233980928365636,0,1
2072,2.0054037029206686,688.7432577596367,1.1211449964209517,4.787338469101568,96.0514375852875,23.56429394158659,-6.251683667263137,-49.63368198963916,60.277983931014944,0.6110492063244901,2.164784358250043,0,1
2073,2.3629388979162798,494.8637998175085,1.1211449964209517,4.787338469101568,31.10793476882907,74.9838767019648,-41.71984574662559,19.93702879412488,89.52758749941411,0.9849457357853704,1.4348633936056576,0,1
2074,2.169979536268354,690.8827665259315,1.1211449964209517,4.787338469101568,-36.29297775610125,82.0076835731586,-34.41859530775163,30.13574808803058,100.0,0.54438556185646,0.9990620173309904,0,1
2075,1.6266460975266632,481.5629222004717,1.1211449964209517,4.787338469101568,41.90304058732435,96.02725572658105,-35.543479322507125,10.753696035080186,32.29551063190745,0.6124736777170932,1.0650520020294216,0,1
2076,2.4163232673632864,527.170124457192,1.1211449964209517,4.787338469101568,20.904546003972868,98.32416594355712,-46.00596905780293,32.41586240351007,84.91562119889335,1.0172094432515757,1.267354616704803,0,1
2077,1.2679185491812026,522.7580333735527,1.1211449964209517,4.787338469101568,-14.906388621140572,38.448464847180205,-44.08147452399599,40.629227515446544,70.12116952809448,0.4993249780643293,0.5994503356619049,0,1
2078,1.7751525929284675,548.2560935292079,1.1211449964209517,4.787338469101568,70.57119729520596,28.33369067112044,-7.477091889479433,12.96672962106293,50.72808311742338,0.6317400722331207,1.653740689459304,0,1
2079,1.7358991276486682,582.4033058232963,1.1211449964209517,4.787338469101568,-23.464616678352265,86.54539568156613,-56.54763041002464,-40.23555757263254,86.77509252613852,0.4404600778500588,0.8815793143972891,0,1
2080,1.4514683925791827,484.6614970879449,1.1211449964209517,4.787338469101568,68.77542983638867,97.62512585055757,-49.238781376118425,-100.0,28.35123789624914,0.5940734603179645,1.2319307493871934,0,1
2081,1.778964354354155,417.8791579826937,1.1211449964209517,4.787338469101568,100.0,100.0,-71.59100129781275,-71.69316976613248,38.92937672070549,0.7767834139252633,1.7340132085326747,0,1
2082,2.3232846126863747,411.474767714456,1.1211449964209517,4.787338469101568,11.39951172710419,100.0,-83.96492770186802,47.63704547508805,100.0,0.960091568213079,1.2921521427055516,0,1
2083,1.8441690506034427,544.8318877794574,1.1211449964209517,4.787338469101568,9.444854988701508,66.50601947229012,-83.49378503451688,-18.161260700954458,100.0,0.6685406110873391,1.263832781834621,0,1
2084,1.7651154859727751,586.7129258935295,1.1211449964209517,4.787338469101568,5.782224068028629,11.798493286880516,-14.23438676356588,100.0,81.6042238035995,0.5470416613100915,1.217494512538597,0,1
2085,1.4220664973492525,639.8269227598063,1.1211449964209517,4.787338469101568,25.08096191997155,45.45499084599648,-1e-20,-65.65157236877964,46.65535377917416,0.5641230173108472,0.8609383336670128,0,1
2086,3.114530866579278,474.5253738732406,1.1211449964209517,4.787338469101568,28.38029682923185,91.0594018297233,-6.018097283424131,65.56948115322501,100.0,1.3857763595473112,1.512318807358031,0,1
2087,1.79048858922764,541.5710689798144,1.1211449964209517,4.787338469101568,53.00294893162608,58.90460752078717,-28.31078504729156,97.88703396721826,44.03691349831919,0.8556236018566378,1.2097552661292292,0,1
2088,1.720619118419039,391.4215514963719,1.1211449964209517,4.787338469101568,100.0,84.56095648104333,-72.84081282546393,3.1070635250062253,37.25160192184037,0.7838987127718424,1.7316838250563962,0,1
2089,2.552820031594131,641.0293941622712,1.1211449964209517,4.787338469101568,33.93196916650521,48.65573753419881,-29.35478669516576,86.13170735906148,100.0,0.96177028462589,1.7276923374421609,0,1
2090,2.633483567367834,436.7468692318555,1.1211449964209517,4.787338469101568,73.39561746342297,59.16294494908845,-50.43689173789853,4.521568629789801,100.0,0.9473301603785526,2.2405909021686923,0,1
2091,3.739622303331287,639.3789391456066,1.1211449964209517,4.787338469101568,79.22500235027384,100.0,-1e-20,100.0,100.0,1.6530051056746415,2.2529335149141687,0,1
2092,3.56856042072045,641.940205085454,1.1211449964209517,4.787338469101568,94.52016955384428,100.0,-5.604106284206259,-28.334704051683733,100.0,1.4806978992344786,2.4482308320333632,0,1
2093,1.2598478673549711,681.0888509177314,1.1211449964209517,4.787338469101568,92.8824962363796,54.8230342057262,-10.287257830784752,100.0,-8.07314951825181,0.7333409732652513,1.1250221423251483,0,1
2094,1.7740078928052054,528.6257883360354,1.1211449964209517,4.787338469101568,100.0,92.90430484760996,-59.63588424480698,37.30974134026991,25.711935334087222,0.8830713839322849,1.5843360710564935,0,1
2095,2.896405002671956,612.0623078581682,1.1211449964209517,4.787338469101568,97.91205597761754,100.0,-50.82605013477764,-70.82592176016817,89.02637147196884,1.1681562499061655,2.3304644221128274,0,1
2096,1.957856898650381,451.0712828899682,1.1211449964209517,4.787338469101568,100.0,21.56050224453369,-100.0,-24.86279424468017,100.0,0.4415369322258327,2.7172285339070634,0,1
2097,1.4521437204469343,578.9310741754095,1.1211449964209517,4.787338469101568,41.280287511146526,94.51016733105445,-42.12624410307917,18.32102184046319,26.54260920941797,0.5222504486768786,1.011596705819375,0,1
2098,2.0726884336755003,777.0597288388778,1.1211449964209517,4.787338469101568,2.8260801279763115,60.95803387691792,-31.577335359022527,32.165226848425064,87.7893297483677,0.8572372982633486,1.0380116124606291,0,1
2099,2.664492976539961,744.9186183681711,1.1211449964209517,4.787338469101568,100.0,53.258747185609664,-74.62584099647594,98.44417347540887,95.57789390134418,0.9727939256564704,2.600020297473267,0,1
2100,1.7904254194918052,471.8619345584126,1.1211449964209517,4.787338469101568,100.0,100.0,-50.90793951677137,65.41041629919035,15.669525110509491,0.9347580350108372,1.4738881554285448,0,1
2101,2.6174880009402,632.5496505398054,1.1211449964209517,4.787338469101568,100.0,28.866932133223983,-22.929021209190427,-86.56386927355817,100.0,0.7314100353370054,2.731729764718269,0,1
2102,2.770189572903901,509.9393496596762,1.1211449964209517,4.787338469101568,45.24637354392864,100.0,-50.28781596848249,38.78582179587365,93.71675524693126,1.2209711392140368,1.6433638672679027,0,1
2103,1.6767956131862105,450.188534980808,1.1211449964209517,4.787338469101568,56.57086467079319,42.68587992211256,-1.8428433510419568,-24.98874609128148,44.87205695334367,0.6643174665463667,1.3131811089322032,0,1
2104,3.7989025028334025,607.8491518373609,1.1211449964209517,4.787338469101568,91.51086390065036,100.0,-4.454143758581331,100.0,100.0,1.6637780808768443,2.4321152632154366,0,1
2105,2.4408712934191,411.123077046776,1.1211449964209517,4.787338469101568,99.09413441798172,99.08050173480792,-37.904821886689206,47.58614672883941,46.605000813646,1.1727150527513586,1.8179557983173376,0,1
2106,1.5849860196353762,825.4304049264832,1.1211449964209517,4.787338469101568,62.830920002346254,12.113907477473823,-100.0,-11.301625884347496,100.0,0.2941342885786143,2.19763358749506,0,1
2107,1.9234696076515367,486.0285191273168,1.1211449964209517,4.787338469101568,29.93545478905611,47.27757189903482,-74.83568526093964,-2.2477979131199035,100.0,0.6328724167027875,1.616640695624031,0,1
2108,1.8916771169270357,558.5642416749558,1.1211449964209517,4.787338469101568,24.04452946217685,19.188466700838543,-59.97985804323301,85.85010122599061,100.0,0.5606849799630279,1.6545285800110037,0,1
2109,1.0748776224965435,610.9176403762617,1.1211449964209517,4.787338469101568,63.65193757853724,28.93333786715661,-25.610051117478296,-15.503806421039798,27.86026621701208,0.3962155266289577,1.218282603758243,0,1
2110,1.234467588383268,428.1689599999049,1.1211449964209517,4.787338469101568,35.89946316540425,85.88977357100016,-100.0,-13.40974688027141,53.19885400515878,0.4801552697654855,1.0773908756665578,0,1
2111,2.653495020442535,763.0057408234626,1.1211449964209517,4.787338469101568,26.86571673339913,70.43016547470066,-35.83095020823868,83.31941651666378,100.0,1.1084571878166445,1.5404480589742324,0,1
2112,2.737297531333306,684.1247259274538,1.1211449964209517,4.787338469101568,85.92633960165524,50.6932573594132,-49.46643762020028,46.357899972131335,100.0,0.9673693565290536,2.4647933676705587,0,1
2113,2.5037207942174096,466.471745285658,1.1211449964209517,4.787338469101568,46.52623321753724,73.4607805668291,-61.834977964909456,28.92119682720161,100.0,0.9907918530016288,1.7978490094501065,0,1
2114,1.9778152902401185,371.8740764474184,1.1211449964209517,4.787338469101568,100.0,71.69304313890564,-39.360685339439065,-100.0,52.109972264026354,0.7629349766214448,1.9460830263469413,0,1
2115,2.0688211377429777,454.7862709646269,1.1211449964209517,4.787338469101568,68.93622735058554,100.0,-100.0,-63.35790769893962,80.6335785132117,0.8164189282255176,1.807150018621294,0,1
2116,2.19754867928066,647.1633950494162,1.1211449964209517,4.787338469101568,-5.663771962984022,90.9752167959074,-10.40085629081068,100.0,64.69240930060865,0.5225736991545398,1.1754479773052602,0,1
2117,3.0993834206695614,555.9542809867978,1.1211449964209517,4.787338469101568,98.88515869717844,65.34973922812843,-46.38556795433666,87.79846267743213,100.0,1.1947936470791996,2.622114219636641,0,1
2118,3.0101819132738505,615.1598598723554,1.1211449964209517,4.787338469101568,63.5172285225231,100.0,-21.409121189127227,26.284492024211065,85.86147758519337,1.3442495333596236,1.8064722849340424,0,1
2119,2.867902239611204,686.9447893641736,1.1211449964209517,4.787338469101568,90.35346399573967,100.0,-1e-20,-13.717240744998628,60.406373247452734,1.3108715768597847,1.8678247428195125,0,1
2120,1.5891806698996662,583.2913306470332,1.1211449964209517,4.787338469101568,82.88755428051968,100.0,-51.82820355367958,-21.780309267498097,21.629626843798043,0.7425041085119075,1.3325414633673611,0,1
2121,2.1367898737549447,676.9606662260364,1.1211449964209517,4.787338469101568,66.31855149265736,40.884819113678425,-13.142709873268096,39.42508532990759,65.0228882517186,0.8110447694063958,1.7488227856769385,0,1
2122,1.9876538239032653,829.9857216615069,1.1211449964209517,4.787338469101568,100.0,36.57000718359639,-1e-20,100.0,32.42361270124298,0.8373542589768066,1.8410748134230603,0,1
2123,1.7904552991456302,499.6314309133111,1.1211449964209517,4.787338469101568,100.0,63.6462651736433,-11.030672556652222,-99.93627051780126,32.81141740944655,0.7246298568694864,1.7210030144312236,0,1
2124,2.3010285219719973,600.5219591145654,1.1211449964209517,4.787338469101568,43.800511807000845,96.2864253304292,-1e-20,4.316858344145686,50.5933104209994,0.971087030157737,1.2365598550116537,0,1
2125,2.2376197889996075,647.005066179736,1.1211449964209517,4.787338469101568,65.58843334321202,78.77605515021233,-23.482531027680608,100.0,49.01409701079356,1.0941065918728752,1.4122210656632743,0,1
2126,2.8832158113982054,537.7486747273324,1.1211449964209517,4.787338469101568,59.66093173391882,81.28934768399832,-1e-20,-36.87565335091284,86.96019157284255,1.1895356176777092,1.8122667035266224,0,1
2127,1.8727998560548156,381.2624691807704,1.1211449964209517,4.787338469101568,59.90107763992678,100.0,-99.99738048481802,-7.354107068830519,68.46301118662447,0.7928477267505145,1.544171538342062,0,1
2128,2.458422183867204,599.4268987674136,1.1211449964209517,4.787338469101568,82.27075021183808,88.75350814241182,-52.53317305067718,99.48751830732203,62.23416236674324,1.1549595864770017,1.795675507337387,0,1
2129,2.601960745596787,627.5787948402979,1.1211449964209517,4.787338469101568,86.85228062262077,13.530996319313369,-6.996221024777981,-32.54154673095226,100.0,0.7034559248832182,2.6173901481674315,0,1
2130,2.027298126273031,534.4129815274904,1.1211449964209517,4.787338469101568,100.0,79.67691125164723,-100.0,-100.0,79.75090373133916,0.7002018104332538,2.271519964329292,0,1
2131,6.033610064508859,20967.03297019643,2.1555968919717063,3.134572259162862,100.0,72.04996766900942,-8.548625083879056,-31.40422237361988,2.234164729967276,0.3057077492440059,7.431834034409171,0,1
2132,5.850471792295198,13603.60869158421,2.1555968919717063,3.134572259162862,100.0,56.105623924055735,-100.0,100.0,67.13227050348783,1.015845686935767,7.1759103522542365,0,1
2133,6.913032210785429,15665.52863204027,2.1555968919717063,3.134572259162862,57.81348473954604,52.011102951510594,-1e-20,90.8654274052603,37.3090157361242,0.4987339519092852,8.837951396079445,0,1
2134,6.310008654934927,11857.034191972833,2.1555968919717063,3.134572259162862,-16.361364231540698,38.67915781038641,-14.736846880635309,39.81899767159424,100.0,0.4709875624099355,6.802103717817119,0,1
2135,7.369355534326623,15399.96811429244,2.1555968919717063,3.134572259162862,17.34541601857446,71.13523586825526,-45.53484816696826,62.6517010428063,75.57098570876936,0.2999063193832283,8.840058337460206,0,1
2136,4.353940851839768,15652.296166404163,2.1555968919717063,3.134572259162862,69.74756086907912,1.923483989186316,-30.91393028077119,59.63684183729479,90.78998449246302,0.7361483554591408,4.934461170698556,0,1
2137,2.7205303095909152,7725.883248798535,2.1555968919717063,3.134572259162862,67.75865203445254,-2.777665952518703,-74.84886488854903,39.506546840457545,100.0,0.297246299349603,3.1347273043276136,0,1
2138,4.029443209150607,6104.824086529312,2.1555968919717063,3.134572259162862,95.308638189404,49.08092807911611,-69.95165285288093,-100.0,62.97710571595147,0.9358230126856026,3.342288837173424,0,1
2139,5.50814857447373,14964.35273745536,2.1555968919717063,3.134572259162862,49.25149184642521,54.05567791065765,-56.49209333585805,1.53694194178361,71.54597303308967,0.6376647171710839,5.947314953834393,0,1
2140,5.982292347704277,14078.663428055735,2.1555968919717063,3.134572259162862,62.4975232824826,35.693948178098644,-1e-20,48.64012450246595,52.07440119909327,0.7186860218545328,7.057620149373326,0,1
2141,3.2136823440220503,11543.675148343887,2.1555968919717063,3.134572259162862,81.67761517706242,7.671930604920277,-27.428405436735154,-100.0,86.1442606484345,0.4868922573151937,2.5529281230406764,0,1
2142,4.936721584700457,10954.504897949431,2.1555968919717063,3.134572259162862,95.25386293012645,5.174069538090318,-20.179570618671832,-11.61549766213347,100.0,0.8671086402972921,5.0186219274898125,0,1
2143,7.893676349716593,13058.045336613555,2.1555968919717063,3.134572259162862,48.85973000297584,31.52689151888927,-1e-20,100.0,100.0,0.9481214654749516,9.189508882174982,0,1
2144,10.552614091205417,7965.752919735938,2.1555968919717063,3.134572259162862,100.0,100.0,-49.997226760039645,-23.612840399211947,100.0,0.9975827002884374,11.6764618727668,0,1
2145,5.852813544197889,8121.155209754257,2.1555968919717063,3.134572259162862,36.87551772248161,16.9958397725949,-1e-20,27.438382591834955,97.65748553270453,0.8219795110947046,6.149002781533639,0,1
2146,3.5796766848354027,9860.73623901753,2.1555968919717063,3.134572259162862,27.852082901985167,17.714572849601126,-26.10809086656486,74.46202289953129,50.997233214673216,0.5028522950824807,4.33942683877143,0,1
2147,8.755247446115831,14024.836555920105,2.1555968919717063,3.134572259162862,68.12778390440064,74.68260150481754,-51.896422807991456,91.75333808764547,82.66647371025488,0.797051971631646,10.563130744899336,0,1
2148,12.034063067938195,13167.46317145854,2.1555968919717063,3.134572259162862,100.0,100.0,-1e-20,-28.24416360728231,97.60112258465406,1.0188348659892696,13.441360854035414,0,1
2149,9.421231986894426,15880.123413837702,2.1555968919717063,3.134572259162862,91.75543728455992,100.0,-55.16815254224333,-39.729407089011744,82.82745067377762,0.735235015683692,10.481543938709422,0,1
2150,5.537406889274939,12194.22683119082,2.1555968919717063,3.134572259162862,6.399892570498631,37.92078565078496,-27.674512753282738,70.23240627632795,75.5494060083727,0.460432366588352,6.43527575579882,0,1
2151,7.125460528981847,14080.986463416995,2.1555968919717063,3.134572259162862,76.94731133549998,54.83045361720251,-23.11878186464292,-100.0,100.0,1.0913413503127862,6.603412456019404,0,1
2152,10.713386283694591,11416.683932223545,2.1555968919717063,3.134572259162862,14.573489879050996,100.0,-1e-20,-40.588206793605536,100.0,0.259469253912747,11.913920528896064,0,1
2153,8.053859485244857,11423.873391365152,2.1555968919717063,3.134572259162862,-22.73233680154476,62.55872769207927,-21.33812985144612,76.77795479579085,100.0,0.273539288852124,9.399726074229967,0,1
2154,6.309982081333056,15820.627697458329,2.1555968919717063,3.134572259162862,51.390585858549294,44.46850363900951,-29.719115100989683,-50.86029219068272,100.0,0.9455929186063364,6.001952790847036,0,1
2155,8.35011390025127,14977.79283409358,2.1555968919717063,3.134572259162862,100.0,62.17827528378324,-28.88183794803816,100.0,61.14314749162041,0.9622367684193778,10.32206304757892,0,1
2156,4.596728228442425,14124.934613383715,2.1555968919717063,3.134572259162862,27.91496394193325,-5.457540197820613,-1e-20,62.06443396985176,100.0,0.5414485078406468,5.113868797753949,0,1
2157,7.87838598948059,10865.865039479071,2.1555968919717063,3.134572259162862,66.54080748686727,59.37169418082851,-28.618129771487585,-25.62541418656955,100.0,0.99918185468984,8.174912812013755,0,1
2158,4.304399662796786,13025.654183981884,2.1555968919717063,3.134572259162862,83.20095132700081,12.786198370355386,-73.01837733125322,97.26736909927916,89.89177247816986,0.9421949781060772,5.078453488696608,0,1
2159,7.480099771991817,21649.080217953066,2.1555968919717063,3.134572259162862,-25.845744992280984,41.69522176803896,-1e-20,100.0,100.0,0.3975698418920546,8.75062277391844,0,1
2160,8.476849921981778,12226.668306875416,2.1555968919717063,3.134572259162862,100.0,87.54949832158579,-79.8145586006164,89.04068844005944,64.16349574033562,0.7882531796590442,10.538373882435916,0,1
2161,11.14179777021323,14203.06932349793,2.1555968919717063,3.134572259162862,83.52558009788295,100.0,-14.74651881744446,18.79921590952416,80.9332331064139,0.7316192595819926,13.03931775268472,0,1
2162,4.644678859544851,15485.725353622804,2.1555968919717063,3.134572259162862,100.0,49.72010161486008,-100.0,-30.89840888088718,82.38011271627023,1.1445210231558858,4.369518700571954,0,1
2163,8.580451360618525,14801.69023301439,2.1555968919717063,3.134572259162862,71.09401377350468,63.53312541518218,-25.948239906330443,-0.9554088585296264,100.0,1.0193510596623154,9.249760617328716,0,1
2164,4.68191310820412,9115.17131845328,2.1555968919717063,3.134572259162862,82.77438815301471,18.262501919721785,-24.66384222230145,52.88938255079651,61.55008635610611,0.8840173419825543,5.408589847811139,0,1
2165,7.546728214626951,11858.917841728731,2.1555968919717063,3.134572259162862,76.01416095699709,66.31164460546218,-63.20984287868171,29.15748210720546,89.67191149178345,0.9486823425444562,8.412286146363876,0,1
2166,4.791007955248187,6980.492384663029,2.1555968919717063,3.134572259162862,100.0,-11.858814883807003,-1.812577599089419,24.93189041177788,100.0,0.5451595282396235,5.501611622027658,0,1
2167,10.265732547184196,9348.106081455284,2.1555968919717063,3.134572259162862,93.5408331204252,100.0,-62.7858602207817,-1.8292313648394147,100.0,0.938182710436262,11.52733251830912,0,1
2168,7.688527041458629,7588.619812564992,2.1555968919717063,3.134572259162862,100.0,64.46570171000948,-85.67545484336453,51.82124020123912,100.0,1.2293133203549125,8.582994590864654,0,1
2169,7.05677851255473,13346.685828789176,2.1555968919717063,3.134572259162862,65.19808806938174,28.489060627281543,-1e-20,15.972528920185844,100.0,1.0428723220315708,7.469908887161109,0,1
2170,3.369411186218297,20741.27777055816,2.1555968919717063,3.134572259162862,80.57818607203365,26.15498445497269,-50.135825553790326,-46.58790841756363,62.20500024875847,0.9000443928884792,2.932048585264819,0,1
2171,9.699707395094904,10083.31181191468,2.1555968919717063,3.134572259162862,100.0,75.92474323597405,-1e-20,-100.0,100.0,1.1709293251484914,9.817225203263654,0,1
2172,7.813813365780684,18838.668877345543,2.1555968919717063,3.134572259162862,56.4488006393571,58.352052367241015,-1e-20,-100.0,100.0,0.919889261911372,7.48265746505661,0,1
2173,2.8424540919682144,9738.626354643531,2.1555968919717063,3.134572259162862,42.79896483448892,-0.8875253199655369,-31.35871969944711,-31.76736574768239,92.12826634109472,0.2976922273799243,2.5724605548281074,0,1
2174,6.165693243851329,8449.167427696548,2.1555968919717063,3.134572259162862,100.0,79.91752888160687,-73.73800659217596,-100.0,63.75065311792049,0.6967994887142783,6.215614218171113,0,1
2175,11.9262914610755,18172.061609531906,2.1555968919717063,3.134572259162862,67.19748985829216,100.0,-2.476371067185404,99.97723057884912,75.59978319692087,0.5915496585330731,14.751636692610411,0,1
2176,7.482073011808886,16923.591504382308,2.1555968919717063,3.134572259162862,100.0,63.27669032767663,-41.03654128458162,-100.0,100.0,1.2234083227566876,7.056334881418126,0,1
2177,2.778992455109521,10034.53905248323,2.1555968919717063,3.134572259162862,37.40539316363314,-3.210072252451478,-59.75072454896429,100.0,85.41888215942734,0.4344175002614103,3.4790439045002963,0,1
2178,8.066826173034059,13766.8605863787,2.1555968919717063,3.134572259162862,47.42879116284981,46.94546883546916,-25.9727580145002,100.0,98.94945524201702,0.9115880466747344,9.435200466372692,0,1
2179,9.887948270169394,14582.082605962076,2.1555968919717063,3.134572259162862,92.84399118022844,100.0,-5.148515678689187,-100.0,68.79409152694404,0.6296517075144701,10.748938521093375,0,1
2180,7.370021582715069,11330.65253827262,2.1555968919717063,3.134572259162862,100.0,100.0,-76.98031845873595,-52.14973753240716,48.64076406210006,0.3793091239399837,8.507710819056477,0,1
2181,3.642034608185832,8132.700512750536,2.1555968919717063,3.134572259162862,81.94795015855591,41.92828551496532,-62.14124963448424,52.8720311724986,24.088224113557224,0.5989456055114095,4.666560881963295,0,1
2182,6.8143833223429,9580.625293732224,2.1555968919717063,3.134572259162862,51.50412469533832,56.692623010343205,-42.84031048400563,82.4394870710131,66.60338613002081,0.6385604724889085,8.27142258915345,0,1
2183,3.321778508081742,18479.45768093514,2.1555968919717063,3.134572259162862,99.33785233128036,48.899564575349785,-80.39619749855972,70.85272817086911,7.13847362807482,0.5290599592677316,4.722099016775008,0,1
2184,8.461346241955642,12412.213816058184,2.1555968919717063,3.134572259162862,72.18614389104118,98.2965065044601,-98.76783342591182,-20.675614163170906,100.0,0.6828037328381482,9.28160952579837,0,1
2185,8.483514084406185,11019.84209011218,2.1555968919717063,3.134572259162862,100.0,28.948453150477125,-1e-20,100.0,100.0,1.2521600552677636,9.937397905895637,0,1
2186,8.486771474453441,9891.54738348528,2.1555968919717063,3.134572259162862,20.53360435356717,70.7277838944939,-22.739797252152137,72.63823539613196,82.06700711618925,0.4252559936588023,10.141233804734092,0,1
2187,8.858259679154468,13527.009592392456,2.1555968919717063,3.134572259162862,66.66572350425825,89.70417928306455,-71.26728100705371,40.62099426484284,88.59880308760015,0.6824364127097553,10.323501985936336,0,1
2188,10.395625534467165,14989.542008511477,2.1555968919717063,3.134572259162862,59.32913180003136,74.93562980401512,-16.59438586437836,85.02620985307024,100.0,0.8867946573257628,12.248073168843558,0,1
2189,4.386021011170178,11492.236030943845,2.1555968919717063,3.134572259162862,100.0,20.19797639765276,-77.91395461300596,77.25551064941132,81.61869555261072,1.0613485056438876,5.053981921047234,0,1
2190,10.244997520200972,13983.355878672066,2.1555968919717063,3.134572259162862,94.79758539062004,100.0,-10.164828181911368,14.194773066296955,51.110794450266845,0.5502180592822716,12.357453571545497,0,1
2191,6.096102099313482,13130.418561712246,2.1555968919717063,3.134572259162862,66.8865020604554,28.22428483083482,-1e-20,-36.4673196950279,89.1608389249218,0.987765804399364,5.992293084395028,0,1
2192,2.562132830204903,14933.00777817554,2.1555968919717063,3.134572259162862,100.0,11.548424483070768,-83.78794539137571,64.34731403468065,58.78335806735001,0.7672909180367351,3.16307241160393,0,1
2193,5.409262915440913,10899.326842558336,2.1555968919717063,3.134572259162862,100.0,30.57058331774444,-62.61214926039523,-11.490428086635994,100.0,1.2310018860139644,5.263671666470375,0,1
2194,5.3829776462609065,16387.980612888652,2.1555968919717063,3.134572259162862,28.8373562646739,35.353136972301066,-23.96793480701487,34.27073573448648,74.00336131478282,0.6287325833359629,5.930798272551044,0,1
2195,6.762268101710859,6854.565906416634,2.1555968919717063,3.134572259162862,74.23580556789535,86.84551066434304,-69.2009254488482,-11.731504761470188,49.40050096594959,0.3209441126021848,7.992625948037759,0,1
2196,6.507403252168901,11829.99809418675,2.1555968919717063,3.134572259162862,100.0,73.87334773061457,-69.89222813047523,27.461886503234915,46.3725873085945,0.6991364167998286,7.8208265221110045,0,1
2197,10.69947816407145,24872.87389831651,2.1555968919717063,3.134572259162862,88.83924785265016,80.36588012083072,-34.78499598602582,100.0,97.8244340305031,1.070865195939751,12.767132670874467,0,1
2198,5.335125694393904,15906.92407299352,2.1555968919717063,3.134572259162862,100.0,26.97934661844449,-65.74570038738355,15.44014531144468,100.0,1.206057333621688,5.425197435252334,0,1
2199,9.81362570093389,17479.89325601553,2.1555968919717063,3.134572259162862,33.6712682535,89.49530138680561,-27.25204278736675,52.69276597004331,86.37177167777276,0.4219832885980485,11.65341659934834,0,1
2200,4.597464474781414,14530.273327487936,2.1555968919717063,3.134572259162862,64.44878553793515,60.6904561811344,-61.59125826239324,33.81600666065513,26.2690456708182,0.2808842476929616,5.86286871078431,0,1
2201,5.979930159861528,8984.536107795711,2.1555968919717063,3.134572259162862,100.0,13.914091978955485,-1e-20,10.130585477217906,86.7075429943704,1.0529449450178603,6.40917811504923,0,1
2202,4.696604796555956,17527.387098654654,2.1555968919717063,3.134572259162862,6.403069595663556,36.65236911377538,-19.42985000911252,-44.10912493460253,79.75367111218165,0.4758083847057472,4.400837394773163,0,1
2203,9.058731638250784,13030.028688676764,2.1555968919717063,3.134572259162862,100.0,100.0,-28.51377403637464,-74.98539288640217,57.62083566109084,0.5644782115779989,10.132836405609073,0,1
2204,6.4988711658551495,15284.521707181875,2.1555968919717063,3.134572259162862,66.48182165863068,70.26010084199027,-39.09046016293493,-24.65626630065592,53.753406196534335,0.4923464528591568,7.311395507221207,0,1
2205,7.413111099774417,13568.380858323764,2.1555968919717063,3.134572259162862,47.92580164410828,35.204531879210336,-9.491520422653236,59.866185960198514,100.0,0.9423552959991804,8.263824490213144,0,1
2206,11.467259021012268,13396.10125291692,2.1555968919717063,3.134572259162862,57.50323946053191,100.0,-41.54789139882332,100.0,100.0,0.6941543912545258,13.86395375824996,0,1
2207,5.772857467370603,8396.352460305952,2.1555968919717063,3.134572259162862,100.0,63.34459818040824,-11.310461838481007,31.54672866842025,-3.227864230683082,0.3771879634673327,7.6090263640325935,0,1
2208,9.862346890302188,21229.92138337296,2.1555968919717063,3.134572259162862,72.30661227954657,100.0,-57.59518293939515,-26.165309165994657,100.0,0.732421959473136,10.897524880081544,0,1
2209,6.663310679932343,13157.423254477317,2.1555968919717063,3.134572259162862,100.0,67.913299494646,-52.55021566231427,-24.10524182226897,60.26971017213232,0.8684980759891734,7.314818343694498,0,1
2210,0.9499822738044508,8719.121103233028,2.1555968919717063,3.134572259162862,100.0,32.27822236266996,-97.00149929478688,5.9382045547114615,6.962333599613494,0.5508096044483523,1.2616477503653938,0,1
2211,6.5782659489524855,8429.547855973393,2.1555968919717063,3.134572259162862,100.0,20.35770353243982,-40.16130655564427,100.0,100.0,1.1898254909699686,7.672840506199507,0,1
2212,8.83570934208314,20576.5701123986,2.1555968919717063,3.134572259162862,95.67084895572016,49.297991226013785,-25.224579900030072,81.86564443353802,100.0,1.249078055067275,10.18961085638562,0,1
2213,7.974661947830205,21821.612781610096,2.1555968919717063,3.134572259162862,70.48008614707523,32.64120024369166,-1e-20,68.84985943372723,100.0,1.084767962696878,9.029228483133734,0,1
2214,11.11721601379481,18302.15263246428,2.1555968919717063,3.134572259162862,100.0,100.0,-22.113139484454425,-50.07142344491341,98.29660833089144,0.9956529190364388,12.156094209334752,0,1
2215,10.432163128195093,13935.74070148246,2.1555968919717063,3.134572259162862,83.18014367824901,83.24847646102216,-1.2535786772672424,22.223412427263128,80.7910114846608,0.86028562635369,12.071552299549143,0,1
2216,5.163066990985112,10368.894392189157,2.1555968919717063,3.134572259162862,79.32130460708878,44.07443595094377,-17.911306633026282,-66.74225249829607,55.076386425252544,0.8163335713241247,5.075508414162236,0,1
2217,5.474587694671852,14157.088331795008,2.1555968919717063,3.134572259162862,36.52912142404416,30.487451940236703,-22.80991111006191,62.06557462595213,73.7682265839857,0.6978940483555549,6.25936204661416,0,1
2218,10.894071350546827,15789.54433630714,2.1555968919717063,3.134572259162862,71.34824866705613,100.0,-52.116912023571125,57.66028490205022,100.0,0.7843541388078767,12.80639457067528,0,1
2219,2.9024134154297547,10466.45841865676,2.1555968919717063,3.134572259162862,-24.14067768043607,29.73428203035417,-52.19106336399109,-100.0,100.0,0.3518013775575637,1.5299391808099518,0,1
2220,4.111229967854145,8404.658149021252,2.1555968919717063,3.134572259162862,11.82886652053476,32.17103674618067,-80.38594125542016,100.0,83.15033520351302,0.5781035116800739,4.811652340875517,0,1
2221,1.974705079415924,10488.987324184756,2.1555968919717063,3.134572259162862,40.93453329933375,13.773173809497816,-59.01532867408281,24.995616406783988,52.39358245574029,0.5598416872374733,1.9806456790753264,0,1
2222,3.797153455971957,9724.172142101748,2.1555968919717063,3.134572259162862,93.44429950039996,-6.074180333210144,-5.477598704620437,-19.38340901344218,81.56116866966627,0.4554120627615223,4.083582188028737,0,1
2223,8.818415019494388,19117.62872849389,2.1555968919717063,3.134572259162862,69.31858521496365,75.80208595258932,-29.38957990008857,-47.513033596501685,100.0,0.914299580155153,9.2412731643396,0,1
2224,3.874154719236335,9432.99737311654,2.1555968919717063,3.134572259162862,86.61485552771119,5.180579789356482,-6.931221291585739,-23.978769993548845,68.4576743581321,0.7093146307682214,3.927579530093081,0,1
2225,8.47220229283841,23359.076903459205,2.1555968919717063,3.134572259162862,100.0,100.0,-49.876099948190586,24.447104131055568,34.05027496056953,0.3702699288256639,10.605599693893796,0,1
2226,12.70707345842996,12502.60268928821,2.1555968919717063,3.134572259162862,100.0,100.0,-15.583988511050212,76.51068599782288,100.0,1.0673469576429273,15.082368794908575,0,1
2227,6.937855975336621,8055.036128224867,2.1555968919717063,3.134572259162862,49.25608946028895,68.53331445052143,-100.0,70.55697109799436,100.0,0.7856426421839431,7.938892861937793,0,1
2228,2.3890869057280675,9310.960397677962,2.1555968919717063,3.134572259162862,54.15526333823431,0.2991619469993338,-17.11866782044387,-3.724430435037375,54.83122270786125,0.3837850179909723,2.490121093257413,0,1
2229,9.57592479892568,17002.868640478206,2.1555968919717063,3.134572259162862,-7.238399462614211,77.4664394089575,-11.37645235646442,69.23439981367956,100.0,0.3043650967762232,11.264639167423406,0,1
2230,10.982073628218872,17480.59251934065,2.1555968919717063,3.134572259162862,77.20904027098497,100.0,-10.117730610424031,88.41371830015453,57.02841409849363,0.4939492186025207,13.786590349933364,0,1
2231,0.0092486394597268,0.0020146739188148,4.121352885726401,32.50711697721612,12.561059283385838,100.0,-1e-20,-38.50586276999989,-34.289696220899486,-0.0003139869539574,0.0003140345400438,1,1
2232,0.0010971655076588,0.0014689450341622,4.121352885726401,32.50711697721612,-77.31933231939782,14.908178458607992,-46.55157882756866,-71.41533911660832,15.579915834329649,-4.1196736093520233e-05,4.119111984501612e-05,1,1
2233,0.0066738650192759,0.000772525048023,4.121352885726401,32.50711697721612,-93.45641714539398,65.77982648520941,-23.44085835808829,83.73471483884316,0.602127864686766,-0.0002052414868817,0.0002058905108097,1,1
2234,0.0063282747109984,0.0014821750086841,4.121352885726401,32.50711697721612,76.57719750593762,82.58749379543221,-27.865232665121,-29.368800496505504,-40.16552846432418,-0.0002536323487871,0.0002540869100112,1,1
2235,0.0080608975144168,0.0017014682774421,4.121352885726401,32.50711697721612,82.3905651281249,100.0,-27.21781118683465,83.52720969767475,-46.495401907295175,-0.000306071606275,0.0003105426666223,1,1
2236,0.0042367545882163,0.0021382266327075,4.121352885726401,32.50711697721612,66.78953476591046,60.93218650417364,-33.74358513512148,-61.34878951698482,-30.679561933959857,-0.0001848992070031,0.0001851048535958,1,1
2237,0.0007488855743804,0.001517659247877,4.121352885726401,32.50711697721612,-54.01762122671949,17.510193374239293,-66.622274603956,100.0,10.757412667394316,-4.760387977274176e-05,4.798885670718242e-05,1,1
2238,0.0076001341930538,0.0017015974417998,4.121352885726401,32.50711697721612,-41.498314642762615,100.0,-100.0,31.401003662992736,-14.941378999460566,-0.0002993213759799,0.0003011440214324,1,1
2239,0.005065398101639,0.0021048480030482,4.121352885726401,32.50711697721612,72.4439360041089,61.91041875014803,-1.4058718664194068,45.227195504374336,-35.150116128699906,-0.0001935129119603,0.0001935391672701,1,1
2240,0.0073618556218645,0.0014859743943848,4.121352885726401,32.50711697721612,40.41508935969272,84.19198428820398,-11.579407249689446,65.9226088533842,-33.59659241324023,-0.0002590268203289,0.0002638506691811,1,1
2241,0.0090375045341758,0.0022022501802295,4.121352885726401,32.50711697721612,34.662092528144925,100.0,-1.9719801781724997,82.58548595779959,-39.405757019883744,-0.0003145188128289,0.0003141886481824,1,1
2242,0.0104115615261924,0.0013867020545104,4.121352885726401,32.50711697721612,-92.19495861292336,100.0,-1e-20,68.02117186966615,-12.182261814404562,-0.0003161050765698,0.0003172040782966,1,1
2243,0.0097935506388576,0.001012421570818,4.121352885726401,32.50711697721612,-38.095565912916285,99.00483839018564,-1e-20,88.39491355293302,-23.177954634712023,-0.0003111013170499,0.0003133853849681,1,1
2244,0.0033759450202553,0.0014174800321399,4.121352885726401,32.50711697721612,-83.30887835607793,41.375516087265126,-59.5016780310416,-26.608245440561824,9.24956162983838,-0.000122676371412,0.0001226094724764,1,1
2245,0.0011997277249572,0.00176358723012,4.121352885726401,32.50711697721612,72.28435696182936,20.78001785969417,-1e-20,-76.65493687253503,-21.225533914533223,-6.208766764481147e-05,6.402371994067948e-05,1,1
2246,0.009279515251613,0.0018453991081889,4.121352885726401,32.50711697721612,-63.61174309039201,100.0,-33.60180871778403,-30.09881822648621,-15.458687477474411,-0.000310078522506,0.0003104256750796,1,1
2247,0.007610777869216,0.0015527350049248,4.121352885726401,32.50711697721612,-56.03505891556209,91.51241688051228,-70.43130823578412,82.1040091926366,-12.183761485035332,-0.0002793091631008,0.0002787677637314,1,1
2248,0.0056521172244375,0.0012731324540921,4.121352885726401,32.50711697721612,-68.91822317885135,50.93387278722423,-1e-20,100.0,-0.7535781672702901,-0.0001584591588335,0.0001634710408008,1,1
2249,0.0071255614972883,0.0017208042967478,4.121352885726401,32.50711697721612,35.16864853819536,85.37673070334904,-20.366931821848365,-100.0,-32.82567878952016,-0.0002646260845621,0.0002638673070346,1,1
2250,0.0093044710590927,0.0016960449234537,4.121352885726401,32.50711697721612,-56.82890938533011,100.0,-30.13412465224514,-7.512514940866048,-17.22157965823105,-0.0003105365477539,0.0003110407468144,1,1
2251,0.0025379446497545,0.0009628873371698,4.121352885726401,32.50711697721612,-69.07213878868292,22.227356295835303,-8.316437163523076,-100.0,8.447888353340327,-6.991237573746056e-05,6.898000029329269e-05,1,1
2252,0.0077098517355481,0.0020504849160843,4.121352885726401,32.50711697721612,100.0,100.0,-31.79099512139755,-8.303664610996726,-49.676234301272814,-0.0003049238732393,0.0003087487323201,1,1
2253,0.0060381502831797,0.0013625789728736,4.121352885726401,32.50711697721612,100.0,91.9184291820696,-71.3925260471174,86.90317195603721,-45.20559192132082,-0.000277231824853,0.0002777335410031,1,1
2254,0.005174984926207,0.0017020810487808,4.121352885726401,32.50711697721612,6.262850331084167,56.113583351608376,-2.466397367903856,25.524070667807543,-18.99186095506893,-0.0001759314992335,0.0001762941029014,1,1
2255,0.0044367746830727,0.0019707449985561,4.121352885726401,32.50711697721612,100.0,81.3111111773006,-96.56798616511352,44.56074662094966,-39.79830901676034,-0.0002406508928396,0.0002408413377573,1,1
2256,0.0051881134772034,0.0013458644322945,4.121352885726401,32.50711697721612,-47.63463112589872,61.54602522413635,-48.73679565942116,-61.6995133390127,-4.716031264265706,-0.0001843007199192,0.0001873406485896,1,1
2257,0.008981267477343,0.0020480689115063,4.121352885726401,32.50711697721612,-26.86343553996298,100.0,-35.92201328922396,-8.23181459109081,-21.69485032659095,-0.0003042223436093,0.0003109501551605,1,1
2258,0.0080948865849073,0.0021371316048941,4.121352885726401,32.50711697721612,12.200206216350551,100.0,-54.01400033380561,-100.0,-28.464072368397403,-0.0003009494904874,0.0003067440700407,1,1
2259,0.0081760669873781,0.0021136212789707,4.121352885726401,32.50711697721612,-0.1589337888379276,100.0,-52.86557886770743,-43.1774695331432,-27.43469068684092,-0.0003060307089456,0.0003063104165672,1,1
2260,0.008572151093776,0.0021900620933519,4.121352885726401,32.50711697721612,-44.69668227823497,98.82546914381923,-50.51802594261808,-99.14900035642393,-17.241488933994294,-0.0003019982149638,0.0003035886318636,1,1
2261,0.0078640953886437,0.0022004365709634,4.121352885726401,32.50711697721612,-4.319553767380917,98.12308427136992,-63.34283534774799,-9.85173717142922,-24.77110359432397,-0.0002972444373009,0.0002996928547954,1,1
2262,0.0077979957307511,0.0016763433242341,4.121352885726401,32.50711697721612,-96.71058034820037,96.2707919382882,-100.0,62.62476948237729,-2.620715638984547,-0.0002903035233861,0.000290044191996,1,1
2263,0.0001776012747785,0.0015563522296209,4.121352885726401,32.50711697721612,-3.0897686020778536,3.364722201515505,-9.605808472043412,71.97353521122177,0.1335027245417368,-9.506643620038792e-06,9.890020934524918e-06,1,1
2264,0.0017812216906816,0.001986835275168,4.121352885726401,32.50711697721612,64.40335353022343,25.42600292022393,-1e-20,5.949998457575534,-21.15500667600017,-7.671278609284836e-05,7.949443057264023e-05,1,1
2265,0.0083592784804373,0.0021986251943395,4.121352885726401,32.50711697721612,-16.70605260301152,100.0,-51.36977082267354,-90.92321036857015,-23.77383859112434,-0.0003059451217881,0.0003065145493377,1,1
2266,0.0057931900464117,0.0011112779121845,4.121352885726401,32.50711697721612,-38.376474094407065,67.70563684804938,-47.38444378631937,53.47554337989092,-8.8972988851696,-0.0002035301723107,0.0002078790946368,1,1
2267,0.0020225512453819,0.0018280505942607,4.121352885726401,32.50711697721612,-33.97428652518843,21.9748008787671,-17.670976539972568,-29.640361137126263,2.0425279935874894,-6.57663328291307e-05,6.713650880228122e-05,1,1
2268,0.0020277093551861,0.0009503233829838,4.121352885726401,32.50711697721612,-89.69858050707676,23.68002591587481,-46.78558415534167,-92.6598845107662,15.474578273265518,-6.869592423652076e-05,6.846369276654323e-05,1,1
2269,0.0078447757625874,0.0016866260040414,4.121352885726401,32.50711697721612,-58.03298226864479,85.84102272002659,-34.82248801533336,-25.13481817212657,-12.330926774315138,-0.0002661698910835,0.0002654027265951,1,1
2270,0.0055207837374189,0.0010945626472143,4.121352885726401,32.50711697721612,-56.78414280650484,56.96412123678256,-17.59389297936389,-51.76449503363099,-4.330557217685147,-0.000176690638504,0.0001772605799861,1,1
2271,0.0059909202846736,0.0015685443188015,4.121352885726401,32.50711697721612,-94.69355551337148,77.65801457965675,-100.0,-66.28433388586483,3.82824994464794,-0.0002294486386939,0.0002311314097415,1,1
2272,0.0042044989827249,0.0020984048001331,4.121352885726401,32.50711697721612,17.71161319434558,70.60296070605635,-100.0,-9.334502097230695,-18.00365833343566,-0.0002060822580569,0.0002080288295189,1,1
2273,0.0027024904532661,0.0016277597600495,4.121352885726401,32.50711697721612,100.0,63.66313109629965,-100.0,47.37789088901639,-33.92141631336574,-0.0001852108131491,0.0001854640930747,1,1
2274,0.0066410178347758,0.002139179756624,4.121352885726401,32.50711697721612,100.0,100.0,-80.26304698153722,100.0,-46.67631025215617,-0.0002999169717122,0.000302414053124,1,1
2275,0.004998992628727,0.0016215292314882,4.121352885726401,32.50711697721612,-3.564623415820229,59.54712837175675,-31.60524009143865,100.0,-15.774448247965552,-0.0001821784267635,0.0001836797813307,1,1
2276,0.0027005658424969,0.0014334714640357,4.121352885726401,32.50711697721612,-33.26674122704007,32.087633218197126,-34.53198725892705,71.78545471270785,0.3266220220296709,-9.336141605234712e-05,9.79441673430437e-05,1,1
2277,0.0021796833312762,0.0022014143491497,4.121352885726401,32.50711697721612,-37.38199005929814,23.94944905187536,-17.351529403626152,-100.0,2.0180321373109718,-7.280387782070183e-05,7.256489975267749e-05,1,1
2278,0.0101711648366792,0.0020839927739574,4.121352885726401,32.50711697721612,-71.05900050960042,100.0,-1e-20,43.22768330229091,-16.677056850607123,-0.0003157980267445,0.0003164818302141,1,1
2279,0.0055001693257169,0.001929633498442,4.121352885726401,32.50711697721612,62.53504146347447,85.94559673391656,-85.6256933017924,7.419332475317748,-33.845345429164624,-0.0002563039947245,0.0002571520019684,1,1
2280,0.008312884722111,0.0012231966871311,4.121352885726401,32.50711697721612,-100.0,97.87860036535646,-86.29449323330915,45.95033020199757,-3.0956995514989227,-0.0002961611568137,0.0002973046886569,1,1
2281,0.0032473544959206,0.0011147936874897,4.121352885726401,32.50711697721612,-35.691687391183024,30.45265614175699,-1e-20,17.655563035080498,-2.0795127963600684,-9.640142249461006e-05,9.672835131220796e-05,1,1
2282,0.001830271055144,0.0014165435217409,4.121352885726401,32.50711697721612,9.656403959532843,43.80649824850754,-95.92490595960533,-3.9381030330920552,-8.534173750750146,-0.000124719596732,0.0001248457906397,1,1
2283,0.00694676406552,0.0021220354369687,4.121352885726401,32.50711697721612,12.048797743775864,88.79240828705711,-55.94630468716068,7.327536745351665,-26.534539914607247,-0.0002708830469416,0.0002707218693737,1,1
2284,0.0066905474848365,0.001898105860066,4.121352885726401,32.50711697721612,-44.91797422105969,78.73780809707445,-51.66786101496057,40.541029434314446,-11.879030278953325,-0.0002417661429712,0.0002407625779216,1,1
2285,0.005246931852464,0.0019487535968862,4.121352885726401,32.50711697721612,-39.798729969718174,49.650257769786,-1e-20,100.0,-6.341566693621846,-0.0001531443791424,0.000159006243431,1,1
2286,0.0085789701766109,0.0016744834807,4.121352885726401,32.50711697721612,-53.05791389447581,100.0,-60.6167112817152,0.8660366173115257,-15.659018388651155,-0.0003057914064339,0.0003064980826432,1,1
2287,0.0018988556926804,0.001721269241216,4.121352885726401,32.50711697721612,-100.0,23.957007974831534,-60.71643915712947,-44.7924537426266,18.818076776740195,-6.706935728429837e-05,6.836006569732462e-05,1,1
2288,0.0017351860869915,0.0020386504466484,4.121352885726401,32.50711697721612,-31.87013145988587,26.90972707850608,-50.46190018270808,8.215103446852414,2.3651538464423965,-7.718313309094301e-05,7.838028819630939e-05,1,1
2289,0.0015857492362169,0.0012973214748671,4.121352885726401,32.50711697721612,-100.0,18.78828153365326,-57.144083101658175,34.153944130723175,20.43667552924463,-5.008373911057143e-05,5.379031280657157e-05,1,1
2290,0.0047870451276923,0.0012460678182552,4.121352885726401,32.50711697721612,-44.949705704970086,55.85964104143931,-39.159108746247945,-35.52458223370154,-5.205884092005103,-0.0001709180488407,0.0001701687873693,1,1
2291,0.0061737016686621,0.0020761173303238,4.121352885726401,32.50711697721612,-15.597640579764455,77.12904057923926,-56.221071785871885,53.15647527477175,-16.889888181232532,-0.0002342676293078,0.0002350369660882,1,1
2292,0.0087103195993425,0.001762718329052,4.121352885726401,32.50711697721612,6.815920144100289,100.0,-30.452896903467,15.69677197942832,-30.128056479938653,-0.0003071539347151,0.0003106548795209,1,1
2293,0.0061225090938794,0.0016178949905867,4.121352885726401,32.50711697721612,-57.63688038899242,70.64574576791449,-50.513207243438345,32.62789872564399,-6.177481362715554,-0.0002150436466674,0.0002161065887691,1,1
2294,0.0052713357188459,0.0019903325446167,4.121352885726401,32.50711697721612,86.63787181860117,87.04217859558723,-90.70237089225527,95.06032614848446,-39.4881570895618,-0.0002600308156062,0.000259969072456,1,1
2295,0.0071167762636487,0.0011886116976481,4.121352885726401,32.50711697721612,-75.31801312121551,79.42193459573747,-50.33440526164056,-76.16660170555872,-4.2397336138953925,-0.0002403007497943,0.0002437194154005,1,1
2296,0.0062865302204815,0.0024011870327249,4.121352885726401,32.50711697721612,25.290026534464843,80.41347497215381,-46.0387820733697,-6.779267482418385,-26.83126384939693,-0.0002437832414154,0.000246045189274,1,1
2297,0.0056285936592706,0.0008733966658493,4.121352885726401,32.50711697721612,-79.04289652031886,50.4871404572929,-1e-20,100.0,0.4889962927447389,-0.0001608743286842,0.0001613715506778,1,1
2298,0.009411485744708,0.0024131843280444,4.121352885726401,32.50711697721612,-6.224330956690125,100.0,-3.675082026352424,55.95179286906605,-30.40100041378888,-0.0003145908737981,0.0003145646613348,1,1
2299,0.0072303866089535,0.0021653401658795,4.121352885726401,32.50711697721612,61.35962502508039,100.0,-65.56584314067315,-70.82287293382534,-39.49139188331541,-0.0003032187138045,0.0003032440428877,1,1
2300,0.0090190299556399,0.0019334774441223,4.121352885726401,32.50711697721612,-99.1896699212254,100.0,-60.73529232884267,-100.0,-5.143965894824766,-0.0003048223004035,0.0003067899055934,1,1
2301,0.0079355988136951,0.0021744428596862,4.121352885726401,32.50711697721612,-10.823324873807948,100.0,-69.96620797117679,30.48969994152047,-24.172486707252936,-0.0003043889830945,0.0003045241308895,1,1
2302,0.0029400983041384,0.0009344402892763,4.121352885726401,32.50711697721612,-87.77148628539742,45.75797937134358,-100.0,-100.0,13.09704408030104,-0.0001279401066831,0.0001316367482946,1,1
2303,0.0073639703833446,0.0014906271396327,4.121352885726401,32.50711697721612,-100.0,71.04410426348568,-16.263054133002868,18.797552763408333,0.0385446559312674,-0.0002224912448599,0.0002232015593696,1,1
2304,0.0088464029866629,0.0021269763963888,4.121352885726401,32.50711697721612,-2.7856642206142723,100.0,-25.083688052275956,-28.06386938396157,-29.066533806102488,-0.0003102858482146,0.0003106149136244,1,1
2305,0.0092982290208852,0.0013281081534901,4.121352885726401,32.50711697721612,-72.89769048880639,100.0,-36.82363365430385,-7.721669168098398,-13.525458563750082,-0.0003106153309811,0.0003100964074355,1,1
2306,0.0002952444004699,0.0016602400026344,4.121352885726401,32.50711697721612,63.82029594135962,18.35541023352488,-36.83187567612193,37.69237786706555,-16.136985211985174,-5.068239801805408e-05,5.317319643000619e-05,1,1
2307,3.830816920104676e-05,0.0015740633713481,4.121352885726401,32.50711697721612,60.86959338118672,31.889085025147267,-100.0,-45.07653117904235,-15.486355220900975,-8.861126552378725e-05,8.735421149328444e-05,1,1
2308,0.0031374412262795,0.0023170420714615,4.121352885726401,32.50711697721612,19.95344047005004,39.96109722920658,-16.223561249095198,-100.0,-15.119353541931876,-0.0001215491970586,0.0001223154259632,1,1
2309,0.0031764138075737,0.0012568923083633,4.121352885726401,32.50711697721612,41.27108190047517,49.372401709035685,-45.5900934413512,-2.570231151179996,-20.906036789885015,-0.0001478443868566,0.0001480087350524,1,1
2310,0.0045465114505683,0.0019600220810696,4.121352885726401,32.50711697721612,100.0,72.46682852685188,-57.55666199325543,-41.69346825195335,-38.42317688075092,-0.0002134513387424,0.0002189217011673,1,1
2311,0.0036840728098603,0.0017057404934477,4.121352885726401,32.50711697721612,-31.41156176788192,59.011578109857695,-93.74939327749738,-93.38558505402791,-4.419954058859435,-0.0001720183610039,0.0001722510195735,1,1
2312,0.005173820480537,0.001602477694846,4.121352885726401,32.50711697721612,-100.0,60.58813321750767,-68.22594573265214,-73.66563280674616,8.109457961906745,-0.0001798262783634,0.0001821455149742,1,1
2313,0.0023642975080716,0.000993893664962,4.121352885726401,32.50711697721612,36.75245297093443,38.65987427537032,-43.32220792121393,100.0,-16.65939615138006,-0.0001138499713001,0.0001159919716181,1,1
2314,0.0074899341049572,0.0019026841126223,4.121352885726401,32.50711697721612,92.67806635517869,100.0,-45.3842813564424,14.52670134899124,-47.143453379076725,-0.0003032003443353,0.0003070994750102,1,1
2315,0.0040197477034487,0.0011680816110444,4.121352885726401,32.50711697721612,29.64627323562644,56.43762701170121,-45.88631777579175,19.576763656708835,-20.091939814842647,-0.0001681256796784,0.0001710827526226,1,1
2316,0.003002187906947,0.0020572973408699,4.121352885726401,32.50711697721612,7.669256299171472,45.69419025645261,-56.9729474813871,76.81398251730921,-11.552773195435062,-0.0001342601897302,0.0001364510690617,1,1
2317,0.0100007619897717,0.0020169470052909,4.121352885726401,32.50711697721612,-95.69376249812194,100.0,-20.73426468692789,52.5498534977901,-9.352282930397012,-0.0003113068418672,0.0003142307192559,1,1
2318,0.0078969926717684,0.0020305316985063,4.121352885726401,32.50711697721612,58.00304407164092,100.0,-41.79393553126853,-10.032471927819056,-40.17830132566499,-0.0003048698193207,0.000307778470156,1,1
2319,0.0012026176478095,0.0022211793090564,4.121352885726401,32.50711697721612,55.97751990534488,39.996168750520695,-84.50390503984265,-100.0,-17.63586731281243,-0.0001132234764672,0.0001135277160918,1,1
2320,0.0083523998342933,0.0018992658130369,4.121352885726401,32.50711697721612,-100.0,89.04181930842876,-48.34890873066484,-1.4247783433326218,-2.636852729643433,-0.0002723261628062,0.0002751383214428,1,1
2321,0.0077500604547642,0.0022561989795606,4.121352885726401,32.50711697721612,-60.96663613742945,100.0,-100.0,-8.49702754287972,-10.988616919712094,-0.0003004780064789,0.0003008163931374,1,1
2322,0.0094834125760267,0.0019253538786938,4.121352885726401,32.50711697721612,-6.923772934162457,100.0,-1e-20,38.76533014396158,-30.58114713523945,-0.0003154273412785,0.0003149146257468,1,1
2323,0.0008334045170875,0.0012375563037513,4.121352885726401,32.50711697721612,-54.71862945464835,8.207240406896204,-25.74976191949529,-47.34313554790723,12.564183697679296,-1.842662942139815e-05,2.425764684127454e-05,1,1
2324,0.0033394726734425,0.0017034909203141,4.121352885726401,32.50711697721612,-55.43486973636795,52.89243291730861,-100.0,-1.1447486059335112,3.635665410935683,-0.0001501646783501,0.0001541845912957,1,1
2325,0.0070036817751345,0.0020770935375662,4.121352885726401,32.50711697721612,25.04176159897288,100.0,-95.29902550495224,21.523687694372363,-29.551083557866743,-0.0002993523910276,0.0003006088687042,1,1
2326,0.0025002802863737,0.0012080374370213,4.121352885726401,32.50711697721612,-1.008757749609726,36.18504198963289,-41.50379049631743,-19.382324411844657,-7.441850527329373,-0.0001058186793539,0.000108247074405,1,1
2327,0.003384702641811,0.0020265793450781,4.121352885726401,32.50711697721612,-57.15310424538051,29.79848120582315,-2.1437793046886133,78.90249264020892,2.5070217782068625,-9.534384223899096e-05,9.520032968972316e-05,1,1
2328,0.0049573293430279,0.0017157705570509,4.121352885726401,32.50711697721612,100.0,82.58352716411042,-82.51071728625547,88.12972723588263,-40.781132448388085,-0.0002445199865517,0.0002476163011042,1,1
2329,0.0020060754982429,0.0020927180354615,4.121352885726401,32.50711697721612,8.64954947351579,20.86112613283035,-1e-20,100.0,-7.919255095766093,-6.305249233631694e-05,6.710765775720803e-05,1,1
2330,0.0040872841647183,0.0021817657649595,4.121352885726401,32.50711697721612,100.0,74.38214081328974,-80.74910831577824,-80.331501398616,-38.16944401576293,-0.000219707221803,0.0002205528431426,1,1
