,V,fitness,V_O,s,tau,AF3,AF3_O,AH3,AH3_O,A3N3,A3N3_O,AF5,AF5_O,AD5,AD5_O,lambda1,lambda1_O,lambda2,lambda2_O,taquiónico,taquiónico_O
0,0.01148471678449392,0.13950505560343868,0.021776,1.600149459561681,3.485910062937601,40.751952778381764,1.7778200617014661,8.170712133500208,0.8930425134791504,-9.350260540224951,-0.12270234214656134,-2.3594013385394073,-1.3757379301891066,-18.989782661520536,-1.2704619002946824,0.17695906592819083,-0.30279,0.2766390365065156,0.66803,0,1.0
1,0.00027458881275299607,0.042638719281053894,0.021776,1.600149459561681,3.485910062937601,79.35774126383515,1.7778200617014661,18.980669517414537,0.8930425134791504,-59.34339658189066,-0.12270234214656134,45.82802501758023,-1.3757379301891066,-22.87137236021575,-1.2704619002946824,0.4023620922545603,-0.30279,0.6964576654146575,0.66803,0,1.0
2,0.5891693318695155,0.151748456898163,0.021776,1.600149459561681,3.485910062937601,-39.95488961568447,1.7778200617014661,16.132082262502614,0.8930425134791504,-66.81380041538031,-0.12270234214656134,-41.069172071616144,-1.3757379301891066,69.58659629150647,-1.2704619002946824,-0.269589036610997,-0.30279,0.2695940087283064,0.66803,1,1.0
3,0.3546267406822039,0.18427640857986524,0.021776,1.600149459561681,3.485910062937601,-1.8060159476152609,1.7778200617014661,13.515873668817532,0.8930425134791504,-34.119161824250305,-0.12270234214656134,-65.3748373260415,-1.3757379301891066,32.11184680717136,-1.2704619002946824,-0.24318189772012494,-0.30279,0.30958257084439184,0.66803,1,1.0
4,0.2297519098768211,0.009707403161515842,0.021776,1.600149459561681,3.485910062937601,-17.286100474577974,1.7778200617014661,0.972263848295483,0.8930425134791504,-5.187514142333191,-0.12270234214656134,-10.041659085788819,-1.3757379301891066,18.32510104269302,-1.2704619002946824,-0.01856333556131816,-0.30279,0.01773092060926114,0.66803,1,1.0
5,0.3916984987348898,0.01924036388959743,0.021776,1.600149459561681,3.485910062937601,-48.32429686882233,1.7778200617014661,5.2365135442356685,0.8930425134791504,-55.33097699787144,-0.12270234214656134,26.593627226524045,-1.3757379301891066,58.34451585386942,-1.2704619002946824,-0.05138481465313063,-0.30279,0.05163848715904908,0.66803,1,1.0
6,-0.0005782665669109566,0.06307516656947529,0.021776,1.600149459561681,3.485910062937601,80.48987828502715,1.7778200617014661,19.149109511681793,0.8930425134791504,-47.96793946921026,-0.12270234214656134,45.4977251018549,-1.3757379301891066,-31.2007227317946,-1.2704619002946824,0.49274078980259617,-0.30279,0.6094218482360969,0.66803,0,1.0
7,0.6691443339079731,0.20066486490986118,0.021776,1.600149459561681,3.485910062937601,20.280600357060912,1.7778200617014661,26.26300841265289,0.8930425134791504,-97.51865394967389,-0.12270234214656134,22.53207554375171,-1.3757379301891066,43.8358465912397,-1.2704619002946824,0.34995618813243856,-0.30279,0.6839001557007757,0.66803,0,1.0
8,0.13953437978961447,0.009503805075721837,0.021776,1.600149459561681,3.485910062937601,-25.252753084484606,1.7778200617014661,4.856847608136962,0.8930425134791504,-44.181209495619264,-0.12270234214656134,27.53792857920123,-1.3757379301891066,34.01274059122594,-1.2704619002946824,-0.06559978213514746,-0.30279,0.06533471183196564,0.66803,1,1.0
9,0.1969628499943924,0.09135250827689387,0.021776,1.600149459561681,3.485910062937601,72.72417859634784,1.7778200617014661,16.954865981959646,0.8930425134791504,-27.631458805981765,-0.12270234214656134,2.9957425844073606,-1.3757379301891066,-25.382212888903886,-1.2704619002946824,0.43612961076816514,-0.30279,0.5872836058695619,0.66803,0,1.0
10,0.3993063843229522,0.2777513861375823,0.021776,1.600149459561681,3.485910062937601,-5.8489456885126625,1.7778200617014661,18.726254025814672,0.8930425134791504,-59.910118306171256,-0.12270234214656134,-53.26142497788094,-1.3757379301891066,44.5767244665572,-1.2704619002946824,-0.2680339293398269,-0.30279,0.39703223657866477,0.66803,1,1.0
11,0.15238441748642562,0.027470335814291934,0.021776,1.600149459561681,3.485910062937601,-4.655415801114855,1.7778200617014661,6.25680639847913,0.8930425134791504,-17.062476512203233,-0.12270234214656134,-24.603350909955633,-1.3757379301891066,15.903327659458093,-1.2704619002946824,-0.11454300964394573,-0.30279,0.11579072551413819,0.66803,1,1.0
12,0.04634821385556198,0.189221252250464,0.021776,1.600149459561681,3.485910062937601,-7.50474705408498,1.7778200617014661,15.608152721617778,0.8930425134791504,-79.19189979883299,-0.12270234214656134,21.865707192861773,-1.3757379301891066,36.99072207643201,-1.2704619002946824,-0.21665587745875503,-0.30279,0.3062452738067447,0.66803,1,1.0
13,0.5362251123945474,0.16935267654887745,0.021776,1.600149459561681,3.485910062937601,17.368081515824958,1.7778200617014661,22.97026366051973,0.8930425134791504,-93.83314086432375,-0.12270234214656134,46.5880742591488,-1.3757379301891066,37.651605244524944,-1.2704619002946824,0.38040697625601616,-0.30279,0.5903931839769434,0.66803,0,1.0
14,0.00847330606791391,0.16127948284985405,0.021776,1.600149459561681,3.485910062937601,53.63217503482752,1.7778200617014661,9.09210129058713,0.8930425134791504,-20.395098080725443,-0.12270234214656134,57.852263172948405,-1.3757379301891066,-29.74835407442232,-1.2704619002946824,0.3141122696158005,-0.30279,0.5438549320223875,0.66803,0,1.0
15,0.3489157304834688,0.025303910584265378,0.021776,1.600149459561681,3.485910062937601,-42.14653941420291,1.7778200617014661,5.776492164094009,0.8930425134791504,-56.06784093878664,-0.12270234214656134,20.461414555879614,-1.3757379301891066,55.60664024953483,-1.2704619002946824,-0.0842810042957031,-0.30279,0.08370798492194678,0.66803,1,1.0
16,0.17008092981730466,0.006789419952660269,0.021776,1.600149459561681,3.485910062937601,-25.848210090859844,1.7778200617014661,3.1537436721470065,0.8930425134791504,-37.106010366884654,-0.12270234214656134,22.774303927854866,-1.3757379301891066,33.12018524188265,-1.2704619002946824,-0.0405365236915124,-0.30279,0.041544396945621766,0.66803,1,1.0
17,0.0019009028352678925,0.04433701629159411,0.021776,1.600149459561681,3.485910062937601,57.58998194868638,1.7778200617014661,16.837526416943234,0.8930425134791504,-76.95063975190018,-0.12270234214656134,85.40120042678998,-1.3757379301891066,-7.046712692415592,-1.2704619002946824,0.42661552918179846,-0.30279,0.6134371800977972,0.66803,0,1.0
18,0.19018804835790976,0.08431021709891605,0.021776,1.600149459561681,3.485910062937601,-6.303795527712255,1.7778200617014661,10.12574158154052,0.8930425134791504,-34.38984097958604,-0.12270234214656134,-31.143403091090946,-1.3757379301891066,26.502523001174083,-1.2704619002946824,-0.20394861071394513,-0.30279,0.20377599447500636,0.66803,1,1.0
19,0.2893373945022957,0.01993846742006097,0.021776,1.600149459561681,3.485910062937601,-18.753298304069702,1.7778200617014661,5.451556472255925,0.8930425134791504,-21.603170253027056,-0.12270234214656134,-20.93564926465911,-1.3757379301891066,29.039525205120533,-1.2704619002946824,-0.08476272730142051,-0.30279,0.08679806867366371,0.66803,1,1.0
20,0.15027433100850174,0.06561572550992029,0.021776,1.600149459561681,3.485910062937601,49.46855041244504,1.7778200617014661,18.49728534182641,0.8930425134791504,-79.6859064025134,-0.12270234214656134,70.93751089551587,-1.3757379301891066,3.5151495876893786,-1.2704619002946824,0.42135335627710263,-0.30279,0.6165138075628513,0.66803,0,1.0
21,0.4113026060600672,0.11164615159210955,0.021776,1.600149459561681,3.485910062937601,-29.439968423277026,1.7778200617014661,14.176595118550214,0.8930425134791504,-59.16306363020122,-0.12270234214656134,-25.79707775474418,-1.3757379301891066,53.998027254952355,-1.2704619002946824,-0.2344640461513968,-0.30279,0.2342566606021764,0.66803,1,1.0
22,0.001233157014975006,0.1226943369973407,0.021776,1.600149459561681,3.485910062937601,3.630884596716743,1.7778200617014661,10.12542813225327,0.8930425134791504,-63.34248872286075,-0.12270234214656134,64.43218070546568,-1.3757379301891066,17.913517167204095,-1.2704619002946824,0.10963145285726739,-0.30279,0.2365928424813662,0.66803,0,1.0
23,0.08249564220105343,0.13765566659771608,0.021776,1.600149459561681,3.485910062937601,0.9130482139308218,1.7778200617014661,13.479470156860122,0.8930425134791504,-53.600224824886595,-0.12270234214656134,11.276437432396609,-1.3757379301891066,21.490971520266505,-1.2704619002946824,-0.0982862081165008,-0.30279,0.259615668446942,0.66803,1,1.0
24,0.007977524895584287,0.06808958356282209,0.021776,1.600149459561681,3.485910062937601,-11.80298143675362,1.7778200617014661,8.28420070547305,0.8930425134791504,-56.70831860312665,-0.12270234214656134,25.950101016254802,-1.3757379301891066,29.62265105065081,-1.2704619002946824,-0.15540415144960573,-0.30279,0.16924329910951097,0.66803,1,1.0
25,0.4166012949158091,0.2030339790392004,0.021776,1.600149459561681,3.485910062937601,-13.487218279938155,1.7778200617014661,17.031517036500894,0.8930425134791504,-55.16138372262139,-0.12270234214656134,-46.57618511969103,-1.3757379301891066,45.62781783660524,-1.2704619002946824,-0.238534811726277,-0.30279,0.3273283914232803,0.66803,1,1.0
26,0.0027003283297820646,0.11585551795870852,0.021776,1.600149459561681,3.485910062937601,86.17778484812905,1.7778200617014661,8.34140070102668,0.8930425134791504,-0.4397895317443549,-0.12270234214656134,38.24230957998099,-1.3757379301891066,-52.589067856613184,-1.2704619002946824,0.4133399576074595,-0.30279,0.7062853152822159,0.66803,0,1.0
27,0.016846312662402232,0.005396750558223786,0.021776,1.600149459561681,3.485910062937601,-36.11717223398661,1.7778200617014661,1.2210112769221806,0.8930425134791504,-58.0914153612611,-0.12270234214656134,82.03106493874616,-1.3757379301891066,37.86670431206406,-1.2704619002946824,-0.03364096575002299,-0.30279,0.033396349853608835,0.66803,1,1.0
28,0.5259623372159643,0.0406759495713876,0.021776,1.600149459561681,3.485910062937601,-32.646435133376656,1.7778200617014661,4.1717954089358695,0.8930425134791504,-12.3920442272174,-0.12270234214656134,-41.020831823797515,-1.3757379301891066,40.76344331217162,-1.2704619002946824,-0.0505698968837307,-0.30279,0.047025005757480615,0.66803,1,1.0
29,0.05173607367979613,0.04317392886586739,0.021776,1.600149459561681,3.485910062937601,-15.144792240797713,1.7778200617014661,7.559530363366769,0.8930425134791504,-51.40130258658073,-0.12270234214656134,26.986476782630778,-1.3757379301891066,29.28204662535791,-1.2704619002946824,-0.11015343962065753,-0.30279,0.13301318226848774,0.66803,1,1.0
30,0.10661408115058302,0.05747782635230757,0.021776,1.600149459561681,3.485910062937601,98.38308258778578,1.7778200617014661,23.405218640654667,0.8930425134791504,-40.76632925416332,-0.12270234214656134,-11.948295828087018,-1.3757379301891066,-34.02879225920926,-1.2704619002946824,0.365443983239139,-0.30279,0.7901393412039504,0.66803,0,1.0
31,0.6675794334804832,0.18711947664638864,0.021776,1.600149459561681,3.485910062937601,58.168923577680864,1.7778200617014661,28.593820462230806,0.8930425134791504,-63.354208576005604,-0.12270234214656134,-38.00215594337894,-1.3757379301891066,13.840020288136493,-1.2704619002946824,0.3605563430958798,-0.30279,0.8118727336228384,0.66803,0,1.0
32,0.16428497687834187,0.0679482641008959,0.021776,1.600149459561681,3.485910062937601,59.786101342282606,1.7778200617014661,19.457645355832636,0.8930425134791504,-64.73619415062426,-0.12270234214656134,44.33926142273894,-1.3757379301891066,-6.451578460811367,-1.2704619002946824,0.41607117096951757,-0.30279,0.6270995773429148,0.66803,0,1.0
33,0.3645297370627792,0.21756703308200556,0.021776,1.600149459561681,3.485910062937601,4.301519356625508,1.7778200617014661,18.884916338873037,0.8930425134791504,-78.29051397706094,-0.12270234214656134,17.22962780476503,-1.3757379301891066,37.86131004653413,-1.2704619002946824,0.07589158114483469,-0.30279,0.4440670671829338,0.66803,0,1.0
34,0.08599957642759742,0.11612514165268184,0.021776,1.600149459561681,3.485910062937601,61.26578586248938,1.7778200617014661,10.343886735226162,0.8930425134791504,-27.22369156539779,-0.12270234214656134,59.06926926425057,-1.3757379301891066,-27.722688356675093,-1.2704619002946824,0.4054729062198024,-0.30279,0.6242456230661398,0.66803,0,1.0
35,0.10622320185094214,0.14199364681066565,0.021776,1.600149459561681,3.485910062937601,2.764858431179589,1.7778200617014661,12.247300192830252,0.8930425134791504,-42.931613055920806,-0.12270234214656134,-22.628343929363176,-1.3757379301891066,22.085216658143853,-1.2704619002946824,-0.20817543311695497,-0.30279,0.2636378245555908,0.66803,1,1.0
36,0.00778977598635916,0.1351216069039401,0.021776,1.600149459561681,3.485910062937601,24.1225250577532,1.7778200617014661,9.666906428355317,0.8930425134791504,-24.38585821691008,-0.12270234214656134,-14.043670486118057,-1.3757379301891066,-1.2189548546970232,-1.2704619002946824,-0.04424178831978991,-0.30279,0.26622455409558593,0.66803,1,1.0
37,0.7585584310412307,0.08948305335754249,0.021776,1.600149459561681,3.485910062937601,-59.125196618923766,1.7778200617014661,7.320962354822888,0.8930425134791504,-33.017869848571536,-0.12270234214656134,-28.75563194190896,-1.3757379301891066,66.82660030946217,-1.2704619002946824,-0.09667600230740639,-0.30279,0.09549245506509205,0.66803,1,1.0
38,0.2698701362459466,0.08533261549239785,0.021776,1.600149459561681,3.485910062937601,-57.746603536405196,1.7778200617014661,-5.027762753638654,0.8930425134791504,-42.95395264280105,-0.12270234214656134,80.03949082203681,-1.3757379301891066,51.192080814149826,-1.2704619002946824,-0.14943228038848413,-0.30279,0.15274117669564422,0.66803,1,1.0
39,0.4984284299849707,0.03781145871533141,0.021776,1.600149459561681,3.485910062937601,-33.00206726768884,1.7778200617014661,6.952685431402729,0.8930425134791504,-24.84180484295808,-0.12270234214656134,-33.985949130380654,-1.3757379301891066,44.17662913659537,-1.2704619002946824,-0.09184446924014847,-0.30279,0.09140396417323923,0.66803,1,1.0
40,0.0035959128523103123,0.10366240614990478,0.021776,1.600149459561681,3.485910062937601,-16.39587008019741,1.7778200617014661,12.642731898252409,0.8930425134791504,-74.94978748568859,-0.12270234214656134,50.83659715259877,-1.3757379301891066,34.23838231229253,-1.2704619002946824,-0.1369628881905626,-0.30279,0.2085991217398542,0.66803,1,1.0
41,0.23788323298476377,0.07501135513165257,0.021776,1.600149459561681,3.485910062937601,53.792886720353145,1.7778200617014661,22.91060938613558,0.8930425134791504,-79.44881914312236,-0.12270234214656134,45.974672325834234,-1.3757379301891066,4.104994854824622,-1.2704619002946824,0.40147422860710547,-0.30279,0.6619676986951185,0.66803,0,1.0
42,0.041738059869749655,0.034188321403020444,0.021776,1.600149459561681,3.485910062937601,-22.49475296009444,1.7778200617014661,7.222890040770224,0.8930425134791504,-55.8219348760263,-0.12270234214656134,49.56744108079394,-1.3757379301891066,31.078364616716772,-1.2704619002946824,-0.077669298897182,-0.30279,0.10822714561450891,0.66803,1,1.0
43,0.3761651997211476,0.046010194033132217,0.021776,1.600149459561681,3.485910062937601,-27.5026568584852,1.7778200617014661,8.25612912228088,0.8930425134791504,-39.76994013439441,-0.12270234214656134,-20.26390528290003,-1.3757379301891066,44.37325041293142,-1.2704619002946824,-0.13808739656534988,-0.30279,0.1416381170457698,0.66803,1,1.0
44,0.46448983662696774,0.030856402073041744,0.021776,1.600149459561681,3.485910062937601,-61.529225744223076,1.7778200617014661,8.306334229163166,0.8930425134791504,-78.65518338965487,-0.12270234214656134,41.1838985532282,-1.3757379301891066,75.66344330639174,-1.2704619002946824,-0.09117321462379892,-0.30279,0.09155269378395371,0.66803,1,1.0
45,0.2242975566547328,0.009533457368804997,0.021776,1.600149459561681,3.485910062937601,-39.94919638703046,1.7778200617014661,1.8717491834790028,0.8930425134791504,-47.13728202551742,-0.12270234214656134,45.061777784220816,-1.3757379301891066,44.501124885821255,-1.2704619002946824,-0.009482281042062076,-0.30279,0.010997623150933588,0.66803,1,1.0
46,0.6066129814129674,0.1763908998866826,0.021776,1.600149459561681,3.485910062937601,63.91914871226406,1.7778200617014661,25.14622834791178,0.8930425134791504,-50.64728886538517,-0.12270234214656134,-40.65666097400558,-1.3757379301891066,5.300007228165679,-1.2704619002946824,0.3650499576172259,-0.30279,0.7940271938033003,0.66803,0,1.0
47,0.6885493176525127,0.05831069914023604,0.021776,1.600149459561681,3.485910062937601,-70.22831237071823,1.7778200617014661,7.13084639503949,0.8930425134791504,-63.44982389227126,-0.12270234214656134,12.83186917677221,-1.3757379301891066,82.2600077983014,-1.2704619002946824,-0.06641841825083747,-0.30279,0.06725817927495195,0.66803,1,1.0
48,0.43830994648046734,0.2088872534373787,0.021776,1.600149459561681,3.485910062937601,32.04792994742309,1.7778200617014661,21.34528946911692,0.8930425134791504,-59.97652427457877,-0.12270234214656134,-5.00549708445767,-1.3757379301891066,17.47676679464466,-1.2704619002946824,0.2416393286070077,-0.30279,0.5537071690281217,0.66803,0,1.0
49,0.1932625999083577,0.01762186590805571,0.021776,1.600149459561681,3.485910062937601,-54.220896601462144,1.7778200617014661,7.720435414056408,0.8930425134791504,-92.53702325011999,-0.12270234214656134,84.69089275526566,-1.3757379301891066,66.36941441030619,-1.2704619002946824,-0.08461745989204815,-0.30279,0.08710643222170454,0.66803,1,1.0
50,0.03703982691407437,0.05253468639978762,0.021776,1.600149459561681,3.485910062937601,91.36801606351094,1.7778200617014661,24.384309486001733,0.8930425134791504,-50.01524407040866,-0.12270234214656134,10.498266012778704,-1.3757379301891066,-32.21311334451848,-1.2704619002946824,0.3821762000246989,-0.30279,0.7255493204965275,0.66803,0,1.0
51,0.00014684589531283043,0.14707900086336181,0.021776,1.600149459561681,3.485910062937601,44.020849539896766,1.7778200617014661,8.069346707571297,0.8930425134791504,-12.26342693312489,-0.12270234214656134,19.579232193857177,-1.3757379301891066,-22.879618139823496,-1.2704619002946824,0.272198670824003,-0.30279,0.302237143244481,0.66803,0,1.0
52,0.12603327357249067,0.08444178501695222,0.021776,1.600149459561681,3.485910062937601,84.42644898661796,1.7778200617014661,15.683192891317143,0.8930425134791504,-10.77513270949036,-0.12270234214656134,-9.847924481756005,-1.3757379301891066,-39.918250068214,-1.2704619002946824,0.44007488856971894,-0.30279,0.5779905470520275,0.66803,0,1.0
53,0.39427724229846317,0.11962940616425938,0.021776,1.600149459561681,3.485910062937601,99.9613894331296,1.7778200617014661,33.50323358773182,0.8930425134791504,-98.03503233020996,-0.12270234214656134,-9.657939076570894,-1.3757379301891066,0.9666054893694911,-1.2704619002946824,0.3201701895358185,-0.30279,1.178932226467689,0.66803,0,1.0
54,0.006938782192656534,0.11303789418687235,0.021776,1.600149459561681,3.485910062937601,-15.637572825712128,1.7778200617014661,11.503501122923737,0.8930425134791504,-76.59655158005545,-0.12270234214656134,39.06093847241647,-1.3757379301891066,38.65275547391403,-1.2704619002946824,-0.1870156325047722,-0.30279,0.2221052614983377,0.66803,1,1.0
55,0.34466452436177664,0.0692209079906096,0.021776,1.600149459561681,3.485910062937601,-22.88041482889627,1.7778200617014661,10.859882267905071,0.8930425134791504,-43.93356630295316,-0.12270234214656134,-25.583200110721265,-1.3757379301891066,42.54407908271163,-1.2704619002946824,-0.18399277773786055,-0.30279,0.1843630894359402,0.66803,1,1.0
56,0.0002708405284793658,0.03290968317031723,0.021776,1.600149459561681,3.485910062937601,72.11927839085395,1.7778200617014661,26.2710924976555,0.8930425134791504,-94.64538071493013,-0.12270234214656134,68.95434746116318,-1.3757379301891066,-8.287448885352296,-1.2704619002946824,0.3830465063832422,-0.30279,0.748401120468416,0.66803,0,1.0
57,0.02545470226543256,0.013102583235363622,0.021776,1.600149459561681,3.485910062937601,-8.277532482817413,1.7778200617014661,4.316082807653453,0.8930425134791504,-28.35254913107424,-0.12270234214656134,12.869100055014155,-1.3757379301891066,16.26430457430027,-1.2704619002946824,-0.07386975158329277,-0.30279,0.07542276722404691,0.66803,1,1.0
58,0.5080690913114985,0.035166215095813434,0.021776,1.600149459561681,3.485910062937601,-71.00430563244102,1.7778200617014661,5.207071360306517,0.8930425134791504,-75.72764736019674,-0.12270234214656134,55.52680807339887,-1.3757379301891066,79.51485189116322,-1.2704619002946824,-0.048092794937624514,-0.30279,0.049683020877083636,0.66803,1,1.0
59,0.002429587844216319,0.02993520798468454,0.021776,1.600149459561681,3.485910062937601,81.20074001604377,1.7778200617014661,25.277959379010436,0.8930425134791504,-90.84858109765241,-0.12270234214656134,57.57297711388183,-1.3757379301891066,-11.354321363306754,-1.2704619002946824,0.36104459915124354,-0.30279,0.8237238658634499,0.66803,0,1.0
60,0.16205180058981603,0.06045355722491406,0.021776,1.600149459561681,3.485910062937601,-43.17133995337091,1.7778200617014661,-4.312173312057323,0.8930425134791504,-29.97042418110864,-0.12270234214656134,68.44046253287381,-1.3757379301891066,34.60844098413112,-1.2704619002946824,-0.1450901512488773,-0.30279,0.14346360548282117,0.66803,1,1.0
61,0.03178687368758759,0.057665631827459506,0.021776,1.600149459561681,3.485910062937601,85.9261079976208,1.7778200617014661,19.831871753046542,0.8930425134791504,-35.388595805761746,-0.12270234214656134,13.479584436248096,-1.3757379301891066,-35.61355432680237,-1.2704619002946824,0.423377649082092,-0.30279,0.6267242223052164,0.66803,0,1.0
62,0.9695130788354257,0.30577619256911015,0.021776,1.600149459561681,3.485910062937601,47.42157034250788,1.7778200617014661,39.28723227712987,0.8930425134791504,-89.553053014154,-0.12270234214656134,-55.247666593803885,-1.3757379301891066,36.56482445694969,-1.2704619002946824,0.33833627834504665,-0.30279,0.9516779656664699,0.66803,0,1.0
63,0.06536144312808906,0.003636317441876721,0.021776,1.600149459561681,3.485910062937601,-5.791281129950133,1.7778200617014661,0.812461198761096,0.8930425134791504,-2.1904967198319807,-0.12270234214656134,-0.20122999809566267,-1.3757379301891066,4.970314653473836,-1.2704619002946824,-0.028273551040906515,-0.30279,0.029593459579411674,0.66803,1,1.0
64,0.6728951784487618,0.07090516606551485,0.021776,1.600149459561681,3.485910062937601,-57.284572049036825,1.7778200617014661,10.113944998047486,0.8930425134791504,-60.98198583792824,-0.12270234214656134,-15.799466506637478,-1.3757379301891066,76.98891813536432,-1.2704619002946824,-0.13663014487542383,-0.30279,0.1388435432132463,0.66803,1,1.0
65,0.41148578192837554,0.09916045070609676,0.021776,1.600149459561681,3.485910062937601,-8.943233590918318,1.7778200617014661,10.702288089217427,0.8930425134791504,-18.917989760707087,-0.12270234214656134,-73.2134160828749,-1.3757379301891066,31.040337861821456,-1.2704619002946824,-0.21429271795020596,-0.30279,0.21869540974540427,0.66803,1,1.0
66,0.17598219947303279,0.09699554913720154,0.021776,1.600149459561681,3.485910062937601,-13.503116804950302,1.7778200617014661,11.994219202217955,0.8930425134791504,-51.81161523827457,-0.12270234214656134,-11.135903597522333,-1.3757379301891066,35.03236748251192,-1.2704619002946824,-0.21660722099131943,-0.30279,0.21621266077344545,0.66803,1,1.0
67,1.39515579825715e-05,0.14064036693962995,0.021776,1.600149459561681,3.485910062937601,-0.3570836758017919,1.7778200617014661,-0.17031398667511838,0.8930425134791504,-30.857154204953666,-0.12270234214656134,67.36323867374405,-1.3757379301891066,8.149886294754678,-1.2704619002946824,0.05472577422503913,-0.30279,0.24874456035903,0.66803,0,1.0
68,-0.00035487249309051894,0.04772230793833995,0.021776,1.600149459561681,3.485910062937601,64.54088039595129,1.7778200617014661,16.033113327951668,0.8930425134791504,-59.59897882474843,-0.12270234214656134,66.40709496122429,-1.3757379301891066,-17.246856389533068,-1.2704619002946824,0.4361403706122644,-0.30279,0.5880517389820525,0.66803,0,1.0
69,0.12405091213705632,0.0799681401898412,0.021776,1.600149459561681,3.485910062937601,38.842004307096296,1.7778200617014661,15.446551536007993,0.8930425134791504,-75.42451315151371,-0.12270234214656134,95.83043506341602,-1.3757379301891066,2.8439921603538103,-1.2704619002946824,0.47134102561756175,-0.30279,0.5285612455962704,0.66803,0,1.0
70,-0.0007534059891642908,0.05009764332921423,0.021776,1.600149459561681,3.485910062937601,76.47267138345312,1.7778200617014661,16.080255430348675,0.8930425134791504,-45.74253906295691,-0.12270234214656134,42.86435784070854,-1.3757379301891066,-27.173707473746866,-1.2704619002946824,0.4187063940968645,-0.30279,0.6288207108802031,0.66803,0,1.0
71,0.7591117992295646,0.2506196003308374,0.021776,1.600149459561681,3.485910062937601,-45.98148322229441,1.7778200617014661,17.664314403266573,0.8930425134791504,-81.91497541667994,-0.12270234214656134,-41.017258357656054,-1.3757379301891066,85.57565829520769,-1.2704619002946824,-0.23605345825140167,-0.30279,0.3488464643082716,0.66803,1,1.0
72,0.17947603544878443,0.08164572241325968,0.021776,1.600149459561681,3.485910062937601,-41.150983172458886,1.7778200617014661,12.642232957440985,0.8930425134791504,-96.7157184711417,-0.12270234214656134,53.90908452006381,-1.3757379301891066,63.91781632064744,-1.2704619002946824,-0.19700514035448105,-0.30279,0.19707920894642275,0.66803,1,1.0
73,0.5798784652966045,0.10466523630525384,0.021776,1.600149459561681,3.485910062937601,-17.76911737673674,1.7778200617014661,11.445889455319417,0.8930425134791504,-15.500226345552797,-0.12270234214656134,-89.80270729688591,-1.3757379301891066,39.71257704258435,-1.2704619002946824,-0.20769498337365727,-0.30279,0.21041028443287246,0.66803,1,1.0
74,0.2327164810600098,0.08740656032146088,0.021776,1.600149459561681,3.485910062937601,-19.535697388078574,1.7778200617014661,9.872538186206915,0.8930425134791504,-53.07303430588862,-0.12270234214656134,-9.409771554744635,-1.3757379301891066,42.0341892373744,-1.2704619002946824,-0.2056956506358782,-0.30279,0.2057160897253651,0.66803,1,1.0
75,0.23591723971637485,0.0273646274143617,0.021776,1.600149459561681,3.485910062937601,-12.647914181612697,1.7778200617014661,6.455552871356804,0.8930425134791504,-21.928495406408196,-0.12270234214656134,-24.564441174824207,-1.3757379301891066,24.7585612377749,-1.2704619002946824,-0.11388263664661948,-0.30279,0.1135453068321675,0.66803,1,1.0
76,0.23355360261703417,0.036664041192544065,0.021776,1.600149459561681,3.485910062937601,-14.100695593239125,1.7778200617014661,7.077878100298488,0.8930425134791504,-28.654431511448145,-0.12270234214656134,-21.080626017348195,-1.3757379301891066,28.51100992002302,-1.2704619002946824,-0.1332254437581464,-0.30279,0.13267373916069916,0.66803,1,1.0
77,0.39469100940366175,0.07430529689796973,0.021776,1.600149459561681,3.485910062937601,-50.92462002458726,1.7778200617014661,-3.5595422990514884,0.8930425134791504,-23.826755799417292,-0.12270234214656134,34.89381087396761,-1.3757379301891066,46.109537424996304,-1.2704619002946824,-0.11964200238876214,-0.30279,0.11903815841038097,0.66803,1,1.0
78,5.905565034147742e-05,0.05887530300640755,0.021776,1.600149459561681,3.485910062937601,96.04484789635416,1.7778200617014661,30.293426057948817,0.8930425134791504,-96.67697042067395,-0.12270234214656134,67.04485304970014,-1.3757379301891066,-21.037039415077363,-1.2704619002946824,0.4942478900228136,-0.30279,0.892883069452626,0.66803,0,1.0
79,0.04219684251051026,0.04153337851368794,0.021776,1.600149459561681,3.485910062937601,93.1397883782345,1.7778200617014661,24.828343132668582,0.8930425134791504,-65.50645698050904,-0.12270234214656134,21.86707422448588,-1.3757379301891066,-25.010718461358813,-1.2704619002946824,0.3688057789638468,-0.30279,0.8215076686826219,0.66803,0,1.0
80,0.09727977684081413,0.16650112887248283,0.021776,1.600149459561681,3.485910062937601,29.1885006647584,1.7778200617014661,12.505013867093105,0.8930425134791504,-19.75191308538459,-0.12270234214656134,-36.03874724130445,-1.3757379301891066,-2.737168949582077,-1.2704619002946824,-0.04454827271666967,-0.30279,0.3138718736390485,0.66803,1,1.0
81,0.022244519571052557,0.07007474473889262,0.021776,1.600149459561681,3.485910062937601,-5.1430536437454935,1.7778200617014661,7.100969403087589,0.8930425134791504,-44.98405942024737,-0.12270234214656134,17.75722297110798,-1.3757379301891066,22.14394368281818,-1.2704619002946824,-0.10576968262943272,-0.30279,0.16728368285356177,0.66803,1,1.0
82,0.0034091978922887317,0.007208712493208423,0.021776,1.600149459561681,3.485910062937601,-8.504153623237801,1.7778200617014661,1.7675446649235915,0.8930425134791504,-15.855338139015583,-0.12270234214656134,20.97356120377253,-1.3757379301891066,8.448232503693628,-1.2704619002946824,-0.03711659991594601,-0.30279,0.04348804772668086,0.66803,1,1.0
83,0.41843260909630325,0.12898276950491902,0.021776,1.600149459561681,3.485910062937601,27.094635851688082,1.7778200617014661,21.540697408551242,0.8930425134791504,-91.42291886818336,-0.12270234214656134,56.431650224912445,-1.3757379301891066,28.156395217475627,-1.2704619002946824,0.40238071855582436,-0.30279,0.5996490030575861,0.66803,0,1.0
84,0.5813070407895469,0.04343639163003203,0.021776,1.600149459561681,3.485910062937601,-81.31753547721425,1.7778200617014661,7.63684784039266,0.8930425134791504,-96.66645074524038,-0.12270234214656134,62.79086532705048,-1.3757379301891066,96.1238758976349,-1.2704619002946824,-0.06464023719521204,-0.30279,0.06682700052636424,0.66803,1,1.0
85,0.004806986164624605,0.04245168039490624,0.021776,1.600149459561681,3.485910062937601,77.6604594197599,1.7778200617014661,22.630836405301213,0.8930425134791504,-76.61720482418939,-0.12270234214656134,60.062504037189115,-1.3757379301891066,-17.043172248931608,-1.2704619002946824,0.429496932447378,-0.30279,0.7228745410663484,0.66803,0,1.0
86,0.18815626975016786,0.08783054579936166,0.021776,1.600149459561681,3.485910062937601,94.81819651385852,1.7778200617014661,17.86772445496578,0.8930425134791504,-11.548009281393767,-0.12270234214656134,-33.47874931086904,-1.3757379301891066,-39.78714760443431,-1.2704619002946824,0.38669113831974977,-0.30279,0.70723323304852,0.66803,0,1.0
87,0.19984791039572536,0.07290528943502814,0.021776,1.600149459561681,3.485910062937601,89.10087134194214,1.7778200617014661,23.751317917514108,0.8930425134791504,-46.25633578947399,-0.12270234214656134,-11.64502716027434,-1.3757379301891066,-24.137435587105166,-1.2704619002946824,0.36724648368243346,-0.30279,0.7835670567625819,0.66803,0,1.0
88,0.009079385533360185,0.08240257001668426,0.021776,1.600149459561681,3.485910062937601,9.317749410433635,1.7778200617014661,9.170583377369631,0.8930425134791504,-24.873901457697553,-0.12270234214656134,-18.19323395753414,-1.3757379301891066,6.761800661655797,-1.2704619002946824,-0.14617050863604428,-0.30279,0.18739656246692668,0.66803,1,1.0
89,0.08405707106636257,0.11793301113958325,0.021776,1.600149459561681,3.485910062937601,-8.60055541623284,1.7778200617014661,10.87660555006897,0.8930425134791504,-63.47189712607007,-0.12270234214656134,23.886937649236394,-1.3757379301891066,32.62308027573289,-1.2704619002946824,-0.11789406801231767,-0.30279,0.23723122314701078,0.66803,1,1.0
90,0.5028533677690384,0.20653320953263232,0.021776,1.600149459561681,3.485910062937601,27.205522189917993,1.7778200617014661,19.79604457578365,0.8930425134791504,-62.14245149763284,-0.12270234214656134,1.46241785809538,-1.3757379301891066,23.26938767767996,-1.2704619002946824,0.28616770863107266,-0.30279,0.5510897362428102,0.66803,0,1.0
91,0.0033386811173686803,0.06817792714637282,0.021776,1.600149459561681,3.485910062937601,0.3107163689869843,1.7778200617014661,9.75563961938217,0.8930425134791504,-33.54091461419055,-0.12270234214656134,-2.0231433672016967,-1.3757379301891066,12.505703355972758,-1.2704619002946824,-0.15579000171098664,-0.30279,0.1647411288205929,0.66803,1,1.0
92,0.40594559429972343,0.11027738666823464,0.021776,1.600149459561681,3.485910062937601,90.08906040455538,1.7778200617014661,31.896743045093302,0.8930425134791504,-68.92091710316444,-0.12270234214656134,-30.69179583330084,-1.3757379301891066,-8.414089683407436,-1.2704619002946824,0.34245238952473805,-0.30279,0.9523031431344235,0.66803,0,1.0
93,0.26540067397459766,0.08408164172484009,0.021776,1.600149459561681,3.485910062937601,46.358116894042944,1.7778200617014661,20.969457542893377,0.8930425134791504,-78.91892215598803,-0.12270234214656134,52.886533056859,-1.3757379301891066,8.444750003945321,-1.2704619002946824,0.4188906003655448,-0.30279,0.6207145096813098,0.66803,0,1.0
94,0.3224814404759964,0.1436262091613339,0.021776,1.600149459561681,3.485910062937601,-14.09176842440157,1.7778200617014661,13.542142524193238,0.8930425134791504,-48.0295901874111,-0.12270234214656134,-42.82412516197276,-1.3757379301891066,41.40438558518904,-1.2704619002946824,-0.2660293813561399,-0.30279,0.26789245316348026,0.66803,1,1.0
95,0.40080323594940914,0.04811838576943481,0.021776,1.600149459561681,3.485910062937601,-63.797565668474135,1.7778200617014661,-0.4945678791881446,0.8930425134791504,-56.70906557850777,-0.12270234214656134,63.200795557517964,-1.3757379301891066,65.18934463820794,-1.2704619002946824,-0.0710244098417696,-0.30279,0.07124331837246513,0.66803,1,1.0
96,0.19653914341163262,0.06980996711032485,0.021776,1.600149459561681,3.485910062937601,-17.13237005200455,1.7778200617014661,10.702806333544101,0.8930425134791504,-49.39842044621951,-0.12270234214656134,-6.486726351427392,-1.3757379301891066,36.020464188692976,-1.2704619002946824,-0.18515620543429645,-0.30279,0.184844080857531,0.66803,1,1.0
97,0.058483984889726115,0.0669579478509523,0.021776,1.600149459561681,3.485910062937601,-23.69645056927041,1.7778200617014661,8.97617147389829,0.8930425134791504,-74.25850389607668,-0.12270234214656134,52.843091959683115,-1.3757379301891066,42.02147261148575,-1.2704619002946824,-0.10509952059219227,-0.30279,0.16265832214427642,0.66803,1,1.0
98,0.017883959564533168,0.0019603137148149234,0.021776,1.600149459561681,3.485910062937601,-9.958325859108225,1.7778200617014661,1.325803008856577,0.8930425134791504,-20.422945587729746,-0.12270234214656134,19.074751749074963,-1.3757379301891066,13.421963900992303,-1.2704619002946824,-0.02240554688540484,-0.30279,0.022259689782949354,0.66803,1,1.0
99,0.26943015947342697,0.08718385815455108,0.021776,1.600149459561681,3.485910062937601,44.39287566785437,1.7778200617014661,23.092387405420276,0.8930425134791504,-85.27391170974605,-0.12270234214656134,58.59761331890845,-1.3757379301891066,10.28658770191942,-1.2704619002946824,0.42449413589768314,-0.30279,0.6235399100496822,0.66803,0,1.0
100,-0.0008644042220325443,0.14730684909426311,0.021776,2.459242111292193,3.0947272010640288,46.6098275008363,1.7778200617014661,5.911537720307506,0.8930425134791504,-36.45330765425789,-0.12270234214656134,25.22411691967557,-1.3757379301891066,-4.647773894937104,-1.2704619002946824,0.18133457752088958,-0.30279,0.29663097609711125,0.66803,0,1.0
101,0.28108283355599284,0.05445493518142747,0.021776,2.459242111292193,3.0947272010640288,-45.797941257839064,1.7778200617014661,8.832562605093663,0.8930425134791504,-97.35102432962306,-0.12270234214656134,52.58842693080015,-1.3757379301891066,76.29839190624483,-1.2704619002946824,-0.16128857515878467,-0.30279,0.16276968161503433,0.66803,1,1.0
102,0.030188440106396985,0.020563441584516597,0.021776,2.459242111292193,3.0947272010640288,25.05489147532982,1.7778200617014661,3.8403014954022847,0.8930425134791504,-2.4741812009255564,-0.12270234214656134,-22.74334728726971,-1.3757379301891066,-7.946495092665887,-1.2704619002946824,-0.07737938391734944,-0.30279,0.0865245573772988,0.66803,1,1.0
103,0.4952716228028454,0.04209249748084366,0.021776,2.459242111292193,3.0947272010640288,-71.76655000402904,1.7778200617014661,7.395724496294467,0.8930425134791504,-88.59421966843668,-0.12270234214656134,47.02446575955874,-1.3757379301891066,88.31725107512366,-1.2704619002946824,-0.11731651941507665,-0.30279,0.12072900033565231,0.66803,1,1.0
104,0.35829752900129486,0.14325360467320597,0.021776,2.459242111292193,3.0947272010640288,97.04219998446123,1.7778200617014661,17.92546502593649,0.8930425134791504,-94.04590336948473,-0.12270234214656134,16.753010665215882,-1.3757379301891066,14.003457945468062,-1.2704619002946824,0.41449696423743265,-0.30279,0.5131413106577001,0.66803,0,1.0
105,0.03615915608653092,0.0061395278027227464,0.021776,2.459242111292193,3.0947272010640288,-22.457555348592983,1.7778200617014661,1.7082648455240494,0.8930425134791504,-35.5583155148648,-0.12270234214656134,31.875332378445087,-1.3757379301891066,27.867157666485483,-1.2704619002946824,-0.02265364084061665,-0.30279,0.029232837431182143,0.66803,1,1.0
106,0.06112703677622344,0.22798527800417767,0.021776,2.459242111292193,3.0947272010640288,26.876438662623812,1.7778200617014661,2.1475506562261213,0.8930425134791504,-42.97196964307758,-0.12270234214656134,26.427488847491507,-1.3757379301891066,17.859099337527674,-1.2704619002946824,-0.048412865044386966,-0.30279,0.3420524970187334,0.66803,1,1.0
107,0.016382544449421776,0.04516252959026509,0.021776,2.459242111292193,3.0947272010640288,-0.9984406206569609,1.7778200617014661,6.91578182946542,0.8930425134791504,-55.33990320697274,-0.12270234214656134,23.59724144558389,-1.3757379301891066,28.16835092711562,-1.2704619002946824,-0.13835597096195407,-0.30279,0.13967384906471825,0.66803,1,1.0
108,0.07493531541051324,0.023285212617881405,0.021776,2.459242111292193,3.0947272010640288,-57.22963814870137,1.7778200617014661,-3.104837975487867,0.8930425134791504,-21.06232363838421,-0.12270234214656134,48.843865399343706,-1.3757379301891066,34.237520015158346,-1.2704619002946824,-0.09906977104814274,-0.30279,0.09908409893305348,0.66803,1,1.0
109,0.004018714423309144,0.14451859524922,0.021776,2.459242111292193,3.0947272010640288,78.3309037074222,1.7778200617014661,9.472320059146428,0.8930425134791504,-42.152144816971436,-0.12270234214656134,16.302448403373855,-1.3757379301891066,-16.17323450575771,-1.2704619002946824,0.2773709034631684,-0.30279,0.36331369448104645,0.66803,0,1.0
110,0.034942703450259516,0.0031579586985617377,0.021776,2.459242111292193,3.0947272010640288,-3.738036350216285,1.7778200617014661,1.6428302991472683,0.8930425134791504,-14.4018470214165,-0.12270234214656134,6.072266182053112,-1.3757379301891066,9.765903563683274,-1.2704619002946824,-0.029358035402923543,-0.30279,0.031887152709639446,0.66803,1,1.0
111,0.5113009796191655,0.07028571615337122,0.021776,2.459242111292193,3.0947272010640288,-11.018871636170475,1.7778200617014661,2.2559060380988782,0.8930425134791504,-9.55415581554316,-0.12270234214656134,-36.136140584809674,-1.3757379301891066,31.483852618465306,-1.2704619002946824,-0.11138071111909797,-0.30279,0.11636051266726971,0.66803,1,1.0
112,0.011739204791375357,0.126467555921245,0.021776,2.459242111292193,3.0947272010640288,46.749348096001526,1.7778200617014661,10.131000798714714,0.8930425134791504,-43.902832108880496,-0.12270234214656134,0.6464703982140856,-1.3757379301891066,0.1048671941994046,-1.2704619002946824,-0.00821941673096474,-0.30279,0.24005765519908176,0.66803,1,1.0
113,-0.0002450728203272218,0.1907114375261105,0.021776,2.459242111292193,3.0947272010640288,-42.85327157933633,1.7778200617014661,-1.1192066675220291,0.8930425134791504,-44.65836743405682,-0.12270234214656134,84.69664779102183,-1.3757379301891066,33.39389713630177,-1.2704619002946824,-0.038092067396092,-0.30279,0.34250464971141026,0.66803,1,1.0
114,0.0015110007717601959,0.10394313106434144,0.021776,2.459242111292193,3.0947272010640288,13.14686019516962,1.7778200617014661,4.713411575118713,0.8930425134791504,-49.815956779607504,-0.12270234214656134,38.99296696644028,-1.3757379301891066,18.117172272656948,-1.2704619002946824,0.10322239800403393,-0.30279,0.1657565293203052,0.66803,0,1.0
115,0.29418988124537726,0.012971638211992154,0.021776,2.459242111292193,3.0947272010640288,-70.87755607350216,1.7778200617014661,3.8199996469775956,0.8930425134791504,-78.6595776067782,-0.12270234214656134,64.03404587330634,-1.3757379301891066,76.7653463716566,-1.2704619002946824,-0.045617458952495075,-0.30279,0.05016240838257951,0.66803,1,1.0
116,0.29960253791274893,0.04321375484944521,0.021776,2.459242111292193,3.0947272010640288,-13.972642546414898,1.7778200617014661,7.233259789908334,0.8930425134791504,-45.14588665563701,-0.12270234214656134,-0.4335879448823957,-1.3757379301891066,37.493143057952864,-1.2704619002946824,-0.1353197052062135,-0.30279,0.13780265280986148,0.66803,1,1.0
117,0.3898354902905058,0.1968059118529969,0.021776,2.459242111292193,3.0947272010640288,70.61667472246421,1.7778200617014661,16.093252200667816,0.8930425134791504,-84.76866180578287,-0.12270234214656134,4.627766711480562,-1.3757379301891066,23.65484305702314,-1.2704619002946824,0.22674804266129936,-0.30279,0.4314385888728638,0.66803,0,1.0
118,-0.00035016004667612344,0.4662536611243965,0.021776,2.459242111292193,3.0947272010640288,28.650210005275106,1.7778200617014661,1.5621814863379122,0.8930425134791504,-33.12623798919539,-0.12270234214656134,85.50102419209601,-1.3757379301891066,-8.917828275156598,-1.2704619002946824,0.08522466496491132,-0.30279,0.8956218335547602,0.66803,0,1.0
119,0.08768751644189152,0.008040811179315212,0.021776,2.459242111292193,3.0947272010640288,-79.62214849911955,1.7778200617014661,1.28125687523787,0.8930425134791504,-78.18967503070883,-0.12270234214656134,91.7815144877994,-1.3757379301891066,71.63306160532764,-1.2704619002946824,-0.0368592693875637,-0.30279,0.03750453710043039,0.66803,1,1.0
120,0.250697060390669,0.040219301244502785,0.021776,2.459242111292193,3.0947272010640288,-20.024374598470672,1.7778200617014661,6.5502809713657255,0.8930425134791504,-61.019790178797095,-0.12270234214656134,18.94785212973197,-1.3757379301891066,48.459637189359896,-1.2704619002946824,-0.13738020636465165,-0.30279,0.13825350837516337,0.66803,1,1.0
121,0.3796576575420677,0.10756297391037471,0.021776,2.459242111292193,3.0947272010640288,6.394274277770399,1.7778200617014661,10.950753048645266,0.8930425134791504,-50.07867603173207,-0.12270234214656134,-23.14367520055323,-1.3757379301891066,35.014845379828834,-1.2704619002946824,-0.21242360642578254,-0.30279,0.221001325104123,0.66803,1,1.0
122,0.0016024472481379615,0.07867247877829991,0.021776,2.459242111292193,3.0947272010640288,13.664123227006911,1.7778200617014661,6.138411458964793,0.8930425134791504,-25.516787845124686,-0.12270234214656134,5.401771910863202,-1.3757379301891066,2.8229359160442704,-1.2704619002946824,-0.06831088102011852,-0.30279,0.1584964787375469,0.66803,1,1.0
123,0.48023001119300734,0.05130735021195496,0.021776,2.459242111292193,3.0947272010640288,-16.989252742807984,1.7778200617014661,6.047202204035136,0.8930425134791504,-32.84977479228107,-0.12270234214656134,-20.479964761501627,-1.3757379301891066,40.77236142710105,-1.2704619002946824,-0.11419023711521716,-0.30279,0.12002632996119313,0.66803,1,1.0
124,0.06588520057033687,0.09204320613158058,0.021776,2.459242111292193,3.0947272010640288,3.6542862837150043,1.7778200617014661,8.800717566253242,0.8930425134791504,-73.85763819671476,-0.12270234214656134,25.951771182461307,-1.3757379301891066,39.48661702186895,-1.2704619002946824,-0.18956801443562413,-0.30279,0.20321855265512848,0.66803,1,1.0
125,0.017506298757746536,0.0070898023146339275,0.021776,2.459242111292193,3.0947272010640288,-26.195914899156726,1.7778200617014661,1.538193208248919,0.8930425134791504,-41.11333178992089,-0.12270234214656134,39.161029333574895,-1.3757379301891066,31.955547967831144,-1.2704619002946824,-0.03256029696185496,-0.30279,0.03183555755488361,0.66803,1,1.0
126,0.39243222116790977,0.05667060251114069,0.021776,2.459242111292193,3.0947272010640288,-43.515590229299555,1.7778200617014661,7.948644659704218,0.8930425134791504,-85.91867620390973,-0.12270234214656134,35.10267699837964,-1.3757379301891066,75.19643238151853,-1.2704619002946824,-0.1568997502714648,-0.30279,0.15799707158796544,0.66803,1,1.0
127,0.17818935690552842,0.005221244296411848,0.021776,2.459242111292193,3.0947272010640288,-43.08233520483163,1.7778200617014661,0.5931572626839716,0.8930425134791504,-36.0331037926291,-0.12270234214656134,33.95023060542073,-1.3757379301891066,41.36610969783883,-1.2704619002946824,-0.004991283665119623,-0.30279,0.004835925886099099,0.66803,1,1.0
128,0.13276472241893233,0.1455065082242811,0.021776,2.459242111292193,3.0947272010640288,91.03867818410022,1.7778200617014661,14.723659855526257,0.8930425134791504,-70.23505332248756,-0.12270234214656134,10.166922301348816,-1.3757379301891066,-2.088794307390588,-1.2704619002946824,0.28572028621936346,-0.30279,0.4032709875797404,0.66803,0,1.0
129,0.00022758405648404256,0.09521166075991393,0.021776,2.459242111292193,3.0947272010640288,33.59479565249453,1.7778200617014661,8.71546431469041,0.8930425134791504,-42.588281882850914,-0.12270234214656134,1.9386856699788944,-1.3757379301891066,6.128178162077424,-1.2704619002946824,-0.07725603353184932,-0.30279,0.19766810605728138,0.66803,1,1.0
130,0.8722986284703389,0.13988999812695074,0.021776,2.459242111292193,3.0947272010640288,-22.041151451524,1.7778200617014661,6.8532474260780685,0.8930425134791504,-14.480616548116956,-0.12270234214656134,-66.24303896964136,-1.3757379301891066,48.0026825949587,-1.2704619002946824,-0.13458730673447447,-0.30279,0.13307700671144038,0.66803,1,1.0
131,0.01016061459589479,0.13601059731917936,0.021776,2.459242111292193,3.0947272010640288,52.356765680615766,1.7778200617014661,10.401741614284111,0.8930425134791504,-85.67367651325269,-0.12270234214656134,73.00813520334006,-1.3757379301891066,13.829264118033873,-1.2704619002946824,0.2983030295972977,-0.30279,0.5041130480482634,0.66803,0,1.0
132,0.7866104485431474,0.14894133674296012,0.021776,2.459242111292193,3.0947272010640288,-13.658330532642797,1.7778200617014661,9.94584096881646,0.8930425134791504,-45.69281334193475,-0.12270234214656134,-48.774619183730536,-1.3757379301891066,58.71215584198665,-1.2704619002946824,-0.2153719383945957,-0.30279,0.21632651276017315,0.66803,1,1.0
133,0.7046754856278067,0.17001721562320252,0.021776,2.459242111292193,3.0947272010640288,16.260701476481838,1.7778200617014661,10.882397337311335,0.8930425134791504,-32.22132232472722,-0.12270234214656134,-70.67493049108842,-1.3757379301891066,37.94841393962262,-1.2704619002946824,-0.2501189756056225,-0.30279,0.25393742208059694,0.66803,1,1.0
134,0.33233347674505676,0.017207101907051724,0.021776,2.459242111292193,3.0947272010640288,-30.19108995161622,1.7778200617014661,1.8613157909285898,0.8930425134791504,-16.77117041337322,-0.12270234214656134,-2.6575696784693497,-1.3757379301891066,31.35993730935386,-1.2704619002946824,-0.031177867416922952,-0.30279,0.03082200669011169,0.66803,1,1.0
135,0.24353483304691442,0.01266697493102245,0.021776,2.459242111292193,3.0947272010640288,-20.604083026190864,1.7778200617014661,0.6452577424802167,0.8930425134791504,-10.102919135797599,-0.12270234214656134,-3.351007565209765,-1.3757379301891066,22.459959788117807,-1.2704619002946824,-0.015661323197562874,-0.30279,0.013758866249470593,0.66803,1,1.0
136,0.019870088310567358,0.10113275316571903,0.021776,2.459242111292193,3.0947272010640288,99.18286907159225,1.7778200617014661,13.488719328237115,0.8930425134791504,-69.73525218365872,-0.12270234214656134,37.32407564881259,-1.3757379301891066,-13.584609249036887,-1.2704619002946824,0.3854696653531565,-0.30279,0.5400175609726369,0.66803,0,1.0
137,0.2389823010554053,0.09375899567244006,0.021776,2.459242111292193,3.0947272010640288,24.145826688993086,1.7778200617014661,7.445802502432712,0.8930425134791504,-37.45023290983225,-0.12270234214656134,-17.85464841171664,-1.3757379301891066,19.76616318336321,-1.2704619002946824,-0.11733428455100786,-0.30279,0.20262895296528144,0.66803,1,1.0
138,-0.0015919285467330957,0.11150884729863662,0.021776,2.459242111292193,3.0947272010640288,-39.12203579833102,1.7778200617014661,-2.5303542088321813,0.8930425134791504,-6.302489937672733,-0.12270234214656134,42.21839700111682,-1.3757379301891066,13.143476774463448,-1.2704619002946824,-0.12240585870908113,-0.30279,0.22026609721110987,0.66803,1,1.0
139,0.2307700964759133,0.07372416795392409,0.021776,2.459242111292193,3.0947272010640288,-7.253657518744514,1.7778200617014661,6.129515898087895,0.8930425134791504,-58.97335257374199,-0.12270234214656134,11.688630003889998,-1.3757379301891066,44.49313813219832,-1.2704619002946824,-0.1796819719574809,-0.30279,0.17974689427245502,0.66803,1,1.0
140,0.5773602942465383,0.11964666609797683,0.021776,2.459242111292193,3.0947272010640288,-0.6247665811872847,1.7778200617014661,8.923878659637094,0.8930425134791504,-45.7605522204976,-0.12270234214656134,-36.555945641305314,-1.3757379301891066,47.240215805986026,-1.2704619002946824,-0.21622543160710367,-0.30279,0.21889594934372852,0.66803,1,1.0
141,0.11368769210699836,0.09922113833265049,0.021776,2.459242111292193,3.0947272010640288,25.876784167102446,1.7778200617014661,7.522942658602936,0.8930425134791504,-46.00251549393399,-0.12270234214656134,-9.411916004635033,-1.3757379301891066,20.851019782244606,-1.2704619002946824,-0.2123560064934834,-0.30279,0.2165579952583061,0.66803,1,1.0
142,0.39716732389116516,0.23795410663362965,0.021776,2.459242111292193,3.0947272010640288,75.12271663609924,1.7778200617014661,14.627456041972083,0.8930425134791504,-42.96806353838513,-0.12270234214656134,-59.396324054523966,-1.3757379301891066,6.608200213583872,-1.2704619002946824,-0.13006017048764185,-0.30279,0.3737641144152697,0.66803,1,1.0
143,1.327018578682287,0.6940118446216605,0.021776,2.459242111292193,3.0947272010640288,52.42477432184444,1.7778200617014661,15.7586054807496,0.8930425134791504,-85.01812920387874,-0.12270234214656134,-32.548906955334814,-1.3757379301891066,66.67557309771121,-1.2704619002946824,0.3466534119659479,-0.30279,0.7140819631130375,0.66803,0,1.0
144,0.4731812095150131,0.11176072070267634,0.021776,2.459242111292193,3.0947272010640288,26.078308618805345,1.7778200617014661,9.842257360343634,0.8930425134791504,-22.24554784038673,-0.12270234214656134,-61.15500114509079,-1.3757379301891066,18.918570322317322,-1.2704619002946824,-0.2164685013859529,-0.30279,0.21656129896108192,0.66803,1,1.0
145,0.2804227982953075,0.02579118569371039,0.021776,2.459242111292193,3.0947272010640288,-49.13901817636331,1.7778200617014661,6.443389102028928,0.8930425134791504,-74.38387300775808,-0.12270234214656134,43.8216707458684,-1.3757379301891066,64.78125904475839,-1.2704619002946824,-0.11006535708254057,-0.30279,0.10958960820169635,0.66803,1,1.0
146,0.003797293317123307,0.1526487253401536,0.021776,2.459242111292193,3.0947272010640288,63.01206045568457,1.7778200617014661,9.454268030339184,0.8930425134791504,-69.27406420448551,-0.12270234214656134,61.79527597295752,-1.3757379301891066,0.4865475594804021,-1.2704619002946824,0.28385388736175354,-0.30279,0.5655621424326343,0.66803,0,1.0
147,0.011488572773735495,0.007158369148158717,0.021776,2.459242111292193,3.0947272010640288,-51.76590593476877,1.7778200617014661,2.0303282451544673,0.8930425134791504,-64.88945810633359,-0.12270234214656134,70.95546882373344,-1.3757379301891066,52.022853244004054,-1.2704619002946824,-0.023609686575184502,-0.30279,0.02532886171834145,0.66803,1,1.0
148,0.0035269864119362726,0.12721489245649534,0.021776,2.459242111292193,3.0947272010640288,49.23312737830266,1.7778200617014661,6.389255896824267,0.8930425134791504,-34.733559766171446,-0.12270234214656134,13.396128195756576,-1.3757379301891066,-4.655925794198798,-1.2704619002946824,0.16451023930691944,-0.30279,0.22321298704292658,0.66803,0,1.0
149,0.05807981980166266,0.10768201894411913,0.021776,2.459242111292193,3.0947272010640288,-2.9328506058647323,1.7778200617014661,10.110980520852074,0.8930425134791504,-91.03310745044955,-0.12270234214656134,46.15289380497235,-1.3757379301891066,48.28757105485093,-1.2704619002946824,-0.13331917558133974,-0.30279,0.2195411387113436,0.66803,1,1.0
150,0.16854519114701555,0.024326718134219633,0.021776,2.459242111292193,3.0947272010640288,-68.3919107145709,1.7778200617014661,-2.4881198770612496,0.8930425134791504,-32.21739163393202,-0.12270234214656134,53.88827066841284,-1.3757379301891066,47.89593950252494,-1.2704619002946824,-0.08598054327366114,-0.30279,0.0872645524077236,0.66803,1,1.0
151,-0.002559243988453308,0.19280685648358292,0.021776,2.459242111292193,3.0947272010640288,30.28745341835289,1.7778200617014661,1.0576449860575388,0.8930425134791504,-10.645764264391564,-0.12270234214656134,23.36067280794824,-1.3757379301891066,-10.603972524442154,-1.2704619002946824,0.07295863951290957,-0.30279,0.3604032247275347,0.66803,0,1.0
152,0.01689009267548791,0.05834199379324759,0.021776,2.459242111292193,3.0947272010640288,-30.526715458976128,1.7778200617014661,4.329092046314225,0.8930425134791504,-49.73453830058592,-0.12270234214656134,48.89954218480035,-1.3757379301891066,32.27082080431509,-1.2704619002946824,-0.07536580587339475,-0.30279,0.1403357802069206,0.66803,1,1.0
153,0.3176041335108849,0.015432660811437513,0.021776,2.459242111292193,3.0947272010640288,-59.83555764991373,1.7778200617014661,4.32446629326323,0.8930425134791504,-71.14138289247445,-0.12270234214656134,48.95762664932979,-1.3757379301891066,69.91630065981288,-1.2704619002946824,-0.061975682867571436,-0.30279,0.06447842590470382,0.66803,1,1.0
154,0.0002807121627084186,0.1388974327923948,0.021776,2.459242111292193,3.0947272010640288,68.32177289835538,1.7778200617014661,9.514673641417499,0.8930425134791504,-48.481532821836595,-0.12270234214656134,20.988933264863583,-1.3757379301891066,-8.444407958570972,-1.2704619002946824,0.2692408495929742,-0.30279,0.30103848973638986,0.66803,0,1.0
155,0.01835541192152823,0.12417628366478162,0.021776,2.459242111292193,3.0947272010640288,81.71216309126736,1.7778200617014661,9.390598458222318,0.8930425134791504,-1.7223486327752089,-0.12270234214656134,-67.52523869244145,-1.3757379301891066,-28.734929965019845,-1.2704619002946824,-0.2270268993638168,-0.30279,0.2400074803423242,0.66803,1,1.0
156,0.6941479054356059,0.11326307743134471,0.021776,2.459242111292193,3.0947272010640288,-20.331080189407505,1.7778200617014661,8.996421307367838,0.8930425134791504,-49.44053690955524,-0.12270234214656134,-31.79869950296539,-1.3757379301891066,59.22023700329496,-1.2704619002946824,-0.18394981014793618,-0.30279,0.18923103731953436,0.66803,1,1.0
157,0.2901528473527284,0.12791426643668863,0.021776,2.459242111292193,3.0947272010640288,8.986933444670631,1.7778200617014661,10.704159173363818,0.8930425134791504,-70.18100624739868,-0.12270234214656134,-4.217927047056809,-1.3757379301891066,44.719158854363066,-1.2704619002946824,-0.25031333576856385,-0.30279,0.2517677237102278,0.66803,1,1.0
158,0.8169939472337063,0.10140820314976517,0.021776,2.459242111292193,3.0947272010640288,-53.699280736557846,1.7778200617014661,5.129732307636334,0.8930425134791504,-34.47583176169066,-0.12270234214656134,-24.818663825622615,-1.3757379301891066,67.6875384202937,-1.2704619002946824,-0.08073768631310418,-0.30279,0.08310835075342005,0.66803,1,1.0
159,0.690990908969144,0.06650216691593558,0.021776,2.459242111292193,3.0947272010640288,-63.868509033604326,1.7778200617014661,5.510059348898367,0.8930425134791504,-55.98613301463982,-0.12270234214656134,6.001636369844302,-1.3757379301891066,77.50801389628536,-1.2704619002946824,-0.08695074206884093,-0.30279,0.08594004019567306,0.66803,1,1.0
160,0.0019195112240601997,0.13037890057556378,0.021776,2.459242111292193,3.0947272010640288,42.373318934821356,1.7778200617014661,10.021204404650994,0.8930425134791504,-72.29283871781186,-0.12270234214656134,43.425380929949526,-1.3757379301891066,14.65774614861302,-1.2704619002946824,0.2085376720096651,-0.30279,0.26210872589024725,0.66803,0,1.0
161,0.0003154940152549912,0.1325734343018226,0.021776,2.459242111292193,3.0947272010640288,0.04888226323312897,1.7778200617014661,7.252102000670358,0.8930425134791504,-91.87530086622115,-0.12270234214656134,84.9274683836035,-1.3757379301891066,41.529675844383995,-1.2704619002946824,0.18674207529737527,-0.30279,0.24881175244095857,0.66803,0,1.0
162,0.11234429388471612,0.13248002252174473,0.021776,2.459242111292193,3.0947272010640288,65.25149382994218,1.7778200617014661,14.527381116581665,0.8930425134791504,-91.92529035504307,-0.12270234214656134,44.20374582059932,-1.3757379301891066,16.680525850507937,-1.2704619002946824,0.322426556602228,-0.30279,0.3809761902172463,0.66803,0,1.0
163,0.1290486186098384,0.048429255683534005,0.021776,2.459242111292193,3.0947272010640288,2.7657087083858123,1.7778200617014661,5.9348963211979155,0.8930425134791504,-20.41658953133508,-0.12270234214656134,-9.982503760266933,-1.3757379301891066,10.471839079433018,-1.2704619002946824,-0.13116115934223543,-0.30279,0.129150357638055,0.66803,1,1.0
164,0.0030130453041982974,0.3376811536361252,0.021776,2.459242111292193,3.0947272010640288,38.6007944857349,1.7778200617014661,2.5843452479258957,0.8930425134791504,-28.749344390467133,-0.12270234214656134,61.645552219736444,-1.3757379301891066,-11.706889556963743,-1.2704619002946824,0.11576688340182212,-0.30279,0.7199269484733553,0.66803,0,1.0
165,0.0017017824739411491,0.14241001563314384,0.021776,2.459242111292193,3.0947272010640288,51.060519479450335,1.7778200617014661,9.675383091453208,0.8930425134791504,-69.97738763985741,-0.12270234214656134,53.91569176194998,-1.3757379301891066,7.175353465903853,-1.2704619002946824,0.26519885663796594,-0.30279,0.40109940663503063,0.66803,0,1.0
166,0.6596573332648343,0.29748620750078497,0.021776,2.459242111292193,3.0947272010640288,59.61541989760744,1.7778200617014661,19.31097361938511,0.8930425134791504,-94.15815311235185,-0.12270234214656134,-21.595811624291013,-1.3757379301891066,43.641443061331366,-1.2704619002946824,0.06584178796639278,-0.30279,0.47881248982648655,0.66803,0,1.0
167,0.3059098719868588,0.017901739616841893,0.021776,2.459242111292193,3.0947272010640288,-85.1480223442076,1.7778200617014661,0.7079602035169372,0.8930425134791504,-60.85043648901143,-0.12270234214656134,65.65528470610168,-1.3757379301891066,72.7275115869549,-1.2704619002946824,-0.05472150279203315,-0.30279,0.056879375610268776,0.66803,1,1.0
168,0.003326825620053986,0.2575656178075863,0.021776,2.459242111292193,3.0947272010640288,61.35635080536189,1.7778200617014661,3.917779922421953,0.8930425134791504,-27.280140691231054,-0.12270234214656134,41.661019678984836,-1.3757379301891066,-18.423502856003093,-1.2704619002946824,0.17408058003129867,-0.30279,0.6379948589756994,0.66803,0,1.0
169,0.12884957092717064,0.16176592170136736,0.021776,2.459242111292193,3.0947272010640288,39.27924424215971,1.7778200617014661,12.535169656453744,0.8930425134791504,-64.7606857659259,-0.12270234214656134,-7.849259759379908,-1.3757379301891066,21.67693580732729,-1.2704619002946824,-0.19672046401625387,-0.30279,0.2882245776554089,0.66803,1,1.0
170,0.010271118923389722,0.12088815403297737,0.021776,2.459242111292193,3.0947272010640288,74.27664290837404,1.7778200617014661,12.023536410996757,0.8930425134791504,-77.74690317071196,-0.12270234214656134,47.57103123234039,-1.3757379301891066,2.592151063118484,-1.2704619002946824,0.3407823410386436,-0.30279,0.4211565619106211,0.66803,0,1.0
171,0.07236730613861671,0.004292155799011161,0.021776,2.459242111292193,3.0947272010640288,-50.09971289423543,1.7778200617014661,1.150256815267339,0.8930425134791504,-52.965908347749945,-0.12270234214656134,57.956434341200556,-1.3757379301891066,48.0720304861519,-1.2704619002946824,-0.01013144018860596,-0.30279,0.00951041001300135,0.66803,1,1.0
172,0.9404678596319719,0.23079362012517574,0.021776,2.459242111292193,3.0947272010640288,-7.591022296506825,1.7778200617014661,8.421657978299857,0.8930425134791504,-33.5741609472091,-0.12270234214656134,-71.94884613001058,-1.3757379301891066,59.79172610767332,-1.2704619002946824,-0.25090163558901685,-0.30279,0.2523232759851896,0.66803,1,1.0
173,0.0030077056126426305,0.12908043692117696,0.021776,2.459242111292193,3.0947272010640288,46.602743077044764,1.7778200617014661,11.167845254003346,0.8930425134791504,-88.92486753348535,-0.12270234214656134,66.82791268917859,-1.3757379301891066,18.72495236122861,-1.2704619002946824,0.299180817482258,-0.30279,0.37198741934878765,0.66803,0,1.0
174,0.8684656423091842,0.11998648740629149,0.021776,2.459242111292193,3.0947272010640288,-47.6304589562288,1.7778200617014661,4.446508915954483,0.8930425134791504,-18.62495676837071,-0.12270234214656134,-42.62962987009528,-1.3757379301891066,59.345868318020095,-1.2704619002946824,-0.0709807713862821,-0.30279,0.07116357951344342,0.66803,1,1.0
175,0.10690290216015397,0.11575787656720116,0.021776,2.459242111292193,3.0947272010640288,97.84052730084198,1.7778200617014661,13.961420285086227,0.8930425134791504,-70.67223215699549,-0.12270234214656134,26.11304962953727,-1.3757379301891066,-7.77019364999088,-1.2704619002946824,0.3993239720679831,-0.30279,0.4796405107537005,0.66803,0,1.0
176,0.059118726401858,0.08363787021062818,0.021776,2.459242111292193,3.0947272010640288,30.325143701941812,1.7778200617014661,7.361242802769149,0.8930425134791504,-39.68950356781128,-0.12270234214656134,-11.125274099530039,-1.3757379301891066,13.017154230868595,-1.2704619002946824,-0.19446922638632677,-0.30279,0.19872274381688623,0.66803,1,1.0
177,0.4175837443569783,0.06446723002984135,0.021776,2.459242111292193,3.0947272010640288,-18.389095586239545,1.7778200617014661,8.202203380288001,0.8930425134791504,-59.29079081414728,-0.12270234214656134,-0.8298009042530043,-1.3757379301891066,52.81048338547983,-1.2704619002946824,-0.1672968631883014,-0.30279,0.16912532035022743,0.66803,1,1.0
178,0.1415425465700723,0.005278524007633792,0.021776,2.459242111292193,3.0947272010640288,-27.346649693642686,1.7778200617014661,2.6199425636341576,0.8930425134791504,-32.354465290188976,-0.12270234214656134,21.499386212398107,-1.3757379301891066,30.557889445715688,-1.2704619002946824,-0.04770833062644747,-0.30279,0.04772847941436281,0.66803,1,1.0
179,0.002194120099497321,0.015074806041774443,0.021776,2.459242111292193,3.0947272010640288,-51.559081193345776,1.7778200617014661,3.6532750235002664,0.8930425134791504,-79.74465363504122,-0.12270234214656134,78.38705550337234,-1.3757379301891066,59.24616906015528,-1.2704619002946824,-0.05356146816514705,-0.30279,0.053380512934646004,0.66803,1,1.0
180,0.007162109078778456,0.12116670946361562,0.021776,2.459242111292193,3.0947272010640288,30.21617663747117,1.7778200617014661,10.403297703966079,0.8930425134791504,-65.63111613049247,-0.12270234214656134,23.761449912420446,-1.3757379301891066,18.09107596174746,-1.2704619002946824,-0.023855495842229346,-0.30279,0.2388622835962253,0.66803,1,1.0
181,0.42952028201092474,0.1118359643242641,0.021776,2.459242111292193,3.0947272010640288,-15.042926026675584,1.7778200617014661,11.176185359202796,0.8930425134791504,-80.52013033113462,-0.12270234214656134,4.563060633570376,-1.3757379301891066,62.76436650533499,-1.2704619002946824,-0.23338548829566305,-0.30279,0.2333385496447423,0.66803,1,1.0
182,0.1531788933702952,0.018559446254799022,0.021776,2.459242111292193,3.0947272010640288,-15.29648525342787,1.7778200617014661,4.686238739410749,0.8930425134791504,-44.84866979120024,-0.12270234214656134,17.353945045437364,-1.3757379301891066,34.299366342179695,-1.2704619002946824,-0.09336570208013083,-0.30279,0.09439256754849461,0.66803,1,1.0
183,0.05478669723655366,0.04702292411899829,0.021776,2.459242111292193,3.0947272010640288,5.4716587533288745,1.7778200617014661,5.0516246745858275,0.8930425134791504,-44.26853551979181,-0.12270234214656134,13.610536206230847,-1.3757379301891066,23.931710689285588,-1.2704619002946824,-0.11545808177569142,-0.30279,0.13783231315587577,0.66803,1,1.0
184,0.02038105632550935,0.11823379661368823,0.021776,2.459242111292193,3.0947272010640288,71.56789680940435,1.7778200617014661,8.647957964537904,0.8930425134791504,-16.991410731877895,-0.12270234214656134,-34.459354593444175,-1.3757379301891066,-19.289466006621048,-1.2704619002946824,-0.04142368410085537,-0.30279,0.2350566247302079,0.66803,1,1.0
185,0.059624260569457466,0.05889705096096578,0.021776,2.459242111292193,3.0947272010640288,-78.24794459351205,1.7778200617014661,-5.490837953968303,0.8930425134791504,-21.66585704993307,-0.12270234214656134,68.00449416245846,-1.3757379301891066,41.70128581084695,-1.2704619002946824,-0.16004506697623155,-0.30279,0.1591763849559833,0.66803,1,1.0
186,0.08087145929567219,0.09279078680252428,0.021776,2.459242111292193,3.0947272010640288,8.611900229168274,1.7778200617014661,9.699117106072498,0.8930425134791504,-66.37649183842927,-0.12270234214656134,20.100559888981252,-1.3757379301891066,31.132489343506993,-1.2704619002946824,-0.13410087120989192,-0.30279,0.2038215018679941,0.66803,1,1.0
187,0.23499474832560052,0.20684658146679324,0.021776,2.459242111292193,3.0947272010640288,68.56025604190972,1.7778200617014661,15.224059474342349,0.8930425134791504,-72.97452883676344,-0.12270234214656134,-10.990195138602777,-1.3757379301891066,16.199683410660846,-1.2704619002946824,-0.015443187801312652,-0.30279,0.3888235785409038,0.66803,1,1.0
188,0.03985964940229625,0.12358112793674621,0.021776,2.459242111292193,3.0947272010640288,39.845399625809165,1.7778200617014661,10.151872554501015,0.8930425134791504,-53.43779759162674,-0.12270234214656134,-2.866854379099977,-1.3757379301891066,12.816469720161468,-1.2704619002946824,-0.14430323193579705,-0.30279,0.24445996229144304,0.66803,1,1.0
189,0.0006145731434881174,0.08033175602227945,0.021776,2.459242111292193,3.0947272010640288,-22.703554596472244,1.7778200617014661,7.70946045388885,0.8930425134791504,-96.11549943323443,-0.12270234214656134,65.8859743300707,-1.3757379301891066,58.04706570678494,-1.2704619002946824,-0.14538927106579413,-0.30279,0.1700741547107486,0.66803,1,1.0
190,0.45738359562551145,0.14904553372135332,0.021776,2.459242111292193,3.0947272010640288,41.161632707136,1.7778200617014661,10.822390156583685,0.8930425134791504,-25.241595644639215,-0.12270234214656134,-67.58877238212035,-1.3757379301891066,15.409044823979942,-1.2704619002946824,-0.2428478063009903,-0.30279,0.26159094050791004,0.66803,1,1.0
191,0.7515549579236616,0.11286018712190603,0.021776,2.459242111292193,3.0947272010640288,-43.61899261169661,1.7778200617014661,9.675473438412359,0.8930425134791504,-69.51873383991975,-0.12270234214656134,-10.304982915079972,-1.3757379301891066,79.39698709843111,-1.2704619002946824,-0.18160509187973362,-0.30279,0.1844559546790705,0.66803,1,1.0
192,0.4263176635283408,0.07830937923056627,0.021776,2.459242111292193,3.0947272010640288,-9.886556711697517,1.7778200617014661,7.69620096207333,0.8930425134791504,-25.090734040404815,-0.12270234214656134,-28.072325876530044,-1.3757379301891066,28.428585211919657,-1.2704619002946824,-0.15449580206705635,-0.30279,0.1564662602164519,0.66803,1,1.0
193,-0.0006684185113718377,0.22417737312389108,0.021776,2.459242111292193,3.0947272010640288,6.559626912149729,1.7778200617014661,1.6767279179328793,0.8930425134791504,-36.33448930921534,-0.12270234214656134,60.745276271929534,-1.3757379301891066,8.820944808389905,-1.2704619002946824,0.0677738169979723,-0.30279,0.44244148418785995,0.66803,0,1.0
194,0.25811138675746426,0.03155321011057648,0.021776,2.459242111292193,3.0947272010640288,-2.212937284395077,1.7778200617014661,4.2806504145799,0.8930425134791504,-27.926601303498394,-0.12270234214656134,-10.55697256248401,-1.3757379301891066,26.173226169558657,-1.2704619002946824,-0.10940801777133705,-0.30279,0.11332359793325439,0.66803,1,1.0
195,0.11310883133232452,0.13085428780944897,0.021776,2.459242111292193,3.0947272010640288,21.247281549003564,1.7778200617014661,10.645186470454075,0.8930425134791504,-82.98249217158383,-0.12270234214656134,40.07342747513446,-1.3757379301891066,34.38009536470882,-1.2704619002946824,0.06313060779176997,-0.30279,0.25972456135612615,0.66803,0,1.0
196,0.7063850689367361,0.23595314296062186,0.021776,2.459242111292193,3.0947272010640288,-1.6227390626105505,1.7778200617014661,15.242669475900824,0.8930425134791504,-85.60739071159809,-0.12270234214656134,-28.595561700545296,-1.3757379301891066,70.3864586927569,-1.2704619002946824,-0.287317968830774,-0.30279,0.3309757210916323,0.66803,1,1.0
197,0.02774632782238265,0.008481005063567141,0.021776,2.459242111292193,3.0947272010640288,-1.372951920046019,1.7778200617014661,2.7719025486025273,0.8930425134791504,-24.582842158782853,-0.12270234214656134,9.687978661277892,-1.3757379301891066,14.277435185666365,-1.2704619002946824,-0.06109664343467747,-0.30279,0.06149741541940018,0.66803,1,1.0
198,0.1427471693574982,0.004897156022493663,0.021776,2.459242111292193,3.0947272010640288,-44.007491569605264,1.7778200617014661,0.053208201426944296,0.8930425134791504,-34.90500051872854,-0.12270234214656134,37.931836005509545,-1.3757379301891066,39.796205315661624,-1.2704619002946824,-0.014955719603919086,-0.30279,0.015248864269568166,0.66803,1,1.0
199,0.9790950734302731,0.1574755024570565,0.021776,2.459242111292193,3.0947272010640288,-77.23127717385081,1.7778200617014661,3.605499021662695,0.8930425134791504,-25.564612206537134,-0.12270234214656134,-27.356336454327653,-1.3757379301891066,76.62915540809615,-1.2704619002946824,-0.05839445816848869,-0.30279,0.06112589849146281,0.66803,1,1.0
200,-6.717837660173199,13.61286218188433,0.021776,1.053781742958659,1.4533862399266007,0.8475975088157907,1.7778200617014661,3.003508049793125,0.8930425134791504,-92.86970827354051,-0.12270234214656134,94.54653027312965,-1.3757379301891066,2.7450293918817317,-1.2704619002946824,1.1703657244681587,-0.30279,40.48234859151937,0.66803,0,1.0
201,-0.5942436856937707,1.7462118429781763,0.021776,1.053781742958659,1.4533862399266007,31.755025924996918,1.7778200617014661,29.97568165835753,0.8930425134791504,-74.29979066215049,-0.12270234214656134,13.58195933853164,-1.3757379301891066,1.1991028981204326,-1.2704619002946824,7.41779046557999,-0.30279,18.017312879630907,0.66803,0,1.0
202,1.0334714787789068,2.6726346180892997,0.021776,1.053781742958659,1.4533862399266007,28.825046052022216,1.7778200617014661,29.60567194993281,0.8930425134791504,-73.42279217728303,-0.12270234214656134,4.776516025248153,-1.3757379301891066,12.565835788080568,-1.2704619002946824,2.401550907400587,-0.30279,19.42198978849503,0.66803,0,1.0
203,-2.928674087708378,73.09936600856908,0.021776,1.053781742958659,1.4533862399266007,14.912458593763693,1.7778200617014661,-11.322842421363116,0.8930425134791504,-24.35838380884873,-0.12270234214656134,63.35837513965081,-1.3757379301891066,-25.924725686777922,-1.2704619002946824,0.20409292040972815,-0.30279,53.799068110416314,0.66803,0,1.0
204,3.801187190919256,20.421869970153875,0.021776,1.053781742958659,1.4533862399266007,69.21295881907841,1.7778200617014661,51.25389257493943,0.8930425134791504,-56.06128033629923,-0.12270234214656134,-39.57881535687292,-1.3757379301891066,-21.055703586889656,-1.2704619002946824,0.369268135697709,-0.30279,33.11527207596647,0.66803,0,1.0
205,-1.0687912716662318,2.76870461587659,0.021776,1.053781742958659,1.4533862399266007,88.97235841972294,1.7778200617014661,51.66942666559377,0.8930425134791504,-70.32426948334607,-0.12270234214656134,-23.165334636030956,-1.3757379301891066,-47.59705381746724,-1.2704619002946824,1.765458160456408,-0.30279,37.749146712657165,0.66803,0,1.0
206,2.289553229421218,15.19167336117092,0.021776,1.053781742958659,1.4533862399266007,-37.703035760997814,1.7778200617014661,-6.305583054097363,0.8930425134791504,-33.8239136955736,-0.12270234214656134,24.10055906657,-1.3757379301891066,56.790019604629094,-1.2704619002946824,-6.43124804893632,-0.30279,0.15253237987238144,0.66803,1,1.0
207,-0.894464963271469,2.596803295145731,0.021776,1.053781742958659,1.4533862399266007,14.068656594715996,1.7778200617014661,7.15333149661154,0.8930425134791504,-23.166693651634635,-0.12270234214656134,7.763323331376964,-1.3757379301891066,-4.94685229994799,-1.2704619002946824,3.073867384412828,-0.30279,7.899942072223377,0.66803,0,1.0
208,-8.063159877404031,20.376838105729476,0.021776,1.053781742958659,1.4533862399266007,57.90961677576773,1.7778200617014661,26.554918582225746,0.8930425134791504,-79.965809330294,-0.12270234214656134,52.609709839946454,-1.3757379301891066,-54.4309356851279,-1.2704619002946824,18.172682704659277,-0.30279,30.888416340369442,0.66803,0,1.0
209,-1.2641118239567533,3.120174475122434,0.021776,1.053781742958659,1.4533862399266007,39.92372821495317,1.7778200617014661,27.27860097695077,0.8930425134791504,-58.61348231495923,-0.12270234214656134,8.836213113465725,-1.3757379301891066,-15.30909205277944,-1.2704619002946824,9.207034145923757,-0.30279,18.393080824168482,0.66803,0,1.0
210,-0.5851100758526435,2.0368158857102907,0.021776,1.053781742958659,1.4533862399266007,37.723959763421746,1.7778200617014661,30.08380923746935,0.8930425134791504,-71.30155514641375,-0.12270234214656134,9.324614067338311,-1.3757379301891066,-3.7559277558839885,-1.2704619002946824,6.646135069173451,-0.30279,20.186393183293855,0.66803,0,1.0
211,1.819672218476649,1.0690618621109345,0.021776,1.053781742958659,1.4533862399266007,-10.519979019960887,1.7778200617014661,14.31995955486929,0.8930425134791504,-66.43739008965936,-0.12270234214656134,20.22218867572532,-1.3757379301891066,45.13203846846636,-1.2704619002946824,0.2805624907581672,-0.30279,6.462156549145139,0.66803,0,1.0
212,-4.272504155948953,9.213785345667446,0.021776,1.053781742958659,1.4533862399266007,73.20084338430898,1.7778200617014661,30.241951502057034,0.8930425134791504,-44.30026833138043,-0.12270234214656134,7.674422981782997,-1.3757379301891066,-64.22879946214296,-1.2704619002946824,17.66149320189433,-0.30279,26.54125799755535,0.66803,0,1.0
213,0.4862662000230946,0.2202560420558048,0.021776,1.053781742958659,1.4533862399266007,-19.63661960057766,1.7778200617014661,8.77317820454532,0.8930425134791504,-72.95779143599013,-0.12270234214656134,36.40859494552414,-1.3757379301891066,50.059008723729214,-1.2704619002946824,0.6786926072854889,-0.30279,5.5257382427013635,0.66803,0,1.0
214,-1.724880310892324,13.231264744501303,0.021776,1.053781742958659,1.4533862399266007,84.99387405836104,1.7778200617014661,49.305939627982504,0.8930425134791504,-39.90294493552277,-0.12270234214656134,-29.972561287943464,-1.3757379301891066,-65.89222314408356,-1.2704619002946824,3.352348935783601,-0.30279,30.48327466725187,0.66803,0,1.0
215,0.0969390424012131,0.7311992533632778,0.021776,1.053781742958659,1.4533862399266007,32.531311274173056,1.7778200617014661,19.384463141144256,0.8930425134791504,-19.580884908891637,-0.12270234214656134,-12.604677207814055,-1.3757379301891066,-19.3689834254216,-1.2704619002946824,1.2198024727720176,-0.30279,13.138470070483283,0.66803,0,1.0
216,5.4814086103183906,20.06281751410444,0.021776,1.053781742958659,1.4533862399266007,-32.92482922830531,1.7778200617014661,3.572218266729069,0.8930425134791504,-49.25262111287151,-0.12270234214656134,12.878414698797814,-1.3757379301891066,72.12196416995629,-1.2704619002946824,-0.4225464162215785,-0.30279,0.34871647039441533,0.66803,1,1.0
217,-4.134809649967003,8.37408436096553,0.021776,1.053781742958659,1.4533862399266007,37.3887975975368,1.7778200617014661,21.86696403288509,0.8930425134791504,-73.88383119472708,-0.12270234214656134,37.45018454916787,-1.3757379301891066,-19.670771178125147,-1.2704619002946824,15.063772384684368,-0.30279,20.54455061555813,0.66803,0,1.0
218,2.1929180236897325,23.4614759846436,0.021776,1.053781742958659,1.4533862399266007,-41.581596020963744,1.7778200617014661,-12.666971258417519,0.8930425134791504,-8.420738716352874,-0.12270234214656134,18.023322762608444,-1.3757379301891066,47.30916768514253,-1.2704619002946824,-11.246161424292275,-0.30279,0.23144011486074234,0.66803,1,1.0
219,-5.842232083958496,11.829057085776425,0.021776,1.053781742958659,1.4533862399266007,53.2945487539666,1.7778200617014661,17.24315158428357,0.8930425134791504,-47.229157329879456,-0.12270234214656134,34.03457841650527,-1.3757379301891066,-53.53314880055477,-1.2704619002946824,14.594778567421308,-0.30279,28.450998166126304,0.66803,0,1.0
220,-2.332511915727177,9.224528324739596,0.021776,1.053781742958659,1.4533862399266007,33.12574804772319,1.7778200617014661,18.230052911469098,0.8930425134791504,-34.44302369934104,-0.12270234214656134,15.945498873391749,-1.3757379301891066,-29.236050675825275,-1.2704619002946824,10.631018016511838,-0.30279,17.74805421656891,0.66803,0,1.0
221,0.21503705345139146,0.12566241396433603,0.021776,1.053781742958659,1.4533862399266007,30.552640454864594,1.7778200617014661,26.095459257060426,0.8930425134791504,-52.39433495084297,-0.12270234214656134,-2.2357606158542014,-1.3757379301891066,-1.617365166745251,-1.2704619002946824,0.2635041908839657,-0.30279,16.603641080048497,0.66803,0,1.0
222,0.8262178285534585,2.115750712161931,0.021776,1.053781742958659,1.4533862399266007,28.101037474011445,1.7778200617014661,14.971735050689514,0.8930425134791504,-3.4167590290049827,-0.12270234214656134,-18.999985990033274,-1.3757379301891066,-19.940097582514273,-1.2704619002946824,0.2515795605660074,-0.30279,10.54352533645471,0.66803,0,1.0
223,3.2253992913878804,9.727711132166803,0.021776,1.053781742958659,1.4533862399266007,-15.502151425928332,1.7778200617014661,5.881016744607414,0.8930425134791504,-33.51355322661592,-0.12270234214656134,9.658148697153218,-1.3757379301891066,38.55936241683657,-1.2704619002946824,0.776579782725062,-0.30279,4.381880121220583,0.66803,0,1.0
224,-9.01863253066678,18.278790531767893,0.021776,1.053781742958659,1.4533862399266007,50.74861050641601,1.7778200617014661,9.96211380612018,0.8930425134791504,-58.99192189502692,-0.12270234214656134,69.34813082418484,-1.3757379301891066,-63.919491487913476,-1.2704619002946824,11.250331662004388,-0.30279,45.736774619983265,0.66803,0,1.0
225,-2.8216252262724457,5.77938193039832,0.021776,1.053781742958659,1.4533862399266007,24.31110526987976,1.7778200617014661,7.185724362037275,0.8930425134791504,-22.53129936819537,-0.12270234214656134,18.149296655202654,-1.3757379301891066,-24.916011044195514,-1.2704619002946824,6.506450502296257,-0.30279,14.630840845081288,0.66803,0,1.0
226,-1.4109150023571937,3.0823133646166125,0.021776,1.053781742958659,1.4533862399266007,-2.3632596371988983,1.7778200617014661,2.784647311341349,0.8930425134791504,-38.853441663449935,-0.12270234214656134,29.413754707931552,-1.3757379301891066,11.57362257050319,-1.2704619002946824,1.663181515787369,-0.30279,10.150542004810191,0.66803,0,1.0
227,-2.7242534073093525,6.068365134558688,0.021776,1.053781742958659,1.4533862399266007,9.950947269087607,1.7778200617014661,5.770872910546821,0.8930425134791504,-46.471202971551286,-0.12270234214656134,37.873900359302795,-1.3757379301891066,-2.95959669953442,-1.2704619002946824,4.666764871301343,-0.30279,18.52132040644344,0.66803,0,1.0
228,-0.0888334376938893,0.2584223960012825,0.021776,1.053781742958659,1.4533862399266007,44.42434643004772,1.7778200617014661,36.37741259718292,0.8930425134791504,-72.0114752899576,-0.12270234214656134,-2.2554979216368105,-1.3757379301891066,-6.131035519822458,-1.2704619002946824,1.1768351427089279,-0.30279,23.160324166312225,0.66803,0,1.0
229,-1.2423623298928153,3.042730506099977,0.021776,1.053781742958659,1.4533862399266007,45.58982263674354,1.7778200617014661,25.1228210181347,0.8930425134791504,-41.289084798069624,-0.12270234214656134,-1.802115035990592,-1.3757379301891066,-26.415325410343733,-1.2704619002946824,6.457512866477459,-0.30279,19.058067370569525,0.66803,0,1.0
230,4.549285262798282,29.623047347900076,0.021776,1.053781742958659,1.4533862399266007,65.61243098627537,1.7778200617014661,63.53287843787967,0.8930425134791504,-92.12369359517241,-0.12270234214656134,-29.69338283284192,-1.3757379301891066,-2.2930295751024143,-1.2704619002946824,1.590253671628215,-0.30279,36.33499722567329,0.66803,0,1.0
231,-2.581102858779979,5.459946017078838,0.021776,1.053781742958659,1.4533862399266007,-2.899482072768921,1.7778200617014661,2.1069277598412572,0.8930425134791504,-46.91015623181066,-0.12270234214656134,44.439960873460805,-1.3757379301891066,7.612839891663969,-1.2704619002946824,0.3180471477065723,-0.30279,18.611444854772436,0.66803,0,1.0
232,0.989545534600488,1.2330407689027396,0.021776,1.053781742958659,1.4533862399266007,27.01155576376527,1.7778200617014661,24.120076829235053,0.8930425134791504,-42.02408652745974,-0.12270234214656134,-6.958573295140854,-1.3757379301891066,-1.0221470371895771,-1.2704619002946824,0.3144403737030954,-0.30279,14.775997878268509,0.66803,0,1.0
233,0.19342280419603242,0.14967465875178318,0.021776,1.053781742958659,1.4533862399266007,16.800063678744817,1.7778200617014661,15.45564612492381,0.8930425134791504,-29.488191089354423,-0.12270234214656134,-1.5729654702760933,-1.3757379301891066,-0.9070492098728555,-1.2704619002946824,0.26897824202537013,-0.30279,9.147110664145536,0.66803,0,1.0
234,6.060217328505939,69.24981914375557,0.021776,1.053781742958659,1.4533862399266007,26.38032422156123,1.7778200617014661,35.66119799022234,0.8930425134791504,-20.276926944016857,-0.12270234214656134,-33.891917911351875,-1.3757379301891066,-0.3506460095275227,-1.2704619002946824,1.0180605506783351,-0.30279,19.444407567418786,0.66803,0,1.0
235,0.3773595205239024,0.2705962196320617,0.021776,1.053781742958659,1.4533862399266007,16.116394894621212,1.7778200617014661,23.97377041703585,0.8930425134791504,-61.75071345123724,-0.12270234214656134,8.158687477311428,-1.3757379301891066,14.252976510295877,-1.2704619002946824,0.38252184955636626,-0.30279,12.952250152913397,0.66803,0,1.0
236,-0.6180996170786646,2.013369575710573,0.021776,1.053781742958659,1.4533862399266007,26.58747898866129,1.7778200617014661,27.75053200994954,0.8930425134791504,-79.20098721009578,-0.12270234214656134,20.34933171617326,-1.3757379301891066,7.51750102626867,-1.2704619002946824,9.330419581337557,-0.30279,16.75008816489708,0.66803,0,1.0
237,-2.8026942790331155,7.990946133358031,0.021776,1.053781742958659,1.4533862399266007,55.16630409795227,1.7778200617014661,29.08339990987805,0.8930425134791504,-57.11035710766863,-0.12270234214656134,14.916960284573893,-1.3757379301891066,-38.10969853160916,-1.2704619002946824,17.892011244945802,-0.30279,22.143406291843622,0.66803,0,1.0
238,1.2494024297391793,1.1394100627861796,0.021776,1.053781742958659,1.4533862399266007,40.20376270261509,1.7778200617014661,42.97697707677315,0.8930425134791504,-97.31206458473704,-0.12270234214656134,1.8052009670709301,-1.3757379301891066,14.020348650102234,-1.2704619002946824,0.37693763898870714,-0.30279,26.005699187491786,0.66803,0,1.0
239,-4.391200061982131,47.332706897253296,0.021776,1.053781742958659,1.4533862399266007,-21.219239075284147,1.7778200617014661,-9.32052565393636,0.8930425134791504,-36.72597655628581,-0.12270234214656134,43.28121664279505,-1.3757379301891066,19.944989908116735,-1.2704619002946824,-6.678667419466521,-0.30279,0.07059338139206206,0.66803,1,1.0
240,-0.577275123215852,1.404269607829078,0.021776,1.053781742958659,1.4533862399266007,75.03102791221734,1.7778200617014661,48.42630728539535,0.8930425134791504,-73.9816645390492,-0.12270234214656134,-17.723892718681793,-1.3757379301891066,-32.21066503455942,-1.2704619002946824,0.3951451514696025,-0.30279,33.68844469493713,0.66803,0,1.0
241,-1.4486672074325,4.047641838406926,0.021776,1.053781742958659,1.4533862399266007,39.343644461831275,1.7778200617014661,31.25444853577997,0.8930425134791504,-86.28884794038233,-0.12270234214656134,20.172080288413625,-1.3757379301891066,-1.966122791560489,-1.2704619002946824,9.640034619302137,-0.30279,21.804697598451348,0.66803,0,1.0
242,-0.7235699616421758,2.3832709920230917,0.021776,1.053781742958659,1.4533862399266007,-15.793873927190479,1.7778200617014661,3.957446559061327,0.8930425134791504,-64.220282091588,-0.12270234214656134,45.26509934739904,-1.3757379301891066,35.4835848685696,-1.2704619002946824,0.27523418766144925,-0.30279,13.52570050264319,0.66803,0,1.0
243,2.507510334240197,31.576898643061394,0.021776,1.053781742958659,1.4533862399266007,-58.49221602240313,1.7778200617014661,-16.80600582397377,0.8930425134791504,-30.505706543789444,-0.12270234214656134,34.38079995653039,-1.3757379301891066,74.73193565330948,-1.2704619002946824,-13.303785427239518,-0.30279,-0.5090085511552678,0.66803,1,1.0
244,6.09642449440342,40.22386949067079,0.021776,1.053781742958659,1.4533862399266007,-32.03490486188919,1.7778200617014661,0.14035706827255656,0.8930425134791504,-22.892498794869148,-0.12270234214656134,-10.127131632379676,-1.3757379301891066,67.12268025363616,-1.2704619002946824,-13.632028740810313,-0.30279,-0.3287772929812567,0.66803,1,1.0
245,4.165379919009782,16.8749015176471,0.021776,1.053781742958659,1.4533862399266007,6.176298429835468,1.7778200617014661,11.648485762860595,0.8930425134791504,-3.979703479151454,-0.12270234214656134,-20.07654898545541,-1.3757379301891066,10.59705361305103,-1.2704619002946824,0.2810672382667758,-0.30279,6.280550450896001,0.66803,0,1.0
246,-10.404142858190063,23.458075690748405,0.021776,1.053781742958659,1.4533862399266007,58.28084598970023,1.7778200617014661,-3.1519935954161147,0.8930425134791504,-21.253745873689265,-0.12270234214656134,65.43335879465012,-1.3757379301891066,-91.70104616989283,-1.2704619002946824,6.979945343326833,-0.30279,52.18011594816857,0.66803,0,1.0
247,-6.255314516557414,13.925131886671378,0.021776,1.053781742958659,1.4533862399266007,60.25772034247571,1.7778200617014661,27.538502766417967,0.8930425134791504,-69.76371820639612,-0.12270234214656134,40.453943259079594,-1.3757379301891066,-54.05026113568782,-1.2704619002946824,19.474485787352876,-0.30279,30.720605809862306,0.66803,0,1.0
248,-0.026008663864795167,0.11154636829550862,0.021776,1.053781742958659,1.4533862399266007,8.513565223611018,1.7778200617014661,25.596855868885726,0.8930425134791504,-94.65195643424596,-0.12270234214656134,29.424040868772448,-1.3757379301891066,33.44215337352681,-1.2704619002946824,4.839316913778206,-0.30279,13.685028551432772,0.66803,0,1.0
249,0.2362440311096492,0.004354258158519344,0.021776,1.053781742958659,1.4533862399266007,-1.1923624620652333,1.7778200617014661,13.279497730303536,0.8930425134791504,-54.709623273980576,-0.12270234214656134,18.52902841353612,-1.3757379301891066,25.39501660219644,-1.2704619002946824,1.455461537461816,-0.30279,6.564771820587665,0.66803,0,1.0
250,-4.049368198948419,8.67291065847207,0.021776,1.053781742958659,1.4533862399266007,-0.89993262843372,1.7778200617014661,6.663364622805697,0.8930425134791504,-81.21747351478813,-0.12270234214656134,69.66926733637739,-1.3757379301891066,12.501918041123815,-1.2704619002946824,2.6808096690866083,-0.30279,28.820942002580203,0.66803,0,1.0
251,4.720863579372417,16.46612249601843,0.021776,1.053781742958659,1.4533862399266007,-20.822284657844737,1.7778200617014661,15.584834521159475,0.8930425134791504,-66.13693893928097,-0.12270234214656134,15.367212085587006,-1.3757379301891066,62.49444354482554,-1.2704619002946824,0.16791113748924325,-0.30279,7.466842510397731,0.66803,0,1.0
252,4.8707700209681075,22.492551774434485,0.021776,1.053781742958659,1.4533862399266007,-46.167046115193585,1.7778200617014661,-2.298236975876598,0.8930425134791504,-48.85470201176822,-0.12270234214656134,22.896782118382404,-1.3757379301891066,80.2851551735772,-1.2704619002946824,-5.308054897540373,-0.30279,0.20113484113797497,0.66803,1,1.0
253,0.4295935589542532,0.04567990523449341,0.021776,1.053781742958659,1.4533862399266007,11.186203921362894,1.7778200617014661,20.771003096922158,0.8930425134791504,-59.5499357120674,-0.12270234214656134,10.289385214755516,-1.3757379301891066,18.12487322681058,-1.2704619002946824,0.28507672169440745,-0.30279,11.131740494333942,0.66803,0,1.0
254,1.3269067403545771,3.6604066688189203,0.021776,1.053781742958659,1.4533862399266007,-20.874914415943593,1.7778200617014661,2.9626284023827054,0.8930425134791504,-55.4264185405265,-0.12270234214656134,26.491275122242758,-1.3757379301891066,49.353255238921456,-1.2704619002946824,0.2716338017273986,-0.30279,1.8342840207421842,0.66803,0,1.0
255,3.5285430653024896,13.057875775625734,0.021776,1.053781742958659,1.4533862399266007,27.34493655845066,1.7778200617014661,27.48001067016026,0.8930425134791504,-43.114581475882,-0.12270234214656134,-16.617285186104137,-1.3757379301891066,8.918233990821925,-1.2704619002946824,0.6474442057277408,-0.30279,17.57185837173805,0.66803,0,1.0
256,-0.5594787087454529,1.6961760880689543,0.021776,1.053781742958659,1.4533862399266007,-2.9980074599303985,1.7778200617014661,11.69560901074664,0.8930425134791504,-61.71181060005215,-0.12270234214656134,32.42409259811431,-1.3757379301891066,24.016760584097756,-1.2704619002946824,3.7946625056385233,-0.30279,10.94907963423669,0.66803,0,1.0
257,0.0635549174842994,7.375605028853439,0.021776,1.053781742958659,1.4533862399266007,-27.97501711674006,1.7778200617014661,-0.40907617414047337,0.8930425134791504,-61.84222986439737,-0.12270234214656134,37.25674537700066,-1.3757379301891066,53.96914562965315,-1.2704619002946824,-1.6491504812394375,-0.30279,0.23884011314035392,0.66803,1,1.0
258,-12.168612420909302,29.458345771997998,0.021776,1.053781742958659,1.4533862399266007,40.834838717297075,1.7778200617014661,-13.920446138004545,0.8930425134791504,-36.557680817011544,-0.12270234214656134,98.11360801751714,-1.3757379301891066,-78.66919267171528,-1.2704619002946824,0.8858929204701305,-0.30279,61.97362818472075,0.66803,0,1.0
259,-9.394629929977139,19.23058463937668,0.021776,1.053781742958659,1.4533862399266007,37.941115140838086,1.7778200617014661,10.355175935969768,0.8930425134791504,-90.66510087447533,-0.12270234214656134,93.91270059369755,-1.3757379301891066,-42.32809879291775,-1.2704619002946824,9.997124399895114,-0.30279,51.444672146265845,0.66803,0,1.0
260,-2.049008028027465,4.2017774536110855,0.021776,1.053781742958659,1.4533862399266007,5.127156266813354,1.7778200617014661,2.8335749775728285,0.8930425134791504,-28.703858217907882,-0.12270234214656134,26.731593614852205,-1.3757379301891066,-3.2618813109833744,-1.2704619002946824,2.008642458060157,-0.30279,12.97223350781107,0.66803,0,1.0
261,-3.7389816303033356,7.724496998034756,0.021776,1.053781742958659,1.4533862399266007,70.86787410533631,1.7778200617014661,27.212535355804874,0.8930425134791504,-26.93991183409185,-0.12270234214656134,-3.5506360478934136,-1.3757379301891066,-66.43656597302267,-1.2704619002946824,13.199717065691345,-0.30279,23.936341035154086,0.66803,0,1.0
262,-0.11744919015470678,0.5534773536294884,0.021776,1.053781742958659,1.4533862399266007,43.26238650536331,1.7778200617014661,28.27604501918868,0.8930425134791504,-41.3562470929363,-0.12270234214656134,-10.979784921835087,-1.3757379301891066,-18.989216434267977,-1.2704619002946824,1.1025232994928729,-0.30279,19.265807045252977,0.66803,0,1.0
263,-0.32044625749474154,2.119935363607605,0.021776,1.053781742958659,1.4533862399266007,27.69006172541255,1.7778200617014661,20.45844861438527,0.8930425134791504,-49.43069969323193,-0.12270234214656134,3.166435161271437,-1.3757379301891066,-1.334580541303561,-1.2704619002946824,1.1688191066419389,-0.30279,15.55462834247742,0.66803,0,1.0
264,-7.743348736069513,15.58453979672568,0.021776,1.053781742958659,1.4533862399266007,33.85004198886101,1.7778200617014661,1.9110418546684917,0.8930425134791504,-41.487701784104374,-0.12270234214656134,62.36018201753787,-1.3757379301891066,-50.51757355505836,-1.2704619002946824,5.437322320027235,-0.30279,39.03019364047924,0.66803,0,1.0
265,-7.157076570592832,15.11151561372572,0.021776,1.053781742958659,1.4533862399266007,93.09398095936749,1.7778200617014661,40.02575986601086,0.8930425134791504,-89.25869565354057,-0.12270234214656134,35.523754076953736,-1.3757379301891066,-74.65699230266242,-1.2704619002946824,26.824148799830898,-0.30279,39.14822301882516,0.66803,0,1.0
266,0.8252377001772828,2.811661877741302,0.021776,1.053781742958659,1.4533862399266007,56.84872663786173,1.7778200617014661,36.15421935141861,0.8930425134791504,-37.66530918886742,-0.12270234214656134,-25.450675474467914,-1.3757379301891066,-29.237020161946084,-1.2704619002946824,0.2529033054096388,-0.30279,24.135489335016814,0.66803,0,1.0
267,-10.582862597436964,21.712913958838246,0.021776,1.053781742958659,1.4533862399266007,56.27031958798996,1.7778200617014661,2.680626411047923,0.8930425134791504,-37.67145955964341,-0.12270234214656134,72.9103827471186,-1.3757379301891066,-86.17813762710736,-1.2704619002946824,8.409061689224874,-0.30279,53.13922286215134,0.66803,0,1.0
268,-1.5677949766192487,4.0777644529777755,0.021776,1.053781742958659,1.4533862399266007,68.72902210450255,1.7778200617014661,45.7988298280851,0.8930425134791504,-77.46914616485589,-0.12270234214656134,-3.07605183637515,-1.3757379301891066,-32.96229418417123,-1.2704619002946824,7.870118617880083,-0.30279,29.759191872166994,0.66803,0,1.0
269,3.259616291330399,7.914211784218212,0.021776,1.053781742958659,1.4533862399266007,26.016950734093054,1.7778200617014661,38.218938401161765,0.8930425134791504,-89.42196675374885,-0.12270234214656134,-0.4717260347092933,-1.3757379301891066,29.62380043279381,-1.2704619002946824,0.6592586236797437,-0.30279,22.16030842637434,0.66803,0,1.0
270,-0.2535807653607911,0.736157874037668,0.021776,1.053781742958659,1.4533862399266007,34.2853075400973,1.7778200617014661,29.45875612270568,0.8930425134791504,-59.30952543947559,-0.12270234214656134,0.8727449677965773,-1.3757379301891066,-4.809323345471804,-1.2704619002946824,2.1116215665660425,-0.30279,17.863853953538893,0.66803,0,1.0
271,-0.3064678499163538,2.230978953826968,0.021776,1.053781742958659,1.4533862399266007,8.027454038331637,1.7778200617014661,13.337921803616847,0.8930425134791504,-44.07319727931294,-0.12270234214656134,18.007258009720594,-1.3757379301891066,7.722639813656354,-1.2704619002946824,5.614049102958879,-0.30279,9.848444202281367,0.66803,0,1.0
272,0.5836513035472608,0.12369435088939414,0.021776,1.053781742958659,1.4533862399266007,3.534673630806753,1.7778200617014661,22.067453769019064,0.8930425134791504,-82.14781925285133,-0.12270234214656134,23.902963812177237,-1.3757379301891066,34.81333396004265,-1.2704619002946824,2.709757076801285,-0.30279,11.367150221782811,0.66803,0,1.0
273,-0.3033712119700036,1.1454682483399676,0.021776,1.053781742958659,1.4533862399266007,31.305281029542392,1.7778200617014661,20.946917227943324,0.8930425134791504,-36.17953472448672,-0.12270234214656134,-2.1319672869667734,-1.3757379301891066,-12.828673363333555,-1.2704619002946824,3.943785411219908,-0.30279,14.187396826144228,0.66803,0,1.0
274,0.858262055893797,0.0016625633849094692,0.021776,1.053781742958659,1.4533862399266007,-13.248771454392635,1.7778200617014661,17.54985512383215,0.8930425134791504,-88.24556008570754,-0.12270234214656134,33.546309105520685,-1.3757379301891066,52.689008227841356,-1.2704619002946824,0.3938089104078477,-0.30279,8.182206120428852,0.66803,0,1.0
275,-5.034719512908477,11.173640961782946,0.021776,1.053781742958659,1.4533862399266007,59.70703196422957,1.7778200617014661,28.32796539072127,0.8930425134791504,-76.62809930387881,-0.12270234214656134,36.72784018884319,-1.3757379301891066,-43.094815918913795,-1.2704619002946824,20.349835407936048,-0.30279,29.692601668742753,0.66803,0,1.0
276,-7.259020701071068,14.631272754053102,0.021776,1.053781742958659,1.4533862399266007,36.008855880318855,1.7778200617014661,5.567495382410591,0.8930425134791504,-44.153762377687485,-0.12270234214656134,57.278109828202055,-1.3757379301891066,-49.02920498858553,-1.2704619002946824,7.119350585065812,-0.30279,36.496341604455715,0.66803,0,1.0
277,-0.8838335459717763,2.2023637159785077,0.021776,1.053781742958659,1.4533862399266007,28.26612376743266,1.7778200617014661,22.84208031635872,0.8930425134791504,-52.833196800689265,-0.12270234214656134,9.979862363871186,-1.3757379301891066,-6.506233554206671,-1.2704619002946824,7.268083426688244,-0.30279,14.066398514542438,0.66803,0,1.0
278,-9.2899972829364,23.964134083503957,0.021776,1.053781742958659,1.4533862399266007,37.25467699064808,1.7778200617014661,4.004610497253291,0.8930425134791504,-84.77464368849617,-0.12270234214656134,93.7943490030239,-1.3757379301891066,-40.74795724882106,-1.2704619002946824,8.992929568965671,-0.30279,52.03890680356361,0.66803,0,1.0
279,-4.226863606975389,8.597021068821281,0.021776,1.053781742958659,1.4533862399266007,32.61477785011651,1.7778200617014661,24.454770979829004,0.8930425134791504,-95.95594306358194,-0.12270234214656134,51.974260086735036,-1.3757379301891066,-8.090688871693194,-1.2704619002946824,15.998403111913966,-0.30279,24.93343887395561,0.66803,0,1.0
280,2.605148493416586,24.08604950590294,0.021776,1.053781742958659,1.4533862399266007,-41.5926839318092,1.7778200617014661,-8.212289263786612,0.8930425134791504,-14.730496941645763,-0.12270234214656134,16.33073187291941,-1.3757379301891066,50.76299214464987,-1.2704619002946824,-11.459347725323727,-0.30279,0.2031876587691288,0.66803,1,1.0
281,0.6509562217478617,0.010913799179123676,0.021776,1.053781742958659,1.4533862399266007,-11.1551871683399,1.7778200617014661,18.42476117330986,0.8930425134791504,-89.80197873901926,-0.12270234214656134,34.36155557678582,-1.3757379301891066,50.5179885455633,-1.2704619002946824,1.1395663928215845,-0.30279,8.83314264536883,0.66803,0,1.0
282,-2.8505201304940258,6.718248406899835,0.021776,1.053781742958659,1.4533862399266007,37.324112490419886,1.7778200617014661,23.521113759304814,0.8930425134791504,-57.39540842073836,-0.12270234214656134,22.147850820465383,-1.3757379301891066,-22.820125420063047,-1.2704619002946824,14.790111997621306,-0.30279,16.129497511867957,0.66803,0,1.0
283,-3.8774186544328684,7.969818789760153,0.021776,1.053781742958659,1.4533862399266007,49.192115751371624,1.7778200617014661,14.054746502471364,0.8930425134791504,-17.409783534174153,-0.12270234214656134,9.255899349880178,-1.3757379301891066,-53.0950184055859,-1.2704619002946824,11.246846699450185,-0.30279,19.50026086240543,0.66803,0,1.0
284,-2.892397122897602,6.188216006517663,0.021776,1.053781742958659,1.4533862399266007,42.48162633909096,1.7778200617014661,24.33750536404088,0.8930425134791504,-60.16037599409225,-0.12270234214656134,21.445007252935348,-1.3757379301891066,-25.063483718871836,-1.2704619002946824,15.281254493380043,-0.30279,18.415917457339386,0.66803,0,1.0
285,1.0438356506444482,2.7620896201333243,0.021776,1.053781742958659,1.4533862399266007,39.69525978027569,1.7778200617014661,31.605516195107956,0.8930425134791504,-44.460984717658846,-0.12270234214656134,-14.184919009780044,-1.3757379301891066,-11.537103594109235,-1.2704619002946824,0.6439726278224178,-0.30279,19.154458038422735,0.66803,0,1.0
286,-2.5909617912954728,5.703130037868978,0.021776,1.053781742958659,1.4533862399266007,29.249376301381968,1.7778200617014661,19.191256031519828,0.8930425134791504,-59.19392400144295,-0.12270234214656134,27.77727631585416,-1.3757379301891066,-13.498408068545622,-1.2704619002946824,12.710474296831357,-0.30279,16.888531951282864,0.66803,0,1.0
287,-1.7482604621681137,4.155459801871746,0.021776,1.053781742958659,1.4533862399266007,50.70276884561625,1.7778200617014661,33.28529957307755,0.8930425134791504,-67.13101918589632,-0.12270234214656134,8.624249512620047,-1.3757379301891066,-23.297557856274935,-1.2704619002946824,11.002946597857818,-0.30279,22.305509411240205,0.66803,0,1.0
288,7.9722521948735965,49.38585543370951,0.021776,1.053781742958659,1.4533862399266007,-6.572388034327576,1.7778200617014661,28.166093301542293,0.8930425134791504,-66.18488563119512,-0.12270234214656134,-8.205705036962907,-1.3757379301891066,62.041955182942985,-1.2704619002946824,0.728670188854692,-0.30279,13.450944471452317,0.66803,0,1.0
289,-4.739722197338361,10.015070142517455,0.021776,1.053781742958659,1.4533862399266007,29.429671544674523,1.7778200617014661,12.495555065180293,0.8930425134791504,-62.27013289603956,-0.12270234214656134,47.806419466322374,-1.3757379301891066,-22.36836997757144,-1.2704619002946824,10.247348264104668,-0.30279,27.17461120341818,0.66803,0,1.0
290,-1.4692000972606634,3.504594544610949,0.021776,1.053781742958659,1.4533862399266007,8.965209639541417,1.7778200617014661,7.514629783294502,0.8930425134791504,-38.08743726284027,-0.12270234214656134,24.52431491234383,-1.3757379301891066,0.23552186218449,-1.2704619002946824,5.024316851623566,-0.30279,12.35874475465556,0.66803,0,1.0
291,0.015595689489948938,0.00013822331083769373,0.021776,1.053781742958659,1.4533862399266007,3.0210674100861157,1.7778200617014661,8.690763764802078,0.8930425134791504,-30.802751700689452,-0.12270234214656134,9.027278819547314,-1.3757379301891066,10.7411459964594,-1.2704619002946824,1.2912465108729139,-0.30279,4.594836441621925,0.66803,0,1.0
292,-3.953873061836468,8.275128764359197,0.021776,1.053781742958659,1.4533862399266007,36.55014027584999,1.7778200617014661,17.841721636871647,0.8930425134791504,-54.36107752600631,-0.12270234214656134,32.20321324431308,-1.3757379301891066,-28.457846149039955,-1.2704619002946824,12.818313321438309,-0.30279,21.79887748108974,0.66803,0,1.0
293,3.4270405283083836,23.43283134573484,0.021776,1.053781742958659,1.4533862399266007,64.75840649891066,1.7778200617014661,47.2875362315434,0.8930425134791504,-36.03022811494605,-0.12270234214656134,-42.65147442290534,-1.3757379301891066,-30.131570700460625,-1.2704619002946824,0.8559425379346379,-0.30279,28.411954735734966,0.66803,0,1.0
294,4.689003226343452,39.246317463570136,0.021776,1.053781742958659,1.4533862399266007,-61.049208020436055,1.7778200617014661,-12.740378914818951,0.8930425134791504,-27.29861923719607,-0.12270234214656134,21.625194866007533,-1.3757379301891066,83.59507461756631,-1.2704619002946824,-12.990607182705048,-0.30279,-3.6063291877959207,0.66803,1,1.0
295,-7.275398521677978,15.143880664199944,0.021776,1.053781742958659,1.4533862399266007,58.36157578444621,1.7778200617014661,12.706741691264835,0.8930425134791504,-30.05672375342071,-0.12270234214656134,37.92236701197244,-1.3757379301891066,-74.2035957310264,-1.2704619002946824,12.716739479588979,-0.30279,35.133540772004494,0.66803,0,1.0
296,0.6641311520920503,8.133620713571844,0.021776,1.053781742958659,1.4533862399266007,76.7532253812683,1.7778200617014661,35.2452797776233,0.8930425134791504,-21.475098290041473,-0.12270234214656134,-37.92614724568702,-1.3757379301891066,-51.40318847720415,-1.2704619002946824,0.28412555496740666,-0.30279,31.00033271191243,0.66803,0,1.0
297,-5.521697553660011,11.785688060881826,0.021776,1.053781742958659,1.4533862399266007,36.52280639201385,1.7778200617014661,19.231413428022304,0.8930425134791504,-84.15033265180666,-0.12270234214656134,58.93028221405639,-1.3757379301891066,-24.074345860162964,-1.2704619002946824,13.96555676868783,-0.30279,32.968141683358695,0.66803,0,1.0
298,-1.802979414066403,3.910373542336849,0.021776,1.053781742958659,1.4533862399266007,79.03879870292829,1.7778200617014661,43.517346242440574,0.8930425134791504,-53.968089559096725,-0.12270234214656134,-17.18291798626443,-1.3757379301891066,-51.60698921868735,-1.2704619002946824,5.303219148757741,-0.30279,30.912265395988392,0.66803,0,1.0
299,-1.438081113971407,31.77619258243733,0.021776,1.053781742958659,1.4533862399266007,-39.013636290947424,1.7778200617014661,-14.687961054538297,0.8930425134791504,-30.777941444759563,-0.12270234214656134,39.9979117387847,-1.3757379301891066,43.71849027170973,-1.2704619002946824,-10.425184276669775,-0.30279,0.05025265135202428,0.66803,1,1.0
