,V,fitness,V_O,s,tau,AF3,AF3_O,AH3,AH3_O,A3N3,A3N3_O,AF5,AF5_O,AD5,AD5_O,lambda1,lambda1_O,lambda2,lambda2_O,taquiónico,taquiónico_O
0,0.029461641659669247,0.16972332747669527,0.00043068,1.600149459561681,3.485910062937601,10.418501492096564,0.5339017083921984,14.805562237886733,0.08613346713151913,-63.723582051872235,-0.2562069914769774,27.48847284453178,-0.30694249824025854,18.21437851203754,-0.055020528572734165,-0.03499130406500453,-0.00052764,0.3228636595088624,0.0018549,1,1.0
1,0.39795992154107385,0.17070638843291636,0.00043068,1.600149459561681,3.485910062937601,-19.601735231941667,0.5339017083921984,15.695931083553589,0.08613346713151913,-55.58230712565089,-0.2562069914769774,-46.53498988931702,-0.30694249824025854,49.406905698118265,-0.055020528572734165,-0.28876991337584107,-0.00052764,0.29222756594492855,0.0018549,1,1.0
2,0.19905926183260764,0.0243028320852594,0.00043068,1.600149459561681,3.485910062937601,-43.520244423573644,0.5339017083921984,3.740764132395136,0.08613346713151913,-66.28630828128661,-0.2562069914769774,56.32638755880258,-0.30694249824025854,54.047027291675384,-0.055020528572734165,-0.055971597285959185,-0.00052764,0.05010283895078119,0.0018549,1,1.0
3,0.45486334854890903,0.06082386790891261,0.00043068,1.600149459561681,3.485910062937601,-58.22794037440375,0.5339017083921984,-0.712240601530893,0.08613346713151913,-38.310961961713005,-0.2562069914769774,38.843870167361715,-0.30694249824025854,56.88749566181765,-0.055020528572734165,-0.09046275573280174,-0.00052764,0.09229044589916016,0.0018549,1,1.0
4,0.033171772928633714,0.1920854758945107,0.00043068,1.600149459561681,3.485910062937601,15.2204210246636,0.5339017083921984,15.883294901370864,0.08613346713151913,-41.67618742532724,-0.2562069914769774,-13.542814542134128,-0.30694249824025854,8.156539062103809,-0.055020528572734165,-0.15035850474911275,-0.00052764,0.305369638866132,0.0018549,1,1.0
5,0.3762077713489731,0.037548084223962996,0.00043068,1.600149459561681,3.485910062937601,-49.314346159307604,0.5339017083921984,9.423247374181706,0.08613346713151913,-75.33937052644622,-0.2562069914769774,31.21646749661533,-0.30694249824025854,66.43775803273176,-0.055020528572734165,-0.12582533853219677,-0.00052764,0.12716283531468983,0.0018549,1,1.0
6,0.16786598998236554,0.04030288377197854,0.00043068,1.600149459561681,3.485910062937601,-9.462798760082274,0.5339017083921984,-0.07804032310974374,0.08613346713151913,-10.0991201043326,-0.2562069914769774,-13.997973898603707,-0.30694249824025854,18.47188208262957,-0.055020528572734165,-0.09711568330605738,-0.00052764,0.10781508980416843,0.0018549,1,1.0
7,0.20271071858722534,0.13769091966442923,0.00043068,1.600149459561681,3.485910062937601,-16.698035702670087,0.5339017083921984,14.208925680867468,0.08613346713151913,-75.27964592169663,-0.2562069914769774,40.74854584857297,-0.30694249824025854,40.56700262447931,-0.055020528572734165,-0.038159296050405245,-0.00052764,0.2635806614195702,0.0018549,1,1.0
8,0.4337138812328327,0.02815609785721998,0.00043068,1.600149459561681,3.485910062937601,-38.85768147805664,0.5339017083921984,3.788304548446965,0.08613346713151913,-26.411038303815854,-0.2562069914769774,-4.58287280724567,-0.30694249824025854,43.57772600547681,-0.055020528572734165,-0.045716689421618106,-0.00052764,0.044452855233579974,0.0018549,1,1.0
9,0.011207856961185314,0.12959729817174842,0.00043068,1.600149459561681,3.485910062937601,10.140567004522058,0.5339017083921984,12.625419632399703,0.08613346713151913,-30.77670695450215,-0.2562069914769774,-29.605500346577575,-0.30694249824025854,8.946346106960155,-0.055020528572734165,-0.23003494831064855,-0.00052764,0.23390081407623556,0.0018549,1,1.0
10,0.6286108241952586,0.12107820703578565,0.00043068,1.600149459561681,3.485910062937601,-31.329421324198922,0.5339017083921984,11.260736796647814,0.08613346713151913,-37.57097234595019,-0.2562069914769774,-61.43590856470183,-0.30694249824025854,56.49347947565148,-0.055020528572734165,-0.18291854631054083,-0.00052764,0.2188514146257503,0.0018549,1,1.0
11,0.2250903646445057,0.09036781277244685,0.00043068,1.600149459561681,3.485910062937601,81.54793337105819,0.5339017083921984,25.559314441084652,0.08613346713151913,-48.97913252174003,-0.2562069914769774,-6.212631737077797,-0.30694249824025854,-21.386200630603152,-0.055020528572734165,0.3892584291950473,-0.00052764,0.7261045040540587,0.0018549,0,1.0
12,0.1352374464721655,0.027612344293731456,0.00043068,1.600149459561681,3.485910062937601,-19.514161813943225,0.5339017083921984,6.078247793899668,0.08613346713151913,-44.43231557774234,-0.2562069914769774,13.904866527874443,-0.30694249824025854,32.955327113242284,-0.055020528572734165,-0.1135329152887868,-0.00052764,0.11343390145173744,0.0018549,1,1.0
13,0.5635403191072688,0.17971907805192505,0.00043068,1.600149459561681,3.485910062937601,28.438713024788118,0.5339017083921984,21.34136555957486,0.08613346713151913,-67.24610676788747,-0.2562069914769774,24.435271768366967,-0.30694249824025854,21.806412494078383,-0.055020528572734165,0.448327185767339,-0.00052764,0.5641990842519033,0.0018549,0,1.0
14,0.04634235248685148,0.10405632693072475,0.00043068,1.600149459561681,3.485910062937601,63.79956091260893,0.5339017083921984,21.63692033774043,0.08613346713151913,-63.2790126725291,-0.2562069914769774,37.32298689320638,-0.30694249824025854,-13.521999890684283,-0.055020528572734165,0.33245683446579133,-0.00052764,0.6029386895658532,0.0018549,0,1.0
15,0.13983273237134286,0.07782647359169856,0.00043068,1.600149459561681,3.485910062937601,-13.352753658119532,0.5339017083921984,8.666082372735811,0.08613346713151913,-48.54566345020024,-0.2562069914769774,-2.948130867289903,-0.30694249824025854,33.735263259910994,-0.055020528572734165,-0.19035120628415306,-0.00052764,0.19134573394777557,0.0018549,1,1.0
16,0.006806825917116746,0.1296427378318108,0.00043068,1.600149459561681,3.485910062937601,14.812868488758738,0.5339017083921984,2.8593853666960114,0.08613346713151913,-8.285151030968887,-0.2562069914769774,-39.73950853061241,-0.30694249824025854,4.16058293875742,-0.055020528572734165,-0.22837232402480231,-0.00052764,0.23230691680762786,0.0018549,1,1.0
17,0.20503096614610153,0.04292317408342492,0.00043068,1.600149459561681,3.485910062937601,-24.190018566196358,0.5339017083921984,4.416187202907922,0.08613346713151913,-43.53170785578457,-0.2562069914769774,24.370636910834193,-0.30694249824025854,36.09574909039783,-0.055020528572734165,-0.025253985817223212,-0.00052764,0.08964171826729755,0.0018549,1,1.0
18,0.003760212846800809,0.018000827144993983,0.00043068,1.600149459561681,3.485910062937601,-19.98011123965984,0.5339017083921984,4.296566886626257,0.08613346713151913,-51.07912525763673,-0.2562069914769774,47.81372936969106,-0.30694249824025854,29.223729321691426,-0.055020528572734165,-0.05792072762774976,-0.00052764,0.07048870644416662,0.0018549,1,1.0
19,0.059031334980245,0.01026875667781094,0.00043068,1.600149459561681,3.485910062937601,-15.914542380038776,0.5339017083921984,0.4402733485403216,0.08613346713151913,-26.608386532566776,-0.2562069914769774,23.924642759029766,-0.30694249824025854,21.332957858993158,-0.055020528572734165,-0.04606889899916411,-0.00052764,0.04655949676364782,0.0018549,1,1.0
20,0.0266769529074313,0.020341759130451775,0.00043068,1.600149459561681,3.485910062937601,-21.156685881904007,0.5339017083921984,6.104581989560936,0.08613346713151913,-52.371189324621795,-0.2562069914769774,45.47920246936252,-0.30694249824025854,29.74860440435866,-0.055020528572734165,-0.07456237387792904,-0.00052764,0.08625953296393062,0.0018549,1,1.0
21,0.5431216873623939,0.17829098745350952,0.00043068,1.600149459561681,3.485910062937601,-39.90181571963236,0.5339017083921984,14.68650318757164,0.08613346713151913,-75.62947479089527,-0.2562069914769774,-28.509048840314815,-0.30694249824025854,73.34140747295162,-0.055020528572734165,-0.2774104386494576,-0.00052764,0.2918844490612693,0.0018549,1,1.0
22,0.24101336615173674,0.050984652833643195,0.00043068,1.600149459561681,3.485910062937601,-25.231355574304878,0.5339017083921984,9.931447099172086,0.08613346713151913,-53.090332814869484,-0.2562069914769774,6.533173105513798,-0.30694249824025854,41.53309580313185,-0.055020528572734165,-0.1418603964711061,-0.00052764,0.15507576851732852,0.0018549,1,1.0
23,0.010091037431265881,0.12916431100918094,0.00043068,1.600149459561681,3.485910062937601,79.266950186111,0.5339017083921984,7.312791651884833,0.08613346713151913,-30.525565613190643,-0.2562069914769774,61.89878163192213,-0.30694249824025854,-32.549834933429395,-0.055020528572734165,0.35900010869505283,-0.00052764,0.811533864997393,0.0018549,0,1.0
24,0.005402654953220787,0.08832535822968417,0.00043068,1.600149459561681,3.485910062937601,-17.436650323610138,0.5339017083921984,10.199399138657757,0.08613346713151913,-68.72848064120595,-0.2562069914769774,65.90303033904371,-0.30694249824025854,30.236444035239476,-0.055020528572734165,-0.055892677938738033,-0.00052764,0.1809435125642952,0.0018549,1,1.0
25,-0.005514906271187225,0.21114232130860636,0.00043068,1.600149459561681,3.485910062937601,28.410572143605794,0.5339017083921984,3.3573694987514466,0.08613346713151913,-27.52780274615783,-0.2562069914769774,78.85201497237522,-0.30694249824025854,-12.502451876811483,-0.055020528572734165,0.18691492765725246,-0.00052764,0.47551405491803667,0.0018549,0,1.0
26,0.8731921798270432,0.2705071028290092,0.00043068,1.600149459561681,3.485910062937601,49.65342431499167,0.5339017083921984,27.495629025572796,0.08613346713151913,-49.57822928506716,-0.2562069914769774,-68.31245072526369,-0.30694249824025854,21.09468620628632,-0.055020528572734165,0.361140344389802,-0.00052764,0.7875007993873984,0.0018549,0,1.0
27,0.5288162845597908,0.13775728338790746,0.00043068,1.600149459561681,3.485910062937601,50.33221753212197,0.5339017083921984,30.14624552654038,0.08613346713151913,-91.69016448354976,-0.2562069914769774,11.02494411398087,-0.30694249824025854,21.16202018028717,-0.055020528572734165,0.3687999430561115,-0.00052764,0.8013720110075173,0.0018549,0,1.0
28,0.27733288555834745,0.1825383978362467,0.00043068,1.600149459561681,3.485910062937601,-22.793656405091134,0.5339017083921984,15.1708029214085,0.08613346713151913,-76.92442512378686,-0.2562069914769774,-7.085040784092709,-0.30694249824025854,54.65803828794929,-0.055020528572734165,-0.27390518423634275,-0.00052764,0.30200450657876426,0.0018549,1,1.0
29,0.015594276751749736,0.04098613562076203,0.00043068,1.600149459561681,3.485910062937601,0.1978339201318562,0.5339017083921984,5.160897553325255,0.08613346713151913,-20.026731513742863,-0.2562069914769774,9.35827269289122,-0.30694249824025854,6.518320723091982,-0.055020528572734165,-0.031091910040986617,-0.00052764,0.09627809560661364,0.0018549,1,1.0
30,0.08848883951513875,0.060161275906152,0.00043068,1.600149459561681,3.485910062937601,-8.774084201358844,0.5339017083921984,1.546424702809737,0.08613346713151913,-25.82002700552094,-0.2562069914769774,-1.29825110757973,-0.30694249824025854,22.323988026777684,-0.055020528572734165,-0.14612387823644946,-0.00052764,0.14641232762358086,0.0018549,1,1.0
31,0.1284436290482749,0.11102049133467802,0.00043068,1.600149459561681,3.485910062937601,71.01428901542793,0.5339017083921984,18.378330763888144,0.08613346713151913,-30.74454319406288,-0.2562069914769774,2.0938985277327324,-0.30694249824025854,-25.88344513959579,-0.055020528572734165,0.3765783850618337,-0.00052764,0.5550001043992573,0.0018549,0,1.0
32,0.17044450423960472,0.08289141483787779,0.00043068,1.600149459561681,3.485910062937601,-17.764774845997668,0.5339017083921984,7.5693276976655435,0.08613346713151913,-51.30426981556813,-0.2562069914769774,0.41178096469191994,-0.30694249824025854,38.8869031883772,-0.055020528572734165,-0.19244769857860605,-0.00052764,0.19237872346352453,0.0018549,1,1.0
33,0.329216143987069,0.09462731912073225,0.00043068,1.600149459561681,3.485910062937601,35.124991724306724,0.5339017083921984,22.200066875526545,0.08613346713151913,-94.15291142729707,-0.2562069914769774,64.96258129461705,-0.30694249824025854,21.672523438450742,-0.055020528572734165,0.41273183568271554,-0.00052764,0.626019061505492,0.0018549,0,1.0
34,0.6006776682207337,0.2143040332008602,0.00043068,1.600149459561681,3.485910062937601,48.31118551448606,0.5339017083921984,23.538994207689658,0.08613346713151913,-39.06639495493815,-0.2562069914769774,-33.678685579289635,-0.30694249824025854,4.278175102401483,-0.055020528572734165,0.38555695403740564,-0.00052764,0.6179993141354069,0.0018549,0,1.0
35,0.28970849005417254,0.08946203099319164,0.00043068,1.600149459561681,3.485910062937601,-23.524803036209153,0.5339017083921984,10.753648639328869,0.08613346713151913,-33.54393691700161,-0.2562069914769774,-11.461601669470845,-0.30694249824025854,31.57104259819445,-0.055020528572734165,-0.17199654798508568,-0.00052764,0.1638981008963442,0.0018549,1,1.0
36,0.26983491770933327,0.08693540773858335,0.00043068,1.600149459561681,3.485910062937601,-24.729943278189957,0.5339017083921984,-1.6047766232277851,0.08613346713151913,-18.20076224530772,-0.2562069914769774,20.95900716660655,-0.30694249824025854,28.212570716432175,-0.055020528572734165,-0.02365837714094613,-0.00052764,0.12361571415155415,0.0018549,1,1.0
37,0.1907849380900343,0.04538116279669703,0.00043068,1.600149459561681,3.485910062937601,-17.172808254013084,0.5339017083921984,4.632240090769166,0.08613346713151913,-35.541174686894706,-0.2562069914769774,-3.975258814622431,-0.30694249824025854,32.57705807823467,-0.055020528572734165,-0.1350480263922087,-0.00052764,0.13673033494553294,0.0018549,1,1.0
38,0.7017072484112855,0.23881948292687766,0.00043068,1.600149459561681,3.485910062937601,51.4990569352865,0.5339017083921984,27.10410336172371,0.08613346713151913,-84.04758185303965,-0.2562069914769774,-19.63809200020307,-0.30694249824025854,29.709551297083443,-0.055020528572734165,0.31462722786008784,-0.00052764,0.9105957207665436,0.0018549,0,1.0
39,0.0001145492843473983,0.11164382035158099,0.00043068,1.600149459561681,3.485910062937601,-15.303545421537219,0.5339017083921984,12.770730194262038,0.08613346713151913,-77.24390989270074,-0.2562069914769774,58.73744056265421,-0.30694249824025854,33.55591001965465,-0.055020528572734165,-0.10318862024435618,-0.00052764,0.21859559567242362,0.0018549,1,1.0
40,0.13289759087663144,0.014682002449885403,0.00043068,1.600149459561681,3.485910062937601,-29.083183232840074,0.5339017083921984,2.087448641029525,0.08613346713151913,-45.9701355971855,-0.2562069914769774,39.151773802627986,-0.30694249824025854,37.40128305973057,-0.055020528572734165,-0.04657224337018393,-0.00052764,0.050398406464706676,0.0018549,1,1.0
41,0.32611241537739794,0.24903306453410975,0.00043068,1.600149459561681,3.485910062937601,-25.944752695721785,0.5339017083921984,12.174645554128118,0.08613346713151913,-78.03770593561384,-0.2562069914769774,-11.406273667311831,-0.30694249824025854,62.23455965588391,-0.055020528572734165,-0.3104463760294121,-0.00052764,0.3378585061173666,0.0018549,1,1.0
42,0.011731000395624747,0.12339896860793693,0.00043068,1.600149459561681,3.485910062937601,0.8219957155238966,0.5339017083921984,6.511622069383379,0.08613346713151913,-58.03016997207926,-0.2562069914769774,74.4464041343786,-0.30694249824025854,17.77639529256341,-0.055020528572734165,0.16979809262352366,-0.00052764,0.19895092701025804,0.0018549,0,1.0
43,0.1370740682881757,0.0071036226157225706,0.00043068,1.600149459561681,3.485910062937601,-35.887897647364525,0.5339017083921984,3.1396935076200068,0.08613346713151913,-52.31417601875729,-0.2562069914769774,53.79143395773996,-0.30694249824025854,40.714415014475016,-0.055020528572734165,-0.031921514246663146,-0.00052764,0.02966574902433142,0.0018549,1,1.0
44,0.8084036106661054,0.32397020580915725,0.00043068,1.600149459561681,3.485910062937601,27.50302770357159,0.5339017083921984,29.795809853830573,0.08613346713151913,-67.32266983630207,-0.2562069914769774,-40.85003934200265,-0.30694249824025854,32.804941737100755,-0.055020528572734165,0.26600395194546256,-0.00052764,0.6962279821999645,0.0018549,0,1.0
45,0.2873451024253862,0.09227516956659132,0.00043068,1.600149459561681,3.485910062937601,-19.26298750153895,0.5339017083921984,11.443036326113356,0.08613346713151913,-52.17957333942238,-0.2562069914769774,-5.252471651717507,-0.30694249824025854,40.37054362739111,-0.055020528572734165,-0.13117948542110697,-0.00052764,0.20534952995875677,0.0018549,1,1.0
46,0.04985595179080232,0.1416481459995169,0.00043068,1.600149459561681,3.485910062937601,36.08451053784265,0.5339017083921984,11.983659412853607,0.08613346713151913,-42.52027034415312,-0.2562069914769774,37.74229756575827,-0.30694249824025854,-5.366857956541553,-0.055020528572734165,0.2675151736401633,-0.00052764,0.3610682754169805,0.0018549,0,1.0
47,0.19555431721635685,0.12649170106113372,0.00043068,1.600149459561681,3.485910062937601,53.28967741977226,0.5339017083921984,19.55456420883502,0.08613346713151913,-53.82837841180422,-0.2562069914769774,21.96663882336579,-0.30694249824025854,-5.950520624566922,-0.055020528572734165,0.34441638666272134,-0.00052764,0.5554646694260824,0.0018549,0,1.0
48,0.004176154264568632,0.18162829417919824,0.00043068,1.600149459561681,3.485910062937601,32.28046630027845,0.5339017083921984,14.245257095913443,0.08613346713151913,-51.805842027323216,-0.2562069914769774,18.39561991885934,-0.30694249824025854,2.5323383717064774,-0.055020528572734165,0.061999067578571404,-0.00052764,0.39838621617084446,0.0018549,0,1.0
49,0.010035014158760625,0.0956040659547086,0.00043068,1.600149459561681,3.485910062937601,54.868466996272744,0.5339017083921984,13.747472058859321,0.08613346713151913,-46.364271400702336,-0.2562069914769774,58.31721148371144,-0.30694249824025854,-17.769766478489096,-0.055020528572734165,0.4242786741260347,-0.00052764,0.46217675806292946,0.0018549,0,1.0
50,0.2443451181361404,0.021789837363374,0.00043068,1.600149459561681,3.485910062937601,-33.39317254033003,0.5339017083921984,7.468151775508131,0.08613346713151913,-52.30369440764589,-0.2562069914769774,24.281386679145264,-0.30694249824025854,43.7725554137044,-0.055020528572734165,-0.09428363047547184,-0.00052764,0.09785093209951634,0.0018549,1,1.0
51,0.01626438094784588,0.058200908109122096,0.00043068,1.600149459561681,3.485910062937601,90.62929120074266,0.5339017083921984,23.293885463478254,0.08613346713151913,-53.63425706373131,-0.2562069914769774,28.714409354943843,-0.30694249824025854,-32.402932663227126,-0.055020528572734165,0.4458656326160024,-0.00052764,0.71387964407855,0.0018549,0,1.0
52,0.1602079534412404,0.01884975687343056,0.00043068,1.600149459561681,3.485910062937601,-54.18213955328491,0.5339017083921984,3.4861408093100064,0.08613346713151913,-74.19172592165785,-0.2562069914769774,94.09369542590937,-0.30694249824025854,55.738067907369754,-0.055020528572734165,-0.08539119272528499,-0.00052764,0.0881762754812651,0.0018549,1,1.0
53,-0.0034727255773974175,0.11889871267986978,0.00043068,1.600149459561681,3.485910062937601,63.677471647311776,0.5339017083921984,15.798857246500246,0.08613346713151913,-36.81144788725953,-0.2562069914769774,56.579573432370665,-0.30694249824025854,-30.245732376617312,-0.055020528572734165,0.4038857768648549,-0.00052764,0.5519299196904499,0.0018549,0,1.0
54,0.006841040585578995,0.058966130204247555,0.00043068,1.600149459561681,3.485910062937601,86.41411951283989,0.5339017083921984,26.671954565983057,0.08613346713151913,-67.56312020191766,-0.2562069914769774,36.40269063316838,-0.30694249824025854,-26.608111726657278,-0.055020528572734165,0.404235033839622,-0.00052764,0.7370482489610178,0.0018549,0,1.0
55,0.03464340873483707,0.06112018459303751,0.00043068,1.600149459561681,3.485910062937601,52.00694680706139,0.5339017083921984,14.100495214690078,0.08613346713151913,-70.21103264218058,-0.2562069914769774,89.3284494568989,-0.30694249824025854,-6.105322043049718,-0.055020528572734165,0.4311510719422389,-0.00052764,0.5952422573295622,0.0018549,0,1.0
56,0.023344581936909692,0.2001500649996392,0.00043068,1.600149459561681,3.485910062937601,44.1598823526346,0.5339017083921984,14.093857394952634,0.08613346713151913,-7.8463378003638535,-0.2562069914769774,-55.64336236173813,-0.30694249824025854,-17.17653454037639,-0.055020528572734165,-0.07692135131312475,-0.00052764,0.3455437646752767,0.0018549,1,1.0
57,0.09576019375130806,0.16157593023038005,0.00043068,1.600149459561681,3.485910062937601,59.96932018877516,0.5339017083921984,17.635703401915915,0.08613346713151913,-38.86498899237603,-0.2562069914769774,-1.3662136804805682,-0.30694249824025854,-15.16550122502833,-0.055020528572734165,0.22980280575387338,-0.00052764,0.5362994329166498,0.0018549,0,1.0
58,0.05179007087699916,0.14796227908838408,0.00043068,1.600149459561681,3.485910062937601,37.08665418179087,0.5339017083921984,9.467008757261084,0.08613346713151913,-47.10559121347141,-0.2562069914769774,56.27727176322939,-0.30694249824025854,-3.503086420334522,-0.055020528572734165,0.2833392698576437,-0.00052764,0.4429950918114042,0.0018549,0,1.0
59,0.35609741560902414,0.04251110128810967,0.00043068,1.600149459561681,3.485910062937601,-18.04062769577079,0.5339017083921984,5.337433894494489,0.08613346713151913,-19.779043084307546,-0.2562069914769774,-37.14201055699845,-0.30694249824025854,32.69143952582106,-0.055020528572734165,-0.11865811371277152,-0.00052764,0.12581634363351715,0.0018549,1,1.0
60,0.3265601428468387,0.26238546250092204,0.00043068,1.600149459561681,3.485910062937601,27.85890250137094,0.5339017083921984,20.519780213293245,0.08613346713151913,-40.15754442114703,-0.2562069914769774,-43.041232161387974,-0.30694249824025854,10.903123584547414,-0.055020528572734165,0.0005891528261448009,-0.00052764,0.46071208604952335,0.0018549,0,1.0
61,0.439925713911982,0.1741240748557533,0.00043068,1.600149459561681,3.485910062937601,47.09020330131335,0.5339017083921984,20.42815441738742,0.08613346713151913,-42.27394963794481,-0.2562069914769774,-9.313470590556092,-0.30694249824025854,0.9918240706167263,-0.055020528572734165,0.3772248125134929,-0.00052764,0.5592321620556047,0.0018549,0,1.0
62,0.0924800692014549,0.06764199408878198,0.00043068,1.600149459561681,3.485910062937601,94.76800661873231,0.5339017083921984,21.187747018835484,0.08613346713151913,-56.68647456031554,-0.2562069914769774,17.86272234615847,-0.30694249824025854,-25.50757092213877,-0.055020528572734165,0.3758591200512468,-0.00052764,0.8645794734610864,0.0018549,0,1.0
63,0.005698591593203295,0.061321792150170175,0.00043068,1.600149459561681,3.485910062937601,66.51955745845389,0.5339017083921984,19.039495670201667,0.08613346713151913,-76.1283284644563,-0.2562069914769774,88.27172625900303,-0.30694249824025854,-14.220873136219454,-0.055020528572734165,0.522636022155829,-0.00052764,0.6305048509480469,0.0018549,0,1.0
64,0.12705208227861686,0.04291511601919082,0.00043068,1.600149459561681,3.485910062937601,-13.965879988033981,0.5339017083921984,9.039839363538759,0.08613346713151913,-38.11377600763786,-0.2562069914769774,3.30208002948343,-0.30694249824025854,24.940267759093576,-0.055020528572734165,-0.13562607212459932,-0.00052764,0.13699862565217136,0.0018549,1,1.0
65,0.0772735755600027,0.09998220990898969,0.00043068,1.600149459561681,3.485910062937601,72.83292390931175,0.5339017083921984,17.226687649619933,0.08613346713151913,-25.883903445868434,-0.2562069914769774,17.660901847577982,-0.30694249824025854,-33.192259972019436,-0.055020528572734165,0.4463514803247444,-0.00052764,0.5185755578806539,0.0018549,0,1.0
66,0.1440782278784487,0.036036773162669525,0.00043068,1.600149459561681,3.485910062937601,-12.019540974334262,0.5339017083921984,5.055969728761595,0.08613346713151913,-31.323087058996105,-0.2562069914769774,1.3767983411834157,-0.30694249824025854,24.697220114073083,-0.055020528572734165,-0.08188050510921863,-0.00052764,0.11369671134655648,0.0018549,1,1.0
67,0.050244698326379955,0.1734721662008902,0.00043068,1.600149459561681,3.485910062937601,6.979859138103373,0.5339017083921984,12.176290810387158,0.08613346713151913,-51.03295031653625,-0.2562069914769774,54.85106577724402,-0.30694249824025854,9.200934383555424,-0.055020528572734165,0.0700273513486729,-0.00052764,0.31274377130552866,0.0018549,0,1.0
68,0.036043358085629085,0.04706449891112889,0.00043068,1.600149459561681,3.485910062937601,65.5933109069521,0.5339017083921984,20.265539072815386,0.08613346713151913,-86.73598538886014,-0.2562069914769774,71.98293100791275,-0.30694249824025854,-3.934228242572119,-0.055020528572734165,0.37531692670702366,-0.00052764,0.7336171360029874,0.0018549,0,1.0
69,0.704020908281329,0.22737876239657046,0.00043068,1.600149459561681,3.485910062937601,49.13950880930725,0.5339017083921984,27.350361627495257,0.08613346713151913,-52.636711352087076,-0.2562069914769774,-36.18307057619124,-0.30694249824025854,12.44221158742786,-0.055020528572734165,0.40181371202529764,-0.00052764,0.7094186314031063,0.0018549,0,1.0
70,0.6463024174496094,0.14973477785547368,0.00043068,1.600149459561681,3.485910062937601,-64.1307016254044,0.5339017083921984,9.37113393684061,0.08613346713151913,-69.04189381195336,-0.2562069914769774,-6.234688063225273,-0.30694249824025854,83.53149818621418,-0.055020528572734165,-0.1756481440686369,-0.00052764,0.12115513936610353,0.0018549,1,1.0
71,0.2695808476958942,0.035157796648830106,0.00043068,1.600149459561681,3.485910062937601,-48.675829297373646,0.5339017083921984,2.8368138963906766,0.08613346713151913,-65.42929429053254,-0.2562069914769774,63.44495976663449,-0.30694249824025854,57.26966912813017,-0.055020528572734165,0.014206426432198157,-0.00052764,0.02475151413961126,0.0018549,0,1.0
72,0.3954927091666894,0.0676816670972756,0.00043068,1.600149459561681,3.485910062937601,-31.21872262469055,0.5339017083921984,10.344510969184238,0.08613346713151913,-36.79343838046034,-0.2562069914769774,-13.346996377775776,-0.30694249824025854,40.87626494695075,-0.055020528572734165,-0.14494569870147747,-0.00052764,0.15249643901192575,0.0018549,1,1.0
73,0.00013816652136018626,0.007983226052008645,0.00043068,1.600149459561681,3.485910062937601,-19.39132905362476,0.5339017083921984,0.23283010888024439,0.08613346713151913,-30.529649273848264,-0.2562069914769774,48.57623215231163,-0.30694249824025854,19.20523276058507,-0.055020528572734165,-0.02857327566812771,-0.00052764,0.03886179440093643,0.0018549,1,1.0
74,0.2671428049536174,0.06905726884262041,0.00043068,1.600149459561681,3.485910062937601,-22.68140266476879,0.5339017083921984,8.18208595142949,0.08613346713151913,-49.31353849219513,-0.2562069914769774,-5.625927436834001,-0.30694249824025854,42.90423932399031,-0.055020528572734165,-0.16147810642674384,-0.00052764,0.1768868856083831,0.0018549,1,1.0
75,0.18094253023164408,0.08087637902930725,0.00043068,1.600149459561681,3.485910062937601,-26.347838515296377,0.5339017083921984,12.729646229995254,0.08613346713151913,-68.33587316846966,-0.2562069914769774,21.983797859498807,-0.30694249824025854,44.57439932623276,-0.055020528572734165,-0.18168035012098888,-0.00052764,0.1942930948457694,0.0018549,1,1.0
76,0.6427848335682362,0.13159854547732233,0.00043068,1.600149459561681,3.485910062937601,-39.04582480604798,0.5339017083921984,11.338838290070678,0.08613346713151913,-45.96668779478653,-0.2562069914769774,-23.117373081864315,-0.30694249824025854,58.323487562806896,-0.055020528572734165,-0.048849358170220694,-0.00052764,0.18232451565710633,0.0018549,1,1.0
77,0.07153422528871352,0.1091291795896193,0.00043068,1.600149459561681,3.485910062937601,-17.676647354829832,0.5339017083921984,2.64495716241052,0.08613346713151913,-28.94941142612401,-0.2562069914769774,13.117693535223385,-0.30694249824025854,23.73422973714511,-0.055020528572734165,-0.09263034901098449,-0.00052764,0.03910845171232128,0.0018549,1,1.0
78,0.42128516257063825,0.14521656318565748,0.00043068,1.600149459561681,3.485910062937601,90.72511632874877,0.5339017083921984,24.318585354457607,0.08613346713151913,-20.975274614075193,-0.2562069914769774,-60.02944233394224,-0.30694249824025854,-26.80951734155353,-0.055020528572734165,0.3975063885637619,-0.00052764,0.7726056694511159,0.0018549,0,1.0
79,0.20471897799758648,0.08192039334032979,0.00043068,1.600149459561681,3.485910062937601,-10.195491880193304,0.5339017083921984,10.397180134022646,0.08613346713151913,-38.92834187217274,-0.2562069914769774,-25.252657627982416,-0.30694249824025854,30.203062117010532,-0.055020528572734165,-0.20000508598653982,-0.00052764,0.19888145169346194,0.0018549,1,1.0
80,0.7304991628813541,0.12374657812468315,0.00043068,1.600149459561681,3.485910062937601,-71.61470198085017,0.5339017083921984,2.9439453631222903,0.08613346713151913,-62.49467216507647,-0.2562069914769774,10.124999939229,-0.30694249824025854,88.46908020556657,-0.055020528572734165,-0.0825117229816435,-0.00052764,0.10224077183221036,0.0018549,1,1.0
81,0.44251956476629073,0.1480548223461078,0.00043068,1.600149459561681,3.485910062937601,66.01608112284616,0.5339017083921984,29.010763208336737,0.08613346713151913,-59.62971792683171,-0.2562069914769774,-15.236131816026699,-0.30694249824025854,-3.341835016336997,-0.055020528572734165,0.3762276604471386,-0.00052764,0.7506401158566196,0.0018549,0,1.0
82,0.015046272360099977,0.052722704153505585,0.00043068,1.600149459561681,3.485910062937601,-3.4332854889477438,0.5339017083921984,8.286620565017351,0.08613346713151913,-30.07000277213217,-0.2562069914769774,8.076787618685428,-0.30694249824025854,11.704933839381955,-0.055020528572734165,-0.11416437345584196,-0.00052764,0.1358521417059218,0.0018549,1,1.0
83,0.014207937446505392,0.06729284692019566,0.00043068,1.600149459561681,3.485910062937601,61.56291589205474,0.5339017083921984,15.7465902335211,0.08613346713151913,-53.27414017599512,-0.2562069914769774,58.28400827445676,-0.30694249824025854,-17.963789171001224,-0.055020528572734165,0.43272484434520625,-0.00052764,0.5346775265452028,0.0018549,0,1.0
84,0.08706884246653881,0.10680138691110602,0.00043068,1.600149459561681,3.485910062937601,4.5542223677719464,0.5339017083921984,5.93494485812244,0.08613346713151913,-23.2950695705758,-0.2562069914769774,-31.016031538466436,-0.30694249824025854,15.947375299245465,-0.055020528572734165,-0.20474586457533372,-0.00052764,0.21907159503324708,0.0018549,1,1.0
85,0.18277315058917887,0.04831008904063984,0.00043068,1.600149459561681,3.485910062937601,-38.9684712064892,0.5339017083921984,7.6962378703817,0.08613346713151913,-79.74413592783158,-0.2562069914769774,52.57502370203794,-0.30694249824025854,57.21116036730067,-0.055020528572734165,-0.11965783754883902,-0.00052764,0.1362415852048714,0.0018549,1,1.0
86,0.0392181563552888,0.12698781142693805,0.00043068,1.600149459561681,3.485910062937601,91.75819915141173,0.5339017083921984,15.939292158004722,0.08613346713151913,-29.190712520143002,-0.2562069914769774,50.093783668531145,-0.30694249824025854,-44.965086869761365,-0.055020528572734165,0.5724886484610133,-0.00052764,0.7071106088176528,0.0018549,0,1.0
87,0.29326003272399104,0.0448089318544725,0.00043068,1.600149459561681,3.485910062937601,-40.297115349051836,0.5339017083921984,10.590234455118393,0.08613346713151913,-67.56085038153687,-0.2562069914769774,28.146339786336263,-0.30694249824025854,54.300664224169864,-0.055020528572734165,-0.14363384965509898,-0.00052764,0.14251697869472837,0.0018549,1,1.0
88,0.07580402554721088,0.16673193428205138,0.00043068,1.600149459561681,3.485910062937601,4.82991788332842,0.5339017083921984,14.28127373180251,0.08613346713151913,-48.558963468293335,-0.2562069914769774,-16.966830771735577,-0.30694249824025854,20.845015752547997,-0.055020528572734165,-0.2115732680813731,-0.00052764,0.28493539133099177,0.0018549,1,1.0
89,0.840524805601296,0.26478109051388987,0.00043068,1.600149459561681,3.485910062937601,32.98479410966247,0.5339017083921984,33.74761943594271,0.08613346713151913,-89.28955200047263,-0.2562069914769774,-18.98008582982507,-0.30694249824025854,37.753838655387966,-0.055020528572734165,0.35314321310038754,-0.00052764,0.8058788778334607,0.0018549,0,1.0
90,0.3551793476513468,0.15381178340356047,0.00043068,1.600149459561681,3.485910062937601,62.67453938140626,0.5339017083921984,19.66485269379362,0.08613346713151913,-60.975951002892884,-0.2562069914769774,7.425380026190985,-0.30694249824025854,2.206240631877961,-0.055020528572734165,0.33130477036331885,-0.00052764,0.7767635406312624,0.0018549,0,1.0
91,0.07337727707695563,0.06201091271955755,0.00043068,1.600149459561681,3.485910062937601,74.69827072448977,0.5339017083921984,19.831819079736825,0.08613346713151913,-78.2283164456418,-0.2562069914769774,55.84882652615896,-0.30694249824025854,-8.875996264390091,-0.055020528572734165,0.36808403819494045,-0.00052764,0.8063246083701046,0.0018549,0,1.0
92,0.4931404991862004,0.09512414835902294,0.00043068,1.600149459561681,3.485910062937601,-57.991602548824034,0.5339017083921984,9.673809590620587,0.08613346713151913,-65.90209750714536,-0.2562069914769774,19.668017785802054,-0.30694249824025854,69.04664959237405,-0.055020528572734165,-0.1449606144104801,-0.00052764,0.11260147077547963,0.0018549,1,1.0
93,0.27825711654299645,0.05773003301653533,0.00043068,1.600149459561681,3.485910062937601,-30.71757582950757,0.5339017083921984,7.494068537829456,0.08613346713151913,-52.055249228846456,-0.2562069914769774,5.671118210886152,-0.30694249824025854,47.033589540900195,-0.055020528572734165,-0.14133404056491902,-0.00052764,0.1291418407888957,0.0018549,1,1.0
94,0.03626899750978285,0.22320640981058576,0.00043068,1.600149459561681,3.485910062937601,7.930629519395094,0.5339017083921984,17.404767743231186,0.08613346713151913,-52.76182963221821,-0.2562069914769774,-18.692079127232525,-0.30694249824025854,18.194076386206095,-0.055020528572734165,-0.25832898008487365,-0.00052764,0.3183378048377505,0.0018549,1,1.0
95,0.12742561804429942,0.05847445147027369,0.00043068,1.600149459561681,3.485910062937601,75.96987688095268,0.5339017083921984,27.74595810507362,0.08613346713151913,-79.5739806688025,-0.2562069914769774,33.160598431425534,-0.30694249824025854,-11.121853257572063,-0.055020528572734165,0.3714920526612632,-0.00052764,0.7677959424379684,0.0018549,0,1.0
96,-0.0021004764115126195,0.11754385741241664,0.00043068,1.600149459561681,3.485910062937601,79.46918141315649,0.5339017083921984,7.244795819564954,0.08613346713151913,-19.506788516055725,-0.2562069914769774,58.75785082361233,-0.30694249824025854,-39.76660556612833,-0.055020528572734165,0.3871334129705639,-0.00052764,0.7532857040818144,0.0018549,0,1.0
97,0.47402728697377927,0.1077576447630213,0.00043068,1.600149459561681,3.485910062937601,-26.123529570432535,0.5339017083921984,11.990514239268808,0.08613346713151913,-45.75621630735553,-0.2562069914769774,-25.721288407619575,-0.30694249824025854,47.66582858681458,-0.055020528572734165,-0.11162308917661351,-0.00052764,0.20629702112874448,0.0018549,1,1.0
98,0.34591046737436804,0.14407587301385594,0.00043068,1.600149459561681,3.485910062937601,49.28141273645124,0.5339017083921984,25.700998884030863,0.08613346713151913,-70.21806082608047,-0.2562069914769774,25.871558510590482,-0.30694249824025854,3.743556613343907,-0.055020528572734165,0.376786181874491,-0.00052764,0.6513945019816713,0.0018549,0,1.0
99,0.9823288740901022,0.22767831119275778,0.00043068,1.600149459561681,3.485910062937601,-69.80542032265534,0.5339017083921984,0.5272949250659481,0.08613346713151913,-28.293896832321224,-0.2562069914769774,-44.54028747244817,-0.30694249824025854,85.0033204098706,-0.055020528572734165,-0.08639734997483958,-0.00052764,0.12886302913087241,0.0018549,1,1.0
100,0.12778390874017342,0.13955176670991085,0.00043068,2.459242111292193,3.0947272010640288,34.18316144044008,0.5339017083921984,7.480804218159629,0.08613346713151913,-49.547252522657224,-0.2562069914769774,22.348970799626883,-0.30694249824025854,12.31611044425803,-0.055020528572734165,0.19201221668042828,-0.00052764,0.22632896264127017,0.0018549,0,1.0
101,0.086870439014689,0.028513405008986317,0.00043068,2.459242111292193,3.0947272010640288,11.797253427680445,0.5339017083921984,5.202585923094307,0.08613346713151913,-25.366327049346967,-0.2562069914769774,-6.793480910439191,-0.30694249824025854,11.18282577485254,-0.055020528572734165,-0.1031370111945188,-0.00052764,0.11250056982991764,0.0018549,1,1.0
102,0.2930899848696239,0.012240764778899625,0.00043068,2.459242111292193,3.0947272010640288,-39.141671854509525,0.5339017083921984,1.7512250738225226,0.08613346713151913,-26.930373225378606,-0.2562069914769774,13.470191440696134,-0.30694249824025854,38.21952317851828,-0.055020528572734165,-0.030983677554243173,-0.00052764,0.031813432511670216,0.0018549,1,1.0
103,0.1894768745909532,0.08254966589433,0.00043068,2.459242111292193,3.0947272010640288,-42.7050563196607,0.5339017083921984,-4.060034653110257,0.08613346713151913,-19.390498221467954,-0.2562069914769774,30.067412458112027,-0.30694249824025854,38.01121077723927,-0.055020528572734165,-0.13561624458525542,-0.00052764,0.14329821798307948,0.0018549,1,1.0
104,0.3795207356015223,0.08429179397490921,0.00043068,2.459242111292193,3.0947272010640288,21.983056195995772,0.5339017083921984,7.614267099850199,0.08613346713151913,-18.986354567443758,-0.2562069914769774,-49.1187265956716,-0.30694249824025854,16.44030553650614,-0.055020528572734165,-0.18508981862471885,-0.00052764,0.17905726398128619,0.0018549,1,1.0
105,0.07328221393245937,0.035593258786389095,0.00043068,2.459242111292193,3.0947272010640288,-12.483886496054636,0.5339017083921984,6.432445958781476,0.08613346713151913,-59.04351818333114,-0.2562069914769774,29.502675017500792,-0.30694249824025854,36.49507434121831,-0.055020528572734165,-0.11936253030746738,-0.00052764,0.12578137667925718,0.0018549,1,1.0
106,0.3900920126121671,0.06008695679140662,0.00043068,2.459242111292193,3.0947272010640288,-51.57000588809959,0.5339017083921984,8.919831145406294,0.08613346713151913,-81.83686195827423,-0.2562069914769774,36.91221675787563,-0.30694249824025854,71.76519896806592,-0.055020528572734165,-0.15655752262968023,-0.00052764,0.16262355330837627,0.0018549,1,1.0
107,0.04413992565727938,0.004702802919251655,0.00043068,2.459242111292193,3.0947272010640288,-14.21193896830642,0.5339017083921984,0.38120495546154065,0.08613346713151913,-15.934236205753146,-0.2562069914769774,15.510097745085485,-0.30694249824025854,15.218788354524095,-0.055020528572734165,-0.0020191689944825866,-0.00052764,0.010058965722226474,0.0018549,1,1.0
108,0.9721416713009139,0.40214985328626185,0.00043068,2.459242111292193,3.0947272010640288,22.483199619240963,0.5339017083921984,19.44406679073828,0.08613346713151913,-61.911216606419075,-0.2562069914769774,-87.42017250632267,-0.30694249824025854,55.280411418047386,-0.055020528572734165,-0.3301774937964156,-0.00052764,0.40360452760246923,0.0018549,1,1.0
109,0.01483187908463568,0.1106465190454778,0.00043068,2.459242111292193,3.0947272010640288,32.942292637532596,0.5339017083921984,9.435402902115504,0.08613346713151913,-56.103265829461186,-0.2562069914769774,7.437140124473572,-0.30694249824025854,15.636175083675894,-0.055020528572734165,-0.11775776008752373,-0.00052764,0.2260909755009868,0.0018549,1,1.0
110,0.42098034391226713,0.1611562124625437,0.00043068,2.459242111292193,3.0947272010640288,6.749436488249093,0.5339017083921984,10.119956500738711,0.08613346713151913,-68.91729047307615,-0.2562069914769774,-13.20460180145446,-0.30694249824025854,51.729673328264596,-0.055020528572734165,-0.25854466576186513,-0.00052764,0.2747961428208608,0.0018549,1,1.0
111,0.3896774041289973,0.2461104997468215,0.00043068,2.459242111292193,3.0947272010640288,68.39675194502033,0.5339017083921984,15.855359586780278,0.08613346713151913,-84.79528965555895,-0.2562069914769774,-9.31316190258944,-0.30694249824025854,29.01628644615926,-0.055020528572734165,0.028367622518119168,-0.00052764,0.44889981480931074,0.0018549,0,1.0
112,0.00011941957270378278,0.15008894825229466,0.00043068,2.459242111292193,3.0947272010640288,15.808865160571404,0.5339017083921984,6.211885228442129,0.08613346713151913,-73.19908481106208,-0.2562069914769774,43.37448662686158,-0.30694249824025854,33.41287161444924,-0.055020528572734165,-0.061899158477116134,-0.00052764,0.2564539733237461,0.0018549,1,1.0
113,0.005162035260404041,0.04063301169605614,0.00043068,2.459242111292193,3.0947272010640288,19.113309862022643,0.5339017083921984,4.9047465410616375,0.08613346713151913,-30.0861979650031,-0.2562069914769774,-0.23358606114540098,-0.30694249824025854,9.342843424473068,-0.055020528572734165,-0.11565805820260514,-0.00052764,0.13057056975309675,0.0018549,1,1.0
114,0.9877026647084253,0.26133265329539446,0.00043068,2.459242111292193,3.0947272010640288,-3.1926969043697917,0.5339017083921984,13.818034979503176,0.08613346713151913,-40.083764253748484,-0.2562069914769774,-81.87399941014914,-0.30694249824025854,56.27701260790394,-0.055020528572734165,-0.25885595627010227,-0.00052764,0.27767585434531683,0.0018549,1,1.0
115,0.364014157370841,0.20601547575771922,0.00043068,2.459242111292193,3.0947272010640288,41.08157960684909,0.5339017083921984,13.809560611086225,0.08613346713151913,-28.021771642015118,-0.2562069914769774,-62.36793746011213,-0.30694249824025854,7.396958920095336,-0.055020528572734165,-0.2747808269043515,-0.00052764,0.28901450922674826,0.0018549,1,1.0
116,0.3609058949585541,0.14980248920241718,0.00043068,2.459242111292193,3.0947272010640288,-23.423417206019653,0.5339017083921984,8.652709506661663,0.08613346713151913,-63.977958952383794,-0.2562069914769774,5.160419140912256,-0.30694249824025854,54.60303116953706,-0.055020528572734165,-0.21559367652835867,-0.00052764,0.1635083506454391,0.0018549,1,1.0
117,0.22963527468631917,0.07334518895803308,0.00043068,2.459242111292193,3.0947272010640288,-24.60744615001648,0.5339017083921984,2.7421861180764107,0.08613346713151913,-25.4196519962514,-0.2562069914769774,16.793418542755237,-0.30694249824025854,26.798141305296475,-0.055020528572734165,-0.014341646210569728,-0.00052764,0.12495203493207897,0.0018549,1,1.0
118,0.7536411493799696,0.1079799868840877,0.00043068,2.459242111292193,3.0947272010640288,-72.28074214950539,0.5339017083921984,4.043305601116961,0.08613346713151913,-63.460356754420886,-0.2562069914769774,15.700705313881981,-0.30694249824025854,89.29708433711025,-0.055020528572734165,-0.06611843273786251,-0.00052764,0.09768606301338124,0.0018549,1,1.0
119,-0.0003409841162304028,0.12880408965233756,0.00043068,2.459242111292193,3.0947272010640288,72.1074849174604,0.5339017083921984,10.882143694009065,0.08613346713151913,-85.33949247069216,-0.2562069914769774,62.558325168341526,-0.30694249824025854,8.05148405605216,-0.055020528572734165,0.3173305614358341,-0.00052764,0.5134606714357599,0.0018549,0,1.0
120,0.61094341386593,0.17707871862346958,0.00043068,2.459242111292193,3.0947272010640288,1.6159695401052714,0.5339017083921984,13.502230646398203,0.08613346713151913,-54.86814425632639,-0.2562069914769774,-41.437344653520555,-0.30694249824025854,46.803299637551106,-0.055020528572734165,-0.25479167213384274,-0.00052764,0.26881434644179886,0.0018549,1,1.0
121,0.06254385933373485,0.0971148960926866,0.00043068,2.459242111292193,3.0947272010640288,-56.966973952378915,0.5339017083921984,-1.1111209900153465,0.08613346713151913,-20.354542787685478,-0.2562069914769774,50.729325445663065,-0.30694249824025854,28.270129582650267,-0.055020528572734165,-0.1536179874303906,-0.00052764,0.20510178568537932,0.0018549,1,1.0
122,0.013428123374816803,0.1874473683151465,0.00043068,2.459242111292193,3.0947272010640288,82.91457608396757,0.5339017083921984,7.545090235358348,0.08613346713151913,-53.458770551947126,-0.2562069914769774,37.98828860203745,-0.30694249824025854,-9.528631728905307,-0.055020528572734165,0.2464965690387288,-0.00052764,0.5701044510519824,0.0018549,0,1.0
123,0.012651323967305304,0.1465507078761878,0.00043068,2.459242111292193,3.0947272010640288,3.3658332480470365,0.5339017083921984,-0.752917775295762,0.08613346713151913,-20.758802345246128,-0.2562069914769774,33.822109673759904,-0.30694249824025854,9.527466518931085,-0.055020528572734165,0.006560084426695548,-0.00052764,0.25491807190070614,0.0018549,0,1.0
124,0.2857549635784069,0.058756616128498966,0.00043068,2.459242111292193,3.0947272010640288,-34.92975535363788,0.5339017083921984,5.489676582248938,0.08613346713151913,-74.84610749302153,-0.2562069914769774,36.90408353155395,-0.30694249824025854,64.26695870807137,-0.055020528572734165,-0.13477107759335305,-0.00052764,0.14663815583636264,0.0018549,1,1.0
125,0.4819758728407111,0.09831364262154318,0.00043068,2.459242111292193,3.0947272010640288,-66.35162889731272,0.5339017083921984,1.2356607965276791,0.08613346713151913,-37.091657899776564,-0.2562069914769774,29.082605705302324,-0.30694249824025854,58.76454014196771,-0.055020528572734165,-0.033049997920010565,-0.00052764,0.12183298185782088,0.0018549,1,1.0
126,0.00027086428410627583,0.13201392619660174,0.00043068,2.459242111292193,3.0947272010640288,55.60831447461064,0.5339017083921984,9.31955662154582,0.08613346713151913,-55.75271569722163,-0.2562069914769774,24.43336044712824,-0.30694249824025854,2.081114055064363,-0.055020528572734165,0.19494741427526072,-0.00052764,0.2632249226540764,0.0018549,0,1.0
127,0.1304199764371733,0.1356908194229667,0.00043068,2.459242111292193,3.0947272010640288,-1.0614094927177455,0.5339017083921984,4.3330400569295415,0.08613346713151913,-58.29940408259621,-0.2562069914769774,47.787358510694666,-0.30694249824025854,32.53648504787832,-0.055020528572734165,0.1071018523569972,-0.00052764,0.2215040450332359,0.0018549,0,1.0
128,0.010245021282265232,0.12027958793710217,0.00043068,2.459242111292193,3.0947272010640288,75.60771402069217,0.5339017083921984,7.736503300922591,0.08613346713151913,-13.466670223527805,-0.2562069914769774,-31.724293109293356,-0.30694249824025854,-22.953410446985067,-0.055020528572734165,0.017940602703188188,-0.00052764,0.23608842425978815,0.0018549,0,1.0
129,-0.015738538662016882,0.11370979066550191,0.00043068,2.459242111292193,3.0947272010640288,-13.156329809746698,0.5339017083921984,2.53668786810831,0.08613346713151913,-44.65310417145814,-0.2562069914769774,51.11920525660033,-0.30694249824025854,23.872513467738376,-0.055020528572734165,0.051983450931206654,-0.00052764,0.13957083814525212,0.0018549,0,1.0
130,0.13327080181725615,0.09565554845720806,0.00043068,2.459242111292193,3.0947272010640288,-29.575170978453617,0.5339017083921984,4.129520962070407,0.08613346713151913,-42.20636508832609,-0.2562069914769774,39.66653443323809,-0.30694249824025854,31.38704802689819,-0.055020528572734165,-0.04539162760921031,-0.00052764,0.18362025099037663,0.0018549,1,1.0
131,0.08801672721276943,0.1501234582043447,0.00043068,2.459242111292193,3.0947272010640288,63.56970775998535,0.5339017083921984,12.459330928052786,0.08613346713151913,-73.46642482555869,-0.2562069914769774,21.54097388554031,-0.30694249824025854,11.25419516450183,-0.055020528572734165,0.16168644307359792,-0.00052764,0.3414483038376641,0.0018549,0,1.0
132,0.36145436659475844,0.09290187810731138,0.00043068,2.459242111292193,3.0947272010640288,-14.735023904507177,0.5339017083921984,5.018151204719406,0.08613346713151913,-35.09015479099553,-0.2562069914769774,4.6220012582008065,-0.30694249824025854,33.83950112010415,-0.055020528572734165,0.03916697243743081,-0.00052764,0.1131708722641844,0.0018549,0,1.0
133,0.15485866733914194,0.05468870229370257,0.00043068,2.459242111292193,3.0947272010640288,9.660951718978149,0.5339017083921984,4.084196684153502,0.08613346713151913,-31.415555911708317,-0.2562069914769774,-6.649958255376975,-0.30694249824025854,21.556489524452093,-0.055020528572734165,-0.15270420444400087,-0.00052764,0.1543246214573071,0.0018549,1,1.0
134,0.24365805268397567,0.08121987038477518,0.00043068,2.459242111292193,3.0947272010640288,-34.74282599002854,0.5339017083921984,9.136553506198434,0.08613346713151913,-83.46959139088851,-0.2562069914769774,46.827209190917884,-0.30694249824025854,59.92098076519102,-0.055020528572734165,-0.09700190696881808,-0.00052764,0.18275653391136895,0.0018549,1,1.0
135,-0.052479662383271064,0.2919901453872382,0.00043068,2.459242111292193,3.0947272010640288,78.59814667604577,0.5339017083921984,13.045110957899803,0.08613346713151913,-78.42717494841942,-0.2562069914769774,19.40588412157303,-0.30694249824025854,5.847534476844519,-0.055020528572734165,0.03243087568542813,-0.00052764,0.38747066969684474,0.0018549,0,1.0
136,0.31273653948351676,0.14219107733741648,0.00043068,2.459242111292193,3.0947272010640288,27.185939852932357,0.5339017083921984,11.53607515568438,0.08613346713151913,-55.79234872955586,-0.2562069914769774,-23.628278058946595,-0.30694249824025854,29.659838683758256,-0.055020528572734165,-0.20873456484656802,-0.00052764,0.2670223077640893,0.0018549,1,1.0
137,0.012360079631568266,0.17024500165372736,0.00043068,2.459242111292193,3.0947272010640288,91.5035027064475,0.5339017083921984,10.532685763514012,0.08613346713151913,-52.190831637512076,-0.2562069914769774,3.1221253606424293,-0.30694249824025854,-10.306865579242373,-0.055020528572734165,0.14301853461606392,-0.00052764,0.4000420546415884,0.0018549,0,1.0
138,0.0037810518785301728,0.016911444371587727,0.00043068,2.459242111292193,3.0947272010640288,-29.38389017140683,0.5339017083921984,3.031041058506557,0.08613346713151913,-42.34857983927924,-0.2562069914769774,41.71549501829781,-0.30694249824025854,29.841124914573882,-0.055020528572734165,-0.0685344366226908,-0.00052764,0.07664383379284993,0.0018549,1,1.0
139,-0.010087035543183354,0.20070917710492744,0.00043068,2.459242111292193,3.0947272010640288,85.92830866986219,0.5339017083921984,9.751127666095147,0.08613346713151913,-23.75899429932699,-0.2562069914769774,-46.586187515473284,-0.30694249824025854,-18.192330430935908,-0.055020528572734165,-0.20532245066783067,-0.00052764,0.3065562409152374,0.0018549,1,1.0
140,0.0018879152597642834,0.09075929934592895,0.00043068,2.459242111292193,3.0947272010640288,25.865761922426106,0.5339017083921984,6.75205039328716,0.08613346713151913,-25.07527742482929,-0.2562069914769774,0.6147993578386672,-0.30694249824025854,-1.9523583038947474,-0.055020528572734165,-0.029775320155569607,-0.00052764,0.17100137893983225,0.0018549,1,1.0
141,0.6383067027278833,0.06434744158719655,0.00043068,2.459242111292193,3.0947272010640288,-82.61162802363283,0.5339017083921984,3.287838922838456,0.08613346713151913,-72.9551284858561,-0.2562069914769774,37.39256720222033,-0.30694249824025854,93.86636903268229,-0.055020528572734165,-0.0714945795452909,-0.00052764,0.07198247239097857,0.0018549,1,1.0
142,-0.01324090720603116,0.14757238715140064,0.00043068,2.459242111292193,3.0947272010640288,34.91006527717351,0.5339017083921984,2.3732235545163975,0.08613346713151913,-21.85043836553079,-0.2562069914769774,-1.0382205869526713,-0.30694249824025854,1.5704225977315693,-0.055020528572734165,-0.1010329088230023,-0.00052764,0.22057257473767983,0.0018549,1,1.0
143,0.11025170047421107,0.17755905433213845,0.00043068,2.459242111292193,3.0947272010640288,30.838550450070745,0.5339017083921984,7.6856084482458265,0.08613346713151913,-69.64305739937765,-0.2562069914769774,26.422830552846804,-0.30694249824025854,29.356888910950367,-0.055020528572734165,-0.02947918929745419,-0.00052764,0.30889736682923674,0.0018549,1,1.0
144,0.3181286525250142,0.0573661640334598,0.00043068,2.459242111292193,3.0947272010640288,-33.482840815179,0.5339017083921984,3.2826300252029217,0.08613346713151913,-40.21848182165778,-0.2562069914769774,11.298326106412416,-0.30694249824025854,45.94370441787757,-0.055020528572734165,-0.08863789308932034,-0.00052764,0.06378397231941439,0.0018549,1,1.0
145,0.530565503713812,0.45401985161244063,0.00043068,2.459242111292193,3.0947272010640288,-22.66999045370428,0.5339017083921984,14.354789459725168,0.08613346713151913,-38.960052812807255,-0.2562069914769774,-30.606480058408398,-0.30694249824025854,34.31298544413621,-0.055020528572734165,-0.38119132745113377,-0.00052764,0.38474801972399647,0.0018549,1,1.0
146,0.04096145205191848,0.03445240616361062,0.00043068,2.459242111292193,3.0947272010640288,19.349408644694925,0.5339017083921984,5.0816709027210205,0.08613346713151913,-25.64749414554283,-0.2562069914769774,-7.448082812751943,-0.30694249824025854,7.936588930667049,-0.055020528572734165,-0.1190494056358096,-0.00052764,0.1256496159658033,0.0018549,1,1.0
147,0.2881338735857545,0.023215761299256718,0.00043068,2.459242111292193,3.0947272010640288,-34.028577728335804,0.5339017083921984,5.311201611639346,0.08613346713151913,-55.47704529010077,-0.2562069914769774,23.674383403391815,-0.30694249824025854,50.93897043808702,-0.055020528572734165,-0.08742574014051602,-0.00052764,0.09450640797632454,0.0018549,1,1.0
148,0.05467406994358459,0.057197643898334996,0.00043068,2.459242111292193,3.0947272010640288,26.693793587423702,0.5339017083921984,7.127293275802538,0.08613346713151913,-31.92818399485875,-0.2562069914769774,-13.132170574926523,-0.30694249824025854,8.388278030217467,-0.055020528572734165,-0.16296249922674244,-0.00052764,0.16462089344772146,0.0018549,1,1.0
149,0.09442436050601644,0.08624785042261214,0.00043068,2.459242111292193,3.0947272010640288,14.471710093695458,0.5339017083921984,9.431596982663066,0.08613346713151913,-52.156993784218564,-0.2562069914769774,3.670443679745732,-0.30694249824025854,22.00989905083928,-0.055020528572734165,-0.1576526616662536,-0.00052764,0.19566577160910884,0.0018549,1,1.0
150,1.3320587699600885,0.30856652239647137,0.00043068,2.459242111292193,3.0947272010640288,-61.03534589968831,0.5339017083921984,6.283860901090776,0.08613346713151913,-18.992915002602302,-0.2562069914769774,-79.68214285685455,-0.30694249824025854,83.42674486479008,-0.055020528572734165,-0.1292906024767002,-0.00052764,0.11584068016927264,0.0018549,1,1.0
151,0.005396845296681052,0.13294756659009957,0.00043068,2.459242111292193,3.0947272010640288,60.13561113613823,0.5339017083921984,9.81788210733467,0.08613346713151913,-51.10584378869013,-0.2562069914769774,9.825718834910436,-0.30694249824025854,-0.45163455530840163,-0.055020528572734165,0.1020314392216193,-0.00052764,0.27071928130300316,0.0018549,0,1.0
152,0.028901806822933862,0.1601784575382212,0.00043068,2.459242111292193,3.0947272010640288,78.7136852900854,0.5339017083921984,10.839242082306171,0.08613346713151913,-48.87562279979695,-0.2562069914769774,-6.445749326704477,-0.30694249824025854,-6.105031745857251,-0.055020528572734165,0.05193432815642654,-0.00052764,0.3324510086429465,0.0018549,0,1.0
153,0.0060221878164332665,0.13666984883630648,0.00043068,2.459242111292193,3.0947272010640288,65.07960993048378,0.5339017083921984,11.077639566051023,0.08613346713151913,-59.893415686119496,-0.2562069914769774,19.76789713302827,-0.30694249824025854,-0.01923142302280216,-0.055020528572734165,0.18679644823495495,-0.00052764,0.29618351021560624,0.0018549,0,1.0
154,0.5689662814654808,0.33786745798670553,0.00043068,2.459242111292193,3.0947272010640288,41.40403899502006,0.5339017083921984,17.04000483700201,0.08613346713151913,-80.64909275388119,-0.2562069914769774,-49.204875228328135,-0.30694249824025854,48.73545053659204,-0.055020528572734165,-0.36232028470847505,-0.00052764,0.41777923684594837,0.0018549,1,1.0
155,0.21710202794599365,0.13153442645402139,0.00043068,2.459242111292193,3.0947272010640288,31.646135472728947,0.5339017083921984,10.007449914789554,0.08613346713151913,-50.776333188001914,-0.2562069914769774,-22.004091313279563,-0.30694249824025854,23.92812777671484,-0.055020528572734165,-0.2357945587190042,-0.00052764,0.25599542065163683,0.0018549,1,1.0
156,0.18008282387007468,0.09201497447555834,0.00043068,2.459242111292193,3.0947272010640288,24.283520585258795,0.5339017083921984,3.707175552460031,0.08613346713151913,-21.027652506468517,-0.2562069914769774,-23.907165493749194,-0.30694249824025854,13.459828544160533,-0.055020528572734165,-0.1891880213296743,-0.00052764,0.1975870513131239,0.0018549,1,1.0
157,0.2053249157860555,0.08867226598750594,0.00043068,2.459242111292193,3.0947272010640288,-30.438382612146796,0.5339017083921984,0.4117237955223552,0.08613346713151913,-36.26354791879147,-0.2562069914769774,21.015397115445477,-0.30694249824025854,41.8288929129667,-0.055020528572734165,-0.12519506303490907,-0.00052764,0.09483988808959719,0.0018549,1,1.0
158,0.6073506344911614,0.1923196367044643,0.00043068,2.459242111292193,3.0947272010640288,23.18819154669442,0.5339017083921984,9.292273795468722,0.08613346713151913,-37.086728824799465,-0.2562069914769774,-56.389129663052735,-0.30694249824025854,36.57397793914951,-0.055020528572734165,-0.22699782322484952,-0.00052764,0.28159808017871735,0.0018549,1,1.0
159,0.06708928335060717,0.27690170119908486,0.00043068,2.459242111292193,3.0947272010640288,0.9227685249024573,0.5339017083921984,1.4914653572088625,0.08613346713151913,-53.53114509151761,-0.2562069914769774,79.61475419824605,-0.30694249824025854,22.954961282608203,-0.055020528572734165,0.08892824371026647,-0.00052764,0.5372564826406108,0.0018549,0,1.0
160,0.00023605246837510308,0.15378241998362258,0.00043068,2.459242111292193,3.0947272010640288,83.74149173089245,0.5339017083921984,11.373483842839128,0.08613346713151913,-30.301531151640074,-0.2562069914769774,-16.965756166278943,-0.30694249824025854,-23.38341669307698,-0.055020528572734165,0.11867871444521147,-0.00052764,0.29761606019699605,0.0018549,0,1.0
161,0.12020289667597872,0.1630666205153403,0.00043068,2.459242111292193,3.0947272010640288,28.669447573320763,0.5339017083921984,13.424653819329267,0.08613346713151913,-77.23133568180093,-0.2562069914769774,12.854572853113492,-0.30694249824025854,28.497419115133344,-0.055020528572734165,-0.1275255048134315,-0.00052764,0.2930151584172188,0.0018549,1,1.0
162,0.09820762871541211,0.15897247970961398,0.00043068,2.459242111292193,3.0947272010640288,25.503529175760363,0.5339017083921984,11.69592777316912,0.08613346713151913,-88.95895506554405,-0.2562069914769774,30.31784701280808,-0.30694249824025854,38.27778888239301,-0.055020528572734165,-0.0925915486585766,-0.00052764,0.2954804095233922,0.0018549,1,1.0
163,0.5856510767330502,0.2752272930218417,0.00043068,2.459242111292193,3.0947272010640288,53.34693663838688,0.5339017083921984,14.139865277409058,0.08613346713151913,-46.019836470128055,-0.2562069914769774,-73.5150940129661,-0.30694249824025854,27.33785559355144,-0.055020528572734165,-0.2868129442350332,-0.00052764,0.37036609448450314,0.0018549,1,1.0
164,0.5057163617406384,0.12521887040916704,0.00043068,2.459242111292193,3.0947272010640288,-28.41759812151149,0.5339017083921984,11.64409944560994,0.08613346713151913,-83.8011323595589,-0.2562069914769774,6.942173579164902,-0.30694249824025854,70.83938429508936,-0.055020528572734165,-0.23325838109433786,-0.00052764,0.22385739741775915,0.0018549,1,1.0
165,0.6667903640339607,0.3909312014733925,0.00043068,2.459242111292193,3.0947272010640288,35.64786295457877,0.5339017083921984,17.545577102714866,0.08613346713151913,-84.95695334772306,-0.2562069914769774,-57.06128342540902,-0.30694249824025854,58.40149016384894,-0.055020528572734165,-0.43462411725201244,-0.00052764,0.4362149809611289,0.0018549,1,1.0
166,0.2877288039834109,0.06304937976129289,0.00043068,2.459242111292193,3.0947272010640288,-11.688586175037484,0.5339017083921984,1.3751902769287603,0.08613346713151913,-19.04297930122986,-0.2562069914769774,-9.723250198986225,-0.30694249824025854,28.600710918278452,-0.055020528572734165,-0.11950169880447595,-0.00052764,0.10534520713177495,0.0018549,1,1.0
167,0.10468283069747364,0.02983724586449475,0.00043068,2.459242111292193,3.0947272010640288,-15.506689691899421,0.5339017083921984,5.400100227796626,0.08613346713151913,-50.28897247383632,-0.2562069914769774,26.554429031915117,-0.30694249824025854,33.72873980025026,-0.055020528572734165,-0.07595974528595004,-0.00052764,0.10370498719695795,0.0018549,1,1.0
168,0.4575109684297265,0.2256778181421276,0.00043068,2.459242111292193,3.0947272010640288,76.49900594205427,0.5339017083921984,13.310309118084868,0.08613346713151913,-60.74772238060214,-0.2562069914769774,-11.548463703298207,-0.30694249824025854,12.658055248821713,-0.055020528572734165,0.27980465922083436,-0.00052764,0.43217650414725267,0.0018549,0,1.0
169,-0.04613623568267586,0.27975149719066805,0.00043068,2.459242111292193,3.0947272010640288,2.8154884011848695,0.5339017083921984,-1.4990059307346764,0.08613346713151913,-18.29986907695723,-0.2562069914769774,46.50186676985244,-0.30694249824025854,3.964943976594251,-0.055020528572734165,0.00580167092118361,-0.00052764,0.34032464582861216,0.0018549,0,1.0
170,0.003606010220007283,0.1288461274270021,0.00043068,2.459242111292193,3.0947272010640288,47.877042699659505,0.5339017083921984,10.417121217869937,0.08613346713151913,-48.87421079396556,-0.2562069914769774,-6.849453806991071,-0.30694249824025854,5.444813056367877,-0.055020528572734165,-0.13389009389012108,-0.00052764,0.24887167263808818,0.0018549,1,1.0
171,0.000868117501434007,0.15585187903561948,0.00043068,2.459242111292193,3.0947272010640288,51.88798545737192,0.5339017083921984,12.24662389671061,0.08613346713151913,-58.822838711364675,-0.2562069914769774,-0.3981679542710849,-0.30694249824025854,6.918101309341816,-0.055020528572734165,-0.10717112149277883,-0.00052764,0.28366152893717067,0.0018549,1,1.0
172,0.6773062966562837,0.16384470383206312,0.00043068,2.459242111292193,3.0947272010640288,-12.745469992773616,0.5339017083921984,11.642322587597924,0.08613346713151913,-40.56039457225039,-0.2562069914769774,-45.63233138256422,-0.30694249824025854,46.293818083335054,-0.055020528572734165,-0.22899295899263214,-0.00052764,0.22695935289641586,0.0018549,1,1.0
173,0.167655233583405,0.11306994202686207,0.00043068,2.459242111292193,3.0947272010640288,-24.40495604079134,0.5339017083921984,-2.047032726140562,0.08613346713151913,-24.311633757385888,-0.2562069914769774,27.823000385811856,-0.30694249824025854,31.421529849995785,-0.055020528572734165,-0.08249149995148011,-0.00052764,0.17912388422863587,0.0018549,1,1.0
174,0.16425708928062077,0.10593456364387802,0.00043068,2.459242111292193,3.0947272010640288,-13.521195737103731,0.5339017083921984,8.99191084343505,0.08613346713151913,-75.29923824900486,-0.2562069914769774,44.95448197308809,-0.30694249824025854,43.70379946450675,-0.055020528572734165,-0.006753759521631819,-0.00052764,0.20441698526990681,0.0018549,1,1.0
175,0.4069088050532855,0.027180886182979692,0.00043068,2.459242111292193,3.0947272010640288,-28.55376778181388,0.5339017083921984,3.031989410108692,0.08613346713151913,-27.57119113147225,-0.2562069914769774,-5.233353349040409,-0.30694249824025854,40.539874562833155,-0.055020528572734165,-0.05851142735574067,-0.00052764,0.0607514801614888,0.0018549,1,1.0
176,0.10863287900554663,0.061992975629920344,0.00043068,2.459242111292193,3.0947272010640288,20.577010448527975,0.5339017083921984,5.915604003080016,0.08613346713151913,-34.77711925071789,-0.2562069914769774,-9.819162656012185,-0.30694249824025854,16.272839338027527,-0.055020528572734165,-0.16338503919163988,-0.00052764,0.17081212494501913,0.0018549,1,1.0
177,0.05447077204605444,0.16589922134286814,0.00043068,2.459242111292193,3.0947272010640288,42.79978732009443,0.5339017083921984,11.826769981556913,0.08613346713151913,-81.9988173795618,-0.2562069914769774,64.117619838065,-0.30694249824025854,14.625237598781439,-0.055020528572734165,0.2439764927070684,-0.00052764,0.483149934065827,0.0018549,0,1.0
178,0.7926886535138113,0.3222828304045321,0.00043068,2.459242111292193,3.0947272010640288,-49.8726735239813,0.5339017083921984,8.047415675439625,0.08613346713151913,-8.274772884368858,-0.2562069914769774,-46.77890579811846,-0.30694249824025854,42.23108178357008,-0.055020528572734165,-0.27329612963294625,-0.00052764,0.2700589543225548,0.0018549,1,1.0
179,0.27048479557185046,0.11417173353606583,0.00043068,2.459242111292193,3.0947272010640288,14.726217680776328,0.5339017083921984,10.105360963661218,0.08613346713151913,-56.40182317750141,-0.2562069914769774,-0.636698646462529,-0.30694249824025854,30.117011718410946,-0.055020528572734165,-0.06835249086478057,-0.00052764,0.2228210424867083,0.0018549,1,1.0
180,0.28863291574577477,0.06590526901376711,0.00043068,2.459242111292193,3.0947272010640288,-56.11034670018523,0.5339017083921984,1.9280914607403317,0.08613346713151913,-40.542524317219005,-0.2562069914769774,39.66564323118604,-0.30694249824025854,48.453644222779566,-0.055020528572734165,-0.05462544117629871,-0.00052764,0.12802965791577342,0.0018549,1,1.0
181,0.03976346896613825,0.13997774357424028,0.00043068,2.459242111292193,3.0947272010640288,0.596475659435745,0.5339017083921984,8.670515535179323,0.08613346713151913,-55.27595726171711,-0.2562069914769774,34.59259462855642,-0.30694249824025854,21.13694783297366,-0.055020528572734165,-0.0513810110794779,-0.00052764,0.24666559657571618,0.0018549,1,1.0
182,0.1491237593375463,0.22198265011638116,0.00043068,2.459242111292193,3.0947272010640288,47.729640653709666,0.5339017083921984,10.883049630540572,0.08613346713151913,-61.60185542122614,-0.2562069914769774,45.39396634313288,-0.30694249824025854,4.618772387728866,-0.055020528572734165,0.22318789336087713,-0.00052764,0.5559440862071368,0.0018549,0,1.0
183,0.33530679164744676,0.260294195859897,0.00043068,2.459242111292193,3.0947272010640288,-36.07974811198911,0.5339017083921984,8.801917391533548,0.08613346713151913,-33.210254215409535,-0.2562069914769774,-0.9673351992670731,-0.30694249824025854,32.52497642783661,-0.055020528572734165,-0.2895444573076778,-0.00052764,0.2720951091572869,0.0018549,1,1.0
184,0.8966301061388628,0.21100800509719753,0.00043068,2.459242111292193,3.0947272010640288,-52.925803581823835,0.5339017083921984,3.4141944470757455,0.08613346713151913,-18.900126909003344,-0.2562069914769774,-29.64889545976567,-0.30694249824025854,60.77878622134604,-0.055020528572734165,0.03461344816111379,-0.00052764,0.08336588683540325,0.0018549,0,1.0
185,0.10403627867006676,0.04845160001446245,0.00043068,2.459242111292193,3.0947272010640288,-31.827141764252545,0.5339017083921984,4.823980398218669,0.08613346713151913,-40.1338395273252,-0.2562069914769774,29.293230386093065,-0.30694249824025854,31.049004647428216,-0.055020528572734165,-0.1370563143461638,-0.00052764,0.13672794760319937,0.0018549,1,1.0
186,1.1907175455528511,0.36925294305347656,0.00043068,2.459242111292193,3.0947272010640288,-22.20312973341077,0.5339017083921984,8.140148259468148,0.08613346713151913,-25.712210381265173,-0.2562069914769774,-71.27817375237886,-0.30694249824025854,65.11587102897202,-0.055020528572734165,0.004799783363387808,-0.00052764,0.20659682667471402,0.0018549,0,1.0
187,0.3020048979158325,0.29005781141246145,0.00043068,2.459242111292193,3.0947272010640288,81.78361731745059,0.5339017083921984,20.52678910386505,0.08613346713151913,-79.197323447004,-0.2562069914769774,-11.75925428518037,-0.30694249824025854,7.320753230501744,-0.055020528572734165,0.07522843635281493,-0.00052764,0.5074648102816083,0.0018549,0,1.0
188,0.040694413508131744,0.11717131441839468,0.00043068,2.459242111292193,3.0947272010640288,3.5923720276349296,0.5339017083921984,10.328611742163929,0.08613346713151913,-59.45542425831492,-0.2562069914769774,15.155523864131398,-0.30694249824025854,25.76517416407937,-0.055020528572734165,-0.2133228778623001,-0.00052764,0.2086409566381241,0.0018549,1,1.0
189,0.09394394190650412,0.11132219309897981,0.00043068,2.459242111292193,3.0947272010640288,10.49265775302096,0.5339017083921984,9.710287735224746,0.08613346713151913,-64.15105104886109,-0.2562069914769774,26.77896611634173,-0.30694249824025854,26.864104742979528,-0.055020528572734165,-0.02728104679567535,-0.00052764,0.2175181771897876,0.0018549,1,1.0
190,0.28751070285146074,0.039336543506274066,0.00043068,2.459242111292193,3.0947272010640288,-54.82056210689447,0.5339017083921984,-1.552360412227285,0.08613346713151913,-11.28336721658189,-0.2562069914769774,20.09321136699838,-0.30694249824025854,35.14170593349594,-0.055020528572734165,-0.0879036756448069,-0.00052764,0.09600633314499783,0.0018549,1,1.0
191,0.0059642402013390106,0.05517230159516927,0.00043068,2.459242111292193,3.0947272010640288,-6.937357963215092,0.5339017083921984,-1.127137497061376,0.08613346713151913,-19.77297987713516,-0.2562069914769774,20.98538108058455,-0.30694249824025854,16.724721443234746,-0.055020528572734165,-0.0926455623092384,-0.00052764,0.12344481055941928,0.0018549,1,1.0
192,0.0007730448896288156,0.1388173914051319,0.00043068,2.459242111292193,3.0947272010640288,51.30741259787108,0.5339017083921984,9.674140937896002,0.08613346713151913,-55.195445903256335,-0.2562069914769774,5.084944450278779,-0.30694249824025854,7.952580932107602,-0.055020528572734165,-0.05520218335108945,-0.00052764,0.2704410135554736,0.0018549,1,1.0
193,0.05469558538722219,0.3494017164095952,0.00043068,2.459242111292193,3.0947272010640288,87.34586711547539,0.5339017083921984,19.512108578915946,0.08613346713151913,-64.21416651118724,-0.2562069914769774,-8.215171090578963,-0.30694249824025854,-13.3826778467468,-0.055020528572734165,-0.013234277959120855,-0.00052764,0.5123001758108485,0.0018549,1,1.0
194,0.22414943009556043,0.2559000011936386,0.00043068,2.459242111292193,3.0947272010640288,67.16347103398748,0.5339017083921984,11.097795959965538,0.08613346713151913,-39.18594203501706,-0.2562069914769774,13.30235545719052,-0.30694249824025854,-11.652508813897876,-0.055020528572734165,0.2336349461680063,-0.00052764,0.5680345921276093,0.0018549,0,1.0
195,0.27484727703347867,0.2534907675358456,0.00043068,2.459242111292193,3.0947272010640288,-15.238155216550679,0.5339017083921984,11.585155615683677,0.08613346713151913,-61.92278166284963,-0.2562069914769774,0.3455784951522962,-0.30694249824025854,42.488407619861476,-0.055020528572734165,-0.2905747326986973,-0.00052764,0.22268350446896407,0.0018549,1,1.0
196,-0.0017034717983671621,0.15348350742273364,0.00043068,2.459242111292193,3.0947272010640288,56.59084092858735,0.5339017083921984,10.901933602944787,0.08613346713151913,-88.73793888957957,-0.2562069914769774,53.78607057626646,-0.30694249824025854,19.152962988017084,-0.055020528572734165,0.2078419391925992,-0.00052764,0.3804834260217449,0.0018549,0,1.0
197,0.22672804121230572,0.17438148463750083,0.00043068,2.459242111292193,3.0947272010640288,24.448712604745417,0.5339017083921984,11.90849144733587,0.08613346713151913,-48.76068136969951,-0.2562069914769774,-26.182540705483564,-0.30694249824025854,22.030621368682105,-0.055020528572734165,-0.26735657274035773,-0.00052764,0.2443775212974153,0.0018549,1,1.0
198,0.010305244404111069,0.039813548730474,0.00043068,2.459242111292193,3.0947272010640288,-23.18097921066186,0.5339017083921984,3.9920045646412055,0.08613346713151913,-57.51621505066311,-0.2562069914769774,51.13272598918757,-0.30694249824025854,36.46670103000018,-0.055020528572734165,-0.002316720119266022,-0.00052764,0.07850368393989858,0.0018549,1,1.0
199,0.0076188515649113775,0.11137073979790192,0.00043068,2.459242111292193,3.0947272010640288,10.979247311898435,0.5339017083921984,10.040661564845712,0.08613346713151913,-70.24738607947278,-0.2562069914769774,34.26392725539521,-0.30694249824025854,26.96107177817868,-0.055020528572734165,-0.06697300252542546,-0.00052764,0.21862822611083618,0.0018549,1,1.0
200,1.8301802453886498,22.03492951176953,0.00043068,1.053781742958659,1.4533862399266007,-16.37452917318391,0.5339017083921984,1.6112718391477903,0.08613346713151913,-44.31560666253152,-0.2562069914769774,18.152097609135115,-0.30694249824025854,43.66978636962725,-0.055020528572734165,-1.6970255463501556,-0.00052764,3.9658578469533188,0.0018549,1,1.0
201,-5.540508423734536,18.480097296886697,0.00043068,1.053781742958659,1.4533862399266007,71.19770188075691,0.5339017083921984,28.040716089307026,0.08613346713151913,-74.11108531779276,-0.2562069914769774,40.47482632575099,-0.30694249824025854,-57.782714707916845,-0.055020528572734165,22.096955173020934,-0.00052764,39.49955590995418,0.0018549,0,1.0
202,-4.96132147227009,12.275157799021875,0.00043068,1.053781742958659,1.4533862399266007,46.46196894382404,0.5339017083921984,25.850150131831864,0.08613346713151913,-77.66465692583691,-0.2562069914769774,45.119040918285634,-0.30694249824025854,-34.01059080261825,-0.055020528572734165,17.0777313674816,-0.00052764,30.1307339508984,0.0018549,0,1.0
203,6.381674494630072,43.18119226451628,0.00043068,1.053781742958659,1.4533862399266007,20.90118256591777,0.5339017083921984,22.72506053281799,0.08613346713151913,-22.933593563783354,-0.2562069914769774,-30.1653980614325,-0.30694249824025854,16.603486408070243,-0.055020528572734165,0.4538460010241838,-0.00052764,16.349274430246908,0.0018549,0,1.0
204,0.3772249244089956,2.565934441693513,0.00043068,1.053781742958659,1.4533862399266007,77.73397510706536,0.5339017083921984,46.74726102003851,0.08613346713151913,-50.04445516307843,-0.2562069914769774,-31.29123396120989,-0.30694249824025854,-42.8267658970129,-0.055020528572734165,0.6270385077702727,-0.00052764,32.37328956210415,0.0018549,0,1.0
205,2.45580732710385,47.95837274867171,0.00043068,1.053781742958659,1.4533862399266007,-72.71287052600954,0.5339017083921984,-17.7607454812468,0.08613346713151913,-20.288133235522448,-0.2562069914769774,34.502489378423746,-0.30694249824025854,78.17279074453555,-0.055020528572734165,-23.173065979792277,-0.00052764,0.1167850766464067,0.0018549,1,1.0
206,-1.0839032387318799,2.4619594926043424,0.00043068,1.053781742958659,1.4533862399266007,6.243270876898695,0.5339017083921984,8.591988376749706,0.08613346713151913,-32.143082558512745,-0.2562069914769774,14.81048814417862,-0.30694249824025854,3.104925263167362,-0.055020528572734165,3.3932092776880083,-0.00052764,5.470804056156798,0.0018549,0,1.0
207,-2.478193886024954,7.3953019104527025,0.00043068,1.053781742958659,1.4533862399266007,49.1526511540095,0.5339017083921984,20.43937701279941,0.08613346713151913,-31.29213693654869,-0.2562069914769774,7.292928472104011,-0.30694249824025854,-42.16338690843366,-0.055020528572734165,13.835730662922016,-0.00052764,19.562516327117482,0.0018549,0,1.0
208,-3.972591714790396,11.380615407006431,0.00043068,1.053781742958659,1.4533862399266007,8.324770574366603,0.5339017083921984,-4.855940630678376,0.08613346713151913,-32.277679782572996,-0.2562069914769774,47.61752172719665,-0.30694249824025854,-13.167827433732588,-0.055020528572734165,0.5307431499497781,-0.00052764,26.301410437743456,0.0018549,0,1.0
209,-3.841944144239114,9.043886340511007,0.00043068,1.053781742958659,1.4533862399266007,12.427245272422512,0.5339017083921984,3.502826310494772,0.08613346713151913,-34.74508040627462,-0.2562069914769774,32.90727819349684,-0.30694249824025854,-12.922221821862744,-0.055020528572734165,3.454286008932227,-0.00052764,13.836879992871017,0.0018549,0,1.0
210,-2.460913987426135,6.43579273906181,0.00043068,1.053781742958659,1.4533862399266007,61.69208778880273,0.5339017083921984,32.31254952260399,0.08613346713151913,-49.272241942358164,-0.2562069914769774,2.13564908654278,-0.30694249824025854,-44.572777533135465,-0.055020528572734165,13.743997519258782,-0.00052764,23.15143628552336,0.0018549,0,1.0
211,3.6926476894679974,15.298326441928468,0.00043068,1.053781742958659,1.4533862399266007,29.161254847018636,0.5339017083921984,30.819731020407882,0.08613346713151913,-38.707794141932744,-0.2562069914769774,-21.282003798873184,-0.30694249824025854,3.863401083816811,-0.055020528572734165,0.4339551072175123,-0.00052764,17.438495129725602,0.0018549,0,1.0
212,-5.722468203248752,13.451203937296587,0.00043068,1.053781742958659,1.4533862399266007,20.178099750354313,0.5339017083921984,11.137600738403961,0.08613346713151913,-63.91728843333569,-0.2562069914769774,55.30808246380869,-0.30694249824025854,-19.235723099840456,-0.055020528572734165,6.1804243882678715,-0.00052764,25.841104630818563,0.0018549,0,1.0
213,-2.1783058097897197,6.033816379224975,0.00043068,1.053781742958659,1.4533862399266007,43.11565989910315,0.5339017083921984,18.527570715696466,0.08613346713151913,-36.31008462451185,-0.2562069914769774,8.16372981200619,-0.30694249824025854,-31.023234418791695,-0.055020528572734165,10.132270372179118,-0.00052764,18.6693805849262,0.0018549,0,1.0
214,0.678332514348404,21.02527204561349,0.00043068,1.053781742958659,1.4533862399266007,-15.164859505178429,0.5339017083921984,9.192419664545064,0.08613346713151913,-56.019933816431696,-0.2562069914769774,28.27907864094313,-0.30694249824025854,36.9118168818538,-0.055020528572734165,-0.9778764663627681,-0.00052764,8.203818014486824,0.0018549,1,1.0
215,0.29415319543281093,0.33127855892361474,0.00043068,1.053781742958659,1.4533862399266007,17.781251679195964,0.5339017083921984,20.87155001118966,0.08613346713151913,-53.887617993553256,-0.2562069914769774,7.556352920909912,-0.30694249824025854,9.131261019685015,-0.055020528572734165,2.6924479368724974,-0.00052764,12.276418267426308,0.0018549,0,1.0
216,1.3148078878556726,0.5217182680865413,0.00043068,1.053781742958659,1.4533862399266007,0.6228411068404497,0.5339017083921984,17.545708882661582,0.08613346713151913,-60.43303679751799,-0.2562069914769774,13.367658673841346,-0.30694249824025854,30.817111839153917,-0.055020528572734165,0.2753710352643104,-0.00052764,8.711332465049399,0.0018549,0,1.0
217,1.4272602764182611,7.067973254118033,0.00043068,1.053781742958659,1.4533862399266007,-15.2179375393986,0.5339017083921984,16.71200879619827,0.08613346713151913,-78.02672878548466,-0.2562069914769774,33.06279874012733,-0.30694249824025854,48.10134933850237,-0.055020528572734165,0.13542390542984695,-0.00052764,11.681199632469301,0.0018549,0,1.0
218,-1.586964214144193,14.421969564451967,0.00043068,1.053781742958659,1.4533862399266007,-0.4446571211383974,0.5339017083921984,13.551399956639013,0.08613346713151913,-68.470795372009,-0.2562069914769774,28.49253665404111,-0.30694249824025854,25.661038680092805,-0.055020528572734165,-0.2180870737024878,-0.00052764,6.666222652974646,0.0018549,1,1.0
219,2.0170193610757856,13.658458665981989,0.00043068,1.053781742958659,1.4533862399266007,-30.517616822387378,0.5339017083921984,4.907604224190717,0.08613346713151913,-60.30553256712302,-0.2562069914769774,23.60995653061315,-0.30694249824025854,63.04645176794149,-0.055020528572734165,-6.379886995747219,-0.00052764,0.07088206087836868,0.0018549,1,1.0
220,-2.224126771142867,6.4421466596525345,0.00043068,1.053781742958659,1.4533862399266007,83.16536486814239,0.5339017083921984,44.01403847797184,0.08613346713151913,-59.818399541330976,-0.2562069914769774,-9.113675702350868,-0.30694249824025854,-56.234058664292114,-0.055020528572734165,12.201784942545894,-0.00052764,32.29552691819449,0.0018549,0,1.0
221,-2.706024164964388,8.07004703809563,0.00043068,1.053781742958659,1.4533862399266007,9.62025911925188,0.5339017083921984,7.660014682334508,0.08613346713151913,-33.14874350275178,-0.2562069914769774,21.71077273302378,-0.30694249824025854,-6.21438350054461,-0.055020528572734165,3.2831592496278246,-0.00052764,7.179903519471764,0.0018549,0,1.0
222,-1.3343013007092503,8.238162776410137,0.00043068,1.053781742958659,1.4533862399266007,42.28800125926222,0.5339017083921984,20.782348142200412,0.08613346713151913,-45.176461910250346,-0.2562069914769774,0.5141054169379577,-0.30694249824025854,-18.139876988839415,-0.055020528572734165,1.4828132674559793,-0.00052764,20.905738191716566,0.0018549,0,1.0
223,-1.2365612828106416,3.177155022336833,0.00043068,1.053781742958659,1.4533862399266007,31.621382755333304,0.5339017083921984,15.700064872895046,0.08613346713151913,-29.87764877059561,-0.2562069914769774,1.547591608183032,-0.30694249824025854,-18.337417972129366,-0.055020528572734165,4.140937892434154,-0.00052764,13.807022182546556,0.0018549,0,1.0
224,17.470394200176067,275.26835211808566,0.00043068,1.053781742958659,1.4533862399266007,0.5756896781290887,0.5339017083921984,43.16303844176577,0.08613346713151913,-35.80674772501598,-0.2562069914769774,-63.41761218492958,-0.30694249824025854,74.11892877671158,-0.055020528572734165,0.2073232976755257,-0.00052764,21.058496485903436,0.0018549,0,1.0
225,-1.8189178261395136,8.176778315384968,0.00043068,1.053781742958659,1.4533862399266007,19.42317786821824,0.5339017083921984,9.023998391651192,0.08613346713151913,-37.49345328155555,-0.2562069914769774,13.915693722905434,-0.30694249824025854,-4.773987352000852,-0.055020528572734165,1.9680891681618293,-0.00052764,11.899959473971993,0.0018549,0,1.0
226,-1.160937147726509,4.360404120667725,0.00043068,1.053781742958659,1.4533862399266007,36.99710794197105,0.5339017083921984,28.40164594113231,0.08613346713151913,-54.372785646718114,-0.2562069914769774,6.301850977579617,-0.30694249824025854,-15.80838873478652,-0.055020528572734165,7.754411925967777,-0.00052764,16.816239241479707,0.0018549,0,1.0
227,-1.3792637701444885,5.85828298433417,0.00043068,1.053781742958659,1.4533862399266007,21.320513371648907,0.5339017083921984,11.33546115189337,0.08613346713151913,-41.93574837346657,-0.2562069914769774,15.618615851644691,-0.30694249824025854,-4.44694616279891,-0.055020528572734165,5.256395254074932,-0.00052764,13.503021495048248,0.0018549,0,1.0
228,-4.246685893201883,11.60654792979437,0.00043068,1.053781742958659,1.4533862399266007,63.257626223908325,0.5339017083921984,24.3265996241467,0.08613346713151913,-53.359462349342,-0.2562069914769774,18.318063618529013,-0.30694249824025854,-49.34086678161682,-0.055020528572734165,14.84968954711533,-0.00052764,28.082470279181877,0.0018549,0,1.0
229,0.1384028722238413,3.047589401547196,0.00043068,1.053781742958659,1.4533862399266007,1.8305368110409932,0.5339017083921984,7.8824065475840275,0.08613346713151913,-44.39728034019966,-0.2562069914769774,21.677804865424143,-0.30694249824025854,16.913653882876485,-0.055020528572734165,5.101685916744161,-0.00052764,9.51883303635687,0.0018549,0,1.0
230,-0.6861658302090188,6.990899908080331,0.00043068,1.053781742958659,1.4533862399266007,21.405755612122586,0.5339017083921984,19.55490719355864,0.08613346713151913,-37.388959450895264,-0.2562069914769774,9.247412131378436,-0.30694249824025854,-10.218119545470964,-0.055020528572734165,6.226182291419509,-0.00052764,13.01591010804114,0.0018549,0,1.0
231,0.7072358568417201,0.5789925159640315,0.00043068,1.053781742958659,1.4533862399266007,10.92153882610707,0.5339017083921984,15.013907874529254,0.08613346713151913,-37.63664224405855,-0.2562069914769774,3.5736678710367125,-0.30694249824025854,9.505727492955097,-0.055020528572734165,1.4192087146008143,-0.00052764,8.573288762034608,0.0018549,0,1.0
232,-0.38164196109637505,1.1925234384514443,0.00043068,1.053781742958659,1.4533862399266007,33.12117072869477,0.5339017083921984,13.869363232731763,0.08613346713151913,-6.893868437359068,-0.2562069914769774,-14.164639281392052,-0.30694249824025854,-26.03707403669668,-0.055020528572734165,0.5290885379505967,-0.00052764,12.316495150717092,0.0018549,0,1.0
233,-4.024363153445355,10.298296481734534,0.00043068,1.053781742958659,1.4533862399266007,23.782522666163253,0.5339017083921984,3.7391501723006217,0.08613346713151913,-13.886591831693547,-0.2562069914769774,28.2107355856351,-0.30694249824025854,-37.79611772960468,-0.055020528572734165,3.474624158558525,-0.00052764,23.328852376672323,0.0018549,0,1.0
234,-4.393859593063618,10.55598811092239,0.00043068,1.053781742958659,1.4533862399266007,54.79486003382283,0.5339017083921984,18.96042974019206,0.08613346713151913,-33.710898267952516,-0.2562069914769774,9.753566603411295,-0.30694249824025854,-49.785332489121046,-0.055020528572734165,9.63799396221352,-0.00052764,20.623957992681916,0.0018549,0,1.0
235,-0.4810103415926683,1.5923137434127501,0.00043068,1.053781742958659,1.4533862399266007,84.06621803051591,0.5339017083921984,53.16868278662152,0.08613346713151913,-69.46489427403131,-0.2562069914769774,-25.634658646376856,-0.30694249824025854,-42.726468756189526,-0.055020528572734165,0.5627517814483163,-0.00052764,35.855440082491015,0.0018549,0,1.0
236,0.3726386191887343,2.1235708485468314,0.00043068,1.053781742958659,1.4533862399266007,78.92555581859723,0.5339017083921984,51.51539090621931,0.08613346713151913,-75.44427170092776,-0.2562069914769774,-23.3387710127349,-0.30694249824025854,-31.111208860773864,-0.055020528572734165,0.2861836740178205,-0.00052764,36.23301740860446,0.0018549,0,1.0
237,2.8528471211988133,31.045504194419607,0.00043068,1.053781742958659,1.4533862399266007,-39.13907019315919,0.5339017083921984,2.3384226041662437,0.08613346713151913,-33.951937579705515,-0.2562069914769774,12.611683511185795,-0.30694249824025854,58.50673386943454,-0.055020528572734165,-14.114658115960044,-0.00052764,-0.0820706776379625,0.0018549,1,1.0
238,9.134890318687848,64.27685361198789,0.00043068,1.053781742958659,1.4533862399266007,-27.194357455428403,0.5339017083921984,14.731884993665496,0.08613346713151913,-51.20113684704797,-0.2562069914769774,-5.713053820699197,-0.30694249824025854,79.58008278619744,-0.055020528572734165,-0.20562266487781056,-0.00052764,5.834161220316054,0.0018549,1,1.0
239,-3.8658810032887274,8.79750014820314,0.00043068,1.053781742958659,1.4533862399266007,66.41607666628977,0.5339017083921984,30.23046494167641,0.08613346713151913,-38.39534289710658,-0.2562069914769774,-1.6782112887572886,-0.30694249824025854,-57.22173225224385,-0.055020528572734165,9.958040073832517,-0.00052764,22.525293086323355,0.0018549,0,1.0
240,-1.725305702907642,12.529124440472659,0.00043068,1.053781742958659,1.4533862399266007,71.52175841490583,0.5339017083921984,41.94682961376101,0.08613346713151913,-82.45040668355391,-0.2562069914769774,11.108478107721705,-0.30694249824025854,-36.24310899504553,-0.055020528572734165,19.634073084360327,-0.00052764,31.778302444353766,0.0018549,0,1.0
241,-1.752610346449302,4.4474926906957,0.00043068,1.053781742958659,1.4533862399266007,76.42061348348764,0.5339017083921984,37.486639255741245,0.08613346713151913,-44.43771685585284,-0.2562069914769774,-16.948735806795057,-0.30694249824025854,-52.20070336970027,-0.055020528572734165,5.41892775634094,-0.00052764,30.019927492883582,0.0018549,0,1.0
242,11.611808822844234,123.23628815831317,0.00043068,1.053781742958659,1.4533862399266007,28.05575930514514,0.5339017083921984,49.16296985760266,0.08613346713151913,-83.81240901540166,-0.2562069914769774,-36.97300458653098,-0.30694249824025854,56.59866956121556,-0.055020528572734165,1.1829249154928174,-0.00052764,30.330616678250706,0.0018549,0,1.0
243,0.697687243604582,1.7460673260133486,0.00043068,1.053781742958659,1.4533862399266007,50.20520460965368,0.5339017083921984,36.07144134007317,0.08613346713151913,-52.65167466619044,-0.2562069914769774,-15.498391434195334,-0.30694249824025854,-17.197813897270315,-0.055020528572734165,0.9038986179309756,-0.00052764,23.533451022507357,0.0018549,0,1.0
244,-1.8059600824377,3.697930982349891,0.00043068,1.053781742958659,1.4533862399266007,91.04641081463278,0.5339017083921984,46.93356260439912,0.08613346713151913,-49.60423511473446,-0.2562069914769774,-28.69380497785252,-0.30694249824025854,-61.35469727763019,-0.055020528572734165,0.9217275008413068,-0.00052764,35.40995626224614,0.0018549,0,1.0
245,-0.8977868096846962,3.7747731322573506,0.00043068,1.053781742958659,1.4533862399266007,44.71526695302144,0.5339017083921984,26.658971115193154,0.08613346713151913,-52.352310928498795,-0.2562069914769774,-1.9594077768213536,-0.30694249824025854,-16.673766941262414,-0.055020528572734165,2.2039682884830167,-0.00052764,21.43207220944378,0.0018549,0,1.0
246,3.001803532580665,17.21847530267372,0.00043068,1.053781742958659,1.4533862399266007,-23.674573031764204,0.5339017083921984,3.642912870274851,0.08613346713151913,-39.312141986204715,-0.2562069914769774,15.89727790200282,-0.30694249824025854,47.86891698631139,-0.055020528572734165,-1.6521513175601248,-0.00052764,3.2123926312214106,0.0018549,1,1.0
247,-0.10882524475894151,6.831130488563774,0.00043068,1.053781742958659,1.4533862399266007,52.44600939458975,0.5339017083921984,40.93913462526935,0.08613346713151913,-53.17371387138661,-0.2562069914769774,-15.593935414789758,-0.30694249824025854,-24.984077335246678,-0.055020528572734165,0.28258813174794284,-0.00052764,23.310441643645035,0.0018549,0,1.0
248,-5.179434221748404,11.365391540852086,0.00043068,1.053781742958659,1.4533862399266007,40.41591759127212,0.5339017083921984,11.890576994518115,0.08613346713151913,-40.99033941886829,-0.2562069914769774,30.735916179876018,-0.30694249824025854,-39.970942100017574,-0.055020528572734165,10.521121969343806,-0.00052764,21.842073629013857,0.0018549,0,1.0
249,-2.205098227223387,4.847813149128742,0.00043068,1.053781742958659,1.4533862399266007,21.081689173558075,0.5339017083921984,16.481882393352482,0.08613346713151913,-49.70785712600693,-0.2562069914769774,20.555867110662938,-0.30694249824025854,-7.305320118413949,-0.055020528572734165,8.85913944509332,-0.00052764,10.210371637227986,0.0018549,0,1.0
250,-2.1572379322370967,8.887765036707332,0.00043068,1.053781742958659,1.4533862399266007,50.5046705661132,0.5339017083921984,27.442800802665037,0.08613346713151913,-30.750244997327837,-0.2562069914769774,-2.7703089447201883,-0.30694249824025854,-43.26663258624276,-0.055020528572734165,10.559903125092799,-0.00052764,17.237011524364426,0.0018549,0,1.0
251,-3.9290790187768723,11.342338686212187,0.00043068,1.053781742958659,1.4533862399266007,33.22620450292012,0.5339017083921984,20.52416236166611,0.08613346713151913,-57.50453642864417,-0.2562069914769774,23.775859011127984,-0.30694249824025854,-20.50007335057404,-0.055020528572734165,9.923595455435715,-0.00052764,13.203191515686777,0.0018549,0,1.0
252,-0.5554249061530729,9.007033283609129,0.00043068,1.053781742958659,1.4533862399266007,10.634774107917856,0.5339017083921984,25.365389635094818,0.08613346713151913,-82.02935900490726,-0.2562069914769774,34.27516312943054,-0.30694249824025854,16.96156587020593,-0.055020528572734165,7.104878235918027,-0.00052764,19.15230555393541,0.0018549,0,1.0
253,-1.1133813051294528,2.7196606261499605,0.00043068,1.053781742958659,1.4533862399266007,53.447734619771076,0.5339017083921984,37.10656222485774,0.08613346713151913,-76.09945965894394,-0.2562069914769774,3.1821145985141412,-0.30694249824025854,-16.459716822560555,-0.055020528572734165,5.8011398908586305,-0.00052764,25.765069881283765,0.0018549,0,1.0
254,-4.466432050002394,10.452814806251752,0.00043068,1.053781742958659,1.4533862399266007,35.650076071672224,0.5339017083921984,10.605644097380727,0.08613346713151913,-38.426959256352134,-0.2562069914769774,35.33656239041326,-0.30694249824025854,-37.981207187423166,-0.055020528572734165,9.645075036256255,-0.00052764,27.36341029756436,0.0018549,0,1.0
255,-0.37338874040834824,1.8079198408228627,0.00043068,1.053781742958659,1.4533862399266007,47.57433384402023,0.5339017083921984,34.63185848905377,0.08613346713151913,-53.5920761645972,-0.2562069914769774,-8.724868951935678,-0.30694249824025854,-19.74783876697718,-0.055020528572734165,2.0744564282033515,-0.00052764,21.404898751846144,0.0018549,0,1.0
256,-4.8974437073182004,14.123671090886125,0.00043068,1.053781742958659,1.4533862399266007,21.118112387987207,0.5339017083921984,5.170685799954697,0.08613346713151913,-39.90020815425793,-0.2562069914769774,34.930338591881856,-0.30694249824025854,-20.996255891792412,-0.055020528572734165,5.462167075232578,-0.00052764,15.054350533610894,0.0018549,0,1.0
257,-0.40342991100492753,1.8787911433762114,0.00043068,1.053781742958659,1.4533862399266007,59.059585123432676,0.5339017083921984,27.591007065215933,0.08613346713151913,-7.681783342836799,-0.2562069914769774,-30.73605338842826,-0.30694249824025854,-48.98607777065539,-0.055020528572734165,0.2673037098951614,-0.00052764,20.40685979944501,0.0018549,0,1.0
258,-0.045429686773131195,13.818505710164207,0.00043068,1.053781742958659,1.4533862399266007,31.545782400836007,0.5339017083921984,28.30719070821639,0.08613346713151913,-45.570930305166556,-0.2562069914769774,4.57243158731921,-0.30694249824025854,-14.884207532155548,-0.055020528572734165,8.422358813236706,-0.00052764,17.677470088865327,0.0018549,0,1.0
259,3.8487541668696075,39.47641177657066,0.00043068,1.053781742958659,1.4533862399266007,-62.028452706240365,0.5339017083921984,-17.01394550726057,0.08613346713151913,-8.324655160350332,-0.2562069914769774,21.667122742503544,-0.30694249824025854,69.84357288985642,-0.055020528572734165,-17.597221819335275,-0.00052764,0.2580572607921088,0.0018549,1,1.0
260,3.263241382748907,16.210440720427176,0.00043068,1.053781742958659,1.4533862399266007,31.551985222631195,0.5339017083921984,30.28127822191654,0.08613346713151913,-33.86051999265658,-0.2562069914769774,-21.132345297379423,-0.30694249824025854,-2.9229214116390465,-0.055020528572734165,2.003944326901088,-0.00052764,17.127911741580288,0.0018549,0,1.0
261,-4.519458728088305,18.108708709472925,0.00043068,1.053781742958659,1.4533862399266007,0.7174227328696907,0.5339017083921984,6.467304476688768,0.08613346713151913,-60.10396501845559,-0.2562069914769774,46.62877643673715,-0.30694249824025854,5.662721563741726,-0.055020528572734165,1.3623462194577112,-0.00052764,11.070870710241998,0.0018549,0,1.0
262,-3.5622739096743685,35.00711213647815,0.00043068,1.053781742958659,1.4533862399266007,31.11204884214428,0.5339017083921984,-0.40918168474114147,0.08613346713151913,-35.63933153879934,-0.2562069914769774,45.99124989085254,-0.30694249824025854,-30.68310800321239,-0.055020528572734165,6.408744116104529,-0.00052764,39.84363355428466,0.0018549,0,1.0
263,1.248068998889842,5.1531774070388074,0.00043068,1.053781742958659,1.4533862399266007,-1.896657363910954,0.5339017083921984,5.87137993864841,0.08613346713151913,-35.293953258890966,-0.2562069914769774,12.98327373526902,-0.30694249824025854,21.973094976333137,-0.055020528572734165,3.113391875000012,-0.00052764,6.68554947152677,0.0018549,0,1.0
264,-1.3310556736711072,4.857732763293161,0.00043068,1.053781742958659,1.4533862399266007,6.533873985872641,0.5339017083921984,-1.2875443855240944,0.08613346713151913,-12.005011087499737,-0.2562069914769774,12.601945967088739,-0.30694249824025854,-4.764772067587493,-0.055020528572734165,0.39970167043569704,-0.00052764,7.9460074760236346,0.0018549,0,1.0
265,-0.48627527253517844,4.930599843906819,0.00043068,1.053781742958659,1.4533862399266007,37.478356528756755,0.5339017083921984,21.353479150642233,0.08613346713151913,-37.49505238279418,-0.2562069914769774,2.0680678815604887,-0.30694249824025854,-20.000247153844622,-0.055020528572734165,9.997395336056115,-0.00052764,16.46440791168165,0.0018549,0,1.0
266,-0.5966815665330496,1.6432648120849493,0.00043068,1.053781742958659,1.4533862399266007,6.581897282075118,0.5339017083921984,8.924578072500049,0.08613346713151913,-36.97427529386905,-0.2562069914769774,17.576159805489503,-0.30694249824025854,6.299961293011691,-0.055020528572734165,5.2910157028144695,-0.00052764,7.82188114215203,0.0018549,0,1.0
267,4.112212380430128,41.42822258952063,0.00043068,1.053781742958659,1.4533862399266007,69.20283541697827,0.5339017083921984,50.9035058184077,0.08613346713151913,-25.215416862543197,-0.2562069914769774,-52.30489607459006,-0.30694249824025854,-38.72945176978778,-0.055020528572734165,1.0496748103976543,-0.00052764,29.23014749353475,0.0018549,0,1.0
268,-3.833424574969426,14.240589759100995,0.00043068,1.053781742958659,1.4533862399266007,20.781169050940473,0.5339017083921984,23.598763681575015,0.08613346713151913,-83.63473290592978,-0.2562069914769774,38.26584441254979,-0.30694249824025854,0.8078442540857084,-0.055020528572734165,7.87290811692225,-0.00052764,14.132104853247004,0.0018549,0,1.0
269,-3.092074112813058,7.720855720344416,0.00043068,1.053781742958659,1.4533862399266007,32.91026834885127,0.5339017083921984,11.262889684815764,0.08613346713151913,-20.714168430712906,-0.2562069914769774,16.56320597536379,-0.30694249824025854,-36.84795038800996,-0.055020528572734165,8.725250257139862,-0.00052764,18.25659716607905,0.0018549,0,1.0
270,-3.1768898651916286,8.53964896062613,0.00043068,1.053781742958659,1.4533862399266007,32.69966022602813,0.5339017083921984,13.743870334003958,0.08613346713151913,-50.66657703682055,-0.2562069914769774,28.587042576676772,-0.30694249824025854,-20.665623106938302,-0.055020528572734165,10.676636240988882,-0.00052764,20.568527057083173,0.0018549,0,1.0
271,-5.668317025618375,13.169131320551507,0.00043068,1.053781742958659,1.4533862399266007,12.325755128483529,0.5339017083921984,-4.36541093526888,0.08613346713151913,-38.95413061836481,-0.2562069914769774,62.8600379451044,-0.30694249824025854,-24.518981403465318,-0.055020528572734165,0.3138389377754578,-0.00052764,35.798386274822434,0.0018549,0,1.0
272,2.553663434770441,11.995884410662791,0.00043068,1.053781742958659,1.4533862399266007,-5.191156145413442,0.5339017083921984,11.545421103067365,0.08613346713151913,-29.507215067902948,-0.2562069914769774,5.7715238505781485,-0.30694249824025854,22.25466061899149,-0.055020528572734165,0.26705084019302827,-0.00052764,8.900488377959377,0.0018549,0,1.0
273,-1.1495339629144468,14.92531060877075,0.00043068,1.053781742958659,1.4533862399266007,23.79239841711548,0.5339017083921984,24.78375722094898,0.08613346713151913,-46.72333172806646,-0.2562069914769774,12.998369318110614,-0.30694249824025854,-12.299123336713972,-0.055020528572734165,4.749869920119636,-0.00052764,17.059494821400765,0.0018549,0,1.0
274,-4.810051233613635,13.121881427759181,0.00043068,1.053781742958659,1.4533862399266007,21.73609936187473,0.5339017083921984,15.637923964143008,0.08613346713151913,-79.37028957427168,-0.2562069914769774,62.68237193266972,-0.30694249824025854,-13.309756359464734,-0.055020528572734165,8.571530212549371,-0.00052764,33.80325979895212,0.0018549,0,1.0
275,-0.5494192492582286,32.74142497082963,0.00043068,1.053781742958659,1.4533862399266007,-27.862566002044883,0.5339017083921984,-11.882683055204566,0.08613346713151913,-31.466119659357354,-0.2562069914769774,28.96004783298967,-0.30694249824025854,41.56664590796207,-0.055020528572734165,-8.079598917064969,-0.00052764,0.3027202187280782,0.0018549,1,1.0
276,0.9462225215882576,1.684993431473275,0.00043068,1.053781742958659,1.4533862399266007,53.4925840511376,0.5339017083921984,48.938829422011665,0.08613346713151913,-91.65378395435395,-0.2562069914769774,-7.39193838114602,-0.30694249824025854,-2.2893471425594702,-0.055020528572734165,0.3960038585437591,-0.00052764,29.24136070137252,0.0018549,0,1.0
277,-2.194856459437089,4.923997909406922,0.00043068,1.053781742958659,1.4533862399266007,69.68339031363752,0.5339017083921984,43.85515141564713,0.08613346713151913,-81.44038036450841,-0.2562069914769774,-1.1151348211773355,-0.30694249824025854,-31.39597531900286,-0.055020528572734165,4.738318035150797,-0.00052764,31.00723813626025,0.0018549,0,1.0
278,-0.24437672543550026,3.1615538790142823,0.00043068,1.053781742958659,1.4533862399266007,-4.306853700874352,0.5339017083921984,4.457109839689425,0.08613346713151913,-47.42019808810176,-0.2562069914769774,27.281289310009225,-0.30694249824025854,23.236874465397936,-0.055020528572734165,3.06408567226478,-0.00052764,8.633393209269379,0.0018549,0,1.0
279,-2.3467558895747143,19.451827112807983,0.00043068,1.053781742958659,1.4533862399266007,59.95384452692995,0.5339017083921984,29.421333303450226,0.08613346713151913,-42.548877324422634,-0.2562069914769774,11.109531200388396,-0.30694249824025854,-51.258009175965825,-0.055020528572734165,20.091079377230514,-0.00052764,26.309630240766438,0.0018549,0,1.0
280,-1.3993977994560574,41.44859084566873,0.00043068,1.053781742958659,1.4533862399266007,-50.768241141240836,0.5339017083921984,-13.125228696653584,0.08613346713151913,-44.78736222550961,-0.2562069914769774,49.128853552924944,-0.30694249824025854,58.49505035914466,-0.055020528572734165,-14.140748429241205,-0.00052764,0.31268095296937126,0.0018549,1,1.0
281,-1.477220670557454,4.719369877693164,0.00043068,1.053781742958659,1.4533862399266007,48.24086572278985,0.5339017083921984,25.956102237446487,0.08613346713151913,-32.02504361350242,-0.2562069914769774,-4.588747380504626,-0.30694249824025854,-36.17485164911604,-0.055020528572734165,8.979204842307917,-0.00052764,17.535350751162,0.0018549,0,1.0
282,-4.055857896990588,8.340450056576199,0.00043068,1.053781742958659,1.4533862399266007,34.47127647746523,0.5339017083921984,12.764973431518165,0.08613346713151913,-41.26637305094177,-0.2562069914769774,29.808997898235443,-0.30694249824025854,-32.236732858563066,-0.055020528572734165,10.405117048562648,-0.00052764,21.69094990411781,0.0018549,0,1.0
283,-0.7975723759548998,2.050708728715507,0.00043068,1.053781742958659,1.4533862399266007,45.15831313662488,0.5339017083921984,30.037153616762712,0.08613346713151913,-43.52838658915187,-0.2562069914769774,-10.007169909139195,-0.30694249824025854,-22.599625646343892,-0.055020528572734165,0.2758784187628347,-0.00052764,19.301925554303587,0.0018549,0,1.0
284,-1.2040975169223587,23.625807104245272,0.00043068,1.053781742958659,1.4533862399266007,-20.290932142895326,0.5339017083921984,-10.530347986274998,0.08613346713151913,-18.317220356374524,-0.2562069914769774,24.189177296458183,-0.30694249824025854,24.122417715274892,-0.055020528572734165,-6.041245855182792,-0.00052764,0.4710251769159668,0.0018549,1,1.0
285,7.513820640231972,190.84325200161817,0.00043068,1.053781742958659,1.4533862399266007,55.24462260763524,0.5339017083921984,32.519196736877426,0.08613346713151913,-65.36548537487687,-0.2562069914769774,-16.410952540094332,-0.30694249824025854,11.096285041081947,-0.055020528572734165,11.831693393293762,-0.00052764,44.0158633414139,0.0018549,0,1.0
286,2.9264327000891432,12.205812429808274,0.00043068,1.053781742958659,1.4533862399266007,-26.941127671230827,0.5339017083921984,-0.8215743674536657,0.08613346713151913,-23.68863236645783,-0.2562069914769774,10.085944383738585,-0.30694249824025854,44.41864861236977,-0.055020528572734165,-4.525393560218079,-0.00052764,0.04554645948976299,0.0018549,1,1.0
287,-1.9620781620112169,7.16355285756302,0.00043068,1.053781742958659,1.4533862399266007,41.625385558163565,0.5339017083921984,28.33525716713019,0.08613346713151913,-60.680250894859114,-0.2562069914769774,16.66204597790566,-0.30694249824025854,-22.281907186062103,-0.055020528572734165,15.727165060007902,-0.00052764,17.800158830552487,0.0018549,0,1.0
288,1.2028454435113716,53.27032588663676,0.00043068,1.053781742958659,1.4533862399266007,-55.054418473299,0.5339017083921984,-8.035231912961603,0.08613346713151913,-23.348037852082552,-0.2562069914769774,25.431929588765712,-0.30694249824025854,59.82165186550833,-0.055020528572734165,-21.15546057036414,-0.00052764,-0.8275604282183817,0.0018549,1,1.0
289,-1.2152932868510349,3.268758382424357,0.00043068,1.053781742958659,1.4533862399266007,14.4462860736198,0.5339017083921984,11.57877562860238,0.08613346713151913,-44.46786944647783,-0.2562069914769774,21.391172670168945,-0.30694249824025854,0.09215129643905628,-0.055020528572734165,7.779312592711626,-0.00052764,11.48552578009645,0.0018549,0,1.0
290,3.523840513057337,17.44223468507468,0.00043068,1.053781742958659,1.4533862399266007,-24.794954621642304,0.5339017083921984,-2.8083054954824345,0.08613346713151913,-20.292236783687635,-0.2562069914769774,5.029657010187744,-0.30694249824025854,46.099151412633475,-0.055020528572734165,-3.7233452355052195,-0.00052764,-1.0145216874955882,0.0018549,1,1.0
291,-0.47223444971578443,1.1102208983933863,0.00043068,1.053781742958659,1.4533862399266007,-4.816955015690136,0.5339017083921984,11.273708529349351,0.08613346713151913,-58.94054911013725,-0.2562069914769774,28.868845321432048,-0.30694249824025854,25.81637966483805,-0.055020528572734165,2.5369808054513086,-0.00052764,8.077833874585126,0.0018549,0,1.0
292,-3.1047853026932692,7.6102803925844045,0.00043068,1.053781742958659,1.4533862399266007,72.77439808961502,0.5339017083921984,42.90984025626497,0.08613346713151913,-88.29919947246309,-0.2562069914769774,15.521493463114497,-0.30694249824025854,-39.3307647415741,-0.055020528572734165,17.98943635176639,-0.00052764,31.04887922961667,0.0018549,0,1.0
293,-2.3792251226791397,6.510757994374162,0.00043068,1.053781742958659,1.4533862399266007,58.137766118138536,0.5339017083921984,34.0784203910615,0.08613346713151913,-48.413730800238014,-0.2562069914769774,-5.718163077719348,-0.30694249824025854,-39.201380233765406,-0.055020528572734165,4.702603399662422,-0.00052764,22.238222605120853,0.0018549,0,1.0
294,-3.2824499095464232,9.357326719700277,0.00043068,1.053781742958659,1.4533862399266007,31.396751892834946,0.5339017083921984,8.549959885570079,0.08613346713151913,-29.45964036973238,-0.2562069914769774,17.41772397211672,-0.30694249824025854,-26.742200472645173,-0.055020528572734165,6.267741571695068,-0.00052764,16.17839231561524,0.0018549,0,1.0
295,1.0743937793839875,20.935521595603273,0.00043068,1.053781742958659,1.4533862399266007,-25.54672168178185,0.5339017083921984,3.9098721616184324,0.08613346713151913,-39.88930781087016,-0.2562069914769774,15.760517057866283,-0.30694249824025854,44.67522397847499,-0.055020528572734165,-9.381315251440935,-0.00052764,-0.11170040791307745,0.0018549,1,1.0
296,-1.2931259579514638,5.053007340465804,0.00043068,1.053781742958659,1.4533862399266007,46.13823061595604,0.5339017083921984,28.039999675553155,0.08613346713151913,-59.69247374248028,-0.2562069914769774,9.051979751725638,-0.30694249824025854,-20.297370264043373,-0.055020528572734165,11.445468057533262,-0.00052764,21.27981090861352,0.0018549,0,1.0
297,-3.019426439568715,13.93580165446635,0.00043068,1.053781742958659,1.4533862399266007,86.86819382428219,0.5339017083921984,39.54606767732329,0.08613346713151913,-64.87451445026825,-0.2562069914769774,3.6828319688819278,-0.30694249824025854,-60.48788158048782,-0.055020528572734165,18.10567840374553,-0.00052764,36.20126894973516,0.0018549,0,1.0
298,-2.346210645854943,5.272062925633312,0.00043068,1.053781742958659,1.4533862399266007,5.227812351449082,0.5339017083921984,6.541105704925852,0.08613346713151913,-54.187211785442635,-0.2562069914769774,38.328779101090625,-0.30694249824025854,7.457707354464309,-0.055020528572734165,4.718301216022296,-0.00052764,14.93427626171944,0.0018549,0,1.0
299,4.153949298797478,18.300286049995673,0.00043068,1.053781742958659,1.4533862399266007,-8.110198283488625,0.5339017083921984,18.8859382114946,0.08613346713151913,-51.17829180164593,-0.2562069914769774,5.799750150206476,-0.30694249824025854,40.646511803793985,-0.055020528572734165,0.32533916789752215,-0.00052764,10.25920244004012,0.0018549,0,1.0
300,0.07420723532691367,0.012616898828787101,0.00043068,1.1211449964209517,4.787338469101568,-22.31898449554075,0.5339017083921984,10.075578946240638,0.08613346713151913,-43.82640193161082,-0.2562069914769774,-22.777746107064175,-0.30694249824025854,31.61882039397103,-0.055020528572734165,-0.0638770439535994,-0.00052764,0.0697740355902337,0.0018549,1,1.0
301,0.0042417325433913855,0.014776853078244502,0.00043068,1.1211449964209517,4.787338469101568,-5.710980153738606,0.5339017083921984,-1.7655800799774766,0.08613346713151913,-15.59548965856007,-0.2562069914769774,19.31850834541531,-0.30694249824025854,9.242561918992557,-0.055020528572734165,-0.021458079527683367,-0.00052764,0.04182563031659473,0.0018549,1,1.0
302,0.3453714815904513,0.011068044872456273,0.00043068,1.1211449964209517,4.787338469101568,-60.52362903483479,0.5339017083921984,13.860128294606032,0.08613346713151913,-67.45695777523353,-0.2562069914769774,-32.42383992660508,-0.30694249824025854,72.8646859068034,-0.055020528572734165,-0.049328690825479984,-0.00052764,0.04996852963648066,0.0018549,1,1.0
303,0.18137389707373508,0.015626671830705305,0.00043068,1.1211449964209517,4.787338469101568,-36.995440998328675,0.5339017083921984,13.493907413549897,0.08613346713151913,-57.138628924702076,-0.2562069914769774,51.29183226834571,-0.30694249824025854,40.74414158912045,-0.055020528572734165,-0.06974992389739859,-0.00052764,0.06931805008046277,0.0018549,1,1.0
304,0.06734441951334405,0.019004488175500683,0.00043068,1.1211449964209517,4.787338469101568,-18.270933005539735,0.5339017083921984,11.466152390175033,0.08613346713151913,-38.77850671830836,-0.2562069914769774,-40.24246876172123,-0.30694249824025854,28.075258926595005,-0.055020528572734165,-0.07075455348512245,-0.00052764,0.08345609336224592,0.0018549,1,1.0
305,0.2331388874257444,0.012025282926228634,0.00043068,1.1211449964209517,4.787338469101568,-43.31466994429097,0.5339017083921984,9.870281740465142,0.08613346713151913,-49.87286647806672,-0.2562069914769774,-54.07713329251162,-0.30694249824025854,55.321506360995336,-0.055020528572734165,-0.0625114356094125,-0.00052764,0.062304007938811586,0.0018549,1,1.0
306,0.02147331630743215,0.004861038475272265,0.00043068,1.1211449964209517,4.787338469101568,-7.446398677832424,0.5339017083921984,5.8480318060988505,0.08613346713151913,-19.933190068847,-0.2562069914769774,27.584004733321866,-0.30694249824025854,8.039381510667491,-0.055020528572734165,-0.031675218212266584,-0.00052764,0.033803036936142214,0.0018549,1,1.0
307,0.20010394706990575,0.02756384318155565,0.00043068,1.1211449964209517,4.787338469101568,-50.84240298351663,0.5339017083921984,10.828680914397783,0.08613346713151913,-78.76065962939417,-0.2562069914769774,-18.595019536360546,-0.30694249824025854,66.68972907448804,-0.055020528572734165,-0.08569492939901648,-0.00052764,0.09178943548005007,0.0018549,1,1.0
308,0.04246712752872544,0.011149880831231005,0.00043068,1.1211449964209517,4.787338469101568,-11.242756233017289,0.5339017083921984,5.29042544496237,0.08613346713151913,-24.500839987344857,-0.2562069914769774,67.05841469309257,-0.30694249824025854,9.315406044851377,-0.055020528572734165,-0.057235940293313484,-0.00052764,0.058414583842816364,0.0018549,1,1.0
309,0.14818047500451925,0.013329465498195331,0.00043068,1.1211449964209517,4.787338469101568,-24.614045171079912,0.5339017083921984,11.93023121994291,0.08613346713151913,-34.06797491567105,-0.2562069914769774,11.904780511384102,-0.30694249824025854,27.30261247679619,-0.055020528572734165,-0.06091674913550663,-0.00052764,0.061931165707747336,0.0018549,1,1.0
310,0.01568208971065929,0.06551334774892564,0.00043068,1.1211449964209517,4.787338469101568,6.059945436248498,0.5339017083921984,20.096411950316316,0.08613346713151913,-16.390061477411404,-0.2562069914769774,-57.357826966764264,-0.30694249824025854,1.0432142590293558,-0.055020528572734165,-0.07426773498903086,-0.00052764,0.1316834946844744,0.0018549,1,1.0
311,0.18977251007462143,0.014214380576809887,0.00043068,1.1211449964209517,4.787338469101568,-22.45406601911679,0.5339017083921984,11.68945821116993,0.08613346713151913,-16.720413799304666,-0.2562069914769774,-33.36538771607839,-0.30694249824025854,24.89044097350437,-0.055020528572734165,-0.060582313541075544,-0.00052764,0.06056428267088841,0.0018549,1,1.0
312,0.29527100876530404,0.14686936415497712,0.00043068,1.1211449964209517,4.787338469101568,-12.891684567291385,0.5339017083921984,25.368537491026498,0.08613346713151913,-68.88962618911108,-0.2562069914769774,24.470326932820445,-0.30694249824025854,38.34281030557725,-0.055020528572734165,0.06229022911471199,-0.00052764,0.2702966849595661,0.0018549,0,1.0
313,-0.00354007015324298,0.1599134271359996,0.00043068,1.1211449964209517,4.787338469101568,31.91909968151676,0.5339017083921984,25.139510296624817,0.08613346713151913,-35.8427479643642,-0.2562069914769774,15.454059092142577,-0.30694249824025854,-11.821913908431583,-0.055020528572734165,0.029835863702490834,-0.00052764,0.29017385494012793,0.0018549,0,1.0
314,0.22887751743913753,0.014322032963599787,0.00043068,1.1211449964209517,4.787338469101568,-38.761586777634335,0.5339017083921984,3.126695779258159,0.08613346713151913,-34.894800873438456,-0.2562069914769774,-37.19606652354508,-0.30694249824025854,47.83393872425288,-0.055020528572734165,-0.036097270763601225,-0.00052764,0.0396257722830141,0.0018549,1,1.0
315,0.19138545030047982,0.015983992184207017,0.00043068,1.1211449964209517,4.787338469101568,-32.0516308502793,0.5339017083921984,10.916381875637981,0.08613346713151913,-36.98386646016992,-0.2562069914769774,-3.420474733627146,-0.30694249824025854,36.31733627418255,-0.055020528572734165,-0.05159317472552602,-0.00052764,0.046068325479510924,0.0018549,1,1.0
316,0.1538837702148465,0.01097224122757842,0.00043068,1.1211449964209517,4.787338469101568,-26.152577163498794,0.5339017083921984,12.926647995914575,0.08613346713151913,-34.68615306084065,-0.2562069914769774,-57.08300009651221,-0.30694249824025854,35.001750442855524,-0.055020528572734165,-0.06373667637576375,-0.00052764,0.06794815399328744,0.0018549,1,1.0
317,0.6724857626364015,0.17336967959193822,0.00043068,1.1211449964209517,4.787338469101568,63.16415346950399,0.5339017083921984,55.74317504504454,0.08613346713151913,-71.7156171482029,-0.2562069914769774,21.841597622189955,-0.30694249824025854,10.696171322248487,-0.055020528572734165,0.3376531457093241,-0.00052764,0.9376224015674952,0.0018549,0,1.0
318,0.1791366044461681,0.00439330214212632,0.00043068,1.1211449964209517,4.787338469101568,-24.97663762404115,0.5339017083921984,4.768383707253402,0.08613346713151913,-17.295684718803518,-0.2562069914769774,-24.27672623360588,-0.30694249824025854,28.529292385566873,-0.055020528572734165,-0.01621389419098182,-0.00052764,0.015211069428317592,0.0018549,1,1.0
319,0.010837308227561598,0.05453764217281408,0.00043068,1.1211449964209517,4.787338469101568,-11.810549413151733,0.5339017083921984,22.158988500141945,0.08613346713151913,-57.34757323795408,-0.2562069914769774,6.435960794162025,-0.30694249824025854,20.752521728814013,-0.055020528572734165,-0.09169595907771604,-0.00052764,0.12666246822269828,0.0018549,1,1.0
320,0.45022174814989796,0.05214818837931098,0.00043068,1.1211449964209517,4.787338469101568,-55.62486507611407,0.5339017083921984,-3.3919149945511604,0.08613346713151913,-14.508107351158753,-0.2562069914769774,-19.448488291626383,-0.30694249824025854,58.74235502164811,-0.055020528572734165,-0.06392049946704281,-0.00052764,0.07046321445850917,0.0018549,1,1.0
321,0.4853848422999145,0.14529365654560508,0.00043068,1.1211449964209517,4.787338469101568,96.28521087418407,0.5339017083921984,52.18983059663265,0.08613346713151913,-22.8901647208078,-0.2562069914769774,9.868898279026874,-0.30694249824025854,-34.02463447419827,-0.055020528572734165,0.3513840828386377,-0.00052764,0.8632720502545155,0.0018549,0,1.0
322,0.27965089207332894,0.010323833686898529,0.00043068,1.1211449964209517,4.787338469101568,-41.707180147961346,0.5339017083921984,12.122682195973628,0.08613346713151913,-38.968422953852574,-0.2562069914769774,-29.014145343314393,-0.30694249824025854,48.064706742043725,-0.055020528572734165,-0.04822263432985851,-0.00052764,0.047648997672459496,0.0018549,1,1.0
323,-0.00037280484568991135,0.012756855845949622,0.00043068,1.1211449964209517,4.787338469101568,-11.378106880807156,0.5339017083921984,6.13624423827666,0.08613346713151913,-39.043060975971756,-0.2562069914769774,96.84962135923642,-0.30694249824025854,10.666244451151321,-0.055020528572734165,-0.046698393847113405,-0.00052764,0.055065675442635804,0.0018549,1,1.0
324,0.04326278526482605,0.02342235166429952,0.00043068,1.1211449964209517,4.787338469101568,-14.205175286102916,0.5339017083921984,-2.5353290021435155,0.08613346713151913,-19.463920726298422,-0.2562069914769774,72.35487694404073,-0.30694249824025854,11.909352430899,-0.055020528572734165,-0.04996331600308889,-0.00052764,0.038981660966377375,0.0018549,1,1.0
325,0.6703208649356864,0.17585227002511516,0.00043068,1.1211449964209517,4.787338469101568,96.57354796589924,0.5339017083921984,71.65629791970925,0.08613346713151913,-82.01293246090287,-0.2562069914769774,-66.19950236704507,-0.30694249824025854,1.4094889529203924,-0.055020528572734165,0.30189171755506494,-0.00052764,1.2663319182865878,0.0018549,0,1.0
326,0.07065971165678157,0.013444018061218086,0.00043068,1.1211449964209517,4.787338469101568,-14.642966120066653,0.5339017083921984,5.310262486238061,0.08613346713151913,-28.971903300381946,-0.2562069914769774,55.726850821264435,-0.30694249824025854,15.578386825519052,-0.055020528572734165,-0.027850404764419447,-0.00052764,0.04593266559341868,0.0018549,1,1.0
327,0.007899212561201421,0.02759587281736758,0.00043068,1.1211449964209517,4.787338469101568,-16.60741292921604,0.5339017083921984,8.730170389896251,0.08613346713151913,-55.43438596750262,-0.2562069914769774,32.60591049746319,-0.30694249824025854,26.38168319225058,-0.055020528572734165,-0.045380720838581225,-0.00052764,0.0823772038080319,0.0018549,1,1.0
328,0.0181031933180266,0.06403588915250896,0.00043068,1.1211449964209517,4.787338469101568,-3.511058014545033,0.5339017083921984,5.195492243218634,0.08613346713151913,-41.14118613443623,-0.2562069914769774,47.49015245974417,-0.30694249824025854,14.766816922561619,-0.055020528572734165,-0.0014053145905301573,-0.00052764,0.12353300535732954,0.0018549,1,1.0
329,0.18756312880866177,0.005205344041264236,0.00043068,1.1211449964209517,4.787338469101568,-32.08345558347482,0.5339017083921984,8.037281859963029,0.08613346713151913,-37.03189835461972,-0.2562069914769774,1.1004133023309797,-0.30694249824025854,37.2564448288574,-0.055020528572734165,-0.026795318415341086,-0.00052764,0.029906998758908433,0.0018549,1,1.0
330,0.2503044008552365,0.013945148589835121,0.00043068,1.1211449964209517,4.787338469101568,-42.57558452151855,0.5339017083921984,15.034532819854306,0.08613346713151913,-53.12133291781623,-0.2562069914769774,1.778244643426038,-0.30694249824025854,49.03786997266301,-0.055020528572734165,-0.06342249302337148,-0.00052764,0.06505044970535274,0.0018549,1,1.0
331,0.43878236633218076,0.03247653561446161,0.00043068,1.1211449964209517,4.787338469101568,-71.70547941346712,0.5339017083921984,13.747887599636229,0.08613346713151913,-74.08027581982492,-0.2562069914769774,44.054766062438624,-0.30694249824025854,78.18625449425568,-0.055020528572734165,-0.0782297467742645,-0.00052764,0.07955543652644706,0.0018549,1,1.0
332,0.3025257146522293,0.029053595773532705,0.00043068,1.1211449964209517,4.787338469101568,-46.95735629970599,0.5339017083921984,14.226949455031157,0.08613346713151913,-50.933616365739766,-0.2562069914769774,31.68540060573993,-0.30694249824025854,50.058260486608084,-0.055020528572734165,-0.08721823561781339,-0.00052764,0.08812737312211386,0.0018549,1,1.0
333,0.5922881666192021,0.16372436459808495,0.00043068,1.1211449964209517,4.787338469101568,60.80517753774443,0.5339017083921984,52.63276296354257,0.08613346713151913,-88.84423354051752,-0.2562069914769774,81.06961852697755,-0.30694249824025854,11.445732618907577,-0.055020528572734165,0.33227408172061085,-0.00052764,0.9162787041121316,0.0018549,0,1.0
334,0.020384866837997506,0.1238652662616268,0.00043068,1.1211449964209517,4.787338469101568,30.629464344990065,0.5339017083921984,20.602154371081635,0.08613346713151913,-2.596080647694575,-0.2562069914769774,-57.75240583829284,-0.30694249824025854,-16.22212918509342,-0.055020528572734165,0.003882564871392366,-0.00052764,0.2256278440051518,0.0018549,0,1.0
335,0.021944543386817894,0.016381331821640702,0.00043068,1.1211449964209517,4.787338469101568,-26.54380054543998,0.5339017083921984,13.409867021295728,0.08613346713151913,-70.71167257073029,-0.2562069914769774,24.54530054836741,-0.30694249824025854,37.085355419681335,-0.055020528572734165,-0.0790658971349375,-0.00052764,0.08123028117997211,0.0018549,1,1.0
336,0.25120441216567846,0.013501736351337721,0.00043068,1.1211449964209517,4.787338469101568,-50.810680826699446,0.5339017083921984,18.626526458502322,0.08613346713151913,-73.74918652720561,-0.2562069914769774,-21.003229650302703,-0.30694249824025854,62.976742702063305,-0.055020528572734165,-0.07931961336810663,-0.00052764,0.07917137243290222,0.0018549,1,1.0
337,0.025689600716789357,0.055995300388267305,0.00043068,1.1211449964209517,4.787338469101568,-6.419888419742149,0.5339017083921984,18.960794220167532,0.08613346713151913,-46.08389645519246,-0.2562069914769774,3.7118800356879587,-0.30694249824025854,15.774022323955565,-0.055020528572734165,-0.05703080015648903,-0.00052764,0.1250411793701044,0.0018549,1,1.0
338,0.15297918220157675,0.032756456488410204,0.00043068,1.1211449964209517,4.787338469101568,-34.117519231444824,0.5339017083921984,16.176683597800743,0.08613346713151913,-52.46139778469337,-0.2562069914769774,-73.14283830687614,-0.30694249824025854,46.85379922591199,-0.055020528572734165,-0.10297327717236794,-0.00052764,0.09454748208108653,0.0018549,1,1.0
339,0.16343938441226236,0.004088087949671674,0.00043068,1.1211449964209517,4.787338469101568,-33.12982079560228,0.5339017083921984,7.654387094065683,0.08613346713151913,-43.178215272718305,-0.2562069914769774,-13.058404154364728,-0.30694249824025854,41.04060303278739,-0.055020528572734165,-0.03567805566927426,-0.00052764,0.03563315709967328,0.0018549,1,1.0
340,0.4477562851632454,0.16192743182132846,0.00043068,1.1211449964209517,4.787338469101568,79.12886632088173,0.5339017083921984,42.90360633477403,0.08613346713151913,-34.16580128158113,-0.2562069914769774,53.55376232688805,-0.30694249824025854,-22.53818116525783,-0.055020528572734165,0.32966790412662605,-0.00052764,0.7708040598739282,0.0018549,0,1.0
341,0.2800153367239678,0.009204109783799437,0.00043068,1.1211449964209517,4.787338469101568,-47.56035528247156,0.5339017083921984,7.787899815883788,0.08613346713151913,-46.771948913435686,-0.2562069914769774,-37.04783322592405,-0.30694249824025854,57.55085423595161,-0.055020528572734165,-0.03274348897448619,-0.00052764,0.03257796801596856,0.0018549,1,1.0
342,0.035434837323731073,0.014296194684083456,0.00043068,1.1211449964209517,4.787338469101568,-19.926251081617572,0.5339017083921984,-4.897677813620389,0.08613346713151913,-34.195852849131185,-0.2562069914769774,61.07635492899793,-0.30694249824025854,23.514214364377995,-0.055020528572734165,-0.039465979042434575,-0.00052764,0.042305965687517245,0.0018549,1,1.0
343,0.0010177682950091305,0.029156464518850542,0.00043068,1.1211449964209517,4.787338469101568,-4.765438918722385,0.5339017083921984,10.564109104126032,0.08613346713151913,-21.16972682304792,-0.2562069914769774,20.685212479625413,-0.30694249824025854,4.533078295120177,-0.055020528572734165,-0.06670263874334459,-0.00052764,0.05817553304482396,0.0018549,1,1.0
344,0.19713967333728485,0.015329326733983746,0.00043068,1.1211449964209517,4.787338469101568,-43.44095001020368,0.5339017083921984,6.749866272510053,0.08613346713151913,-59.4602518139885,-0.2562069914769774,62.59990342334664,-0.30694249824025854,48.00284236076336,-0.055020528572734165,-0.03496559243286412,-0.00052764,0.029115434835025013,0.0018549,1,1.0
345,0.1404054510076569,0.03071488101774554,0.00043068,1.1211449964209517,4.787338469101568,-35.04621501680314,0.5339017083921984,10.383673648233657,0.08613346713151913,-53.04577848494115,-0.2562069914769774,-73.73029512024608,-0.30694249824025854,50.072263653807354,-0.055020528572734165,-0.10921648427487583,-0.00052764,0.10937624187877394,0.0018549,1,1.0
346,0.15404856964692687,0.004382318338005428,0.00043068,1.1211449964209517,4.787338469101568,-28.86998260988636,0.5339017083921984,3.4131051681707287,0.08613346713151913,-31.909420819560285,-0.2562069914769774,-4.054450721508507,-0.30694249824025854,34.64090901249171,-0.055020528572734165,-0.014604851005263887,-0.00052764,0.01590197272149481,0.0018549,1,1.0
347,0.01810811346849553,0.05460425753033233,0.00043068,1.1211449964209517,4.787338469101568,0.3452732757864654,0.5339017083921984,14.412571342442423,0.08613346713151913,-32.27899717722586,-0.2562069914769774,-6.094772768984249,-0.30694249824025854,9.229713995872375,-0.055020528572734165,-0.03087710707844172,-0.00052764,0.11984350089266071,0.0018549,1,1.0
348,0.25386974675831175,0.031854492741571906,0.00043068,1.1211449964209517,4.787338469101568,-41.3506196501022,0.5339017083921984,-3.1888162616405746,0.08613346713151913,-34.37807542422296,-0.2562069914769774,76.9077388849988,-0.30694249824025854,41.92067596017793,-0.055020528572734165,-0.06524697067292072,-0.00052764,0.07354176390745397,0.0018549,1,1.0
349,0.3642999290049388,0.027814301088283925,0.00043068,1.1211449964209517,4.787338469101568,-61.33151611000284,0.5339017083921984,20.924553491280705,0.08613346713151913,-74.53326219505135,-0.2562069914769774,5.086899112054917,-0.30694249824025854,70.01822926001957,-0.055020528572734165,-0.09100710634191803,-0.00052764,0.09165034005427042,0.0018549,1,1.0
350,0.18395008559364395,0.03598937839591149,0.00043068,1.1211449964209517,4.787338469101568,-30.658250936868026,0.5339017083921984,-6.053992592340601,0.08613346713151913,-17.334989879676208,-0.2562069914769774,39.699995514027066,-0.30694249824025854,30.66093416434779,-0.055020528572734165,-0.060727218305435315,-0.00052764,0.0495306189059717,0.0018549,1,1.0
351,0.04869291346165837,0.006825582099981265,0.00043068,1.1211449964209517,4.787338469101568,-10.918448232181973,0.5339017083921984,-1.15306392731003,0.08613346713151913,-14.923404582846322,-0.2562069914769774,69.0894568261214,-0.30694249824025854,8.161820224025126,-0.055020528572734165,-0.05003402425576045,-0.00052764,0.0501344791658475,0.0018549,1,1.0
352,0.036508931829650426,0.09931946752007859,0.00043068,1.1211449964209517,4.787338469101568,-12.908014853608682,0.5339017083921984,17.792213018097357,0.08613346713151913,-77.06891906831106,-0.2562069914769774,20.7264623895859,-0.30694249824025854,33.05774613869871,-0.055020528572734165,-0.05629296546767279,-0.00052764,0.20541872515437845,0.0018549,1,1.0
353,2.65365149271779e-05,0.14507193107749405,0.00043068,1.1211449964209517,4.787338469101568,-11.650275203638756,0.5339017083921984,36.97953580848484,0.08613346713151913,-82.38012931003009,-0.2562069914769774,-33.49999785883104,-0.30694249824025854,28.2193248371795,-0.055020528572734165,-0.15829242358831433,-0.00052764,0.22709911394486978,0.0018549,1,1.0
354,-0.0024605888418031685,0.05696593704721612,0.00043068,1.1211449964209517,4.787338469101568,-14.336198627055351,0.5339017083921984,13.160820644970295,0.08613346713151913,-49.53276931089727,-0.2562069914769774,-60.893809525319135,-0.30694249824025854,29.042890408236886,-0.055020528572734165,-0.11996048069544593,-0.00052764,0.14157373408412807,0.0018549,1,1.0
355,-0.002057520113436448,0.061498288557871206,0.00043068,1.1211449964209517,4.787338469101568,-4.207495246511668,0.5339017083921984,11.308908975831397,0.08613346713151913,-49.10026349008186,-0.2562069914769774,34.54257870639182,-0.30694249824025854,15.840546456944502,-0.055020528572734165,-0.02182017090148855,-0.00052764,0.12497773459264216,0.0018549,1,1.0
356,0.1455452908717036,0.008560294831044549,0.00043068,1.1211449964209517,4.787338469101568,-24.372435198772287,0.5339017083921984,3.056801967620034,0.08613346713151913,-26.779407914348035,-0.2562069914769774,36.912224199906824,-0.30694249824025854,25.817687099358047,-0.055020528572734165,-0.028820408972082445,-0.00052764,0.03547776880670296,0.0018549,1,1.0
357,0.15112734391881932,0.014179336093948993,0.00043068,1.1211449964209517,4.787338469101568,-46.38419659864648,0.5339017083921984,13.008716404441719,0.08613346713151913,-82.80981994576595,-0.2562069914769774,18.329654430952374,-0.30694249824025854,59.20906461191146,-0.055020528572734165,-0.07151758661336005,-0.00052764,0.07008730691143758,0.0018549,1,1.0
358,0.03499348725649444,0.19824933038673997,0.00043068,1.1211449964209517,4.787338469101568,-38.113078071517464,0.5339017083921984,-6.239258711041238,0.08613346713151913,-66.19522221134805,-0.2562069914769774,-63.53451249030726,-0.30694249824025854,60.15070943160698,-0.055020528572734165,-0.22375883252487383,-0.00052764,0.22217206671022105,0.0018549,1,1.0
359,0.1213623481507429,0.014793433940671704,0.00043068,1.1211449964209517,4.787338469101568,-26.49265501371404,0.5339017083921984,16.11599256820479,0.08613346713151913,-47.35696785569045,-0.2562069914769774,-30.266151355175946,-0.30694249824025854,35.112370327826774,-0.055020528572734165,-0.07684739198040338,-0.00052764,0.0784007456401126,0.0018549,1,1.0
360,0.002966135982594792,0.10908802444475471,0.00043068,1.1211449964209517,4.787338469101568,13.316653033376923,0.5339017083921984,21.316696114382903,0.08613346713151913,-34.110873317238465,-0.2562069914769774,-32.04260841565084,-0.30694249824025854,2.5903305072689697,-0.055020528572734165,-0.03709231272866276,-0.00052764,0.21179171187862594,0.0018549,1,1.0
361,0.08344183984741829,0.03845645718748214,0.00043068,1.1211449964209517,4.787338469101568,-25.84848078175697,0.5339017083921984,21.645789220764964,0.08613346713151913,-61.20494141679616,-0.2562069914769774,-53.60536529215832,-0.30694249824025854,38.881369595818846,-0.055020528572734165,-0.11830089775805626,-0.00052764,0.1251100529624699,0.0018549,1,1.0
362,0.1300584287814733,0.008296890630778335,0.00043068,1.1211449964209517,4.787338469101568,-17.228092672079516,0.5339017083921984,-2.613969943097592,0.08613346713151913,-6.084729168163705,-0.2562069914769774,20.93913904704381,-0.30694249824025854,16.58816542388988,-0.055020528572734165,-0.03760788394956372,-0.00052764,0.038885098736089245,0.0018549,1,1.0
363,0.11782998347971285,0.026645119897652874,0.00043068,1.1211449964209517,4.787338469101568,-23.916705994875805,0.5339017083921984,11.913004675912621,0.08613346713151913,-48.82256291512894,-0.2562069914769774,-1.0984806052475538,-0.30694249824025854,33.85410548382656,-0.055020528572734165,-0.03683156417450982,-0.00052764,0.0784589127210248,0.0018549,1,1.0
364,0.059958824689007574,0.006798674125330549,0.00043068,1.1211449964209517,4.787338469101568,-14.610940305837058,0.5339017083921984,8.594375719103306,0.08613346713151913,-26.94793387013063,-0.2562069914769774,-13.359077660966939,-0.30694249824025854,19.218700039834903,-0.055020528572734165,-0.042752165631110575,-0.00052764,0.04092090340439493,0.0018549,1,1.0
365,0.05941088738295605,0.0204044608055391,0.00043068,1.1211449964209517,4.787338469101568,-31.445716724821068,0.5339017083921984,18.745179449876403,0.08613346713151913,-80.37876361721746,-0.2562069914769774,52.44594689669887,-0.30694249824025854,40.15369381506796,-0.055020528572734165,-0.08377239533450141,-0.00052764,0.08697536132399718,0.0018549,1,1.0
366,0.25560715710844395,0.011922500447135784,0.00043068,1.1211449964209517,4.787338469101568,-48.0493499176214,0.5339017083921984,11.83484256121822,0.08613346713151913,-58.68762355446669,-0.2562069914769774,-41.17597887167637,-0.30694249824025854,60.45390171565924,-0.055020528572734165,-0.05868333127620337,-0.00052764,0.06153934798928766,0.0018549,1,1.0
367,0.03023618981403599,0.09388540178529214,0.00043068,1.1211449964209517,4.787338469101568,12.882970083502233,0.5339017083921984,1.699470981954446,0.08613346713151913,-19.584551441867973,-0.2562069914769774,68.94720460841809,-0.30694249824025854,-2.3694291376585017,-0.055020528572734165,0.051319280167571604,-0.00052764,0.156671881898933,0.0018549,0,1.0
368,0.004645731085098637,0.18857583350445178,0.00043068,1.1211449964209517,4.787338469101568,64.92561528143233,0.5339017083921984,28.591669306721354,0.08613346713151913,-13.992139697100665,-0.2562069914769774,23.603775150228277,-0.30694249824025854,-38.90523005821149,-0.055020528572734165,0.11672080203834503,-0.00052764,0.40790799770142305,0.0018549,0,1.0
369,0.10366137570859538,0.02065448418969349,0.00043068,1.1211449964209517,4.787338469101568,-35.1737253466548,0.5339017083921984,16.185876794837377,0.08613346713151913,-70.9943847436967,-0.2562069914769774,-19.572456627199195,-0.30694249824025854,48.23960331583342,-0.055020528572734165,-0.09657333553929717,-0.00052764,0.09613517042398712,0.0018549,1,1.0
370,0.13943818008867254,0.05805514802341577,0.00043068,1.1211449964209517,4.787338469101568,-35.131520164077344,0.5339017083921984,8.460038154183877,0.08613346713151913,-75.25022939515237,-0.2562069914769774,34.178494486292095,-0.30694249824025854,50.9388053621773,-0.055020528572734165,-0.04182034263062581,-0.00052764,0.11950411975297548,0.0018549,1,1.0
371,0.029758829213733656,0.02462073802181876,0.00043068,1.1211449964209517,4.787338469101568,-19.041590490414798,0.5339017083921984,0.6184216587086659,0.08613346713151913,-39.995968818219005,-0.2562069914769774,10.82991811654112,-0.30694249824025854,27.724236998166862,-0.055020528572734165,-0.059259876840441324,-0.00052764,0.07324636347831698,0.0018549,1,1.0
372,0.06182370901967062,0.04745376886219431,0.00043068,1.1211449964209517,4.787338469101568,-14.327033557561867,0.5339017083921984,17.131465187658517,0.08613346713151913,-45.57851489260259,-0.2562069914769774,63.0605067083099,-0.30694249824025854,15.85431016730601,-0.055020528572734165,-0.08303760803119267,-0.00052764,0.10781729665543416,0.0018549,1,1.0
373,0.296880921012151,0.01483408635455301,0.00043068,1.1211449964209517,4.787338469101568,-54.26805533142783,0.5339017083921984,16.661101671786593,0.08613346713151913,-66.63034223044504,-0.2562069914769774,-61.981811200577305,-0.30694249824025854,68.65802105528657,-0.055020528572734165,-0.0801193443347298,-0.00052764,0.08060459136215274,0.0018549,1,1.0
374,0.23879129885981182,0.04630559908596574,0.00043068,1.1211449964209517,4.787338469101568,-44.3250727001739,0.5339017083921984,3.4577253385305795,0.08613346713151913,-47.742260335378994,-0.2562069914769774,-60.579475912291315,-0.30694249824025854,59.16316625923689,-0.055020528572734165,-0.08172569612270157,-0.00052764,0.09999810371761471,0.0018549,1,1.0
375,0.09448307260137404,0.0017492992619095754,0.00043068,1.1211449964209517,4.787338469101568,-34.712463485515606,0.5339017083921984,6.567229782864905,0.08613346713151913,-66.6214922670917,-0.2562069914769774,85.18417684359044,-0.30694249824025854,40.066258112008455,-0.055020528572734165,-0.019368003833735076,-0.00052764,0.019686542968214545,0.0018549,1,1.0
376,0.15583403313803684,0.0030785582741132676,0.00043068,1.1211449964209517,4.787338469101568,-28.97317308072279,0.5339017083921984,6.084685395617904,0.08613346713151913,-34.21251885703107,-0.2562069914769774,-12.14347180427422,-0.30694249824025854,35.26299258898764,-0.055020528572734165,-0.02369840796737447,-0.00052764,0.024549379494717118,0.0018549,1,1.0
377,-0.006300415093590084,0.059184842070587315,0.00043068,1.1211449964209517,4.787338469101568,-0.9879271739806246,0.5339017083921984,10.884462325230047,0.08613346713151913,-39.45765703788471,-0.2562069914769774,87.59710375323428,-0.30694249824025854,4.4264408388485,-0.055020528572734165,-0.007311175781317486,-0.00052764,0.08736647091396024,0.0018549,1,1.0
378,0.2364130662655924,0.006350696907656675,0.00043068,1.1211449964209517,4.787338469101568,-40.33930065823421,0.5339017083921984,9.846802974691014,0.08613346713151913,-43.55741332258725,-0.2562069914769774,-38.0118173167097,-0.30694249824025854,49.54358321165109,-0.055020528572734165,-0.04035271802129444,-0.00052764,0.04152335704130674,0.0018549,1,1.0
379,0.00038360391458353016,0.13938621744872667,0.00043068,1.1211449964209517,4.787338469101568,36.88332578294484,0.5339017083921984,20.395390697770335,0.08613346713151913,-25.90551281688653,-0.2562069914769774,59.52656853840756,-0.30694249824025854,-20.446424517499498,-0.055020528572734165,0.08518634677235809,-0.00052764,0.25649298844074897,0.0018549,0,1.0
380,0.17075092670204725,0.005825799787597297,0.00043068,1.1211449964209517,4.787338469101568,-40.747847257868706,0.5339017083921984,5.250764963889358,0.08613346713151913,-59.47563863853923,-0.2562069914769774,49.730483489249494,-0.30694249824025854,47.560948124593665,-0.055020528572734165,-0.007441960318168189,-0.00052764,0.010271861308392726,0.0018549,1,1.0
381,0.5833797683530227,0.14914593657979092,0.00043068,1.1211449964209517,4.787338469101568,81.2262906236615,0.5339017083921984,57.77155876550324,0.08613346713151913,-77.6429754489681,-0.2562069914769774,36.26199381171145,-0.30694249824025854,-1.521171189363155,-0.055020528572734165,0.3321124104756091,-0.00052764,1.0350586588959643,0.0018549,0,1.0
382,0.1388509117009909,0.028551852431663874,0.00043068,1.1211449964209517,4.787338469101568,-35.59061202455104,0.5339017083921984,16.165581925654923,0.08613346713151913,-60.72893552415303,-0.2562069914769774,-47.07188492533325,-0.30694249824025854,48.111027468978165,-0.055020528572734165,-0.09748283137582733,-0.00052764,0.09070112028499988,0.0018549,1,1.0
383,0.16129285773362617,0.004830960039091981,0.00043068,1.1211449964209517,4.787338469101568,-33.21356769699171,0.5339017083921984,9.196785812865494,0.08613346713151913,-46.71160303092599,-0.2562069914769774,-3.61750948281233,-0.30694249824025854,40.88151675255114,-0.055020528572734165,-0.0359862930526534,-0.00052764,0.03864528145593117,0.0018549,1,1.0
384,0.2242244691283047,0.016052570923592656,0.00043068,1.1211449964209517,4.787338469101568,-38.60029737984018,0.5339017083921984,16.944990875726408,0.08613346713151913,-48.03521664975642,-0.2562069914769774,-80.71957842380296,-0.30694249824025854,50.7787066014709,-0.055020528572734165,-0.0872712973745223,-0.00052764,0.0867536774914032,0.0018549,1,1.0
385,0.5138268934307096,0.14742248227989183,0.00043068,1.1211449964209517,4.787338469101568,85.26298665638905,0.5339017083921984,46.79758753052013,0.08613346713151913,-49.686299433001615,-0.2562069914769774,63.26145810703392,-0.30694249824025854,-17.260954593830988,-0.055020528572734165,0.35362019266505185,-0.00052764,0.9124501691799715,0.0018549,0,1.0
386,0.17937970615008966,0.01665024851189221,0.00043068,1.1211449964209517,4.787338469101568,-40.298689975480926,0.5339017083921984,4.8649763117222165,0.08613346713151913,-51.942418132766456,-0.2562069914769774,-21.197528761032533,-0.30694249824025854,51.55878961138854,-0.055020528572734165,-0.059835792765738874,-0.00052764,0.06010730386650834,0.0018549,1,1.0
387,0.0108078601722372,0.03269886805756408,0.00043068,1.1211449964209517,4.787338469101568,-27.02290650374408,0.5339017083921984,0.41581918952305874,0.08613346713151913,-59.856851038317885,-0.2562069914769774,30.283108686957185,-0.30694249824025854,37.91785342497247,-0.055020528572734165,-0.08590825122074869,-0.00052764,0.08698928289261562,0.0018549,1,1.0
388,0.3077264073746194,0.013703333737020368,0.00043068,1.1211449964209517,4.787338469101568,-40.90790097538658,0.5339017083921984,3.6671574307660952,0.08613346713151913,-21.906777280685223,-0.2562069914769774,-21.047352181958686,-0.30694249824025854,44.736029673313304,-0.055020528572734165,-0.028419776489188052,-0.00052764,0.029662946958383805,0.0018549,1,1.0
389,0.08392157051216542,0.1579231206840483,0.00043068,1.1211449964209517,4.787338469101568,16.373724771797928,0.5339017083921984,27.078199244333668,0.08613346713151913,-42.13704056793594,-0.2562069914769774,-44.25925431037672,-0.30694249824025854,7.562325590863425,-0.055020528572734165,-0.012829628793103454,-0.00052764,0.30393515928804915,0.0018549,1,1.0
390,0.3392866676956092,0.021256587645779937,0.00043068,1.1211449964209517,4.787338469101568,-46.976819004621646,0.5339017083921984,12.328007373889683,0.08613346713151913,-37.982848464880405,-0.2562069914769774,-12.749205794921645,-0.30694249824025854,51.27324508696617,-0.055020528572734165,-0.0666276244021277,-0.00052764,0.06741246237577471,0.0018549,1,1.0
391,0.14889411388899776,0.01765666649728248,0.00043068,1.1211449964209517,4.787338469101568,-33.99530433757374,0.5339017083921984,15.500522127454538,0.08613346713151913,-57.8064604696238,-0.2562069914769774,15.914603415620604,-0.30694249824025854,40.53521031127519,-0.055020528572734165,-0.06954366273980747,-0.00052764,0.06561234820888975,0.0018549,1,1.0
392,0.11631508159812229,0.007752690681696067,0.00043068,1.1211449964209517,4.787338469101568,-39.85766563749532,0.5339017083921984,14.087077234165108,0.08613346713151913,-81.36468628315768,-0.2562069914769774,81.03785109364442,-0.30694249824025854,46.92022015001359,-0.055020528572734165,-0.05628394261272396,-0.00052764,0.057442249974758414,0.0018549,1,1.0
393,0.11302085281278687,0.004021848250788315,0.00043068,1.1211449964209517,4.787338469101568,-20.00406377398796,0.5339017083921984,0.08730817176856642,0.08613346713151913,-19.30388314917641,-0.2562069914769774,17.6789941231097,-0.30694249824025854,22.142870117089696,-0.055020528572734165,-0.011338008597276369,-0.00052764,0.013207298075868146,0.0018549,1,1.0
394,0.3128648984424906,0.030106661674333828,0.00043068,1.1211449964209517,4.787338469101568,-47.67798551787147,0.5339017083921984,6.76954407687983,0.08613346713151913,-38.37678873805972,-0.2562069914769774,13.090660669019616,-0.30694249824025854,50.76737640302161,-0.055020528572734165,-0.057484357402269565,-0.00052764,0.04820356576778535,0.0018549,1,1.0
395,0.15986058493264638,0.017880073827189938,0.00043068,1.1211449964209517,4.787338469101568,-36.880739240057416,0.5339017083921984,5.824042508671967,0.08613346713151913,-50.654941567395106,-0.2562069914769774,-25.752433157096068,-0.30694249824025854,48.36410326503351,-0.055020528572734165,-0.06355976764449958,-0.00052764,0.06742673446889624,0.0018549,1,1.0
396,0.32818957764573037,0.04366888535865217,0.00043068,1.1211449964209517,4.787338469101568,-36.08382000939317,0.5339017083921984,3.635690310893227,0.08613346713151913,-19.426414439336757,-0.2562069914769774,-22.851194214726696,-0.30694249824025854,42.739375010721226,-0.055020528572734165,0.013289047975188506,-0.00052764,0.042763637184422894,0.0018549,0,1.0
397,0.0007186171075781178,0.06522351129961441,0.00043068,1.1211449964209517,4.787338469101568,0.44398991041705527,0.5339017083921984,8.977872589267712,0.08613346713151913,-36.7678351268877,-0.2562069914769774,7.947621805774623,-0.30694249824025854,11.965221837431097,-0.055020528572734165,-0.02636032516091151,-0.00052764,0.14026503611259566,0.0018549,1,1.0
398,0.561160267189474,0.14303974856078525,0.00043068,1.1211449964209517,4.787338469101568,92.13059671609435,0.5339017083921984,59.69066203753598,0.08613346713151913,-68.63200920305404,-0.2562069914769774,11.206129663008097,-0.30694249824025854,-10.276812227664285,-0.055020528572734165,0.32729086611775765,-0.00052764,1.0776332872372303,0.0018549,0,1.0
399,0.28341191708150465,0.017507193462146575,0.00043068,1.1211449964209517,4.787338469101568,-47.634978741312146,0.5339017083921984,0.9437294010415176,0.08613346713151913,-41.00861450499248,-0.2562069914769774,4.978993343732347,-0.30694249824025854,54.43939648498066,-0.055020528572734165,-0.016810161850879038,-0.00052764,0.018731279733721802,0.0018549,1,1.0
400,0.11590538623968993,0.18629804473191267,0.00043068,2.1555968919717063,3.134572259162862,39.517429180079425,0.5339017083921984,10.55455065485824,0.08613346713151913,-53.97673581332897,-0.2562069914769774,-0.6048053655125303,-0.30694249824025854,13.81195152149299,-0.055020528572734165,-0.04581341796349303,-0.00052764,0.3468811805265881,0.0018549,1,1.0
401,0.6693991439997323,0.3079933443150207,0.00043068,2.1555968919717063,3.134572259162862,28.40227883222365,0.5339017083921984,10.649230628783528,0.08613346713151913,-33.94772656506441,-0.2562069914769774,-59.735122187273824,-0.30694249824025854,31.089090156553926,-0.055020528572734165,-0.10352504295630777,-0.00052764,0.3952595517800474,0.0018549,1,1.0
402,0.2570929242076283,0.13831012376139407,0.00043068,2.1555968919717063,3.134572259162862,-3.276868770621727,0.5339017083921984,11.434890153783591,0.08613346713151913,-55.4436493433602,-0.2562069914769774,4.670166649461601,-0.30694249824025854,32.128381609011484,-0.055020528572734165,-0.12976473372839573,-0.00052764,0.248849143193716,0.0018549,1,1.0
403,0.8933794980409288,0.12484245803885836,0.00043068,2.1555968919717063,3.134572259162862,-62.94304274910923,0.5339017083921984,4.0651800873391775,0.08613346713151913,-38.54281812698193,-0.2562069914769774,-20.47318949031669,-0.30694249824025854,77.14364095748863,-0.055020528572734165,-0.0814717114791577,-0.00052764,0.08027253365106017,0.0018549,1,1.0
404,0.28919827676744436,0.17337675060158708,0.00043068,2.1555968919717063,3.134572259162862,80.43278026700617,0.5339017083921984,15.523237393008602,0.08613346713151913,-40.916103981923584,-0.2562069914769774,-11.129964368937076,-0.30694249824025854,-14.430502231352339,-0.055020528572734165,0.38859976655270106,-0.00052764,0.48788858572193666,0.0018549,0,1.0
405,0.0003951915537901973,0.16066314795533546,0.00043068,2.1555968919717063,3.134572259162862,60.75503969455506,0.5339017083921984,8.80415743798575,0.08613346713151913,-25.169299677378806,-0.2562069914769774,13.446676625418862,-0.30694249824025854,-21.7859568309479,-0.055020528572734165,0.2518463639471061,-0.00052764,0.4003971852135439,0.0018549,0,1.0
406,0.28744133719834736,0.09511585883983596,0.00043068,2.1555968919717063,3.134572259162862,-14.479626470661055,0.5339017083921984,9.225043197220772,0.08613346713151913,-52.12000827621183,-0.2562069914769774,-0.800287645794246,-0.30694249824025854,39.85454288325794,-0.055020528572734165,-0.19716158870527514,-0.00052764,0.18331099802015752,0.0018549,1,1.0
407,0.011065555872039723,0.14644782523611258,0.00043068,2.1555968919717063,3.134572259162862,29.382413301208842,0.5339017083921984,7.644604996865377,0.08613346713151913,-52.456947560833704,-0.2562069914769774,48.19084694762921,-0.30694249824025854,6.0655390638286635,-0.055020528572734165,0.2287522314396941,-0.00052764,0.34146344275982504,0.0018549,0,1.0
408,0.4327448769166364,0.21598522188635874,0.00043068,2.1555968919717063,3.134572259162862,23.11382801657132,0.5339017083921984,11.874643964432735,0.08613346713151913,-38.18760799727958,-0.2562069914769774,-57.98551868106116,-0.30694249824025854,27.941931830928983,-0.055020528572734165,-0.32261480124538083,-0.00052764,0.3266604656030471,0.0018549,1,1.0
409,0.41921813500076494,0.10079338883245731,0.00043068,2.1555968919717063,3.134572259162862,-60.7659296379308,0.5339017083921984,0.9180307995456662,0.08613346713151913,-37.79566401576577,-0.2562069914769774,26.028319098645202,-0.30694249824025854,56.89970574548357,-0.055020528572734165,-0.04686864409969486,-0.00052764,0.007109474618825794,0.0018549,1,1.0
410,0.009656880464428808,0.1353429715283482,0.00043068,2.1555968919717063,3.134572259162862,26.91049869296813,0.5339017083921984,9.986420120186358,0.08613346713151913,-60.30663511968642,-0.2562069914769774,25.338866428646586,-0.30694249824025854,15.349468501976167,-0.055020528572734165,0.025213739831031645,-0.00052764,0.2729649587132101,0.0018549,0,1.0
411,0.6619146592357154,0.23560219673698563,0.00043068,2.1555968919717063,3.134572259162862,75.86683148880603,0.5339017083921984,21.82363291479194,0.08613346713151913,-74.82860380219584,-0.2562069914769774,-23.882256014573436,-0.30694249824025854,17.079246076440914,-0.055020528572734165,0.3758922878047671,-0.00052764,0.6097004596139601,0.0018549,0,1.0
412,0.030744477094632405,0.12258307338792357,0.00043068,2.1555968919717063,3.134572259162862,-41.806964233740366,0.5339017083921984,6.92978543778916,0.08613346713151913,-84.90172731908642,-0.2562069914769774,66.8825727253242,-0.30694249824025854,57.19320518870171,-0.055020528572734165,-0.16459799746697615,-0.00052764,0.11591702653848004,0.0018549,1,1.0
413,0.4617846993951218,0.20081966925073744,0.00043068,2.1555968919717063,3.134572259162862,3.8156977772927734,0.5339017083921984,12.643179827785453,0.08613346713151913,-59.57910943605374,-0.2562069914769774,-32.281356871699636,-0.30694249824025854,45.67299511513886,-0.055020528572734165,-0.30194510308523315,-0.00052764,0.31554824767854295,0.0018549,1,1.0
414,0.20154466264601162,0.07766282483391089,0.00043068,2.1555968919717063,3.134572259162862,21.051513740027318,0.5339017083921984,6.105798999450143,0.08613346713151913,-15.80628929839669,-0.2562069914769774,-34.90492265841712,-0.30694249824025854,8.476344169161603,-0.055020528572734165,-0.15845130740416064,-0.00052764,0.19049453369728425,0.0018549,1,1.0
415,0.13581848605173097,0.08558977822213026,0.00043068,2.1555968919717063,3.134572259162862,10.969728615310144,0.5339017083921984,9.187477731027567,0.08613346713151913,-37.4881979183988,-0.2562069914769774,-14.069007029707043,-0.30694249824025854,17.6353167475555,-0.055020528572734165,-0.19979968716481206,-0.00052764,0.20119890813019564,0.0018549,1,1.0
416,-0.05608554994419124,0.2098141757854565,0.00043068,2.1555968919717063,3.134572259162862,-0.32849440900412213,0.5339017083921984,0.3992692763234268,0.08613346713151913,-28.54038388365437,-0.2562069914769774,40.65290944385949,-0.30694249824025854,10.892871969403624,-0.055020528572734165,0.02759615279563314,-0.00052764,0.1724006906194503,0.0018549,0,1.0
417,0.3980821830583864,0.19622074123379835,0.00043068,2.1555968919717063,3.134572259162862,23.718465986274683,0.5339017083921984,11.530647021159318,0.08613346713151913,-38.349079332821425,-0.2562069914769774,-50.1403367843477,-0.30694249824025854,25.497358685026747,-0.055020528572734165,-0.26728884315661944,-0.00052764,0.3152952370395444,0.0018549,1,1.0
418,0.3858483631304501,0.3653860217414225,0.00043068,2.1555968919717063,3.134572259162862,6.605613028056155,0.5339017083921984,16.197641869483085,0.08613346713151913,-37.40473197904842,-0.2562069914769774,-39.74695124182337,-0.30694249824025854,19.89298535686639,-0.055020528572734165,-0.3233993003625811,-0.00052764,0.3703360014187003,0.0018549,1,1.0
419,0.3291902619652485,0.1296304239102373,0.00043068,2.1555968919717063,3.134572259162862,-15.914345678918286,0.5339017083921984,10.660936990182208,0.08613346713151913,-43.27215066758603,-0.2562069914769774,-8.507208756020656,-0.30694249824025854,33.60768447759546,-0.055020528572734165,-0.2197114355553414,-0.00052764,0.22397291735717811,0.0018549,1,1.0
420,0.2378965115845758,0.050044863501015655,0.00043068,2.1555968919717063,3.134572259162862,0.11410543113874538,0.5339017083921984,0.87832086169606,0.08613346713151913,-5.7285430463843,-0.2562069914769774,-21.647132244713717,-0.30694249824025854,14.939399853733823,-0.055020528572734165,-0.11695317934807403,-0.00052764,0.12660627945734174,0.0018549,1,1.0
421,0.06778618913424694,0.09803967746765845,0.00043068,2.1555968919717063,3.134572259162862,20.80943403840182,0.5339017083921984,5.336243776287366,0.08613346713151913,-20.918554327531236,-0.2562069914769774,3.0704070922172955,-0.30694249824025854,0.7217084465492318,-0.055020528572734165,0.0900456551691532,-0.00052764,0.14876402181775658,0.0018549,0,1.0
422,0.049033937184614074,0.06791755981238759,0.00043068,2.1555968919717063,3.134572259162862,-46.3309574375357,0.5339017083921984,-3.369806379081255,0.08613346713151913,-37.85685000186098,-0.2562069914769774,65.14589997915554,-0.30694249824025854,39.25859048908206,-0.055020528572734165,-0.08588528478201844,-0.00052764,0.13449108587612674,0.0018549,1,1.0
423,0.1807581261970237,0.16098954286907052,0.00043068,2.1555968919717063,3.134572259162862,44.47324915029501,0.5339017083921984,10.678765993657057,0.08613346713151913,-50.52625464702409,-0.2562069914769774,23.66356714421786,-0.30694249824025854,4.058058096900433,-0.055020528572734165,0.3135113233851188,-0.00052764,0.3682437036415076,0.0018549,0,1.0
424,0.037175366289013904,0.09752484959827473,0.00043068,2.1555968919717063,3.134572259162862,-6.95875884224443,0.5339017083921984,0.8185107583569153,0.08613346713151913,-37.3875759497526,-0.2562069914769774,26.94041172529328,-0.30694249824025854,26.0404739714173,-0.055020528572734165,-0.12117823238970218,-0.00052764,0.17599641414864173,0.0018549,1,1.0
425,0.4946169931742188,0.17313476093309904,0.00043068,2.1555968919717063,3.134572259162862,90.13386733242893,0.5339017083921984,23.60327477663614,0.08613346713151913,-79.87897852029751,-0.2562069914769774,-11.091959245139154,-0.30694249824025854,4.940932193738913,-0.055020528572734165,0.40398588568068694,-0.00052764,0.6581424766463407,0.0018549,0,1.0
426,0.07272016171941226,0.15626489056744336,0.00043068,2.1555968919717063,3.134572259162862,29.10701805228192,0.5339017083921984,7.1997389539816306,0.08613346713151913,-55.560377761508065,-0.2562069914769774,44.31886075678855,-0.30694249824025854,12.139330103265982,-0.055020528572734165,0.22324656941748316,-0.00052764,0.3475514676433004,0.0018549,0,1.0
427,0.2875507132896683,0.06964830647376664,0.00043068,2.1555968919717063,3.134572259162862,-20.126179078003087,0.5339017083921984,9.29334691025982,0.08613346713151913,-61.82122855473339,-0.2562069914769774,10.711822998108692,-0.30694249824025854,46.906809656223835,-0.055020528572734165,-0.18583310306940853,-0.00052764,0.1858338553565257,0.0018549,1,1.0
428,-0.24321438103347187,0.6509270167295753,0.00043068,2.1555968919717063,3.134572259162862,3.263287292069519,0.5339017083921984,3.764255115402234,0.08613346713151913,-16.33667677710282,-0.2562069914769774,37.032311920247835,-0.30694249824025854,-10.445691923576696,-0.055020528572734165,-0.1439302193839435,-0.00052764,0.24963515549954415,0.0018549,1,1.0
429,0.5328165592412386,0.10520502404513965,0.00043068,2.1555968919717063,3.134572259162862,-37.65744131934643,0.5339017083921984,9.61861297898189,0.08613346713151913,-74.16317108020053,-0.2562069914769774,14.328807339087021,-0.30694249824025854,68.61182066642036,-0.055020528572734165,-0.12615917293202916,-0.00052764,0.19862144131516457,0.0018549,1,1.0
430,0.3312158849377005,0.17345111787586776,0.00043068,2.1555968919717063,3.134572259162862,46.639260922383315,0.5339017083921984,17.511556574891497,0.08613346713151913,-84.11264876991446,-0.2562069914769774,26.340440075706574,-0.30694249824025854,21.997407887325352,-0.055020528572734165,0.303273149417094,-0.00052764,0.47989781639627943,0.0018549,0,1.0
431,0.01429297353701059,0.17471264137139242,0.00043068,2.1555968919717063,3.134572259162862,43.01034936589672,0.5339017083921984,4.063450806315411,0.08613346713151913,-24.87581107177912,-0.2562069914769774,20.975373456420577,-0.30694249824025854,-8.365349933786876,-0.055020528572734165,0.15651003198989955,-0.00052764,0.3721652333204283,0.0018549,0,1.0
432,0.011434593596962972,0.08184926104290433,0.00043068,2.1555968919717063,3.134572259162862,-7.187934481149878,0.5339017083921984,3.6046224548255146,0.08613346713151913,-33.409553695761545,-0.2562069914769774,35.83875555057555,-0.30694249824025854,14.83789903071633,-0.055020528572734165,0.020455705688728412,-0.00052764,0.1507712248351608,0.0018549,0,1.0
433,0.05368146494320436,0.046389444680894905,0.00043068,2.1555968919717063,3.134572259162862,-11.271137526822958,0.5339017083921984,6.6479673748423105,0.08613346713151913,-56.57337812052844,-0.2562069914769774,27.33387693493236,-0.30694249824025854,33.506566566083436,-0.055020528572734165,-0.1433162747920038,-0.00052764,0.1441450948400251,0.0018549,1,1.0
434,0.10760996544368456,0.052845427999795726,0.00043068,2.1555968919717063,3.134572259162862,-6.437154632023014,0.5339017083921984,7.722925377853883,0.08613346713151913,-47.136085320579355,-0.2562069914769774,11.397550418495364,-0.30694249824025854,27.49271325867893,-0.055020528572734165,-0.1531865188176233,-0.00052764,0.15669418353095904,0.0018549,1,1.0
435,0.22396571730308049,0.012416877750923726,0.00043068,2.1555968919717063,3.134572259162862,-38.26166155536783,0.5339017083921984,-0.2012047070089907,0.08613346713151913,-21.983063458159545,-0.2562069914769774,22.97014834892943,-0.30694249824025854,32.952258264914306,-0.055020528572734165,-0.04127643203471828,-0.00052764,0.04196144168267867,0.0018549,1,1.0
436,0.023037953439760145,0.019902923836951324,0.00043068,2.1555968919717063,3.134572259162862,-29.803928019216322,0.5339017083921984,-0.6259617754652216,0.08613346713151913,-36.75373950466328,-0.2562069914769774,45.536644839163486,-0.30694249824025854,31.604772910941026,-0.055020528572734165,-0.04439941403114013,-0.00052764,0.053778928678919966,0.0018549,1,1.0
437,0.19381839506266485,0.14345146177114335,0.00043068,2.1555968919717063,3.134572259162862,5.344991676825637,0.5339017083921984,10.342518963209319,0.08613346713151913,-73.38059415368326,-0.2562069914769774,26.70987458347049,-0.30694249824025854,38.1919420512748,-0.055020528572734165,-0.032904045647630886,-0.00052764,0.2762775112583337,0.0018549,1,1.0
438,0.39234017271898275,0.07538190066700047,0.00043068,2.1555968919717063,3.134572259162862,-60.807821086675695,0.5339017083921984,8.831529066776847,0.08613346713151913,-78.92650843282001,-0.2562069914769774,46.10955988297371,-0.30694249824025854,70.87931554323409,-0.055020528572734165,-0.17361818657717631,-0.00052764,0.1774207423123263,0.0018549,1,1.0
439,0.486990713890751,0.11355414952729424,0.00043068,2.1555968919717063,3.134572259162862,-6.089497686689841,0.5339017083921984,4.804336496001368,0.08613346713151913,-15.958048688831076,-0.2562069914769774,-43.964196818048144,-0.30694249824025854,31.057023510387555,-0.055020528572734165,-0.18183607137818975,-0.00052764,0.16039584956143998,0.0018549,1,1.0
440,0.5938854637088933,0.2887617744485153,0.00043068,2.1555968919717063,3.134572259162862,42.293625182302755,0.5339017083921984,19.300264307697724,0.08613346713151913,-76.51364310474347,-0.2562069914769774,-22.63073399825467,-0.30694249824025854,33.834444621179955,-0.055020528572734165,0.08351379672250284,-0.00052764,0.5007804160631346,0.0018549,0,1.0
441,0.24496954258771242,0.1804641349996104,0.00043068,2.1555968919717063,3.134572259162862,84.83573453306919,0.5339017083921984,12.155703759456468,0.08613346713151913,-17.46468047197482,-0.2562069914769774,-37.112628108009474,-0.30694249824025854,-23.807925368393047,-0.055020528572734165,0.29178190190037784,-0.00052764,0.40228677949628106,0.0018549,0,1.0
442,0.6304995336800341,0.31317808529500435,0.00043068,2.1555968919717063,3.134572259162862,11.894125707743038,0.5339017083921984,10.173188440582512,0.08613346713151913,-41.649900205710104,-0.2562069914769774,-64.44107705118799,-0.30694249824025854,44.9294366005975,-0.055020528572734165,-0.36617465232340884,-0.00052764,0.3719086237119056,0.0018549,1,1.0
443,0.6454347219212345,0.0870608745095371,0.00043068,2.1555968919717063,3.134572259162862,-54.27841443094489,0.5339017083921984,2.8935913007329086,0.08613346713151913,-20.71084505556504,-0.2562069914769774,-9.666815264268427,-0.30694249824025854,51.9256206352006,-0.055020528572734165,-0.07683555672140133,-0.00052764,0.08735655301391129,0.0018549,1,1.0
444,0.04248405744772504,0.052420978819690614,0.00043068,2.1555968919717063,3.134572259162862,-23.546081971725307,0.5339017083921984,4.053488121383366,0.08613346713151913,-62.990659906073745,-0.2562069914769774,53.23759111100379,-0.30694249824025854,41.04928748280384,-0.055020528572734165,-0.03213526594049154,-0.00052764,0.10815568751335947,0.0018549,1,1.0
445,0.4234846149184732,0.2132317637783525,0.00043068,2.1555968919717063,3.134572259162862,-17.627992783959243,0.5339017083921984,8.696091950739898,0.08613346713151913,-56.46810291348205,-0.2562069914769774,31.78234213943585,-0.30694249824025854,40.47171106867721,-0.055020528572734165,0.08905811700208507,-0.00052764,0.3135311547387927,0.0018549,0,1.0
446,0.5379585941645818,0.07242150361099324,0.00043068,2.1555968919717063,3.134572259162862,-33.063530043146834,0.5339017083921984,5.656807986987283,0.08613346713151913,-30.253026994309806,-0.2562069914769774,-17.941947775103223,-0.30694249824025854,46.181985354237554,-0.055020528572734165,-0.11285108835729842,-0.00052764,0.09794849721668326,0.0018549,1,1.0
447,1.0186589413391567,0.29914002153077346,0.00043068,2.1555968919717063,3.134572259162862,-59.68897098573211,0.5339017083921984,1.3433564728399812,0.08613346713151913,-27.875174981170524,-0.2562069914769774,-27.897456325991612,-0.30694249824025854,77.07472526976981,-0.055020528572734165,-0.07021644708569678,-0.00052764,0.18096145973305022,0.0018549,1,1.0
448,0.17072429503777942,0.2813364325389555,0.00043068,2.1555968919717063,3.134572259162862,45.832340166898874,0.5339017083921984,16.18982660134946,0.08613346713151913,-38.002357863637386,-0.2562069914769774,-45.23607064971478,-0.30694249824025854,1.2696530873033416,-0.055020528572734165,-0.25242142749515983,-0.00052764,0.3681419176872601,0.0018549,1,1.0
449,-0.03126130010607561,0.13789131747530164,0.00043068,2.1555968919717063,3.134572259162862,-2.5336511243316733,0.5339017083921984,3.5081673979576897,0.08613346713151913,-19.984244459811112,-0.2562069914769774,22.3811023893248,-0.30694249824025854,4.55644134960221,-0.055020528572734165,-0.04907114649356632,-0.00052764,0.15300736040652413,0.0018549,1,1.0
450,0.049599638455220085,0.1354499317857873,0.00043068,2.1555968919717063,3.134572259162862,85.0198087512071,0.5339017083921984,11.247271745902863,0.08613346713151913,-29.502632616827324,-0.2562069914769774,-4.803347227426817,-0.30694249824025854,-25.80961005224062,-0.055020528572734165,0.3349115949710982,-0.00052764,0.4075054695401878,0.0018549,0,1.0
451,0.5660834912983994,0.3735170962486506,0.00043068,2.1555968919717063,3.134572259162862,47.394718432197195,0.5339017083921984,11.811445263799659,0.08613346713151913,-27.300880628504654,-0.2562069914769774,-84.25651953670443,-0.30694249824025854,20.041597140218283,-0.055020528572734165,-0.2912593518858157,-0.00052764,0.44639654456614236,0.0018549,1,1.0
452,0.18336622601551716,0.04798543419901849,0.00043068,2.1555968919717063,3.134572259162862,-2.1285671044074084,0.5339017083921984,6.851266829984516,0.08613346713151913,-26.627972355997297,-0.2562069914769774,-9.7607899670884,-0.30694249824025854,17.919020163839924,-0.055020528572734165,-0.13147550446512118,-0.00052764,0.14047873560989416,0.0018549,1,1.0
453,0.16984238083062075,0.13639614012611087,0.00043068,2.1555968919717063,3.134572259162862,22.860307213602077,0.5339017083921984,10.065859946991017,0.08613346713151913,-39.13947677808703,-0.2562069914769774,-27.585898511149164,-0.30694249824025854,17.305096669020003,-0.055020528572734165,-0.2516843020791801,-0.00052764,0.25991843514542917,0.0018549,1,1.0
454,0.47346180945776983,0.11890725396427416,0.00043068,2.1555968919717063,3.134572259162862,-16.354604824702808,0.5339017083921984,1.6675293326233054,0.08613346713151913,-20.160373115625017,-0.2562069914769774,-25.497508008656542,-0.30694249824025854,38.86716266759408,-0.055020528572734165,-0.18479653351311054,-0.00052764,0.18423548079588614,0.0018549,1,1.0
455,0.08819973935141312,0.22610118665107581,0.00043068,2.1555968919717063,3.134572259162862,26.291193803438723,0.5339017083921984,2.886050916904092,0.08613346713151913,-38.28784398856704,-0.2562069914769774,31.50399680924999,-0.30694249824025854,10.39563867631989,-0.055020528572734165,0.07602004609389201,-0.00052764,0.3989129958452574,0.0018549,0,1.0
456,0.004556631935723365,0.17092508482722926,0.00043068,2.1555968919717063,3.134572259162862,36.30913624793975,0.5339017083921984,5.556042007843998,0.08613346713151913,-37.63011208066593,-0.2562069914769774,42.38630439543409,-0.30694249824025854,-3.7917878380076377,-0.055020528572734165,0.20272965182467084,-0.00052764,0.42085536574982085,0.0018549,0,1.0
457,0.22032940949080748,0.16278184903703152,0.00043068,2.1555968919717063,3.134572259162862,41.740762771864155,0.5339017083921984,10.877859962708806,0.08613346713151913,-77.464915166344,-0.2562069914769774,52.786806036725444,-0.30694249824025854,20.398684247120702,-0.055020528572734165,0.33241443167919493,-0.00052764,0.5172151234005296,0.0018549,0,1.0
458,-0.003465251285813986,0.09541347943218137,0.00043068,2.1555968919717063,3.134572259162862,66.89984739572832,0.5339017083921984,13.89200416910501,0.08613346713151913,-77.85452041003468,-0.2562069914769774,51.20941283374859,-0.30694249824025854,0.3564581990286594,-0.055020528572734165,0.4101056143907582,-0.00052764,0.4489136317559388,0.0018549,0,1.0
459,0.010474821180245009,0.15269299566025007,0.00043068,2.1555968919717063,3.134572259162862,37.23792506167392,0.5339017083921984,11.621247500062044,0.08613346713151913,-76.30087134892004,-0.2562069914769774,41.12629778494637,-0.30694249824025854,17.561843323838765,-0.055020528572734165,0.1311690797506967,-0.00052764,0.3534404122250856,0.0018549,0,1.0
460,0.4185740327663028,0.23272854250656216,0.00043068,2.1555968919717063,3.134572259162862,63.749211375026654,0.5339017083921984,19.081794885376222,0.08613346713151913,-64.16581912033031,-0.2562069914769774,-0.4755535230444521,-0.30694249824025854,5.392455991095291,-0.055020528572734165,0.3147000680499209,-0.00052764,0.5700402306749321,0.0018549,0,1.0
461,0.32277755691573784,0.2279121721757041,0.00043068,2.1555968919717063,3.134572259162862,76.87803793845434,0.5339017083921984,14.77743805338163,0.08613346713151913,-72.90493615485627,-0.2562069914769774,5.069137270396751,-0.30694249824025854,11.369561226964757,-0.055020528572734165,0.23372023077125262,-0.00052764,0.6262682163914465,0.0018549,0,1.0
462,0.2960647333156491,0.1733140389758177,0.00043068,2.1555968919717063,3.134572259162862,90.09485064610563,0.5339017083921984,12.831204933229195,0.08613346713151913,-42.42400407813269,-0.2562069914769774,-9.97136731633537,-0.30694249824025854,-12.216043500565098,-0.055020528572734165,0.3506189222226846,-0.00052764,0.5919840269494379,0.0018549,0,1.0
463,0.2789294447788718,0.04325983327690543,0.00043068,2.1555968919717063,3.134572259162862,-22.841740474819215,0.5339017083921984,7.257776568715641,0.08613346713151913,-53.9322799478666,-0.2562069914769774,12.43208720589176,-0.30694249824025854,44.37287010387392,-0.055020528572734165,-0.1409971123849814,-0.00052764,0.1441741160949689,0.0018549,1,1.0
464,-0.007132910014749805,0.14609143688897724,0.00043068,2.1555968919717063,3.134572259162862,15.600507669063392,0.5339017083921984,10.32808595867321,0.08613346713151913,-53.91670623914454,-0.2562069914769774,22.86457839761555,-0.30694249824025854,14.016526647901577,-0.055020528572734165,-0.05216091859523281,-0.00052764,0.24448007354412354,0.0018549,1,1.0
465,0.5128351883806133,0.09456559290067577,0.00043068,2.1555968919717063,3.134572259162862,-96.80081607170618,0.5339017083921984,6.452942033700856,0.08613346713151913,-88.1971617046286,-0.2562069914769774,73.28940742768485,-0.30694249824025854,92.55264316997803,-0.055020528572734165,-0.18137788104667674,-0.00052764,0.18449975964415444,0.0018549,1,1.0
466,0.05638507169293272,0.0660406581972779,0.00043068,2.1555968919717063,3.134572259162862,-10.43041871598233,0.5339017083921984,7.990138998891623,0.08613346713151913,-50.11945658674485,-0.2562069914769774,22.840905309558202,-0.30694249824025854,26.68958091172409,-0.055020528572734165,-0.14689729913826644,-0.00052764,0.16379031378254505,0.0018549,1,1.0
467,0.3425340845468267,0.06338562738773876,0.00043068,2.1555968919717063,3.134572259162862,-21.693750520411562,0.5339017083921984,0.38917846707258563,0.08613346713151913,-20.58647307177207,-0.2562069914769774,-5.27738513042962,-0.30694249824025854,34.86634358263668,-0.055020528572734165,-0.12266516938590692,-0.00052764,0.12464742593093163,0.0018549,1,1.0
468,0.14724196035440962,0.2212411008235099,0.00043068,2.1555968919717063,3.134572259162862,53.740323810009336,0.5339017083921984,13.665299875591536,0.08613346713151913,-22.249396142010593,-0.2562069914769774,-40.9219102805951,-0.30694249824025854,-12.064326539867304,-0.055020528572734165,-0.07597387240055495,-0.00052764,0.33908833935006566,0.0018549,1,1.0
469,0.5567333468935826,0.06716537342258735,0.00043068,2.1555968919717063,3.134572259162862,-47.44972525388971,0.5339017083921984,2.711444433206856,0.08613346713151913,-43.14546279927703,-0.2562069914769774,5.0997587145077174,-0.30694249824025854,62.05644041077347,-0.055020528572734165,-0.09361186755528543,-0.00052764,0.09743217131682062,0.0018549,1,1.0
470,0.19191009785284574,0.2658845988339459,0.00043068,2.1555968919717063,3.134572259162862,14.486909206925134,0.5339017083921984,13.202643579110328,0.08613346713151913,-78.98098266633971,-0.2562069914769774,-3.325608500087534,-0.30694249824025854,42.103869281267826,-0.055020528572734165,-0.33904727179105953,-0.00052764,0.36010747762506745,0.0018549,1,1.0
471,0.7786315013680547,0.12108561970759672,0.00043068,2.1555968919717063,3.134572259162862,-81.43572502627458,0.5339017083921984,1.6855586636189055,0.08613346713151913,-58.52147734183485,-0.2562069914769774,22.71969760821872,-0.30694249824025854,90.72161370265157,-0.055020528572734165,-0.06509231966997245,-0.00052764,0.07809855535410176,0.0018549,1,1.0
472,0.20778038057584114,0.13660518516724307,0.00043068,2.1555968919717063,3.134572259162862,25.53976686365703,0.5339017083921984,10.613990714687942,0.08613346713151913,-32.671928358280695,-0.2562069914769774,-38.507111975702195,-0.30694249824025854,13.78936903568646,-0.055020528572734165,-0.2564496829260517,-0.00052764,0.2595958539361331,0.0018549,1,1.0
473,0.6905507032496448,0.27954156677772496,0.00043068,2.1555968919717063,3.134572259162862,25.773692531271788,0.5339017083921984,14.927325214312795,0.08613346713151913,-40.36372729481524,-0.2562069914769774,-52.985042312587176,-0.30694249824025854,28.52797393976142,-0.055020528572734165,0.005958549612574193,-0.00052764,0.3684782156387589,0.0018549,0,1.0
474,0.16867833996135884,0.17755418564979455,0.00043068,2.1555968919717063,3.134572259162862,12.926116650112212,0.5339017083921984,13.5617243375834,0.08613346713151913,-64.24577339020172,-0.2562069914769774,2.6107063088284335,-0.30694249824025854,27.67916853100317,-0.055020528572734165,-0.17239910788383978,-0.00052764,0.3006844484833308,0.0018549,1,1.0
475,-0.044568844169425303,0.2556541426856844,0.00043068,2.1555968919717063,3.134572259162862,63.33021790281434,0.5339017083921984,9.024618822004204,0.08613346713151913,-27.318924401265477,-0.2562069914769774,22.1556009842785,-0.30694249824025854,-24.84051021085152,-0.055020528572734165,0.24704862184024307,-0.00052764,0.4606794890160694,0.0018549,0,1.0
476,0.1259440450624908,0.009415297663585263,0.00043068,2.1555968919717063,3.134572259162862,-41.633756804551645,0.5339017083921984,1.9431669620882586,0.08613346713151913,-42.537102927516884,-0.2562069914769774,44.91940585711725,-0.30694249824025854,39.15079374845934,-0.055020528572734165,-0.05868840920022661,-0.00052764,0.06180792805481364,0.0018549,1,1.0
477,0.09172953003889295,0.08452569785521258,0.00043068,2.1555968919717063,3.134572259162862,80.43443456249743,0.5339017083921984,18.36072256387627,0.08613346713151913,-79.10536133661024,-0.2562069914769774,38.647128986559565,-0.30694249824025854,-6.0464646124407615,-0.055020528572734165,0.4215735174343534,-0.00052764,0.5779672763499224,0.0018549,0,1.0
478,0.17629953853355917,0.0822586630392122,0.00043068,2.1555968919717063,3.134572259162862,-28.08122837000264,0.5339017083921984,7.8108876116536115,0.08613346713151913,-53.14648519572059,-0.2562069914769774,29.620842197942515,-0.30694249824025854,37.579572428045914,-0.055020528572734165,-0.14599354180260724,-0.00052764,0.17987175346818893,0.0018549,1,1.0
479,0.29399151741482377,0.2063675552439529,0.00043068,2.1555968919717063,3.134572259162862,-0.6420945115318396,0.5339017083921984,14.413870282132365,0.08613346713151913,-56.00659234189331,-0.2562069914769774,-16.105400733550404,-0.30694249824025854,32.69517174725618,-0.055020528572734165,-0.2937008955700841,-0.00052764,0.29595747499383956,0.0018549,1,1.0
480,0.0903186282525239,0.15402785150402687,0.00043068,2.1555968919717063,3.134572259162862,62.23303937562911,0.5339017083921984,8.834801823637582,0.08613346713151913,-30.37705118914914,-0.2562069914769774,4.083573264660739,-0.30694249824025854,-13.316961691564973,-0.055020528572734165,0.27305590061135165,-0.00052764,0.3634690671270756,0.0018549,0,1.0
481,0.007848805578934637,0.08172735323066724,0.00043068,2.1555968919717063,3.134572259162862,8.74002996650547,0.5339017083921984,8.069183885169654,0.08613346713151913,-48.703869945807924,-0.2562069914769774,10.813386294290517,-0.30694249824025854,19.941730460190378,-0.055020528572734165,-0.16408262406349414,-0.00052764,0.1892935213937734,0.0018549,1,1.0
482,0.18644050308113214,0.24722162567085135,0.00043068,2.1555968919717063,3.134572259162862,3.619899727431837,0.5339017083921984,-1.1225676512789717,0.08613346713151913,-21.293161306002133,-0.2562069914769774,22.344388208539915,-0.30694249824025854,17.122259177782134,-0.055020528572734165,-0.022741209627556352,-0.00052764,0.348817980577093,0.0018549,1,1.0
483,0.006821223956806621,0.19269253270992764,0.00043068,2.1555968919717063,3.134572259162862,37.7509778731022,0.5339017083921984,4.7433193469418935,0.08613346713151913,-45.91909397760995,-0.2562069914769774,46.626863435091565,-0.30694249824025854,2.916084993688686,-0.055020528572734165,0.17764099890472795,-0.00052764,0.44934067568347913,0.0018549,0,1.0
484,0.2961796307947222,0.18898654762718972,0.00043068,2.1555968919717063,3.134572259162862,49.90076548675358,0.5339017083921984,11.496901363866032,0.08613346713151913,-16.118473058501458,-0.2562069914769774,-65.68423670616993,-0.30694249824025854,-1.4403043315556896,-0.055020528572734165,-0.1759390117830545,-0.00052764,0.3167710283940893,0.0018549,1,1.0
485,0.05357571331586064,0.06095397839016486,0.00043068,2.1555968919717063,3.134572259162862,-33.61048520189409,0.5339017083921984,-1.458651797754789,0.08613346713151913,-43.718223540213295,-0.2562069914769774,50.3657825663023,-0.30694249824025854,39.83545694794749,-0.055020528572734165,-0.10900767201170936,-0.00052764,0.11715336768256104,0.0018549,1,1.0
486,0.10913355622060184,0.14307947144472144,0.00043068,2.1555968919717063,3.134572259162862,35.31077780563866,0.5339017083921984,7.167234102703599,0.08613346713151913,-30.756823776626973,-0.2562069914769774,-13.278630620936173,-0.30694249824025854,5.409774720294615,-0.055020528572734165,-0.05739953604318937,-0.00052764,0.2717521252887565,0.0018549,1,1.0
487,0.08524777629706082,0.10195569181149298,0.00043068,2.1555968919717063,3.134572259162862,57.92391558998358,0.5339017083921984,12.829757483055753,0.08613346713151913,-85.31596510649167,-0.2562069914769774,60.943502498684765,-0.30694249824025854,11.586479238100756,-0.055020528572734165,0.3851458025007098,-0.00052764,0.5316532698213621,0.0018549,0,1.0
488,0.01611463683664631,0.1382165115361887,0.00043068,2.1555968919717063,3.134572259162862,-28.582045747017336,0.5339017083921984,-1.0556051724575037,0.08613346713151913,-28.971077686494663,-0.2562069914769774,60.91705594973623,-0.30694249824025854,21.203024141399514,-0.055020528572734165,-0.051380788263262825,-0.00052764,0.2589162041126857,0.0018549,1,1.0
489,0.05677089256756218,0.11640331937124702,0.00043068,2.1555968919717063,3.134572259162862,3.019474859521865,0.5339017083921984,9.861340737712148,0.08613346713151913,-65.0874681333756,-0.2562069914769774,15.418193059791784,-0.30694249824025854,32.55650768487356,-0.055020528572734165,-0.2278774590273055,-0.00052764,0.2309351287823972,0.0018549,1,1.0
490,2.5617657205267985e-05,0.18613442775350292,0.00043068,2.1555968919717063,3.134572259162862,79.36883687541507,0.5339017083921984,6.141611333239869,0.08613346713151913,-28.060408207399256,-0.2562069914769774,36.183864686142144,-0.30694249824025854,-27.814466186597443,-0.055020528572734165,0.2879849371885681,-0.00052764,0.7162203895157637,0.0018549,0,1.0
491,0.031078949381863064,0.20458182906816996,0.00043068,2.1555968919717063,3.134572259162862,82.08887014879559,0.5339017083921984,14.655955588365105,0.08613346713151913,-44.31916262152218,-0.2562069914769774,-20.967280070412293,-0.30694249824025854,-14.685222367794928,-0.055020528572734165,0.050887046392620316,-0.00052764,0.4398190312018073,0.0018549,0,1.0
492,0.08968084435417034,0.20944554290429765,0.00043068,2.1555968919717063,3.134572259162862,-46.112035157223,0.5339017083921984,1.4341841692218997,0.08613346713151913,-58.10443856811186,-0.2562069914769774,92.3868127417653,-0.30694249824025854,41.20900143379121,-0.055020528572734165,-0.04592451425197494,-0.00052764,0.3624013795507981,0.0018549,1,1.0
493,0.28184225909524063,0.07766830614989004,0.00043068,2.1555968919717063,3.134572259162862,-5.529479191125972,0.5339017083921984,4.363046008483477,0.08613346713151913,-27.761865523138784,-0.2562069914769774,-1.355623404719523,-0.30694249824025854,24.907023348679058,-0.055020528572734165,0.009665891195223458,-0.00052764,0.12210653875579239,0.0018549,0,1.0
494,0.24850759416529922,0.2494923016914241,0.00043068,2.1555968919717063,3.134572259162862,19.569667661432366,0.5339017083921984,15.8340796084556,0.08613346713151913,-57.20042973613303,-0.2562069914769774,-30.127475069201758,-0.30694249824025854,25.918841896024425,-0.055020528572734165,-0.33437385959271887,-0.00052764,0.33879454610857757,0.0018549,1,1.0
495,0.2961498407126142,0.04679084266682726,0.00043068,2.1555968919717063,3.134572259162862,-34.42890600093288,0.5339017083921984,6.6071707541666225,0.08613346713151913,-51.89070729592986,-0.2562069914769774,22.959807028577497,-0.30694249824025854,45.95514854551258,-0.055020528572734165,-0.10211753592574412,-0.00052764,0.1294992683879479,0.0018549,1,1.0
496,0.21668350433238123,0.08101002436087491,0.00043068,2.1555968919717063,3.134572259162862,6.6659686749108,0.5339017083921984,2.9075020276511467,0.08613346713151913,-17.92395908940482,-0.2562069914769774,-20.000151399544517,-0.30694249824025854,17.92732713168078,-0.055020528572734165,-0.15864529641000905,-0.00052764,0.17894506515064837,0.0018549,1,1.0
497,0.014889370724319395,0.255279143668179,0.00043068,2.1555968919717063,3.134572259162862,85.84410204680111,0.5339017083921984,15.682539810423352,0.08613346713151913,-22.344833570190477,-0.2562069914769774,-26.27587879108247,-0.30694249824025854,-35.1966326451819,-0.055020528572734165,0.12019397603268211,-0.00052764,0.4663279866139428,0.0018549,0,1.0
498,-0.014411062732382574,0.3200771440185661,0.00043068,2.1555968919717063,3.134572259162862,35.09609008116602,0.5339017083921984,7.5475458202180405,0.08613346713151913,-29.857613645325102,-0.2562069914769774,46.02478458999454,-0.30694249824025854,-14.777572599996187,-0.055020528572734165,0.10893647307151863,-0.00052764,0.5871527329918012,0.0018549,0,1.0
499,0.12635073889025458,0.030562620153475443,0.00043068,2.1555968919717063,3.134572259162862,-8.058677008323341,0.5339017083921984,2.64904099740746,0.08613346713151913,-29.10966448075201,-0.2562069914769774,8.080775279915246,-0.30694249824025854,23.59381968446184,-0.055020528572734165,-0.08954883347267266,-0.00052764,0.10331319825126305,0.0018549,1,1.0
500,0.8934840707215037,0.52837813219716,0.00043068,0.7631940241558249,2.47659447396597,36.484034666749814,0.5339017083921984,71.51089622051269,0.08613346713151913,-79.031990455259,-0.2562069914769774,-36.46412588418536,-0.30694249824025854,2.7459949174174416,-0.055020528572734165,0.28912745087951564,-0.00052764,11.247427017221568,0.0018549,0,1.0
501,1.1016678305023535,0.5687828157633676,0.00043068,0.7631940241558249,2.47659447396597,12.537558652448132,0.5339017083921984,31.183206520151803,0.08613346713151913,-17.93691950754003,-0.2562069914769774,-41.58293979803135,-0.30694249824025854,6.236989121267429,-0.055020528572734165,0.30364483357171057,-0.00052764,4.683903991433955,0.0018549,0,1.0
502,0.7317731695345913,8.588562581390509,0.00043068,0.7631940241558249,2.47659447396597,-45.964603537098405,0.5339017083921984,-19.629605909435558,0.08613346713151913,-59.023773779739415,-0.2562069914769774,79.19739670037605,-0.30694249824025854,62.93389327266542,-0.055020528572734165,-4.014212517453792,-0.00052764,0.2331162073068902,0.0018549,1,1.0
503,0.08891167791663968,0.5431424402464732,0.00043068,0.7631940241558249,2.47659447396597,22.586065002707443,0.5339017083921984,45.65467423495051,0.08613346713151913,-62.72685319367306,-0.2562069914769774,11.728685634771272,-0.30694249824025854,-2.8288431126515605,-0.055020528572734165,0.6524786404078471,-0.00052764,6.363521904459852,0.0018549,0,1.0
504,0.12877876424028045,0.4103957085847105,0.00043068,0.7631940241558249,2.47659447396597,45.73396420000537,0.5339017083921984,42.748130869853945,0.08613346713151913,-31.64159358818427,-0.2562069914769774,-19.77157984715413,-0.30694249824025854,-28.293781807964784,-0.055020528572734165,1.2937775940524805,-0.00052764,9.27578738231457,0.0018549,0,1.0
505,0.0033962999883688783,0.06395252425303408,0.00043068,0.7631940241558249,2.47659447396597,2.998348161253818,0.5339017083921984,15.027336878170804,0.08613346713151913,-50.760135935786366,-0.2562069914769774,40.87194322602216,-0.30694249824025854,10.497941914566654,-0.055020528572734165,0.7633044294403761,-0.00052764,2.4918153830292713,0.0018549,0,1.0
506,0.7766564639444391,0.23311451247810663,0.00043068,0.7631940241558249,2.47659447396597,5.578616917355178,0.5339017083921984,29.39270859190189,0.08613346713151913,-46.25245787349847,-0.2562069914769774,-5.078595977168009,-0.30694249824025854,16.85289355951029,-0.055020528572734165,0.26755501116354274,-0.00052764,4.242587811373214,0.0018549,0,1.0
507,0.03443108879299439,0.0837938569733579,0.00043068,0.7631940241558249,2.47659447396597,6.966235497737417,0.5339017083921984,22.45301796713222,0.08613346713151913,-47.01978159557012,-0.2562069914769774,26.0954420538634,-0.30694249824025854,5.963267679583353,-0.055020528572734165,0.5413865855081363,-0.00052764,3.029870569213076,0.0018549,0,1.0
508,0.19954055116241975,0.07145863528152198,0.00043068,0.7631940241558249,2.47659447396597,22.949802665563414,0.5339017083921984,34.441018864339064,0.08613346713151913,-37.10186927564288,-0.2562069914769774,-13.92204636681832,-0.30694249824025854,-5.885161379977364,-0.055020528572734165,0.27674239306955384,-0.00052764,5.8994618167032655,0.0018549,0,1.0
509,0.535199782949733,0.7421843454886207,0.00043068,0.7631940241558249,2.47659447396597,33.34071941052528,0.5339017083921984,61.09561714315924,0.08613346713151913,-71.17172294086386,-0.2562069914769774,-9.176263082667498,-0.30694249824025854,-4.056207857287603,-0.055020528572734165,0.936798283664821,-0.00052764,9.30261707953055,0.0018549,0,1.0
510,0.005626223386555829,0.13549571316501394,0.00043068,0.7631940241558249,2.47659447396597,28.428960732556625,0.5339017083921984,38.19115103074132,0.08613346713151913,-49.14821653433602,-0.2562069914769774,6.271753602537767,-0.30694249824025854,-10.933704426847207,-0.055020528572734165,0.9154789058711335,-0.00052764,6.750633287230416,0.0018549,0,1.0
511,-0.14015804732232046,0.4483552392661628,0.00043068,0.7631940241558249,2.47659447396597,0.42784326156102775,0.5339017083921984,3.309298171217666,0.08613346713151913,-37.90090746047993,-0.2562069914769774,51.59501581902054,-0.30694249824025854,6.579658022955831,-0.055020528572734165,0.8052284438508238,-0.00052764,1.4273635914711025,0.0018549,0,1.0
512,-0.24999606334722224,0.5036561763195785,0.00043068,0.7631940241558249,2.47659447396597,18.043135562438597,0.5339017083921984,16.433595619490998,0.08613346713151913,-21.11376241592729,-0.2562069914769774,5.430211989259685,-0.30694249824025854,-11.690902684677086,-0.055020528572734165,0.41502182922305986,-0.00052764,3.57764836739207,0.0018549,0,1.0
513,0.6619244407696683,0.46762766138911893,0.00043068,0.7631940241558249,2.47659447396597,43.18168903119307,0.5339017083921984,68.7404260823805,0.08613346713151913,-85.39641871075885,-0.2562069914769774,-19.004843808061022,-0.30694249824025854,-3.2849544055733935,-0.055020528572734165,0.8399365772692251,-0.00052764,12.29068452827753,0.0018549,0,1.0
514,1.206247149908657,0.8054150441715362,0.00043068,0.7631940241558249,2.47659447396597,-13.802006349562438,0.5339017083921984,11.669012808951564,0.08613346713151913,-29.058692884153192,-0.2562069914769774,1.9212040835551472,-0.30694249824025854,30.967564044041207,-0.055020528572734165,0.16115859595998921,-0.00052764,0.960301731103693,0.0018549,0,1.0
515,-0.2401188181867444,1.3353042179471988,0.00043068,0.7631940241558249,2.47659447396597,75.08675628428927,0.5339017083921984,61.894812360751544,0.08613346713151913,-53.113901070685934,-0.2562069914769774,-11.961882490348154,-0.30694249824025854,-50.69738282070661,-0.055020528572734165,2.149586649318146,-0.00052764,14.649589625695775,0.0018549,0,1.0
516,1.907479483695817,1.4383435057114116,0.00043068,0.7631940241558249,2.47659447396597,8.162766675713884,0.5339017083921984,49.977693396102936,0.08613346713151913,-74.17182062745425,-0.2562069914769774,-31.83519967411815,-0.30694249824025854,37.28385770507212,-0.055020528572734165,0.28494078247394894,-0.00052764,8.11129061314354,0.0018549,0,1.0
517,0.06575842305797641,0.363670306834074,0.00043068,0.7631940241558249,2.47659447396597,69.02502014449261,0.5339017083921984,78.35265176341402,0.08613346713151913,-81.39330351846829,-0.2562069914769774,-24.60992969494201,-0.30694249824025854,-32.147997746940376,-0.055020528572734165,1.2630514523276304,-0.00052764,15.56754155017061,0.0018549,0,1.0
518,-0.00610189446395637,0.2944826719437253,0.00043068,0.7631940241558249,2.47659447396597,39.686041204992414,0.5339017083921984,44.594625889580186,0.08613346713151913,-29.060450172542552,-0.2562069914769774,-27.498726262754065,-0.30694249824025854,-25.515213088855365,-0.055020528572734165,0.6358529521819354,-0.00052764,7.8603124270022455,0.0018549,0,1.0
519,0.5234202849417513,0.14022719162050867,0.00043068,0.7631940241558249,2.47659447396597,1.7980304778486635,0.5339017083921984,24.324446554776888,0.08613346713151913,-48.18414440108416,-0.2562069914769774,12.230434625561998,-0.30694249824025854,16.80716641173379,-0.055020528572734165,0.34086119597718545,-0.00052764,3.1500927591478214,0.0018549,0,1.0
520,0.26458593709597455,0.05814492246003525,0.00043068,0.7631940241558249,2.47659447396597,-0.4084963592699801,0.5339017083921984,20.970484975597923,0.08613346713151913,-61.342799101853295,-0.2562069914769774,31.631164619631726,-0.30694249824025854,20.606526202298554,-0.055020528572734165,0.31482346831834196,-0.00052764,3.03024524330491,0.0018549,0,1.0
521,0.3000010928032507,0.14876124835346438,0.00043068,0.7631940241558249,2.47659447396597,-14.189376630876549,0.5339017083921984,14.391551802101384,0.08613346713151913,-74.95877947331716,-0.2562069914769774,57.95095236115213,-0.30694249824025854,35.37526075265897,-0.055020528572734165,0.2662465341905107,-0.00052764,1.306109614986536,0.0018549,0,1.0
522,1.9887524707084736,2.076037380049558,0.00043068,0.7631940241558249,2.47659447396597,33.12771977879054,0.5339017083921984,74.63772726794046,0.08613346713151913,-83.63518515153812,-0.2562069914769774,-50.96811124318674,-0.30694249824025854,18.90474130894707,-0.055020528572734165,0.9355284088227123,-0.00052764,12.698983879891362,0.0018549,0,1.0
523,0.15370573606969007,0.44211438796105423,0.00043068,0.7631940241558249,2.47659447396597,10.881148786043958,0.5339017083921984,15.693055221922629,0.08613346713151913,-44.0343166835911,-0.2562069914769774,37.286858996003204,-0.30694249824025854,2.819595880725047,-0.055020528572734165,1.325623607645464,-0.00052764,3.744038301859282,0.0018549,0,1.0
524,0.2561900571657274,0.1913739622666728,0.00043068,0.7631940241558249,2.47659447396597,34.15996751680558,0.5339017083921984,48.21821634634589,0.08613346713151913,-50.212683127563835,-0.2562069914769774,-17.53211846802443,-0.30694249824025854,-11.3110277702006,-0.055020528572734165,0.6037401558857218,-0.00052764,8.390818621018218,0.0018549,0,1.0
525,0.10787893635382506,0.25521107409084604,0.00043068,0.7631940241558249,2.47659447396597,34.53942948009492,0.5339017083921984,52.34410204443764,0.08613346713151913,-64.27606201169674,-0.2562069914769774,-1.3999374264840427,-0.30694249824025854,-10.394747403174524,-0.055020528572734165,0.8070348849786666,-0.00052764,8.651398935585817,0.0018549,0,1.0
526,0.2564911173341503,0.15669608105167868,0.00043068,0.7631940241558249,2.47659447396597,-5.706109183787743,0.5339017083921984,10.432536407584328,0.08613346713151913,-50.45235300675611,-0.2562069914769774,37.00209285565263,-0.30694249824025854,21.606741507560034,-0.055020528572734165,0.42140693025144604,-0.00052764,1.6148546609175678,0.0018549,0,1.0
527,0.00016961333419418523,0.3330357480677819,0.00043068,0.7631940241558249,2.47659447396597,56.19707162620219,0.5339017083921984,47.87728508152399,0.08613346713151913,-17.19846846181633,-0.2562069914769774,-41.357302123569994,-0.30694249824025854,-42.34120098502403,-0.055020528572734165,1.1927615079894043,-0.00052764,10.21346814109455,0.0018549,0,1.0
528,0.28150337482168464,0.24565368169321336,0.00043068,0.7631940241558249,2.47659447396597,-3.1906140560650686,0.5339017083921984,23.722280375132453,0.08613346713151913,-69.46437041757373,-0.2562069914769774,53.70127058923662,-0.30694249824025854,21.16846991613283,-0.055020528572734165,0.7850774613521663,-0.00052764,2.5847527248900057,0.0018549,0,1.0
529,-0.15500916912726215,0.7740540294379756,0.00043068,0.7631940241558249,2.47659447396597,14.15681311204378,0.5339017083921984,11.28833444920505,0.08613346713151913,-21.576567780891562,-0.2562069914769774,44.291464679960065,-0.30694249824025854,-14.337020199235273,-0.055020528572734165,1.9605361955244818,-0.00052764,2.1764649248824948,0.0018549,0,1.0
530,1.476590026258768,2.148039242443658,0.00043068,0.7631940241558249,2.47659447396597,-28.523383071187624,0.5339017083921984,2.2745777187521945,0.08613346713151913,-49.41443003449293,-0.2562069914769774,9.788619147751476,-0.30694249824025854,57.47170974874349,-0.055020528572734165,-0.5785335504667584,-0.00052764,0.5231590490620486,0.0018549,1,1.0
531,-0.0664551770433528,0.33504843809615026,0.00043068,0.7631940241558249,2.47659447396597,18.782732065208737,0.5339017083921984,41.621260132938,0.08613346713151913,-91.0827376251046,-0.2562069914769774,58.39103081944753,-0.30694249824025854,5.618040170501626,-0.055020528572734165,1.5221757915566574,-0.00052764,6.440231654685504,0.0018549,0,1.0
532,0.010683436484328346,1.1529480489148962,0.00043068,0.7631940241558249,2.47659447396597,15.66598047167648,0.5339017083921984,18.405862589329335,0.08613346713151913,-66.0541724970706,-0.2562069914769774,55.45674053214742,-0.30694249824025854,5.134902568664132,-0.055020528572734165,1.3357794921504405,-0.00052764,5.709268315516221,0.0018549,0,1.0
533,0.1653347900102815,0.018490147964896644,0.00043068,0.7631940241558249,2.47659447396597,1.063735689281699,0.5339017083921984,29.23295008845366,0.08613346713151913,-78.36842120475944,-0.2562069914769774,42.00743181516946,-0.30694249824025854,22.32371179800412,-0.055020528572734165,0.32157112929509113,-0.00052764,3.7794267790138494,0.0018549,0,1.0
534,0.2616516460494287,1.0629306586265588,0.00043068,0.7631940241558249,2.47659447396597,9.93474901467824,0.5339017083921984,9.980902221182872,0.08613346713151913,-19.723522213040514,-0.2562069914769774,45.690595617501025,-0.30694249824025854,-8.540906832103294,-0.055020528572734165,1.6272249358677962,-0.00052764,2.6438098319226575,0.0018549,0,1.0
535,0.0044751025902991515,0.05835559408117676,0.00043068,0.7631940241558249,2.47659447396597,35.62030512346905,0.5339017083921984,48.120567743999054,0.08613346713151913,-57.002304287471944,-0.2562069914769774,-9.045857156186115,-0.30694249824025854,-12.587538437043206,-0.055020528572734165,0.48576560602354935,-0.00052764,8.628363739495672,0.0018549,0,1.0
536,0.07048744190213418,0.336903915505246,0.00043068,0.7631940241558249,2.47659447396597,37.19821579775671,0.5339017083921984,38.58388008810426,0.08613346713151913,-45.7280279996564,-0.2562069914769774,-5.949025943104565,-0.30694249824025854,-16.091003052178774,-0.055020528572734165,0.8688655928040179,-0.00052764,8.634306691637292,0.0018549,0,1.0
537,0.14262480202541905,0.3095314377150482,0.00043068,0.7631940241558249,2.47659447396597,33.09671711732815,0.5339017083921984,48.060587624799716,0.08613346713151913,-45.21818568167637,-0.2562069914769774,-20.21090908177061,-0.30694249824025854,-13.600624837259206,-0.055020528572734165,0.414424338401421,-0.00052764,7.744409317367314,0.0018549,0,1.0
538,0.818122804546143,0.517615557634139,0.00043068,0.7631940241558249,2.47659447396597,-7.171114921351568,0.5339017083921984,19.162119179761547,0.08613346713151913,-63.10257772941124,-0.2562069914769774,36.201678537733954,-0.30694249824025854,30.911699488848008,-0.055020528572734165,0.9090060120272735,-0.00052764,2.600564773163452,0.0018549,0,1.0
539,0.027181761159685625,0.2718422930260278,0.00043068,0.7631940241558249,2.47659447396597,33.55178057337442,0.5339017083921984,41.28662597575144,0.08613346713151913,-61.30008425083773,-0.2562069914769774,0.6161363101926087,-0.30694249824025854,-7.776082543995097,-0.055020528572734165,0.5052093636100468,-0.00052764,8.808034405852748,0.0018549,0,1.0
540,0.3145243780194682,0.41042383700975793,0.00043068,0.7631940241558249,2.47659447396597,45.11863604765878,0.5339017083921984,60.785446780696425,0.08613346713151913,-65.45401768127994,-0.2562069914769774,-14.455182952156408,-0.30694249824025854,-16.34330978279615,-0.055020528572734165,1.1409210469815516,-0.00052764,10.86800989047837,0.0018549,0,1.0
541,1.5039761508537022,1.6098747202502546,0.00043068,0.7631940241558249,2.47659447396597,19.188374956357276,0.5339017083921984,47.80722949411534,0.08613346713151913,-69.1477693086238,-0.2562069914769774,-26.896874104163075,-0.30694249824025854,22.885304243965145,-0.055020528572734165,0.5289340795891997,-0.00052764,9.220794750002163,0.0018549,0,1.0
542,0.04706063063852328,0.14736727676651476,0.00043068,0.7631940241558249,2.47659447396597,36.13159792910059,0.5339017083921984,38.28967141189462,0.08613346713151913,-38.336564262897234,-0.2562069914769774,-13.394913139530427,-0.30694249824025854,-17.822274451790385,-0.055020528572734165,0.7137690584687366,-0.00052764,8.01392743225066,0.0018549,0,1.0
543,0.542366959312081,0.28114240660953344,0.00043068,0.7631940241558249,2.47659447396597,-7.872820860627799,0.5339017083921984,19.093467377927436,0.08613346713151913,-71.88642423229682,-0.2562069914769774,38.21320551831206,-0.30694249824025854,33.55112629125947,-0.055020528572734165,0.27734566822880447,-0.00052764,2.7918097297143927,0.0018549,0,1.0
544,0.1696476706406549,1.292065567038166,0.00043068,0.7631940241558249,2.47659447396597,43.393913665383124,0.5339017083921984,39.96249941081357,0.08613346713151913,-43.50530702802204,-0.2562069914769774,23.576895643759574,-0.30694249824025854,-28.197541134458493,-0.055020528572734165,2.8693067756620403,-0.00052764,8.598696368653442,0.0018549,0,1.0
545,0.31260108933520403,0.07247357087070398,0.00043068,0.7631940241558249,2.47659447396597,17.371770360892423,0.5339017083921984,34.9885753087901,0.08613346713151913,-52.244017654416844,-0.2562069914769774,-0.5875099398150845,-0.30694249824025854,4.310385695004651,-0.055020528572734165,0.3193772471817513,-0.00052764,5.804410507779814,0.0018549,0,1.0
546,-0.06517025815984512,0.1636707599977267,0.00043068,0.7631940241558249,2.47659447396597,8.793835157234309,0.5339017083921984,18.81448729148961,0.08613346713151913,-46.890677856454296,-0.2562069914769774,25.890459224692705,-0.30694249824025854,5.309846819944574,-0.055020528572734165,0.4316466516543449,-0.00052764,3.4202241992915803,0.0018549,0,1.0
547,0.26210830060640444,0.1493243981095134,0.00043068,0.7631940241558249,2.47659447396597,18.621958263439748,0.5339017083921984,34.26527534058452,0.08613346713151913,-59.53673421709578,-0.2562069914769774,6.554135084584999,-0.30694249824025854,5.729272727450749,-0.055020528572734165,0.3682453048750487,-0.00052764,6.402148087784535,0.0018549,0,1.0
548,-0.0031701953225269364,0.2073450822533116,0.00043068,0.7631940241558249,2.47659447396597,31.455939334805322,0.5339017083921984,58.78114657619954,0.08613346713151913,-93.70262845826798,-0.2562069914769774,22.05758410575375,-0.30694249824025854,-0.7380601198439886,-0.055020528572734165,0.7820647852899887,-0.00052764,9.22687847734229,0.0018549,0,1.0
549,0.0747009501569007,0.0148182550918823,0.00043068,0.7631940241558249,2.47659447396597,0.30640978251483514,0.5339017083921984,22.36166517707471,0.08613346713151913,-63.094141017092085,-0.2562069914769774,38.26514983088361,-0.30694249824025854,17.381145069547877,-0.055020528572734165,0.3216322402816205,-0.00052764,2.803842618502889,0.0018549,0,1.0
550,0.4258595104062568,0.6149930864066251,0.00043068,0.7631940241558249,2.47659447396597,43.96278465541864,0.5339017083921984,70.62954994229864,0.08613346713151913,-78.05729147966579,-0.2562069914769774,-18.239792894417384,-0.30694249824025854,-10.889680361090203,-0.055020528572734165,0.8642498640244742,-0.00052764,11.379017995501677,0.0018549,0,1.0
551,-0.01704536322411787,0.4010559107183543,0.00043068,0.7631940241558249,2.47659447396597,49.5611152833921,0.5339017083921984,36.60111658218591,0.08613346713151913,-10.425303720074687,-0.2562069914769774,-30.695461332711016,-0.30694249824025854,-39.03200756763413,-0.055020528572734165,1.2680270813288042,-0.00052764,8.806084733743216,0.0018549,0,1.0
552,0.5068237022004762,0.6210832758639078,0.00043068,0.7631940241558249,2.47659447396597,43.69050824117505,0.5339017083921984,64.77059224954307,0.08613346713151913,-52.49135796814978,-0.2562069914769774,-43.237627283288035,-0.30694249824025854,-16.11570393334297,-0.055020528572734165,0.48515247239878256,-0.00052764,10.499567543314976,0.0018549,0,1.0
553,0.11927728376877456,0.059664971391507934,0.00043068,0.7631940241558249,2.47659447396597,4.469743169188645,0.5339017083921984,22.387754531067245,0.08613346713151913,-61.691720035998515,-0.2562069914769774,37.331315113369314,-0.30694249824025854,14.14849850323138,-0.055020528572734165,0.6371755230703806,-0.00052764,3.4857530997221176,0.0018549,0,1.0
554,1.8927753563127758,1.6214267017513877,0.00043068,0.7631940241558249,2.47659447396597,21.796583809764307,0.5339017083921984,60.82408729376334,0.08613346713151913,-42.24288546700586,-0.2562069914769774,-71.94415511492494,-0.30694249824025854,13.91360861651691,-0.055020528572734165,0.26228844594781187,-0.00052764,8.652594005663639,0.0018549,0,1.0
555,-0.17826670150753632,0.9142350352408566,0.00043068,0.7631940241558249,2.47659447396597,25.04876582044027,0.5339017083921984,33.21884189196501,0.08613346713151913,-81.48001585047464,-0.2562069914769774,48.52837280385839,-0.30694249824025854,0.5572963326234573,-0.055020528572734165,1.191140204332334,-0.00052764,7.611695633179337,0.0018549,0,1.0
556,0.9317166057786921,0.4961617397454073,0.00043068,0.7631940241558249,2.47659447396597,-1.2083301334195835,0.5339017083921984,27.4619439154443,0.08613346713151913,-64.08496198981688,-0.2562069914769774,19.12137868447403,-0.30694249824025854,28.389925789156948,-0.055020528572734165,0.6968049050420302,-0.00052764,3.9822905403678304,0.0018549,0,1.0
557,1.6702886275043514,1.4908757329010716,0.00043068,0.7631940241558249,2.47659447396597,3.6567294218029445,0.5339017083921984,55.39790984358904,0.08613346713151913,-76.41010377474772,-0.2562069914769774,-14.943394562559998,-0.30694249824025854,33.72119664078521,-0.055020528572734165,0.3553225248679315,-0.00052764,6.507742789010805,0.0018549,0,1.0
558,0.5091136374956344,0.31776189894847146,0.00043068,0.7631940241558249,2.47659447396597,1.5656741524545765,0.5339017083921984,17.130232647761662,0.08613346713151913,-30.12612830899159,-0.2562069914769774,13.19660749526914,-0.30694249824025854,9.6624838708013,-0.055020528572734165,0.7192494912765213,-0.00052764,2.0663587349963466,0.0018549,0,1.0
559,0.1264642669368925,0.5773241695934163,0.00043068,0.7631940241558249,2.47659447396597,12.389968940558441,0.5339017083921984,25.542984659104533,0.08613346713151913,-33.57895859361669,-0.2562069914769774,18.363428022670202,-0.30694249824025854,-4.243048919736646,-0.055020528572734165,0.9335673545171375,-0.00052764,3.2389383174146893,0.0018549,0,1.0
560,0.06494098078983868,0.03897202446437145,0.00043068,0.7631940241558249,2.47659447396597,18.896141721332555,0.5339017083921984,30.218254129499336,0.08613346713151913,-48.283421665823475,-0.2562069914769774,7.625165574332165,-0.30694249824025854,-0.9052301879517222,-0.055020528572734165,0.4460507584147395,-0.00052764,5.460746551929371,0.0018549,0,1.0
561,0.006652491504959945,0.1134242035318724,0.00043068,0.7631940241558249,2.47659447396597,-2.471839691777425,0.5339017083921984,18.76747502113561,0.08613346713151913,-75.98389184848045,-0.2562069914769774,74.07801003384252,-0.30694249824025854,19.47890807272758,-0.055020528572734165,1.2610625950146366,-0.00052764,2.3385668402469983,0.0018549,0,1.0
562,0.8824879063346692,1.8034245947450032,0.00043068,0.7631940241558249,2.47659447396597,-26.929821005049952,0.5339017083921984,6.848497294577346,0.08613346713151913,-78.08296699747345,-0.2562069914769774,45.27128082936019,-0.30694249824025854,57.3262549813794,-0.055020528572734165,-0.36650183998159985,-0.00052764,0.837907529811609,0.0018549,1,1.0
563,0.6042288888590035,0.2927055230194699,0.00043068,0.7631940241558249,2.47659447396597,6.133221933051937,0.5339017083921984,38.48904993367975,0.08613346713151913,-91.60951825312956,-0.2562069914769774,36.313865464252416,-0.30694249824025854,27.04242918896473,-0.055020528572734165,0.7396223242058482,-0.00052764,5.948184651671564,0.0018549,0,1.0
564,0.0059929429727483274,0.1708174033371095,0.00043068,0.7631940241558249,2.47659447396597,57.18338616498068,0.5339017083921984,68.58024340789267,0.08613346713151913,-72.55867936720603,-0.2562069914769774,-20.11307302598088,-0.30694249824025854,-25.810749152174026,-0.055020528572734165,0.9269360576582928,-0.00052764,13.004819161992884,0.0018549,0,1.0
565,0.3743857192849155,0.5910601337522026,0.00043068,0.7631940241558249,2.47659447396597,7.059669835586295,0.5339017083921984,11.26534425183349,0.08613346713151913,-16.77381080192289,-0.2562069914769774,22.610701533412424,-0.30694249824025854,-2.5073520933261695,-0.055020528572734165,1.56142663737703,-0.00052764,1.8206108026637156,0.0018549,0,1.0
566,0.12523418601200687,0.5031969220375648,0.00043068,0.7631940241558249,2.47659447396597,17.57849349862314,0.5339017083921984,21.329446155919676,0.08613346713151913,-47.31151747964409,-0.2562069914769774,25.88798165980474,-0.30694249824025854,-0.3055984114274817,-0.055020528572734165,1.0487046596579401,-0.00052764,5.272854340123658,0.0018549,0,1.0
567,2.153567570433178,1.676569924367291,0.00043068,0.7631940241558249,2.47659447396597,-16.22582618795212,0.5339017083921984,18.986590281506476,0.08613346713151913,-23.57791083524652,-0.2562069914769774,-30.178356896486612,-0.30694249824025854,41.77115052642536,-0.055020528572734165,0.3670914262307593,-0.00052764,1.7477898376861076,0.0018549,0,1.0
568,0.017615311540083722,0.0326027564605469,0.00043068,0.7631940241558249,2.47659447396597,-7.629308354143798,0.5339017083921984,7.452648359580109,0.08613346713151913,-50.36232737138358,-0.2562069914769774,49.14819491559631,-0.30694249824025854,19.48128488833207,-0.055020528572734165,0.46505414481935603,-0.00052764,0.7643515512118161,0.0018549,0,1.0
569,0.008964416133171227,0.3193768589092384,0.00043068,0.7631940241558249,2.47659447396597,52.31739840550313,0.5339017083921984,64.52300083162442,0.08613346713151913,-49.493253937575375,-0.2562069914769774,-43.29010906258245,-0.30694249824025854,-28.136482757168523,-0.055020528572734165,0.2813906687573917,-0.00052764,11.202399724730736,0.0018549,0,1.0
570,1.1355477071362916,0.739707745005271,0.00043068,0.7631940241558249,2.47659447396597,52.24408362072322,0.5339017083921984,84.65671586466276,0.08613346713151913,-93.19592146309505,-0.2562069914769774,-53.94308069357897,-0.30694249824025854,-0.4650304279762977,-0.055020528572734165,0.37176444274834886,-0.00052764,15.411687178829421,0.0018549,0,1.0
571,1.6040161669242443,1.105276251005287,0.00043068,0.7631940241558249,2.47659447396597,-13.958598032214752,0.5339017083921984,17.605412075798245,0.08613346713151913,-44.922799845754426,-0.2562069914769774,-1.7617711926281032,-0.30694249824025854,41.55265935590622,-0.055020528572734165,0.4642455930476066,-0.00052764,2.212558393687805,0.0018549,0,1.0
572,1.8772198579275772,1.338121174690517,0.00043068,0.7631940241558249,2.47659447396597,-12.688914019089678,0.5339017083921984,27.368132198949546,0.08613346713151913,-58.17674424492462,-0.2562069914769774,-6.596442867813307,-0.30694249824025854,47.23803150274556,-0.055020528572734165,0.4602592237353029,-0.00052764,3.470392795778266,0.0018549,0,1.0
573,-0.023949132691208574,0.6783731419052903,0.00043068,0.7631940241558249,2.47659447396597,10.706776767888494,0.5339017083921984,4.465788281827259,0.08613346713151913,-27.01045906354507,-0.2562069914769774,51.18223848284867,-0.30694249824025854,-6.35998987542066,-0.055020528572734165,1.5516381549848761,-0.00052764,2.7756701775580996,0.0018549,0,1.0
574,0.0011255090742454676,0.283510817852249,0.00043068,0.7631940241558249,2.47659447396597,39.200607028476675,0.5339017083921984,42.499651023192996,0.08613346713151913,-50.096185801424724,-0.2562069914769774,4.591400622981846,-0.30694249824025854,-19.729105482781158,-0.055020528572734165,1.3754558786147553,-0.00052764,8.623603398347445,0.0018549,0,1.0
575,0.004588064322802232,0.06918464465954327,0.00043068,0.7631940241558249,2.47659447396597,6.287387331859805,0.5339017083921984,19.42641407363234,0.08613346713151913,-42.948427233370964,-0.2562069914769774,27.568363101063095,-0.30694249824025854,4.8974048188026815,-0.055020528572734165,0.6107411179761879,-0.00052764,2.656352634419733,0.0018549,0,1.0
576,1.9424789306186865,2.005814714200085,0.00043068,0.7631940241558249,2.47659447396597,26.688520103558275,0.5339017083921984,68.04834626702669,0.08613346713151913,-82.73744851078744,-0.2562069914769774,-39.50348682093238,-0.30694249824025854,22.921794587758228,-0.055020528572734165,0.9903708092489216,-0.00052764,11.404890085487825,0.0018549,0,1.0
577,0.12726767539696493,0.5494262852735149,0.00043068,0.7631940241558249,2.47659447396597,14.051044594765507,0.5339017083921984,16.86574046809453,0.08613346713151913,-44.67689531745122,-0.2562069914769774,40.125928233732715,-0.30694249824025854,-0.4855173541252299,-0.055020528572734165,1.55524694107923,-0.00052764,4.202988880941683,0.0018549,0,1.0
578,1.9122522038528182,1.367198048173138,0.00043068,0.7631940241558249,2.47659447396597,0.7591504458581545,0.5339017083921984,30.11664828832525,0.08613346713151913,-17.25393894568145,-0.2562069914769774,-52.82878240663847,-0.30694249824025854,24.232932532217873,-0.055020528572734165,0.3428711020740516,-0.00052764,3.969234650343924,0.0018549,0,1.0
579,0.07500774128362586,1.1123568970654611,0.00043068,0.7631940241558249,2.47659447396597,28.22988690163996,0.5339017083921984,44.464192161448224,0.08613346713151913,-62.03104380236229,-0.2562069914769774,36.54596781040356,-0.30694249824025854,-12.495871047636305,-0.055020528572734165,2.0987256482503414,-0.00052764,6.553410969043081,0.0018549,0,1.0
580,-0.17371789964907003,0.39524229893600993,0.00043068,0.7631940241558249,2.47659447396597,23.569142850500256,0.5339017083921984,21.794919058422053,0.08613346713151913,-24.02061889961956,-0.2562069914769774,5.0490225965753055,-0.30694249824025854,-15.639447353785023,-0.055020528572734165,0.7997917001055073,-0.00052764,4.610785521983436,0.0018549,0,1.0
581,-0.13128431983687605,0.49902960522182305,0.00043068,0.7631940241558249,2.47659447396597,12.624163093675346,0.5339017083921984,25.43493134746961,0.08613346713151913,-45.461833407184514,-0.2562069914769774,29.437066215317873,-0.30694249824025854,-2.4267387358154915,-0.055020528572734165,0.8218549287654426,-0.00052764,3.46288540925166,0.0018549,0,1.0
582,0.26697755067139584,0.34789962965424304,0.00043068,0.7631940241558249,2.47659447396597,-8.11410921016657,0.5339017083921984,5.478421020238235,0.08613346713151913,-51.64050441644602,-0.2562069914769774,54.06561384665011,-0.30694249824025854,22.380385635389402,-0.055020528572734165,0.7945499905416652,-0.00052764,1.2101411772192454,0.0018549,0,1.0
583,0.29181780693750636,0.13361139590078536,0.00043068,0.7631940241558249,2.47659447396597,-2.3924662938917907,0.5339017083921984,14.293677439978277,0.08613346713151913,-49.983649302445855,-0.2562069914769774,27.637712650303875,-0.30694249824025854,19.697370328372692,-0.055020528572734165,0.2884313551453539,-0.00052764,2.3021435406879753,0.0018549,0,1.0
584,0.0559491016752553,0.07981089828996185,0.00043068,0.7631940241558249,2.47659447396597,-6.91151756420915,0.5339017083921984,5.897312962371269,0.08613346713151913,-46.33786860832437,-0.2562069914769774,54.65849661777492,-0.30694249824025854,16.472181439800664,-0.055020528572734165,0.4389180258905084,-0.00052764,0.998725955759086,0.0018549,0,1.0
585,2.9194913996166107,2.7424911499536635,0.00043068,0.7631940241558249,2.47659447396597,-23.299382954967236,0.5339017083921984,35.06698059840571,0.08613346713151913,-57.64505596000122,-0.2562069914769774,-31.196563804522913,-0.30694249824025854,65.70185230964898,-0.055020528572734165,0.259829402100785,-0.00052764,3.373634915683941,0.0018549,0,1.0
586,0.6935779208794981,0.4413254949910268,0.00043068,0.7631940241558249,2.47659447396597,29.2954523774571,0.5339017083921984,36.64581492631609,0.08613346713151913,-26.629699627071872,-0.2562069914769774,-42.21860464441219,-0.30694249824025854,-6.739671057809848,-0.055020528572734165,0.2742012605699782,-0.00052764,7.690198587249206,0.0018549,0,1.0
587,0.000779047656282339,0.17661553335698024,0.00043068,0.7631940241558249,2.47659447396597,29.071089038080316,0.5339017083921984,33.9105755014545,0.08613346713151913,-40.75458968765203,-0.2562069914769774,6.5984716938245445,-0.30694249824025854,-14.360839787468251,-0.055020528572734165,1.1284629341101429,-0.00052764,6.421712987192665,0.0018549,0,1.0
588,0.493362219204196,0.3439961246290719,0.00043068,0.7631940241558249,2.47659447396597,50.999559047640936,0.5339017083921984,79.69235308918114,0.08613346713151913,-88.7313627030782,-0.2562069914769774,-31.4048948416284,-0.30694249824025854,-10.402047981689767,-0.055020528572734165,0.5273216480137419,-0.00052764,13.519565303526868,0.0018549,0,1.0
589,1.5904245897415294,1.2989855207380063,0.00043068,0.7631940241558249,2.47659447396597,-12.231510914291476,0.5339017083921984,26.704330641299254,0.08613346713151913,-51.076092974514125,-0.2562069914769774,8.228681347519137,-0.30694249824025854,37.503403279914174,-0.055020528572734165,0.5585292862379825,-0.00052764,2.585718986866162,0.0018549,0,1.0
590,1.5909188422387137,1.0516714239577216,0.00043068,0.7631940241558249,2.47659447396597,15.764730571427103,0.5339017083921984,57.15570808729952,0.08613346713151913,-72.51401668570412,-0.2562069914769774,-29.407275120137243,-0.30694249824025854,24.57944158281218,-0.055020528572734165,0.5203224125239667,-0.00052764,8.45068160083699,0.0018549,0,1.0
591,0.010339281735772698,1.3652477898816515,0.00043068,0.7631940241558249,2.47659447396597,16.501722338339384,0.5339017083921984,19.713313787611092,0.08613346713151913,-29.127211076400755,-0.2562069914769774,52.66317936296213,-0.30694249824025854,-15.902689280801383,-0.055020528572734165,2.059938958252922,-0.00052764,3.244641092104299,0.0018549,0,1.0
592,-0.012930019310482432,0.42695438643281125,0.00043068,0.7631940241558249,2.47659447396597,61.134907742253525,0.5339017083921984,49.13105768123144,0.08613346713151913,-21.240490062260577,-0.2562069914769774,-42.7283520720525,-0.30694249824025854,-44.02333535547799,-0.055020528572734165,1.161909883441405,-0.00052764,11.482500485566026,0.0018549,0,1.0
593,0.0027491437384994377,0.386003486986491,0.00043068,0.7631940241558249,2.47659447396597,31.48922088066496,0.5339017083921984,45.12995094982601,0.08613346713151913,-55.03213915049882,-0.2562069914769774,8.912975692138406,-0.30694249824025854,-13.449366209887547,-0.055020528572734165,1.140390793445294,-0.00052764,7.292001187319224,0.0018549,0,1.0
594,0.3608112597045281,0.25474585875543165,0.00043068,0.7631940241558249,2.47659447396597,38.16038498025085,0.5339017083921984,60.564939701354696,0.08613346713151913,-88.78938555041488,-0.2562069914769774,-4.6567680751649485,-0.30694249824025854,-0.040628925765070156,-0.055020528572734165,0.5327681322908804,-0.00052764,11.310506537458348,0.0018549,0,1.0
595,0.010587391717359396,0.22417702649147908,0.00043068,0.7631940241558249,2.47659447396597,-14.291064503646158,0.5339017083921984,5.873374981618602,0.08613346713151913,-65.9072709396433,-0.2562069914769774,67.31268633397934,-0.30694249824025854,29.49450168962234,-0.055020528572734165,0.22565347354229587,-0.00052764,0.546479097056378,0.0018549,0,1.0
596,-0.016590166409793605,0.126243572100213,0.00043068,0.7631940241558249,2.47659447396597,3.6894969074597457,0.5339017083921984,12.38661150978989,0.08613346713151913,-44.759154941557696,-0.2562069914769774,39.3863037109636,-0.30694249824025854,7.9471898220445185,-0.055020528572734165,0.8203947114249879,-0.00052764,2.3196062489075207,0.0018549,0,1.0
597,0.2557583563939004,0.4538679480475077,0.00043068,0.7631940241558249,2.47659447396597,-3.6288217531066174,0.5339017083921984,5.309461291265457,0.08613346713151913,-34.958200257555205,-0.2562069914769774,55.236654634765465,-0.30694249824025854,9.571667084182453,-0.055020528572734165,0.36692549941438724,-0.00052764,1.8338704541432298,0.0018549,0,1.0
598,-0.04840897335026284,0.24453447423115274,0.00043068,0.7631940241558249,2.47659447396597,29.0665535427015,0.5339017083921984,46.84315596946349,0.08613346713151913,-63.41867665717579,-0.2562069914769774,4.118352021624081,-0.30694249824025854,-7.114135689879904,-0.055020528572734165,0.4811110628219586,-0.00052764,7.536700771323798,0.0018549,0,1.0
599,0.5132128260683526,0.21496701701981924,0.00043068,0.7631940241558249,2.47659447396597,50.97561629835853,0.5339017083921984,70.05912499404947,0.08613346713151913,-69.43451780023727,-0.2562069914769774,-45.9269794525083,-0.30694249824025854,-13.59300316220478,-0.055020528572734165,0.25758694057164266,-0.00052764,13.030812516015388,0.0018549,0,1.0
600,0.00010421564350859792,9.711762347476496e-07,0.00043068,4.121352885726401,32.50711697721612,31.440522531444163,0.5339017083921984,24.350762359284328,0.08613346713151913,-80.82662454424201,-0.2562069914769774,-21.71740956680308,-0.30694249824025854,-8.158254942385229,-0.055020528572734165,-6.685558211859758e-05,-0.00052764,6.664097079351511e-05,0.0018549,1,1.0
601,0.0012162591313835012,5.807326971545969e-07,0.00043068,4.121352885726401,32.50711697721612,36.68388745852232,0.5339017083921984,21.374337049335566,0.08613346713151913,-18.476633954806736,-0.2562069914769774,7.673713352174094,-0.30694249824025854,-13.164554581838233,-0.055020528572734165,-6.391045279814685e-05,-0.00052764,6.407020349881163e-05,0.0018549,1,1.0
602,0.0009392262970703874,9.290632494600237e-07,0.00043068,4.121352885726401,32.50711697721612,31.03713650525615,0.5339017083921984,24.724702460020445,0.08613346713151913,-46.55118199496076,-0.2562069914769774,-25.315088539387542,-0.30694249824025854,-10.623958000490362,-0.055020528572734165,-7.048422825378927e-05,-0.00052764,7.111073357498029e-05,0.0018549,1,1.0
603,0.0022641653814730357,1.6125772858768732e-06,0.00043068,4.121352885726401,32.50711697721612,-0.9925379460803525,0.5339017083921984,36.67532610182479,0.08613346713151913,-50.87139905076253,-0.2562069914769774,-74.1748424619027,-0.30694249824025854,-7.115022510066687,-0.055020528572734165,-0.0001072566319272859,-0.00052764,0.00010774340795649411,0.0018549,1,1.0
604,0.001031319851246494,2.8661136772942914e-06,0.00043068,4.121352885726401,32.50711697721612,18.887051125537997,0.5339017083921984,32.18003464852029,0.08613346713151913,-76.4143874930636,-0.2562069914769774,-65.82104054855127,-0.30694249824025854,-8.311389278297847,-0.055020528572734165,-9.133684421843436e-05,-0.00052764,9.039614108241392e-05,0.0018549,1,1.0
605,3.0000642924430786e-05,5.603685304892319e-07,0.00043068,4.121352885726401,32.50711697721612,-5.4743303120563995,0.5339017083921984,11.820814430897409,0.08613346713151913,-47.950116313510655,-0.2562069914769774,-69.55441530023712,-0.30694249824025854,1.3284340758568192,-0.055020528572734165,-3.1723757484404134e-05,-0.00052764,3.150148495835495e-05,0.0018549,1,1.0
606,0.0023434746696343652,2.426951511089226e-06,0.00043068,4.121352885726401,32.50711697721612,26.141112501914733,0.5339017083921984,45.08542340474905,0.08613346713151913,-70.2577174823148,-0.2562069914769774,-62.328348417192615,-0.30694249824025854,-14.057755147970532,-0.055020528572734165,-0.0001306905780648248,-0.00052764,0.00013140784019267278,0.0018549,1,1.0
607,0.0014415929979625698,5.8349162232033e-07,0.00043068,4.121352885726401,32.50711697721612,4.777338487746521,0.5339017083921984,21.25490504048376,0.08613346713151913,-22.938517220262728,-0.2562069914769774,21.302794522553633,-0.30694249824025854,-6.037186537087544,-0.055020528572734165,-6.342937450727086e-05,-0.00052764,6.364130029437983e-05,0.0018549,1,1.0
608,9.140573307917345e-06,4.126390271701777e-07,0.00043068,4.121352885726401,32.50711697721612,28.550458466020515,0.5339017083921984,14.492544188011601,0.08613346713151913,-47.34283262403489,-0.2562069914769774,41.18187828943001,-0.30694249824025854,-7.216170486817997,-0.055020528572734165,-4.004203309703723e-05,-0.00052764,3.9934584239886695e-05,0.0018549,1,1.0
609,0.0025302855510624944,1.6218946609559415e-06,0.00043068,4.121352885726401,32.50711697721612,-2.4447219677111534,0.5339017083921984,35.573025741142956,0.08613346713151913,-36.99708663310555,-0.2562069914769774,14.131268777105882,-0.30694249824025854,-8.024449059609234,-0.055020528572734165,-0.00010673825187516174,-0.00052764,0.00010658356358733536,0.0018549,1,1.0
610,0.0007420212248912352,2.2914745791488777e-07,0.00043068,4.121352885726401,32.50711697721612,6.2793571912127835,0.5339017083921984,14.819307353818184,0.08613346713151913,-25.387024627679896,-0.2562069914769774,-12.178932212743833,-0.30694249824025854,-4.040850979835362,-0.055020528572734165,-4.293902078102301e-05,-0.00052764,4.293380385704533e-05,0.0018549,1,1.0
611,0.0003983724273795297,3.115118085108939e-07,0.00043068,4.121352885726401,32.50711697721612,-16.805526559698343,0.5339017083921984,18.775990797296696,0.08613346713151913,-67.93258436789766,-0.2562069914769774,16.33626683424602,-0.30694249824025854,2.7807316278501895,-0.055020528572734165,-5.1134508708386534e-05,-0.00052764,5.113114822345155e-05,0.0018549,1,1.0
612,0.0018825723020441006,9.61971424118688e-07,0.00043068,4.121352885726401,32.50711697721612,-9.084023069801521,0.5339017083921984,26.653949268130248,0.08613346713151913,-31.78752120794745,-0.2562069914769774,18.58677077331156,-0.30694249824025854,-4.188337092646478,-0.055020528572734165,-7.958381512738693e-05,-0.00052764,7.946592822830688e-05,0.0018549,1,1.0
613,0.0008285553382185308,3.497772836203124e-07,0.00043068,4.121352885726401,32.50711697721612,-50.16269841510674,0.5339017083921984,20.192162679857805,0.08613346713151913,-71.27396744332489,-0.2562069914769774,66.56212678809814,-0.30694249824025854,9.485665578876667,-0.055020528572734165,-5.545453030019452e-05,-0.00052764,5.5452425058432323e-05,0.0018549,1,1.0
614,0.0006639623889332644,3.206418393725029e-07,0.00043068,4.121352885726401,32.50711697721612,-57.64269926833177,0.5339017083921984,19.350332886803812,0.08613346713151913,-77.24335225016117,-0.2562069914769774,20.445543540965627,-0.30694249824025854,11.984744879903158,-0.055020528572734165,-5.2177615764012816e-05,-0.00052764,5.216594075066003e-05,0.0018549,1,1.0
615,0.0012895602641343016,1.2452463455321769e-06,0.00043068,4.121352885726401,32.50711697721612,10.33114220186477,0.5339017083921984,32.75930998458577,0.08613346713151913,-75.27730844338458,-0.2562069914769774,45.70235820236284,-0.30694249824025854,-6.890146143297093,-0.055020528572734165,-9.290214770528562e-05,-0.00052764,9.330744536441228e-05,0.0018549,1,1.0
616,0.0036990922952344447,3.6236183466550383e-06,0.00043068,4.121352885726401,32.50711697721612,-51.20009789384502,0.5339017083921984,49.041191434460494,0.08613346713151913,-64.62741205608735,-0.2562069914769774,-19.304120881824424,-0.30694249824025854,0.9238743297700667,-0.055020528572734165,-0.00014371061750513035,-0.00052764,0.00014610551035670533,0.0018549,1,1.0
617,0.0026764365054939595,1.688324581726885e-06,0.00043068,4.121352885726401,32.50711697721612,-36.085129635167306,0.5339017083921984,33.626448266195986,0.08613346713151913,-38.652473818342116,-0.2562069914769774,7.7703238751663175,-0.30694249824025854,0.1851722342545502,-0.055020528572734165,-9.99246814483336e-05,-0.00052764,0.00010098023346136249,0.0018549,1,1.0
618,0.0007137575937925232,5.8799672597475e-07,0.00043068,4.121352885726401,32.50711697721612,-39.344946985568185,0.5339017083921984,24.33070394171036,0.08613346713151913,-87.47501197648816,-0.2562069914769774,21.58654350124179,-0.30694249824025854,7.335036778295904,-0.055020528572734165,-6.621612942896297e-05,-0.00052764,6.637962352841637e-05,0.0018549,1,1.0
619,0.001793352819986207,7.926494750339653e-07,0.00043068,4.121352885726401,32.50711697721612,-27.774975372951157,0.5339017083921984,18.862854560951106,0.08613346713151913,-12.217674654653756,-0.2562069914769774,-6.5062506523783705,-0.30694249824025854,1.0751492354881516,-0.055020528572734165,-5.727889239898788e-05,-0.00052764,5.8110158399945095e-05,0.0018549,1,1.0
620,0.0008301042208303322,5.446289815461668e-07,0.00043068,4.121352885726401,32.50711697721612,-32.71646772865751,0.5339017083921984,24.53347966357541,0.08613346713151913,-80.3952549277919,-0.2562069914769774,33.54772409494584,-0.30694249824025854,5.235968786819822,-0.055020528572734165,-6.759283095657894e-05,-0.00052764,6.762170238077875e-05,0.0018549,1,1.0
621,0.00025606426497808696,2.632521949917843e-07,0.00043068,4.121352885726401,32.50711697721612,34.63491054078513,0.5339017083921984,8.727307969365091,0.08613346713151913,-8.874886903297321,-0.2562069914769774,-19.135558185681877,-0.30694249824025854,-9.297798929466186,-0.055020528572734165,-2.5364762789900996e-05,-0.00052764,2.572158001763148e-05,0.0018549,1,1.0
622,0.005067483432331519,4.018392796545136e-06,0.00043068,4.121352885726401,32.50711697721612,-29.94106005919204,0.5339017083921984,60.873354583602286,0.08613346713151913,-41.14718830326692,-0.2562069914769774,-43.01321900284424,-0.30694249824025854,-9.640070572499596,-0.055020528572734165,-0.00018551240106399854,-0.00052764,0.0001854872283454542,0.0018549,1,1.0
623,0.0044988557079985066,4.7730842106404494e-06,0.00043068,4.121352885726401,32.50711697721612,64.3056348420007,0.5339017083921984,63.77736103321493,0.08613346713151913,-38.64831366605024,-0.2562069914769774,69.0827663231768,-0.30694249824025854,-31.116667695330477,-0.055020528572734165,-0.00019386477780538537,-0.00052764,0.00019439717219998565,0.0018549,1,1.0
624,0.003191929146648193,1.6600770678121154e-06,0.00043068,4.121352885726401,32.50711697721612,-25.863863242648627,0.5339017083921984,39.07837014461976,0.08613346713151913,-32.76553005578345,-0.2562069914769774,-4.629969343400692,-0.30694249824025854,-4.353718753659098,-0.055020528572734165,-0.00011837778901468832,-0.00052764,0.00011845999655423286,0.0018549,1,1.0
625,0.00022689415263353683,7.109650388609848e-08,0.00043068,4.121352885726401,32.50711697721612,-65.07100563702838,0.5339017083921984,9.87510441503526,0.08613346713151913,-60.03090251433103,-0.2562069914769774,-8.021362973859233,-0.30694249824025854,15.36837968615149,-0.055020528572734165,-2.5127000777885418e-05,-0.00052764,2.5145072482992628e-05,0.0018549,1,1.0
626,2.963126267377554e-08,7.370871621702063e-07,0.00043068,4.121352885726401,32.50711697721612,11.41719044833757,0.5339017083921984,15.340973805338866,0.08613346713151913,-56.482115512112394,-0.2562069914769774,-98.05008821034852,-0.30694249824025854,-2.3131555642004216,-0.055020528572734165,-4.0647502917404836e-05,-0.00052764,4.1709940702434646e-05,0.0018549,1,1.0
627,0.002925572987341969,2.3916703726174828e-06,0.00043068,4.121352885726401,32.50711697721612,22.744494927767125,0.5339017083921984,45.63425757159078,0.08613346713151913,-49.5587495289159,-0.2562069914769774,-10.379030293966354,-0.30694249824025854,-15.389219105927898,-0.055020528572734165,-0.0001356411626805865,-0.00052764,0.00013602402829292703,0.0018549,1,1.0
628,0.000890939577657281,2.0709222892786675e-07,0.00043068,4.121352885726401,32.50711697721612,-4.977631238341589,0.5339017083921984,14.031390122379891,0.08613346713151913,-21.13989188591801,-0.2562069914769774,4.361607232721005,-0.30694249824025854,-1.7840494040333104,-0.055020528572734165,-4.122057450090337e-05,-0.00052764,4.123571884635776e-05,0.0018549,1,1.0
629,0.0012448791897823747,6.26699162398162e-07,0.00043068,4.121352885726401,32.50711697721612,-18.78525377824713,0.5339017083921984,19.625230866457745,0.08613346713151913,-34.66039298004828,-0.2562069914769774,-1.5504083996370195,-0.30694249824025854,0.4080750956966136,-0.055020528572734165,-5.72127088873976e-05,-0.00052764,5.7085576221170564e-05,0.0018549,1,1.0
630,0.0005244853828091812,5.8090779901412396e-08,0.00043068,4.121352885726401,32.50711697721612,-43.5810303400344,0.5339017083921984,6.685221311845719,0.08613346713151913,-25.903262932800377,-0.2562069914769774,64.66401871031582,-0.30694249824025854,8.884832334243717,-0.055020528572734165,-1.8556227563757792e-05,-0.00052764,1.8544356662917832e-05,0.0018549,1,1.0
631,0.0004008423931329435,4.5143322206671147e-07,0.00043068,4.121352885726401,32.50711697721612,17.185241985252,0.5339017083921984,21.900113886534218,0.08613346713151913,-64.97281372236628,-0.2562069914769774,2.78715601016055,-0.30694249824025854,-5.61573988901055,-0.055020528572734165,-6.0697009518798136e-05,-0.00052764,6.069999981818874e-05,0.0018549,1,1.0
632,0.0004886136139094284,3.052056624449073e-07,0.00043068,4.121352885726401,32.50711697721612,-39.15246950377568,0.5339017083921984,15.125761108651927,0.08613346713151913,-60.743660550826334,-0.2562069914769774,85.64504933637717,-0.30694249824025854,7.8528691526714915,-0.055020528572734165,-4.108334593076825e-05,-0.00052764,4.102370359248032e-05,0.0018549,1,1.0
633,0.0008383660529071354,4.7248988106885844e-07,0.00043068,4.121352885726401,32.50711697721612,-36.57477948016014,0.5339017083921984,21.702721881419382,0.08613346713151913,-70.1387473905482,-0.2562069914769774,36.61056655454383,-0.30694249824025854,6.138880989925668,-0.055020528572734165,-5.999475126017231e-05,-0.00052764,5.996172291148136e-05,0.0018549,1,1.0
634,0.0002897812162199885,6.151342653643612e-08,0.00043068,4.121352885726401,32.50711697721612,-61.26223213370583,0.5339017083921984,4.981655580877431,0.08613346713151913,-35.362197293114505,-0.2562069914769774,-11.46039707761832,-0.30694249824025854,14.243486609998214,-0.055020528572734165,-1.2166306119685636e-05,-0.00052764,1.2264941951078958e-05,0.0018549,1,1.0
635,0.0009011998117272339,4.120263986582632e-07,0.00043068,4.121352885726401,32.50711697721612,-17.76304198047682,0.5339017083921984,19.087644046466334,0.08613346713151913,-45.25051794497407,-0.2562069914769774,-82.50133248987872,-0.30694249824025854,1.5625530004619712,-0.055020528572734165,-5.36199154842236e-05,-0.00052764,5.3768772074533176e-05,0.0018549,1,1.0
636,7.563237341200917e-05,2.212861937658767e-07,0.00043068,4.121352885726401,32.50711697721612,-58.64556915551371,0.5339017083921984,13.997943273687275,0.08613346713151913,-78.72780199588071,-0.2562069914769774,-86.34911697222363,-0.30694249824025854,14.428285846698405,-0.055020528572734165,-3.6053469325545585e-05,-0.00052764,3.600949422569068e-05,0.0018549,1,1.0
637,0.00018314982750430473,4.253133356328046e-07,0.00043068,4.121352885726401,32.50711697721612,51.016637784977576,0.5339017083921984,20.304473220494952,0.08613346713151913,-53.94631069006404,-0.2562069914769774,55.96803210170654,-0.30694249824025854,-13.368359911112309,-0.055020528572734165,-5.698171952740725e-05,-0.00052764,5.6973215692087493e-05,0.0018549,1,1.0
638,0.0029146732943656894,2.6154573175324e-06,0.00043068,4.121352885726401,32.50711697721612,25.74655324367811,0.5339017083921984,39.81672702096023,0.08613346713151913,-24.57512186364484,-0.2562069914769774,12.341264577524926,-0.30694249824025854,-16.38951282669698,-0.055020528572734165,-0.00012157628708294149,-0.00052764,0.00012112667548332115,0.0018549,1,1.0
639,0.002902572134422227,3.173033952207924e-06,0.00043068,4.121352885726401,32.50711697721612,20.554190559116098,0.5339017083921984,46.498505974595474,0.08613346713151913,-55.534476915519775,-0.2562069914769774,-42.65477950111098,-0.30694249824025854,-14.268289053778414,-0.055020528572734165,-0.00013626362758157074,-0.00052764,0.0001381095323038199,0.0018549,1,1.0
640,0.001577293865502871,2.400950063928694e-06,0.00043068,4.121352885726401,32.50711697721612,6.933675667326728,0.5339017083921984,26.92931340986042,0.08613346713151913,-39.83201320555358,-0.2562069914769774,73.32126808858479,-0.30694249824025854,-7.445340873670275,-0.055020528572734165,-8.008222275427639e-05,-0.00052764,7.925185333880422e-05,0.0018549,1,1.0
641,0.00015297155537711236,2.9623561411974694e-07,0.00043068,4.121352885726401,32.50711697721612,20.25576850268491,0.5339017083921984,13.316683247347834,0.08613346713151913,-37.062132490402746,-0.2562069914769774,-75.16372055972677,-0.30694249824025854,-5.401007893179317,-0.055020528572734165,-3.681906837977444e-05,-0.00052764,3.675375909946723e-05,0.0018549,1,1.0
642,0.0008503750348960021,5.176393258682017e-07,0.00043068,4.121352885726401,32.50711697721612,42.3064598500524,0.5339017083921984,18.594118653767957,0.08613346713151913,-21.024138732662816,-0.2562069914769774,23.866899157318155,-0.30694249824025854,-13.315882388774419,-0.055020528572734165,-5.484523527723407e-05,-0.00052764,5.512793677913123e-05,0.0018549,1,1.0
643,0.0036652535680668473,3.2185357926457385e-06,0.00043068,4.121352885726401,32.50711697721612,-80.56244328183558,0.5339017083921984,52.302550659533146,0.08613346713151913,-91.6511667850072,-0.2562069914769774,22.625918352861888,-0.30694249824025854,7.423765517024408,-0.055020528572734165,-0.00015308394619873496,-0.00052764,0.00015278833566324243,0.0018549,1,1.0
644,0.0002500254597987872,1.8041838970550036e-07,0.00043068,4.121352885726401,32.50711697721612,51.85042389334236,0.5339017083921984,11.094696974195873,0.08613346713151913,-9.924573685189237,-0.2562069914769774,-53.39825350857348,-0.30694249824025854,-13.584030818596862,-0.055020528572734165,-3.251960484903906e-05,-0.00052764,3.249817125118537e-05,0.0018549,1,1.0
645,1.1924193768355056e-05,6.98897941938774e-07,0.00043068,4.121352885726401,32.50711697721612,38.10459394188887,0.5339017083921984,23.550342732232096,0.08613346713151913,-78.92202868966233,-0.2562069914769774,-11.170273294679433,-0.30694249824025854,-9.481922499806181,-0.055020528572734165,-6.457222261784807e-05,-0.00052764,6.447798737470966e-05,0.0018549,1,1.0
646,0.00035677121592659787,4.685614563385863e-07,0.00043068,4.121352885726401,32.50711697721612,40.67821037161312,0.5339017083921984,16.434618014914932,0.08613346713151913,-33.021413732056914,-0.2562069914769774,-38.67296822480281,-0.30694249824025854,-11.086669728620898,-0.055020528572734165,-4.642289930702898e-05,-0.00052764,4.6809064445171407e-05,0.0018549,1,1.0
647,0.0010705010138760342,3.6430834774565035e-07,0.00043068,4.121352885726401,32.50711697721612,-12.516108611807233,0.5339017083921984,19.013208805148,0.08613346713151913,-37.390083220546835,-0.2562069914769774,11.176443073081558,-0.30694249824025854,-0.5357164765206367,-0.055020528572734165,-5.4867082342772264e-05,-0.00052764,5.48903198011584e-05,0.0018549,1,1.0
648,0.0005551049915835833,3.5224306746005646e-07,0.00043068,4.121352885726401,32.50711697721612,-0.929213140479954,0.5339017083921984,14.71125118126377,0.08613346713151913,-38.331487844786935,-0.2562069914769774,67.03160477398848,-0.30694249824025854,-1.8042337378139601,-0.055020528572734165,-4.1719311669022335e-05,-0.00052764,4.164496404627248e-05,0.0018549,1,1.0
649,0.0020658292685962697,9.463691465073942e-07,0.00043068,4.121352885726401,32.50711697721612,-34.01986087632211,0.5339017083921984,29.66958578562428,0.08613346713151913,-45.61304735873998,-0.2562069914769774,-57.96926593955008,-0.30694249824025854,1.543430914609075,-0.055020528572734165,-8.695331494875529e-05,-0.00052764,8.690870978122596e-05,0.0018549,1,1.0
650,0.0009452912673066909,3.9599350119573394e-07,0.00043068,4.121352885726401,32.50711697721612,16.26005480378993,0.5339017083921984,16.68242772317821,0.08613346713151913,-20.38817028427002,-0.2562069914769774,10.939636180503301,-0.30694249824025854,-7.184151332480963,-0.055020528572734165,-4.9239087607224854e-05,-0.00052764,4.9442913561292674e-05,0.0018549,1,1.0
651,0.0011224924564435374,7.933184824042598e-07,0.00043068,4.121352885726401,32.50711697721612,-33.46170227946584,0.5339017083921984,9.872722240060085,0.08613346713151913,-6.7960385173492135,-0.2562069914769774,-39.48359403602175,-0.30694249824025854,4.984629557371473,-0.055020528572734165,-2.9233467846822097e-05,-0.00052764,3.062357620435627e-05,0.0018549,1,1.0
652,0.002040575908884971,1.639102448120684e-06,0.00043068,4.121352885726401,32.50711697721612,-28.042000934901573,0.5339017083921984,34.07397007977758,0.08613346713151913,-65.93370311639313,-0.2562069914769774,56.935776315406386,-0.30694249824025854,0.23166097855617332,-0.055020528572734165,-9.801658764276535e-05,-0.00052764,9.903039712791644e-05,0.0018549,1,1.0
653,0.00017914717609846366,3.3008037742215793e-07,0.00043068,4.121352885726401,32.50711697721612,-4.877789875044849,0.5339017083921984,14.78540555528177,0.08613346713151913,-56.02957615978337,-0.2562069914769774,31.844559098812937,-0.30694249824025854,0.5168132052356362,-0.055020528572734165,-4.0193503172361076e-05,-0.00052764,4.012263358889895e-05,0.0018549,1,1.0
654,0.0006926746276375323,2.1651711935603268e-07,0.00043068,4.121352885726401,32.50711697721612,-24.34486992462248,0.5339017083921984,15.406917597760906,0.08613346713151913,-44.99129554071307,-0.2562069914769774,33.57478482724095,-0.30694249824025854,3.6183306355161946,-0.055020528572734165,-4.308730921521897e-05,-0.00052764,4.308548835894284e-05,0.0018549,1,1.0
655,0.001399172102506341,4.949287919673108e-07,0.00043068,4.121352885726401,32.50711697721612,-21.702449637405692,0.5339017083921984,20.373371059270678,0.08613346713151913,-31.724950537528525,-0.2562069914769774,-27.18778593152676,-0.30694249824025854,0.6850123251797092,-0.055020528572734165,-5.9730048860554e-05,-0.00052764,5.9685091130187335e-05,0.0018549,1,1.0
656,0.00016493735280165647,1.257444381706778e-07,0.00043068,4.121352885726401,32.50711697721612,-45.708468529474196,0.5339017083921984,7.595883310976236,0.08613346713151913,-43.965259263465576,-0.2562069914769774,-30.672125087026213,-0.30694249824025854,10.810115215036737,-0.055020528572734165,-1.9440422782479453e-05,-0.00052764,1.939602948486703e-05,0.0018549,1,1.0
657,0.0005085759608877221,6.322544054109754e-07,0.00043068,4.121352885726401,32.50711697721612,9.238970278538039,0.5339017083921984,18.39863661527656,0.08613346713151913,-48.82302130227806,-0.2562069914769774,-41.72388474160089,-0.30694249824025854,-3.736032284442307,-0.055020528572734165,-5.087137137148049e-05,-0.00052764,5.1500173593414374e-05,0.0018549,1,1.0
658,0.0013825558011639687,1.716222452214847e-07,0.00043068,4.121352885726401,32.50711697721612,-62.81719770739306,0.5339017083921984,11.130768389730726,0.08613346713151913,-16.17326855783605,-0.2562069914769774,99.43626550283439,-0.30694249824025854,10.672782935953407,-0.055020528572734165,-3.4546886480067566e-05,-0.00052764,3.452099303717514e-05,0.0018549,1,1.0
659,0.00022249954871203298,1.448618978070304e-07,0.00043068,4.121352885726401,32.50711697721612,22.300868580329904,0.5339017083921984,11.12474812256253,0.08613346713151913,-25.371488544573538,-0.2562069914769774,-26.263131646228704,-0.30694249824025854,-6.208956310162968,-0.055020528572734165,-3.131763334468053e-05,-0.00052764,3.1360775603945216e-05,0.0018549,1,1.0
660,0.002767083775228358,3.613583978528607e-06,0.00043068,4.121352885726401,32.50711697721612,72.66048156465294,0.5339017083921984,52.89077525208222,0.08613346713151913,-64.71187019395252,-0.2562069914769774,-5.063830120546001,-0.30694249824025854,-26.95169227649141,-0.055020528572734165,-0.00015509948732862072,-0.00052764,0.00015640063618129174,0.0018549,1,1.0
661,0.00044619421160115664,7.315704420592268e-08,0.00043068,4.121352885726401,32.50711697721612,-77.4848900230846,0.5339017083921984,10.516279056561718,0.08613346713151913,-59.696472339851496,-0.2562069914769774,33.146050739713885,-0.30694249824025854,17.612253919683443,-0.055020528572734165,-2.7088375043071403e-05,-0.00052764,2.708739972443276e-05,0.0018549,1,1.0
662,0.0006543257362873335,1.5910072264483246e-06,0.00043068,4.121352885726401,32.50711697721612,8.458003233925467,0.5339017083921984,23.035527224368224,0.08613346713151913,-61.33097066512513,-0.2562069914769774,-25.0244844963156,-0.30694249824025854,-4.419654801841036,-0.055020528572734165,-6.477783234885503e-05,-0.00052764,6.422941642008289e-05,0.0018549,1,1.0
663,0.0033460677836876273,4.693904595438325e-06,0.00043068,4.121352885726401,32.50711697721612,91.58814183859441,0.5339017083921984,63.09769168954843,0.08613346713151913,-72.4753097922332,-0.2562069914769774,-5.015352326311582,-0.30694249824025854,-33.71995586379014,-0.055020528572734165,-0.00018607366260415674,-0.00052764,0.00018696051972831514,0.0018549,1,1.0
664,0.001035537109329182,1.5631047952577393e-06,0.00043068,4.121352885726401,32.50711697721612,-21.457984249800422,0.5339017083921984,9.909363133146295,0.08613346713151913,-7.032957960526405,-0.2562069914769774,-22.631851065007897,-0.30694249824025854,2.7300062700568075,-0.055020528572734165,-2.8027119110695002e-05,-0.00052764,3.09552938662256e-05,0.0018549,1,1.0
665,0.0003423197832890196,2.625217313835923e-07,0.00043068,4.121352885726401,32.50711697721612,89.26051761947426,0.5339017083921984,13.75670849717747,0.08613346713151913,-3.3809198498809203,-0.2562069914769774,82.62999778938617,-0.30694249824025854,-23.413620123904952,-0.055020528572734165,-4.196194002795862e-05,-0.00052764,4.201162811918023e-05,0.0018549,1,1.0
666,0.0006496340834651636,2.6357912654669723e-07,0.00043068,4.121352885726401,32.50711697721612,-37.714018375492884,0.5339017083921984,10.408888977074175,0.08613346713151913,-32.28988700454706,-0.2562069914769774,20.327711221798378,-0.30694249824025854,7.203968587589356,-0.055020528572734165,-2.879632778143403e-05,-0.00052764,2.9139364747036153e-05,0.0018549,1,1.0
667,0.00014200726425865097,6.999711075370747e-07,0.00043068,4.121352885726401,32.50711697721612,58.1462522213606,0.5339017083921984,25.49590253779598,0.08613346713151913,-71.02831917025937,-0.2562069914769774,-58.176666552458336,-0.30694249824025854,-14.773227427198565,-0.055020528572734165,-7.076296039963873e-05,-0.00052764,7.072476801056127e-05,0.0018549,1,1.0
668,0.001681084158662444,7.450330893747175e-07,0.00043068,4.121352885726401,32.50711697721612,-95.58843232083034,0.5339017083921984,7.808101338881647,0.08613346713151913,-3.0781662233306424,-0.2562069914769774,64.00862910044509,-0.30694249824025854,17.756664734017722,-0.055020528572734165,-2.738248580411915e-05,-0.00052764,2.7042138804123926e-05,0.0018549,1,1.0
669,0.0026052107741057953,1.5556963872621426e-06,0.00043068,4.121352885726401,32.50711697721612,-22.429375029128423,0.5339017083921984,37.667914103381634,0.08613346713151913,-51.82296041335547,-0.2562069914769774,18.753497547962287,-0.30694249824025854,-3.2272794883384828,-0.055020528572734165,-0.0001113310045809911,-0.00052764,0.00011154878607207665,0.0018549,1,1.0
670,0.004627511255846737,3.7938760652267186e-06,0.00043068,4.121352885726401,32.50711697721612,-32.729493746566675,0.5339017083921984,51.863388493715775,0.08613346713151913,-26.401034158427986,-0.2562069914769774,-29.524158642968565,-0.30694249824025854,-6.956978228712721,-0.055020528572734165,-0.00015811136774791898,-0.00052764,0.0001598736248070614,0.0018549,1,1.0
671,0.0025184615948236067,1.6854255256153137e-06,0.00043068,4.121352885726401,32.50711697721612,15.122805558716095,0.5339017083921984,39.83539423802987,0.08613346713151913,-48.16097328930362,-0.2562069914769774,49.045677637253014,-0.30694249824025854,-12.349091855908371,-0.055020528572734165,-0.00011844366792902321,-0.00052764,0.00011847781078960234,0.0018549,1,1.0
672,0.00046119084858977613,1.6950911803760963e-07,0.00043068,4.121352885726401,32.50711697721612,-41.63894491741297,0.5339017083921984,14.032210993390105,0.08613346713151913,-54.587518858497134,-0.2562069914769774,-75.69452479856092,-0.30694249824025854,8.912271525307178,-0.055020528572734165,-3.7555624106648376e-05,-0.00052764,3.758079597038203e-05,0.0018549,1,1.0
673,0.002771008728803361,2.4625838291004984e-06,0.00043068,4.121352885726401,32.50711697721612,23.514910868915916,0.5339017083921984,47.92850800437037,0.08613346713151913,-66.47073115721811,-0.2562069914769774,38.116957812741624,-0.30694249824025854,-15.222442006630464,-0.055020528572734165,-0.0001411094575235572,-0.00052764,0.00014126679811631896,0.0018549,1,1.0
674,0.0012095162341625974,8.041556913200649e-07,0.00043068,4.121352885726401,32.50711697721612,-20.407984869658968,0.5339017083921984,25.166162022851815,0.08613346713151913,-60.40282205421259,-0.2562069914769774,5.034570479874992,-0.30694249824025854,1.0784486213404472,-0.055020528572734165,-7.105847999348571e-05,-0.00052764,7.147628623519529e-05,0.0018549,1,1.0
675,0.0009715935125054254,6.844448925388948e-08,0.00043068,4.121352885726401,32.50711697721612,-60.86293990716517,0.5339017083921984,7.3089607258340585,0.08613346713151913,-15.637850187314207,-0.2562069914769774,20.67028473803596,-0.30694249824025854,11.757938700638308,-0.055020528572734165,-2.186464877712302e-05,-0.00052764,2.1907866762534642e-05,0.0018549,1,1.0
676,0.00012788553723096837,9.65744458704498e-07,0.00043068,4.121352885726401,32.50711697721612,-45.22989632363256,0.5339017083921984,18.46220365661645,0.08613346713151913,-90.50026416197365,-0.2562069914769774,-6.702088244767394,-0.30694249824025854,10.676523032286788,-0.055020528572734165,-4.879991765009338e-05,-0.00052764,4.844662951409217e-05,0.0018549,1,1.0
677,0.0003162391869935446,3.2710745587210205e-07,0.00043068,4.121352885726401,32.50711697721612,11.861089610160139,0.5339017083921984,17.790186893930645,0.08613346713151913,-55.289867142072204,-0.2562069914769774,46.01787584305158,-0.30694249824025854,-4.080633340520788,-0.055020528572734165,-4.92448537596447e-05,-0.00052764,4.930783689903067e-05,0.0018549,1,1.0
678,0.0007397777950136615,3.454862516997627e-07,0.00043068,4.121352885726401,32.50711697721612,19.046824341615377,0.5339017083921984,16.54391164077254,0.08613346713151913,-28.37853935993766,-0.2562069914769774,51.215328059273716,-0.30694249824025854,-7.33136482998755,-0.055020528572734165,-4.822567469206005e-05,-0.00052764,4.819212618467524e-05,0.0018549,1,1.0
679,0.0004095841682184713,2.2724847626723763e-07,0.00043068,4.121352885726401,32.50711697721612,25.51991670031341,0.5339017083921984,10.08626282156098,0.08613346713151913,-13.368399794884056,-0.2562069914769774,54.34899847803609,-0.30694249824025854,-7.8317406175762825,-0.055020528572734165,-2.990134377129329e-05,-0.00052764,2.9842578263689513e-05,0.0018549,1,1.0
680,0.0017798786409111158,1.0163571107277078e-06,0.00043068,4.121352885726401,32.50711697721612,-17.829508103052895,0.5339017083921984,32.06984272699366,0.08613346713151913,-63.42925198887023,-0.2562069914769774,49.03518111041524,-0.30694249824025854,-1.70347611929243,-0.055020528572734165,-9.268693757661346e-05,-0.00052764,9.268122797506984e-05,0.0018549,1,1.0
681,0.002957121831947549,1.3481672464832933e-06,0.00043068,4.121352885726401,32.50711697721612,-97.960911893393,0.5339017083921984,36.64118679166228,0.08613346713151913,-66.855282526422,-0.2562069914769774,46.92242060438606,-0.30694249824025854,14.153215045303181,-0.055020528572734165,-0.00010753587655511295,-0.00052764,0.00010749450688119949,0.0018549,1,1.0
682,6.77703026621566e-05,4.593340577847507e-07,0.00043068,4.121352885726401,32.50711697721612,49.68342479875576,0.5339017083921984,21.675576093139018,0.08613346713151913,-62.69315098944409,-0.2562069914769774,-46.51619257305306,-0.30694249824025854,-12.439441857764855,-0.055020528572734165,-5.997326938013463e-05,-0.00052764,5.997071548572675e-05,0.0018549,1,1.0
683,0.00023729585616201696,1.5494851324847944e-07,0.00043068,4.121352885726401,32.50711697721612,-60.092247171214346,0.5339017083921984,2.96792032104477,0.08613346713151913,-29.552938550642466,-0.2562069914769774,10.303410958771199,-0.30694249824025854,14.148685511286772,-0.055020528572734165,-6.599687827879644e-06,-0.00052764,6.904551632179174e-06,0.0018549,1,1.0
684,0.0004840304728905031,4.965033219250989e-07,0.00043068,4.121352885726401,32.50711697721612,-31.74118606195483,0.5339017083921984,14.549044938203437,0.08613346713151913,-54.12146448648105,-0.2562069914769774,18.883140123570385,-0.30694249824025854,6.376162793025451,-0.055020528572734165,-3.9098622621280295e-05,-0.00052764,3.97386968235119e-05,0.0018549,1,1.0
685,0.000647150602942828,1.7321330134098644e-07,0.00043068,4.121352885726401,32.50711697721612,-70.74734157077782,0.5339017083921984,14.995726141876883,0.08613346713151913,-66.92513281446752,-0.2562069914769774,58.261110836322274,-0.30694249824025854,15.213391840267834,-0.055020528572734165,-4.006601126721396e-05,-0.00052764,4.006424233798578e-05,0.0018549,1,1.0
686,3.2619328411212945e-05,2.6572011654550555e-07,0.00043068,4.121352885726401,32.50711697721612,-47.88071199379655,0.5339017083921984,11.429695848081243,0.08613346713151913,-66.7828266554697,-0.2562069914769774,-19.97382528993975,-0.30694249824025854,11.760748696700858,-0.055020528572734165,-2.9475552889673953e-05,-0.00052764,2.938721389336386e-05,0.0018549,1,1.0
687,1.2581585464590227e-06,3.221749320042272e-07,0.00043068,4.121352885726401,32.50711697721612,-30.23078488081666,0.5339017083921984,18.85402550332094,0.08613346713151913,-93.43489291643276,-0.2562069914769774,84.2563187561006,-0.30694249824025854,7.305496215391356,-0.055020528572734165,-4.9888771907731555e-05,-0.00052764,4.986721483785006e-05,0.0018549,1,1.0
688,0.0013124544271123017,3.9505412436196244e-07,0.00043068,4.121352885726401,32.50711697721612,-43.13674673122239,0.5339017083921984,19.94005267943663,0.08613346713151913,-46.18775730763679,-0.2562069914769774,80.98742105266246,-0.30694249824025854,6.076888299151669,-0.055020528572734165,-5.748032189542283e-05,-0.00052764,5.746599112464627e-05,0.0018549,1,1.0
689,0.0024112621241793902,1.4975623118436605e-06,0.00043068,4.121352885726401,32.50711697721612,16.70012011446092,0.5339017083921984,37.64743039499099,0.08613346713151913,-39.701090912121565,-0.2562069914769774,-86.29546365735278,-0.30694249824025854,-12.115573987534582,-0.055020528572734165,-0.00011180488580684301,-0.00052764,0.0001118002583789285,0.0018549,1,1.0
690,0.00014779199645662076,4.148222843601457e-07,0.00043068,4.121352885726401,32.50711697721612,-38.81255852983892,0.5339017083921984,13.854931783502348,0.08613346713151913,-67.31251697835545,-0.2562069914769774,-30.725161312399173,-0.30694249824025854,9.13338978301699,-0.055020528572734165,-3.647053886143537e-05,-0.00052764,3.633504967897401e-05,0.0018549,1,1.0
691,0.0031783145344405775,2.825462521244953e-06,0.00043068,4.121352885726401,32.50711697721612,21.426394983484023,0.5339017083921984,51.63499224670686,0.08613346713151913,-64.63525978435993,-0.2562069914769774,36.22933386343495,-0.30694249824025854,-16.132242904311852,-0.055020528572734165,-0.00015308184622637013,-0.00052764,0.0001530590189946871,0.0018549,1,1.0
692,0.0021632758441515226,1.8729042805460368e-06,0.00043068,4.121352885726401,32.50711697721612,36.40153551693296,0.5339017083921984,42.174966622348094,0.08613346713151913,-61.55463891450719,-0.2562069914769774,-36.18065460358331,-0.30694249824025854,-16.262501131122903,-0.055020528572734165,-0.00012328869486100748,-0.00052764,0.00012326576975986702,0.0018549,1,1.0
693,3.4722057418545664e-05,1.6024568678278538e-07,0.00043068,4.121352885726401,32.50711697721612,-17.200812503600673,0.5339017083921984,5.641360597931266,0.08613346713151913,-27.447470517803247,-0.2562069914769774,-80.17806616578025,-0.30694249824025854,4.283554115176384,-0.055020528572734165,-1.4692195232634397e-05,-0.00052764,1.4623515884139305e-05,0.0018549,1,1.0
694,0.0011776109613763166,8.572578882098151e-07,0.00043068,4.121352885726401,32.50711697721612,-21.118663544116853,0.5339017083921984,16.092099969401776,0.08613346713151913,-26.561353335784077,-0.2562069914769774,52.02252074646829,-0.30694249824025854,1.5010802145028534,-0.055020528572734165,-4.658202989595012e-05,-0.00052764,4.778446510018817e-05,0.0018549,1,1.0
695,7.099610083044971e-05,7.762871307538663e-07,0.00043068,4.121352885726401,32.50711697721612,5.561812224549158,0.5339017083921984,21.835760166979895,0.08613346713151913,-82.5211029134532,-0.2562069914769774,-67.25588373743712,-0.30694249824025854,-1.5359120570366414,-0.055020528572734165,-5.905349647597146e-05,-0.00052764,5.887105520558116e-05,0.0018549,1,1.0
696,0.00042010242730067303,4.956322510436992e-07,0.00043068,4.121352885726401,32.50711697721612,17.179030106636827,0.5339017083921984,22.966198981617435,0.08613346713151913,-68.5626180931179,-0.2562069914769774,4.428957914200348,-0.30694249824025854,-5.683859573062097,-0.055020528572734165,-6.362653660014816e-05,-0.00052764,6.362542016234639e-05,0.0018549,1,1.0
697,0.0018604753153183967,1.5563925656375402e-06,0.00043068,4.121352885726401,32.50711697721612,78.04626759439225,0.5339017083921984,37.19835414511334,0.08613346713151913,-34.686242288325936,-0.2562069914769774,-71.05907184254312,-0.30694249824025854,-25.445840129096528,-0.055020528572734165,-0.00011030954336438357,-0.00052764,0.00011040485801596056,0.0018549,1,1.0
698,0.0008182559756573198,4.533235305704978e-07,0.00043068,4.121352885726401,32.50711697721612,-36.09126444675757,0.5339017083921984,20.846159663720044,0.08613346713151913,-66.2902835238498,-0.2562069914769774,-2.2611222266913007,-0.30694249824025854,6.163594488506858,-0.055020528572734165,-5.755651390259087e-05,-0.00052764,5.751672281982092e-05,0.0018549,1,1.0
699,0.0009191629337949971,6.186195958895518e-07,0.00043068,4.121352885726401,32.50711697721612,-5.210126106431831,0.5339017083921984,23.444160432263967,0.08613346713151913,-57.721700289285835,-0.2562069914769774,-36.33533706546755,-0.30694249824025854,-1.7604409240860903,-0.055020528572734165,-6.604645310918998e-05,-0.00052764,6.59921044751466e-05,0.0018549,1,1.0
700,0.782859137585171,0.3635180345457099,0.00043068,1.2158541232221989,2.735354949826481,16.906430650862045,0.5339017083921984,19.138080207983283,0.08613346713151913,-53.90452271312286,-0.2562069914769774,-6.005739951583143,-0.30694249824025854,23.300228063138714,-0.055020528572734165,0.3622620528104734,-0.00052764,1.8223746722594212,0.0018549,0,1.0
701,0.4275644397488718,0.19892607075087246,0.00043068,1.2158541232221989,2.735354949826481,7.6358951075453145,0.5339017083921984,20.923230582124557,0.08613346713151913,-56.092258410696644,-0.2562069914769774,19.963690390342958,-0.30694249824025854,17.21746083307442,-0.055020528572734165,0.32999959396727574,-0.00052764,1.244245561155799,0.0018549,0,1.0
702,0.33388552647403236,0.1219300544227067,0.00043068,1.2158541232221989,2.735354949826481,0.7685079078196491,0.5339017083921984,17.662032667649058,0.08613346713151913,-64.91481216657867,-0.2562069914769774,40.60679604753637,-0.30694249824025854,23.19904203325092,-0.055020528572734165,0.41332445514115335,-0.00052764,1.0635594023979302,0.0018549,0,1.0
703,0.17552083557966713,0.0673210205906278,0.00043068,1.2158541232221989,2.735354949826481,24.767906792861726,0.5339017083921984,23.76363509943695,0.08613346713151913,-61.72906040490968,-0.2562069914769774,16.98285521167416,-0.30694249824025854,6.566238398498355,-0.055020528572734165,0.3658667976148724,-0.00052764,1.6216903646497984,0.0018549,0,1.0
704,0.015326699438715008,0.17456689148524795,0.00043068,1.2158541232221989,2.735354949826481,-13.685451916346867,0.5339017083921984,3.3105089916591868,0.08613346713151913,-53.91316064998587,-0.2562069914769774,63.4580141344397,-0.30694249824025854,25.507071978944598,-0.055020528572734165,0.20055304810580438,-0.00052764,0.4283627192161504,0.0018549,0,1.0
705,0.8404312446761345,0.28664792949517426,0.00043068,1.2158541232221989,2.735354949826481,-36.33968400520533,0.5339017083921984,3.1897243829771993,0.08613346713151913,-44.1542217966166,-0.2562069914769774,25.475660929463803,-0.30694249824025854,52.03720514667471,-0.055020528572734165,-0.05390419906081484,-0.00052764,0.1909265504902835,0.0018549,1,1.0
706,-0.03978890623844089,0.1431201779399015,0.00043068,1.2158541232221989,2.735354949826481,39.066776644615196,0.5339017083921984,20.13630604452627,0.08613346713151913,-58.777219826818026,-0.2562069914769774,15.414670329507215,-0.30694249824025854,-2.857771763069913,-0.055020528572734165,0.2830756937663267,-0.00052764,2.0562181729852953,0.0018549,0,1.0
707,0.09958283012285252,0.05362442512693912,0.00043068,1.2158541232221989,2.735354949826481,78.76447489924416,0.5339017083921984,36.542901148594495,0.08613346713151913,-47.629568155866366,-0.2562069914769774,-42.741277838098355,-0.30694249824025854,-29.280936251170612,-0.055020528572734165,0.27271214934782884,-0.00052764,3.1963752518285116,0.0018549,0,1.0
708,0.05394914872301318,0.14168906791751995,0.00043068,1.2158541232221989,2.735354949826481,-19.315204635926925,0.5339017083921984,-2.5837878546197826,0.08613346713151913,-34.740149639157146,-0.2562069914769774,43.87355697296863,-0.30694249824025854,25.8898221880279,-0.055020528572734165,-0.17178537809169842,-0.00052764,0.18457091772886264,0.0018549,1,1.0
709,0.2064068461181825,0.15340638766644893,0.00043068,1.2158541232221989,2.735354949826481,39.78013812553191,0.5339017083921984,26.592010788426663,0.08613346713151913,-44.78154553405343,-0.2562069914769774,-7.26100726863242,-0.30694249824025854,-8.926790750874043,-0.055020528572734165,0.43889500052783026,-0.00052764,1.868498316449048,0.0018549,0,1.0
710,1.0886880471516736,0.5403144571886899,0.00043068,1.2158541232221989,2.735354949826481,-23.516634264310966,0.5339017083921984,3.59427918428632,0.08613346713151913,-18.85771754262496,-0.2562069914769774,-22.46779111980001,-0.30694249824025854,42.88555657564677,-0.055020528572734165,-0.09353903440553848,-0.00052764,0.36127579341279914,0.0018549,1,1.0
711,0.20714940054243536,0.045974060906261986,0.00043068,1.2158541232221989,2.735354949826481,11.62033794839485,0.5339017083921984,13.697760851452923,0.08613346713151913,-47.013803959518064,-0.2562069914769774,19.498809104677356,-0.30694249824025854,11.942784786881559,-0.055020528572734165,0.32410924727077356,-0.00052764,1.0761706753431146,0.0018549,0,1.0
712,-0.0010867630956636898,0.10617846936107653,0.00043068,1.2158541232221989,2.735354949826481,53.064682063262275,0.5339017083921984,24.98815834452144,0.08613346713151913,-48.36478695507915,-0.2562069914769774,9.216175208372693,-0.30694249824025854,-19.369551311763388,-0.055020528572734165,0.7889823445160422,-0.00052764,2.166734322602931,0.0018549,0,1.0
713,0.3603634652495247,0.24472491973932503,0.00043068,1.2158541232221989,2.735354949826481,-9.543164522266602,0.5339017083921984,4.574378700168309,0.08613346713151913,-43.77189671817068,-0.2562069914769774,35.74672631067096,-0.30694249824025854,26.912218098690772,-0.055020528572734165,0.28769877754186535,-0.00052764,0.598060238801077,0.0018549,0,1.0
714,0.0032769820216393963,0.008429667733885565,0.00043068,1.2158541232221989,2.735354949826481,-1.9357205068631589,0.5339017083921984,12.826227806041572,0.08613346713151913,-73.67535531757396,-0.2562069914769774,61.161825370439466,-0.30694249824025854,24.92139500378127,-0.055020528572734165,0.36889394414442955,-0.00052764,0.8325206209659494,0.0018549,0,1.0
715,0.6308385348522692,0.1927215360934023,0.00043068,1.2158541232221989,2.735354949826481,-28.04403284333576,0.5339017083921984,3.249484722175029,0.08613346713151913,-42.39962356558322,-0.2562069914769774,16.555127397918092,-0.30694249824025854,45.58445497894715,-0.055020528572734165,-0.13688527022366406,-0.00052764,0.18389804181135908,0.0018549,1,1.0
716,0.025684049875412396,0.1069934392373382,0.00043068,1.2158541232221989,2.735354949826481,38.90764714098975,0.5339017083921984,14.226171672628803,0.08613346713151913,-33.499083074663424,-0.2562069914769774,0.9209552176231661,-0.30694249824025854,-10.40670390173979,-0.055020528572734165,0.2987121849069674,-0.00052764,1.8197515640638489,0.0018549,0,1.0
717,-0.028258298907397977,0.17382510203592333,0.00043068,1.2158541232221989,2.735354949826481,10.380090998266885,0.5339017083921984,3.7111552190800983,0.08613346713151913,-34.458012026461354,-0.2562069914769774,48.79469368038749,-0.30694249824025854,1.9945400055949307,-0.055020528572734165,0.4808040340884321,-0.00052764,0.9808117823277542,0.0018549,0,1.0
718,0.0514819033190701,0.18845665043317228,0.00043068,1.2158541232221989,2.735354949826481,39.84828528405988,0.5339017083921984,20.534277003940595,0.08613346713151913,-58.83846290812073,-0.2562069914769774,40.04995195904803,-0.30694249824025854,-8.327195293726705,-0.055020528572734165,1.0952757210973103,-0.00052764,1.8741447402250642,0.0018549,0,1.0
719,0.32596403899380544,0.09393099665883103,0.00043068,1.2158541232221989,2.735354949826481,1.2838132351229246,0.5339017083921984,19.414603265466003,0.08613346713151913,-70.14984945292804,-0.2562069914769774,38.74865352510803,-0.30694249824025854,25.330850186037484,-0.055020528572734165,0.3281807692328368,-0.00052764,1.1399270465651776,0.0018549,0,1.0
720,0.0650883269827135,0.2676337678010978,0.00043068,1.2158541232221989,2.735354949826481,28.704709496276063,0.5339017083921984,5.439920261347599,0.08613346713151913,-19.029878338629416,-0.2562069914769774,28.359513562848434,-0.30694249824025854,-13.486508350105254,-0.055020528572734165,0.6896361477249544,-0.00052764,1.444884976369903,0.0018549,0,1.0
721,0.024670380032510764,0.1532796363184018,0.00043068,1.2158541232221989,2.735354949826481,84.61490898345187,0.5339017083921984,35.33672105912326,0.08613346713151913,-38.4918177195123,-0.2562069914769774,-33.45620716458165,-0.30694249824025854,-40.88871121133158,-0.055020528572734165,0.7012681762623587,-0.00052764,3.0810075766702414,0.0018549,0,1.0
722,-0.04442573857905696,0.13436150521391924,0.00043068,1.2158541232221989,2.735354949826481,25.54765235843953,0.5339017083921984,11.968555056605233,0.08613346713151913,-37.119139667471934,-0.2562069914769774,25.539100921199,-0.30694249824025854,-5.794257315349904,-0.055020528572734165,0.574819484140435,-0.00052764,1.1996891711622413,0.0018549,0,1.0
723,0.7224408340812762,0.8570897064810789,0.00043068,1.2158541232221989,2.735354949826481,-55.61811911777009,0.5339017083921984,-4.106959294197281,0.08613346713151913,-66.46699239557428,-0.2562069914769774,64.62234957889589,-0.30694249824025854,72.24780270482654,-0.055020528572734165,-0.41210611223972304,-0.00052764,0.16750405550102873,0.0018549,1,1.0
724,0.7572055649711653,0.7279846796571565,0.00043068,1.2158541232221989,2.735354949826481,-29.365006017047218,0.5339017083921984,1.776702347948452,0.08613346713151913,-13.394525427809725,-0.2562069914769774,-6.417887540165367,-0.30694249824025854,35.488452390571396,-0.055020528572734165,-0.37534129079384426,-0.00052764,0.06045269999604602,0.0018549,1,1.0
725,0.5308252251345047,0.23709921937980172,0.00043068,1.2158541232221989,2.735354949826481,52.87912121750856,0.5339017083921984,31.748592013744187,0.08613346713151913,-61.8976292397935,-0.2562069914769774,-21.15021737107165,-0.30694249824025854,-1.0661463025442912,-0.055020528572734165,0.46670964664420644,-0.00052764,2.8499276071842012,0.0018549,0,1.0
726,-0.09351680659155703,0.5174712657191444,0.00043068,1.2158541232221989,2.735354949826481,75.58744730562304,0.5339017083921984,29.598459787725055,0.08613346713151913,-44.43773346534027,-0.2562069914769774,15.495166330916842,-0.30694249824025854,-40.86675837444706,-0.055020528572734165,1.4461818887547055,-0.00052764,2.5907710156243793,0.0018549,0,1.0
727,0.06847637247000016,0.24920288405175234,0.00043068,1.2158541232221989,2.735354949826481,35.331447499490736,0.5339017083921984,22.58925216869802,0.08613346713151913,-69.48045871647908,-0.2562069914769774,56.0293633194286,-0.30694249824025854,-4.084012193164353,-0.055020528572734165,1.3060728537486788,-0.00052764,1.7729126037613168,0.0018549,0,1.0
728,1.234808008905993,0.4558634620375803,0.00043068,1.2158541232221989,2.735354949826481,-0.1488367488434345,0.5339017083921984,34.38997534296408,0.08613346713151913,-98.52784267458324,-0.2562069914769774,5.1323663698161255,-0.30694249824025854,53.491635934283124,-0.055020528572734165,0.29238350966991433,-0.00052764,2.064018947767031,0.0018549,0,1.0
729,-0.05198781116011841,0.13488178998846245,0.00043068,1.2158541232221989,2.735354949826481,43.47276000431809,0.5339017083921984,23.695889559826885,0.08613346713151913,-56.88167235927263,-0.2562069914769774,15.747267638422212,-0.30694249824025854,-9.670511291236892,-0.055020528572734165,0.5241558745922844,-0.00052764,2.005036453251273,0.0018549,0,1.0
730,0.3404073585824009,0.15353380836522126,0.00043068,1.2158541232221989,2.735354949826481,-2.471043229278812,0.5339017083921984,13.436773508135873,0.08613346713151913,-78.09520798308027,-0.2562069914769774,49.534015607019526,-0.30694249824025854,35.101034583128595,-0.055020528572734165,0.344687695804074,-0.00052764,1.2006786363631892,0.0018549,0,1.0
731,-0.15320687329912974,0.5379841869874381,0.00043068,1.2158541232221989,2.735354949826481,58.573694346686814,0.5339017083921984,12.88149430501153,0.08613346713151913,-23.647851170935954,-0.2562069914769774,4.494637960219508,-0.30694249824025854,-29.98030770464294,-0.055020528572734165,0.5516618534124769,-0.00052764,2.312675515301177,0.0018549,0,1.0
732,0.951639001445496,0.32988915459377544,0.00043068,1.2158541232221989,2.735354949826481,-23.149083509792366,0.5339017083921984,15.189503609366241,0.08613346713151913,-75.35262283807104,-0.2562069914769774,37.43635124527081,-0.30694249824025854,54.479331479144825,-0.055020528572734165,0.4366103727930763,-0.00052764,0.8374130664704742,0.0018549,0,1.0
733,0.379408960666354,0.17648221171016,0.00043068,1.2158541232221989,2.735354949826481,20.912331738195718,0.5339017083921984,16.01437087537205,0.08613346713151913,-40.05823175412026,-0.2562069914769774,10.162130109662922,-0.30694249824025854,4.958561941002418,-0.055020528572734165,0.6427790925557729,-0.00052764,1.3232901802575525,0.0018549,0,1.0
734,0.6974721956777312,0.23029177136741383,0.00043068,1.2158541232221989,2.735354949826481,22.809427803363256,0.5339017083921984,22.80612805620232,0.08613346713151913,-49.415915070278004,-0.2562069914769774,-17.519840563446763,-0.30694249824025854,15.738697623510374,-0.055020528572734165,0.28204548681081376,-0.00052764,1.8262364734358159,0.0018549,0,1.0
735,0.2584473823751195,0.15101004670136794,0.00043068,1.2158541232221989,2.735354949826481,2.3203557358644176,0.5339017083921984,7.297329687381961,0.08613346713151913,-26.119971525351552,-0.2562069914769774,26.53760661921533,-0.30694249824025854,7.284985033705198,-0.055020528572734165,0.3624757002426161,-0.00052764,0.7239773269334894,0.0018549,0,1.0
736,-0.1015517472594496,0.24680476873723473,0.00043068,1.2158541232221989,2.735354949826481,19.846180707410124,0.5339017083921984,24.532340846797005,0.08613346713151913,-84.88467225959589,-0.2562069914769774,52.776753266526185,-0.30694249824025854,11.574936493813883,-0.055020528572734165,0.4073212942336416,-0.00052764,1.5786875176713395,0.0018549,0,1.0
737,0.26976589552921926,0.07758190261368463,0.00043068,1.2158541232221989,2.735354949826481,6.606715066938944,0.5339017083921984,15.124179104216644,0.08613346713151913,-47.44435093896757,-0.2562069914769774,22.80500291690542,-0.30694249824025854,13.871305950022979,-0.055020528572734165,0.3576552157152636,-0.00052764,0.9439267278902336,0.0018549,0,1.0
738,0.46304467502391733,0.1810503876087945,0.00043068,1.2158541232221989,2.735354949826481,-28.57904129816951,0.5339017083921984,8.722468363405731,0.08613346713151913,-60.59630278802318,-0.2562069914769774,30.84552585131009,-0.30694249824025854,47.80051170523314,-0.055020528572734165,-0.2617586315364997,-0.00052764,0.2953558455536599,0.0018549,1,1.0
739,0.8836892254701582,0.39951137443037443,0.00043068,1.2158541232221989,2.735354949826481,26.846131789114473,0.5339017083921984,30.69997836364335,0.08613346713151913,-52.41456946572914,-0.2562069914769774,-32.92559357865939,-0.30694249824025854,15.421413995466152,-0.055020528572734165,0.2629911101505259,-0.00052764,2.0674869349999514,0.0018549,0,1.0
740,0.2591720245844828,0.22280283847085458,0.00043068,1.2158541232221989,2.735354949826481,12.668863710748983,0.5339017083921984,8.007986219282776,0.08613346713151913,-39.93036209971937,-0.2562069914769774,30.283953814709445,-0.30694249824025854,9.338609047443136,-0.055020528572734165,0.532721836818266,-0.00052764,1.2000562479441164,0.0018549,0,1.0
741,0.8164110971134253,0.2583970093044527,0.00043068,1.2158541232221989,2.735354949826481,-23.58371738633617,0.5339017083921984,12.39180506346735,0.08613346713151913,-69.99202988789536,-0.2562069914769774,39.17462992540507,-0.30694249824025854,51.14271220230635,-0.055020528572734165,0.3789703702117932,-0.00052764,0.6698976136249326,0.0018549,0,1.0
742,0.1239852942702031,0.1249075290200404,0.00043068,1.2158541232221989,2.735354949826481,67.16199170611675,0.5339017083921984,36.92410188033583,0.08613346713151913,-51.27545485134335,-0.2562069914769774,-33.080385459000816,-0.30694249824025854,-22.818807158215087,-0.055020528572734165,0.2816291623976577,-0.00052764,2.814861061607076,0.0018549,0,1.0
743,0.4473167399575655,0.17950701803623437,0.00043068,1.2158541232221989,2.735354949826481,25.824206909470114,0.5339017083921984,26.82548523963359,0.08613346713151913,-53.38859680363764,-0.2562069914769774,-6.2752658604199905,-0.30694249824025854,7.321922041912471,-0.055020528572734165,0.29924361487688256,-0.00052764,1.741489910622823,0.0018549,0,1.0
744,1.0341460782566245,0.3942456599758355,0.00043068,1.2158541232221989,2.735354949826481,-27.280818032062715,0.5339017083921984,15.699322009760433,0.08613346713151913,-76.28264756032165,-0.2562069914769774,31.78081968430651,-0.30694249824025854,59.45599607906495,-0.055020528572734165,0.28845629641647413,-0.00052764,0.8118589829025571,0.0018549,0,1.0
745,0.39823153485113094,0.09819067899765893,0.00043068,1.2158541232221989,2.735354949826481,30.16228950641685,0.5339017083921984,28.335716118211636,0.08613346713151913,-78.27206886102026,-0.2562069914769774,8.038982695157356,-0.30694249824025854,16.15021671044091,-0.055020528572734165,0.27791144231068576,-0.00052764,2.2405513706954596,0.0018549,0,1.0
746,0.1615152506464277,0.2929452108261436,0.00043068,1.2158541232221989,2.735354949826481,60.050929515975454,0.5339017083921984,31.479734578848493,0.08613346713151913,-23.692605910609807,-0.2562069914769774,-43.3247346285796,-0.30694249824025854,-29.88682501754802,-0.055020528572734165,0.322308075353792,-0.00052764,2.2143030136050124,0.0018549,0,1.0
747,0.8957297197615322,0.84457188329294,0.00043068,1.2158541232221989,2.735354949826481,-13.982594674710903,0.5339017083921984,14.603271930232115,0.08613346713151913,-23.27848362559468,-0.2562069914769774,-44.89318820092931,-0.30694249824025854,34.513867941923976,-0.055020528572734165,-0.6199090305504915,-0.00052764,0.623453426607895,0.0018549,1,1.0
748,0.32446280304576836,0.12745545454136856,0.00043068,1.2158541232221989,2.735354949826481,15.22682399135572,0.5339017083921984,13.027883469191483,0.08613346713151913,-26.562327680049936,-0.2562069914769774,3.923758618785627,-0.30694249824025854,2.2700510197121884,-0.055020528572734165,0.5058404230171512,-0.00052764,0.9294710565039148,0.0018549,0,1.0
749,0.24571359748738275,0.12713854387767046,0.00043068,1.2158541232221989,2.735354949826481,32.6622962493761,0.5339017083921984,16.845125240145258,0.08613346713151913,-40.45037729750667,-0.2562069914769774,-1.2264074899037767,-0.30694249824025854,-0.9449074002995888,-0.055020528572734165,0.353749371038683,-0.00052764,1.7876415330681303,0.0018549,0,1.0
750,0.004336240942812708,0.011947962351721684,0.00043068,1.2158541232221989,2.735354949826481,38.7382771171329,0.5339017083921984,28.011151818266228,0.08613346713151913,-79.52870619126853,-0.2562069914769774,23.012666550699546,-0.30694249824025854,3.5241874938913824,-0.055020528572734165,0.33428423677771546,-0.00052764,2.23716178399357,0.0018549,0,1.0
751,0.8318977605500473,0.46250333550211686,0.00043068,1.2158541232221989,2.735354949826481,-7.347780018100154,0.5339017083921984,18.805569828802533,0.08613346713151913,-65.3145870638339,-0.2562069914769774,8.814496143562094,-0.30694249824025854,41.53345146972682,-0.055020528572734165,0.16317480369397963,-0.00052764,1.1620144230083382,0.0018549,0,1.0
752,1.508173449419115,0.8337848282523124,0.00043068,1.2158541232221989,2.735354949826481,-36.37167187204756,0.5339017083921984,2.895922661398546,0.08613346713151913,-11.742561246135198,-0.2562069914769774,-47.119535916883585,-0.30694249824025854,57.48933724771535,-0.055020528572734165,-0.33553876409606753,-0.00052764,0.18442686965112132,0.0018549,1,1.0
753,0.008442539798316773,0.052152551144851365,0.00043068,1.2158541232221989,2.735354949826481,38.61798280053735,0.5339017083921984,19.56249417937312,0.08613346713151913,-36.7322601629703,-0.2562069914769774,3.8147245495383344,-0.30694249824025854,-13.358580321379923,-0.055020528572734165,0.5113983345970294,-0.00052764,1.6031460136807212,0.0018549,0,1.0
754,0.0059162473123431925,0.19006450088965882,0.00043068,1.2158541232221989,2.735354949826481,0.3651509982617646,0.5339017083921984,2.427600125117228,0.08613346713151913,-44.272736931854205,-0.2562069914769774,79.00841871856893,-0.30694249824025854,8.17229520582131,-0.055020528572734165,0.3113338650103509,-0.00052764,1.2706843701208754,0.0018549,0,1.0
755,1.234841107534847,0.559182183042374,0.00043068,1.2158541232221989,2.735354949826481,21.96845902239968,0.5339017083921984,35.85185860499504,0.08613346713151913,-65.86541475097977,-0.2562069914769774,-36.86541948869843,-0.30694249824025854,28.639365197150966,-0.055020528572734165,0.30685411440876975,-0.00052764,2.317058645335117,0.0018549,0,1.0
756,0.03372813286535559,0.4718250730860788,0.00043068,1.2158541232221989,2.735354949826481,57.17159992073619,0.5339017083921984,38.62278121905595,0.08613346713151913,-72.47311596481659,-0.2562069914769774,-9.20224904460646,-0.30694249824025854,-11.63656052848907,-0.055020528572734165,0.20784730694887,-0.00052764,2.716575828006575,0.0018549,0,1.0
757,0.00275978699602486,0.03425944380993526,0.00043068,1.2158541232221989,2.735354949826481,10.310926635520646,0.5339017083921984,10.599765933904791,0.08613346713151913,-45.862520062608695,-0.2562069914769774,40.90369395504001,-0.30694249824025854,6.398457133365772,-0.055020528572734165,0.5804698085339177,-0.00052764,0.7999755556584607,0.0018549,0,1.0
758,0.2549384183943544,0.09873155364034727,0.00043068,1.2158541232221989,2.735354949826481,43.542452472339534,0.5339017083921984,36.99493466057266,0.08613346713151913,-84.80876231906784,-0.2562069914769774,3.717356520344146,-0.30694249824025854,5.250136049458726,-0.055020528572734165,0.28320542207911625,-0.00052764,2.5920653633808586,0.0018549,0,1.0
759,0.481183981707598,0.14589486797895698,0.00043068,1.2158541232221989,2.735354949826481,-19.087833230610617,0.5339017083921984,9.544570710922438,0.08613346713151913,-67.4502794674123,-0.2562069914769774,56.844514380571376,-0.30694249824025854,40.40986018493605,-0.055020528572734165,0.41307109380574814,-0.00052764,0.6226642711218756,0.0018549,0,1.0
760,0.013103320637720461,0.15572294725198393,0.00043068,1.2158541232221989,2.735354949826481,72.66895364539661,0.5339017083921984,30.287905792083954,0.08613346713151913,-22.727252902759375,-0.2562069914769774,-39.134183416163246,-0.30694249824025854,-39.5297989196385,-0.055020528572734165,0.5288672604688172,-0.00052764,2.484202074720812,0.0018549,0,1.0
761,0.5054715975389312,0.4435024768736155,0.00043068,1.2158541232221989,2.735354949826481,3.6187234715243726,0.5339017083921984,6.3404086651063345,0.08613346713151913,-9.50772070550731,-0.2562069914769774,12.858814960794607,-0.30694249824025854,2.9779289862244513,-0.055020528572734165,0.283827475718116,-0.00052764,0.9851127079267237,0.0018549,0,1.0
762,0.3194967916350073,0.4840524827409861,0.00043068,1.2158541232221989,2.735354949826481,75.26706372097996,0.5339017083921984,40.724617985016735,0.08613346713151913,-86.21539355054112,-0.2562069914769774,18.226414135447556,-0.30694249824025854,-16.886852950004595,-0.055020528572734165,1.3949170754199298,-0.00052764,3.4674208973551264,0.0018549,0,1.0
763,0.0044824036696533565,0.083553884702846,0.00043068,1.2158541232221989,2.735354949826481,44.72494461146584,0.5339017083921984,21.699073057244288,0.08613346713151913,-57.716095972854525,-0.2562069914769774,17.641300667819426,-0.30694249824025854,-7.873277380683752,-0.055020528572734165,0.5578347326994826,-0.00052764,2.1757896519564937,0.0018549,0,1.0
764,2.0174251114658164,1.5691388204214325,0.00043068,1.2158541232221989,2.735354949826481,3.1920441657846466,0.5339017083921984,34.28399475107094,0.08613346713151913,-37.10807629938154,-0.2562069914769774,-72.15340905320575,-0.30694249824025854,40.31290786379448,-0.055020528572734165,0.3017884613130548,-0.00052764,1.9448727085866693,0.0018549,0,1.0
765,0.26610961007848033,0.1699375709451846,0.00043068,1.2158541232221989,2.735354949826481,57.72572530312724,0.5339017083921984,30.128770875041834,0.08613346713151913,-62.06128324238333,-0.2562069914769774,-5.428253555000245,-0.30694249824025854,-9.745655493808973,-0.055020528572734165,0.6130504401931358,-0.00052764,2.7963875460513394,0.0018549,0,1.0
766,0.37320194109386945,0.28798104137033953,0.00043068,1.2158541232221989,2.735354949826481,-21.199513413236904,0.5339017083921984,1.4131514644190741,0.08613346713151913,-34.42030057965035,-0.2562069914769774,37.45183056136535,-0.30694249824025854,29.39126693785433,-0.055020528572734165,-0.06249612544200489,-0.00052764,0.3809349942715124,0.0018549,1,1.0
767,0.35076218412244087,0.39972337170003114,0.00043068,1.2158541232221989,2.735354949826481,-11.54356453756358,0.5339017083921984,9.81233809670556,0.08613346713151913,-41.65519387191151,-0.2562069914769774,5.157820647459438,-0.30694249824025854,29.67654777164837,-0.055020528572734165,-0.30425879406402695,-0.00052764,0.496430820469772,0.0018549,1,1.0
768,0.4536011779528424,0.25865400420256457,0.00043068,1.2158541232221989,2.735354949826481,-11.618289915852609,0.5339017083921984,7.164130261184993,0.08613346713151913,-60.115455818070586,-0.2562069914769774,58.68626611303344,-0.30694249824025854,32.5281753307853,-0.055020528572734165,0.5467155860664941,-0.00052764,0.8439119016902661,0.0018549,0,1.0
769,-0.09128799094170126,0.3250447163946986,0.00043068,1.2158541232221989,2.735354949826481,26.317125426081912,0.5339017083921984,17.22672331045214,0.08613346713151913,-45.7205424246199,-0.2562069914769774,40.664545963539254,-0.30694249824025854,-9.070006630260055,-0.055020528572734165,0.7705215139992608,-0.00052764,1.242024153767345,0.0018549,0,1.0
770,0.2499527982755706,0.19519265422751908,0.00043068,1.2158541232221989,2.735354949826481,10.457033364467549,0.5339017083921984,18.094888883340726,0.08613346713151913,-48.613870070533245,-0.2562069914769774,28.02181383231925,-0.30694249824025854,8.589752189796343,-0.055020528572734165,0.4037759563925845,-0.00052764,1.1467539184226156,0.0018549,0,1.0
771,0.6667559713114932,0.3084599714706377,0.00043068,1.2158541232221989,2.735354949826481,58.90914865041308,0.5339017083921984,37.2063168229574,0.08613346713151913,-78.57223717071551,-0.2562069914769774,-29.267593541724363,-0.30694249824025854,6.153537816150266,-0.055020528572734165,0.2837359717957124,-0.00052764,3.4623279371492464,0.0018549,0,1.0
772,0.3936667735063859,0.10412625755628835,0.00043068,1.2158541232221989,2.735354949826481,41.28636670790985,0.5339017083921984,29.96206007936162,0.08613346713151913,-60.30558721335202,-0.2562069914769774,-13.267704036116488,-0.30694249824025854,1.8846425904989812,-0.055020528572734165,0.3163454138222326,-0.00052764,2.316366522551194,0.0018549,0,1.0
773,0.18808089059576744,0.9344350856725288,0.00043068,1.2158541232221989,2.735354949826481,-38.998079975246995,0.5339017083921984,-4.806121739550434,0.08613346713151913,-47.62026351254401,-0.2562069914769774,60.515986908802994,-0.30694249824025854,44.84536145175701,-0.055020528572734165,-0.4654932184469245,-0.00052764,0.04250453339519078,0.0018549,1,1.0
774,-0.01830278756301651,0.39392501514552525,0.00043068,1.2158541232221989,2.735354949826481,19.893996224923825,0.5339017083921984,15.067546026659468,0.08613346713151913,-47.05359301820704,-0.2562069914769774,64.89492982664477,-0.30694249824025854,-7.818849047197082,-0.055020528572734165,0.6748373140820875,-0.00052764,1.5750136503108183,0.0018549,0,1.0
775,0.4874507226322917,0.113784590936051,0.00043068,1.2158541232221989,2.735354949826481,2.2310878587895466,0.5339017083921984,22.228081484235567,0.08613346713151913,-85.51396124412717,-0.2562069914769774,40.482041967687216,-0.30694249824025854,34.55510487903565,-0.055020528572734165,0.42923426068075776,-0.00052764,1.4318062077586327,0.0018549,0,1.0
776,0.024243343310107468,0.1596667465978502,0.00043068,1.2158541232221989,2.735354949826481,31.242819618832666,0.5339017083921984,11.869392057058308,0.08613346713151913,-24.21913524368047,-0.2562069914769774,23.890677262348948,-0.30694249824025854,-16.09850772691407,-0.055020528572734165,0.9834869663226393,-0.00052764,1.1242001763124305,0.0018549,0,1.0
777,0.12187741173571842,0.23839038466529483,0.00043068,1.2158541232221989,2.735354949826481,61.03438397902739,0.5339017083921984,20.804766171609835,0.08613346713151913,-31.520052414903503,-0.2562069914769774,-6.845169969660045,-0.30694249824025854,-25.986445588367996,-0.055020528572734165,0.7981608934019361,-0.00052764,2.4459248394077124,0.0018549,0,1.0
778,0.006342785338282697,0.10443938643581915,0.00043068,1.2158541232221989,2.735354949826481,40.894575280964915,0.5339017083921984,20.765213205897926,0.08613346713151913,-53.799935288019604,-0.2562069914769774,27.57255243267833,-0.30694249824025854,-10.022065022363684,-0.055020528572734165,0.8470844289280518,-0.00052764,1.8594577564812136,0.0018549,0,1.0
779,0.7183367361796789,0.3039133290626497,0.00043068,1.2158541232221989,2.735354949826481,27.272243425727954,0.5339017083921984,29.01285150998292,0.08613346713151913,-47.28564486526288,-0.2562069914769774,-26.594074055033257,-0.30694249824025854,9.33642694682483,-0.055020528572734165,0.28515803242611615,-0.00052764,1.8916751072853528,0.0018549,0,1.0
780,-0.006005111176764499,0.16900914327898264,0.00043068,1.2158541232221989,2.735354949826481,13.832671111562345,0.5339017083921984,11.010787917062618,0.08613346713151913,-67.28350681303921,-0.2562069914769774,70.34703479309243,-0.30694249824025854,11.11962823279136,-0.055020528572734165,0.8361013612543746,-0.00052764,1.309340773125975,0.0018549,0,1.0
781,0.5504353400971971,0.16377571177750716,0.00043068,1.2158541232221989,2.735354949826481,41.64186669300115,0.5339017083921984,27.64922150361734,0.08613346713151913,-49.586742689628934,-0.2562069914769774,-27.697261636386028,-0.30694249824025854,2.0743421741914885,-0.055020528572734165,0.28426524128829644,-0.00052764,2.3446282609636615,0.0018549,0,1.0
782,0.07333318239667408,0.09933597936427463,0.00043068,1.2158541232221989,2.735354949826481,69.85319875807343,0.5339017083921984,27.465721133586637,0.08613346713151913,-41.67803982331024,-0.2562069914769774,-28.39398202641351,-0.30694249824025854,-24.859438101673803,-0.055020528572734165,0.31161651231104637,-0.00052764,2.928544971237391,0.0018549,0,1.0
783,0.017710391632498546,0.08188462736088843,0.00043068,1.2158541232221989,2.735354949826481,92.81531553990345,0.5339017083921984,36.31904813465758,0.08613346713151913,-42.32642158656056,-0.2562069914769774,-44.25481943047783,-0.30694249824025854,-41.08804334230945,-0.055020528572734165,0.4642782466099946,-0.00052764,3.5453684783959956,0.0018549,0,1.0
784,0.8046602612072015,0.26601779461653663,0.00043068,1.2158541232221989,2.735354949826481,-31.447745164819324,0.5339017083921984,9.017530830634042,0.08613346713151913,-46.2329024076013,-0.2562069914769774,6.966496790173697,-0.30694249824025854,50.03975449116904,-0.055020528572734165,-0.3018238915706574,-0.00052764,0.28325537889862346,0.0018549,1,1.0
785,0.01033547765189391,0.025860191632702822,0.00043068,1.2158541232221989,2.735354949826481,20.844038585938463,0.5339017083921984,14.215112531142527,0.08613346713151913,-42.66933006367293,-0.2562069914769774,22.961589567605916,-0.30694249824025854,0.039634333805603265,-0.055020528572734165,0.4538172202910567,-0.00052764,1.134763208649843,0.0018549,0,1.0
786,0.10401882808162499,0.04138205456389251,0.00043068,1.2158541232221989,2.735354949826481,0.9191531350773626,0.5339017083921984,13.112228495644265,0.08613346713151913,-67.82931523341047,-0.2562069914769774,48.1046792814662,-0.30694249824025854,23.783649381695792,-0.055020528572734165,0.3281276098833619,-0.00052764,0.9346108355965863,0.0018549,0,1.0
787,0.947338525692356,0.3554987721751023,0.00043068,1.2158541232221989,2.735354949826481,-17.97819758115289,0.5339017083921984,17.44017889711006,0.08613346713151913,-85.14749008491819,-0.2562069914769774,39.25669055727486,-0.30694249824025854,55.84740413867533,-0.055020528572734165,0.4875440286913924,-0.00052764,1.1027965347584565,0.0018549,0,1.0
788,0.5413929863432305,0.1689348571789497,0.00043068,1.2158541232221989,2.735354949826481,28.47958139692978,0.5339017083921984,20.178937653240478,0.08613346713151913,-34.21051941884663,-0.2562069914769774,-23.605606362581664,-0.30694249824025854,3.97524801249536,-0.055020528572734165,0.2883057047594424,-0.00052764,1.6987884822195936,0.0018549,0,1.0
789,0.2709588659069513,0.09587087080048731,0.00043068,1.2158541232221989,2.735354949826481,60.74762690329995,0.5339017083921984,37.13332112768277,0.08613346713151913,-79.84802426301131,-0.2562069914769774,-8.14997437423363,-0.30694249824025854,-4.492633022122048,-0.055020528572734165,0.4190484536623722,-0.00052764,3.1385730703599264,0.0018549,0,1.0
790,-0.0005887509288238224,0.1172074327736094,0.00043068,1.2158541232221989,2.735354949826481,43.803024972832006,0.5339017083921984,20.077919843732314,0.08613346713151913,-56.69797465192982,-0.2562069914769774,22.954503437474504,-0.30694249824025854,-8.096619084725479,-0.055020528572734165,0.6373695816450009,-0.00052764,2.1382803477826595,0.0018549,0,1.0
791,0.04418061111707727,0.40491004389682506,0.00043068,1.2158541232221989,2.735354949826481,50.3832471515315,0.5339017083921984,23.01107078152322,0.08613346713151913,-44.13494212421301,-0.2562069914769774,34.433426917120556,-0.30694249824025854,-24.64528929853569,-0.055020528572734165,1.4909673177827178,-0.00052764,1.8449719929703599,0.0018549,0,1.0
792,1.6080345549943083,0.6318411837613525,0.00043068,1.2158541232221989,2.735354949826481,-57.76966014131404,0.5339017083921984,9.930119262530743,0.08613346713151913,-61.44585209454076,-0.2562069914769774,5.953456408762138,-0.30694249824025854,85.08498364490914,-0.055020528572734165,-0.27982345439569795,-0.00052764,0.2867157764972999,0.0018549,1,1.0
793,1.1188322266701543,0.4472481773353243,0.00043068,1.2158541232221989,2.735354949826481,6.610665633154881,0.5339017083921984,26.140278643106644,0.08613346713151913,-54.16665687629245,-0.2562069914769774,-21.443883272452876,-0.30694249824025854,31.791713499843247,-0.055020528572734165,0.30680551589540206,-0.00052764,1.6074685205158965,0.0018549,0,1.0
794,0.08230187793739874,0.09339860801367467,0.00043068,1.2158541232221989,2.735354949826481,14.334911077342591,0.5339017083921984,16.863124594828303,0.08613346713151913,-77.10245766841878,-0.2562069914769774,61.18866928149731,-0.30694249824025854,16.08375374303384,-0.055020528572734165,0.7827791197899139,-0.00052764,1.3832301705627923,0.0018549,0,1.0
795,0.37751607270224014,0.125344527684686,0.00043068,1.2158541232221989,2.735354949826481,-36.45289778070913,0.5339017083921984,1.7080930260456877,0.08613346713151913,-65.82452449726047,-0.2562069914769774,57.55579599524308,-0.30694249824025854,53.612433491744724,-0.055020528572734165,-0.05938232931081251,-0.00052764,0.06893866071154488,0.0018549,1,1.0
796,0.06617948562825993,0.07382266315498398,0.00043068,1.2158541232221989,2.735354949826481,-11.457924441062035,0.5339017083921984,6.850314997804807,0.08613346713151913,-71.68567085585482,-0.2562069914769774,72.56623209822699,-0.30694249824025854,31.739109461253,-0.055020528572734165,0.4201780166678367,-0.00052764,0.6186879950821177,0.0018549,0,1.0
797,0.7259805076953579,0.20363417931178246,0.00043068,1.2158541232221989,2.735354949826481,-21.15439596171046,0.5339017083921984,-0.27390234952150355,0.08613346713151913,-5.07557117909718,-0.2562069914769774,-8.203728690911067,-0.30694249824025854,27.11139068014129,-0.055020528572734165,-0.14219234171525164,-0.00052764,0.14471260179208906,0.0018549,1,1.0
798,0.10214775278199717,0.424975608105268,0.00043068,1.2158541232221989,2.735354949826481,25.334358353741305,0.5339017083921984,-0.1745524850809641,0.08613346713151913,-9.332629782893179,-0.2562069914769774,27.23724205604818,-0.30694249824025854,-12.773206903185812,-0.055020528572734165,0.41303401250372085,-0.00052764,1.580064351357921,0.0018549,0,1.0
799,0.18398135210721267,0.04819637468590282,0.00043068,1.2158541232221989,2.735354949826481,5.520779201130667,0.5339017083921984,15.492591057531486,0.08613346713151913,-56.03920310978706,-0.2562069914769774,33.211930266975756,-0.30694249824025854,16.191284144128556,-0.055020528572734165,0.35231881186644903,-0.00052764,0.9638081489264605,0.0018549,0,1.0
800,0.02026226017781707,0.12257481138621117,0.00043068,2.387138367997413,2.9709305229720875,14.430900869511545,0.5339017083921984,9.041591515381327,0.08613346713151913,-65.85369774353822,-0.2562069914769774,34.966954624511075,-0.30694249824025854,24.190206700729114,-0.055020528572734165,0.029715377261593984,-0.00052764,0.24206657449872618,0.0018549,0,1.0
801,-0.13745394868911745,0.4306010837881217,0.00043068,2.387138367997413,2.9709305229720875,14.206109612500406,0.5339017083921984,2.596545922459506,0.08613346713151913,-39.14911197741154,-0.2562069914769774,51.99086505939416,-0.30694249824025854,5.28454127191933,-0.055020528572734165,0.10375434966209632,-0.00052764,0.34069930404446025,0.0018549,0,1.0
802,0.02709066746072697,0.21403653074165177,0.00043068,2.387138367997413,2.9709305229720875,42.17945669738138,0.5339017083921984,6.666525361141167,0.08613346713151913,-46.51362191791913,-0.2562069914769774,49.09356826538648,-0.30694249824025854,-2.5851749448899324,-0.055020528572734165,0.22183196465411517,-0.00052764,0.648677289762353,0.0018549,0,1.0
803,-0.0018343240628966861,0.24476625061842558,0.00043068,2.387138367997413,2.9709305229720875,0.04546131411315241,0.5339017083921984,4.158992431792251,0.08613346713151913,-61.67760954648153,-0.2562069914769774,79.62706016535685,-0.30694249824025854,22.302235251739326,-0.055020528572734165,0.12501116638749454,-0.00052764,0.5746584993331432,0.0018549,0,1.0
804,0.4999058159695708,0.1070047287290102,0.00043068,2.387138367997413,2.9709305229720875,-33.02504653596953,0.5339017083921984,7.3543101548026195,0.08613346713151913,-70.3029945940631,-0.2562069914769774,14.659859319845712,-0.30694249824025854,67.01007975112272,-0.055020528572734165,-0.19954322011314382,-0.00052764,0.19008379246980076,0.0018549,1,1.0
805,0.0316354574155725,0.18219901430623547,0.00043068,2.387138367997413,2.9709305229720875,49.53173419639981,0.5339017083921984,5.952264064539762,0.08613346713151913,-40.979022112108964,-0.2562069914769774,13.229608570767237,-0.30694249824025854,2.1488703645659966,-0.055020528572734165,0.0894245486855039,-0.00052764,0.36358876903044324,0.0018549,0,1.0
806,0.30137142046955634,0.05979597848108812,0.00043068,2.387138367997413,2.9709305229720875,-12.664648792789874,0.5339017083921984,2.5559147781831992,0.08613346713151913,-27.251749109155178,-0.2562069914769774,2.542506455622231,-0.30694249824025854,30.031244093279973,-0.055020528572734165,-0.04320912951030598,-0.00052764,0.10922830009768497,0.0018549,1,1.0
807,0.2204691845499438,0.24499203717430154,0.00043068,2.387138367997413,2.9709305229720875,59.17795605489467,0.5339017083921984,9.966917189595815,0.08613346713151913,-48.98258714770027,-0.2562069914769774,-16.129190652588687,-0.30694249824025854,10.407110808521072,-0.055020528572734165,-0.07018934771353066,-0.00052764,0.4093281468966006,0.0018549,1,1.0
808,0.4352448199439827,0.13756404095269187,0.00043068,2.387138367997413,2.9709305229720875,-60.11906996173197,0.5339017083921984,1.8532028765278294,0.08613346713151913,-75.68625608888998,-0.2562069914769774,49.43718896854643,-0.30694249824025854,81.76783312890132,-0.055020528572734165,-0.17588287589273277,-0.00052764,0.1826603915691849,0.0018549,1,1.0
809,0.6510572033907889,0.10813602955073755,0.00043068,2.387138367997413,2.9709305229720875,-41.5479575257924,0.5339017083921984,9.169509077497306,0.08613346713151913,-69.01000714507997,-0.2562069914769774,5.576356089904591,-0.30694249824025854,71.46086762429361,-0.055020528572734165,-0.1958718085892915,-0.00052764,0.19364522873092324,0.0018549,1,1.0
810,0.09313029490592012,0.12024944334457753,0.00043068,2.387138367997413,2.9709305229720875,-76.42743215586897,0.5339017083921984,-0.5907001491869288,0.08613346713151913,-60.805288059606966,-0.2562069914769774,76.17948678719709,-0.30694249824025854,63.67191285416813,-0.055020528572734165,-0.07493094775098837,-0.00052764,0.01841718394881818,0.0018549,1,1.0
811,0.507564973121939,0.07712504237936889,0.00043068,2.387138367997413,2.9709305229720875,-72.94275589920723,0.5339017083921984,3.2440751591773234,0.08613346713151913,-82.999413755661,-0.2562069914769774,55.03413216661504,-0.30694249824025854,90.17361880576534,-0.055020528572734165,-0.09961574074192774,-0.00052764,0.11332223734178691,0.0018549,1,1.0
812,0.02147495259321501,0.13625328579345017,0.00043068,2.387138367997413,2.9709305229720875,-21.115047229219375,0.5339017083921984,-0.9391290714337307,0.08613346713151913,-40.29471098357292,-0.2562069914769774,49.405551468331005,-0.30694249824025854,31.656007632307002,-0.055020528572734165,-0.04966027996260883,-0.00052764,0.21662299338719146,0.0018549,1,1.0
813,0.37978006471107106,0.13675502411904125,0.00043068,2.387138367997413,2.9709305229720875,-27.282060325409713,0.5339017083921984,10.394360680417176,0.08613346713151913,-67.70568994428228,-0.2562069914769774,16.637101548182528,-0.30694249824025854,52.60014759555186,-0.055020528572734165,-0.21543448670992385,-0.00052764,0.24290591618006155,0.0018549,1,1.0
814,0.4798693959575735,0.196907468426058,0.00043068,2.387138367997413,2.9709305229720875,5.849938595761012,0.5339017083921984,5.0146497382172885,0.08613346713151913,-35.144727735006484,-0.2562069914769774,-26.12276961282758,-0.30694249824025854,37.737382501691926,-0.055020528572734165,-0.27492205179725404,-0.00052764,0.27636417887843867,0.0018549,1,1.0
815,0.4833836539965107,0.08497094425997187,0.00043068,2.387138367997413,2.9709305229720875,-39.29952245520588,0.5339017083921984,0.8191522174639563,0.08613346713151913,-16.121657148166154,-0.2562069914769774,-4.804508593586006,-0.30694249824025854,40.26726694582705,-0.055020528572734165,-0.030154059152695332,-0.00052764,0.005782544848042519,0.0018549,1,1.0
816,0.9189568825461651,0.23477121893796699,0.00043068,2.387138367997413,2.9709305229720875,1.9545889954169493,0.5339017083921984,7.01116981534609,0.08613346713151913,-14.080030033600822,-0.2562069914769774,-72.12084380795747,-0.30694249824025854,40.24538215504826,-0.055020528572734165,-0.2245293963077113,-0.00052764,0.24070026461383387,0.0018549,1,1.0
817,0.2700898223731717,0.12368255126125713,0.00043068,2.387138367997413,2.9709305229720875,-44.80537871522952,0.5339017083921984,9.634919811667967,0.08613346713151913,-83.230088793598,-0.2562069914769774,44.44610422613314,-0.30694249824025854,63.75226164440431,-0.055020528572734165,-0.2288942540978703,-0.00052764,0.2202668502398551,0.0018549,1,1.0
818,0.16022342897961217,0.1846683136792831,0.00043068,2.387138367997413,2.9709305229720875,73.57313253740239,0.5339017083921984,10.523378884658888,0.08613346713151913,-24.615815783421816,-0.2562069914769774,-15.091135459210301,-0.30694249824025854,-19.760262403529268,-0.055020528572734165,0.26531895704830355,-0.00052764,0.38835375011132134,0.0018549,0,1.0
819,0.4545159184477576,0.0425414602327944,0.00043068,2.387138367997413,2.9709305229720875,-74.93019334056096,0.5339017083921984,1.8396551390800602,0.08613346713151913,-61.78030139141899,-0.2562069914769774,50.27826733772625,-0.30694249824025854,75.0926420992665,-0.055020528572734165,-0.005810997031321999,-0.00052764,0.03271971539878639,0.0018549,1,1.0
820,0.8647322507473592,0.4213573331215094,0.00043068,2.387138367997413,2.9709305229720875,-83.73721872324805,0.5339017083921984,7.53657121660261,0.08613346713151913,-58.30552785035672,-0.2562069914769774,-0.015139913120433945,-0.30694249824025854,87.9115598467019,-0.055020528572734165,-0.31606863527296136,-0.00052764,0.1371570171787878,0.0018549,1,1.0
821,0.06577647087050997,0.16872851838107067,0.00043068,2.387138367997413,2.9709305229720875,41.01443451887488,0.5339017083921984,9.427035848408355,0.08613346713151913,-73.89106331073276,-0.2562069914769774,35.55789150721888,-0.30694249824025854,21.4792865844919,-0.055020528572734165,0.13976793297869036,-0.00052764,0.37710525380246296,0.0018549,0,1.0
822,0.41628376890586005,0.5890284595145595,0.00043068,2.387138367997413,2.9709305229720875,12.253002809356369,0.5339017083921984,16.90600980538484,0.08613346713151913,-43.87025315016845,-0.2562069914769774,-36.706295080991865,-0.30694249824025854,19.40806128594424,-0.055020528572734165,-0.44992610661973365,-0.00052764,0.46218638265507883,0.0018549,1,1.0
823,0.909349907311373,0.3398819754680825,0.00043068,2.387138367997413,2.9709305229720875,-18.000231506783933,0.5339017083921984,13.065376421733541,0.08613346713151913,-46.01045917852904,-0.2562069914769774,-51.484155984884545,-0.30694249824025854,56.95336653658033,-0.055020528572734165,-0.32660708247796816,-0.00052764,0.2897475662472447,0.0018549,1,1.0
824,0.7734626640830973,0.3789808323559252,0.00043068,2.387138367997413,2.9709305229720875,35.23667589041111,0.5339017083921984,14.8801316576049,0.08613346713151913,-46.625137369823904,-0.2562069914769774,-75.07526617036163,-0.30694249824025854,37.554218547408205,-0.055020528572734165,-0.41361491508014475,-0.00052764,0.411302584262673,0.0018549,1,1.0
825,0.13443492063529083,0.19225672936956043,0.00043068,2.387138367997413,2.9709305229720875,0.09694642187389334,0.5339017083921984,6.737925967646396,0.08613346713151913,-48.09583607837437,-0.2562069914769774,38.014861764221166,-0.30694249824025854,20.348294243631074,-0.055020528572734165,0.06726833165315263,-0.00052764,0.3534999398723999,0.0018549,0,1.0
826,0.629772838143202,0.3597771205028526,0.00043068,2.387138367997413,2.9709305229720875,23.650806328712115,0.5339017083921984,16.499369608166717,0.08613346713151913,-56.35995731206694,-0.2562069914769774,-53.24517749770993,-0.30694249824025854,37.202029033748005,-0.055020528572734165,-0.3982959543622134,-0.00052764,0.39318901846576987,0.0018549,1,1.0
827,0.1911263744960352,0.1986685367758221,0.00043068,2.387138367997413,2.9709305229720875,41.33546302818784,0.5339017083921984,11.063140317260844,0.08613346713151913,-50.80142877552039,-0.2562069914769774,-19.604594636254223,-0.30694249824025854,16.750608036587963,-0.055020528572734165,-0.23143174414736345,-0.00052764,0.32635258001757617,0.0018549,1,1.0
828,0.13125131746062801,0.21292353141557813,0.00043068,2.387138367997413,2.9709305229720875,54.527287766836956,0.5339017083921984,12.715003925379722,0.08613346713151913,-43.87503840722048,-0.2562069914769774,-25.8301368137116,-0.30694249824025854,2.5246624512727047,-0.055020528572734165,-0.1824210712368039,-0.00052764,0.340666957445348,0.0018549,1,1.0
829,0.20864571930741688,0.06279811672718127,0.00043068,2.387138367997413,2.9709305229720875,-53.6255599572648,0.5339017083921984,-3.1137426089672675,0.08613346713151913,-5.149954447325963,-0.2562069914769774,26.544239184851556,-0.30694249824025854,28.311165193414027,-0.055020528572734165,-0.1452450760540897,-0.00052764,0.15209021093667452,0.0018549,1,1.0
830,0.29645742690998056,0.2337526964441105,0.00043068,2.387138367997413,2.9709305229720875,-71.8207666031272,0.5339017083921984,-7.956025709184521,0.08613346713151913,-17.908277429747095,-0.2562069914769774,45.28262220107837,-0.30694249824025854,53.35167325256359,-0.055020528572734165,-0.24716957438896248,-0.00052764,0.23733913425391884,0.0018549,1,1.0
831,0.030421137793952502,0.2858220977875121,0.00043068,2.387138367997413,2.9709305229720875,72.05084445926185,0.5339017083921984,13.350643740525111,0.08613346713151913,-35.09304059931019,-0.2562069914769774,-45.90165790967556,-0.30694249824025854,-9.601799707783425,-0.055020528572734165,-0.3561900969101214,-0.00052764,0.3641488963267797,0.0018549,1,1.0
832,0.20780100102400234,0.16177906752623694,0.00043068,2.387138367997413,2.9709305229720875,25.649062934825977,0.5339017083921984,9.731543146410145,0.08613346713151913,-38.96398267261412,-0.2562069914769774,-4.236747523452955,-0.30694249824025854,10.634593756830377,-0.055020528572734165,-0.004564974692757462,-0.00052764,0.27455771409317103,0.0018549,1,1.0
833,0.4368914499141838,0.1823045495667597,0.00043068,2.387138367997413,2.9709305229720875,67.81172617963561,0.5339017083921984,13.471020350423887,0.08613346713151913,-64.88573320040153,-0.2562069914769774,8.461091726509247,-0.30694249824025854,11.590149171725274,-0.055020528572734165,0.43581104916823304,-0.00052764,0.520152989377446,0.0018549,0,1.0
834,1.2556585880391562,0.40802093248048055,0.00043068,2.387138367997413,2.9709305229720875,-45.01682079889098,0.5339017083921984,15.14577757741295,0.08613346713151913,-70.86181102639969,-0.2562069914769774,-43.313697786454775,-0.30694249824025854,90.59787770936323,-0.055020528572734165,-0.2947791227179111,-0.00052764,0.3336708578326502,0.0018549,1,1.0
835,0.002734715175841451,0.10716866310634363,0.00043068,2.387138367997413,2.9709305229720875,9.683806672023035,0.5339017083921984,4.965316514741925,0.08613346713151913,-50.79443918430701,-0.2562069914769774,20.180483419686478,-0.30694249824025854,25.245621291457656,-0.055020528572734165,-0.16806899853547683,-0.00052764,0.2067534832797315,0.0018549,1,1.0
836,0.04495333038624544,0.04500697390594285,0.00043068,2.387138367997413,2.9709305229720875,1.6053185375036116,0.5339017083921984,5.692049517550521,0.08613346713151913,-31.920031488147483,-0.2562069914769774,7.354468328317479,-0.30694249824025854,14.667619547067511,-0.055020528572734165,-0.1273643057984007,-0.00052764,0.13540628129569748,0.0018549,1,1.0
837,0.30265181472215413,0.09660196548827685,0.00043068,2.387138367997413,2.9709305229720875,-47.43592664835967,0.5339017083921984,0.19068154663886352,0.08613346713151913,-25.84412746649426,-0.2562069914769774,29.99028018944124,-0.30694249824025854,38.63596648645168,-0.055020528572734165,-0.05652115238013287,-0.00052764,0.16204351228110836,0.0018549,1,1.0
838,1.059411776086422,0.33209284429526786,0.00043068,2.387138367997413,2.9709305229720875,-24.287237250065974,0.5339017083921984,3.5631865057274026,0.08613346713151913,-17.912347266030793,-0.2562069914769774,-58.670367513798276,-0.30694249824025854,60.155687031628375,-0.055020528572734165,-0.23594193091171686,-0.00052764,0.25201037414262606,0.0018549,1,1.0
839,0.45968597519528936,0.24321579989959974,0.00043068,2.387138367997413,2.9709305229720875,-37.51703605154741,0.5339017083921984,1.902411989164548,0.08613346713151913,-63.799785359578244,-0.2562069914769774,26.518097893117854,-0.30694249824025854,70.01015629390498,-0.055020528572734165,-0.25348035146840886,-0.00052764,0.27191702813687035,0.0018549,1,1.0
840,0.9111969885098113,0.3181571508788952,0.00043068,2.387138367997413,2.9709305229720875,-19.188839638603838,0.5339017083921984,14.992462314907929,0.08613346713151913,-90.38920247371257,-0.2562069914769774,-20.345080970584362,-0.30694249824025854,83.70462066677291,-0.055020528572734165,-0.31837010202934085,-0.00052764,0.37036708550986247,0.0018549,1,1.0
841,0.07767886516641857,0.02792933215776878,0.00043068,2.387138367997413,2.9709305229720875,-46.503847547522845,0.5339017083921984,-0.9452476271943279,0.08613346713151913,-21.71334048497365,-0.2562069914769774,38.531437208145334,-0.30694249824025854,29.14873064897988,-0.055020528572734165,-0.1141524308815702,-0.00052764,0.11390196457672158,0.0018549,1,1.0
842,0.2155097669910388,0.19413648685507714,0.00043068,2.387138367997413,2.9709305229720875,41.942620727701645,0.5339017083921984,5.969068626050718,0.08613346713151913,-28.184290815871524,-0.2562069914769774,-21.7051900277468,-0.30694249824025854,8.35619788090972,-0.055020528572734165,-0.12372716842628143,-0.00052764,0.3152588533577033,0.0018549,1,1.0
843,0.38450814483481494,0.1450543599307644,0.00043068,2.387138367997413,2.9709305229720875,-33.82993791757708,0.5339017083921984,3.3691644370340943,0.08613346713151913,-56.284502215716685,-0.2562069914769774,39.355314023232,-0.30694249824025854,53.11024102079338,-0.055020528572734165,0.08333874505447543,-0.00052764,0.17302064008645196,0.0018549,0,1.0
844,0.2997184330720942,0.2609154816791826,0.00043068,2.387138367997413,2.9709305229720875,27.058731813971807,0.5339017083921984,8.880769914081817,0.08613346713151913,-51.53163893597796,-0.2562069914769774,32.77373632929287,-0.30694249824025854,14.185003391417613,-0.055020528572734165,0.22303746927178303,-0.00052764,0.5746746226947431,0.0018549,0,1.0
845,0.29150605230901394,0.19230484655276986,0.00043068,2.387138367997413,2.9709305229720875,35.955431657481874,0.5339017083921984,10.464363891561742,0.08613346713151913,-58.617566226255704,-0.2562069914769774,-4.154696809486355,-0.30694249824025854,24.756299273006544,-0.055020528572734165,-0.041546751077225524,-0.00052764,0.34193855374556736,0.0018549,1,1.0
846,0.375704294101121,0.3616894354557699,0.00043068,2.387138367997413,2.9709305229720875,46.349546973163896,0.5339017083921984,7.03754109824764,0.08613346713151913,-32.80294266346913,-0.2562069914769774,22.978070269083666,-0.30694249824025854,-1.1611030889483445,-0.055020528572734165,0.2513140975199388,-0.00052764,0.798369094151073,0.0018549,0,1.0
847,0.145384158304891,0.06251972127804378,0.00043068,2.387138367997413,2.9709305229720875,6.462901239134097,0.5339017083921984,4.277921915151169,0.08613346713151913,-33.65655750785286,-0.2562069914769774,-0.5962881410967333,-0.30694249824025854,22.185653495651625,-0.055020528572734165,-0.1631566825387157,-0.00052764,0.16680165425148993,0.0018549,1,1.0
848,0.5951794873832432,0.29550047363498516,0.00043068,2.387138367997413,2.9709305229720875,29.823089039990954,0.5339017083921984,4.3687885131752,0.08613346713151913,-9.236084532693079,-0.2562069914769774,-39.194539497768154,-0.30694249824025854,13.547756662122003,-0.055020528572734165,0.047788035739872226,-0.00052764,0.336242356556369,0.0018549,0,1.0
849,0.42212105153586854,0.3814236474839459,0.00043068,2.387138367997413,2.9709305229720875,-39.87593495380041,0.5339017083921984,12.68218507573946,0.08613346713151913,-71.42879410778222,-0.2562069914769774,24.73847601681749,-0.30694249824025854,54.32199224719941,-0.055020528572734165,-0.3065665585223967,-0.00052764,0.3979120141887798,0.0018549,1,1.0
850,0.23825799865081426,0.10032980343583903,0.00043068,2.387138367997413,2.9709305229720875,6.453203679640734,0.5339017083921984,6.93932516975114,0.08613346713151913,-48.554021324161894,-0.2562069914769774,-1.3160533761777922,-0.30694249824025854,32.24847911937555,-0.055020528572734165,-0.19735675713653136,-0.00052764,0.21755209808718504,0.0018549,1,1.0
851,0.006860020291345192,0.04474069188366092,0.00043068,2.387138367997413,2.9709305229720875,-17.629451827994714,0.5339017083921984,3.6457787171760576,0.08613346713151913,-41.65815890948908,-0.2562069914769774,36.01000483104585,-0.30694249824025854,25.456737973821205,-0.055020528572734165,-0.03241158036765414,-0.00052764,0.10560117642901874,0.0018549,1,1.0
852,0.02720356250391298,0.11846226383517583,0.00043068,2.387138367997413,2.9709305229720875,8.78193039354157,0.5339017083921984,8.815078452201544,0.08613346713151913,-73.29321380756134,-0.2562069914769774,40.38419992912105,-0.30694249824025854,31.993431232215702,-0.055020528572734165,-0.0013891123381839648,-0.00052764,0.23541613893627522,0.0018549,1,1.0
853,0.0013813075550797027,0.12271223536031182,0.00043068,2.387138367997413,2.9709305229720875,9.90298267589035,0.5339017083921984,3.8924567593190593,0.08613346713151913,-48.276264065750084,-0.2562069914769774,37.40830365810303,-0.30694249824025854,19.972023076919434,-0.055020528572734165,0.07561037559896668,-0.00052764,0.21597608469521484,0.0018549,0,1.0
854,0.3637432211029379,0.16496958097753717,0.00043068,2.387138367997413,2.9709305229720875,10.174166984231265,0.5339017083921984,11.237598420667968,0.08613346713151913,-69.09417721280884,-0.2562069914769774,9.692953368163678,-0.30694249824025854,39.69365207994759,-0.055020528572734165,-0.02878711364885478,-0.00052764,0.29358966903760997,0.0018549,1,1.0
855,0.23799981164404466,0.04764201222882083,0.00043068,2.387138367997413,2.9709305229720875,-17.985002488759815,0.5339017083921984,6.511302826872497,0.08613346713151913,-45.20101563140146,-0.2562069914769774,11.853917757336847,-0.30694249824025854,35.3557618410226,-0.055020528572734165,-0.1406555729636088,-0.00052764,0.14542318159212325,0.0018549,1,1.0
856,0.3150039129673753,0.1718353258966112,0.00043068,2.387138367997413,2.9709305229720875,24.797288083264547,0.5339017083921984,7.860510980120633,0.08613346713151913,-38.628137469362024,-0.2562069914769774,-28.031873491927268,-0.30694249824025854,24.356260018775572,-0.055020528572734165,-0.2834410249110302,-0.00052764,0.2794530233453718,0.0018549,1,1.0
857,0.01943563726434233,0.06709279246867708,0.00043068,2.387138367997413,2.9709305229720875,-17.6219118760554,0.5339017083921984,4.274567636773563,0.08613346713151913,-65.54857701288236,-0.2562069914769774,45.11378389201778,-0.30694249824025854,43.0721757326412,-0.055020528572734165,-0.12912230146134862,-0.00052764,0.14805633652443229,0.0018549,1,1.0
858,1.0603255428353169,0.24649902712971272,0.00043068,2.387138367997413,2.9709305229720875,-33.98145261591019,0.5339017083921984,2.6411231078433377,0.08613346713151913,-2.0759663763417886,-0.2562069914769774,-62.73721794733617,-0.30694249824025854,52.822013751269495,-0.055020528572734165,-0.13334698290816777,-0.00052764,0.12280703465374149,0.0018549,1,1.0
859,0.056843119355962646,0.08597851084058898,0.00043068,2.387138367997413,2.9709305229720875,81.21586376768407,0.5339017083921984,14.968955546299759,0.08613346713151913,-74.84209779837695,-0.2562069914769774,34.888570722009135,-0.30694249824025854,-4.630589624874807,-0.055020528572734165,0.40386362861310476,-0.00052764,0.5812924598881892,0.0018549,0,1.0
860,-0.02103904662376488,0.5689909470662281,0.00043068,2.387138367997413,2.9709305229720875,91.41622791557953,0.5339017083921984,4.7121688137723945,0.08613346713151913,-19.955538266771196,-0.2562069914769774,68.37968964990971,-0.30694249824025854,-47.648318326552626,-0.055020528572734165,0.24085283992942041,-0.00052764,1.518250392613679,0.0018549,0,1.0
861,0.3789509526713237,0.17863630677016926,0.00043068,2.387138367997413,2.9709305229720875,96.48926313660917,0.5339017083921984,17.332676267113676,0.08613346713151913,-64.27159993291198,-0.2562069914769774,-17.17029155287385,-0.30694249824025854,-1.6204941655897827,-0.055020528572734165,0.33693264038253967,-0.00052764,0.5358225372232748,0.0018549,0,1.0
862,-0.016191033331997506,0.2174356295586371,0.00043068,2.387138367997413,2.9709305229720875,41.133942621548826,0.5339017083921984,2.269999742408456,0.08613346713151913,-10.89421186897306,-0.2562069914769774,13.014155822683525,-0.30694249824025854,-14.845096123581317,-0.055020528572734165,0.12140515091316101,-0.00052764,0.3880480434398272,0.0018549,0,1.0
863,0.00015607396361660975,0.4518871008367825,0.00043068,2.387138367997413,2.9709305229720875,90.23195898455536,0.5339017083921984,17.66106223044638,0.08613346713151913,-62.55002749537463,-0.2562069914769774,47.5108152062668,-0.30694249824025854,-29.935885036409886,-0.055020528572734165,0.22872334912253578,-0.00052764,1.131477742797375,0.0018549,0,1.0
864,0.005526316625325656,0.14649294365024856,0.00043068,2.387138367997413,2.9709305229720875,89.49726033841064,0.5339017083921984,16.384602698863702,0.08613346713151913,-79.34872214930176,-0.2562069914769774,16.449509600694785,-0.30694249824025854,-2.3726658551484885,-0.055020528572734165,0.22862860310193073,-0.00052764,0.495941861463117,0.0018549,0,1.0
865,1.0805697122655573,0.32665311444614276,0.00043068,2.387138367997413,2.9709305229720875,-22.490548962751188,0.5339017083921984,9.073383369423441,0.08613346713151913,-12.157361909710335,-0.2562069914769774,-76.95507436250234,-0.30694249824025854,48.54586653802657,-0.055020528572734165,-0.2361006455793503,-0.00052764,0.19514077662744211,0.0018549,1,1.0
866,0.17495561642970642,0.06266818354503689,0.00043068,2.387138367997413,2.9709305229720875,-2.5007575364810437,0.5339017083921984,4.357129456915928,0.08613346713151913,-7.297610957347023,-0.2562069914769774,-13.340415914361715,-0.30694249824025854,6.294620535596186,-0.055020528572734165,-0.13609637039298245,-0.00052764,0.14137283476395685,0.0018549,1,1.0
867,-0.015877615016706453,0.13990780165246194,0.00043068,2.387138367997413,2.9709305229720875,27.253999383707065,0.5339017083921984,2.636749661087486,0.08613346713151913,-19.184639175626153,-0.2562069914769774,8.045547053451951,-0.30694249824025854,-1.4800215922838171,-0.055020528572734165,0.04419125802641034,-0.00052764,0.19553211888877997,0.0018549,0,1.0
868,0.7984305421933686,0.11255749349734266,0.00043068,2.387138367997413,2.9709305229720875,-63.64139680450347,0.5339017083921984,8.209551594864395,0.08613346713151913,-80.68801092034042,-0.2562069914769774,17.24937664424885,-0.30694249824025854,92.22122832537246,-0.055020528572734165,-0.16758953224222176,-0.00052764,0.16869042672600512,0.0018549,1,1.0
869,0.08811099282775192,0.18692674391483924,0.00043068,2.387138367997413,2.9709305229720875,73.71602252124491,0.5339017083921984,9.293265377306682,0.08613346713151913,-26.838377797048484,-0.2562069914769774,-30.177537282029853,-0.30694249824025854,-12.332692062839108,-0.055020528572734165,-0.04399447276092028,-0.00052764,0.3501471142633692,0.0018549,1,1.0
870,0.09782341879485915,0.013394092527122956,0.00043068,2.387138367997413,2.9709305229720875,-28.471108652592818,0.5339017083921984,-1.3745834245505484,0.08613346713151913,-16.049373775333102,-0.2562069914769774,23.019889975692852,-0.30694249824025854,23.37258309907495,-0.055020528572734165,-0.044866657847826306,-0.00052764,0.050787385408908224,0.0018549,1,1.0
871,0.1630754660464797,0.15813581116141043,0.00043068,2.387138367997413,2.9709305229720875,42.29755902445559,0.5339017083921984,10.383699021719659,0.08613346713151913,-34.84391527807448,-0.2562069914769774,-30.2714876588741,-0.30694249824025854,6.098219831830172,-0.055020528572734165,-0.2352105163142521,-0.00052764,0.28051128262024533,0.0018549,1,1.0
872,0.05372224279051285,0.13810595974672382,0.00043068,2.387138367997413,2.9709305229720875,59.47118286298996,0.5339017083921984,11.522807464148736,0.08613346713151913,-71.54777716770009,-0.2562069914769774,59.86267415296646,-0.30694249824025854,0.34720842738398705,-0.055020528572734165,0.3318298539357345,-0.00052764,0.7676120491882801,0.0018549,0,1.0
873,0.32298838658352896,0.1452436374268022,0.00043068,2.387138367997413,2.9709305229720875,-15.56153619607009,0.5339017083921984,6.571198468442043,0.08613346713151913,-72.5180449089177,-0.2562069914769774,23.581255930885145,-0.30694249824025854,57.26339861106959,-0.055020528572734165,-0.19537622230672463,-0.00052764,0.245202675727545,0.0018549,1,1.0
874,0.008403209465883466,0.20805371687268748,0.00043068,2.387138367997413,2.9709305229720875,91.06750472156948,0.5339017083921984,5.44085352965828,0.08613346713151913,-16.202242197637382,-0.2562069914769774,7.776848336545061,-0.30694249824025854,-33.464007700551,-0.055020528572734165,0.2579965216135415,-0.00052764,0.6913431283237869,0.0018549,0,1.0
875,0.3677011256117759,0.2482685465380042,0.00043068,2.387138367997413,2.9709305229720875,43.355917271621436,0.5339017083921984,15.089781580715092,0.08613346713151913,-66.76371236917832,-0.2562069914769774,-14.791609636384552,-0.30694249824025854,24.3823793980976,-0.055020528572734165,-0.07832327547915927,-0.00052764,0.40381201986274806,0.0018549,1,1.0
876,0.504109954392117,0.13439212942063147,0.00043068,2.387138367997413,2.9709305229720875,-30.24790167560467,0.5339017083921984,3.8542136242233043,0.08613346713151913,-54.68092707051954,-0.2562069914769774,9.712703833767154,-0.30694249824025854,61.044844785646404,-0.055020528572734165,-0.1884220244225636,-0.00052764,0.20273705834237507,0.0018549,1,1.0
877,0.041557209464052725,0.051949371651810704,0.00043068,2.387138367997413,2.9709305229720875,4.535489193847749,0.5339017083921984,3.4415335590056815,0.08613346713151913,-34.7675962779559,-0.2562069914769774,10.770930362150006,-0.30694249824025854,19.82481756842209,-0.055020528572734165,-0.13675389799263016,-0.00052764,0.14444511667490145,0.0018549,1,1.0
878,0.802916100558912,0.13629182718749783,0.00043068,2.387138367997413,2.9709305229720875,-29.18470100458034,0.5339017083921984,8.07442490432425,0.08613346713151913,-42.45999661964942,-0.2562069914769774,-28.212811775335453,-0.30694249824025854,59.127032571613654,-0.055020528572734165,-0.17510080264661854,-0.00052764,0.17969237691714646,0.0018549,1,1.0
879,0.25686499702377,0.06885405386181997,0.00043068,2.387138367997413,2.9709305229720875,-7.958360680289787,0.5339017083921984,7.601282595344468,0.08613346713151913,-43.04595025335365,-0.2562069914769774,1.5491409830617227,-0.30694249824025854,30.879197205986536,-0.055020528572734165,-0.16199254946784383,-0.00052764,0.1737982368961947,0.0018549,1,1.0
880,-0.00891026225384628,0.11352826521106321,0.00043068,2.387138367997413,2.9709305229720875,8.818513729380884,0.5339017083921984,6.6565317523607535,0.08613346713151913,-57.37135444725349,-0.2562069914769774,34.87240820968909,-0.30694249824025854,23.140598517914075,-0.055020528572734165,0.02754211884450221,-0.00052764,0.1825753257312609,0.0018549,0,1.0
881,0.13907192746797833,0.2068276231927596,0.00043068,2.387138367997413,2.9709305229720875,-50.37768486878456,0.5339017083921984,-2.2280342670462323,0.08613346713151913,-47.17214230632364,-0.2562069914769774,72.25733111984113,-0.30694249824025854,47.43643681158519,-0.055020528572734165,-0.047421265309430666,-0.00052764,0.3172136485508167,0.0018549,1,1.0
882,0.5192117448683204,0.10364697804627737,0.00043068,2.387138367997413,2.9709305229720875,-7.193733531206393,0.5339017083921984,7.578293218939077,0.08613346713151913,-40.04919722207939,-0.2562069914769774,-22.004744192926104,-0.30694249824025854,41.228248026518344,-0.055020528572734165,-0.19846523882886374,-0.00052764,0.19303346501354163,0.0018549,1,1.0
883,0.5500918908988284,0.2080348873961058,0.00043068,2.387138367997413,2.9709305229720875,-1.7722694394434615,0.5339017083921984,9.90459057688085,0.08613346713151913,-55.03559909752886,-0.2562069914769774,-23.507212798113684,-0.30694249824025854,48.827386309560055,-0.055020528572734165,-0.29182243859078405,-0.00052764,0.26480144845441467,0.0018549,1,1.0
884,0.07626927967520769,0.11133058551480417,0.00043068,2.387138367997413,2.9709305229720875,8.01584724377975,0.5339017083921984,7.99082619010847,0.08613346713151913,-35.599149181883746,-0.2562069914769774,3.0432198921332434,-0.30694249824025854,12.676316557448972,-0.055020528572734165,-0.15291296974921492,-0.00052764,0.20935948654158293,0.0018549,1,1.0
885,0.2494065776048594,0.2025699159789582,0.00043068,2.387138367997413,2.9709305229720875,63.54199343244903,0.5339017083921984,8.501375167804316,0.08613346713151913,-16.81609137216836,-0.2562069914769774,-51.35272296356968,-0.30694249824025854,-5.621354812466122,-0.055020528572734165,-0.1774435796926898,-0.00052764,0.3319327197399919,0.0018549,1,1.0
886,0.1737115370072454,0.18888104749005266,0.00043068,2.387138367997413,2.9709305229720875,35.98873710700736,0.5339017083921984,10.380855512692122,0.08613346713151913,-37.97555021144311,-0.2562069914769774,-29.35573274177753,-0.30694249824025854,11.254139236975288,-0.055020528572734165,-0.2910222603000845,-0.00052764,0.27416728797806234,0.0018549,1,1.0
887,0.15510869989549692,0.16690038852031897,0.00043068,2.387138367997413,2.9709305229720875,12.143067760453093,0.5339017083921984,11.62610899992407,0.08613346713151913,-73.76247434644515,-0.2562069914769774,29.56415474813698,-0.30694249824025854,31.4080162525283,-0.055020528572734165,-0.005151016939490771,-0.00052764,0.31192774839456566,0.0018549,1,1.0
888,0.03600757719049598,0.3616259509149734,0.00043068,2.387138367997413,2.9709305229720875,-12.119834771656048,0.5339017083921984,0.07122709531937363,0.08613346713151913,-32.23816178807588,-0.2562069914769774,67.87026453342132,-0.30694249824025854,13.665061014955443,-0.055020528572734165,0.008045729851705874,-0.00052764,0.6250207740933993,0.0018549,0,1.0
889,0.42892604138523666,0.08063035065830534,0.00043068,2.387138367997413,2.9709305229720875,-7.649800857771706,0.5339017083921984,5.377273917120254,0.08613346713151913,-36.97172017048824,-0.2562069914769774,-12.352369841096646,-0.30694249824025854,38.31611953465488,-0.055020528572734165,-0.16321443989588547,-0.00052764,0.17408690049698883,0.0018549,1,1.0
890,0.5431023852584362,0.18237811558415157,0.00043068,2.387138367997413,2.9709305229720875,-13.74323792677771,0.5339017083921984,12.428099596284426,0.08613346713151913,-78.77655973470557,-0.2562069914769774,5.539140113605168,-0.30694249824025854,60.27563554754238,-0.055020528572734165,-0.17423543280067394,-0.00052764,0.29328874270906097,0.0018549,1,1.0
891,0.01854398748191266,0.21236789524069974,0.00043068,2.387138367997413,2.9709305229720875,-45.58751188326672,0.5339017083921984,-6.338553782034441,0.08613346713151913,-27.064612163833132,-0.2562069914769774,57.91346250834425,-0.30694249824025854,37.9040487561806,-0.055020528572734165,-0.20150604870417987,-0.00052764,0.2633624076347937,0.0018549,1,1.0
892,0.24868734497252543,0.1800258850436549,0.00043068,2.387138367997413,2.9709305229720875,16.648503676612105,0.5339017083921984,7.982275176981172,0.08613346713151913,-56.26913360603121,-0.2562069914769774,-4.201394924181508,-0.30694249824025854,34.219793988766746,-0.055020528572734165,-0.25389540512971775,-0.00052764,0.29202263841140375,0.0018549,1,1.0
893,0.19103462319923492,0.19351236797663562,0.00043068,2.387138367997413,2.9709305229720875,58.384450101201544,0.5339017083921984,8.307249844396074,0.08613346713151913,-47.34744802307874,-0.2562069914769774,8.512054655846468,-0.30694249824025854,4.664137506737713,-0.055020528572734165,0.20484009846289972,-0.00052764,0.43431839291847607,0.0018549,0,1.0
894,0.16848822345307532,0.03111846502611301,0.00043068,2.387138367997413,2.9709305229720875,-16.638857296728343,0.5339017083921984,3.475354252506917,0.08613346713151913,-42.71427855787957,-0.2562069914769774,18.785478940294578,-0.30694249824025854,35.392214537242126,-0.055020528572734165,-0.10850708034763794,-0.00052764,0.10659359440455828,0.0018549,1,1.0
895,0.49350515086708346,0.23701354006815503,0.00043068,2.387138367997413,2.9709305229720875,11.362287995799674,0.5339017083921984,13.357424734218275,0.08613346713151913,-80.08332828395557,-0.2562069914769774,-5.187333034321711,-0.30694249824025854,52.10176004100959,-0.055020528572734165,-0.20946837467641916,-0.00052764,0.35933620052734055,0.0018549,1,1.0
896,0.06024789118321058,0.2392753587218354,0.00043068,2.387138367997413,2.9709305229720875,11.491172514487182,0.5339017083921984,2.1412106897772407,0.08613346713151913,-50.95937117335426,-0.2562069914769774,48.11383836084308,-0.30694249824025854,23.681673087787843,-0.055020528572734165,0.05720889590092462,-0.00052764,0.4105246444160012,0.0018549,0,1.0
897,0.005718022851756044,0.36064974752130424,0.00043068,2.387138367997413,2.9709305229720875,12.443314143808898,0.5339017083921984,7.500576194816939,0.08613346713151913,-60.826281603816724,-0.2562069914769774,77.71221831791291,-0.30694249824025854,10.48866548396754,-0.055020528572734165,0.10379936531521139,-0.00052764,0.7722841894808679,0.0018549,0,1.0
898,0.016106515299181612,0.17052053444298232,0.00043068,2.387138367997413,2.9709305229720875,21.485159368183936,0.5339017083921984,0.5735653146527135,0.08613346713151913,-19.646269619127555,-0.2562069914769774,8.450650709444933,-0.30694249824025854,6.144347638914856,-0.055020528572734165,-0.09197975741142049,-0.00052764,0.27081140798910736,0.0018549,1,1.0
899,6.549321965354515e-05,0.13058456334464433,0.00043068,2.387138367997413,2.9709305229720875,3.468709749953946,0.5339017083921984,4.80299479804973,0.08613346713151913,-61.53986543062938,-0.2562069914769774,35.75177708091102,-0.30694249824025854,32.797876123027514,-0.055020528572734165,-0.11981511048409141,-0.00052764,0.22516443526365845,0.0018549,1,1.0
900,0.7538519373845278,0.15081068423976202,0.00043068,2.4469845184420502,3.085375171979975,-2.637337314325629,0.5339017083921984,10.1945885618973,0.08613346713151913,-24.021553538168504,-0.2562069914769774,-66.37552184483651,-0.30694249824025854,39.01346273519564,-0.055020528572734165,-0.20367836626503746,-0.00052764,0.2037823972779387,0.0018549,1,1.0
901,-0.025420634334413217,0.18760550271295995,0.00043068,2.4469845184420502,3.085375171979975,56.37027531758825,0.5339017083921984,10.871746024257464,0.08613346713151913,-56.79132416074162,-0.2562069914769774,13.112798952180057,-0.30694249824025854,1.919218440675924,-0.055020528572734165,0.05838215503031019,-0.00052764,0.2772917618948558,0.0018549,0,1.0
902,0.3573762598095722,0.17879790092980719,0.00043068,2.4469845184420502,3.085375171979975,16.33615409647339,0.5339017083921984,10.303583756820139,0.08613346713151913,-79.7206591381927,-0.2562069914769774,36.58518878500356,-0.30694249824025854,41.38499701166121,-0.055020528572734165,0.24527080145535013,-0.00052764,0.27843323905619793,0.0018549,0,1.0
903,0.28274843632444374,0.024686701322288923,0.00043068,2.4469845184420502,3.085375171979975,-35.46094054473736,0.5339017083921984,2.105882735210897,0.08613346713151913,-20.87508110801328,-0.2562069914769774,8.509510504571999,-0.30694249824025854,31.846664919899816,-0.055020528572734165,-0.06246418648266784,-0.00052764,0.06983295111643827,0.0018549,1,1.0
904,0.19675194015385356,0.10298606751277767,0.00043068,2.4469845184420502,3.085375171979975,-8.589358118257005,0.5339017083921984,8.265883306981593,0.08613346713151913,-80.71131441447439,-0.2562069914769774,42.057363659496716,-0.30694249824025854,49.998243308781554,-0.055020528572734165,-0.014649130233547261,-0.00052764,0.1996068489614598,0.0018549,1,1.0
905,0.030587846986790512,0.07995484065554151,0.00043068,2.4469845184420502,3.085375171979975,10.634571396786207,0.5339017083921984,8.116381082783949,0.08613346713151913,-61.07410271805633,-0.2562069914769774,18.55814578107832,-0.30694249824025854,28.276055269797734,-0.055020528572734165,-0.16116899212399946,-0.00052764,0.1875897331232856,0.0018549,1,1.0
906,0.2678535489346713,0.12119716737184,0.00043068,2.4469845184420502,3.085375171979975,22.947226328433903,0.5339017083921984,11.187598432768265,0.08613346713151913,-49.603405240185644,-0.2562069914769774,-24.845618640778085,-0.30694249824025854,25.621047115897248,-0.055020528572734165,-0.2412205240618371,-0.00052764,0.2433885580510394,0.0018549,1,1.0
907,0.14119305518739445,0.17708817978078548,0.00043068,2.4469845184420502,3.085375171979975,61.3610274794446,0.5339017083921984,10.069471625492989,0.08613346713151913,-41.737284216472254,-0.2562069914769774,-28.836228619505196,-0.30694249824025854,4.910880926658893,-0.055020528572734165,-0.15646743035034788,-0.00052764,0.3116284215871296,0.0018549,1,1.0
908,-0.010533659440049581,0.2121514410532709,0.00043068,2.4469845184420502,3.085375171979975,-18.72754997236512,0.5339017083921984,7.705782806153802,0.08613346713151913,-47.69406286986374,-0.2562069914769774,39.58845085816002,-0.30694249824025854,20.795445886996276,-0.055020528572734165,-0.18219733248010064,-0.00052764,0.2771632616349686,0.0018549,1,1.0
909,0.05153076858305439,0.4713685608542299,0.00043068,2.4469845184420502,3.085375171979975,-5.652672776147299,0.5339017083921984,5.679246697747795,0.08613346713151913,-57.981500906952185,-0.2562069914769774,9.144449345910422,-0.30694249824025854,40.02540932642799,-0.055020528572734165,-0.3748097926812383,-0.00052764,0.16754841728640918,0.0018549,1,1.0
910,0.21986577777265204,0.11891926451383267,0.00043068,2.4469845184420502,3.085375171979975,25.531843102045208,0.5339017083921984,10.561439474479407,0.08613346713151913,-52.025004275021374,-0.2562069914769774,-16.752465910673557,-0.30694249824025854,24.61028267982601,-0.055020528572734165,-0.20569520313079484,-0.00052764,0.2427873629946127,0.0018549,1,1.0
911,0.47373792455730523,0.24734538861853006,0.00043068,2.4469845184420502,3.085375171979975,38.42659605425356,0.5339017083921984,15.254648116039274,0.08613346713151913,-63.40177723624264,-0.2562069914769774,-46.978921537935136,-0.30694249824025854,35.18668580514539,-0.055020528572734165,-0.305216420678482,-0.00052764,0.35455630959103135,0.0018549,1,1.0
912,0.22850172080629316,0.14941066863316405,0.00043068,2.4469845184420502,3.085375171979975,75.1553311618143,0.5339017083921984,17.415675020898288,0.08613346713151913,-93.03366124482072,-0.2562069914769774,32.570223014093855,-0.30694249824025854,14.123701632814978,-0.055020528572734165,0.3394801894059687,-0.00052764,0.48316765297082664,0.0018549,0,1.0
913,0.007763427426979941,0.05313448011205787,0.00043068,2.4469845184420502,3.085375171979975,-26.79690649272958,0.5339017083921984,2.406307004653354,0.08613346713151913,-64.32796973456806,-0.2562069914769774,54.539738782943104,-0.30694249824025854,46.25723818587651,-0.055020528572734165,-0.10872599839738374,-0.00052764,0.11750182629459395,0.0018549,1,1.0
914,0.4113337941983145,0.0981679349597611,0.00043068,2.4469845184420502,3.085375171979975,-17.77223738576856,0.5339017083921984,-0.3203871918305465,0.08613346713151913,-10.458527624681691,-0.2562069914769774,-14.182147998410153,-0.30694249824025854,31.332838312397502,-0.055020528572734165,-0.09662389452304561,-0.00052764,0.14210546552193365,0.0018549,1,1.0
915,0.18096876680332452,0.168511478198458,0.00043068,2.4469845184420502,3.085375171979975,47.36646868730713,0.5339017083921984,13.220554353875183,0.08613346713151913,-63.68084099399507,-0.2562069914769774,4.822640898618801,-0.30694249824025854,14.004454858824616,-0.055020528572734165,0.05706145684605282,-0.00052764,0.3201904710571051,0.0018549,0,1.0
916,0.1850856963473128,0.014719059064259545,0.00043068,2.4469845184420502,3.085375171979975,-59.591921214767645,0.5339017083921984,1.3832543042586685,0.08613346713151913,-44.45938481783041,-0.2562069914769774,48.540507542043514,-0.30694249824025854,49.09778384703493,-0.055020528572734165,-0.07669003596247478,-0.00052764,0.07747326461443241,0.0018549,1,1.0
917,0.12024466956975716,0.09206431240300592,0.00043068,2.4469845184420502,3.085375171979975,-5.494319498632325,0.5339017083921984,3.5402813133542868,0.08613346713151913,-41.663910479164166,-0.2562069914769774,31.950485031229647,-0.30694249824025854,25.311874074287747,-0.055020528572734165,0.0898872243500182,-0.00052764,0.12328186418883622,0.0018549,0,1.0
918,0.02286441167553588,0.10784446252895166,0.00043068,2.4469845184420502,3.085375171979975,25.06971071773149,0.5339017083921984,6.668810725901323,0.08613346713151913,-51.26473139166303,-0.2562069914769774,28.062815577667244,-0.30694249824025854,14.495804987290263,-0.055020528572734165,0.0988047141874007,-0.00052764,0.18698058054454378,0.0018549,0,1.0
919,0.10402315448308874,0.2248327408165294,0.00043068,2.4469845184420502,3.085375171979975,88.130577400553,0.5339017083921984,17.27469661629716,0.08613346713151913,-77.39017975059788,-0.2562069914769774,-7.708406254737949,-0.30694249824025854,4.14727081326698,-0.055020528572734165,-0.002376583435057006,-0.00052764,0.4373302071602815,0.0018549,1,1.0
920,0.0828560200358604,0.12700918968865624,0.00043068,2.4469845184420502,3.085375171979975,-34.0777124226533,0.5339017083921984,-3.7542333716439815,0.08613346713151913,-1.505788926833459,-0.2562069914769774,33.68000874176654,-0.30694249824025854,14.370315659689632,-0.055020528572734165,-0.0918025567807523,-0.00052764,0.23145579998281426,0.0018549,1,1.0
921,-0.04376169309227129,0.2287675650274114,0.00043068,2.4469845184420502,3.085375171979975,63.64087187296799,0.5339017083921984,5.777392046375059,0.08613346713151913,-26.545590830229482,-0.2562069914769774,9.411245487439807,-0.30694249824025854,-15.972216982740935,-0.055020528572734165,0.1694897441611226,-0.00052764,0.29037312159263073,0.0018549,0,1.0
922,0.11222653224915946,0.09640716019243956,0.00043068,2.4469845184420502,3.085375171979975,6.149581642863787,0.5339017083921984,7.8336906187177995,0.08613346713151913,-58.969793334554026,-0.2562069914769774,29.135891045021367,-0.30694249824025854,27.73262200304176,-0.055020528572734165,0.030715343233517142,-0.00052764,0.18035564511256136,0.0018549,0,1.0
923,0.00858109698413767,0.13762137498654334,0.00043068,2.4469845184420502,3.085375171979975,63.09111170351766,0.5339017083921984,10.255300804480086,0.08613346713151913,-21.988779383891917,-0.2562069914769774,-29.306651128773762,-0.30694249824025854,-17.043817123756867,-0.055020528572734165,-0.07267525030014935,-0.00052764,0.24577068635121527,0.0018549,1,1.0
924,0.4280775641979174,0.1338166095808741,0.00043068,2.4469845184420502,3.085375171979975,-8.305408473068985,0.5339017083921984,12.30062100789412,0.08613346713151913,-79.94581856342191,-0.2562069914769774,-1.0202383574272267,-0.30694249824025854,58.905358640781415,-0.055020528572734165,-0.25169532684011797,-0.00052764,0.25649112309195743,0.0018549,1,1.0
925,0.26994062211283176,0.25284105294907544,0.00043068,2.4469845184420502,3.085375171979975,65.12171581009281,0.5339017083921984,10.289632631861744,0.08613346713151913,-40.50563857004356,-0.2562069914769774,-47.344142433475184,-0.30694249824025854,10.675314127182132,-0.055020528572734165,-0.2506195491648438,-0.00052764,0.36628588599615014,0.0018549,1,1.0
926,0.014868937195702703,0.1517145152098603,0.00043068,2.4469845184420502,3.085375171979975,71.0987115526393,0.5339017083921984,9.498188179870478,0.08613346713151913,-77.60215647950047,-0.2562069914769774,59.04680857136335,-0.30694249824025854,5.880943736787479,-0.055020528572734165,0.29097066521615295,-0.00052764,0.557169995375189,0.0018549,0,1.0
927,0.25758438854402543,0.025507770033890414,0.00043068,2.4469845184420502,3.085375171979975,-26.50733727700631,0.5339017083921984,2.006015067300688,0.08613346713151913,-36.44627786506338,-0.2562069914769774,14.281832636736965,-0.30694249824025854,40.34842608742776,-0.055020528572734165,-0.08138216397937943,-0.00052764,0.08191641043443705,0.0018549,1,1.0
928,0.5693416956334083,0.1370491429579132,0.00043068,2.4469845184420502,3.085375171979975,-60.29219587155541,0.5339017083921984,-0.06048452938077378,0.08613346713151913,-38.75435550511133,-0.2562069914769774,21.405766208902186,-0.30694249824025854,65.30120363871214,-0.055020528572734165,-0.035298863243910676,-0.00052764,0.1316773896595999,0.0018549,1,1.0
929,0.2936817478606279,0.0936805388241138,0.00043068,2.4469845184420502,3.085375171979975,25.277196082898655,0.5339017083921984,5.372433181946641,0.08613346713151913,-20.525720608682892,-0.2562069914769774,-37.61683375312896,-0.30694249824025854,15.911874964566868,-0.055020528572734165,-0.19636991894063635,-0.00052764,0.20372266762400346,0.0018549,1,1.0
930,0.021595874865320885,0.11822129746642329,0.00043068,2.4469845184420502,3.085375171979975,43.930749415554374,0.5339017083921984,7.748150547248939,0.08613346713151913,-40.165195018721796,-0.2562069914769774,-9.94919785252907,-0.30694249824025854,6.333201075223084,-0.055020528572734165,-0.14952687851840918,-0.00052764,0.2363168413233654,0.0018549,1,1.0
931,0.12375909646422811,0.2094761364164988,0.00043068,2.4469845184420502,3.085375171979975,31.094515408770324,0.5339017083921984,9.096701766835979,0.08613346713151913,-69.19242613585959,-0.2562069914769774,2.9505429299089188,-0.30694249824025854,32.86540267308329,-0.055020528572734165,-0.25671170337109706,-0.00052764,0.3130063114648032,0.0018549,1,1.0
932,0.26277159540047434,0.20237677246547428,0.00043068,2.4469845184420502,3.085375171979975,59.90305197040771,0.5339017083921984,11.283723290828467,0.08613346713151913,-75.47886602310975,-0.2562069914769774,19.746537380217298,-0.30694249824025854,22.001496600298637,-0.055020528572734165,0.18089744247950773,-0.00052764,0.4300478735608318,0.0018549,0,1.0
933,0.1229248116134265,0.010573428622113313,0.00043068,2.4469845184420502,3.085375171979975,-11.119526871175813,0.5339017083921984,3.041748020548525,0.08613346713151913,-30.5783461093967,-0.2562069914769774,11.119672019164764,-0.30694249824025854,24.65585353452892,-0.055020528572734165,-0.06402519044092093,-0.00052764,0.06667721818151336,0.0018549,1,1.0
934,0.058040146829672346,0.39814443379078734,0.00043068,2.4469845184420502,3.085375171979975,51.86603182975828,0.5339017083921984,4.342504158787538,0.08613346713151913,-32.90715028269885,-0.2562069914769774,65.84778413720426,-0.30694249824025854,-16.521587073730885,-0.055020528572734165,0.1599313336901767,-0.00052764,0.9014387565147515,0.0018549,0,1.0
935,0.21268231851328934,0.18828811673579898,0.00043068,2.4469845184420502,3.085375171979975,86.77675271456309,0.5339017083921984,13.060216855185185,0.08613346713151913,-50.19294613695554,-0.2562069914769774,12.726661957008295,-0.30694249824025854,-13.45275101031044,-0.055020528572734165,0.33264990880489814,-0.00052764,0.5679254208207475,0.0018549,0,1.0
936,0.9241107816634329,0.20460264644599196,0.00043068,2.4469845184420502,3.085375171979975,-49.44084182397299,0.5339017083921984,10.372384835977652,0.08613346713151913,-43.66427428983023,-0.2562069914769774,-39.12439372094388,-0.30694249824025854,69.74038530821895,-0.055020528572734165,-0.20693101490034368,-0.00052764,0.20294238291275332,0.0018549,1,1.0
937,0.29062776262853374,0.145895627497693,0.00043068,2.4469845184420502,3.085375171979975,-31.460992403199498,0.5339017083921984,2.015531613503753,0.08613346713151913,-1.0791724657515829,-0.2562069914769774,-13.100406393501483,-0.30694249824025854,19.401975607297924,-0.055020528572734165,-0.1508124500750635,-0.00052764,0.08914082487310333,0.0018549,1,1.0
938,0.5954382881198528,0.16297784009459876,0.00043068,2.4469845184420502,3.085375171979975,-2.8329012764154564,0.5339017083921984,10.64767486333213,0.08613346713151913,-65.03352493003989,-0.2562069914769774,-23.100269358528116,-0.30694249824025854,57.98628070611305,-0.055020528572734165,-0.22047864325636288,-0.00052764,0.2645129633580793,0.0018549,1,1.0
939,0.051383817792314934,0.07503635915835184,0.00043068,2.4469845184420502,3.085375171979975,14.004990291919356,0.5339017083921984,7.3274384120345015,0.08613346713151913,-53.17683745338944,-0.2562069914769774,12.10466110943411,-0.30694249824025854,24.142385845748706,-0.055020528572734165,-0.13856107477386861,-0.00052764,0.18117262948646287,0.0018549,1,1.0
940,0.02082100004780396,0.13102001808124486,0.00043068,2.4469845184420502,3.085375171979975,78.82545771784959,0.5339017083921984,14.439526254351602,0.08613346713151913,-83.0874835211666,-0.2562069914769774,62.98573374102121,-0.30694249824025854,-3.7954321238546247,-0.055020528572734165,0.33467094569219225,-0.00052764,0.6733702925223531,0.0018549,0,1.0
941,0.03058503074853791,0.1230088879773746,0.00043068,2.4469845184420502,3.085375171979975,9.710009605674438,0.5339017083921984,6.095945774163958,0.08613346713151913,-67.68668217008587,-0.2562069914769774,35.07527519491067,-0.30694249824025854,34.13676153676677,-0.055020528572734165,-0.0968530849733805,-0.00052764,0.22371459221925658,0.0018549,1,1.0
942,0.05839736307914595,0.09173583523329257,0.00043068,2.4469845184420502,3.085375171979975,-19.05171734864563,0.5339017083921984,4.592855771041746,0.08613346713151913,-47.059415193311416,-0.2562069914769774,26.079025066441872,-0.30694249824025854,32.83421172581453,-0.055020528572734165,-0.12572643806390785,-0.00052764,0.0813164184439624,0.0018549,1,1.0
943,0.1784414149139225,0.06695321010042186,0.00043068,2.4469845184420502,3.085375171979975,-5.622419022250243,0.5339017083921984,7.025373479509866,0.08613346713151913,-61.33075676446635,-0.2562069914769774,15.409465481575806,-0.30694249824025854,41.57491189821612,-0.055020528572734165,-0.17480624766883232,-0.00052764,0.17295872343039007,0.0018549,1,1.0
944,0.10658230740290851,0.048953995462418395,0.00043068,2.4469845184420502,3.085375171979975,-14.848445132229452,0.5339017083921984,-0.6042334953155599,0.08613346713151913,-23.529165017880935,-0.2562069914769774,17.08789779865492,-0.30694249824025854,25.530381214925548,-0.055020528572734165,-0.10355763831431711,-0.00052764,0.11639849663379123,0.0018549,1,1.0
945,0.5406990222760695,0.15859851079905604,0.00043068,2.4469845184420502,3.085375171979975,20.872452697254058,0.5339017083921984,9.178158380855038,0.08613346713151913,-31.581313964971052,-0.2562069914769774,-40.24485401877143,-0.30694249824025854,26.286960372675708,-0.055020528572734165,-0.03659824913266127,-0.00052764,0.2247563534627308,0.0018549,1,1.0
946,0.04818924100797306,0.05109364710465752,0.00043068,2.4469845184420502,3.085375171979975,24.36658673615947,0.5339017083921984,3.50374974837383,0.08613346713151913,-14.212904482713142,-0.2562069914769774,-9.219056732512072,-0.30694249824025854,0.0755638810023882,-0.055020528572734165,-0.028331675874297108,-0.00052764,0.11620220169329035,0.0018549,1,1.0
947,0.1404928053703029,0.016769579842155508,0.00043068,2.4469845184420502,3.085375171979975,-40.57522968618558,0.5339017083921984,2.0480763696772786,0.08613346713151913,-43.70730375839237,-0.2562069914769774,40.854734970105376,-0.30694249824025854,41.11029929259644,-0.055020528572734165,-0.018552427267336483,-0.00052764,0.046232818591164085,0.0018549,1,1.0
948,0.5222975095199174,0.28486403858335185,0.00043068,2.4469845184420502,3.085375171979975,98.72514151205863,0.5339017083921984,13.08674586888065,0.08613346713151913,-35.12291112472962,-0.2562069914769774,-56.49788433315338,-0.30694249824025854,-3.2003861429506486,-0.055020528572734165,0.14743235724939432,-0.00052764,0.4722904847435012,0.0018549,0,1.0
949,0.11362064996290527,0.05595075561188732,0.00043068,2.4469845184420502,3.085375171979975,-26.52927980096123,0.5339017083921984,-2.181745369408379,0.08613346713151913,-22.87676176539306,-0.2562069914769774,25.150138227234407,-0.30694249824025854,30.495219493480896,-0.055020528572734165,-0.12004811953872918,-0.00052764,0.12121348028640114,0.0018549,1,1.0
950,0.02773559963858674,0.19846677087612596,0.00043068,2.4469845184420502,3.085375171979975,67.05429315715527,0.5339017083921984,11.238329121150873,0.08613346713151913,-52.957990246371644,-0.2562069914769774,-17.03042755973391,-0.30694249824025854,3.909103228243697,-0.055020528572734165,-0.17507676810055162,-0.00052764,0.33143515526144607,0.0018549,1,1.0
951,0.16222142718985327,0.034276506239905,0.00043068,2.4469845184420502,3.085375171979975,-14.12792390600983,0.5339017083921984,3.730257396483193,0.08613346713151913,-46.025664442360444,-0.2562069914769774,18.232194305314533,-0.30694249824025854,36.981991524687615,-0.055020528572734165,-0.11381354935927569,-0.00052764,0.11612101859512076,0.0018549,1,1.0
952,0.766555985749545,0.10291563191301283,0.00043068,2.4469845184420502,3.085375171979975,-72.45010813908878,0.5339017083921984,4.03071956762343,0.08613346713151913,-34.84232666567673,-0.2562069914769774,-5.47835188385309,-0.30694249824025854,70.24489830111428,-0.055020528572734165,-0.09020638813557054,-0.00052764,0.08852223765654844,0.0018549,1,1.0
953,0.9174365106718319,0.1397228173023863,0.00043068,2.4469845184420502,3.085375171979975,-89.97392474313743,0.5339017083921984,0.9992512147773279,0.08613346713151913,-32.28342637319506,-0.2562069914769774,-4.3757087007045605,-0.30694249824025854,84.57808575625498,-0.055020528572734165,-0.014030058421361844,-0.00052764,0.012883160892390942,0.0018549,1,1.0
954,0.27341520638928385,0.1158290251956464,0.00043068,2.4469845184420502,3.085375171979975,86.53015022577196,0.5339017083921984,16.734280373876807,0.08613346713151913,-91.99870867895899,-0.2562069914769774,38.27802610040821,-0.30694249824025854,10.074447094301116,-0.055020528572734165,0.44921239175918437,-0.00052764,0.5693075437253037,0.0018549,0,1.0
955,0.023362369564276064,0.187097401984128,0.00043068,2.4469845184420502,3.085375171979975,97.83588905804447,0.5339017083921984,11.387368334913239,0.08613346713151913,-55.04421021983196,-0.2562069914769774,57.49684603638192,-0.30694249824025854,-27.38625194923249,-0.055020528572734165,0.32339325223179705,-0.00052764,0.9202426284586844,0.0018549,0,1.0
956,0.020975275969281837,0.12230604220615436,0.00043068,2.4469845184420502,3.085375171979975,32.345799168447485,0.5339017083921984,9.172666385755244,0.08613346713151913,-63.39130755007232,-0.2562069914769774,33.30312917789862,-0.30694249824025854,15.62882958058867,-0.055020528572734165,0.12461503933722332,-0.00052764,0.23183708515494825,0.0018549,0,1.0
957,0.017084342900252902,0.01368971751293279,0.00043068,2.4469845184420502,3.085375171979975,-46.630820424554635,0.5339017083921984,2.1705880141559737,0.08613346713151913,-51.242355954962775,-0.2562069914769774,58.51746408746192,-0.30694249824025854,41.43147731695771,-0.055020528572734165,-0.06801594936713712,-0.00052764,0.07312970761472781,0.0018549,1,1.0
958,0.3506547483743311,0.17670521862978014,0.00043068,2.4469845184420502,3.085375171979975,-5.364245349367251,0.5339017083921984,11.190025213903022,0.08613346713151913,-89.94454542682152,-0.2562069914769774,51.72289359194536,-0.30694249824025854,51.910756701840505,-0.055020528572734165,0.16164225385557973,-0.00052764,0.3061373750619407,0.0018549,0,1.0
959,0.05129508103011693,0.16482461357718797,0.00043068,2.4469845184420502,3.085375171979975,41.35011619121281,0.5339017083921984,7.948214139619535,0.08613346713151913,-53.941831391565536,-0.2562069914769774,42.41047211443431,-0.30694249824025854,4.769143661061713,-0.055020528572734165,0.21490605137628835,-0.00052764,0.3958086127853856,0.0018549,0,1.0
960,-0.04799146233817275,0.28267038650535853,0.00043068,2.4469845184420502,3.085375171979975,84.58401263804242,0.5339017083921984,8.26888172155955,0.08613346713151913,-60.25197200158082,-0.2562069914769774,76.54414803921989,-0.30694249824025854,-18.493978944453367,-0.055020528572734165,0.29463058157850547,-0.00052764,0.9006253379071179,0.0018549,0,1.0
961,0.05401646222804579,0.11456034234701326,0.00043068,2.4469845184420502,3.085375171979975,-6.508641510515519,0.5339017083921984,8.872166711598188,0.08613346713151913,-49.736780255738715,-0.2562069914769774,19.38816401562359,-0.30694249824025854,23.144887516159628,-0.055020528572734165,-0.1820068857588881,-0.00052764,0.2083876339045043,0.0018549,1,1.0
962,0.1621659335116645,0.055091767931902305,0.00043068,2.4469845184420502,3.085375171979975,16.964697476760847,0.5339017083921984,2.364690930254511,0.08613346713151913,-12.332962889533267,-0.2562069914769774,-21.021918847412266,-0.30694249824025854,9.965456808291648,-0.055020528572734165,-0.14346865643531906,-0.00052764,0.14943600653790703,0.0018549,1,1.0
963,0.2875719969137081,0.1396599095255552,0.00043068,2.4469845184420502,3.085375171979975,4.343156920111745,0.5339017083921984,8.078052165974931,0.08613346713151913,-58.524850093723245,-0.2562069914769774,-5.654027339352654,-0.30694249824025854,42.08948027311074,-0.055020528572734165,-0.240432341343271,-0.00052764,0.22288156361281555,0.0018549,1,1.0
964,0.2067721783828823,0.24285099781256742,0.00043068,2.4469845184420502,3.085375171979975,63.818693368765445,0.5339017083921984,13.636822924990016,0.08613346713151913,-59.47635704332278,-0.2562069914769774,27.173138404932047,-0.30694249824025854,-2.4109002476934926,-0.055020528572734165,0.24211487349073554,-0.00052764,0.5870391535931901,0.0018549,0,1.0
965,0.27859453933808453,0.23992832528723274,0.00043068,2.4469845184420502,3.085375171979975,47.62592622918255,0.5339017083921984,9.958303252516306,0.08613346713151913,-76.44281160059708,-0.2562069914769774,65.89537608420613,-0.30694249824025854,17.30998126032487,-0.055020528572734165,0.29995021767307684,-0.00052764,0.7406119331442809,0.0018549,0,1.0
966,0.3653591674736116,0.1659112136708691,0.00043068,2.4469845184420502,3.085375171979975,32.85135061072208,0.5339017083921984,9.085665524718921,0.08613346713151913,-29.536484309378736,-0.2562069914769774,-21.718027600568785,-0.30694249824025854,10.37398836400443,-0.055020528572734165,0.09668171750838342,-0.00052764,0.2294247260752775,0.0018549,0,1.0
967,0.21071037567629403,0.04767505491141392,0.00043068,2.4469845184420502,3.085375171979975,-32.10222064701113,0.5339017083921984,1.303448028961443,0.08613346713151913,-10.363494738569631,-0.2562069914769774,8.601963531593297,-0.30694249824025854,21.100799919203435,-0.055020528572734165,-0.0943009333068663,-0.00052764,0.1161261561801543,0.0018549,1,1.0
968,0.4545326131898649,0.14724919501224226,0.00043068,2.4469845184420502,3.085375171979975,-45.46197144944842,0.5339017083921984,0.7259374483422967,0.08613346713151913,-29.979441424982223,-0.2562069914769774,22.471108120335895,-0.30694249824025854,47.065027820995354,-0.055020528572734165,0.010847595720371417,-0.00052764,0.17030286103154493,0.0018549,0,1.0
969,0.08191363184986644,0.11407548759356612,0.00043068,2.4469845184420502,3.085375171979975,50.49275831962449,0.5339017083921984,6.659090096583902,0.08613346713151913,-24.189655932782347,-0.2562069914769774,-25.377399910643074,-0.30694249824025854,-1.8779576078149303,-0.055020528572734165,-0.11402302750261159,-0.00052764,0.23212382227777803,0.0018549,1,1.0
970,0.05937319402825347,0.11277620511702861,0.00043068,2.4469845184420502,3.085375171979975,18.172808522199748,0.5339017083921984,9.265564454116497,0.08613346713151913,-71.42374227172171,-0.2562069914769774,31.88766035114262,-0.30694249824025854,29.150779911251444,-0.055020528572734165,-0.011930799335970257,-0.00052764,0.22605326253267605,0.0018549,1,1.0
971,0.14468630553223427,0.1759671951099847,0.00043068,2.4469845184420502,3.085375171979975,46.68581343605328,0.5339017083921984,9.252168164254925,0.08613346713151913,-41.44461055204632,-0.2562069914769774,-32.28764941966131,-0.30694249824025854,12.859777520903789,-0.055020528572734165,-0.2868318440613611,-0.00052764,0.28050207264171145,0.0018549,1,1.0
972,0.4615870234068927,0.19968553997106403,0.00043068,2.4469845184420502,3.085375171979975,58.85567822289701,0.5339017083921984,12.491073489630857,0.08613346713151913,-20.35077746684673,-0.2562069914769774,-69.99508782915849,-0.30694249824025854,1.7601907289984615,-0.055020528572734165,-0.10550244952501805,-0.00052764,0.29724788104601063,0.0018549,1,1.0
973,0.3515066714898435,0.20819098523308313,0.00043068,2.4469845184420502,3.085375171979975,64.8718374560671,0.5339017083921984,11.737724620169326,0.08613346713151913,-27.438554835142575,-0.2562069914769774,-71.09093069726721,-0.30694249824025854,4.9613626933207735,-0.055020528572734165,-0.2809223942157896,-0.00052764,0.3252489028760214,0.0018549,1,1.0
974,0.41272845934877944,0.19704119070766066,0.00043068,2.4469845184420502,3.085375171979975,33.741466378179204,0.5339017083921984,10.123453780007456,0.08613346713151913,-49.45246217374811,-0.2562069914769774,-36.81116158678585,-0.30694249824025854,31.12030765741833,-0.055020528572734165,-0.23164071115084262,-0.00052764,0.31019327014339293,0.0018549,1,1.0
975,0.05555427753207265,0.1634464505447651,0.00043068,2.4469845184420502,3.085375171979975,71.89243808162377,0.5339017083921984,6.843288272840909,0.08613346713151913,-25.08132361787009,-0.2562069914769774,-17.95871478975242,-0.30694249824025854,-12.10428095502378,-0.055020528572734165,0.02592855544771211,-0.00052764,0.31170002848635514,0.0018549,0,1.0
976,0.003211838892728691,0.22416589278437715,0.00043068,2.4469845184420502,3.085375171979975,55.91354697124232,0.5339017083921984,12.917280152094364,0.08613346713151913,-77.67822153609843,-0.2562069914769774,5.775027633667864,-0.30694249824025854,19.095720159418953,-0.055020528572734165,-0.1916472578762975,-0.00052764,0.35130720634919504,0.0018549,1,1.0
977,0.007348806423623677,0.07557420508246174,0.00043068,2.4469845184420502,3.085375171979975,-3.958244097548106,0.5339017083921984,7.383251127788524,0.08613346713151913,-73.88841315743696,-0.2562069914769774,42.30843034458872,-0.30694249824025854,39.13336734593108,-0.055020528572734165,-0.11040315319001959,-0.00052764,0.1702387137696869,0.0018549,1,1.0
978,-0.0013667551208840223,0.1756924981830445,0.00043068,2.4469845184420502,3.085375171979975,47.4769228713698,0.5339017083921984,7.553595291855232,0.08613346713151913,-60.72377788795799,-0.2562069914769774,23.55469688586744,-0.30694249824025854,13.504030812481936,-0.055020528572734165,0.0061210715148837525,-0.00052764,0.31964472765842644,0.0018549,0,1.0
979,0.02556821179591906,0.15776481605333556,0.00043068,2.4469845184420502,3.085375171979975,23.52512153741744,0.5339017083921984,3.5367339743924813,0.08613346713151913,-7.916213786083449,-0.2562069914769774,9.061813090755098,-0.30694249824025854,-11.165882398615354,-0.055020528572734165,0.040812678866187876,-0.00052764,0.2770525504758779,0.0018549,0,1.0
980,0.5158027509086376,0.21387948591047087,0.00043068,2.4469845184420502,3.085375171979975,2.552568239264692,0.5339017083921984,12.113508115917103,0.08613346713151913,-65.88986748998028,-0.2562069914769774,-27.631733546315118,-0.30694249824025854,52.81953707521089,-0.055020528572734165,-0.3003369358606503,-0.00052764,0.26968700310516597,0.0018549,1,1.0
981,0.5790577388058855,0.14323636350193558,0.00043068,2.4469845184420502,3.085375171979975,-4.255351454594558,0.5339017083921984,8.487340129169944,0.08613346713151913,-53.0621323287222,-0.2562069914769774,-28.704671265918684,-0.30694249824025854,53.73969851870942,-0.055020528572734165,-0.240331043897249,-0.00052764,0.24022524791807062,0.0018549,1,1.0
982,0.38600555905448064,0.1382625920422061,0.00043068,2.4469845184420502,3.085375171979975,16.500771999191645,0.5339017083921984,7.770318641293892,0.08613346713151913,-39.14265966035985,-0.2562069914769774,-10.780646740421444,-0.30694249824025854,25.12894688977818,-0.055020528572734165,0.05827683750459853,-0.00052764,0.19736759699670783,0.0018549,0,1.0
983,0.5244152273117648,0.28873963911155404,0.00043068,2.4469845184420502,3.085375171979975,33.00762266910502,0.5339017083921984,17.27666822151744,0.08613346713151913,-66.96457603425424,-0.2562069914769774,-53.11941484162338,-0.30694249824025854,39.02334052205078,-0.055020528572734165,-0.36946684121295936,-0.00052764,0.3688566750865778,0.0018549,1,1.0
984,0.20957687334309116,0.1590120966742218,0.00043068,2.4469845184420502,3.085375171979975,28.91540472603173,0.5339017083921984,10.840597581828403,0.08613346713151913,-67.08449604388393,-0.2562069914769774,-2.915734274645628,-0.30694249824025854,31.91893165308174,-0.055020528572734165,-0.17948381137406821,-0.00052764,0.28725049265100666,0.0018549,1,1.0
985,0.014611678269658146,0.09815182926789703,0.00043068,2.4469845184420502,3.085375171979975,11.678819240293949,0.5339017083921984,7.359740276270947,0.08613346713151913,-36.5478287903369,-0.2562069914769774,12.86405193574822,-0.30694249824025854,8.928472846962116,-0.055020528572734165,-0.06918738075318753,-0.00052764,0.18739678208847899,0.0018549,1,1.0
986,-0.08551214177358835,0.2306636279090578,0.00043068,2.4469845184420502,3.085375171979975,-17.634515290320685,0.5339017083921984,3.5757377876150054,0.08613346713151913,-39.556064473756756,-0.2562069914769774,44.585150467291214,-0.30694249824025854,18.746963324730967,-0.055020528572734165,-0.06637823415611328,-0.00052764,0.1351730452809357,0.0018549,1,1.0
987,0.00013194531986793212,0.04722360984169183,0.00043068,2.4469845184420502,3.085375171979975,2.848805841914178,0.5339017083921984,3.8464012235331007,0.08613346713151913,-41.41616293017124,-0.2562069914769774,23.752538696201594,-0.30694249824025854,20.61221772198207,-0.055020528572734165,-0.050790775818444975,-0.00052764,0.11413619410367058,0.0018549,1,1.0
988,0.45840108928202317,0.09380728972824956,0.00043068,2.4469845184420502,3.085375171979975,-74.3250892666298,0.5339017083921984,-4.585697689880168,0.08613346713151913,-3.960669116620046,-0.2562069914769774,16.827354356328545,-0.30694249824025854,47.70348276189414,-0.055020528572734165,-0.12475848967316783,-0.00052764,0.11903320910536325,0.0018549,1,1.0
989,0.04316337260500297,0.05093147628784777,0.00043068,2.4469845184420502,3.085375171979975,-5.573283604782482,0.5339017083921984,4.736177586282238,0.08613346713151913,-45.63994032494786,-0.2562069914769774,29.960736974934772,-0.30694249824025854,24.833533628010485,-0.055020528572734165,-0.0016512826989422344,-0.00052764,0.1027882977685666,0.0018549,1,1.0
990,0.11265433087741517,0.08948436492692784,0.00043068,2.4469845184420502,3.085375171979975,18.242550936687635,0.5339017083921984,8.391933134780183,0.08613346713151913,-53.17557776457614,-0.2562069914769774,0.3867556302458941,-0.30694249824025854,25.26419773579668,-0.055020528572734165,-0.18490034115216764,-0.00052764,0.2065054263130855,0.0018549,1,1.0
991,0.3699691553786242,0.2515740287074145,0.00043068,2.4469845184420502,3.085375171979975,-22.728027073162366,0.5339017083921984,-2.60310664200251,0.08613346713151913,-24.72157693589285,-0.2562069914769774,1.832551802103719,-0.30694249824025854,45.108538661776585,-0.055020528572734165,-0.2661664178601454,-0.00052764,0.2711499033396191,0.0018549,1,1.0
992,0.30722173495981375,0.023497555527557168,0.00043068,2.4469845184420502,3.085375171979975,-38.35750960025217,0.5339017083921984,1.4994690752056623,0.08613346713151913,-37.99264452614099,-0.2562069914769774,19.569130173377143,-0.30694249824025854,46.914406933236435,-0.055020528572734165,-0.05574982164814899,-0.00052764,0.05855603677698374,0.0018549,1,1.0
993,0.3116729077974278,0.20713348176335006,0.00043068,2.4469845184420502,3.085375171979975,0.4842764084357405,0.5339017083921984,4.208493849929913,0.08613346713151913,-39.64022544114095,-0.2562069914769774,-13.93105828151593,-0.30694249824025854,38.12798192821264,-0.055020528572734165,-0.2586724027769083,-0.00052764,0.20954757477347688,0.0018549,1,1.0
994,0.11452937271719754,0.16948988412147314,0.00043068,2.4469845184420502,3.085375171979975,62.65834981405618,0.5339017083921984,12.609539044696012,0.08613346713151913,-48.46697981487411,-0.2562069914769774,-3.8815751884611283,-0.30694249824025854,-3.003653482314633,-0.055020528572734165,0.10138339423125392,-0.00052764,0.3230133272799433,0.0018549,0,1.0
995,0.7423821893806687,0.2959390707585211,0.00043068,2.4469845184420502,3.085375171979975,9.227951577777738,0.5339017083921984,12.125070770331785,0.08613346713151913,-74.18875183492354,-0.2562069914769774,-33.55225802614261,-0.30694249824025854,65.391020290653,-0.055020528572734165,-0.23563922233375106,-0.00052764,0.3628426377561151,0.0018549,1,1.0
996,0.303142981597859,0.1268088894918496,0.00043068,2.4469845184420502,3.085375171979975,13.761895928915534,0.5339017083921984,11.160892163457962,0.08613346713151913,-63.56845678479103,-0.2562069914769774,-6.9169175591549505,-0.30694249824025854,37.20698482826749,-0.055020528572734165,-0.17566222724243172,-0.00052764,0.25014766305530967,0.0018549,1,1.0
997,0.6375142204806548,0.1871528713257541,0.00043068,2.4469845184420502,3.085375171979975,-7.928777180825534,0.5339017083921984,11.614311191494686,0.08613346713151913,-78.27527134395193,-0.2562069914769774,-6.14755219271408,-0.30694249824025854,65.73430458852575,-0.055020528572734165,-0.11173921326901273,-0.00052764,0.27831500785388386,0.0018549,1,1.0
998,0.0715103133593143,0.12793283071596856,0.00043068,2.4469845184420502,3.085375171979975,-17.236964267214596,0.5339017083921984,0.04308717703216271,0.08613346713151913,-47.12246854818083,-0.2562069914769774,43.60594402394678,-0.30694249824025854,37.4287180769994,-0.055020528572734165,-0.09515839148754143,-0.00052764,0.20028065816757565,0.0018549,1,1.0
999,0.5043271815854977,0.2360575248397807,0.00043068,2.4469845184420502,3.085375171979975,8.472760475169308,0.5339017083921984,15.396604569661754,0.08613346713151913,-73.2220336202028,-0.2562069914769774,-29.33954590950364,-0.30694249824025854,50.23297070472082,-0.055020528572734165,-0.3266040928872085,-0.00052764,0.314538836105257,0.0018549,1,1.0
1000,0.07171321584264478,0.017320434724643823,0.00043068,0.8719611650083201,3.0023031448610418,6.978934391777481,0.5339017083921984,29.384291676227487,0.08613346713151913,-84.22763143075709,-0.2562069914769774,60.15417137297097,-0.30694249824025854,17.518368114112114,-0.055020528572734165,0.30155883131298844,-0.00052764,1.980768604925211,0.0018549,0,1.0
1001,0.7713957445251858,0.28308720465437376,0.00043068,0.8719611650083201,3.0023031448610418,-31.96756692625424,0.5339017083921984,11.497432487609897,0.08613346713151913,-67.13058077928106,-0.2562069914769774,38.94361981489659,-0.30694249824025854,54.79236991310455,-0.055020528572734165,-0.06437148498731982,-0.00052764,0.3045366967319679,0.0018549,1,1.0
1002,0.2106247490585753,0.1656518209985169,0.00043068,0.8719611650083201,3.0023031448610418,36.60294768266371,0.5339017083921984,43.82736904314234,0.08613346713151913,-79.01979746824989,-0.2562069914769774,36.49072039514078,-0.30694249824025854,-4.110831666743633,-0.055020528572734165,0.7804367204952871,-0.00052764,3.802449027014786,0.0018549,0,1.0
1003,-0.0729085896931172,0.24521193382176437,0.00043068,0.8719611650083201,3.0023031448610418,74.76080298514945,0.5339017083921984,61.65020090956478,0.08613346713151913,-55.67284435400375,-0.2562069914769774,-35.7811857877611,-0.30694249824025854,-39.813829145052004,-0.055020528572734165,0.49586987398317417,-0.00052764,5.6415396772431325,0.0018549,0,1.0
1004,0.0666821396881303,0.12656262679269725,0.00043068,0.8719611650083201,3.0023031448610418,47.425004461384496,0.5339017083921984,37.85561963608353,0.08613346713151913,-26.737080649089247,-0.2562069914769774,-21.06840882283999,-0.30694249824025854,-27.936590759448585,-0.055020528572734165,0.549259227629247,-0.00052764,3.397164449677568,0.0018549,0,1.0
1005,0.10059952634691482,0.0953657111646383,0.00043068,0.8719611650083201,3.0023031448610418,73.81642715562364,0.5339017083921984,62.85304097627752,0.08613346713151913,-51.04117162929713,-0.2562069914769774,-57.670389931918535,-0.30694249824025854,-35.83184865728614,-0.055020528572734165,0.38828448541424754,-0.00052764,5.806617476885759,0.0018549,0,1.0
1006,0.10011260786838017,0.1227188382876705,0.00043068,0.8719611650083201,3.0023031448610418,45.623274164023414,0.5339017083921984,29.414686944925887,0.08613346713151913,-24.606853583366455,-0.2562069914769774,-19.954102546428484,-0.30694249824025854,-23.716990802737325,-0.055020528572734165,0.46039560396148316,-0.00052764,3.522940358699574,0.0018549,0,1.0
1007,-0.0006972100557296468,0.1291091523140642,0.00043068,0.8719611650083201,3.0023031448610418,49.396580724478596,0.5339017083921984,43.09591433134477,0.08613346713151913,-73.75647429824895,-0.2562069914769774,32.99596601799331,-0.30694249824025854,-16.965382589030284,-0.055020528572734165,0.761252515699697,-0.00052764,4.37664535504379,0.0018549,0,1.0
1008,0.11805823023942585,0.14841850167026463,0.00043068,0.8719611650083201,3.0023031448610418,21.79155893051876,0.5339017083921984,28.375390654316355,0.08613346713151913,-31.42386603089567,-0.2562069914769774,1.1302146724779945,-0.30694249824025854,-8.348532835882484,-0.055020528572734165,0.33088662932036117,-0.00052764,1.9095571080307399,0.0018549,0,1.0
1009,1.2641403492559597,1.06113066078107,0.00043068,0.8719611650083201,3.0023031448610418,-39.0966283202804,0.5339017083921984,14.74828469821118,0.08613346713151913,-61.31719641927153,-0.2562069914769774,-31.296069445319887,-0.30694249824025854,74.33235855644604,-0.055020528572734165,-0.49667602295827107,-0.00052764,0.6693993423990391,0.0018549,1,1.0
1010,0.00895879669754085,0.1446602590520175,0.00043068,0.8719611650083201,3.0023031448610418,64.83906414105931,0.5339017083921984,41.953809119896896,0.08613346713151913,-35.218242125585206,-0.2562069914769774,-19.380294888492983,-0.30694249824025854,-37.199396138586046,-0.055020528572734165,0.6836880248424371,-0.00052764,4.748043378273133,0.0018549,0,1.0
1011,0.030944210962525975,0.06631631276029193,0.00043068,0.8719611650083201,3.0023031448610418,24.157226714220627,0.5339017083921984,19.353512220691425,0.08613346713151913,-28.77484017179982,-0.2562069914769774,21.82345514811146,-0.30694249824025854,-11.983682680654734,-0.055020528572734165,0.572501952644608,-0.00052764,1.8857222945776644,0.0018549,0,1.0
1012,0.679595495697505,0.228307740441911,0.00043068,0.8719611650083201,3.0023031448610418,22.67233322458653,0.5339017083921984,38.30627237963668,0.08613346713151913,-58.08683302870753,-0.2562069914769774,-24.40493909173652,-0.30694249824025854,13.582749687685254,-0.055020528572734165,0.29687519065226553,-0.00052764,3.4515525240332536,0.0018549,0,1.0
1013,1.0244922607204636,0.33488657689384316,0.00043068,0.8719611650083201,3.0023031448610418,14.206089475869906,0.5339017083921984,51.35128129162326,0.08613346713151913,-85.29441202978425,-0.2562069914769774,-20.59243801623726,-0.30694249824025854,31.69361486082795,-0.055020528572734165,0.3470095699051614,-0.00052764,3.73566756948348,0.0018549,0,1.0
1014,0.08155176145037946,0.030849354695631367,0.00043068,0.8719611650083201,3.0023031448610418,16.971110915042598,0.5339017083921984,28.278273215567634,0.08613346713151913,-60.23323016271015,-0.2562069914769774,32.03834444718393,-0.30694249824025854,4.121761683963504,-0.055020528572734165,0.35266541477476077,-0.00052764,2.1746012274598123,0.0018549,0,1.0
1015,0.023931644588834566,0.07216473729178582,0.00043068,0.8719611650083201,3.0023031448610418,46.230676528158305,0.5339017083921984,30.620014278873523,0.08613346713151913,-26.99527145482536,-0.2562069914769774,-25.84395624489367,-0.30694249824025854,-23.425449273984405,-0.055020528572734165,0.29182145540565263,-0.00052764,3.6059788050935273,0.0018549,0,1.0
1016,-0.10836202638735748,0.2963603930817288,0.00043068,0.8719611650083201,3.0023031448610418,41.77716499322712,0.5339017083921984,23.888423736686537,0.08613346713151913,-27.557975492795922,-0.2562069914769774,16.648491081013532,-0.30694249824025854,-26.76327600396633,-0.055020528572734165,0.6656850692786385,-0.00052764,2.880468542738779,0.0018549,0,1.0
1017,-0.0420948834717747,0.13837038451708425,0.00043068,0.8719611650083201,3.0023031448610418,24.638881646373342,0.5339017083921984,13.727384144972397,0.08613346713151913,-16.548280352872634,-0.2562069914769774,19.62255068020506,-0.30694249824025854,-16.896823255969096,-0.055020528572734165,0.5582180814166585,-0.00052764,1.6215765298041465,0.0018549,0,1.0
1018,-0.0019456219395106444,0.19515180540677168,0.00043068,0.8719611650083201,3.0023031448610418,90.44707978830375,0.5339017083921984,71.61845923604542,0.08613346713151913,-60.31145445974031,-0.2562069914769774,-42.197563064269865,-0.30694249824025854,-49.50645757280832,-0.055020528572734165,0.7576718507308837,-0.00052764,6.736785393353562,0.0018549,0,1.0
1019,-0.0036589871145906727,0.06484794410169589,0.00043068,0.8719611650083201,3.0023031448610418,56.146566492476204,0.5339017083921984,42.3728875098128,0.08613346713151913,-44.5775915798875,-0.2562069914769774,-21.854907735570745,-0.30694249824025854,-26.719842161856857,-0.055020528572734165,0.3966158412869225,-0.00052764,4.472018548467951,0.0018549,0,1.0
1020,0.014807105101316664,0.04387416318231757,0.00043068,0.8719611650083201,3.0023031448610418,14.06159991314071,0.5339017083921984,9.784439299944879,0.08613346713151913,-22.82558522004441,-0.2562069914769774,22.70588750718281,-0.30694249824025854,-4.847326534990533,-0.055020528572734165,0.3574955023026527,-0.00052764,1.2697333007336395,0.0018549,0,1.0
1021,0.24353992908270405,0.08795267618450472,0.00043068,0.8719611650083201,3.0023031448610418,62.01741113959113,0.5339017083921984,69.42675426204285,0.08613346713151913,-86.01975949978117,-0.2562069914769774,-35.28847181842327,-0.30694249824025854,-14.710900717598271,-0.055020528572734165,0.3022372939783433,-0.00052764,5.918552409059036,0.0018549,0,1.0
1022,0.06924782941376176,0.2733901525019249,0.00043068,0.8719611650083201,3.0023031448610418,-7.1025391343622575,0.5339017083921984,9.472731243624468,0.08613346713151913,-34.26164347951152,-0.2562069914769774,12.450753415348892,-0.30694249824025854,17.177525011675662,-0.055020528572734165,-0.22584701804122717,-0.00052764,0.3994527778148844,0.0018549,1,1.0
1023,0.9960797585238086,0.5177658082101718,0.00043068,0.8719611650083201,3.0023031448610418,19.24711299370432,0.5339017083921984,54.142911035191986,0.08613346713151913,-71.77738062841867,-0.2562069914769774,-43.6859734074639,-0.30694249824025854,23.712567830533448,-0.055020528572734165,0.2389900752414731,-0.00052764,3.7730426870872718,0.0018549,0,1.0
1024,0.07616359277808438,0.05746922471536156,0.00043068,0.8719611650083201,3.0023031448610418,35.41852777102016,0.5339017083921984,33.2780138718786,0.08613346713151913,-30.41034960489499,-0.2562069914769774,-21.0138554435055,-0.30694249824025854,-16.256824968992195,-0.055020528572734165,0.27310615377115544,-0.00052764,2.8493509904110566,0.0018549,0,1.0
1025,0.6660003756836218,0.2464466622858597,0.00043068,0.8719611650083201,3.0023031448610418,23.044644053933077,0.5339017083921984,30.451802918945745,0.08613346713151913,-32.48649064880609,-0.2562069914769774,-37.124449352080305,-0.30694249824025854,5.332016368349558,-0.055020528572734165,0.3382271429620167,-0.00052764,2.940588201112896,0.0018549,0,1.0
1026,1.339186079096434,0.6433804495387443,0.00043068,0.8719611650083201,3.0023031448610418,-34.670083076360086,0.5339017083921984,17.179158176658248,0.08613346713151913,-33.783735087644025,-0.2562069914769774,-39.2455233969231,-0.30694249824025854,58.137419036035396,-0.055020528572734165,-0.4292691520310323,-0.00052764,0.4135154193547232,0.0018549,1,1.0
1027,0.02451695685243993,0.04214374289530311,0.00043068,0.8719611650083201,3.0023031448610418,40.38051203260735,0.5339017083921984,49.23999344027187,0.08613346713151913,-79.69902703771442,-0.2562069914769774,12.498991278071355,-0.30694249824025854,-7.030688183202708,-0.055020528572734165,0.3409197607337979,-0.00052764,4.027926497705482,0.0018549,0,1.0
1028,0.21144316826767273,0.12385853623838787,0.00043068,0.8719611650083201,3.0023031448610418,53.00793089152645,0.5339017083921984,57.91362941089816,0.08613346713151913,-69.75171720076672,-0.2562069914769774,-20.699120456015386,-0.30694249824025854,-15.586428479909763,-0.055020528572734165,0.43946281145978494,-0.00052764,4.856065346578399,0.0018549,0,1.0
1029,1.189162733383053,0.5639055094561857,0.00043068,0.8719611650083201,3.0023031448610418,9.949580224328432,0.5339017083921984,51.67807380234689,0.08613346713151913,-60.58334226495733,-0.2562069914769774,-46.90465654336836,-0.30694249824025854,27.978259813294464,-0.055020528572734165,0.2837538735753171,-0.00052764,3.096791511107422,0.0018549,0,1.0
1030,0.5128731520053034,0.11811941321900318,0.00043068,0.8719611650083201,3.0023031448610418,-9.55975919051387,0.5339017083921984,21.316705641242393,0.08613346713151913,-66.41027812827984,-0.2562069914769774,45.05081334528613,-0.30694249824025854,31.07419717366251,-0.055020528572734165,0.329216522421982,-0.00052764,1.113539207996345,0.0018549,0,1.0
1031,0.07206986009623861,0.22611660068444506,0.00043068,0.8719611650083201,3.0023031448610418,90.8501556316198,0.5339017083921984,70.26013962110052,0.08613346713151913,-61.569386062529226,-0.2562069914769774,-37.40835015367431,-0.30694249824025854,-48.21957154545204,-0.055020528572734165,0.8698847169737247,-0.00052764,6.875582014172845,0.0018549,0,1.0
1032,0.025314110256345224,0.06025035987647918,0.00043068,0.8719611650083201,3.0023031448610418,39.46264121081658,0.5339017083921984,37.05425571538573,0.08613346713151913,-57.84750552011632,-0.2562069914769774,16.47298812914571,-0.30694249824025854,-13.214998801381414,-0.055020528572734165,0.5358477409756499,-0.00052764,3.5097552879323883,0.0018549,0,1.0
1033,0.014860392345552365,0.08395195900596655,0.00043068,0.8719611650083201,3.0023031448610418,40.45930212110757,0.5339017083921984,39.47580595549329,0.08613346713151913,-74.35582735658207,-0.2562069914769774,29.84900519084702,-0.30694249824025854,-8.625770766011339,-0.055020528572734165,0.5441426114068533,-0.00052764,3.9417024500301734,0.0018549,0,1.0
1034,0.027179369084469496,0.20506145284559868,0.00043068,0.8719611650083201,3.0023031448610418,73.21753623681919,0.5339017083921984,63.51677524521554,0.08613346713151913,-49.15929047341664,-0.2562069914769774,-47.29350056916797,-0.30694249824025854,-39.721219607938885,-0.055020528572734165,0.4999438143441224,-0.00052764,5.476896260846038,0.0018549,0,1.0
1035,0.050241274267097014,0.06843926135994058,0.00043068,0.8719611650083201,3.0023031448610418,73.96144226842937,0.5339017083921984,61.99288125779072,0.08613346713151913,-65.35946140227045,-0.2562069914769774,-38.51766078421019,-0.30694249824025854,-31.973286667845375,-0.055020528572734165,0.42500406441207517,-0.00052764,6.093824839392688,0.0018549,0,1.0
1036,1.0258849046308245,0.3559113887360216,0.00043068,0.8719611650083201,3.0023031448610418,-5.303103934816068,0.5339017083921984,27.982928403389867,0.08613346713151913,-48.85849708572442,-0.2562069914769774,-19.558676754880025,-0.30694249824025854,34.93124667414986,-0.055020528572734165,0.2740609707554664,-0.00052764,1.7859286250470408,0.0018549,0,1.0
1037,0.29460813823574816,0.05246250533206948,0.00043068,0.8719611650083201,3.0023031448610418,19.86445845292079,0.5339017083921984,41.08449569365902,0.08613346713151913,-81.44885373657435,-0.2562069914769774,19.680488384924235,-0.30694249824025854,13.074667102561639,-0.055020528572734165,0.2784793329460613,-0.00052764,3.10417732655699,0.0018549,0,1.0
1038,0.2186674045318241,0.4014407768613821,0.00043068,0.8719611650083201,3.0023031448610418,-14.379575758553283,0.5339017083921984,13.890349175651583,0.08613346713151913,-50.94424409465642,-0.2562069914769774,17.96657880973309,-0.30694249824025854,29.77880803566318,-0.055020528572734165,-0.32468461973888096,-0.00052764,0.4870357172416021,0.0018549,1,1.0
1039,0.02364571622568057,0.09589988919108229,0.00043068,0.8719611650083201,3.0023031448610418,26.425579163330084,0.5339017083921984,30.510899764820593,0.08613346713151913,-73.93910312431068,-0.2562069914769774,35.77627954413952,-0.30694249824025854,3.1001148775401672,-0.055020528572734165,0.32210315024201686,-0.00052764,3.1789926786387306,0.0018549,0,1.0
1040,0.41463388108075383,0.19132929573947946,0.00043068,0.8719611650083201,3.0023031448610418,-24.793219764493607,0.5339017083921984,-0.24770059572462785,0.08613346713151913,-48.876009674946374,-0.2562069914769774,50.052025597102336,-0.30694249824025854,38.84269328386754,-0.055020528572734165,-0.156607067094031,-0.00052764,0.15844845925281364,0.0018549,1,1.0
1041,-0.006784907020281672,0.17368250395004983,0.00043068,0.8719611650083201,3.0023031448610418,47.5339099259793,0.5339017083921984,44.46549262002262,0.08613346713151913,-66.78844312665561,-0.2562069914769774,35.02314736625239,-0.30694249824025854,-20.665592617100064,-0.055020528572734165,0.884411903280478,-0.00052764,3.901093449701653,0.0018549,0,1.0
1042,0.09958876928183336,0.04170611357036306,0.00043068,0.8719611650083201,3.0023031448610418,28.043709371055435,0.5339017083921984,39.3649203197118,0.08613346713151913,-65.74556286625796,-0.2562069914769774,11.343700849918378,-0.30694249824025854,-0.9829870133147443,-0.055020528572734165,0.2752938834016041,-0.00052764,3.065170693966814,0.0018549,0,1.0
1043,1.2879001142484914,0.6583899890144516,0.00043068,0.8719611650083201,3.0023031448610418,-15.495567687933038,0.5339017083921984,33.74313446819603,0.08613346713151913,-62.5527961917545,-0.2562069914769774,3.959599735474118,-0.30694249824025854,45.50373519725626,-0.055020528572734165,0.36916878604840053,-0.00052764,1.6140539389927862,0.0018549,0,1.0
1044,0.4115874877046702,0.14210949034191314,0.00043068,0.8719611650083201,3.0023031448610418,3.0451771594115913,0.5339017083921984,25.815124620198926,0.08613346713151913,-56.72460375709734,-0.2562069914769774,31.73846724869107,-0.30694249824025854,16.862469091576646,-0.055020528572734165,0.4174084717000026,-0.00052764,1.5403295665208212,0.0018549,0,1.0
1045,0.009978136114533687,0.15839906630809433,0.00043068,0.8719611650083201,3.0023031448610418,47.24457475664016,0.5339017083921984,36.64470124289683,0.08613346713151913,-47.7200479678189,-0.2562069914769774,24.602257998468463,-0.30694249824025854,-24.972900999556245,-0.055020528572734165,0.8937136294751933,-0.00052764,3.5831766945958745,0.0018549,0,1.0
1046,0.017017640903635556,0.02439502711816361,0.00043068,0.8719611650083201,3.0023031448610418,8.82323443879182,0.5339017083921984,15.641223046741707,0.08613346713151913,-47.531831268359994,-0.2562069914769774,46.07651850348625,-0.30694249824025854,4.789850929759256,-0.055020528572734165,0.40748988921405455,-0.00052764,1.3076009163001545,0.0018549,0,1.0
1047,-0.0007418380948497338,0.0686742874176676,0.00043068,0.8719611650083201,3.0023031448610418,46.83631288171942,0.5339017083921984,28.691217941985332,0.08613346713151913,-15.904940465562234,-0.2562069914769774,-20.948575678653764,-0.30694249824025854,-30.108725056571608,-0.055020528572734165,0.4949720803101507,-0.00052764,3.2041601643168565,0.0018549,0,1.0
1048,0.010436654271356094,0.058944230068865774,0.00043068,0.8719611650083201,3.0023031448610418,25.354449778918934,0.5339017083921984,35.27305590771813,0.08613346713151913,-61.97603545576716,-0.2562069914769774,24.598189259677234,-0.30694249824025854,-3.108935575772288,-0.055020528572734165,0.3462838000850872,-0.00052764,2.6292622178881495,0.0018549,0,1.0
1049,0.08249873433820065,0.14649095245457341,0.00043068,0.8719611650083201,3.0023031448610418,68.16278986695472,0.5339017083921984,55.08260989566772,0.08613346713151913,-67.00195729287458,-0.2562069914769774,-15.393906852794267,-0.30694249824025854,-27.937307684112582,-0.055020528572734165,0.6067054058611827,-0.00052764,5.734460629133567,0.0018549,0,1.0
1050,0.044240361460115896,0.056155208923884224,0.00043068,0.8719611650083201,3.0023031448610418,48.489773283423716,0.5339017083921984,39.53453970473552,0.08613346713151913,-27.702765306828205,-0.2562069914769774,-37.145922558926664,-0.30694249824025854,-26.304565012982483,-0.055020528572734165,0.3030971611072555,-0.00052764,3.6265586209318554,0.0018549,0,1.0
1051,0.022021635546609297,0.2088520256660319,0.00043068,0.8719611650083201,3.0023031448610418,50.873493937131244,0.5339017083921984,29.898612367894955,0.08613346713151913,-12.376449388276477,-0.2562069914769774,-3.4438673677036795,-0.30694249824025854,-37.88296385996106,-0.055020528572734165,0.9209558825322235,-0.00052764,3.1161101813391747,0.0018549,0,1.0
1052,0.2442892221514441,0.13873502214141287,0.00043068,0.8719611650083201,3.0023031448610418,10.137162473544548,0.5339017083921984,24.054916931863175,0.08613346713151913,-73.26471505310504,-0.2562069914769774,42.89597299184414,-0.30694249824025854,17.77743631821242,-0.055020528572734165,0.3369340075397418,-0.00052764,2.3498006932039353,0.0018549,0,1.0
1053,0.37679958092397703,0.6133868026199866,0.00043068,0.8719611650083201,3.0023031448610418,99.65402836427619,0.5339017083921984,79.88257336062118,0.08613346713151913,-75.24901865914715,-0.2562069914769774,-32.557385833922844,-0.30694249824025854,-47.23684208085203,-0.055020528572734165,1.295965834388972,-0.00052764,7.931752817714384,0.0018549,0,1.0
1054,-0.16493344364807594,0.5773752967803873,0.00043068,0.8719611650083201,3.0023031448610418,26.982937302798483,0.5339017083921984,11.530759253052057,0.08613346713151913,-49.78847019589611,-0.2562069914769774,92.84890239622078,-0.30694249824025854,-14.335376011178635,-0.055020528572734165,0.9852843621234958,-0.00052764,2.202091289446609,0.0018549,0,1.0
1055,0.8981296039411859,0.5727248157502324,0.00043068,0.8719611650083201,3.0023031448610418,20.63864649780703,0.5339017083921984,38.156699243589344,0.08613346713151913,-69.82254699844466,-0.2562069914769774,-22.624171434628366,-0.30694249824025854,24.102037777633733,-0.055020528572734165,0.31224520702897807,-0.00052764,3.971290858563732,0.0018549,0,1.0
1056,0.16783713612708295,0.038236244755260634,0.00043068,0.8719611650083201,3.0023031448610418,8.832245291503067,0.5339017083921984,17.08955182029414,0.08613346713151913,-39.84800699328997,-0.2562069914769774,23.030396990301888,-0.30694249824025854,6.299147914413663,-0.055020528572734165,0.3192673501120321,-0.00052764,1.4106377896384816,0.0018549,0,1.0
1057,-0.06171205904456123,0.16645623281303001,0.00043068,0.8719611650083201,3.0023031448610418,62.79915312419096,0.5339017083921984,48.94270046724655,0.08613346713151913,-44.05054363446644,-0.2562069914769774,-30.70771167914664,-0.30694249824025854,-33.46033611034874,-0.055020528572734165,0.4046286451126102,-0.00052764,4.742345617979946,0.0018549,0,1.0
1058,0.7121355946647647,0.25162993013289614,0.00043068,0.8719611650083201,3.0023031448610418,9.604155693019242,0.5339017083921984,38.54242733205409,0.08613346713151913,-89.08805280205274,-0.2562069914769774,14.71749467093101,-0.30694249824025854,31.707696074436384,-0.055020528572734165,0.3226468799033433,-0.00052764,3.217509025965214,0.0018549,0,1.0
1059,0.05520089689113927,0.07188386524162114,0.00043068,0.8719611650083201,3.0023031448610418,44.31130328207771,0.5339017083921984,29.293973061391146,0.08613346713151913,-18.587950675349408,-0.2562069914769774,-22.047580472460236,-0.30694249824025854,-26.37230935280389,-0.055020528572734165,0.46871289579090925,-0.00052764,3.171762188604071,0.0018549,0,1.0
1060,0.02369270472546999,0.15962557539919503,0.00043068,0.8719611650083201,3.0023031448610418,8.320263175814963,0.5339017083921984,1.9389802433262302,0.08613346713151913,-28.130746396896544,-0.2562069914769774,60.85081280303148,-0.30694249824025854,-1.4706200355024042,-0.055020528572734165,0.49202214982109665,-0.00052764,1.0686102101762294,0.0018549,0,1.0
1061,0.5699061182894927,0.17164414582787837,0.00043068,0.8719611650083201,3.0023031448610418,11.371118404911472,0.5339017083921984,31.08107527131085,0.08613346713151913,-41.652713084130674,-0.2562069914769774,-12.698616806459734,-0.30694249824025854,11.40504496269182,-0.055020528572734165,0.30953800162117373,-0.00052764,2.06748552510811,0.0018549,0,1.0
1062,0.24521694123702886,0.1307098317010312,0.00043068,0.8719611650083201,3.0023031448610418,54.60788810317075,0.5339017083921984,52.63650784586021,0.08613346713151913,-38.57163523901792,-0.2562069914769774,-57.462473664567554,-0.30694249824025854,-23.80732028789467,-0.055020528572734165,0.286130538354878,-0.00052764,4.4783351389589425,0.0018549,0,1.0
1063,0.013633442718135269,0.11404320845876215,0.00043068,0.8719611650083201,3.0023031448610418,46.29987526429253,0.5339017083921984,29.216765688245292,0.08613346713151913,-22.04352225842967,-0.2562069914769774,-3.509180878887557,-0.30694249824025854,-29.63669490802544,-0.055020528572734165,0.6963454726565381,-0.00052764,3.1728818703882906,0.0018549,0,1.0
1064,0.14677522866930837,0.05480574095324846,0.00043068,0.8719611650083201,3.0023031448610418,11.464559789235071,0.5339017083921984,24.80575636188157,0.08613346713151913,-59.44091520363792,-0.2562069914769774,42.024766107725966,-0.30694249824025854,7.88854792414515,-0.055020528572734165,0.4519488249984529,-0.00052764,1.819045834295959,0.0018549,0,1.0
1065,0.06275989312567765,0.1195059412920734,0.00043068,0.8719611650083201,3.0023031448610418,53.628294646219395,0.5339017083921984,51.91107041011605,0.08613346713151913,-88.46204619336262,-0.2562069914769774,17.408156672802562,-0.30694249824025854,-12.074587788030946,-0.055020528572734165,0.5536778108897558,-0.00052764,5.180038640605644,0.0018549,0,1.0
1066,-0.050588852556374186,0.2680685712431281,0.00043068,0.8719611650083201,3.0023031448610418,-11.632991749527033,0.5339017083921984,6.766987403894652,0.08613346713151913,-56.83530992091524,-0.2562069914769774,74.98776072358784,-0.30694249824025854,20.44117425884138,-0.055020528572734165,-0.00014054209879180157,-0.00052764,0.3323615928393461,0.0018549,1,1.0
1067,0.1126234048664112,0.06946782198854169,0.00043068,0.8719611650083201,3.0023031448610418,50.63813320198892,0.5339017083921984,59.73997549297409,0.08613346713151913,-90.50211025056306,-0.2562069914769774,3.1635416893774284,-0.30694249824025854,-9.521859790481228,-0.055020528572734165,0.41914956366226663,-0.00052764,5.001570500254198,0.0018549,0,1.0
1068,0.14023055075034052,0.06454207464062384,0.00043068,0.8719611650083201,3.0023031448610418,51.34340086292093,0.5339017083921984,52.5343282150958,0.08613346713151913,-77.1793046920609,-0.2562069914769774,-10.840247606990479,-0.30694249824025854,-10.835268975170644,-0.055020528572734165,0.32766134413439474,-0.00052764,4.999096270387355,0.0018549,0,1.0
1069,0.5554366544286691,0.13681218409063506,0.00043068,0.8719611650083201,3.0023031448610418,37.87204055243973,0.5339017083921984,55.48193891840587,0.08613346713151913,-78.54435051181369,-0.2562069914769774,-28.527760194424392,-0.30694249824025854,6.071643920793368,-0.055020528572734165,0.27769172203371495,-0.00052764,4.632452529002666,0.0018549,0,1.0
1070,0.2811124596374794,0.0723481040694171,0.00043068,0.8719611650083201,3.0023031448610418,14.826262180694007,0.5339017083921984,20.065466017754094,0.08613346713151913,-33.11600356140828,-0.2562069914769774,0.7921369211598877,-0.30694249824025854,3.2119586023669604,-0.055020528572734165,0.29896587167548183,-0.00052764,1.8745157531005656,0.0018549,0,1.0
1071,0.2200817886955893,0.12668142300762492,0.00043068,0.8719611650083201,3.0023031448610418,-4.313597174789634,0.5339017083921984,7.797963167888313,0.08613346713151913,-40.45569451497025,-0.2562069914769774,41.372475699224836,-0.30694249824025854,16.58721687941947,-0.055020528572734165,0.3281906410267377,-0.00052764,0.6477085520489161,0.0018549,0,1.0
1072,0.020923167492328032,0.06258151018361996,0.00043068,0.8719611650083201,3.0023031448610418,19.288274421454023,0.5339017083921984,22.312492927634036,0.08613346713151913,-54.944393607456156,-0.2562069914769774,50.295962235397496,-0.30694249824025854,-1.5186831169900357,-0.055020528572734165,0.6120330424703764,-0.00052764,2.050205423176813,0.0018549,0,1.0
1073,0.1660290806709377,0.2442928738191187,0.00043068,0.8719611650083201,3.0023031448610418,16.877772307520303,0.5339017083921984,14.348813470929958,0.08613346713151913,-38.94405244563112,-0.2562069914769774,18.729286744382083,-0.30694249824025854,2.87304356312561,-0.055020528572734165,0.27285101214364027,-0.00052764,2.1575047615345984,0.0018549,0,1.0
1074,0.06939140216870054,0.12923054796728878,0.00043068,0.8719611650083201,3.0023031448610418,21.976123764144425,0.5339017083921984,8.484675044265618,0.08613346713151913,-8.806118281346833,-0.2562069914769774,0.2979448621009051,-0.30694249824025854,-11.865125973297692,-0.055020528572734165,0.2905093353072443,-0.00052764,1.745715549473251,0.0018549,0,1.0
1075,1.0207465376309754,0.43641551751025276,0.00043068,0.8719611650083201,3.0023031448610418,17.022383867714957,0.5339017083921984,45.636717600231464,0.08613346713151913,-78.73464326388762,-0.2562069914769774,-23.19231413829953,-0.30694249824025854,29.515241187116807,-0.055020528572734165,0.3725737311474915,-0.00052764,3.897178127495907,0.0018549,0,1.0
1076,-0.10595115753230488,0.2241505725089135,0.00043068,0.8719611650083201,3.0023031448610418,55.07543297146419,0.5339017083921984,47.70648091512553,0.08613346713151913,-58.485716119177134,-0.2562069914769774,-14.447953588028525,-0.30694249824025854,-23.890255863822823,-0.055020528572734165,0.2876973435187584,-0.00052764,4.52769254938395,0.0018549,0,1.0
1077,0.35351241750873086,0.14516643975703902,0.00043068,0.8719611650083201,3.0023031448610418,19.77974711049799,0.5339017083921984,32.20930839649827,0.08613346713151913,-69.6456005997288,-0.2562069914769774,14.514990944496205,-0.30694249824025854,12.72292119543754,-0.055020528572734165,0.30187511902214115,-0.00052764,3.0782366182666854,0.0018549,0,1.0
1078,0.21693441594707008,0.12358283723099986,0.00043068,0.8719611650083201,3.0023031448610418,49.05539696966183,0.5339017083921984,51.74637927083412,0.08613346713151913,-47.21810524734338,-0.2562069914769774,-43.009811943189455,-0.30694249824025854,-18.304338216992583,-0.055020528572734165,0.26739840526070147,-0.00052764,4.234485444567712,0.0018549,0,1.0
1079,0.3804353520919521,0.16002131399974456,0.00043068,0.8719611650083201,3.0023031448610418,42.067853700804434,0.5339017083921984,34.551522431864775,0.08613346713151913,-13.008266654802933,-0.2562069914769774,-52.07999726257751,-0.30694249824025854,-20.329165474692665,-0.055020528572734165,0.43656790066558515,-0.00052764,3.3180785630079663,0.0018549,0,1.0
1080,0.0009981655803707468,0.08746108111439435,0.00043068,0.8719611650083201,3.0023031448610418,6.016017194857567,0.5339017083921984,9.352685193632604,0.08613346713151913,-28.676235722428828,-0.2562069914769774,30.99871050264788,-0.30694249824025854,1.7911872002396343,-0.055020528572734165,0.2956014355685196,-0.00052764,0.7918417208903162,0.0018549,0,1.0
1081,-0.03719972328991217,0.1395370199467813,0.00043068,0.8719611650083201,3.0023031448610418,55.204619105662985,0.5339017083921984,52.64066495192893,0.08613346713151913,-87.913724660534,-0.2562069914769774,19.987539852145545,-0.30694249824025854,-15.608023025573237,-0.055020528572734165,0.543439604955092,-0.00052764,5.109462498813183,0.0018549,0,1.0
1082,0.6102765162914391,0.27126201288649987,0.00043068,0.8719611650083201,3.0023031448610418,37.02936876827107,0.5339017083921984,43.15559141621712,0.08613346713151913,-37.72178996604481,-0.2562069914769774,-40.8208959760539,-0.30694249824025854,-6.608731049621853,-0.055020528572734165,0.5298869238046715,-0.00052764,3.6808747278621343,0.0018549,0,1.0
1083,0.15553048592268126,0.20730604956211865,0.00043068,0.8719611650083201,3.0023031448610418,12.660930816824612,0.5339017083921984,27.39473881732228,0.08613346713151913,-60.388493467136286,-0.2562069914769774,60.595988101485275,-0.30694249824025854,3.23733300814941,-0.055020528572734165,0.6982969920673776,-0.00052764,1.7209775864359207,0.0018549,0,1.0
1084,0.6397905822679308,0.15958252531350176,0.00043068,0.8719611650083201,3.0023031448610418,-3.564060073195478,0.5339017083921984,31.94881477685228,0.08613346713151913,-77.90979355924108,-0.2562069914769774,31.68466340059989,-0.30694249824025854,32.8198847918484,-0.055020528572734165,0.3344466046272726,-0.00052764,1.8745490293624778,0.0018549,0,1.0
1085,-0.006184307097172326,0.044726433831755674,0.00043068,0.8719611650083201,3.0023031448610418,16.343703818092848,0.5339017083921984,16.27586378034856,0.08613346713151913,-38.186660735332396,-0.2562069914769774,33.35695374694116,-0.30694249824025854,-3.2478817958809563,-0.055020528572734165,0.43006771876547834,-0.00052764,1.6085977548232178,0.0018549,0,1.0
1086,0.04061208085317691,0.03571872089122389,0.00043068,0.8719611650083201,3.0023031448610418,32.6966118707523,0.5339017083921984,28.3997909909119,0.08613346713151913,-39.8786143945479,-0.2562069914769774,-2.449819751156317,-0.30694249824025854,-11.030350402424771,-0.055020528572734165,0.2878517639198708,-0.00052764,2.910927523904549,0.0018549,0,1.0
1087,0.14154620301269305,0.17646167409930202,0.00043068,0.8719611650083201,3.0023031448610418,32.327031126527366,0.5339017083921984,40.04625343282012,0.08613346713151913,-52.49583511114663,-0.2562069914769774,8.74613634908253,-0.30694249824025854,-10.012775157016069,-0.055020528572734165,0.5083747791711479,-0.00052764,2.9495460009225445,0.0018549,0,1.0
1088,0.27762741965195703,0.2259667007749445,0.00043068,0.8719611650083201,3.0023031448610418,65.73826335026314,0.5339017083921984,54.30825110385297,0.08613346713151913,-56.08579388143657,-0.2562069914769774,-31.25081023937703,-0.30694249824025854,-26.265703034636758,-0.055020528572734165,0.6557031283550074,-0.00052764,5.573485475132074,0.0018549,0,1.0
1089,0.02132632071472007,0.1411254473738724,0.00043068,0.8719611650083201,3.0023031448610418,59.58096206167656,0.5339017083921984,47.149688796470144,0.08613346713151913,-48.01261104186365,-0.2562069914769774,-5.387464901638891,-0.30694249824025854,-31.82750024915297,-0.055020528572734165,0.7531229275908522,-0.00052764,4.492311960551639,0.0018549,0,1.0
1090,1.170065712525961,0.528519000087389,0.00043068,0.8719611650083201,3.0023031448610418,0.017469469263401677,0.5339017083921984,23.522248093220586,0.08613346713151913,-26.16328532054015,-0.2562069914769774,-51.207209313630166,-0.30694249824025854,29.291894231164086,-0.055020528572734165,0.26930119604829383,-0.00052764,1.988019656878533,0.0018549,0,1.0
1091,0.46060411867666695,0.1437217965960818,0.00043068,0.8719611650083201,3.0023031448610418,34.14442368465377,0.5339017083921984,37.191030423238104,0.08613346713151913,-31.749148736051797,-0.2562069914769774,-40.60480351955323,-0.30694249824025854,-7.463263578256581,-0.055020528572734165,0.3535994887117351,-0.00052764,3.301996466181735,0.0018549,0,1.0
1092,0.002892152260365155,0.14557133327367797,0.00043068,0.8719611650083201,3.0023031448610418,31.615564754042328,0.5339017083921984,14.498537044383395,0.08613346713151913,-18.225403702463286,-0.2562069914769774,22.081403224884475,-0.30694249824025854,-20.452577160419246,-0.055020528572734165,0.6761628353456737,-0.00052764,2.2155102848408212,0.0018549,0,1.0
1093,0.15236102569371335,0.33476653227195236,0.00043068,0.8719611650083201,3.0023031448610418,59.199396970571385,0.5339017083921984,53.03166485673015,0.08613346713151913,-61.01177501799886,-0.2562069914769774,13.496290563539722,-0.30694249824025854,-28.828841460399246,-0.055020528572734165,1.0627757388359464,-0.00052764,4.649531955191217,0.0018549,0,1.0
1094,0.08311415206775963,0.08495595887739556,0.00043068,0.8719611650083201,3.0023031448610418,49.997831022990205,0.5339017083921984,55.448957273076935,0.08613346713151913,-68.19648283886744,-0.2562069914769774,-19.409684155170954,-0.30694249824025854,-15.509031973293403,-0.055020528572734165,0.2782437175119572,-0.00052764,4.52829918725573,0.0018549,0,1.0
1095,0.01075604776405159,0.04944845149678747,0.00043068,0.8719611650083201,3.0023031448610418,13.536837920525612,0.5339017083921984,17.26901235713332,0.08613346713151913,-48.98106213515273,-0.2562069914769774,52.31703483140268,-0.30694249824025854,0.6811981954542428,-0.055020528572734165,0.5671739227605894,-0.00052764,1.5568751738278628,0.0018549,0,1.0
1096,0.043804084007039945,0.08183037800856062,0.00043068,0.8719611650083201,3.0023031448610418,65.91757506229614,0.5339017083921984,42.917868086122155,0.08613346713151913,-21.251095643986183,-0.2562069914769774,-52.66913583873233,-0.30694249824025854,-39.36254606793211,-0.055020528572734165,0.43086526142166903,-0.00052764,4.711020040673453,0.0018549,0,1.0
1097,0.007681848314962769,0.11075913861634834,0.00043068,0.8719611650083201,3.0023031448610418,31.843001277892952,0.5339017083921984,35.06239649255222,0.08613346713151913,-46.06522129788473,-0.2562069914769774,10.71102838016951,-0.30694249824025854,-13.142213027092662,-0.055020528572734165,0.437802774978566,-0.00052764,2.6751148792486372,0.0018549,0,1.0
1098,0.188619369789241,0.3858599660851203,0.00043068,0.8719611650083201,3.0023031448610418,54.44341184429385,0.5339017083921984,34.89681115581617,0.08613346713151913,-17.00031681946232,-0.2562069914769774,-2.518939277457911,-0.30694249824025854,-37.682518747605336,-0.055020528572734165,1.148941733222634,-0.00052764,3.5265736817385105,0.0018549,0,1.0
1099,0.09276735712735573,0.05179047051914233,0.00043068,0.8719611650083201,3.0023031448610418,35.113693439491385,0.5339017083921984,40.806789921052946,0.08613346713151913,-55.32125237653846,-0.2562069914769774,-4.988503523619412,-0.30694249824025854,-8.815820689117956,-0.055020528572734165,0.2842787191429772,-0.00052764,3.3206805375473714,0.0018549,0,1.0
1100,0.20820541369856055,0.006649750290974448,0.00043068,1.9464841943037883,5.142739189835587,-69.96519480854408,0.5339017083921984,14.350240227106946,0.08613346713151913,-75.57452904217833,-0.2562069914769774,-40.719361566951996,-0.30694249824025854,73.71717644220743,-0.055020528572734165,-0.04345697637875575,-0.00052764,0.046947884176620956,0.0018549,1,1.0
1101,0.03949532789845113,0.012964282482170564,0.00043068,1.9464841943037883,5.142739189835587,-29.178320695182034,0.5339017083921984,8.46044595475883,0.08613346713151913,-78.28626025670522,-0.2562069914769774,37.44703773151255,-0.30694249824025854,46.078991358423366,-0.055020528572734165,-0.03355848096757383,-0.00052764,0.050832326935300653,0.0018549,1,1.0
1102,0.07971687783182498,0.005979400679975646,0.00043068,1.9464841943037883,5.142739189835587,-32.97923416991459,0.5339017083921984,4.324602162331363,0.08613346713151913,-48.49900147354603,-0.2562069914769774,-25.39231058210436,-0.30694249824025854,44.790442989620075,-0.055020528572734165,-0.042047756879635204,-0.00052764,0.041662598440320886,0.0018549,1,1.0
1103,0.08857115878942626,0.0018470686848630954,0.00043068,1.9464841943037883,5.142739189835587,-54.31241935501704,0.5339017083921984,7.4428755183406,0.08613346713151913,-71.84592275283345,-0.2562069914769774,43.059921927903794,-0.30694249824025854,54.714475188238765,-0.055020528572734165,-0.024564159701233615,-0.00052764,0.024165295951079656,0.0018549,1,1.0
1104,0.019963577909519026,0.0033474821123906096,0.00043068,1.9464841943037883,5.142739189835587,-21.529542220055855,0.5339017083921984,8.9217860171293,0.08613346713151913,-49.79522617851614,-0.2562069914769774,29.05942943607008,-0.30694249824025854,24.949868419838758,-0.055020528572734165,-0.029247320280282863,-0.00052764,0.030327523013179338,0.0018549,1,1.0
1105,0.08643480137569005,0.005391871817135663,0.00043068,1.9464841943037883,5.142739189835587,-26.34456605027893,0.5339017083921984,6.982853562102618,0.08613346713151913,-38.94709038154171,-0.2562069914769774,-19.278607240349643,-0.30694249824025854,33.464445331449,-0.055020528572734165,-0.020321166362169178,-0.00052764,0.028695842187633804,0.0018549,1,1.0
1106,0.14122445644401527,0.0063546944210532965,0.00043068,1.9464841943037883,5.142739189835587,-62.975134178270466,0.5339017083921984,1.3307185936502997,0.08613346713151913,-56.34062877622357,-0.2562069914769774,15.544971269489345,-0.30694249824025854,62.93020379523183,-0.055020528572734165,-0.027272910787652534,-0.00052764,0.028963822767097722,0.0018549,1,1.0
1107,0.14375915812832232,0.0023048096833150162,0.00043068,1.9464841943037883,5.142739189835587,-55.0919370448141,0.5339017083921984,8.533222953671272,0.08613346713151913,-61.07001392713029,-0.2562069914769774,-19.167005907744176,-0.30694249824025854,59.08775514517127,-0.055020528572734165,-0.03172024468238714,-0.00052764,0.031821343529018664,0.0018549,1,1.0
1108,0.13915461734839651,0.002458037782398903,0.00043068,1.9464841943037883,5.142739189835587,-33.580515002371264,0.5339017083921984,7.890034741278071,0.08613346713151913,-21.823513346774654,-0.2562069914769774,-60.95855497957008,-0.30694249824025854,33.52800092484646,-0.055020528572734165,-0.02515071781284475,-0.00052764,0.02505128301698498,0.0018549,1,1.0
1109,-8.353925101044213e-05,0.047823167637358735,0.00043068,1.9464841943037883,5.142739189835587,39.28456902678157,0.5339017083921984,4.28589706513041,0.08613346713151913,-7.970996569063366,-0.2562069914769774,87.1217581112765,-0.30694249824025854,-23.07422822134167,-0.055020528572734165,0.022326849316831304,-0.00052764,0.07293768909119862,0.0018549,0,1.0
1110,0.07826571075955396,0.006531944835754013,0.00043068,1.9464841943037883,5.142739189835587,-23.554169978666504,0.5339017083921984,8.896741133738251,0.08613346713151913,-39.44186444496697,-0.2562069914769774,-13.128939324591,-0.30694249824025854,29.17574347546921,-0.055020528572734165,-0.023052155470382682,-0.00052764,0.032095888371235275,0.0018549,1,1.0
1111,0.20051415760216046,0.03438405229039534,0.00043068,1.9464841943037883,5.142739189835587,-50.9778475752807,0.5339017083921984,4.420720079312869,0.08613346713151913,-65.80613992694792,-0.2562069914769774,-35.64910736986057,-0.30694249824025854,72.34681341303624,-0.055020528572734165,-0.039654040170541215,-0.00052764,0.07847648354715672,0.0018549,1,1.0
1112,-0.00039919765121933237,0.024767262251140048,0.00043068,1.9464841943037883,5.142739189835587,-11.602089112692626,0.5339017083921984,8.022867267570492,0.08613346713151913,-82.22579205449311,-0.2562069914769774,37.984137999628906,-0.30694249824025854,40.068869569854144,-0.055020528572734165,-0.04389673893826951,-0.00052764,0.07295448669480979,0.0018549,1,1.0
1113,0.011856584936986658,0.04552322602825046,0.00043068,1.9464841943037883,5.142739189835587,14.678209467841274,0.5339017083921984,21.289589401621257,0.08613346713151913,-70.90770002356867,-0.2562069914769774,36.059049652223145,-0.30694249824025854,10.168294904685702,-0.055020528572734165,-0.034361126911286455,-0.00052764,0.09372230014307739,0.0018549,1,1.0
1114,0.07653939821636406,0.008824948677201582,0.00043068,1.9464841943037883,5.142739189835587,-58.05249618892524,0.5339017083921984,-6.64712164546848,0.08613346713151913,-35.650400932315236,-0.2562069914769774,94.75412722453241,-0.30694249824025854,43.31052016933657,-0.055020528572734165,-0.030817426325821146,-0.00052764,0.029626221012890783,0.0018549,1,1.0
1115,0.10356896968361429,0.004072909845221678,0.00043068,1.9464841943037883,5.142739189835587,-40.401056920396606,0.5339017083921984,10.622910253628863,0.08613346713151913,-62.06166237262506,-0.2562069914769774,-20.40850220595343,-0.30694249824025854,49.337610584211866,-0.055020528572734165,-0.03846996200929611,-0.00052764,0.040343509256087616,0.0018549,1,1.0
1116,0.13127215316851382,0.004528849102102209,0.00043068,1.9464841943037883,5.142739189835587,-60.373891807320135,0.5339017083921984,2.408657939173307,0.08613346713151913,-57.709155367916196,-0.2562069914769774,16.99366187415496,-0.30694249824025854,60.65304415873099,-0.055020528572734165,-0.025070047439338553,-0.00052764,0.026015473127436576,0.0018549,1,1.0
1117,0.0910288184928838,0.008855693131842295,0.00043068,1.9464841943037883,5.142739189835587,-48.411275532180106,0.5339017083921984,-6.3188032286722935,0.08613346713151913,-21.13865527600258,-0.2562069914769774,46.051823045678375,-0.30694249824025854,37.98084454819555,-0.055020528572734165,-0.03022242628231671,-0.00052764,0.028986665876889896,0.0018549,1,1.0
1118,0.0023164672056558977,0.0062491225975196425,0.00043068,1.9464841943037883,5.142739189835587,-18.71642225518848,0.5339017083921984,10.402254914048891,0.08613346713151913,-55.072841324975904,-0.2562069914769774,45.33514224726874,-0.30694249824025854,22.111028282936168,-0.055020528572734165,-0.033849807499862335,-0.00052764,0.03702352282908813,0.0018549,1,1.0
1119,0.10721678941267127,0.001092952395891177,0.00043068,1.9464841943037883,5.142739189835587,-52.12523912204453,0.5339017083921984,3.9543759970663372,0.08613346713151913,-49.06709647513056,-0.2562069914769774,32.34211256543827,-0.30694249824025854,47.02916132354864,-0.055020528572734165,-0.008539694416543597,-0.00052764,0.009432414111431467,0.0018549,1,1.0
1120,0.08889260567018822,0.011876365086032327,0.00043068,1.9464841943037883,5.142739189835587,-26.685676530811694,0.5339017083921984,3.706254836870534,0.08613346713151913,-43.67583349379663,-0.2562069914769774,-34.745700987358774,-0.30694249824025854,42.46118536727872,-0.055020528572734165,-0.040445849216840996,-0.00052764,0.0506380487046877,0.0018549,1,1.0
1121,0.0011880147093610571,0.01370572997682367,0.00043068,1.9464841943037883,5.142739189835587,17.48401024373565,0.5339017083921984,5.742085298314059,0.08613346713151913,-20.93907124012007,-0.2562069914769774,-47.235087516898176,-0.30694249824025854,6.229830867426591,-0.055020528572734165,-0.02928816799326029,-0.00052764,0.049850414971838335,0.0018549,1,1.0
1122,0.0017581990488037547,0.039877100031239975,0.00043068,1.9464841943037883,5.142739189835587,35.1693777443574,0.5339017083921984,14.878017138746975,0.08613346713151913,-58.688632009946765,-0.2562069914769774,-29.093919773361932,-0.30694249824025854,10.801406035787481,-0.055020528572734165,-0.02814719636582165,-0.00052764,0.09617633288145121,0.0018549,1,1.0
1123,0.009601596199551213,0.0011009436034428665,0.00043068,1.9464841943037883,5.142739189835587,-16.239764063451645,0.5339017083921984,5.281303091894886,0.08613346713151913,-38.134075362082285,-0.2562069914769774,22.1899089831504,-0.30694249824025854,20.418047085586746,-0.055020528572734165,-0.019209157702214482,-0.00052764,0.019098773218302546,0.0018549,1,1.0
1124,0.0442659441709892,0.016581559866065458,0.00043068,1.9464841943037883,5.142739189835587,-10.481298149109756,0.5339017083921984,14.50110835588118,0.08613346713151913,-33.819557373131715,-0.2562069914769774,-13.454861951618016,-0.30694249824025854,12.06758970196395,-0.055020528572734165,-0.05422719469019545,-0.00052764,0.05842106064751185,0.0018549,1,1.0
1125,0.0713561127283725,0.01938230404476779,0.00043068,1.9464841943037883,5.142739189835587,-13.12027949089791,0.5339017083921984,11.711915871684948,0.08613346713151913,-16.44487674296658,-0.2562069914769774,-9.445308252923553,-0.30694249824025854,7.33976823328431,-0.055020528572734165,-0.05134733173369082,-0.00052764,0.06006344513158977,0.0018549,1,1.0
1126,0.007305498311392558,0.010069125951104844,0.00043068,1.9464841943037883,5.142739189835587,-27.354829758925526,0.5339017083921984,1.744426453696006,0.08613346713151913,-61.06433559076714,-0.2562069914769774,71.04806999775327,-0.30694249824025854,36.23671492581958,-0.055020528572734165,-0.023632310687674102,-0.00052764,0.03563739061524042,0.0018549,1,1.0
1127,0.12467593939475984,0.012444766994876816,0.00043068,1.9464841943037883,5.142739189835587,-38.96803834332405,0.5339017083921984,6.830771455971119,0.08613346713151913,-58.08490625836963,-0.2562069914769774,-27.803400767069675,-0.30694249824025854,53.63006805162007,-0.055020528572734165,-0.03473494331558615,-0.00052764,0.04969543345212842,0.0018549,1,1.0
1128,0.05443277603651625,0.006044922911888017,0.00043068,1.9464841943037883,5.142739189835587,-10.847938576651472,0.5339017083921984,10.006239724113899,0.08613346713151913,-21.02560095702267,-0.2562069914769774,-32.82355939141009,-0.30694249824025854,12.86284833760814,-0.055020528572734165,-0.036804710429617575,-0.00052764,0.03721817601608408,0.0018549,1,1.0
1129,0.05875477826544248,0.006607473165766338,0.00043068,1.9464841943037883,5.142739189835587,-43.05121567554631,0.5339017083921984,-0.14043369205189765,0.08613346713151913,-54.31099932138698,-0.2562069914769774,38.8850119901763,-0.30694249824025854,47.45296259010761,-0.055020528572734165,-0.034638668733085964,-0.00052764,0.034844871872222044,0.0018549,1,1.0
1130,0.01084766634610665,0.03952326514259527,0.00043068,1.9464841943037883,5.142739189835587,26.63822378821412,0.5339017083921984,11.538716317270522,0.08613346713151913,-28.67386244651485,-0.2562069914769774,47.03599784703605,-0.30694249824025854,-9.315632868745551,-0.055020528572734165,0.0015412855334794376,-0.00052764,0.06847635960307619,0.0018549,0,1.0
1131,0.018482254854107094,0.043291468805016234,0.00043068,1.9464841943037883,5.142739189835587,12.578010780323947,0.5339017083921984,23.102987359955986,0.08613346713151913,-95.05440204090839,-0.2562069914769774,2.0676140427942418,-0.30694249824025854,28.136749394288795,-0.055020528572734165,-0.04544012829572534,-0.00052764,0.10504048357065317,0.0018549,1,1.0
1132,0.0072849529896869825,0.021962530347890457,0.00043068,1.9464841943037883,5.142739189835587,13.144943542903949,0.5339017083921984,11.801395164155915,0.08613346713151913,-52.651419247606086,-0.2562069914769774,-40.701628577346305,-0.30694249824025854,19.583741329696334,-0.055020528572734165,-0.04342033607266006,-0.00052764,0.07290262033905286,0.0018549,1,1.0
1133,0.03945862176329118,0.00502550130797756,0.00043068,1.9464841943037883,5.142739189835587,-30.476368452755736,0.5339017083921984,11.763847009251453,0.08613346713151913,-71.14617796837823,-0.2562069914769774,18.24677449219253,-0.30694249824025854,40.43452803506378,-0.055020528572734165,-0.04151416065480112,-0.00052764,0.042816643119703963,0.0018549,1,1.0
1134,0.21661895899987132,0.016355042220753905,0.00043068,1.9464841943037883,5.142739189835587,-98.9643274650302,0.5339017083921984,8.283818695219342,0.08613346713151913,-61.54269536823287,-0.2562069914769774,89.46047412823503,-0.30694249824025854,66.64563110744909,-0.055020528572734165,-0.062445371531258426,-0.00052764,0.061884279074189835,0.0018549,1,1.0
1135,0.0761904807565142,0.003219484768379967,0.00043068,1.9464841943037883,5.142739189835587,-38.19726848484134,0.5339017083921984,4.374137470239971,0.08613346713151913,-52.56980598491023,-0.2562069914769774,3.723397679253414,-0.30694249824025854,45.10664988794274,-0.055020528572734165,-0.03052308870041569,-0.00052764,0.031008291663100224,0.0018549,1,1.0
1136,3.268951740806325e-05,0.008394513350454234,0.00043068,1.9464841943037883,5.142739189835587,2.8612276021277174,0.5339017083921984,10.18190288217973,0.08613346713151913,-38.71147527048373,-0.2562069914769774,-21.821428830132255,-0.30694249824025854,13.331880406650992,-0.055020528572734165,-0.03484907867102413,-0.00052764,0.0430924997689341,0.0018549,1,1.0
1137,-0.0017465087104936439,0.05518721989117072,0.00043068,1.9464841943037883,5.142739189835587,32.41183765263938,0.5339017083921984,14.097012258272875,0.08613346713151913,-82.34632415161946,-0.2562069914769774,41.97693005609979,-0.30694249824025854,18.36749310281788,-0.055020528572734165,-0.009725673351645668,-0.00052764,0.10818775592865054,0.0018549,1,1.0
1138,-0.003350803877193831,0.03775077214549193,0.00043068,1.9464841943037883,5.142739189835587,18.680751207558828,0.5339017083921984,14.462730996092185,0.08613346713151913,-67.35306599808042,-0.2562069914769774,-9.78701519988849,-0.30694249824025854,19.10354681179088,-0.055020528572734165,-0.03510940568395138,-0.00052764,0.08374143288336379,0.0018549,1,1.0
1139,0.07293908571053714,0.012014895831205786,0.00043068,1.9464841943037883,5.142739189835587,-33.74189376244611,0.5339017083921984,0.21542257570295206,0.08613346713151913,-45.764789239606486,-0.2562069914769774,3.136225613693754,-0.30694249824025854,44.290171949547556,-0.055020528572734165,-0.03998202425348505,-0.00052764,0.046888984260616835,0.0018549,1,1.0
1140,0.19853663088413498,0.004644250123761489,0.00043068,1.9464841943037883,5.142739189835587,-69.95303350497053,0.5339017083921984,0.37660978076122986,0.08613346713151913,-33.937247761752516,-0.2562069914769774,-12.109044691517179,-0.30694249824025854,60.59926988773691,-0.055020528572734165,-0.01056716000205224,-0.00052764,0.010299363999833926,0.0018549,1,1.0
1141,0.1172588802055633,0.003958136710046555,0.00043068,1.9464841943037883,5.142739189835587,-39.252330719906034,0.5339017083921984,10.767531757508419,0.08613346713151913,-47.37814947200134,-0.2562069914769774,-30.47995525814117,-0.30694249824025854,42.11818363177491,-0.055020528572734165,-0.0354033404230559,-0.00052764,0.03494686969077583,0.0018549,1,1.0
1142,0.0015122946781553903,0.026199942570307125,0.00043068,1.9464841943037883,5.142739189835587,-1.52777264443339,0.5339017083921984,20.751816621235882,0.08613346713151913,-67.76196276498042,-0.2562069914769774,-7.435523540900208,-0.30694249824025854,18.336715687025446,-0.055020528572734165,-0.06690279739398598,-0.00052764,0.07777738297776597,0.0018549,1,1.0
1143,0.10253285134222061,0.005811260546411118,0.00043068,1.9464841943037883,5.142739189835587,-43.61707174457297,0.5339017083921984,13.725311761868374,0.08613346713151913,-76.11032604186879,-0.2562069914769774,-18.48369834192535,-0.30694249824025854,54.964938963617435,-0.055020528572734165,-0.04960596182565648,-0.00052764,0.05047779165090413,0.0018549,1,1.0
1144,0.0584945153093284,0.003077087809047471,0.00043068,1.9464841943037883,5.142739189835587,-33.24635932985875,0.5339017083921984,7.344637280730224,0.08613346713151913,-40.78990785872837,-0.2562069914769774,34.29464338609929,-0.30694249824025854,27.599495140781222,-0.055020528572734165,-0.028042416079764695,-0.00052764,0.027884297076375374,0.0018549,1,1.0
1145,0.036694667930797474,0.00675370765934751,0.00043068,1.9464841943037883,5.142739189835587,-38.18515705135944,0.5339017083921984,-3.1892209009682944,0.08613346713151913,-37.89713044038289,-0.2562069914769774,61.35713829454444,-0.30694249824025854,34.93358472228707,-0.055020528572734165,-0.024545223971330826,-0.00052764,0.02293100993902946,0.0018549,1,1.0
1146,0.10896369259583238,0.0036276631785430217,0.00043068,1.9464841943037883,5.142739189835587,-43.52491655901436,0.5339017083921984,-2.6022752071614454,0.08613346713151913,-6.185175620964476,-0.2562069914769774,33.97716108804542,-0.30694249824025854,25.731449863489104,-0.055020528572734165,-0.025912808469438123,-0.00052764,0.026346700999747882,0.0018549,1,1.0
1147,0.12272358185678602,0.012482592381566947,0.00043068,1.9464841943037883,5.142739189835587,-57.94016135289911,0.5339017083921984,8.911263803858457,0.08613346713151913,-89.7108352244337,-0.2562069914769774,33.48676157370925,-0.30694249824025854,69.09649424326693,-0.055020528572734165,-0.031312714717926085,-0.00052764,0.047938850642769426,0.0018549,1,1.0
1148,0.038239906552815284,0.017517100498434926,0.00043068,1.9464841943037883,5.142739189835587,-19.86695485281637,0.5339017083921984,12.782414598775201,0.08613346713151913,-41.191497846294595,-0.2562069914769774,-0.7609910484708203,-0.30694249824025854,19.60477513332807,-0.055020528572734165,-0.05144224760185353,-0.00052764,0.0464392568152095,0.0018549,1,1.0
1149,0.05245907692089764,0.004574923182723897,0.00043068,1.9464841943037883,5.142739189835587,-33.827716251889896,0.5339017083921984,11.161827317841178,0.08613346713151913,-69.02589624234231,-0.2562069914769774,10.846508695232119,-0.30694249824025854,42.88339931543147,-0.055020528572734165,-0.04103361798653161,-0.00052764,0.04054936693090617,0.0018549,1,1.0
1150,0.014384039612637928,0.03266883284080576,0.00043068,1.9464841943037883,5.142739189835587,13.311644902297598,0.5339017083921984,7.964067701260925,0.08613346713151913,-52.09532190613018,-0.2562069914769774,51.08006148783577,-0.30694249824025854,13.398525964828195,-0.055020528572734165,0.008922524504603499,-0.00052764,0.05825418632178449,0.0018549,0,1.0
1151,0.0007933944987104091,0.006892577467999617,0.00043068,1.9464841943037883,5.142739189835587,-3.924645796261466,0.5339017083921984,6.35848704848415,0.08613346713151913,-38.38642175371558,-0.2562069914769774,7.298363200312202,-0.30694249824025854,16.435366485920138,-0.055020528572734165,-0.021600734088317204,-0.00052764,0.03203588469074375,0.0018549,1,1.0
1152,0.06533537046266519,0.0073794951477254705,0.00043068,1.9464841943037883,5.142739189835587,-24.01840570743485,0.5339017083921984,7.42259735640287,0.08613346713151913,-22.33951585299073,-0.2562069914769774,15.42432685759893,-0.30694249824025854,16.06835895901548,-0.055020528572734165,-0.03540042359254686,-0.00052764,0.03824050543066829,0.0018549,1,1.0
1153,0.04650340540710078,0.0036513971006693216,0.00043068,1.9464841943037883,5.142739189835587,-21.60647405554192,0.5339017083921984,5.890805025745102,0.08613346713151913,-25.486947807026286,-0.2562069914769774,10.866406849118139,-0.30694249824025854,18.04615284197109,-0.055020528572734165,-0.0233396911448188,-0.00052764,0.022247570516386185,0.0018549,1,1.0
1154,0.023283564454570693,0.026645707478489385,0.00043068,1.9464841943037883,5.142739189835587,0.8486230499158265,0.5339017083921984,22.75889915088308,0.08613346713151913,-59.63771432094738,-0.2562069914769774,-63.78062525811098,-0.30694249824025854,18.746186451017195,-0.055020528572734165,-0.08151922550241837,-0.00052764,0.08301178537267985,0.0018549,1,1.0
1155,0.14953077422456468,0.0034437460071678693,0.00043068,1.9464841943037883,5.142739189835587,-59.10939904592491,0.5339017083921984,9.679830053351195,0.08613346713151913,-54.690215239921976,-0.2562069914769774,7.472187689312605,-0.30694249824025854,52.35566236991387,-0.055020528572734165,-0.03077174891096485,-0.00052764,0.030961706113962918,0.0018549,1,1.0
1156,0.20636045528797958,0.003988925786901664,0.00043068,1.9464841943037883,5.142739189835587,-68.80003947174066,0.5339017083921984,6.997048111913532,0.08613346713151913,-40.83158541066928,-0.2562069914769774,-16.25873091365957,-0.30694249824025854,57.69942296268398,-0.055020528572734165,-0.021230714532999087,-0.00052764,0.022415735605655233,0.0018549,1,1.0
1157,0.07823035694587158,0.0019862559411607133,0.00043068,1.9464841943037883,5.142739189835587,-36.2615147183103,0.5339017083921984,2.5526731529834534,0.08613346713151913,-30.03085768732557,-0.2562069914769774,18.3088715171931,-0.30694249824025854,31.235564608222745,-0.055020528572734165,-0.006184462014503744,-0.00052764,0.005318289625079457,0.0018549,1,1.0
1158,0.0017243517849213352,0.023754658370547032,0.00043068,1.9464841943037883,5.142739189835587,5.278066051879541,0.5339017083921984,4.579451032389648,0.08613346713151913,-46.44095885255039,-0.2562069914769774,42.576743211705256,-0.30694249824025854,16.470015374504836,-0.055020528572734165,-0.0070969561823774965,-0.00052764,0.05159015527428075,0.0018549,1,1.0
1159,0.0025338234025028272,0.007609167939353985,0.00043068,1.9464841943037883,5.142739189835587,-9.873570731539543,0.5339017083921984,11.644686301922311,0.08613346713151913,-58.219797128124235,-0.2562069914769774,0.7178893446721999,-0.30694249824025854,25.120014063481484,-0.055020528572734165,-0.042242215782113714,-0.00052764,0.04655114766959533,0.0018549,1,1.0
1160,0.046987140451390554,0.0035636040628388072,0.00043068,1.9464841943037883,5.142739189835587,-22.340576641351472,0.5339017083921984,0.7337976548923083,0.08613346713151913,-29.416442007442562,-0.2562069914769774,-2.5713304245733917,-0.30694249824025854,28.51924593477703,-0.055020528572734165,-0.02577012405395382,-0.00052764,0.027018287860233053,0.0018549,1,1.0
1161,0.10087956474469215,0.0006890628752232526,0.00043068,1.9464841943037883,5.142739189835587,-43.49613728672053,0.5339017083921984,2.7290729051529388,0.08613346713151913,-32.41597521575451,-0.2562069914769774,19.196692037379776,-0.30694249824025854,36.56733805468572,-0.055020528572734165,-0.006303256463831643,-0.00052764,0.0064558793054121585,0.0018549,1,1.0
1162,0.12762631360012044,0.008129284738041146,0.00043068,1.9464841943037883,5.142739189835587,-63.6614021329303,0.5339017083921984,2.5158543903277835,0.08613346713151913,-62.926117081427776,-0.2562069914769774,66.0376428400813,-0.30694249824025854,58.60118532886194,-0.055020528572734165,-0.0012274505829331485,-0.00052764,0.01333155057741428,0.0018549,1,1.0
1163,0.14851330019714917,0.005598982249467217,0.00043068,1.9464841943037883,5.142739189835587,-52.84013181405033,0.5339017083921984,1.4558310862259611,0.08613346713151913,-33.888734199880695,-0.2562069914769774,4.499986871815881,-0.30694249824025854,47.695479707293046,-0.055020528572734165,-0.003171766067891571,-0.00052764,0.009934120780674502,0.0018549,1,1.0
1164,0.05909038068761064,0.014418351532141147,0.00043068,1.9464841943037883,5.142739189835587,-25.756577440775445,0.5339017083921984,5.535828727305902,0.08613346713151913,-54.67720489680935,-0.2562069914769774,-43.68559911175779,-0.30694249824025854,45.320496335708775,-0.055020528572734165,-0.06050040155423571,-0.00052764,0.057722251779734834,0.0018549,1,1.0
1165,0.15853624397351226,0.0028172725630360817,0.00043068,1.9464841943037883,5.142739189835587,-73.14266860377998,0.5339017083921984,8.718271738761596,0.08613346713151913,-67.2441757089668,-0.2562069914769774,42.14186306940326,-0.30694249824025854,62.27206825339081,-0.055020528572734165,-0.02720328268340941,-0.00052764,0.02738744124683878,0.0018549,1,1.0
1166,0.010499329967123952,0.025235279108479523,0.00043068,1.9464841943037883,5.142739189835587,16.008563126624463,0.5339017083921984,8.073630174887318,0.08613346713151913,-41.40295527315711,-0.2562069914769774,1.4998507324062145,-0.30694249824025854,11.442924960259669,-0.055020528572734165,-0.011396508072128556,-0.00052764,0.05899319243811968,0.0018549,1,1.0
1167,0.20018436911692578,0.0034986039896948043,0.00043068,1.9464841943037883,5.142739189835587,-88.00695494389105,0.5339017083921984,6.597556080962736,0.08613346713151913,-80.58095079838776,-0.2562069914769774,25.93611113711072,-0.30694249824025854,83.13844512059292,-0.055020528572734165,-0.020403639939330215,-0.00052764,0.021558704227829916,0.0018549,1,1.0
1168,0.15710519427382597,0.01628638747070891,0.00043068,1.9464841943037883,5.142739189835587,-41.62924897937691,0.5339017083921984,12.164631983419106,0.08613346713151913,-67.4738296137593,-0.2562069914769774,-31.74805917148108,-0.30694249824025854,57.04556878587848,-0.055020528572734165,-0.028708401183861833,-0.00052764,0.05443501684822,0.0018549,1,1.0
1169,0.023067013131797504,0.008488393449415179,0.00043068,1.9464841943037883,5.142739189835587,-21.62422827713888,0.5339017083921984,1.301572582421309,0.08613346713151913,-46.12268684985086,-0.2562069914769774,14.608145418401104,-0.30694249824025854,33.83413877336458,-0.055020528572734165,-0.03844127199942833,-0.00052764,0.04246164849804947,0.0018549,1,1.0
1170,0.0011295099665977696,0.05552881237723092,0.00043068,1.9464841943037883,5.142739189835587,52.89372553091712,0.5339017083921984,1.085610549239124,0.08613346713151913,-12.50436104862493,-0.2562069914769774,-62.55923256525329,-0.30694249824025854,-2.746660594636654,-0.055020528572734165,-0.04115689303217197,-0.00052764,0.11761488524822537,0.0018549,1,1.0
1171,0.001701535956763256,0.03485787490575059,0.00043068,1.9464841943037883,5.142739189835587,29.825852408879364,0.5339017083921984,16.724644389454056,0.08613346713151913,-43.07894688759194,-0.2562069914769774,-13.923569135248641,-0.30694249824025854,-1.1439276649869752,-0.055020528572734165,-0.023243509110927606,-0.00052764,0.0764367082081762,0.0018549,1,1.0
1172,0.11385800970005458,0.007945970120285745,0.00043068,1.9464841943037883,5.142739189835587,-51.65095620519995,0.5339017083921984,6.980402620894576,0.08613346713151913,-42.73324198041745,-0.2562069914769774,27.06602834861484,-0.30694249824025854,40.54575972217815,-0.055020528572734165,-0.030049754001036592,-0.00052764,0.026803537454374797,0.0018549,1,1.0
1173,0.0694663495459415,0.006031959459817413,0.00043068,1.9464841943037883,5.142739189835587,-16.26777725970661,0.5339017083921984,12.922348487751698,0.08613346713151913,-45.71920753267764,-0.2562069914769774,-62.23044570067012,-0.30694249824025854,31.05160058361959,-0.055020528572734165,-0.049359322763246366,-0.00052764,0.04938811713065762,0.0018549,1,1.0
1174,0.020784896447748363,0.001257515609450637,0.00043068,1.9464841943037883,5.142739189835587,-23.348802642560056,0.5339017083921984,5.883864921718096,0.08613346713151913,-41.92770533643106,-0.2562069914769774,38.7180525986151,-0.30694249824025854,23.23586569274308,-0.055020528572734165,-0.01862577278243168,-0.00052764,0.019090389454155796,0.0018549,1,1.0
1175,0.08402833746662113,0.004131442932136769,0.00043068,1.9464841943037883,5.142739189835587,-28.91768647254476,0.5339017083921984,7.925675176214741,0.08613346713151913,-27.28579805963329,-0.2562069914769774,-3.899584306199439,-0.30694249824025854,23.933325574934326,-0.055020528572734165,-0.03090695308176733,-0.00052764,0.031159361744352285,0.0018549,1,1.0
1176,0.08918113029838735,0.008492754393313375,0.00043068,1.9464841943037883,5.142739189835587,-24.96469610624421,0.5339017083921984,14.289158135907638,0.08613346713151913,-52.41807646626852,-0.2562069914769774,-44.46289741125731,-0.30694249824025854,35.8090812905784,-0.055020528572734165,-0.04721918177492028,-0.00052764,0.05080396106314421,0.0018549,1,1.0
1177,0.19170620511743733,0.0044529040564071035,0.00043068,1.9464841943037883,5.142739189835587,-75.60179030854387,0.5339017083921984,0.4904598941190669,0.08613346713151913,-34.22133543761733,-0.2562069914769774,28.468577151367523,-0.30694249824025854,56.99730068127113,-0.055020528572734165,-0.016121943302088573,-0.00052764,0.015808129334506187,0.0018549,1,1.0
1178,-9.654738446585043e-05,0.047223694523056074,0.00043068,1.9464841943037883,5.142739189835587,60.969244377614814,0.5339017083921984,13.789413729988654,0.08613346713151913,-27.063467084642085,-0.2562069914769774,-30.000687077707617,-0.30694249824025854,-15.552492133561287,-0.055020528572734165,0.0075207483919442625,-0.00052764,0.08707371268100252,0.0018549,0,1.0
1179,0.13945007492413677,0.005195709063873705,0.00043068,1.9464841943037883,5.142739189835587,-38.40588061163532,0.5339017083921984,12.901855364270075,0.08613346713151913,-55.032287799568195,-0.2562069914769774,-74.99235388414155,-0.30694249824025854,51.18558707353119,-0.055020528572734165,-0.049665242426972976,-0.00052764,0.04985076748219109,0.0018549,1,1.0
1180,-0.0005100814672402004,0.005557302312872233,0.00043068,1.9464841943037883,5.142739189835587,5.39143846599411,0.5339017083921984,6.799935575586749,0.08613346713151913,-26.982421197756953,-0.2562069914769774,-46.89510267549546,-0.30694249824025854,12.320296702437473,-0.055020528572734165,-0.03888084905199862,-0.00052764,0.040172592926721026,0.0018549,1,1.0
1181,0.08073803366367602,0.002225353673717087,0.00043068,1.9464841943037883,5.142739189835587,-43.58115321166113,0.5339017083921984,-2.186494598251931,0.08613346713151913,-26.57435614587668,-0.2562069914769774,46.90080784808504,-0.30694249824025854,33.88718761676721,-0.055020528572734165,-0.012471148115699287,-0.00052764,0.012891464807026477,0.0018549,1,1.0
1182,0.017440777697759154,0.008785291118331597,0.00043068,1.9464841943037883,5.142739189835587,-11.785730391112585,0.5339017083921984,3.630051676252848,0.08613346713151913,-43.106445792284894,-0.2562069914769774,-7.852975031430529,-0.30694249824025854,28.296700380870604,-0.055020528572734165,-0.03918343861506047,-0.00052764,0.04558691356442817,0.0018549,1,1.0
1183,0.03279079161550278,0.004549694306419904,0.00043068,1.9464841943037883,5.142739189835587,-26.517279111684363,0.5339017083921984,4.411129660354636,0.08613346713151913,-30.882054150709592,-0.2562069914769774,42.23630043326032,-0.30694249824025854,19.7892053829489,-0.055020528572734165,-0.02104411941023792,-0.00052764,0.01906802003792385,0.0018549,1,1.0
1184,0.08189543520886902,0.004278007588563464,0.00043068,1.9464841943037883,5.142739189835587,-31.485116540588614,0.5339017083921984,6.2610252898570895,0.08613346713151913,-49.10311152937147,-0.2562069914769774,-23.88519191010755,-0.30694249824025854,42.37298027368848,-0.055020528572734165,-0.03540434790972897,-0.00052764,0.03746972418086527,0.0018549,1,1.0
1185,0.002150619995891001,0.026522031053079334,0.00043068,1.9464841943037883,5.142739189835587,26.174468921416874,0.5339017083921984,11.756736519459265,0.08613346713151913,-36.13832641366699,-0.2562069914769774,-16.291416232428748,-0.30694249824025854,2.0101210575045743,-0.055020528572734165,-0.01351510862863925,-0.00052764,0.06143730498202743,0.0018549,1,1.0
1186,0.1792046279944805,0.002590651875308123,0.00043068,1.9464841943037883,5.142739189835587,-45.141713275450485,0.5339017083921984,6.065999527333547,0.08613346713151913,-18.403652912919902,-0.2562069914769774,-66.21045641091523,-0.30694249824025854,41.24202662989656,-0.055020528572734165,-0.01754590093361777,-0.00052764,0.017215950845860195,0.0018549,1,1.0
1187,0.0859196336355916,0.004487255441871653,0.00043068,1.9464841943037883,5.142739189835587,-43.661648289719786,0.5339017083921984,7.305540671737349,0.08613346713151913,-67.89633691229344,-0.2562069914769774,1.679413169941649,-0.30694249824025854,53.81114311880165,-0.055020528572734165,-0.03931576974562703,-0.00052764,0.040245097400985086,0.0018549,1,1.0
1188,0.05117948028937228,0.00144830496246109,0.00043068,1.9464841943037883,5.142739189835587,-27.906190672037507,0.5339017083921984,7.0617934885884734,0.08613346713151913,-45.43295648306692,-0.2562069914769774,11.09863600181659,-0.30694249824025854,31.269630311341015,-0.055020528572734165,-0.02344018791027895,-0.00052764,0.023872271857495783,0.0018549,1,1.0
1189,0.06324298155517658,0.008076333254617062,0.00043068,1.9464841943037883,5.142739189835587,-40.39707882417895,0.5339017083921984,-0.707438832527307,0.08613346713151913,-48.672482159317745,-0.2562069914769774,35.87239799596393,-0.30694249824025854,44.56012267935092,-0.055020528572734165,-0.03131423062655269,-0.00052764,0.0349508591011722,0.0018549,1,1.0
1190,0.0024297821623747162,0.004335720117630718,0.00043068,1.9464841943037883,5.142739189835587,-4.765483623562656,0.5339017083921984,6.974746364039067,0.08613346713151913,-39.97738529094356,-0.2562069914769774,-19.74581389431077,-0.30694249824025854,20.31411430264313,-0.055020528572734165,-0.03759572633481846,-0.00052764,0.038881577329863956,0.0018549,1,1.0
1191,0.16894044050544355,0.003551955416147947,0.00043068,1.9464841943037883,5.142739189835587,-77.54275284729945,0.5339017083921984,7.614794060155406,0.08613346713151913,-83.54641852312278,-0.2562069914769774,17.02118732326506,-0.30694249824025854,78.88936808079832,-0.055020528572734165,-0.03195320625894791,-0.00052764,0.03212923295724055,0.0018549,1,1.0
1192,0.0035489334277545026,0.009161113354282352,0.00043068,1.9464841943037883,5.142739189835587,-14.637998409114637,0.5339017083921984,11.763910833107731,0.08613346713151913,-53.82247622866516,-0.2562069914769774,12.305071899886084,-0.30694249824025854,22.47659603698668,-0.055020528572734165,-0.04284978658772644,-0.00052764,0.0407590168776166,0.0018549,1,1.0
1193,0.0017130925174134726,0.01924693204862963,0.00043068,1.9464841943037883,5.142739189835587,1.4299820625660076,0.5339017083921984,14.965916755376636,0.08613346713151913,-69.69921317807123,-0.2562069914769774,-13.630921738877738,-0.30694249824025854,26.28031866394118,-0.055020528572734165,-0.048513108041377345,-0.00052764,0.06982327123890067,0.0018549,1,1.0
1194,0.002834934781565712,0.03285575686388491,0.00043068,1.9464841943037883,5.142739189835587,26.241625132147238,0.5339017083921984,16.086678926110167,0.08613346713151913,-50.58459372451495,-0.2562069914769774,-11.038600461664105,-0.30694249824025854,5.120210374882594,-0.055020528572734165,-0.02252424400616823,-0.00052764,0.07595242273213718,0.0018549,1,1.0
1195,0.08497923824798773,0.010772199089798203,0.00043068,1.9464841943037883,5.142739189835587,-32.389964186639965,0.5339017083921984,-2.7818664504756154,0.08613346713151913,-20.137187753913064,-0.2562069914769774,34.049499083861434,-0.30694249824025854,28.995021757530466,-0.055020528572734165,-0.011478427699486649,-0.00052764,0.026190531308400412,0.0018549,1,1.0
1196,0.05247650190302766,0.03539006190804104,0.00043068,1.9464841943037883,5.142739189835587,19.187841194103523,0.5339017083921984,17.538231614887614,0.08613346713151913,-52.66175956325587,-0.2562069914769774,-39.29303151839622,-0.30694249824025854,14.423266565832677,-0.055020528572734165,-0.024875722686440227,-0.00052764,0.08289082733147185,0.0018549,1,1.0
1197,0.007672231050070977,0.003731598230113005,0.00043068,1.9464841943037883,5.142739189835587,-17.752958334531392,0.5339017083921984,6.6122941942013895,0.08613346713151913,-54.15225328066714,-0.2562069914769774,13.448039475055461,-0.30694249824025854,30.041422056827546,-0.055020528572734165,-0.03500612271766414,-0.00052764,0.0358561235795323,0.0018549,1,1.0
1198,0.0013860273725261885,0.009994654207128195,0.00043068,1.9464841943037883,5.142739189835587,7.480484609938348,0.5339017083921984,11.266089551738384,0.08613346713151913,-41.869763195637084,-0.2562069914769774,-61.22975506554982,-0.30694249824025854,17.34419273832714,-0.055020528572734165,-0.05310879612848048,-0.00052764,0.057734239586158066,0.0018549,1,1.0
1199,0.0086373864095097,0.05027906122213665,0.00043068,1.9464841943037883,5.142739189835587,52.56601116586252,0.5339017083921984,12.413635123237556,0.08613346713151913,-43.35126977938703,-0.2562069914769774,-77.98552083810758,-0.30694249824025854,5.242699293215695,-0.055020528572734165,-0.03877610489686907,-0.00052764,0.11848359136283314,0.0018549,1,1.0
1200,0.11498968208073815,0.0028367839433005608,0.00043068,0.9287244942797835,7.711917279670906,-31.402296557528388,0.5339017083921984,16.829928560430588,0.08613346713151913,-22.684673620555724,-0.2562069914769774,96.69605865838047,-0.30694249824025854,28.132989446651376,-0.055020528572734165,-0.022410527805535364,-0.00052764,0.022383407179417027,0.0018549,1,1.0
1201,0.10966991316753905,0.0018436038104750522,0.00043068,0.9287244942797835,7.711917279670906,-36.62870667813664,0.5339017083921984,13.355607479037007,0.08613346713151913,-27.68723659963911,-0.2562069914769774,49.81246925695304,-0.30694249824025854,34.204625462006916,-0.055020528572734165,-0.01595651238965211,-0.00052764,0.015708170284915383,0.0018549,1,1.0
1202,0.09768599705198747,0.006483126676345051,0.00043068,0.9287244942797835,7.711917279670906,-26.24005426358709,0.5339017083921984,23.577800691785836,0.08613346713151913,-25.417268978199118,-0.2562069914769774,26.686644186894622,-0.30694249824025854,25.37375013825007,-0.055020528572734165,-0.015828238612709655,-0.00052764,0.023621644162797502,0.0018549,1,1.0
1203,0.08652788506914076,0.0020645511209372207,0.00043068,0.9287244942797835,7.711917279670906,-48.960927710888576,0.5339017083921984,-0.09309627013992361,0.08613346713151913,-51.64822749751866,-0.2562069914769774,37.13658842342663,-0.30694249824025854,48.34914982689392,-0.055020528572734165,-0.00552703714816843,-0.00052764,0.005412769785852255,0.0018549,1,1.0
1204,0.0812421356855605,0.0006382049793263371,0.00043068,0.9287244942797835,7.711917279670906,-35.63473791905974,0.5339017083921984,9.712276464155355,0.08613346713151913,-39.340050750862304,-0.2562069914769774,54.58274105339116,-0.30694249824025854,34.31188570665308,-0.055020528572734165,-0.008619661803910442,-0.00052764,0.0087767221727801,0.0018549,1,1.0
1205,0.043580076920922986,0.015025253347053775,0.00043068,0.9287244942797835,7.711917279670906,-5.880832007603655,0.5339017083921984,42.18908729488336,0.08613346713151913,-35.125580542298536,-0.2562069914769774,32.01029275401793,-0.30694249824025854,6.285758174488408,-0.055020528572734165,-0.029693177402360285,-0.00052764,0.03987261348126489,0.0018549,1,1.0
1206,0.09264953295002633,0.005504913427222792,0.00043068,0.9287244942797835,7.711917279670906,-23.489426357402085,0.5339017083921984,30.962744236002564,0.08613346713151913,-22.758827417047215,-0.2562069914769774,3.5567750482494773,-0.30694249824025854,21.282480097892023,-0.055020528572734165,-0.028512326228875458,-0.00052764,0.028436781276818715,0.0018549,1,1.0
1207,0.0741800699003231,0.0005246986326086382,0.00043068,0.9287244942797835,7.711917279670906,-50.44949148789444,0.5339017083921984,10.804049310620318,0.08613346713151913,-69.20584365246744,-0.2562069914769774,12.702836189248906,-0.30694249824025854,50.62039675666128,-0.055020528572734165,-0.0037956682713991517,-0.00052764,0.00378595490041698,0.0018549,1,1.0
1208,0.03841093282474741,0.0015779601255824017,0.00043068,0.9287244942797835,7.711917279670906,-36.49704864038498,0.5339017083921984,20.003305240998973,0.08613346713151913,-72.34446366280669,-0.2562069914769774,17.57016043759524,-0.30694249824025854,37.61903978117005,-0.055020528572734165,-0.011743213316857638,-0.00052764,0.014088468834804137,0.0018549,1,1.0
1209,0.1015418193374737,0.0014560620707148313,0.00043068,0.9287244942797835,7.711917279670906,-38.43296338778634,0.5339017083921984,20.563634249489972,0.08613346713151913,-35.21330210889283,-0.2562069914769774,-20.905021571082937,-0.30694249824025854,37.05593792371519,-0.055020528572734165,-0.016037738984336997,-0.00052764,0.01623654133619582,0.0018549,1,1.0
1210,0.050633379705662444,0.0027762864927782472,0.00043068,0.9287244942797835,7.711917279670906,-25.897914415889883,0.5339017083921984,28.262038931188982,0.08613346713151913,-49.23131060717099,-0.2562069914769774,3.35777686017225,-0.30694249824025854,25.560919680058152,-0.055020528572734165,-0.02134138155541214,-0.00052764,0.021574525003966942,0.0018549,1,1.0
1211,0.060819554122549184,0.0006067640573280852,0.00043068,0.9287244942797835,7.711917279670906,-28.126960234412046,0.5339017083921984,10.60327138798934,0.08613346713151913,-33.11582936389288,-0.2562069914769774,16.678111801990575,-0.30694249824025854,27.514494557974324,-0.055020528572734165,-0.006865160293592963,-0.00052764,0.007528037984708972,0.0018549,1,1.0
1212,0.08374565314167266,0.0012648984587670781,0.00043068,0.9287244942797835,7.711917279670906,-27.656543292083825,0.5339017083921984,16.694884591888197,0.08613346713151913,-18.742362527260855,-0.2562069914769774,-34.574462227330265,-0.30694249824025854,26.342819260753746,-0.055020528572734165,-0.014152298199465643,-0.00052764,0.014053929047803351,0.0018549,1,1.0
1213,0.044972324228720675,0.00048445686567402094,0.00043068,0.9287244942797835,7.711917279670906,-23.47518380820432,0.5339017083921984,11.901848444318135,0.08613346713151913,-31.91874052509446,-0.2562069914769774,-3.198818464411493,-0.30694249824025854,23.314476093054072,-0.055020528572734165,-0.007380171031312233,-0.00052764,0.007908747775971562,0.0018549,1,1.0
1214,0.028116680382519882,0.00016010396011382138,0.00043068,0.9287244942797835,7.711917279670906,-14.768465405537713,0.5339017083921984,1.1036083427102699,0.08613346713151913,-15.858667985029165,-0.2562069914769774,14.669029814207473,-0.30694249824025854,14.48118113377738,-0.055020528572734165,-0.0013487173662097998,-0.00052764,0.0013269454075810754,0.0018549,1,1.0
1215,0.19436093245707745,0.00645249965173458,0.00043068,0.9287244942797835,7.711917279670906,-62.19743538761951,0.5339017083921984,4.453393480128634,0.08613346713151913,-24.298929226625024,-0.2562069914769774,52.91504616339001,-0.30694249824025854,58.79217740086988,-0.055020528572734165,-0.017393854598096895,-0.00052764,0.0210492904290359,0.0018549,1,1.0
1216,0.05510654325371972,0.0001707921811425219,0.00043068,0.9287244942797835,7.711917279670906,-37.106519754265015,0.5339017083921984,11.86058872447992,0.08613346713151913,-54.06041321816784,-0.2562069914769774,7.853602354217382,-0.30694249824025854,37.22065989907935,-0.055020528572734165,-0.005899005885421994,-0.00052764,0.0058861270497647345,0.0018549,1,1.0
1217,0.20892824222773693,0.0038177113483751574,0.00043068,0.9287244942797835,7.711917279670906,-73.47085701361374,0.5339017083921984,22.207175628979655,0.08613346713151913,-44.09000349085724,-0.2562069914769774,-27.013076976993997,-0.30694249824025854,70.06599270315151,-0.055020528572734165,-0.022322385607171806,-0.00052764,0.022229256452883102,0.0018549,1,1.0
1218,0.13070904802379607,0.0017133241442685392,0.00043068,0.9287244942797835,7.711917279670906,-56.38637962326755,0.5339017083921984,16.094904617869354,0.08613346713151913,-58.91744212069199,-0.2562069914769774,63.15620533340998,-0.30694249824025854,54.29036021655825,-0.055020528572734165,-0.014122485207009587,-0.00052764,0.013908898046984017,0.0018549,1,1.0
1219,0.06532234798710179,0.00045686645685575516,0.00043068,0.9287244942797835,7.711917279670906,-43.74841996071834,0.5339017083921984,13.520078576969992,0.08613346713151913,-67.43184096377149,-0.2562069914769774,49.91933004169706,-0.30694249824025854,43.54096361930781,-0.055020528572734165,-0.006820657884550444,-0.00052764,0.006671658137612354,0.0018549,1,1.0
1220,0.000575766075486317,0.015028231899253243,0.00043068,0.9287244942797835,7.711917279670906,2.5046303751573396,0.5339017083921984,48.61080185198377,0.08613346713151913,-33.288709215908774,-0.2562069914769774,-62.797177094364855,-0.30694249824025854,-2.133249697331136,-0.055020528572734165,-0.04092286771270126,-0.00052764,0.04136327762309858,0.0018549,1,1.0
1221,0.0311406131025106,0.0014399401659642842,0.00043068,0.9287244942797835,7.711917279670906,-34.9034883844336,0.5339017083921984,1.3259150357150875,0.08613346713151913,-54.56210325790777,-0.2562069914769774,12.359357989454676,-0.30694249824025854,35.94950935201385,-0.055020528572734165,-0.006786447639536556,-0.00052764,0.007593640577726545,0.0018549,1,1.0
1222,0.1148104308362163,0.0013013161807542304,0.00043068,0.9287244942797835,7.711917279670906,-48.465991594578384,0.5339017083921984,23.596434616087006,0.08613346713151913,-43.34936110714925,-0.2562069914769774,-86.4524057020607,-0.30694249824025854,47.71230158131061,-0.055020528572734165,-0.01554903130991205,-0.00052764,0.015875056595386405,0.0018549,1,1.0
1223,0.0428943548138942,0.00045280903552690323,0.00043068,0.9287244942797835,7.711917279670906,-26.738946787706745,0.5339017083921984,16.543188387145715,0.08613346713151913,-43.046934758987106,-0.2562069914769774,-8.512399934154628,-0.30694249824025854,26.808282639447718,-0.055020528572734165,-0.01095056955879288,-0.00052764,0.010978794173766113,0.0018549,1,1.0
1224,0.05226131406201044,0.0004392446879855631,0.00043068,0.9287244942797835,7.711917279670906,-50.33567705994593,0.5339017083921984,19.6117751973145,0.08613346713151913,-88.61313670514753,-0.2562069914769774,3.069699839988369,-0.30694249824025854,51.418816401270746,-0.055020528572734165,-0.012016279131463567,-0.00052764,0.011924950382951424,0.0018549,1,1.0
1225,0.11861072675954533,0.0009384478986501446,0.00043068,0.9287244942797835,7.711917279670906,-59.11517925154115,0.5339017083921984,13.75608689207816,0.08613346713151913,-58.11891785264386,-0.2562069914769774,-40.22132567220882,-0.30694249824025854,58.51288999115245,-0.055020528572734165,-0.005971002808336395,-0.00052764,0.006148962634237241,0.0018549,1,1.0
1226,0.08931132006604861,0.0009166558520274969,0.00043068,0.9287244942797835,7.711917279670906,-37.71206458654634,0.5339017083921984,8.0638007278274,0.08613346713151913,-37.92548156430209,-0.2562069914769774,59.110237934992426,-0.30694249824025854,36.209100461761096,-0.055020528572734165,-0.008559682362733294,-0.00052764,0.008922288962871554,0.0018549,1,1.0
1227,0.04392887889938187,0.0018290776928387566,0.00043068,0.9287244942797835,7.711917279670906,-29.71812069594227,0.5339017083921984,26.204752089474184,0.08613346713151913,-62.31440200115259,-0.2562069914769774,37.13763545891075,-0.30694249824025854,29.60442019878852,-0.055020528572734165,-0.01895122076978753,-0.00052764,0.0190224782407731,0.0018549,1,1.0
1228,0.0012311675820487348,0.0006830227333950029,0.00043068,0.9287244942797835,7.711917279670906,-22.659377022043014,0.5339017083921984,3.9598146958471228,0.08613346713151913,-48.29642821042031,-0.2562069914769774,0.5186373051566897,-0.30694249824025854,24.123410782069506,-0.055020528572734165,-0.008054020992478194,-0.00052764,0.008480752940528588,0.0018549,1,1.0
1229,0.02347863795149916,0.0037146304479921915,0.00043068,0.9287244942797835,7.711917279670906,-25.489360288390298,0.5339017083921984,4.078772451264532,0.08613346713151913,-41.38999414866252,-0.2562069914769774,12.732286371336665,-0.30694249824025854,25.737241520999895,-0.055020528572734165,-0.0036315466073472435,-0.00052764,0.0018688927841955818,0.0018549,1,1.0
1230,0.006496689041882884,0.0001746475007270088,0.00043068,0.9287244942797835,7.711917279670906,-17.64455434103251,0.5339017083921984,5.583864887033839,0.08613346713151913,-40.89014149240325,-0.2562069914769774,39.19029827352808,-0.30694249824025854,18.25389991697829,-0.055020528572734165,-0.004023013917939091,-0.00052764,0.0042307749982863655,0.0018549,1,1.0
1231,0.052819149960731525,0.00034849340383796823,0.00043068,0.9287244942797835,7.711917279670906,-29.77969111946411,0.5339017083921984,12.26806107336276,0.08613346713151913,-44.57309517233067,-0.2562069914769774,37.78680045896494,-0.30694249824025854,29.3482227426107,-0.055020528572734165,-0.007622230960403909,-0.00052764,0.007865134405325092,0.0018549,1,1.0
1232,0.03067353604661297,0.0003083196360719237,0.00043068,0.9287244942797835,7.711917279670906,-19.263705773249672,0.5339017083921984,11.742556811160263,0.08613346713151913,-33.73830087346171,-0.2562069914769774,18.712343441324837,-0.30694249824025854,19.161743576701294,-0.055020528572734165,-0.007824380605015748,-0.00052764,0.00796555449667144,0.0018549,1,1.0
1233,0.08851834241679676,0.0011417789652908247,0.00043068,0.9287244942797835,7.711917279670906,-35.58417147660369,0.5339017083921984,15.008992600306946,0.08613346713151913,-40.0806715433067,-0.2562069914769774,53.764599312580216,-0.30694249824025854,34.037855599552586,-0.055020528572734165,-0.012877442011299743,-0.00052764,0.013343802078137167,0.0018549,1,1.0
1234,0.017129170566287037,5.455993256344451e-05,0.00043068,0.9287244942797835,7.711917279670906,-10.08915400431851,0.5339017083921984,5.200017616085414,0.08613346713151913,-7.057455831642642,-0.2562069914769774,-73.99279391835645,-0.30694249824025854,10.599056608062511,-0.055020528572734165,-0.004041708315307039,-0.00052764,0.004027783108976016,0.0018549,1,1.0
1235,0.05032057687307677,0.001290848999611649,0.00043068,0.9287244942797835,7.711917279670906,-34.89934641046795,0.5339017083921984,0.27575670479880965,0.08613346713151913,-40.55029513783444,-0.2562069914769774,-1.447059457371948,-0.30694249824025854,35.09801665923817,-0.055020528572734165,-0.004443645889508674,-0.00052764,0.004258843923950811,0.0018549,1,1.0
1236,0.07154770514524873,0.0008631205005819915,0.00043068,0.9287244942797835,7.711917279670906,-45.71749728233675,0.5339017083921984,6.809470947046012,0.08613346713151913,-56.431021717130996,-0.2562069914769774,0.1443410773527399,-0.30694249824025854,45.852600310268734,-0.055020528572734165,-0.0013692085037522517,-0.00052764,0.0016996535738660536,0.0018549,1,1.0
1237,0.0667515337491514,0.0009120925124072962,0.00043068,0.9287244942797835,7.711917279670906,-24.95985567389402,0.5339017083921984,-1.1532215903942056,0.08613346713151913,-16.89470212752039,-0.2562069914769774,59.74903280821579,-0.30694249824025854,23.49697420554487,-0.055020528572734165,-0.007816385603849696,-0.00052764,0.007985662481006605,0.0018549,1,1.0
1238,7.734568158589139e-05,0.00860819867642185,0.00043068,0.9287244942797835,7.711917279670906,-6.2096994284774745,0.5339017083921984,34.23030118043328,0.08613346713151913,-47.464208444464965,-0.2562069914769774,38.47168544528103,-0.30694249824025854,6.0406257327546795,-0.055020528572734165,-0.02921394426169097,-0.00052764,0.027816331348154904,0.0018549,1,1.0
1239,0.09562576167747475,0.0023659935594418256,0.00043068,0.9287244942797835,7.711917279670906,-65.19856769114628,0.5339017083921984,5.772974379955465,0.08613346713151913,-80.7943118310168,-0.2562069914769774,6.287068508043675,-0.30694249824025854,65.47661551581243,-0.055020528572734165,-0.004077594403169194,-0.00052764,0.003923916779564906,0.0018549,1,1.0
1240,0.03682105036887664,0.0010182529546587471,0.00043068,0.9287244942797835,7.711917279670906,-40.3851770995192,0.5339017083921984,8.632933484433398,0.08613346713151913,-65.61851496452475,-0.2562069914769774,-19.291644933521393,-0.30694249824025854,41.808048520631154,-0.055020528572734165,-0.007745125272835059,-0.00052764,0.008649262967308006,0.0018549,1,1.0
1241,0.026269743963099692,0.0004343777437468557,0.00043068,0.9287244942797835,7.711917279670906,-39.50484688354907,0.5339017083921984,14.356529371527529,0.08613346713151913,-75.16170868174297,-0.2562069914769774,-15.887286070973738,-0.30694249824025854,41.11357862529624,-0.055020528572734165,-0.011125610909465532,-0.00052764,0.011266879577763199,0.0018549,1,1.0
1242,0.03516623906430258,0.0006870672145186537,0.00043068,0.9287244942797835,7.711917279670906,-34.37926619728625,0.5339017083921984,9.782445349592747,0.08613346713151913,-60.18465081621345,-0.2562069914769774,21.627267172371543,-0.30694249824025854,35.20302813329174,-0.055020528572734165,-0.005335810529264483,-0.00052764,0.006339529752770837,0.0018549,1,1.0
1243,0.020917639126590996,0.0021173569056408335,0.00043068,0.9287244942797835,7.711917279670906,-21.569886687839816,0.5339017083921984,16.207225376772318,0.08613346713151913,-47.273404000992485,-0.2562069914769774,-5.420046732316328,-0.30694249824025854,22.81470067051146,-0.055020528572734165,-0.00966817438794244,-0.00052764,0.013071617185735476,0.0018549,1,1.0
1244,0.0702095761872906,0.003090851165731381,0.00043068,0.9287244942797835,7.711917279670906,-32.542833362096275,0.5339017083921984,19.212171970894,0.08613346713151913,-45.84950149131912,-0.2562069914769774,7.434665171852108,-0.30694249824025854,32.71937740244584,-0.055020528572734165,-0.010036377464556682,-0.00052764,0.0148520790404873,0.0018549,1,1.0
1245,0.07807588693964652,0.0005145294133101487,0.00043068,0.9287244942797835,7.711917279670906,-35.548204101923545,0.5339017083921984,12.24363428081276,0.08613346713151913,-33.19966664169827,-0.2562069914769774,-37.5374196080261,-0.30694249824025854,34.97417052566734,-0.055020528572734165,-0.007446133282484462,-0.00052764,0.00732288455725829,0.0018549,1,1.0
1246,0.11161238875319605,0.0018985990563901763,0.00043068,0.9287244942797835,7.711917279670906,-41.689254280306876,0.5339017083921984,22.020033481679622,0.08613346713151913,-40.08811612594456,-0.2562069914769774,6.558933908434372,-0.30694249824025854,39.86202950814068,-0.055020528572734165,-0.018428099255485487,-0.00052764,0.018343999222057015,0.0018549,1,1.0
1247,0.09678936650740541,0.0037861541434822477,0.00043068,0.9287244942797835,7.711917279670906,-37.486125022975074,0.5339017083921984,30.20296398111521,0.08613346713151913,-52.70651773426584,-0.2562069914769774,47.089328489894555,-0.30694249824025854,35.8499870184559,-0.055020528572734165,-0.024312879095689313,-0.00052764,0.02511852581693478,0.0018549,1,1.0
1248,0.13556768252060314,0.0023721066931658794,0.00043068,0.9287244942797835,7.711917279670906,-53.15751396849372,0.5339017083921984,24.30740532301646,0.08613346713151913,-55.68360339791794,-0.2562069914769774,44.93920297015178,-0.30694249824025854,50.90788689033913,-0.055020528572734165,-0.02036733690269797,-0.00052764,0.02070034404119396,0.0018549,1,1.0
1249,0.01796777602649844,0.0032122900477113557,0.00043068,0.9287244942797835,7.711917279670906,-5.0142079238449915,0.5339017083921984,18.13907196713904,0.08613346713151913,-22.379735996446303,-0.2562069914769774,38.96756758361165,-0.30694249824025854,4.900248589087966,-0.055020528572734165,-0.013621869209388977,-0.00052764,0.016522127462565598,0.0018549,1,1.0
1250,0.04292277122050275,0.0010269525460803398,0.00043068,0.9287244942797835,7.711917279670906,-19.01827006177453,0.5339017083921984,13.173543895523158,0.08613346713151913,-31.085920201472558,-0.2562069914769774,46.96823092790004,-0.30694249824025854,18.36657292087709,-0.055020528572734165,-0.009926084381005574,-0.00052764,0.010878290975003481,0.0018549,1,1.0
1251,0.11178547736582964,0.0008067133876577064,0.00043068,0.9287244942797835,7.711917279670906,-67.75454041807865,0.5339017083921984,19.14267433374885,0.08613346713151913,-87.66673689538179,-0.2562069914769774,-6.6798782687971325,-0.30694249824025854,67.66321270918748,-0.055020528572734165,-0.008764285237005853,-0.00052764,0.0086593170720802,0.0018549,1,1.0
1252,0.08174137940460989,0.001177365723767608,0.00043068,0.9287244942797835,7.711917279670906,-50.94138036984357,0.5339017083921984,20.594224542700584,0.08613346713151913,-72.92335568972108,-0.2562069914769774,-14.44327971393534,-0.30694249824025854,51.364017477695946,-0.055020528572734165,-0.01070562152426209,-0.00052764,0.012318748603690536,0.0018549,1,1.0
1253,0.2156873841149056,0.00546119424070924,0.00043068,0.9287244942797835,7.711917279670906,-71.38260399052905,0.5339017083921984,20.14874184924478,0.08613346713151913,-43.22639041886943,-0.2562069914769774,48.15340620242998,-0.30694249824025854,67.34284782121149,-0.055020528572734165,-0.024537167991423876,-0.00052764,0.026092007280230787,0.0018549,1,1.0
1254,0.018414045839802235,0.0045259031300908855,0.00043068,0.9287244942797835,7.711917279670906,-38.015988480595475,0.5339017083921984,-10.483725187840358,0.08613346713151913,-56.82173807794868,-0.2562069914769774,13.092287947244426,-0.30694249824025854,39.644211461844506,-0.055020528572734165,-0.01762762017991985,-0.00052764,0.017867780915328656,0.0018549,1,1.0
1255,0.07171430441308983,0.002586077755331119,0.00043068,0.9287244942797835,7.711917279670906,-39.37865446914453,0.5339017083921984,12.234922936095806,0.08613346713151913,-49.74452080961624,-0.2562069914769774,-13.393577968329899,-0.30694249824025854,40.05077126676179,-0.055020528572734165,-0.0032727928799604366,-0.00052764,0.007923859728497108,0.0018549,1,1.0
1256,0.08001035740196673,0.0024478538619322645,0.00043068,0.9287244942797835,7.711917279670906,-32.060896086491745,0.5339017083921984,25.332779350806724,0.08613346713151913,-43.58264319136514,-0.2562069914769774,16.79175703595161,-0.30694249824025854,30.91890766846765,-0.055020528572734165,-0.01971927169717282,-0.00052764,0.020273796929848573,0.0018549,1,1.0
1257,0.013315438870162559,0.0004398667399506848,0.00043068,0.9287244942797835,7.711917279670906,-25.514064037115336,0.5339017083921984,3.757817206459505,0.08613346713151913,-48.71830874586916,-0.2562069914769774,19.183696191203033,-0.30694249824025854,26.485093474492555,-0.055020528572734165,-0.005727664808488129,-0.00052764,0.005854069387744219,0.0018549,1,1.0
1258,0.006754812747691697,0.00037261635815024897,0.00043068,0.9287244942797835,7.711917279670906,-2.9122277507018066,0.5339017083921984,7.950376642281713,0.08613346713151913,-9.636994751736395,-0.2562069914769774,3.243210412648435,-0.30694249824025854,2.799322881484664,-0.055020528572734165,-0.0065771407103841165,-0.00052764,0.006542396333788203,0.0018549,1,1.0
1259,0.024528618484636874,0.0037551051881410166,0.00043068,0.9287244942797835,7.711917279670906,-19.14803719955538,0.5339017083921984,31.458368387740727,0.08613346713151913,-48.09810120971325,-0.2562069914769774,-47.17365753714208,-0.30694249824025854,19.73423100495053,-0.055020528572734165,-0.024162916433285553,-0.00052764,0.02411929178141522,0.0018549,1,1.0
1260,0.0633174572646224,0.002119224874808195,0.00043068,0.9287244942797835,7.711917279670906,-26.126974411028627,0.5339017083921984,12.377378198338592,0.08613346713151913,-32.58984365655517,-0.2562069914769774,32.27554592562468,-0.30694249824025854,25.708587430681764,-0.055020528572734165,-0.007021459773046064,-0.00052764,0.010422709012144623,0.0018549,1,1.0
1261,0.1264453500270885,0.0029090653014712375,0.00043068,0.9287244942797835,7.711917279670906,-53.77574498650844,0.5339017083921984,4.1978385879962286,0.08613346713151913,-42.168833907126924,-0.2562069914769774,37.72647187997618,-0.30694249824025854,51.802663908915946,-0.055020528572734165,-0.00973544908247084,-0.00052764,0.009169221132504058,0.0018549,1,1.0
1262,0.09224025607543251,0.0021096008567388835,0.00043068,0.9287244942797835,7.711917279670906,-43.60123866688967,0.5339017083921984,23.440733868602056,0.08613346713151913,-63.324193943980255,-0.2562069914769774,62.795334363348914,-0.30694249824025854,42.56816471161794,-0.055020528572734165,-0.016226319254580124,-0.00052764,0.017818900410703983,0.0018549,1,1.0
1263,0.07418315999708121,0.0007350847091039458,0.00043068,0.9287244942797835,7.711917279670906,-35.36510452031165,0.5339017083921984,12.36090602642858,0.08613346713151913,-35.57978127236501,-0.2562069914769774,-39.25302811688227,-0.30694249824025854,35.151531875120966,-0.055020528572734165,-0.0063156750709819545,-0.00052764,0.007246506996640053,0.0018549,1,1.0
1264,0.08936665004590838,0.0007852306018776118,0.00043068,0.9287244942797835,7.711917279670906,-52.766222975677685,0.5339017083921984,24.898154685846443,0.08613346713151913,-70.50331593398317,-0.2562069914769774,-60.06348504242503,-0.30694249824025854,53.085478724242805,-0.055020528572734165,-0.014878233509954611,-0.00052764,0.015174861423926118,0.0018549,1,1.0
1265,0.1315616613280531,0.0071977121201882,0.00043068,0.9287244942797835,7.711917279670906,-41.68815609848457,0.5339017083921984,32.64048884083627,0.08613346713151913,-43.977361556769296,-0.2562069914769774,27.85463336078787,-0.30694249824025854,40.00536460027882,-0.055020528572734165,-0.02444521272655858,-0.00052764,0.029935951700402325,0.0018549,1,1.0
1266,0.008265586910898908,0.0004427673770459127,0.00043068,0.9287244942797835,7.711917279670906,-28.431871312813506,0.5339017083921984,11.280252024532654,0.08613346713151913,-68.23237266114879,-0.2562069914769774,52.81649336501569,-0.30694249824025854,29.605636243101934,-0.055020528572734165,-0.008179968637753023,-0.00052764,0.008659685983183146,0.0018549,1,1.0
1267,0.0033577221585524043,0.00027746982666334457,0.00043068,0.9287244942797835,7.711917279670906,-15.395849687707134,0.5339017083921984,9.587100282907278,0.08613346713151913,-37.25882590293958,-0.2562069914769774,-4.112727738194517,-0.30694249824025854,16.31224388060146,-0.055020528572734165,-0.00736654252776388,-0.00052764,0.007594305495077483,0.0018549,1,1.0
1268,0.1697407791906172,0.002436494094764439,0.00043068,0.9287244942797835,7.711917279670906,-64.33945085926358,0.5339017083921984,16.094860119113072,0.08613346713151913,-47.41148267514533,-0.2562069914769774,15.539450855374943,-0.30694249824025854,61.624443986421255,-0.055020528572734165,-0.016471980157455893,-0.00052764,0.01657880279415483,0.0018549,1,1.0
1269,0.2203120694713041,0.005594598357559055,0.00043068,0.9287244942797835,7.711917279670906,-68.43351465992428,0.5339017083921984,30.947137366173447,0.08613346713151913,-27.88178328969023,-0.2562069914769774,-98.4175224100575,-0.30694249824025854,64.76727125366577,-0.055020528572734165,-0.02930834186053009,-0.00052764,0.029089530321263848,0.0018549,1,1.0
1270,0.05838302798876509,0.009924027192408272,0.00043068,0.9287244942797835,7.711917279670906,-36.5018885847541,0.5339017083921984,16.48981746401235,0.08613346713151913,-61.81883825137206,-0.2562069914769774,93.30480965101268,-0.30694249824025854,34.87145981493004,-0.055020528572734165,-0.015414979444313928,-0.00052764,0.010576829613975866,0.0018549,1,1.0
1271,0.016162026139218355,0.00011110871211593512,0.00043068,0.9287244942797835,7.711917279670906,-10.312105483842432,0.5339017083921984,5.158592670175466,0.08613346713151913,-19.822250857002295,-0.2562069914769774,35.20138101618622,-0.30694249824025854,10.057902287956066,-0.055020528572734165,-0.0036973075340617735,-0.00052764,0.0036565684549908625,0.0018549,1,1.0
1272,0.06575382363797558,0.0017307118090851342,0.00043068,0.9287244942797835,7.711917279670906,-32.99997505885002,0.5339017083921984,20.917879160408845,0.08613346713151913,-45.90869263077709,-0.2562069914769774,-10.828578786674361,-0.30694249824025854,32.47361738211458,-0.055020528572734165,-0.014978231663867286,-0.00052764,0.01445365617041363,0.0018549,1,1.0
1273,0.021622733915462197,0.00048373778489338025,0.00043068,0.9287244942797835,7.711917279670906,-25.42464048667706,0.5339017083921984,6.683832492716591,0.08613346713151913,-47.499762295376485,-0.2562069914769774,25.382203286181756,-0.30694249824025854,26.129092796086017,-0.055020528572734165,-0.004124030224694452,-0.00052764,0.004826464900808041,0.0018549,1,1.0
1274,0.04734995512015949,0.0003429946881210058,0.00043068,0.9287244942797835,7.711917279670906,-30.08572842158965,0.5339017083921984,15.39578466375992,0.08613346713151913,-43.664704127998675,-0.2562069914769774,-30.39808788362294,-0.30694249824025854,30.337024288957426,-0.055020528572734165,-0.009614489360799762,-0.00052764,0.009557361149647944,0.0018549,1,1.0
1275,0.17227235532821986,0.004183048853906094,0.00043068,0.9287244942797835,7.711917279670906,-73.17932747202492,0.5339017083921984,18.802676776900462,0.08613346713151913,-74.21174607461852,-0.2562069914769774,72.06698208972158,-0.30694249824025854,71.21450447709937,-0.055020528572734165,-0.013004995759787991,-0.00052764,0.01675079189228783,0.0018549,1,1.0
1276,0.008428250289048776,0.005652320690554898,0.00043068,0.9287244942797835,7.711917279670906,-33.22632129328389,0.5339017083921984,12.417212660731343,0.08613346713151913,-70.07607054471963,-0.2562069914769774,-72.00608516064375,-0.30694249824025854,37.313247160689926,-0.055020528572734165,-0.013990270201719363,-0.00052764,0.023118201788253995,0.0018549,1,1.0
1277,0.00039366580099865767,0.023154622573959158,0.00043068,0.9287244942797835,7.711917279670906,11.437684124857892,0.5339017083921984,38.05672176745208,0.08613346713151913,-31.576106166423358,-0.2562069914769774,7.435804696121837,-0.30694249824025854,-5.853366918891569,-0.055020528572734165,-0.0144652372239885,-0.00052764,0.047121221243429295,0.0018549,1,1.0
1278,0.13768460047901038,0.0012902239977948097,0.00043068,0.9287244942797835,7.711917279670906,-64.30242104607038,0.5339017083921984,15.31713595666912,0.08613346713151913,-54.23080524119065,-0.2562069914769774,-82.23337136940161,-0.30694249824025854,63.52515180100383,-0.055020528572734165,-0.007257749765877173,-0.00052764,0.007111127166649854,0.0018549,1,1.0
1279,-7.569368481512989e-05,0.004051714075808118,0.00043068,0.9287244942797835,7.711917279670906,-20.642562392021624,0.5339017083921984,-11.288294719366665,0.08613346713151913,-41.38088147588203,-0.2562069914769774,86.05212637297883,-0.30694249824025854,21.827370994321537,-0.055020528572734165,-0.013011010754594673,-0.00052764,0.01565027827625994,0.0018549,1,1.0
1280,0.0363864345708413,0.0003903924407351449,0.00043068,0.9287244942797835,7.711917279670906,-37.30626348024699,0.5339017083921984,8.204836611110522,0.08613346713151913,-66.62324760307803,-0.2562069914769774,51.56095323132055,-0.30694249824025854,37.88677531395323,-0.055020528572734165,-0.004246445285457174,-0.00052764,0.0044415964140616165,0.0018549,1,1.0
1281,0.06621427604560466,0.0003980488360546496,0.00043068,0.9287244942797835,7.711917279670906,-32.705592817471135,0.5339017083921984,13.80030686736484,0.08613346713151913,-40.528652765766736,-0.2562069914769774,5.823982725601995,-0.30694249824025854,32.114483438585594,-0.055020528572734165,-0.009043061881342468,-0.00052764,0.00900847867723706,0.0018549,1,1.0
1282,0.03515819024898753,0.004113528087223383,0.00043068,0.9287244942797835,7.711917279670906,-27.107098116916838,0.5339017083921984,-14.666839669549155,0.08613346713151913,-23.86067573143965,-0.2562069914769774,29.84222310440326,-0.30694249824025854,27.38920552213361,-0.055020528572734165,-0.015451979682832764,-0.00052764,0.016348004570524214,0.0018549,1,1.0
1283,0.1376161178339913,0.0029555542004963825,0.00043068,0.9287244942797835,7.711917279670906,-46.18885664996073,0.5339017083921984,18.143504722438102,0.08613346713151913,-26.935030558411444,-0.2562069914769774,-23.651524742310915,-0.30694249824025854,43.72658566429408,-0.055020528572734165,-0.018075284510713215,-0.00052764,0.01738086558245368,0.0018549,1,1.0
1284,0.04443382150410441,0.0003291233264801068,0.00043068,0.9287244942797835,7.711917279670906,-28.208110139216743,0.5339017083921984,11.764514777179606,0.08613346713151913,-41.14778115652818,-0.2562069914769774,-5.900244600444704,-0.30694249824025854,28.36580623810433,-0.055020528572734165,-0.006514045720076337,-0.00052764,0.006928907532204338,0.0018549,1,1.0
1285,0.0038622601005316587,0.0003366807584508576,0.00043068,0.9287244942797835,7.711917279670906,-6.557787190679747,0.5339017083921984,9.047179820297046,0.08613346713151913,-25.398570603435807,-0.2562069914769774,56.83187140409044,-0.30694249824025854,6.40589318371991,-0.055020528572734165,-0.0071144974511490044,-0.00052764,0.00715403571707636,0.0018549,1,1.0
1286,0.06976762447513674,0.0018832163920574775,0.00043068,0.9287244942797835,7.711917279670906,-33.34797410944604,0.5339017083921984,-5.323908330123208,0.08613346713151913,-20.281849181675714,-0.2562069914769774,-9.91325068151283,-0.30694249824025854,32.765646039039495,-0.055020528572734165,-0.00808586727103348,-0.00052764,0.00800673142115084,0.0018549,1,1.0
1287,0.05626381438844982,0.0021156266025899365,0.00043068,0.9287244942797835,7.711917279670906,-26.47681010901243,0.5339017083921984,25.04033793395628,0.08613346713151913,-46.86917756065295,-0.2562069914769774,29.37156410118276,-0.30694249824025854,25.721420140449432,-0.055020528572734165,-0.01939638526771385,-0.00052764,0.019425337767569623,0.0018549,1,1.0
1288,0.0035228500793381386,0.0003278659435507993,0.00043068,0.9287244942797835,7.711917279670906,-9.188106230706861,0.5339017083921984,-1.127453489257443,0.08613346713151913,-17.33689055508598,-0.2562069914769774,20.300511308497086,-0.30694249824025854,9.460162456967275,-0.055020528572734165,-0.0029145219197071115,-0.00052764,0.002815172600638488,0.0018549,1,1.0
1289,0.06472578912984495,0.0006783590200209868,0.00043068,0.9287244942797835,7.711917279670906,-38.39784414657194,0.5339017083921984,19.474928325817086,0.08613346713151913,-58.19317554439606,-0.2562069914769774,5.891007899720764,-0.30694249824025854,38.30268063161073,-0.055020528572734165,-0.012094379284330466,-0.00052764,0.012458036142420076,0.0018549,1,1.0
1290,0.22169760405499653,0.0048938314243314315,0.00043068,0.9287244942797835,7.711917279670906,-78.55879295160183,0.5339017083921984,29.94275591924789,0.08613346713151913,-57.71540134695546,-0.2562069914769774,6.207106884891992,-0.30694249824025854,74.73998084728197,-0.055020528572734165,-0.028317809564736677,-0.00052764,0.028297746058278003,0.0018549,1,1.0
1291,0.06224756135172498,0.0015496097462350629,0.00043068,0.9287244942797835,7.711917279670906,-35.217455486044976,0.5339017083921984,-2.4401683509292624,0.08613346713151913,-33.984075695201625,-0.2562069914769774,15.571681713708314,-0.30694249824025854,34.94609610947512,-0.055020528572734165,-0.005660071554439996,-0.00052764,0.006019544696218745,0.0018549,1,1.0
1292,0.032442771975372556,0.012969077016482445,0.00043068,0.9287244942797835,7.711917279670906,-3.1009847676317603,0.5339017083921984,18.450637012486887,0.08613346713151913,-14.054444281301288,-0.2562069914769774,-40.68134495112586,-0.30694249824025854,7.083865656090649,-0.055020528572734165,-0.0023720784985824823,-0.00052764,0.026758299882197446,0.0018549,1,1.0
1293,0.03141113706182905,0.0015538362820774424,0.00043068,0.9287244942797835,7.711917279670906,-28.065009355286023,0.5339017083921984,24.725899732422253,0.08613346713151913,-64.94209256661068,-0.2562069914769774,38.92125209498897,-0.30694249824025854,28.302564775372012,-0.055020528572734165,-0.0176605687942431,-0.00052764,0.01760755948354174,0.0018549,1,1.0
1294,0.018227582116582305,0.024757273587867265,0.00043068,0.9287244942797835,7.711917279670906,-10.43151389660365,0.5339017083921984,59.442226562118016,0.08613346713151913,-69.24804247350114,-0.2562069914769774,-59.08031103266848,-0.30694249824025854,14.330717104628544,-0.055020528572734165,-0.03765610965265981,-0.00052764,0.055672467555711466,0.0018549,1,1.0
1295,0.10051678595121089,0.001834786052047219,0.00043068,0.9287244942797835,7.711917279670906,-39.23805504869166,0.5339017083921984,17.019759383843493,0.08613346713151913,-34.687926672628215,-0.2562069914769774,-24.781040922048774,-0.30694249824025854,38.32787584945872,-0.055020528572734165,-0.011170153818739403,-0.00052764,0.013144192577593696,0.0018549,1,1.0
1296,0.03981659396565911,0.00042711547901995455,0.00043068,0.9287244942797835,7.711917279670906,-37.31096249748032,0.5339017083921984,15.167184412366298,0.08613346713151913,-63.52335691715529,-0.2562069914769774,-16.89951453638854,-0.30694249824025854,38.195475873692786,-0.055020528572734165,-0.009603199853574725,-0.00052764,0.009441858650005942,0.0018549,1,1.0
1297,0.056736147438581894,0.0018761438024353116,0.00043068,0.9287244942797835,7.711917279670906,-20.635133164426872,0.5339017083921984,20.010615944402115,0.08613346713151913,-29.369460282517363,-0.2562069914769774,21.444358599258262,-0.30694249824025854,19.51869584252384,-0.055020528572734165,-0.016897010825141494,-0.00052764,0.016762809031214472,0.0018549,1,1.0
1298,0.051018559307461554,0.0013700493369171486,0.00043068,0.9287244942797835,7.711917279670906,-41.92722542708888,0.5339017083921984,3.495565619953798,0.08613346713151913,-51.25902497566187,-0.2562069914769774,-55.49243537724221,-0.30694249824025854,42.945604630256874,-0.055020528572734165,-0.0071796573863067295,-0.00052764,0.00700153916955232,0.0018549,1,1.0
1299,0.016965512982679135,0.000691680699517391,0.00043068,0.9287244942797835,7.711917279670906,-9.807026674964831,0.5339017083921984,12.68680596657354,0.08613346713151913,-18.447438669400327,-0.2562069914769774,-28.238646420994407,-0.30694249824025854,9.948404169359076,-0.055020528572734165,-0.009600607560907404,-0.00052764,0.009498239897395882,0.0018549,1,1.0
1300,0.015873132114919947,0.0146917234704354,0.00043068,3.450317238911107,5.9334145391034205,63.58991443247077,0.5339017083921984,9.884807333732931,0.08613346713151913,-62.01567667124954,-0.2562069914769774,49.96689330304421,-0.30694249824025854,3.3356377649363718,-0.055020528572734165,0.004515324314861629,-0.00052764,0.0242649876146684,0.0018549,0,1.0
1301,0.06702685015853743,0.0008793394651397596,0.00043068,3.450317238911107,5.9334145391034205,-59.2147131467709,0.5339017083921984,8.30053176727211,0.08613346713151913,-64.05061802499297,-0.2562069914769774,1.062922368051311,-0.30694249824025854,50.63072019646271,-0.055020528572734165,-0.014220323937164629,-0.00052764,0.014141135003715796,0.0018549,1,1.0
1302,0.016244212573821998,0.0009537210404319826,0.00043068,3.450317238911107,5.9334145391034205,15.75630025727171,0.5339017083921984,8.47589159588432,0.08613346713151913,-72.08695141580183,-0.2562069914769774,-14.239360559543359,-0.30694249824025854,33.60542234528057,-0.055020528572734165,-0.017125262365996638,-0.00052764,0.01753976008404972,0.0018549,1,1.0
1303,0.06322547738055269,0.0008533390214779818,0.00043068,3.450317238911107,5.9334145391034205,-8.661743881551589,0.5339017083921984,9.260659826076079,0.08613346713151913,-60.60827858638097,-0.2562069914769774,-62.2064558969923,-0.30694249824025854,41.832541937149514,-0.055020528572734165,-0.01625142720266309,-0.00052764,0.01667955257377018,0.0018549,1,1.0
1304,0.033999489962429824,0.00021295851739775985,0.00043068,3.450317238911107,5.9334145391034205,-9.560739554176351,0.5339017083921984,2.7143593396686425,0.08613346713151913,-27.781035894085264,-0.2562069914769774,-26.231536689897684,-0.30694249824025854,24.943281313578943,-0.055020528572734165,-0.007747269062963438,-0.00052764,0.007707877588783879,0.0018549,1,1.0
1305,0.08260213515322021,0.0004900782313364921,0.00043068,3.450317238911107,5.9334145391034205,-51.52751006989886,0.5339017083921984,3.089692045750737,0.08613346713151913,-42.10031090900135,-0.2562069914769774,-34.077466263317476,-0.30694249824025854,52.90066723935807,-0.055020528572734165,-0.009050601160557604,-0.00052764,0.009211770746549858,0.0018549,1,1.0
1306,0.014585316264884527,0.0034261989245962876,0.00043068,3.450317238911107,5.9334145391034205,-11.635533143242204,0.5339017083921984,-0.0005584349993889319,0.08613346713151913,-62.828838893032234,-0.2562069914769774,44.74925921234489,-0.30694249824025854,47.0562934428629,-0.055020528572734165,-0.020790260931122472,-0.00052764,0.022593996222554414,0.0018549,1,1.0
1307,0.05954741736766822,0.0005021467695125873,0.00043068,3.450317238911107,5.9334145391034205,-20.909341038925277,0.5339017083921984,5.040355318718122,0.08613346713151913,-23.742560562165025,-0.2562069914769774,-55.62752084072516,-0.30694249824025854,26.09949999181903,-0.055020528572734165,-0.008096157079048698,-0.00052764,0.008517309694015804,0.0018549,1,1.0
1308,0.008904046685928833,0.001369781925903909,0.00043068,3.450317238911107,5.9334145391034205,-24.28354746474813,0.5339017083921984,1.359277615352049,0.08613346713151913,-61.28915856304789,-0.2562069914769774,61.47126946908312,-0.30694249824025854,42.045612275327564,-0.055020528572734165,-0.012692265026866557,-0.00052764,0.013599254712024679,0.0018549,1,1.0
1309,0.08834558560948187,0.0006648428498909314,0.00043068,3.450317238911107,5.9334145391034205,-36.37911899330749,0.5339017083921984,4.943180595958055,0.08613346713151913,-53.474244202674306,-0.2562069914769774,-60.10619138773206,-0.30694249824025854,57.60944741090928,-0.055020528572734165,-0.014550303218444152,-0.00052764,0.014561495248911333,0.0018549,1,1.0
1310,-6.604632387890996e-05,0.012626381547575298,0.00043068,3.450317238911107,5.9334145391034205,44.95675231020806,0.5339017083921984,9.606349260425041,0.08613346713151913,-13.911181634842691,-0.2562069914769774,9.556130967059739,-0.30694249824025854,-25.841724125652686,-0.055020528572734165,-0.016903401082185642,-0.00052764,0.03386802298129249,0.0018549,1,1.0
1311,0.08377912030584879,0.001798369704555497,0.00043068,3.450317238911107,5.9334145391034205,-44.57176585264657,0.5339017083921984,3.0718906869089984,0.08613346713151913,-26.301744199602474,-0.2562069914769774,-41.836898479386036,-0.30694249824025854,40.547480305949406,-0.055020528572734165,-0.002721715218290164,-0.00052764,0.0057562175290343685,0.0018549,1,1.0
1312,0.00097857367374167,0.008748917243023357,0.00043068,3.450317238911107,5.9334145391034205,5.996302907517994,0.5339017083921984,7.391903603115488,0.08613346713151913,-32.21306053797846,-0.2562069914769774,59.50059109484793,-0.30694249824025854,-3.700647070409833,-0.055020528572734165,-0.01264071711655161,-0.00052764,0.025961997144211983,0.0018549,1,1.0
1313,0.007071030372204384,0.002086426254370343,0.00043068,3.450317238911107,5.9334145391034205,13.282052301371113,0.5339017083921984,9.304191080301802,0.08613346713151913,-91.02055593663655,-0.2562069914769774,8.673737548083299,-0.30694249824025854,42.00503617516754,-0.055020528572734165,-0.02068548654986848,-0.00052764,0.020051617426743343,0.0018549,1,1.0
1314,0.01937995919830432,0.0016142817126083135,0.00043068,3.450317238911107,5.9334145391034205,10.179066088271982,0.5339017083921984,11.001091116872084,0.08613346713151913,-65.38741543407987,-0.2562069914769774,-22.605147721933225,-0.30694249824025854,24.659866128330012,-0.055020528572734165,-0.01913054797851119,-0.00052764,0.01942633072964139,0.0018549,1,1.0
1315,0.02562278437241419,0.0005739585729642936,0.00043068,3.450317238911107,5.9334145391034205,-15.533359903025131,0.5339017083921984,1.1826124860683,0.08613346713151913,-35.58340245271779,-0.2562069914769774,4.159196523180049,-0.30694249824025854,31.0031265094152,-0.055020528572734165,-0.010287408918811108,-0.00052764,0.010457232257878795,0.0018549,1,1.0
1316,0.05094591765119833,0.0003704193011163868,0.00043068,3.450317238911107,5.9334145391034205,-32.20566022055392,0.5339017083921984,2.9128159312399458,0.08613346713151913,-37.30177488261622,-0.2562069914769774,-16.187110321206685,-0.30694249824025854,38.09463498554688,-0.055020528572734165,-0.007745665725530135,-0.00052764,0.007625355902514376,0.0018549,1,1.0
1317,0.08431778247615596,0.0018041319422176477,0.00043068,3.450317238911107,5.9334145391034205,-23.250559905050192,0.5339017083921984,5.3040739543440365,0.08613346713151913,-65.48882191484593,-0.2562069914769774,-58.753781890612295,-0.30694249824025854,62.104816671265674,-0.055020528572734165,-0.01904354516038907,-0.00052764,0.020162728464647287,0.0018549,1,1.0
1318,0.016213553304422604,0.0010089940467099107,0.00043068,3.450317238911107,5.9334145391034205,14.543182872214922,0.5339017083921984,5.417957308175206,0.08613346713151913,-62.97895964783338,-0.2562069914769774,-13.962127008037733,-0.30694249824025854,34.933292215659776,-0.055020528572734165,-0.01757908738268033,-0.00052764,0.01750681445546932,0.0018549,1,1.0
1319,0.04610927060319594,0.000386058358397112,0.00043068,3.450317238911107,5.9334145391034205,-67.12148745981843,0.5339017083921984,5.3089112238340785,0.08613346713151913,-60.452962562875896,-0.2562069914769774,49.26006824703121,-0.30694249824025854,47.97970069843159,-0.055020528572734165,-0.008576588889456518,-0.00052764,0.008848884392877149,0.0018549,1,1.0
1320,0.004121381587727421,0.001068218404443066,0.00043068,3.450317238911107,5.9334145391034205,14.651906095890048,0.5339017083921984,-0.24032494548705696,0.08613346713151913,-24.725395961193808,-0.2562069914769774,-8.156525670016201,-0.30694249824025854,17.953567689913854,-0.055020528572734165,-0.014802479524144515,-0.00052764,0.014823110399097067,0.0018549,1,1.0
1321,0.008240846004505364,0.004733851888031495,0.00043068,3.450317238911107,5.9334145391034205,87.14808933023686,0.5339017083921984,14.223603701143336,0.08613346713151913,-90.99772144003029,-0.2562069914769774,-72.9615848105681,-0.30694249824025854,23.39698010630457,-0.055020528572734165,-0.0252210079757284,-0.00052764,0.030661253366327978,0.0018549,1,1.0
1322,0.09035244504198923,0.000740708032094385,0.00043068,3.450317238911107,5.9334145391034205,-33.72726410922846,0.5339017083921984,8.928410864849749,0.08613346713151913,-77.02642097516562,-0.2562069914769774,-59.34777665026251,-0.30694249824025854,64.72012205866058,-0.055020528572734165,-0.017966832329899776,-0.00052764,0.01811066097023032,0.0018549,1,1.0
1323,0.05562218875681113,0.001350949205693456,0.00043068,3.450317238911107,5.9334145391034205,9.12570726400701,0.5339017083921984,7.1693812995710395,0.08613346713151913,-59.32485832600069,-0.2562069914769774,-66.12738812878214,-0.30694249824025854,41.71772209803498,-0.055020528572734165,-0.017348535917770875,-0.00052764,0.018633510724594026,0.0018549,1,1.0
1324,0.027720276845019653,0.0014049141981727488,0.00043068,3.450317238911107,5.9334145391034205,2.3260011258850977,0.5339017083921984,7.440778828276789,0.08613346713151913,-24.80396483507956,-0.2562069914769774,-42.98443326336687,-0.30694249824025854,8.763163091983634,-0.055020528572734165,-0.014419642689027116,-0.00052764,0.014916901425720316,0.0018549,1,1.0
1325,0.0008347863317089499,0.0007761899436126254,0.00043068,3.450317238911107,5.9334145391034205,19.368149433009126,0.5339017083921984,0.2977462143383268,0.08613346713151913,-22.263134702844372,-0.2562069914769774,-12.512175742976838,-0.30694249824025854,13.654130391421665,-0.055020528572734165,-0.013034653037987001,-0.00052764,0.01302704317624105,0.0018549,1,1.0
1326,0.02426356381232664,0.011038118325160516,0.00043068,3.450317238911107,5.9334145391034205,17.881621715524897,0.5339017083921984,20.703394656937107,0.08613346713151913,-75.67069271656833,-0.2562069914769774,-53.236314764586666,-0.30694249824025854,9.986157751720503,-0.055020528572734165,-0.04291763191745329,-0.00052764,0.043757960611999075,0.0018549,1,1.0
1327,0.0003294096637842525,0.005207120898649915,0.00043068,3.450317238911107,5.9334145391034205,51.87637531922925,0.5339017083921984,9.586055124558914,0.08613346713151913,-50.966353023597804,-0.2562069914769774,-14.8901839391953,-0.30694249824025854,4.144185859269559,-0.055020528572734165,-0.010148229053972318,-0.00052764,0.018860131118199525,0.0018549,1,1.0
1328,0.023425751934003564,0.0001883592621721976,0.00043068,3.450317238911107,5.9334145391034205,-26.449168827322723,0.5339017083921984,5.147491244276121,0.08613346713151913,-52.1239897088034,-0.2562069914769774,23.005809258584218,-0.30694249824025854,32.82483694191296,-0.055020528572734165,-0.0086104302825393,-0.00052764,0.008607043239974025,0.0018549,1,1.0
1329,0.013768568606110573,0.0008081309374561275,0.00043068,3.450317238911107,5.9334145391034205,-4.382168418975995,0.5339017083921984,-1.64697749569326,0.08613346713151913,-11.878650104887893,-0.2562069914769774,-2.0425060981513257,-0.30694249824025854,16.815829940234345,-0.055020528572734165,-0.010925752735637638,-0.00052764,0.011128223288870878,0.0018549,1,1.0
1330,0.006562624765984099,0.00365545848594475,0.00043068,3.450317238911107,5.9334145391034205,32.3964494221881,0.5339017083921984,0.4986864179817285,0.08613346713151913,-28.155691223059048,-0.2562069914769774,-10.447909030676763,-0.30694249824025854,15.386565195193846,-0.055020528572734165,-0.013314806405511585,-0.00052764,0.018356081065948163,0.0018549,1,1.0
1331,0.00023774554482469679,0.0004825055794757115,0.00043068,3.450317238911107,5.9334145391034205,-3.023502878492362,0.5339017083921984,3.8917440573512545,0.08613346713151913,-30.38555543898576,-0.2562069914769774,17.948081838348486,-0.30694249824025854,11.330844445316941,-0.055020528572734165,-0.006383212314272052,-0.00052764,0.00696485099987704,0.0018549,1,1.0
1332,0.019492995538554637,0.00012129403479299941,0.00043068,3.450317238911107,5.9334145391034205,-51.91930771716832,0.5339017083921984,-0.17498647262500233,0.08613346713151913,-12.660718867222908,-0.2562069914769774,48.343470621804435,-0.30694249824025854,18.481814617927338,-0.055020528572734165,-0.005679682010573965,-0.00052764,0.0056838075308641945,0.0018549,1,1.0
1333,0.03409090243795272,0.0009089911371047487,0.00043068,3.450317238911107,5.9334145391034205,-19.373304091045235,0.5339017083921984,8.068125256048063,0.08613346713151913,-53.540041662482345,-0.2562069914769774,-6.708215138844245,-0.30694249824025854,30.17407484022133,-0.055020528572734165,-0.013779237629220877,-0.00052764,0.014100513397534133,0.0018549,1,1.0
1334,0.039005929841336134,0.0025478858779365066,0.00043068,3.450317238911107,5.9334145391034205,2.677609170795283,0.5339017083921984,7.026914075490157,0.08613346713151913,-62.04515273559756,-0.2562069914769774,-15.227521467348414,-0.30694249824025854,36.403586010751724,-0.055020528572734165,-0.010837362580311177,-0.00052764,0.015265596977839947,0.0018549,1,1.0
1335,0.03486079330263894,0.0013771625584413144,0.00043068,3.450317238911107,5.9334145391034205,32.28790233392023,0.5339017083921984,11.478150294274934,0.08613346713151913,-56.97324262464049,-0.2562069914769774,-83.1565045796643,-0.30694249824025854,22.350026608768133,-0.055020528572734165,-0.020640926451595078,-0.00052764,0.020690470126841227,0.0018549,1,1.0
1336,0.0022897683626763032,0.00048520986256699776,0.00043068,3.450317238911107,5.9334145391034205,4.354579518497878,0.5339017083921984,5.460432675873285,0.08613346713151913,-34.89087485009936,-0.2562069914769774,2.4519763278603466,-0.30694249824025854,11.326863090974012,-0.055020528572734165,-0.009571372702625397,-0.00052764,0.009731921112956336,0.0018549,1,1.0
1337,0.002861301340695871,0.007549694276867549,0.00043068,3.450317238911107,5.9334145391034205,-26.568566748207193,0.5339017083921984,10.482487293695943,0.08613346713151913,-18.508116201010445,-0.2562069914769774,18.656076343758983,-0.30694249824025854,-9.536653496273527,-0.055020528572734165,-0.03585852158643298,-0.00052764,0.0358162423077849,0.0018549,1,1.0
1338,0.06491693977123021,0.00035482815604261927,0.00043068,3.450317238911107,5.9334145391034205,-55.55024760997107,0.5339017083921984,3.6751267634633367,0.08613346713151913,-44.41731761153509,-0.2562069914769774,-0.6214351126335116,-0.30694249824025854,46.89940241504568,-0.055020528572734165,-0.005603693678609868,-0.00052764,0.0060373841082494075,0.0018549,1,1.0
1339,-0.0013670811254204093,0.004277215837236003,0.00043068,3.450317238911107,5.9334145391034205,20.020050775195692,0.5339017083921984,3.448673107523072,0.08613346713151913,-44.899689326592465,-0.2562069914769774,8.487215947824534,-0.30694249824025854,19.431935747772904,-0.055020528572734165,-0.010609561407895457,-0.00052764,0.012790143344779396,0.0018549,1,1.0
1340,0.006202454220890788,0.0019807784537666396,0.00043068,3.450317238911107,5.9334145391034205,16.821749266565625,0.5339017083921984,2.375424974468147,0.08613346713151913,-43.333259251930805,-0.2562069914769774,4.322407449478212,-0.30694249824025854,23.509134760868132,-0.055020528572734165,-0.012456757459542693,-0.00052764,0.014958020456162372,0.0018549,1,1.0
1341,0.04812361757956928,0.0006412600774982216,0.00043068,3.450317238911107,5.9334145391034205,-26.465775124693163,0.5339017083921984,2.166562479197527,0.08613346713151913,-43.51132584888199,-0.2562069914769774,-13.085932093748482,-0.30694249824025854,42.67656450369854,-0.055020528572734165,-0.012165646201579661,-0.00052764,0.012146637818360242,0.0018549,1,1.0
1342,0.029107842982784238,0.0013813712103615458,0.00043068,3.450317238911107,5.9334145391034205,-30.12776624778793,0.5339017083921984,4.637469696461481,0.08613346713151913,-31.29696666060243,-0.2562069914769774,3.560821094950543,-0.30694249824025854,22.50198568635711,-0.055020528572734165,-0.009286124753863157,-0.00052764,0.008696717060965772,0.0018549,1,1.0
1343,0.0037145224075361624,0.0005627757782138939,0.00043068,3.450317238911107,5.9334145391034205,11.358544985089639,0.5339017083921984,2.184424984776695,0.08613346713151913,-36.60184073693806,-0.2562069914769774,-1.0504489344025827,-0.30694249824025854,20.380182997181734,-0.055020528572734165,-0.011776873789829521,-0.00052764,0.011747409546747588,0.0018549,1,1.0
1344,0.00042644499597638275,0.003498253269837758,0.00043068,3.450317238911107,5.9334145391034205,47.61437086752042,0.5339017083921984,4.432703488571965,0.08613346713151913,-72.40128661979757,-0.2562069914769774,-18.93821291366173,-0.30694249824025854,35.526345349963464,-0.055020528572734165,-0.026948323533986244,-0.00052764,0.02818227426452229,0.0018549,1,1.0
1345,0.035415170691931896,0.004079153950884505,0.00043068,3.450317238911107,5.9334145391034205,-49.492385422238094,0.5339017083921984,10.452877476024238,0.08613346713151913,-47.39140936198076,-0.2562069914769774,20.918886618441558,-0.30694249824025854,22.5278429244049,-0.055020528572734165,-0.026756478448204085,-0.00052764,0.026980811699552798,0.0018549,1,1.0
1346,0.044777839042583256,0.000923924226873554,0.00043068,3.450317238911107,5.9334145391034205,17.07553106811861,0.5339017083921984,6.272950506532963,0.08613346713151913,-55.072807219613644,-0.2562069914769774,-66.83181153015958,-0.30694249824025854,37.43995710621923,-0.055020528572734165,-0.018873158948909594,-0.00052764,0.01897295781346763,0.0018549,1,1.0
1347,0.00616350157308761,0.00022122311037508488,0.00043068,3.450317238911107,5.9334145391034205,-13.376891537082898,0.5339017083921984,1.4994767749504545,0.08613346713151913,-36.253600476659884,-0.2562069914769774,29.44917661120205,-0.30694249824025854,23.8539190595274,-0.055020528572734165,-0.006914285749123603,-0.00052764,0.006906362703532202,0.0018549,1,1.0
1348,0.00047531743694526497,0.00255845021833051,0.00043068,3.450317238911107,5.9334145391034205,-28.58852892323963,0.5339017083921984,0.2430529010926794,0.08613346713151913,-35.86332811749547,-0.2562069914769774,85.0501629222415,-0.30694249824025854,22.172106679366784,-0.055020528572734165,0.0003697246405818975,-0.00052764,0.004641195797013831,0.0018549,0,1.0
1349,0.029694748707212365,0.0028642037050040665,0.00043068,3.450317238911107,5.9334145391034205,-18.703097363108444,0.5339017083921984,5.338694083443377,0.08613346713151913,-52.046906176933824,-0.2562069914769774,29.370561323231033,-0.30694249824025854,30.731593017059275,-0.055020528572734165,-0.004321873210373984,-0.00052764,0.009813065132400373,0.0018549,1,1.0
1350,0.036697050469843145,0.0010309125694959005,0.00043068,3.450317238911107,5.9334145391034205,-30.129329001388335,0.5339017083921984,10.068699949064067,0.08613346713151913,-86.0650076319586,-0.2562069914769774,18.828490576807773,-0.30694249824025854,49.22316291220508,-0.055020528572734165,-0.017137760289810147,-0.00052764,0.017016417055466835,0.0018549,1,1.0
1351,0.07514492903266337,0.0005398964481534304,0.00043068,3.450317238911107,5.9334145391034205,-58.581389068483944,0.5339017083921984,1.9517777262167766,0.08613346713151913,-41.53776949226999,-0.2562069914769774,-10.981844787133262,-0.30694249824025854,52.86852390693518,-0.055020528572734165,-0.00790824370852688,-0.00052764,0.008123639946666135,0.0018549,1,1.0
1352,0.014166625431916907,0.0019264704717487137,0.00043068,3.450317238911107,5.9334145391034205,-10.23988491074311,0.5339017083921984,7.3376422784115,0.08613346713151913,-63.891570277411596,-0.2562069914769774,32.85190278055297,-0.30694249824025854,29.71311148865943,-0.055020528572734165,-0.010048742172752723,-0.00052764,0.013045539363788087,0.0018549,1,1.0
1353,0.04391857522942902,0.0004543181744408044,0.00043068,3.450317238911107,5.9334145391034205,-8.059507450847255,0.5339017083921984,5.499167411154983,0.08613346713151913,-32.74336343511817,-0.2562069914769774,-43.98878055575619,-0.30694249824025854,24.930691453320048,-0.055020528572734165,-0.009232916621066912,-0.00052764,0.00967111577682586,0.0018549,1,1.0
1354,0.04994496480938157,0.00031703563603497454,0.00043068,3.450317238911107,5.9334145391034205,-27.36037302955725,0.5339017083921984,4.99313696771355,0.08613346713151913,-40.51692823200208,-0.2562069914769774,-21.762451781989217,-0.30694249824025854,34.55911277112892,-0.055020528572734165,-0.00824169006038556,-0.00052764,0.008538088944954936,0.0018549,1,1.0
1355,9.550458928453409e-05,0.006899946181339071,0.00043068,3.450317238911107,5.9334145391034205,74.50191157715814,0.5339017083921984,8.517397255621587,0.08613346713151913,-44.5337370382522,-0.2562069914769774,-25.160867654666013,-0.30694249824025854,-1.6671738076289038,-0.055020528572734165,-0.005308580357046375,-0.00052764,0.018401166295971706,0.0018549,1,1.0
1356,-1.4825386257508177e-05,0.0012209074294517808,0.00043068,3.450317238911107,5.9334145391034205,22.905641250545596,0.5339017083921984,3.4823226227856363,0.08613346713151913,-47.34299602805364,-0.2562069914769774,-1.7298733905196912,-0.30694249824025854,22.097336541724683,-0.055020528572734165,-0.013917034409838039,-0.00052764,0.014867421928634288,0.0018549,1,1.0
1357,0.020584334972401447,0.005528062645170262,0.00043068,3.450317238911107,5.9334145391034205,53.44651828919164,0.5339017083921984,4.526032193760431,0.08613346713151913,-54.09932349182525,-0.2562069914769774,-35.886637815909346,-0.30694249824025854,25.424552221892114,-0.055020528572734165,-0.016677417685027437,-0.00052764,0.02489350075125138,0.0018549,1,1.0
1358,0.020224956430667212,0.002713447640598961,0.00043068,3.450317238911107,5.9334145391034205,2.2452078149913284,0.5339017083921984,-2.2336758673804,0.08613346713151913,-28.441840538517997,-0.2562069914769774,-8.116180363766292,-0.30694249824025854,31.334304825328136,-0.055020528572734165,-0.021923605808811624,-0.00052764,0.022086154954649353,0.0018549,1,1.0
1359,0.037869601080615045,0.006713498021087912,0.00043068,3.450317238911107,5.9334145391034205,-54.926512535831115,0.5339017083921984,10.3470452565299,0.08613346713151913,-31.995196216732733,-0.2562069914769774,9.601226132804324,-0.30694249824025854,14.112209863466914,-0.055020528572734165,-0.031922945783694416,-0.00052764,0.031190964705639486,0.0018549,1,1.0
1360,0.032783047030499085,0.00046558364723767675,0.00043068,3.450317238911107,5.9334145391034205,-49.147801977605674,0.5339017083921984,-0.2345185287502676,0.08613346713151913,-38.14943074907347,-0.2562069914769774,42.003218748458075,-0.30694249824025854,40.39456083137582,-0.055020528572734165,-0.007570881883541331,-0.00052764,0.00755591694012032,0.0018549,1,1.0
1361,0.00937008478360063,0.005660508360858486,0.00043068,3.450317238911107,5.9334145391034205,-14.85892941390575,0.5339017083921984,-2.1304616977517554,0.08613346713151913,-61.29171611674532,-0.2562069914769774,72.14561047427789,-0.30694249824025854,47.84879035975467,-0.055020528572734165,-0.022387424506924963,-0.00052764,0.026539199277697205,0.0018549,1,1.0
1362,0.002020093488216218,0.01237240396360332,0.00043068,3.450317238911107,5.9334145391034205,58.87068607894527,0.5339017083921984,8.773755563565226,0.08613346713151913,-43.96565414182299,-0.2562069914769774,40.52044098927321,-0.30694249824025854,-7.454996496852459,-0.055020528572734165,-0.0005470187955196534,-0.00052764,0.02375929971077598,0.0018549,1,1.0
1363,0.0030872173259971353,0.0028852902325107233,0.00043068,3.450317238911107,5.9334145391034205,6.936864675823084,0.5339017083921984,5.213923606547367,0.08613346713151913,-63.09524569139074,-0.2562069914769774,42.17835936758312,-0.30694249824025854,27.933784277151865,-0.055020528572734165,-0.007415927612457553,-0.00052764,0.012677490316494004,0.0018549,1,1.0
1364,0.038278266706736196,0.0015447205926691766,0.00043068,3.450317238911107,5.9334145391034205,-51.54793421069981,0.5339017083921984,0.0017499657113375783,0.08613346713151913,-44.83220681860127,-0.2562069914769774,50.4794568569514,-0.30694249824025854,45.18540043349697,-0.055020528572734165,-0.007407000960786123,-0.00052764,0.009378024309965283,0.0018549,1,1.0
1365,0.01647851810110873,0.0012486629302588847,0.00043068,3.450317238911107,5.9334145391034205,31.48138747707159,0.5339017083921984,8.574732257343024,0.08613346713151913,-74.23000919975709,-0.2562069914769774,-34.46549534308924,-0.30694249824025854,34.14093023404367,-0.055020528572734165,-0.02052699342001189,-0.00052764,0.020879993940477345,0.0018549,1,1.0
1366,0.024625812266648284,0.0011168643973004334,0.00043068,3.450317238911107,5.9334145391034205,-5.177727113189678,0.5339017083921984,7.025857731366187,0.08613346713151913,-58.07949455778812,-0.2562069914769774,0.042933904945556156,-0.30694249824025854,30.865233645284817,-0.055020528572734165,-0.01123044568914714,-0.00052764,0.012745016675738442,0.0018549,1,1.0
1367,0.02797344845310465,0.0019463913763858999,0.00043068,3.450317238911107,5.9334145391034205,4.095662096279663,0.5339017083921984,11.952044635495387,0.08613346713151913,-68.85343363596607,-0.2562069914769774,-29.264154612172828,-0.30694249824025854,28.370081896484535,-0.055020528572734165,-0.02116770918197868,-0.00052764,0.021070928742041504,0.0018549,1,1.0
1368,0.04347386164924455,0.004943632674365403,0.00043068,3.450317238911107,5.9334145391034205,-56.587003254062466,0.5339017083921984,-5.02874384304102,0.08613346713151913,-47.210039136680265,-0.2562069914769774,52.65892741427963,-0.30694249824025854,61.89555576784121,-0.055020528572734165,-0.026954974590150338,-0.00052764,0.026846703617784774,0.0018549,1,1.0
1369,0.013258491746798023,0.00020586196052615457,0.00043068,3.450317238911107,5.9334145391034205,-21.451416332577573,0.5339017083921984,4.58094126557614,0.08613346713151913,-57.22576878195197,-0.2562069914769774,36.66063182951623,-0.30694249824025854,33.72687640863447,-0.055020528572734165,-0.008679015753504184,-0.00052764,0.008712512346954707,0.0018549,1,1.0
1370,0.003111426734767289,0.001795734347636727,0.00043068,3.450317238911107,5.9334145391034205,-41.98640211033367,0.5339017083921984,5.932186424591946,0.08613346713151913,-35.31348612369448,-0.2562069914769774,60.989114484017165,-0.30694249824025854,13.257530136128581,-0.055020528572734165,-0.018378154238241358,-0.00052764,0.018393777364844474,0.0018549,1,1.0
1371,0.05972809340758331,0.00039831215791851697,0.00043068,3.450317238911107,5.9334145391034205,-26.516812935702013,0.5339017083921984,5.589487063384471,0.08613346713151913,-55.201715580056415,-0.2562069914769774,-29.76965021328017,-0.30694249824025854,46.589188599116724,-0.055020528572734165,-0.012145836231775666,-0.00052764,0.012291512994933007,0.0018549,1,1.0
1372,4.12215917547365e-06,0.0038438728676110697,0.00043068,3.450317238911107,5.9334145391034205,7.252043730589945,0.5339017083921984,-2.950589536131418,0.08613346713151913,-0.2484950760098319,-0.2562069914769774,29.334279183872027,-0.30694249824025854,2.580571862767579,-0.055020528572734165,-0.006325851555871861,-0.00052764,0.012920985259294785,0.0018549,1,1.0
1373,0.008724257242380809,0.001413016874370118,0.00043068,3.450317238911107,5.9334145391034205,10.023561810904928,0.5339017083921984,4.984937757650169,0.08613346713151913,-75.19812982446194,-0.2562069914769774,12.78654920452295,-0.30694249824025854,41.758689338374516,-0.055020528572734165,-0.019807378589809084,-0.00052764,0.019776861949713814,0.0018549,1,1.0
1374,0.009803790292150075,0.0006354094735742217,0.00043068,3.450317238911107,5.9334145391034205,25.600079466797375,0.5339017083921984,5.840618652995816,0.08613346713151913,-50.21266662661527,-0.2562069914769774,-27.442207737031623,-0.30694249824025854,22.35382568971447,-0.055020528572734165,-0.014649022094362413,-0.00052764,0.014812867163973573,0.0018549,1,1.0
1375,0.028312864532746562,0.0006817380108300637,0.00043068,3.450317238911107,5.9334145391034205,-6.7595090572094545,0.5339017083921984,8.273234388132652,0.08613346713151913,-63.48281010283785,-0.2562069914769774,-8.929849965003205,-0.30694249824025854,33.793747576637145,-0.055020528572734165,-0.01430502919114202,-0.00052764,0.014523612175591418,0.0018549,1,1.0
1376,0.030674714313162925,0.0007411305027164644,0.00043068,3.450317238911107,5.9334145391034205,-50.01755858619576,0.5339017083921984,2.7502740705805473,0.08613346713151913,-71.938913392543,-0.2562069914769774,64.11621083720216,-0.30694249824025854,55.32240456954219,-0.055020528572734165,-0.010764452437043572,-0.00052764,0.011135116128862362,0.0018549,1,1.0
1377,0.03594038974853758,0.0010959488756232148,0.00043068,3.450317238911107,5.9334145391034205,-26.099831875381646,0.5339017083921984,7.6009191340761255,0.08613346713151913,-53.861663099472466,-0.2562069914769774,3.4721108677377246,-0.30694249824025854,32.12147207784357,-0.055020528572734165,-0.012511736361495676,-0.00052764,0.013403574374677173,0.0018549,1,1.0
1378,0.001938488604280586,0.0027184387142725214,0.00043068,3.450317238911107,5.9334145391034205,23.902261209050128,0.5339017083921984,3.8394506865312406,0.08613346713151913,-78.32566375020082,-0.2562069914769774,9.776683060164084,-0.30694249824025854,43.39606431713179,-0.055020528572734165,-0.02576574568051965,-0.00052764,0.02580418586310892,0.0018549,1,1.0
1379,0.0006134308530861554,0.0015699177151338977,0.00043068,3.450317238911107,5.9334145391034205,2.152917189912177,0.5339017083921984,8.962006785335442,0.08613346713151913,-68.34741458294046,-0.2562069914769774,27.79390701254861,-0.30694249824025854,24.589312613468213,-0.055020528572734165,-0.014585180818335484,-0.00052764,0.01586663078699807,0.0018549,1,1.0
1380,0.09353141598023733,0.000958041963184422,0.00043068,3.450317238911107,5.9334145391034205,-68.69867419762676,0.5339017083921984,6.517052143390947,0.08613346713151913,-59.67338882840742,-0.2562069914769774,-18.93259694078963,-0.30694249824025854,60.873150451482466,-0.055020528572734165,-0.00924226850992429,-0.00052764,0.010435671267662561,0.0018549,1,1.0
1381,0.02377707335213039,0.0005266091817440421,0.00043068,3.450317238911107,5.9334145391034205,-13.394509732273443,0.5339017083921984,5.679282977449569,0.08613346713151913,-65.74554019716619,-0.2562069914769774,12.830397642910041,-0.30694249824025854,40.29142830914307,-0.055020528572734165,-0.012934396013317159,-0.00052764,0.01285408897187197,0.0018549,1,1.0
1382,0.038243726667075886,0.0011676508113931526,0.00043068,3.450317238911107,5.9334145391034205,-18.12703266043653,0.5339017083921984,8.120752137206994,0.08613346713151913,-64.94585007154461,-0.2562069914769774,-1.953917502351518,-0.30694249824025854,38.50832525162757,-0.055020528572734165,-0.01274062987169097,-0.00052764,0.014105803146016952,0.0018549,1,1.0
1383,0.004239763525088591,0.0019455541795284218,0.00043068,3.450317238911107,5.9334145391034205,61.12709773190618,0.5339017083921984,10.384295258223842,0.08613346713151913,-75.37977148600315,-0.2562069914769774,-55.81211399341258,-0.30694249824025854,24.498433680386565,-0.055020528572734165,-0.023218521226146708,-0.00052764,0.024171037952956848,0.0018549,1,1.0
1384,0.0013224735725808762,0.005885811329116557,0.00043068,3.450317238911107,5.9334145391034205,35.94327420842055,0.5339017083921984,-3.05594713799991,0.08613346713151913,-37.23513978092646,-0.2562069914769774,-16.65585138151863,-0.30694249824025854,30.842055161675365,-0.055020528572734165,-0.03349190929076503,-0.00052764,0.03359128803184019,0.0018549,1,1.0
1385,0.05593675272642764,0.000376054611338018,0.00043068,3.450317238911107,5.9334145391034205,-54.12270586541839,0.5339017083921984,2.20792079057037,0.08613346713151913,-50.03965806964643,-0.2562069914769774,16.42277607135187,-0.30694249824025854,51.11066136574039,-0.055020528572734165,-0.008208506979685944,-0.00052764,0.008263901229617319,0.0018549,1,1.0
1386,0.015380733774023422,0.004981918061509318,0.00043068,3.450317238911107,5.9334145391034205,26.78178274309183,0.5339017083921984,3.9207158643899467,0.08613346713151913,-67.14316636087888,-0.2562069914769774,12.097484907022729,-0.30694249824025854,35.861406935457936,-0.055020528572734165,-0.015912527424675457,-0.00052764,0.023016192636324102,0.0018549,1,1.0
1387,0.0029336262413130823,0.003944344663806742,0.00043068,3.450317238911107,5.9334145391034205,33.03825607487981,0.5339017083921984,2.6744280278964228,0.08613346713151913,-28.702899240660056,-0.2562069914769774,1.7232610864430666,-0.30694249824025854,7.795109032642582,-0.055020528572734165,-0.003912429148573781,-0.00052764,0.01149491206668157,0.0018549,1,1.0
1388,0.0004841290678366944,0.006041876124329343,0.00043068,3.450317238911107,5.9334145391034205,41.347701645645266,0.5339017083921984,-1.2345302825024005,0.08613346713151913,-17.224379013602192,-0.2562069914769774,5.150868534786637,-0.30694249824025854,6.659620388028609,-0.055020528572734165,-0.01108068218053906,-0.00052764,0.020602546814728086,0.0018549,1,1.0
1389,0.012610478632389503,0.002760269194801546,0.00043068,3.450317238911107,5.9334145391034205,9.30585991072531,0.5339017083921984,-0.3751632229972046,0.08613346713151913,-45.650045691226225,-0.2562069914769774,1.702909647166042,-0.30694249824025854,35.531399865920896,-0.055020528572734165,-0.022876886850345703,-0.00052764,0.02311765748831325,0.0018549,1,1.0
1390,0.039996759285256304,0.001010255069669436,0.00043068,3.450317238911107,5.9334145391034205,-3.230004176952415,0.5339017083921984,4.7431774633550985,0.08613346713151913,-59.785870424104644,-0.2562069914769774,-24.891272717474525,-0.30694249824025854,43.39493945054186,-0.055020528572734165,-0.016690306323697446,-0.00052764,0.017020799393076956,0.0018549,1,1.0
1391,0.026708886867789928,0.0016793894184289459,0.00043068,3.450317238911107,5.9334145391034205,-24.02368071351033,0.5339017083921984,1.4183379622783063,0.08613346713151913,-59.20348826742547,-0.2562069914769774,32.838063724692745,-0.30694249824025854,46.75843010900031,-0.055020528572734165,-0.015252065165297054,-0.00052764,0.01617154188583214,0.0018549,1,1.0
1392,0.09691154860618414,0.0005862338043600752,0.00043068,3.450317238911107,5.9334145391034205,-29.465823338023963,0.5339017083921984,5.081136386542208,0.08613346713151913,-41.210250402302854,-0.2562069914769774,-90.73935508153926,-0.30694249824025854,51.66791564117763,-0.055020528572734165,-0.013631364546091094,-0.00052764,0.013650899719924428,0.0018549,1,1.0
1393,0.016721360735960145,0.000835909075040042,0.00043068,3.450317238911107,5.9334145391034205,13.094675382559142,0.5339017083921984,6.921042086423611,0.08613346713151913,-68.88479807026411,-0.2562069914769774,-11.02554513529617,-0.30694249824025854,35.50574253540951,-0.055020528572734165,-0.01690559841895463,-0.00052764,0.017101818899732057,0.0018549,1,1.0
1394,0.013769635164313065,0.0031792993602509137,0.00043068,3.450317238911107,5.9334145391034205,29.709925820071675,0.5339017083921984,0.5866969905342714,0.08613346713151913,-40.81325748443695,-0.2562069914769774,-27.031182413998934,-0.30694249824025854,28.680284794789046,-0.055020528572734165,-0.02281772618837443,-0.00052764,0.024202427698531488,0.0018549,1,1.0
1395,0.004944854794781989,0.001364894391475259,0.00043068,3.450317238911107,5.9334145391034205,41.695298577453094,0.5339017083921984,8.189561324768228,0.08613346713151913,-46.140784207983344,-0.2562069914769774,-44.05673511939199,-0.30694249824025854,10.872529670819672,-0.055020528572734165,-0.014499451653630998,-0.00052764,0.01582567201298392,0.0018549,1,1.0
1396,0.03438362534977954,0.0007031336228067115,0.00043068,3.450317238911107,5.9334145391034205,10.020205935953468,0.5339017083921984,2.3775583981341066,0.08613346713151913,-25.08694800549147,-0.2562069914769774,-51.37002588951736,-0.30694249824025854,22.73937169252556,-0.055020528572734165,-0.011950146427488376,-0.00052764,0.012402627346073072,0.0018549,1,1.0
1397,0.005288576637933404,0.00042675145615586444,0.00043068,3.450317238911107,5.9334145391034205,-19.00558715119635,0.5339017083921984,5.682974767507875,0.08613346713151913,-52.85970072494661,-0.2562069914769774,39.49425742875566,-0.30694249824025854,25.323635565766185,-0.055020528572734165,-0.009722678667910885,-0.00052764,0.009675699722642178,0.0018549,1,1.0
1398,-0.0001105421398364401,0.0033203950749486322,0.00043068,3.450317238911107,5.9334145391034205,15.289713348646806,0.5339017083921984,0.298429815503082,0.08613346713151913,-51.32617919513872,-0.2562069914769774,12.198145726869402,-0.30694249824025854,33.38982996301524,-0.055020528572734165,-0.022956429628653314,-0.00052764,0.022574318935874176,0.0018549,1,1.0
1399,0.023021502903831828,0.0003929146995223683,0.00043068,3.450317238911107,5.9334145391034205,-55.07515078854364,0.5339017083921984,-0.6350636263111361,0.08613346713151913,-0.988300973148456,-0.2562069914769774,41.01010709904025,-0.30694249824025854,12.993366918813784,-0.055020528572734165,-0.009000074032733982,-0.00052764,0.009136842216399078,0.0018549,1,1.0
1400,0.06936366109129177,0.20308670666504736,0.00043068,1.9101617833100923,3.129449789051122,77.69125932651079,0.5339017083921984,25.38238205108898,0.08613346713151913,-78.60856356496434,-0.2562069914769774,41.61458933169059,-0.30694249824025854,-16.969468223747278,-0.055020528572734165,0.3481872229507251,-0.00052764,0.9081673388328377,0.0018549,0,1.0
1401,0.4591313213569911,0.05157746196330988,0.00043068,1.9101617833100923,3.129449789051122,-43.71194034272622,0.5339017083921984,4.9088519851167565,0.08613346713151913,-38.155926073370644,-0.2562069914769774,12.482956439968163,-0.30694249824025854,48.240109271823634,-0.055020528572734165,-0.1044242054651501,-0.00052764,0.1095846177972665,0.0018549,1,1.0
1402,0.056625224065847246,0.20117880486584497,0.00043068,1.9101617833100923,3.129449789051122,-12.322982769423609,0.5339017083921984,11.604397650325312,0.08613346713151913,-86.4656813032052,-0.2562069914769774,35.476227675620166,-0.30694249824025854,47.77456552421564,-0.055020528572734165,-0.29507031221699553,-0.00052764,0.299219245958809,0.0018549,1,1.0
1403,0.0014631231542799328,0.1268856501439502,0.00043068,1.9101617833100923,3.129449789051122,72.22924787668663,0.5339017083921984,6.706228729919046,0.08613346713151913,-19.643283444627837,-0.2562069914769774,33.19211847599856,-0.30694249824025854,-32.45503588095982,-0.055020528572734165,0.35573859593250234,-0.00052764,0.776226098295649,0.0018549,0,1.0
1404,0.25171403530213093,0.03600197094161824,0.00043068,1.9101617833100923,3.129449789051122,-71.6847534275688,0.5339017083921984,0.2187466144675931,0.08613346713151913,-67.42175238656287,-0.2562069914769774,84.09498942768789,-0.30694249824025854,66.70048512537728,-0.055020528572734165,-0.10591959625199232,-0.00052764,0.10755833408354765,0.0018549,1,1.0
1405,0.4533860146182023,0.3474150589917271,0.00043068,1.9101617833100923,3.129449789051122,-11.538925994250791,0.5339017083921984,14.530386563529909,0.08613346713151913,-75.27443195453172,-0.2562069914769774,-19.133076967524474,-0.30694249824025854,57.477373184764325,-0.055020528572734165,-0.4073552812666312,-0.00052764,0.388716466515637,0.0018549,1,1.0
1406,0.143345894800599,0.2020224788202166,0.00043068,1.9101617833100923,3.129449789051122,-0.18955426912969353,0.5339017083921984,13.420345479321009,0.08613346713151913,-65.25853910004098,-0.2562069914769774,5.367590632487708,-0.30694249824025854,33.12649880223547,-0.055020528572734165,-0.2693681654537133,-0.00052764,0.3142153609861245,0.0018549,1,1.0
1407,0.41396202391752474,0.2160314159979162,0.00043068,1.9101617833100923,3.129449789051122,-16.157157134110275,0.5339017083921984,10.84779012585856,0.08613346713151913,-62.39773160580064,-0.2562069914769774,-11.616291822346287,-0.30694249824025854,51.98125623916599,-0.055020528572734165,-0.31306557972993027,-0.00052764,0.29589046527867197,0.0018549,1,1.0
1408,-0.0013217504677378589,0.0814322426110256,0.00043068,1.9101617833100923,3.129449789051122,8.47672253384839,0.5339017083921984,6.006769129497881,0.08613346713151913,-21.628226885554042,-0.2562069914769774,-7.193048625007377,-0.30694249824025854,6.230331031769635,-0.055020528572734165,-0.16177999395371484,-0.00052764,0.14540170290313092,0.0018549,1,1.0
1409,0.8680476143460167,0.13224670036096658,0.00043068,1.9101617833100923,3.129449789051122,-40.00589962477004,0.5339017083921984,6.422240031142608,0.08613346713151913,-15.967830132779792,-0.2562069914769774,-48.760993666113265,-0.30694249824025854,52.21179903308514,-0.055020528572734165,-0.11599675265179463,-0.00052764,0.11434613153587289,0.0018549,1,1.0
1410,0.11429159996456328,0.23656271706600612,0.00043068,1.9101617833100923,3.129449789051122,25.999469716759112,0.5339017083921984,7.987884154619289,0.08613346713151913,-38.62241607869441,-0.2562069914769774,50.585211383590384,-0.30694249824025854,-2.272164877569455,-0.055020528572734165,0.21822312759444748,-0.00052764,0.6080675744395998,0.0018549,0,1.0
1411,0.013977602066602923,0.09865141941164274,0.00043068,1.9101617833100923,3.129449789051122,72.04688145265021,0.5339017083921984,15.44361208485733,0.08613346713151913,-46.19444477254626,-0.2562069914769774,10.779272293515497,-0.30694249824025854,-18.7810353139985,-0.055020528572734165,0.36344053621892974,-0.00052764,0.519134727462917,0.0018549,0,1.0
1412,0.30759520013802255,0.06940818200045934,0.00043068,1.9101617833100923,3.129449789051122,-69.57241429278372,0.5339017083921984,-1.657505511307661,0.08613346713151913,-50.755370351629956,-0.2562069914769774,68.72788867419864,-0.30694249824025854,60.79006378839554,-0.055020528572734165,-0.13030274157822863,-0.00052764,0.12048714097100788,0.0018549,1,1.0
1413,0.9257927103245618,0.31588092227482995,0.00043068,1.9101617833100923,3.129449789051122,21.4213729997323,0.5339017083921984,22.194827107288802,0.08613346713151913,-86.40559384343067,-0.2562069914769774,-1.3246495004992846,-0.30694249824025854,48.12040732074209,-0.055020528572734165,0.4150741028759167,-0.00052764,0.6547675020568439,0.0018549,0,1.0
1414,0.36127685627140826,0.08593845375275676,0.00043068,1.9101617833100923,3.129449789051122,-36.197494028535836,0.5339017083921984,5.253942580373037,0.08613346713151913,-63.96647492677568,-0.2562069914769774,27.640192014347615,-0.30694249824025854,58.689565171746,-0.055020528572734165,-0.14002422589143246,-0.00052764,0.16961449085128996,0.0018549,1,1.0
1415,0.009330953558780067,0.16937783550721355,0.00043068,1.9101617833100923,3.129449789051122,4.42061444110745,0.5339017083921984,1.9594373387665192,0.08613346713151913,-27.76961092633792,-0.2562069914769774,46.49009162268692,-0.30694249824025854,5.580460158310987,-0.055020528572734165,0.08665722894661289,-0.00052764,0.332682360003286,0.0018549,0,1.0
1416,0.010594431168341578,0.1489726767302407,0.00043068,1.9101617833100923,3.129449789051122,18.12179214497577,0.5339017083921984,9.245829180868471,0.08613346713151913,-46.72510142196481,-0.2562069914769774,9.934479590132858,-0.30694249824025854,13.068467299020124,-0.055020528572734165,-0.08458899340956075,-0.00052764,0.2829223077366535,0.0018549,1,1.0
1417,0.019833886894794595,0.16930393518800416,0.00043068,1.9101617833100923,3.129449789051122,16.794164335614603,0.5339017083921984,5.171072346568003,0.08613346713151913,-52.317005862067,-0.2562069914769774,55.880758222763504,-0.30694249824025854,12.811939168595554,-0.055020528572734165,0.19683971906856035,-0.00052764,0.393057639542587,0.0018549,0,1.0
1418,0.2173677474412034,0.11232126281015496,0.00043068,1.9101617833100923,3.129449789051122,-19.362104705248786,0.5339017083921984,4.553267617212961,0.08613346713151913,-56.34945535425417,-0.2562069914769774,34.21073914888345,-0.30694249824025854,41.81230697102916,-0.055020528572734165,-0.036794952016785676,-0.00052764,0.1926673645666055,0.0018549,1,1.0
1419,0.4915341040750895,0.14672115596163587,0.00043068,1.9101617833100923,3.129449789051122,-22.169364968769344,0.5339017083921984,6.17828762284007,0.08613346713151913,-47.54362381887362,-0.2562069914769774,7.316685446586182,-0.30694249824025854,46.93455336998287,-0.055020528572734165,0.01029487609421513,-0.00052764,0.19915821640775222,0.0018549,0,1.0
1420,0.1170958458932102,0.12984730258416202,0.00043068,1.9101617833100923,3.129449789051122,7.607155969832929,0.5339017083921984,7.515910692655159,0.08613346713151913,-38.66238199556657,-0.2562069914769774,-8.225986153140672,-0.30694249824025854,20.735411249160908,-0.055020528572734165,-0.2142315326307291,-0.00052764,0.24950045231354043,0.0018549,1,1.0
1421,0.021828011512065315,0.046269466818710414,0.00043068,1.9101617833100923,3.129449789051122,-14.72149505787542,0.5339017083921984,5.27391954558903,0.08613346713151913,-52.79274153319134,-0.2562069914769774,35.12455333151275,-0.30694249824025854,31.14981679899299,-0.055020528572734165,-0.10736134368141262,-0.00052764,0.13111297620689935,0.0018549,1,1.0
1422,0.0027332902288116356,0.14432146921990333,0.00043068,1.9101617833100923,3.129449789051122,58.66483261586411,0.5339017083921984,6.899090607459248,0.08613346713151913,-20.269772072668996,-0.2562069914769774,24.363784859016924,-0.30694249824025854,-24.471039072707132,-0.055020528572734165,0.31616550205751254,-0.00052764,0.5730475240848383,0.0018549,0,1.0
1423,0.13210676339425442,0.13933989439450883,0.00043068,1.9101617833100923,3.129449789051122,49.683836487853185,0.5339017083921984,9.531230039985179,0.08613346713151913,-33.766363911961406,-0.2562069914769774,20.715803503332086,-0.30694249824025854,-10.172845007658802,-0.055020528572734165,0.36462989351351377,-0.00052764,0.4925264483835154,0.0018549,0,1.0
1424,0.573472408129089,0.09330238062881421,0.00043068,1.9101617833100923,3.129449789051122,-48.75316710447167,0.5339017083921984,10.011491665518006,0.08613346713151913,-75.23876436754537,-0.2562069914769774,17.62235270731746,-0.30694249824025854,73.11355879022378,-0.055020528572734165,-0.18462634509580658,-0.00052764,0.19525766228517463,0.0018549,1,1.0
1425,0.026644691791594344,0.13854431973312697,0.00043068,1.9101617833100923,3.129449789051122,73.54513146324199,0.5339017083921984,7.807815163409178,0.08613346713151913,-47.82061404034581,-0.2562069914769774,47.92842800843472,-0.30694249824025854,-15.699070086665346,-0.055020528572734165,0.3515542532065086,-0.00052764,0.860709449365791,0.0018549,0,1.0
1426,0.76227319181539,0.162621627871648,0.00043068,1.9101617833100923,3.129449789051122,-26.68599596956784,0.5339017083921984,8.399710087662964,0.08613346713151913,-13.926966424605968,-0.2562069914769774,-56.85347504929994,-0.30694249824025854,41.70589998886691,-0.055020528572734165,-0.18371438142324426,-0.00052764,0.16366567215681949,0.0018549,1,1.0
1427,0.27061761877483836,0.04460584281433394,0.00043068,1.9101617833100923,3.129449789051122,-39.8749869273537,0.5339017083921984,2.4787634881826985,0.08613346713151913,-33.05318688578717,-0.2562069914769774,27.19299252422583,-0.30694249824025854,38.12446626788425,-0.055020528572734165,-0.10104231229649477,-0.00052764,0.08978301958830193,0.0018549,1,1.0
1428,0.007001446924132182,0.09367725222351983,0.00043068,1.9101617833100923,3.129449789051122,74.69026151089147,0.5339017083921984,12.11057837100494,0.08613346713151913,-49.57109053637264,-0.2562069914769774,46.39447101017479,-0.30694249824025854,-21.308471828886976,-0.055020528572734165,0.489301953449227,-0.00052764,0.7261385749096964,0.0018549,0,1.0
1429,0.5817749577371865,0.18751769109473054,0.00043068,1.9101617833100923,3.129449789051122,-30.226812183997456,0.5339017083921984,11.003902542541722,0.08613346713151913,-67.01455621935916,-0.2562069914769774,18.774744843427033,-0.30694249824025854,57.54089865181333,-0.055020528572734165,0.02161277158786644,-0.00052764,0.264611935022137,0.0018549,0,1.0
1430,0.13799618611113135,0.12698551834111182,0.00043068,1.9101617833100923,3.129449789051122,-53.99953477816163,0.5339017083921984,-4.4712742215645,0.08613346713151913,-25.459973553822916,-0.2562069914769774,65.58875890565362,-0.30694249824025854,35.579975332610076,-0.055020528572734165,-0.20051101553095851,-0.00052764,0.23493631790630926,0.0018549,1,1.0
1431,0.029012467183622104,0.060210652988535215,0.00043068,1.9101617833100923,3.129449789051122,-4.818868280361305,0.5339017083921984,6.754115354701352,0.08613346713151913,-40.60953502538521,-0.2562069914769774,19.08807949018254,-0.30694249824025854,19.547773734055696,-0.055020528572734165,-0.10254818228438686,-0.00052764,0.1524388282552597,0.0018549,1,1.0
1432,0.6672202794771728,0.18511591261836383,0.00043068,1.9101617833100923,3.129449789051122,-46.8075752849677,0.5339017083921984,13.965661131444449,0.08613346713151913,-86.00945280427165,-0.2562069914769774,12.656580886021931,-0.30694249824025854,78.31605148188639,-0.055020528572734165,-0.2131927652877822,-0.00052764,0.2871754788119395,0.0018549,1,1.0
1433,0.26099822425469643,0.12745143830124087,0.00043068,1.9101617833100923,3.129449789051122,-28.92604140648115,0.5339017083921984,8.272312881355827,0.08613346713151913,-83.27406624117478,-0.2562069914769774,64.61808456862909,-0.30694249824025854,54.66277691110598,-0.055020528572734165,0.10348980655166243,-0.00052764,0.20748889443030025,0.0018549,0,1.0
1434,0.0036711710485196614,0.12169891599047239,0.00043068,1.9101617833100923,3.129449789051122,8.456172092349261,0.5339017083921984,9.165416282335581,0.08613346713151913,-43.208977475052606,-0.2562069914769774,17.805433155871484,-0.30694249824025854,12.263973708214255,-0.055020528572734165,-0.060619641808938,-0.00052764,0.23125027285580194,0.0018549,1,1.0
1435,0.033347671807929045,0.13909653461146088,0.00043068,1.9101617833100923,3.129449789051122,6.887672664938291,0.5339017083921984,-0.290298703087222,0.08613346713151913,-14.276301262632023,-0.2562069914769774,20.606216041821398,-0.30694249824025854,4.423896545738003,-0.055020528572734165,0.018809303936095548,-0.00052764,0.23870727740338565,0.0018549,0,1.0
1436,0.4612102308424723,0.1451809462267919,0.00043068,1.9101617833100923,3.129449789051122,-7.3994118996677,0.5339017083921984,8.994946215874961,0.08613346713151913,-18.14036082292373,-0.2562069914769774,-45.329105371135675,-0.30694249824025854,26.135186068166558,-0.055020528572734165,-0.2194226831025077,-0.00052764,0.19134429533869615,0.0018549,1,1.0
1437,0.11354169862397029,0.23388171678816755,0.00043068,1.9101617833100923,3.129449789051122,40.62881048778359,0.5339017083921984,7.39635672575417,0.08613346713151913,-40.530919710769616,-0.2562069914769774,67.24906225264034,-0.30694249824025854,-10.05994774501297,-0.055020528572734165,0.2925339134584881,-0.00052764,0.8528162559164749,0.0018549,0,1.0
1438,0.030405114800634125,0.13257942767492445,0.00043068,1.9101617833100923,3.129449789051122,78.31739145013188,0.5339017083921984,16.257057924757635,0.08613346713151913,-32.86714932369216,-0.2562069914769774,-3.2469938288021245,-0.30694249824025854,-29.0768633202142,-0.055020528572734165,0.3503872736099207,-0.00052764,0.5458757576499224,0.0018549,0,1.0
1439,0.004132952684745339,0.1455927942934851,0.00043068,1.9101617833100923,3.129449789051122,9.831018951705328,0.5339017083921984,5.704512933477007,0.08613346713151913,-55.85461580096727,-0.2562069914769774,53.58920460136247,-0.30694249824025854,17.823800632172997,-0.055020528572734165,0.1663764687892049,-0.00052764,0.29313279638037704,0.0018549,0,1.0
1440,0.30788476870722614,0.16214910996615323,0.00043068,1.9101617833100923,3.129449789051122,18.811783200389932,0.5339017083921984,9.39233359883633,0.08613346713151913,-18.618327149442692,-0.2562069914769774,-50.437431148615296,-0.30694249824025854,12.799000636455926,-0.055020528572734165,-0.2305358530017727,-0.00052764,0.2868410461189459,0.0018549,1,1.0
1441,1.0489111187335602,0.2690915187778192,0.00043068,1.9101617833100923,3.129449789051122,-33.03354628354225,0.5339017083921984,13.066076227182382,0.08613346713151913,-38.46483339180948,-0.2562069914769774,-73.11232320924368,-0.30694249824025854,67.4313558412614,-0.055020528572734165,-0.2909291497944604,-0.00052764,0.28849582079055125,0.0018549,1,1.0
1442,0.28244867772546467,0.2145898144962627,0.00043068,1.9101617833100923,3.129449789051122,-1.0617654630707376,0.5339017083921984,13.827169444924634,0.08613346713151913,-59.030316621552444,-0.2562069914769774,-14.16454335476229,-0.30694249824025854,36.21714766887081,-0.055020528572734165,-0.3025176876061432,-0.00052764,0.32698608248721767,0.0018549,1,1.0
1443,0.0629764311909695,0.06856533940100648,0.00043068,1.9101617833100923,3.129449789051122,-21.60438474761585,0.5339017083921984,1.8125052317878547,0.08613346713151913,-49.855592044863016,-0.2562069914769774,37.7440870197949,-0.30694249824025854,37.16721758473118,-0.055020528572734165,-0.14282118996599585,-0.00052764,0.14311738696129123,0.0018549,1,1.0
1444,-0.01809314848463406,0.1754247773756429,0.00043068,1.9101617833100923,3.129449789051122,56.57038992159948,0.5339017083921984,6.865415179448491,0.08613346713151913,-23.84264203647726,-0.2562069914769774,24.85334771095506,-0.30694249824025854,-21.393663318405007,-0.055020528572734165,0.30714735474302995,-0.00052764,0.5248735513336684,0.0018549,0,1.0
1445,0.4576769000170596,0.18526765695613065,0.00043068,1.9101617833100923,3.129449789051122,-8.00376341914791,0.5339017083921984,12.272114513150273,0.08613346713151913,-55.87122493278367,-0.2562069914769774,-1.189010096710971,-0.30694249824025854,39.86545251057204,-0.055020528572734165,-0.037541858394045474,-0.00052764,0.3029881019782318,0.0018549,1,1.0
1446,0.09905697627891304,0.028696962862111413,0.00043068,1.9101617833100923,3.129449789051122,-23.04289058948003,0.5339017083921984,-1.2658596380525462,0.08613346713151913,-25.159923021762154,-0.2562069914769774,28.07222395195221,-0.30694249824025854,26.33411622013118,-0.055020528572734165,-0.06951385635059473,-0.00052764,0.07531930837194101,0.0018549,1,1.0
1447,0.40844813594600343,0.1665502410895654,0.00043068,1.9101617833100923,3.129449789051122,-30.611517905578193,0.5339017083921984,9.1421576501543,0.08613346713151913,-75.70365880346654,-0.2562069914769774,14.189155630719961,-0.30694249824025854,64.25973789393777,-0.055020528572734165,-0.269581604722985,-0.00052764,0.26532987789693596,0.0018549,1,1.0
1448,-3.053931995400383e-06,0.06290223050587743,0.00043068,1.9101617833100923,3.129449789051122,99.67831607538757,0.5339017083921984,13.560734233555976,0.08613346713151913,-36.209433950651224,-0.2562069914769774,3.8238532087640627,-0.30694249824025854,-33.671895146643514,-0.055020528572734165,0.4173741264097114,-0.00052764,0.726091836852378,0.0018549,0,1.0
1449,0.6790170358460571,0.14263955907944487,0.00043068,1.9101617833100923,3.129449789051122,-49.64874065591052,0.5339017083921984,9.262433877363588,0.08613346713151913,-67.32624478502893,-0.2562069914769774,0.7894805774952361,-0.30694249824025854,75.14544973743307,-0.055020528572734165,-0.21164472907397477,-0.00052764,0.18913355034523024,0.0018549,1,1.0
1450,0.00480923622578433,0.3386153799281145,0.00043068,1.9101617833100923,3.129449789051122,61.92130236619645,0.5339017083921984,18.089750890940373,0.08613346713151913,-45.07538626930933,-0.2562069914769774,31.776739688000017,-0.30694249824025854,-24.924425376323764,-0.055020528572734165,0.21060883777439082,-0.00052764,0.7771652251535206,0.0018549,0,1.0
1451,0.446112830088198,0.15273382115837933,0.00043068,1.9101617833100923,3.129449789051122,-58.16070263672714,0.5339017083921984,-3.2921803799844955,0.08613346713151913,-11.490406594358234,-0.2562069914769774,22.24172523066814,-0.30694249824025854,42.807609596716325,-0.055020528572734165,-0.17855124070138545,-0.00052764,0.1442460463624517,0.0018549,1,1.0
1452,0.018394517453670323,0.16447591879365503,0.00043068,1.9101617833100923,3.129449789051122,57.23878400490009,0.5339017083921984,7.470363818523854,0.08613346713151913,-7.374872368982896,-0.2562069914769774,3.8907192156024544,-0.30694249824025854,-29.328593957650384,-0.055020528572734165,0.2841511354956192,-0.00052764,0.46215505432972404,0.0018549,0,1.0
1453,0.10905857938793684,0.06096981828141328,0.00043068,1.9101617833100923,3.129449789051122,-25.35146457975045,0.5339017083921984,8.158329853113242,0.08613346713151913,-68.76607321947853,-0.2562069914769774,40.90674478791396,-0.30694249824025854,44.31763814379353,-0.055020528572734165,-0.1565680047876573,-0.00052764,0.1674639972246562,0.0018549,1,1.0
1454,0.1252543515984023,0.19902166735531004,0.00043068,1.9101617833100923,3.129449789051122,39.496099978667125,0.5339017083921984,9.974970470096162,0.08613346713151913,-43.9829906698815,-0.2562069914769774,3.72481577750227,-0.30694249824025854,5.391475935478405,-0.055020528572734165,0.09364886055099905,-0.00052764,0.4329136349610535,0.0018549,0,1.0
1455,0.0006924461169085516,0.10352175056488094,0.00043068,1.9101617833100923,3.129449789051122,79.51780523204246,0.5339017083921984,15.853635954649043,0.08613346713151913,-53.37594424322594,-0.2562069914769774,9.490263608642236,-0.30694249824025854,-16.834211156248717,-0.055020528572734165,0.30980694790733754,-0.00052764,0.6051927473422646,0.0018549,0,1.0
1456,0.16536291739495634,0.14177716954348454,0.00043068,1.9101617833100923,3.129449789051122,0.7231761703685047,0.5339017083921984,11.136781570191877,0.08613346713151913,-49.342989164729474,-0.2562069914769774,-4.970587255132783,-0.30694249824025854,26.83484744441965,-0.055020528572734165,-0.23617634407673607,-0.00052764,0.26168504772454404,0.0018549,1,1.0
1457,0.031166232543875627,0.12157580795493453,0.00043068,1.9101617833100923,3.129449789051122,43.84111006178406,0.5339017083921984,12.706697500235999,0.08613346713151913,-58.89663521924051,-0.2562069914769774,34.59015673965337,-0.30694249824025854,1.2307703833223242,-0.055020528572734165,0.3146212460708579,-0.00052764,0.42216099112000066,0.0018549,0,1.0
1458,0.7737233648402122,0.30237865486744975,0.00043068,1.9101617833100923,3.129449789051122,21.999012705639412,0.5339017083921984,20.198869659883687,0.08613346713151913,-79.02305170118531,-0.2562069914769774,-10.229078463195876,-0.30694249824025854,43.676841684899124,-0.055020528572734165,0.24426195122048255,-0.00052764,0.5922570828098678,0.0018549,0,1.0
1459,-0.03982114051246986,0.1750496361663369,0.00043068,1.9101617833100923,3.129449789051122,-1.2978802657317294,0.5339017083921984,1.0780540534548855,0.08613346713151913,-32.55569337184601,-0.2562069914769774,27.512387591743458,-0.30694249824025854,16.534801687049104,-0.055020528572734165,-0.088943800148573,-0.00052764,0.17510107388707685,0.0018549,1,1.0
1460,0.17713334325813565,0.04665443448325175,0.00043068,1.9101617833100923,3.129449789051122,-0.7391917715337942,0.5339017083921984,1.847586009499854,0.08613346713151913,-10.400531183180295,-0.2562069914769774,-16.41932166229586,-0.30694249824025854,14.011168337290398,-0.055020528572734165,-0.13086962708527744,-0.00052764,0.12724325765449035,0.0018549,1,1.0
1461,0.23279275075885275,0.4719429016901249,0.00043068,1.9101617833100923,3.129449789051122,97.50068168859976,0.5339017083921984,34.03622029908412,0.08613346713151913,-84.5205124763105,-0.2562069914769774,-5.898739282484627,-0.30694249824025854,-17.592442837217682,-0.055020528572734165,0.21258329474183896,-0.00052764,1.028117427094684,0.0018549,0,1.0
1462,0.02434306913982498,0.1701603358537226,0.00043068,1.9101617833100923,3.129449789051122,6.218544434732265,0.5339017083921984,8.625208660953682,0.08613346713151913,-60.6190782217082,-0.2562069914769774,22.082576765478734,-0.30694249824025854,27.014531461455043,-0.055020528572734165,-0.15734509790852072,-0.00052764,0.2909758156000042,0.0018549,1,1.0
1463,0.9308320953296159,0.21843631538318092,0.00043068,1.9101617833100923,3.129449789051122,-57.46774953091527,0.5339017083921984,3.077455210668603,0.08613346713151913,-24.206538123126432,-0.2562069914769774,-18.39680369497564,-0.30694249824025854,64.70496514530866,-0.055020528572734165,0.010022571029868109,-0.00052764,0.09447155601780821,0.0018549,0,1.0
1464,0.14554739089647828,0.21496045114424714,0.00043068,1.9101617833100923,3.129449789051122,-0.828338619633582,0.5339017083921984,12.135498783706385,0.08613346713151913,-80.60311800603336,-0.2562069914769774,27.627297371734244,-0.30694249824025854,41.789025240609725,-0.055020528572734165,-0.16644167288021372,-0.00052764,0.3518961260739011,0.0018549,1,1.0
1465,0.426310286518767,0.08089644594307102,0.00043068,1.9101617833100923,3.129449789051122,-23.42893263321202,0.5339017083921984,-0.7491352983420907,0.08613346713151913,-6.701107348610291,-0.2562069914769774,-12.37419815833113,-0.30694249824025854,29.23294740309937,-0.055020528572734165,-0.056800638578947016,-0.00052764,0.10020833693781689,0.0018549,1,1.0
1466,0.16938372506804797,0.048801291064269725,0.00043068,1.9101617833100923,3.129449789051122,-3.219278625602244,0.5339017083921984,4.840691960624068,0.08613346713151913,-6.467228232492919,-0.2562069914769774,-15.521184238105429,-0.30694249824025854,7.076022057442727,-0.055020528572734165,-0.11626208864912056,-0.00052764,0.12414993892066632,0.0018549,1,1.0
1467,0.7536713412241902,0.295319776200899,0.00043068,1.9101617833100923,3.129449789051122,53.64616658005854,0.5339017083921984,21.039950592825498,0.08613346713151913,-74.21190585656176,-0.2562069914769774,-26.53890679032791,-0.30694249824025854,29.310564587090898,-0.055020528572734165,0.2841256623574383,-0.00052764,0.7610062641175864,0.0018549,0,1.0
1468,0.2530083675669613,0.17671673631422874,0.00043068,1.9101617833100923,3.129449789051122,-13.833789434269567,0.5339017083921984,11.514140180657236,0.08613346713151913,-51.148244825374704,-0.2562069914769774,-2.330473455836521,-0.30694249824025854,35.07550716327314,-0.055020528572734165,-0.26418188265574644,-0.00052764,0.23980386868978448,0.0018549,1,1.0
1469,0.41969874527324574,0.22831851562645206,0.00043068,1.9101617833100923,3.129449789051122,3.755669061278591,0.5339017083921984,9.419530179581853,0.08613346713151913,-36.36563872145045,-0.2562069914769774,-43.80962727142974,-0.30694249824025854,33.80460076409653,-0.055020528572734165,-0.32901396018312384,-0.00052764,0.3270028848949859,0.0018549,1,1.0
1470,-0.026743901506928847,0.3155392222067426,0.00043068,1.9101617833100923,3.129449789051122,80.63295182774226,0.5339017083921984,5.907087507931193,0.08613346713151913,-57.07482803494916,-0.2562069914769774,90.14873754992927,-0.30694249824025854,-20.35014464900283,-0.055020528572734165,0.4039906506487194,-0.00052764,1.1933390655002925,0.0018549,0,1.0
1471,0.3921053676198166,0.31510957356295083,0.00043068,1.9101617833100923,3.129449789051122,16.607162671066302,0.5339017083921984,17.88134018779947,0.08613346713151913,-57.85124854396563,-0.2562069914769774,-19.79332286221032,-0.30694249824025854,26.049909516159182,-0.055020528572734165,-0.12093362728779872,-0.00052764,0.4508901219738734,0.0018549,1,1.0
1472,1.052413745378884,0.446779306543976,0.00043068,1.9101617833100923,3.129449789051122,39.11590006217756,0.5339017083921984,17.72825545706453,0.08613346713151913,-55.71064204244152,-0.2562069914769774,-36.90354474899051,-0.30694249824025854,35.482048606439555,-0.055020528572734165,0.4467768804331883,-0.00052764,0.7075313185342599,0.0018549,0,1.0
1473,0.6285422273194835,0.20676004139711768,0.00043068,1.9101617833100923,3.129449789051122,-37.378388111391885,0.5339017083921984,13.623401745549291,0.08613346713151913,-74.90007614787753,-0.2562069914769774,10.962165997087613,-0.30694249824025854,65.78768339031295,-0.055020528572734165,-0.13327200294150368,-0.00052764,0.299801430669857,0.0018549,1,1.0
1474,0.5241353374447093,0.23353284680611897,0.00043068,1.9101617833100923,3.129449789051122,56.99716378776789,0.5339017083921984,16.01673650050337,0.08613346713151913,-53.054283663191484,-0.2562069914769774,-19.44709923928146,-0.30694249824025854,11.639981033907171,-0.055020528572734165,0.2919449767422094,-0.00052764,0.6569194262314443,0.0018549,0,1.0
1475,0.1667661864080291,0.24804998598491165,0.00043068,1.9101617833100923,3.129449789051122,32.76388106500435,0.5339017083921984,12.975006735237312,0.08613346713151913,-23.146255072552442,-0.2562069914769774,-55.037290041785454,-0.30694249824025854,3.0527677816031633,-0.055020528572734165,-0.3214854610059973,-0.00052764,0.34774357871271244,0.0018549,1,1.0
1476,0.05072877279381245,0.015347484228344591,0.00043068,1.9101617833100923,3.129449789051122,-32.10487660657198,0.5339017083921984,-1.1644744506137454,0.08613346713151913,-35.06717336297448,-0.2562069914769774,47.88847509639251,-0.30694249824025854,31.52513028518257,-0.055020528572734165,-0.04668156932085233,-0.00052764,0.04981419128678114,0.0018549,1,1.0
1477,0.35209322810007715,0.24503156423953065,0.00043068,1.9101617833100923,3.129449789051122,17.14568663308762,0.5339017083921984,13.861391877756896,0.08613346713151913,-52.84703649284903,-0.2562069914769774,19.47198161381474,-0.30694249824025854,17.158499843928258,-0.055020528572734165,0.194491800330463,-0.00052764,0.4727993159053623,0.0018549,0,1.0
1478,0.26688289214777283,0.12191761058372659,0.00043068,1.9101617833100923,3.129449789051122,59.22920561441085,0.5339017083921984,20.09141549452188,0.08613346713151913,-69.35044860035543,-0.2562069914769774,22.98291612523692,-0.30694249824025854,0.6254465688811999,-0.055020528572734165,0.419525075124783,-0.00052764,0.654496741121462,0.0018549,0,1.0
1479,0.6705571128662611,0.1706947240449932,0.00043068,1.9101617833100923,3.129449789051122,-62.54022392831899,0.5339017083921984,0.958713142067706,0.08613346713151913,-24.37068884493025,-0.2562069914769774,13.19057518424245,-0.30694249824025854,55.951837598393105,-0.055020528572734165,-0.12632237026756463,-0.00052764,0.1796038356405472,0.0018549,1,1.0
1480,0.21998293795106627,0.20642896258201127,0.00043068,1.9101617833100923,3.129449789051122,34.20045483986243,0.5339017083921984,13.453917392596802,0.08613346713151913,-34.845227530953345,-0.2562069914769774,-17.175423432739493,-0.30694249824025854,2.7125486119331175,-0.055020528572734165,0.0489836959638604,-0.00052764,0.38019269583341975,0.0018549,0,1.0
1481,-0.03232587010168575,0.19648077847368622,0.00043068,1.9101617833100923,3.129449789051122,68.26706163284716,0.5339017083921984,8.377698878654446,0.08613346713151913,-41.55963405284992,-0.2562069914769774,66.1618944885236,-0.30694249824025854,-25.24630288932946,-0.055020528572734165,0.4001873583686687,-0.00052764,0.8960532957907407,0.0018549,0,1.0
1482,1.0100763811130455,0.26755088797840165,0.00043068,1.9101617833100923,3.129449789051122,-61.47058998532747,0.5339017083921984,5.968812705573307,0.08613346713151913,-38.87372955099471,-0.2562069914769774,-36.93915537986187,-0.30694249824025854,80.0128437283697,-0.055020528572734165,-0.18662238369647427,-0.00052764,0.11206675134547323,0.0018549,1,1.0
1483,0.03882498112188476,0.13514361328532387,0.00043068,1.9101617833100923,3.129449789051122,16.296012138118016,0.5339017083921984,3.7784235706497253,0.08613346713151913,-18.363093418663013,-0.2562069914769774,19.285400794149997,-0.30694249824025854,-1.8423656064799478,-0.055020528572734165,0.1364723002680433,-0.00052764,0.23765017784012754,0.0018549,0,1.0
1484,0.023175901494629003,0.0731689554606711,0.00043068,1.9101617833100923,3.129449789051122,57.41655078426086,0.5339017083921984,13.140610508190646,0.08613346713151913,-56.94394082419031,-0.2562069914769774,37.96201966889405,-0.30694249824025854,-7.527927221796738,-0.055020528572734165,0.4469015764024986,-0.00052764,0.4821154233762389,0.0018549,0,1.0
1485,0.06249572724546848,0.16734212090111455,0.00043068,1.9101617833100923,3.129449789051122,-14.076212943185004,0.5339017083921984,12.689750389114023,0.08613346713151913,-79.7206426313658,-0.2562069914769774,36.45800930379751,-0.30694249824025854,41.49768888587607,-0.055020528572734165,-0.2399075529567446,-0.00052764,0.27630525724590715,0.0018549,1,1.0
1486,0.0015750103633013768,0.14295260547340438,0.00043068,1.9101617833100923,3.129449789051122,30.679185985896904,0.5339017083921984,7.252783041260544,0.08613346713151913,-54.44268685189241,-0.2562069914769774,63.54625582218181,-0.30694249824025854,3.3360542036616856,-0.055020528572734165,0.29480631517365935,-0.00052764,0.5179938160956623,0.0018549,0,1.0
1487,1.3419578430921733,0.630256842192453,0.00043068,1.9101617833100923,3.129449789051122,71.02990517917475,0.5339017083921984,29.68811745496261,0.08613346713151913,-95.77939956650937,-0.2562069914769774,-58.48200824797944,-0.30694249824025854,48.20524179539622,-0.055020528572734165,0.4615181541658022,-0.00052764,1.0954876285791193,0.0018549,0,1.0
1488,0.6524661979816384,0.07905393430505178,0.00043068,1.9101617833100923,3.129449789051122,-60.45492431267807,0.5339017083921984,8.103238547999087,0.08613346713151913,-69.88828422096522,-0.2562069914769774,20.16239423572548,-0.30694249824025854,77.8246176476335,-0.055020528572734165,-0.1421168321764734,-0.00052764,0.1367595196534643,0.0018549,1,1.0
1489,0.005498196431494851,0.039213948184022795,0.00043068,1.9101617833100923,3.129449789051122,60.51740180298275,0.5339017083921984,15.218543895296893,0.08613346713151913,-68.86952532455341,-0.2562069914769774,46.97819764945143,-0.30694249824025854,-5.254285168284466,-0.055020528572734165,0.479436275951094,-0.00052764,0.5217503301432881,0.0018549,0,1.0
1490,0.01692047995287914,0.23262417316646242,0.00043068,1.9101617833100923,3.129449789051122,9.63295882701976,0.5339017083921984,0.03675292563223187,0.08613346713151913,-29.57949859937532,-0.2562069914769774,51.14219694245545,-0.30694249824025854,6.752231236106377,-0.055020528572734165,0.07874681310052609,-0.00052764,0.4321362123630863,0.0018549,0,1.0
1491,0.8808660998970281,0.3224238006644496,0.00043068,1.9101617833100923,3.129449789051122,-24.57479473204133,0.5339017083921984,16.760449950066167,0.08613346713151913,-55.27320632513561,-0.2562069914769774,-52.16874395013359,-0.30694249824025854,62.33790560504247,-0.055020528572734165,-0.28994690771337145,-0.00052764,0.36604765370213427,0.0018549,1,1.0
1492,0.4132574918778324,0.04661213688639731,0.00043068,1.9101617833100923,3.129449789051122,-26.08271276702721,0.5339017083921984,5.73432757561606,0.08613346713151913,-38.969172354532404,-0.2562069914769774,-3.5421472644122085,-0.30694249824025854,43.33535053684511,-0.055020528572734165,-0.12675882016652,-0.00052764,0.13015966015159655,0.0018549,1,1.0
1493,0.3861606675538054,0.08503278340888358,0.00043068,1.9101617833100923,3.129449789051122,-23.659893143425567,0.5339017083921984,7.333605919341907,0.08613346713151913,-45.23341795632885,-0.2562069914769774,8.26567672275549,-0.30694249824025854,41.25512788463697,-0.055020528572734165,-0.05567882298313409,-0.00052764,0.16010156130115688,0.0018549,1,1.0
1494,0.6568339577170863,0.1575521845080036,0.00043068,1.9101617833100923,3.129449789051122,-36.39529016756184,0.5339017083921984,10.965358635396736,0.08613346713151913,-61.96753254452615,-0.2562069914769774,-0.7855087413741123,-0.30694249824025854,62.85876556867386,-0.055020528572734165,-0.10950814538161463,-0.00052764,0.23530402635107733,0.0018549,1,1.0
1495,1.5694092367263268e-05,0.090421006666105,0.00043068,1.9101617833100923,3.129449789051122,1.0064679553283251,0.5339017083921984,3.18397813727659,0.08613346713151913,-24.683898375520933,-0.2562069914769774,3.65326813259291,-0.30694249824025854,13.209852201337434,-0.055020528572734165,-0.15409583905901053,-0.00052764,0.12497366550756946,0.0018549,1,1.0
1496,0.4025271742958393,0.08708609358044486,0.00043068,1.9101617833100923,3.129449789051122,-43.67472218541167,0.5339017083921984,-0.04504039028045785,0.08613346713151913,-14.386982902767011,-0.2562069914769774,14.502528942381865,-0.30694249824025854,35.188334147276514,-0.055020528572734165,-0.12391170426056147,-0.00052764,0.14610929727801347,0.0018549,1,1.0
1497,0.3963449477940887,0.19306895430442897,0.00043068,1.9101617833100923,3.129449789051122,8.610107436988828,0.5339017083921984,13.500613479416772,0.08613346713151913,-68.61045861736974,-0.2562069914769774,25.51902211475931,-0.30694249824025854,33.053442820966694,-0.055020528572734165,0.22009110171596757,-0.00052764,0.389162481798485,0.0018549,0,1.0
1498,0.531229697419266,0.30569301410558986,0.00043068,1.9101617833100923,3.129449789051122,14.028966329235129,0.5339017083921984,16.122699811934407,0.08613346713151913,-44.51979823356876,-0.2562069914769774,-50.88164627871425,-0.30694249824025854,30.40594409055499,-0.055020528572734165,-0.2265282998216387,-0.00052764,0.4150615344177193,0.0018549,1,1.0
1499,0.43726229780842896,0.29603577514940016,0.00043068,1.9101617833100923,3.129449789051122,3.4163009129353616,0.5339017083921984,17.42349179415991,0.08613346713151913,-69.75759043170817,-0.2562069914769774,-11.7626169871731,-0.30694249824025854,40.506789427355656,-0.055020528572734165,-0.1732299564439178,-0.00052764,0.4271508305976425,0.0018549,1,1.0
1500,1.3386492464891666,0.9315805662258472,0.00043068,0.7950698454640701,2.498501227223157,24.75578898155873,0.5339017083921984,34.06264099377561,0.08613346713151913,-10.596791731222927,-0.2562069914769774,-68.20029543997953,-0.30694249824025854,0.3121057784748811,-0.055020528572734165,0.2836416842777827,-0.00052764,6.3865724928937695,0.0018549,0,1.0
1501,-0.09001232021658634,0.3858120627086584,0.00043068,0.7950698454640701,2.498501227223157,26.526162626930084,0.5339017083921984,35.02589488063859,0.08613346713151913,-73.3380842708857,-0.2562069914769774,42.78144061858588,-0.30694249824025854,-3.61030505346818,-0.055020528572734165,1.4318275603574118,-0.00052764,6.296678084954751,0.0018549,0,1.0
1502,0.31159700129812395,0.2564965776372192,0.00043068,0.7950698454640701,2.498501227223157,8.728501314086198,0.5339017083921984,16.549874218528114,0.08613346713151913,-38.40618755998252,-0.2562069914769774,17.415361678892516,-0.30694249824025854,6.859127047664854,-0.055020528572734165,0.7335367926192744,-0.00052764,3.1842201021969174,0.0018549,0,1.0
1503,1.5064723244874876,0.7431972212591893,0.00043068,0.7950698454640701,2.498501227223157,-3.7320754462671792,0.5339017083921984,36.39805844728954,0.08613346713151913,-67.35636633919486,-0.2562069914769774,-6.182744347999143,-0.30694249824025854,38.9699270879938,-0.055020528572734165,0.3311121572935263,-0.00052764,4.35837467232048,0.0018549,0,1.0
1504,-0.04777938493362566,0.35770359184323114,0.00043068,0.7950698454640701,2.498501227223157,49.57616649281008,0.5339017083921984,48.564625609355794,0.08613346713151913,-59.83574337092897,-0.2562069914769774,-11.738668504286947,-0.30694249824025854,-20.97239811033056,-0.055020528572734165,0.693175441486642,-0.00052764,9.890592545380258,0.0018549,0,1.0
1505,0.004959883942964982,0.4108482343737959,0.00043068,0.7950698454640701,2.498501227223157,31.915358777833394,0.5339017083921984,26.55852484639901,0.08613346713151913,-16.724646675583397,-0.2562069914769774,0.45562060936620197,-0.30694249824025854,-25.180582110893283,-0.055020528572734165,1.5139976926055045,-0.00052764,4.747766838706121,0.0018549,0,1.0
1506,-0.752660466578071,1.9904139143096815,0.00043068,0.7950698454640701,2.498501227223157,56.584877629163756,0.5339017083921984,24.640788963033494,0.08613346713151913,-20.188554582866544,-0.2562069914769774,26.58095341429736,-0.30694249824025854,-52.43403969724514,-0.055020528572734165,2.2286781202418844,-0.00052764,7.667558419604486,0.0018549,0,1.0
1507,0.028888864645131296,0.15256441695224032,0.00043068,0.7950698454640701,2.498501227223157,35.98639867151861,0.5339017083921984,30.479060118321872,0.08613346713151913,-23.6373206630307,-0.2562069914769774,-16.012760063552907,-0.30694249824025854,-21.999154335381363,-0.055020528572734165,0.7911969617733234,-0.00052764,6.2544224870890215,0.0018549,0,1.0
1508,-0.08430680312623995,0.6284184457119437,0.00043068,0.7950698454640701,2.498501227223157,65.5825633531252,0.5339017083921984,52.42981982959496,0.08613346713151913,-32.69062500088872,-0.2562069914769774,-26.71834109370999,-0.30694249824025854,-46.31472163295612,-0.055020528572734165,1.6537305436648921,-0.00052764,10.53322034810552,0.0018549,0,1.0
1509,0.46341500864130514,0.1531461849789914,0.00043068,0.7950698454640701,2.498501227223157,32.62387302091087,0.5339017083921984,47.8579377206362,0.08613346713151913,-59.740266639628615,-0.2562069914769774,-21.682464347262588,-0.30694249824025854,-1.9387386274451446,-0.055020528572734165,0.28959420362726984,-0.00052764,8.06505676959772,0.0018549,0,1.0
1510,0.0017748554802241578,0.1767995977531545,0.00043068,0.7950698454640701,2.498501227223157,61.62317080330994,0.5339017083921984,53.31334255854889,0.08613346713151913,-32.17976058071472,-0.2562069914769774,-45.98954456442452,-0.30694249824025854,-39.08153975895052,-0.055020528572734165,0.765728374270779,-0.00052764,10.490132766093472,0.0018549,0,1.0
1511,0.005249552797641943,0.25940486644627403,0.00043068,0.7950698454640701,2.498501227223157,44.01446342779742,0.5339017083921984,55.42559454578127,0.08613346713151913,-60.746525852982664,-0.2562069914769774,-13.933515065863906,-0.30694249824025854,-18.62760979570486,-0.055020528572734165,0.6470521219669676,-0.00052764,8.724916377351665,0.0018549,0,1.0
1512,1.2405157043261033,0.5692306986515537,0.00043068,0.7950698454640701,2.498501227223157,13.989450722213151,0.5339017083921984,43.37607966874994,0.08613346713151913,-60.04695503237114,-0.2562069914769774,-26.076394269938284,-0.30694249824025854,21.294952387923665,-0.055020528572734165,0.26496136024300165,-0.00052764,6.442907601157799,0.0018549,0,1.0
1513,0.20562722253722132,0.3170040621238447,0.00043068,0.7950698454640701,2.498501227223157,30.951805807021323,0.5339017083921984,50.81879714240271,0.08613346713151913,-86.82506426711811,-0.2562069914769774,28.228824571555695,-0.30694249824025854,-0.33860672792913443,-0.055020528572734165,1.3393670344099662,-0.00052764,7.855610138095878,0.0018549,0,1.0
1514,0.029924219060795565,0.06771666293673885,0.00043068,0.7950698454640701,2.498501227223157,34.53185014731795,0.5339017083921984,47.853233342451965,0.08613346713151913,-77.43448635412227,-0.2562069914769774,7.751022165160626,-0.30694249824025854,-3.7683557260574103,-0.055020528572734165,0.5272422812861532,-0.00052764,8.310399255263452,0.0018549,0,1.0
1515,0.07918344590486859,0.03065346499743932,0.00043068,0.7950698454640701,2.498501227223157,29.710414328545866,0.5339017083921984,38.62482934425795,0.08613346713151913,-48.126227627758084,-0.2562069914769774,-10.76005845744297,-0.30694249824025854,-8.128747747635298,-0.055020528572734165,0.27871180995558476,-0.00052764,6.484751574750591,0.0018549,0,1.0
1516,0.6993215754895274,0.3325796703527548,0.00043068,0.7950698454640701,2.498501227223157,17.911775123930553,0.5339017083921984,37.72409436165602,0.08613346713151913,-58.78028890822809,-0.2562069914769774,-4.208156285157154,-0.30694249824025854,10.633436287579132,-0.055020528572734165,0.5764459211143032,-0.00052764,6.0041525119710695,0.0018549,0,1.0
1517,0.03597588357772241,0.022634587357536273,0.00043068,0.7950698454640701,2.498501227223157,25.477405158121254,0.5339017083921984,30.612534067729648,0.08613346713151913,-36.22054562974308,-0.2562069914769774,-9.42515135060581,-0.30694249824025854,-8.929479492188538,-0.055020528572734165,0.28527942396163963,-0.00052764,5.298426925179712,0.0018549,0,1.0
1518,-0.0639535080882736,0.35391076852334297,0.00043068,0.7950698454640701,2.498501227223157,21.703151144254754,0.5339017083921984,29.994093345000042,0.08613346713151913,-66.74789182218443,-0.2562069914769774,25.325824750571076,-0.30694249824025854,2.5212534400178153,-0.055020528572734165,0.5114365800991867,-0.00052764,5.926595538208913,0.0018549,0,1.0
1519,0.022932014009509727,0.15116428245608696,0.00043068,0.7950698454640701,2.498501227223157,21.167536246181907,0.5339017083921984,27.298633928848982,0.08613346713151913,-46.10841650634656,-0.2562069914769774,21.82095034289503,-0.30694249824025854,-5.976926682338526,-0.055020528572734165,1.1146749831888574,-0.00052764,4.595346959250335,0.0018549,0,1.0
1520,-0.6640041011118125,1.7412583130397707,0.00043068,0.7950698454640701,2.498501227223157,41.63068473348419,0.5339017083921984,23.55636306442546,0.08613346713151913,-28.32728654996708,-0.2562069914769774,47.31020881698006,-0.30694249824025854,-40.64660935906016,-0.055020528572734165,2.635841285564375,-0.00052764,5.189171162352448,0.0018549,0,1.0
1521,1.074453766654561,0.8557801129472207,0.00043068,0.7950698454640701,2.498501227223157,-0.2922498260811446,0.5339017083921984,19.51421592521305,0.08613346713151913,-42.860609588042024,-0.2562069914769774,7.902653044583217,-0.30694249824025854,23.30233455905904,-0.055020528572734165,0.9386704169922109,-0.00052764,3.0755206251055727,0.0018549,0,1.0
1522,1.4547230654148982,1.0747314759401538,0.00043068,0.7950698454640701,2.498501227223157,-8.43223848634246,0.5339017083921984,22.750641908921523,0.08613346713151913,-55.82036560473223,-0.2562069914769774,6.601224314553562,-0.30694249824025854,38.576461376260575,-0.055020528572734165,0.7306665499054317,-0.00052764,3.050790378316864,0.0018549,0,1.0
1523,-0.0336728402132101,0.09826686528796429,0.00043068,0.7950698454640701,2.498501227223157,7.545288294564092,0.5339017083921984,8.51855328842191,0.08613346713151913,-19.448259982481847,-0.2562069914769774,14.642088611658686,-0.30694249824025854,-1.8052727425255697,-0.055020528572734165,0.5083136393669299,-0.00052764,1.6969526042542635,0.0018549,0,1.0
1524,-0.022228756561285895,0.27782838002025967,0.00043068,0.7950698454640701,2.498501227223157,-15.919121836630636,0.5339017083921984,4.5947803597540915,0.08613346713151913,-74.22173514051039,-0.2562069914769774,79.9344956622667,-0.30694249824025854,32.86000139574755,-0.055020528572734165,0.3578451872739251,-0.00052764,0.653315727768155,0.0018549,0,1.0
1525,0.08439961048360423,0.05875044037941379,0.00043068,0.7950698454640701,2.498501227223157,13.52945451335613,0.5339017083921984,27.808767229830654,0.08613346713151913,-61.63094980844378,-0.2562069914769774,27.31573047676506,-0.30694249824025854,7.270164988784039,-0.055020528572734165,0.63016461702458,-0.00052764,4.432446842756272,0.0018549,0,1.0
1526,0.03872503207984268,0.2314326658592327,0.00043068,0.7950698454640701,2.498501227223157,60.07525882494534,0.5339017083921984,56.11755683942171,0.08613346713151913,-50.54384760881606,-0.2562069914769774,-41.506366036684604,-0.30694249824025854,-29.568753165804047,-0.055020528572734165,0.38820434830247574,-0.00052764,11.411084155254759,0.0018549,0,1.0
1527,-0.007056897086734182,0.12416281489775642,0.00043068,0.7950698454640701,2.498501227223157,76.1104645197402,0.5339017083921984,75.56595380827424,0.08613346713151913,-62.89038415979486,-0.2562069914769774,-55.42649206647002,-0.30694249824025854,-39.96373336202383,-0.055020528572734165,0.5024018810987183,-0.00052764,14.055637716654486,0.0018549,0,1.0
1528,0.102208757282096,0.6450878932853816,0.00043068,0.7950698454640701,2.498501227223157,37.01287019805316,0.5339017083921984,36.11352215957841,0.08613346713151913,-44.23268968916943,-0.2562069914769774,19.489809182146583,-0.30694249824025854,-21.007140784008982,-0.055020528572734165,2.069325454066396,-0.00052764,6.621742991725704,0.0018549,0,1.0
1529,0.0003334614420804627,0.004527821076186637,0.00043068,0.7950698454640701,2.498501227223157,5.282936197020986,0.5339017083921984,32.15945923132817,0.08613346713151913,-89.93183185418252,-0.2562069914769774,51.79662315462312,-0.30694249824025854,20.867692320049123,-0.055020528572734165,0.43819331647447646,-0.00052764,4.192911397755266,0.0018549,0,1.0
1530,0.31470459251820926,0.06863363236915414,0.00043068,0.7950698454640701,2.498501227223157,4.208174784539413,0.5339017083921984,22.586493476134375,0.08613346713151913,-48.216006027396254,-0.2562069914769774,16.485132927923647,-0.30694249824025854,13.130050111281328,-0.055020528572734165,0.33723103193937987,-0.00052764,2.877162024271926,0.0018549,0,1.0
1531,1.8636972246612493,2.384241224139284,0.00043068,0.7950698454640701,2.498501227223157,0.5840574871609076,0.5339017083921984,30.97864414486337,0.08613346713151913,-60.13960273710691,-0.2562069914769774,-24.45811588462404,-0.30694249824025854,41.53637849738607,-0.055020528572734165,0.24208850563786877,-0.00052764,5.828517765323312,0.0018549,0,1.0
1532,1.775496963583175,2.7528993415768794,0.00043068,0.7950698454640701,2.498501227223157,-28.786532885426592,0.5339017083921984,6.691323149484812,0.08613346713151913,-62.67822252703898,-0.2562069914769774,21.149372587459514,-0.30694249824025854,63.62690020497949,-0.055020528572734165,0.09713131364374494,-0.00052764,1.481956269037397,0.0018549,0,1.0
1533,0.43059576824924584,0.5985696976662509,0.00043068,0.7950698454640701,2.498501227223157,16.72524842558348,0.5339017083921984,21.798072881371628,0.08613346713151913,-41.51913740355486,-0.2562069914769774,4.885584872869666,-0.30694249824025854,4.463514138882231,-0.055020528572734165,0.6162013158560087,-0.00052764,4.977235438606488,0.0018549,0,1.0
1534,0.09101051252548675,0.1527550425066836,0.00043068,0.7950698454640701,2.498501227223157,13.131568998449213,0.5339017083921984,26.849560101873035,0.08613346713151913,-46.66143917523986,-0.2562069914769774,18.91898903683368,-0.30694249824025854,1.4922176613493805,-0.055020528572734165,0.6636834273348473,-0.00052764,3.596729003989541,0.0018549,0,1.0
1535,0.7059032200478248,0.5167490126088461,0.00043068,0.7950698454640701,2.498501227223157,37.43869875913387,0.5339017083921984,47.631657904770094,0.08613346713151913,-34.127092241673516,-0.2562069914769774,-42.85594969467985,-0.30694249824025854,-12.788003582102297,-0.055020528572734165,0.7042297894760896,-0.00052764,7.827654368306078,0.0018549,0,1.0
1536,-0.2068241040844616,0.7187623763123445,0.00043068,0.7950698454640701,2.498501227223157,36.04863127201226,0.5339017083921984,45.30008272892002,0.08613346713151913,-95.0232573306783,-0.2562069914769774,43.410403349303664,-0.30694249824025854,-3.911572469629218,-0.055020528572734165,1.2094525799998284,-0.00052764,8.72193582949667,0.0018549,0,1.0
1537,-0.03313860413929959,0.530181818237303,0.00043068,0.7950698454640701,2.498501227223157,11.890599101951647,0.5339017083921984,13.642491244846099,0.08613346713151913,-20.56572916903545,-0.2562069914769774,32.40836695664778,-0.30694249824025854,-10.562599426664473,-0.055020528572734165,1.26053605332726,-0.00052764,1.9759513361309886,0.0018549,0,1.0
1538,0.035335033169253016,0.23465123467682064,0.00043068,0.7950698454640701,2.498501227223157,70.98287598013678,0.5339017083921984,65.01538284294617,0.08613346713151913,-52.01009124868898,-0.2562069914769774,-51.89453334186574,-0.30694249824025854,-38.15580389514323,-0.055020528572734165,0.5523068451520583,-0.00052764,13.031949640013927,0.0018549,0,1.0
1539,0.3787161592787218,0.49180379604210367,0.00043068,0.7950698454640701,2.498501227223157,23.685074970267568,0.5339017083921984,40.90226413621991,0.08613346713151913,-38.8348433577834,-0.2562069914769774,-20.44057054870057,-0.30694249824025854,-5.295462168759766,-0.055020528572734165,0.28711693472431854,-0.00052764,5.410904213012828,0.0018549,0,1.0
1540,1.7876503030342237,1.431210505744375,0.00043068,0.7950698454640701,2.498501227223157,23.132157557844366,0.5339017083921984,56.61758276709856,0.08613346713151913,-53.28581943411612,-0.2562069914769774,-56.03893365113655,-0.30694249824025854,16.634010169049876,-0.055020528572734165,0.5928274619362259,-0.00052764,8.16137854677205,0.0018549,0,1.0
1541,-0.15847894421228492,6.659995623778897,0.00043068,0.7950698454640701,2.498501227223157,-22.31379597246354,0.5339017083921984,-23.963754354966873,0.08613346713151913,-22.027612374032746,-0.2562069914769774,47.31858676697529,-0.30694249824025854,26.92778991194115,-0.055020528572734165,-2.5616364940399077,-0.00052764,0.15781766405310527,0.0018549,1,1.0
1542,0.04216739579669129,0.6150644208507879,0.00043068,0.7950698454640701,2.498501227223157,-4.197843977123956,0.5339017083921984,0.45431645301324663,0.08613346713151913,-49.65567423310606,-0.2562069914769774,88.42584409080088,-0.30694249824025854,11.192160735882725,-0.055020528572734165,0.40459662804321594,-0.00052764,2.3603984998433845,0.0018549,0,1.0
1543,-0.08110962847328618,0.25943923151796144,0.00043068,0.7950698454640701,2.498501227223157,16.89667828295382,0.5339017083921984,28.279711186874962,0.08613346713151913,-67.84411836072856,-0.2562069914769774,44.399486444805376,-0.30694249824025854,2.861412660806733,-0.055020528572734165,1.1328495293169134,-0.00052764,4.698889317137252,0.0018549,0,1.0
1544,0.42724516151322245,0.12893948318359066,0.00043068,0.7950698454640701,2.498501227223157,20.712658209696073,0.5339017083921984,32.12040905713758,0.08613346713151913,-38.87167589673868,-0.2562069914769774,-15.19700546591378,-0.30694249824025854,0.016073122732695122,-0.055020528572734165,0.32005275423698754,-0.00052764,5.287278130393139,0.0018549,0,1.0
1545,0.07768237930319355,0.21224291740311632,0.00043068,0.7950698454640701,2.498501227223157,38.84656730006218,0.5339017083921984,47.171492620308456,0.08613346713151913,-52.821865006625956,-0.2562069914769774,-8.141837127640562,-0.30694249824025854,-16.399649955489334,-0.055020528572734165,0.8512024621036858,-0.00052764,7.700546503959661,0.0018549,0,1.0
1546,0.02129455154564633,0.5124803707836956,0.00043068,0.7950698454640701,2.498501227223157,3.95688277949287,0.5339017083921984,3.3875360491499977,0.08613346713151913,-28.128932068169576,-0.2562069914769774,62.10430140664094,-0.30694249824025854,-2.2934759185994995,-0.055020528572734165,0.6981362598688751,-0.00052764,2.221157088454418,0.0018549,0,1.0
1547,-0.11022213541131598,0.36406833917630466,0.00043068,0.7950698454640701,2.498501227223157,10.67754677583797,0.5339017083921984,19.080795758329938,0.08613346713151913,-59.31889922225584,-0.2562069914769774,55.93823559374796,-0.30694249824025854,3.7292078150701196,-0.055020528572734165,1.4017656815741728,-0.00052764,3.2324085960179736,0.0018549,0,1.0
1548,1.1945404944959082,0.5036946605017134,0.00043068,0.7950698454640701,2.498501227223157,-2.775189231978045,0.5339017083921984,31.473790746620267,0.08613346713151913,-60.70711908326834,-0.2562069914769774,1.100644698389586,-0.30694249824025854,32.35974969894288,-0.055020528572734165,0.35717350549828364,-0.00052764,3.716110536243315,0.0018549,0,1.0
1549,0.030844456054058833,0.6759225331496496,0.00043068,0.7950698454640701,2.498501227223157,22.05122617089469,0.5339017083921984,31.283773646843542,0.08613346713151913,-44.777809834194834,-0.2562069914769774,30.593740306835418,-0.30694249824025854,-11.052971747970545,-0.055020528572734165,1.6148873871812506,-0.00052764,4.240173055681675,0.0018549,0,1.0
1550,0.001721457889109379,0.0619288444002736,0.00043068,0.7950698454640701,2.498501227223157,18.51968957029215,0.5339017083921984,18.97630053231688,0.08613346713151913,-26.560538966327314,-0.2562069914769774,-1.736560964750591,-0.30694249824025854,-6.260600741133944,-0.055020528572734165,0.28323159281076005,-0.00052764,3.9142679086023007,0.0018549,0,1.0
1551,0.46212423140562275,0.08859139217411588,0.00043068,0.7950698454640701,2.498501227223157,-4.758072138110433,0.5339017083921984,24.89179658460669,0.08613346713151913,-72.39489399459629,-0.2562069914769774,37.942892170618435,-0.30694249824025854,28.549601023469577,-0.055020528572734165,0.3563984839073626,-0.00052764,2.7263090474200746,0.0018549,0,1.0
1552,-0.14425199775860897,0.5309145779160735,0.00043068,0.7950698454640701,2.498501227223157,16.107657624621055,0.5339017083921984,22.935456881243667,0.08613346713151913,-63.68406791381977,-0.2562069914769774,37.74940328712558,-0.30694249824025854,4.417337154669804,-0.055020528572734165,0.6383137890990951,-0.00052764,4.76978853638256,0.0018549,0,1.0
1553,0.01562357765570943,0.6789208570645074,0.00043068,0.7950698454640701,2.498501227223157,4.8144287759409226,0.5339017083921984,7.86867929694253,0.08613346713151913,-22.72063454197313,-0.2562069914769774,52.875100962906394,-0.30694249824025854,-5.928736076959387,-0.055020528572734165,0.31960925890603675,-0.00052764,2.2289589233815867,0.0018549,0,1.0
1554,-0.46975617997844904,1.0195780041299218,0.00043068,0.7950698454640701,2.498501227223157,2.760121329020666,0.5339017083921984,7.992870135103545,0.08613346713151913,-58.77336556587413,-0.2562069914769774,89.64099328642432,-0.30694249824025854,3.239268421699923,-0.055020528572734165,1.1378698229266946,-0.00052764,1.8564090334781387,0.0018549,0,1.0
1555,0.1186419900954283,0.2661629410481613,0.00043068,0.7950698454640701,2.498501227223157,-7.236391389129735,0.5339017083921984,10.03855890728291,0.08613346713151913,-46.61495756236704,-0.2562069914769774,46.35461986901468,-0.30694249824025854,17.505795880299935,-0.055020528572734165,0.2008814335322774,-0.00052764,1.0301067289938994,0.0018549,0,1.0
1556,-0.1767320464994046,0.9142330920956137,0.00043068,0.7950698454640701,2.498501227223157,2.8138655883625696,0.5339017083921984,2.726757966301471,0.08613346713151913,-38.2328171878848,-0.2562069914769774,86.81996136172934,-0.30694249824025854,-2.809024754442183,-0.055020528572734165,0.3371491893344907,-0.00052764,2.6836365749209836,0.0018549,0,1.0
1557,1.91055543782898,1.7820835744969765,0.00043068,0.7950698454640701,2.498501227223157,-40.41895259426871,0.5339017083921984,5.528551251319872,0.08613346713151913,-67.5792043623905,-0.2562069914769774,30.921704390948634,-0.30694249824025854,74.1483038543069,-0.055020528572734165,-0.3168301912352003,-0.00052764,0.3052645947928848,0.0018549,1,1.0
1558,-0.08622377319830843,0.47536871046657714,0.00043068,0.7950698454640701,2.498501227223157,68.12108317306884,0.5339017083921984,61.59915051372527,0.08613346713151913,-32.79249715816654,-0.2562069914769774,-52.18095858930512,-0.30694249824025854,-46.43879988881773,-0.055020528572734165,0.8608630060854585,-0.00052764,11.123319795489216,0.0018549,0,1.0
1559,-0.06634479152682049,0.2835060853495363,0.00043068,0.7950698454640701,2.498501227223157,65.90592686753577,0.5339017083921984,72.92886874115739,0.08613346713151913,-70.23946131066008,-0.2562069914769774,-37.1551792066038,-0.30694249824025854,-32.042012894760056,-0.055020528572734165,0.5453821370751752,-0.00052764,12.4954820562942,0.0018549,0,1.0
1560,0.002229758746956634,0.12455861571447231,0.00043068,0.7950698454640701,2.498501227223157,21.649364343790193,0.5339017083921984,42.92338294451287,0.08613346713151913,-73.15363468755585,-0.2562069914769774,16.090502477326776,-0.30694249824025854,3.0415336002851285,-0.055020528572734165,0.3173535530422473,-0.00052764,5.969839004755627,0.0018549,0,1.0
1561,0.11994944375092498,0.4441798792550689,0.00043068,0.7950698454640701,2.498501227223157,44.52565577416967,0.5339017083921984,51.77708257433803,0.08613346713151913,-72.8428551977191,-0.2562069914769774,15.101163715161228,-0.30694249824025854,-16.07652681377513,-0.055020528572734165,1.6675666096724808,-0.00052764,9.203209660096544,0.0018549,0,1.0
1562,-0.002250462983395707,0.4737434397150655,0.00043068,0.7950698454640701,2.498501227223157,51.05172204352593,0.5339017083921984,41.61201205094367,0.08613346713151913,-30.967179559845388,-0.2562069914769774,-10.631670443770187,-0.30694249824025854,-35.03539652301133,-0.055020528572734165,1.6801859184678345,-0.00052764,8.33973853870022,0.0018549,0,1.0
1563,1.9563099873497074,1.2225657341458753,0.00043068,0.7950698454640701,2.498501227223157,-4.4124540455695165,0.5339017083921984,47.63525957316755,0.08613346713151913,-95.60570797913768,-0.2562069914769774,-7.460125598473813,-0.30694249824025854,54.594650128684016,-0.055020528572734165,0.2696850787487244,-0.00052764,6.251353248973146,0.0018549,0,1.0
1564,0.432482823627262,0.4527904162362442,0.00043068,0.7950698454640701,2.498501227223157,15.499626700747275,0.5339017083921984,33.66494401216375,0.08613346713151913,-38.87092891991462,-0.2562069914769774,-6.0766122130967135,-0.30694249824025854,1.0084994300021135,-0.055020528572734165,0.461802253590581,-0.00052764,4.200591379729869,0.0018549,0,1.0
1565,0.5699810580050493,0.5677704781255306,0.00043068,0.7950698454640701,2.498501227223157,15.74660078709235,0.5339017083921984,29.303433704830994,0.08613346713151913,-58.60903455424593,-0.2562069914769774,10.54897854620725,-0.30694249824025854,11.379922326124746,-0.055020528572734165,0.7223619002553314,-0.00052764,5.598982427979623,0.0018549,0,1.0
1566,0.6018517076894208,0.16141159891706508,0.00043068,0.7950698454640701,2.498501227223157,1.386234500697437,0.5339017083921984,27.841753115894946,0.08613346713151913,-59.262780679730675,-0.2562069914769774,15.74284686493359,-0.30694249824025854,21.700823523340723,-0.055020528572734165,0.33004321124295566,-0.00052764,3.340545017325347,0.0018549,0,1.0
1567,1.195649624139432,0.573390047092382,0.00043068,0.7950698454640701,2.498501227223157,6.26345344925814,0.5339017083921984,23.04315040194365,0.08613346713151913,-15.149614140605218,-0.2562069914769774,-37.96037740840784,-0.30694249824025854,12.857471473764216,-0.055020528572734165,0.28646337204017325,-0.00052764,3.3346248744551996,0.0018549,0,1.0
1568,0.8318192845297769,0.42588719443143414,0.00043068,0.7950698454640701,2.498501227223157,39.079628188970965,0.5339017083921984,63.531336286311195,0.08613346713151913,-65.30345049485385,-0.2562069914769774,-43.89241020672905,-0.30694249824025854,-2.154633446537125,-0.055020528572734165,0.2743749967471567,-0.00052764,9.688833626649885,0.0018549,0,1.0
1569,0.3092162649054728,0.2293879990500247,0.00043068,0.7950698454640701,2.498501227223157,-11.721200304754763,0.5339017083921984,5.410265141291515,0.08613346713151913,-32.35151511509039,-0.2562069914769774,18.66160543904672,-0.30694249824025854,22.646727465123988,-0.055020528572734165,-0.27892181256617854,-0.00052764,0.21033808065930193,0.0018549,1,1.0
1570,-0.04802169703749204,0.17985047841433446,0.00043068,0.7950698454640701,2.498501227223157,51.893088867207325,0.5339017083921984,59.719242798369336,0.08613346713151913,-77.60967474740863,-0.2562069914769774,-10.069071039909396,-0.30694249824025854,-17.971846577460557,-0.055020528572734165,0.6212701909183824,-0.00052764,10.83514535147082,0.0018549,0,1.0
1571,-0.09546262398925931,0.28608430010900665,0.00043068,0.7950698454640701,2.498501227223157,48.53580487602207,0.5339017083921984,56.320732495442826,0.08613346713151913,-72.0950426844083,-0.2562069914769774,-2.386442257374514,-0.30694249824025854,-19.328403120841532,-0.055020528572734165,0.8775538909492253,-0.00052764,9.78108672769848,0.0018549,0,1.0
1572,0.18439951803124854,0.15340243092389833,0.00043068,0.7950698454640701,2.498501227223157,50.48465393879291,0.5339017083921984,47.45817629655927,0.08613346713151913,-32.30108108634406,-0.2562069914769774,-46.157089442427356,-0.30694249824025854,-26.839528419912963,-0.055020528572734165,0.3874365630075536,-0.00052764,9.298547291004539,0.0018549,0,1.0
1573,0.07313120757762315,0.5412472303166866,0.00043068,0.7950698454640701,2.498501227223157,63.53145144628608,0.5339017083921984,48.12165015201046,0.08613346713151913,-24.27545789240329,-0.2562069914769774,-37.43439835584984,-0.30694249824025854,-43.86961556719376,-0.055020528572734165,1.4151756292109567,-0.00052764,10.383729778985396,0.0018549,0,1.0
1574,1.0176794223313024,0.40343697556886327,0.00043068,0.7950698454640701,2.498501227223157,2.097129312051019,0.5339017083921984,28.012365114228075,0.08613346713151913,-46.10990458494038,-0.2562069914769774,-7.2534342212600995,-0.30694249824025854,22.55093911178385,-0.055020528572734165,0.3575254801715031,-0.00052764,3.6018619696524663,0.0018549,0,1.0
1575,0.016599695954266025,0.4243266727675799,0.00043068,0.7950698454640701,2.498501227223157,8.052526173943212,0.5339017083921984,28.518106594012988,0.08613346713151913,-56.48832999316994,-0.2562069914769774,24.840922168945863,-0.30694249824025854,7.899183693776093,-0.055020528572734165,0.23502595793365377,-0.00052764,3.2660950730817335,0.0018549,0,1.0
1576,-0.009462275856430225,0.5721711585768677,0.00043068,0.7950698454640701,2.498501227223157,60.48078289932935,0.5339017083921984,56.58825193157146,0.08613346713151913,-64.48130472793042,-0.2562069914769774,-0.5448564317325058,-0.30694249824025854,-31.877555912026242,-0.055020528572734165,1.7932190383543132,-0.00052764,11.189246174240857,0.0018549,0,1.0
1577,0.15434876087977223,0.3533205033472957,0.00043068,0.7950698454640701,2.498501227223157,72.83114703550069,0.5339017083921984,80.74561942592364,0.08613346713151913,-72.96692107896068,-0.2562069914769774,-45.59510195086628,-0.30694249824025854,-35.075493028602686,-0.055020528572734165,0.8711579815046866,-0.00052764,13.853714768669278,0.0018549,0,1.0
1578,0.1837241372102516,0.1148607920892658,0.00043068,0.7950698454640701,2.498501227223157,33.911704121245755,0.5339017083921984,34.05050842557725,0.08613346713151913,-29.458616630147677,-0.2562069914769774,-26.991447928335962,-0.30694249824025854,-15.004060765823844,-0.055020528572734165,0.3232873844930091,-0.00052764,6.658957009546272,0.0018549,0,1.0
1579,0.8899710554569612,0.38484209138255904,0.00043068,0.7950698454640701,2.498501227223157,-7.820414411863447,0.5339017083921984,24.499292048345524,0.08613346713151913,-60.972166299766435,-0.2562069914769774,24.352259219827673,-0.30694249824025854,31.287565027860573,-0.055020528572734165,0.45607607992080124,-0.00052764,2.4280193426737187,0.0018549,0,1.0
1580,-0.04322120330455552,0.367288896821662,0.00043068,0.7950698454640701,2.498501227223157,-3.9196095820377437,0.5339017083921984,-1.978646191462625,0.08613346713151913,-15.897826732908698,-0.2562069914769774,18.624692800833557,-0.30694249824025854,8.051196587996385,-0.055020528572734165,-0.1819971698321881,-0.00052764,0.32065152241710043,0.0018549,1,1.0
1581,0.7978883962753399,0.3562719949948969,0.00043068,0.7950698454640701,2.498501227223157,-8.56919061668025,0.5339017083921984,3.4003697838896345,0.08613346713151913,-3.558817644593728,-0.2562069914769774,-22.185767372249554,-0.30694249824025854,18.591571683159092,-0.055020528572734165,-0.296891225823488,-0.00052764,0.32169028942408734,0.0018549,1,1.0
1582,-0.17689340196379866,0.4290327887863177,0.00043068,0.7950698454640701,2.498501227223157,17.76080225941732,0.5339017083921984,26.58772047767815,0.08613346713151913,-56.92793030187584,-0.2562069914769774,39.16181710512357,-0.30694249824025854,-2.810925072037908,-0.055020528572734165,1.1117979601928973,-0.00052764,4.154776727476676,0.0018549,0,1.0
1583,0.0004256122782781979,0.3484425229428959,0.00043068,0.7950698454640701,2.498501227223157,53.79201675642479,0.5339017083921984,47.65667748779337,0.08613346713151913,-25.525007933891853,-0.2562069914769774,-33.2651800963648,-0.30694249824025854,-37.626990316000786,-0.055020528572734165,1.12849473643571,-0.00052764,8.655276612631395,0.0018549,0,1.0
1584,0.284761515305749,0.0530322565295799,0.00043068,0.7950698454640701,2.498501227223157,6.4770362212027015,0.5339017083921984,26.593752653831846,0.08613346713151913,-56.795783000552696,-0.2562069914769774,18.786715275594094,-0.30694249824025854,13.779823415021442,-0.055020528572734165,0.3264273421729782,-0.00052764,3.534141895694558,0.0018549,0,1.0
1585,0.14930404032200317,0.7314626576930304,0.00043068,0.7950698454640701,2.498501227223157,-1.178051901244206,0.5339017083921984,14.0687639845809,0.08613346713151913,-59.324148409873736,-0.2562069914769774,84.01964239295259,-0.30694249824025854,10.334957752541953,-0.055020528572734165,0.9350910629127926,-0.00052764,2.596544493409422,0.0018549,0,1.0
1586,-0.20501041407860265,1.0820026250031822,0.00043068,0.7950698454640701,2.498501227223157,49.46331705861187,0.5339017083921984,47.42961939352899,0.08613346713151913,-53.747883248937384,-0.2562069914769774,22.225713812443264,-0.30694249824025854,-32.86930329312146,-0.055020528572734165,2.2817161867885196,-0.00052764,8.187653457095477,0.0018549,0,1.0
1587,-0.13451261947286097,0.9796830392075049,0.00043068,0.7950698454640701,2.498501227223157,38.44082132478306,0.5339017083921984,24.955606849251946,0.08613346713151913,-35.360068220462416,-0.2562069914769774,28.327770050106075,-0.30694249824025854,-26.099201101532543,-0.055020528572734165,2.0298202249289723,-0.00052764,6.4758191565212915,0.0018549,0,1.0
1588,1.5882585184377283,0.8691540745376193,0.00043068,0.7950698454640701,2.498501227223157,-1.2340442729830277,0.5339017083921984,32.67070743332675,0.08613346713151913,-50.83346508836094,-0.2562069914769774,-23.118919770912086,-0.30694249824025854,34.091992666925044,-0.055020528572734165,0.2626633536242018,-0.00052764,4.295274196175393,0.0018549,0,1.0
1589,-0.15650078414320412,1.4236319088495513,0.00043068,0.7950698454640701,2.498501227223157,32.433781768650405,0.5339017083921984,15.017252615059775,0.08613346713151913,-31.97983811968067,-0.2562069914769774,49.285953408637134,-0.30694249824025854,-24.211937536268337,-0.055020528572734165,2.331452956231253,-0.00052764,5.431348234576981,0.0018549,0,1.0
1590,-0.18520788288368184,0.7987054467032211,0.00043068,0.7950698454640701,2.498501227223157,55.70941380694698,0.5339017083921984,62.94411579697562,0.08613346713151913,-70.33036787297146,-0.2562069914769774,-1.222730298799506,-0.30694249824025854,-29.436586567846764,-0.055020528572734165,1.342498118432876,-0.00052764,10.247203699804565,0.0018549,0,1.0
1591,-0.0008513378644336433,0.4852102534614051,0.00043068,0.7950698454640701,2.498501227223157,-13.545826834789997,0.5339017083921984,-1.8844969652719972,0.08613346713151913,-43.95229245053058,-0.2562069914769774,53.24447260809256,-0.30694249824025854,23.22099350919533,-0.055020528572734165,-0.3579728262141889,-0.00052764,0.40856761945217535,0.0018549,1,1.0
1592,-0.3457233691262675,0.8702820102136856,0.00043068,0.7950698454640701,2.498501227223157,1.182529389106504,0.5339017083921984,3.0618975443248946,0.08613346713151913,-48.366819805139784,-0.2562069914769774,67.90396956280249,-0.30694249824025854,6.6987751253325785,-0.055020528572734165,0.8008437361660034,-0.00052764,1.5763172743816538,0.0018549,0,1.0
1593,0.6101793693812245,0.19180780212143597,0.00043068,0.7950698454640701,2.498501227223157,15.849282719739247,0.5339017083921984,48.661479503998564,0.08613346713151913,-88.43390097110185,-0.2562069914769774,12.404803348600241,-0.30694249824025854,19.38401328139374,-0.055020528572734165,0.4043686924550811,-0.00052764,6.687200062805692,0.0018549,0,1.0
1594,-0.10350449201564693,0.40061893876080357,0.00043068,0.7950698454640701,2.498501227223157,33.79080586899549,0.5339017083921984,34.39436446037346,0.08613346713151913,-50.59772118526011,-0.2562069914769774,-2.989028067638743,-0.30694249824025854,-11.094128527024392,-0.055020528572734165,0.2927347783276679,-0.00052764,7.1917596571077915,0.0018549,0,1.0
1595,0.6652619895696441,0.3292901302601041,0.00043068,0.7950698454640701,2.498501227223157,22.535463647352607,0.5339017083921984,32.53324593608457,0.08613346713151913,-32.55667903929637,-0.2562069914769774,-25.369535278198942,-0.30694249824025854,-0.6338284876042657,-0.055020528572734165,0.47473945359106917,-0.00052764,5.671482116119921,0.0018549,0,1.0
1596,-0.009716376967434437,0.24880097569910414,0.00043068,0.7950698454640701,2.498501227223157,31.394067093346422,0.5339017083921984,38.03503825990558,0.08613346713151913,-57.521304726993726,-0.2562069914769774,20.982874811881253,-0.30694249824025854,-11.7079992607917,-0.055020528572734165,1.363502772366754,-0.00052764,6.43166853997164,0.0018549,0,1.0
1597,0.9279998618953861,0.5311782217268883,0.00043068,0.7950698454640701,2.498501227223157,-2.977859227640807,0.5339017083921984,11.690744546386442,0.08613346713151913,-24.720467830817494,-0.2562069914769774,-7.718658759855047,-0.30694249824025854,20.72206526057999,-0.055020528572734165,0.27650570410456055,-0.00052764,2.0619647135336177,0.0018549,0,1.0
1598,0.31888016446289225,0.28872850357702085,0.00043068,0.7950698454640701,2.498501227223157,9.207771853664726,0.5339017083921984,20.08819055158803,0.08613346713151913,-48.24068709027455,-0.2562069914769774,12.660512621568627,-0.30694249824025854,11.617476683862568,-0.055020528572734165,0.2964121314574122,-0.00052764,3.961352458616509,0.0018549,0,1.0
1599,1.845823267054952,2.2532620676654918,0.00043068,0.7950698454640701,2.498501227223157,-2.324715237326056,0.5339017083921984,40.354989468162536,0.08613346713151913,-62.79921266726038,-0.2562069914769774,-28.05540552464188,-0.30694249824025854,41.55007117654289,-0.055020528572734165,0.13111814882888684,-0.00052764,5.045725300064205,0.0018549,0,1.0
1600,0.2487166930770936,0.4591282668859346,0.00043068,2.0955878038400533,3.0496499206866825,-26.310781972012904,0.5339017083921984,10.109552910051754,0.08613346713151913,-40.01150930462608,-0.2562069914769774,-2.1697037395751853,-0.30694249824025854,32.45100216966243,-0.055020528572734165,-0.38264906271271487,-0.00052764,0.2337853007532515,0.0018549,1,1.0
1601,0.8129861557283921,0.28763772599070503,0.00043068,2.0955878038400533,3.0496499206866825,-11.632349179565503,0.5339017083921984,14.204975170319992,0.08613346713151913,-56.91559651968974,-0.2562069914769774,-49.0303932480235,-0.30694249824025854,59.54731488002251,-0.055020528572734165,-0.33538022675379997,-0.00052764,0.3551293436130083,0.0018549,1,1.0
1602,0.4000655624005851,0.21143935588424534,0.00043068,2.0955878038400533,3.0496499206866825,80.34179210576558,0.5339017083921984,10.66835657462863,0.08613346713151913,-14.76619376383272,-0.2562069914769774,-32.71743868659837,-0.30694249824025854,-19.773397802965178,-0.055020528572734165,0.37812806291766965,-0.00052764,0.5785677805922311,0.0018549,0,1.0
1603,0.21335636455608104,0.17208115220634834,0.00043068,2.0955878038400533,3.0496499206866825,37.94115605067232,0.5339017083921984,9.276636398750751,0.08613346713151913,-14.840668511661535,-0.2562069914769774,-24.684749424493326,-0.30694249824025854,-7.094901342141756,-0.055020528572734165,0.09088913306395448,-0.00052764,0.28355023714908717,0.0018549,0,1.0
1604,0.35780339171901965,0.16175603862034468,0.00043068,2.0955878038400533,3.0496499206866825,67.46681393789308,0.5339017083921984,16.838140402060183,0.08613346713151913,-52.75888374316793,-0.2562069914769774,-0.23740072924412758,-0.30694249824025854,-3.726494296701189,-0.055020528572734165,0.41919609435357486,-0.00052764,0.5853793830879828,0.0018549,0,1.0
1605,0.5197222273727753,0.23981736263825354,0.00043068,2.0955878038400533,3.0496499206866825,-2.1742818186711155,0.5339017083921984,13.011487001153782,0.08613346713151913,-71.28801321965429,-0.2562069914769774,-8.4813203685198,-0.30694249824025854,51.876255805184115,-0.055020528572734165,-0.18728181183139542,-0.00052764,0.3626513037683618,0.0018549,1,1.0
1606,0.10040878424024335,0.03611308771208363,0.00043068,2.0955878038400533,3.0496499206866825,-9.265834574866647,0.5339017083921984,2.581107946346206,0.08613346713151913,-32.362356489427015,-0.2562069914769774,13.311844533374956,-0.30694249824025854,24.750642035038705,-0.055020528572734165,-0.11429752543357363,-0.00052764,0.1171548045458509,0.0018549,1,1.0
1607,0.25662115983880307,0.15268526480787586,0.00043068,2.0955878038400533,3.0496499206866825,20.79540929663576,0.5339017083921984,9.588504834764697,0.08613346713151913,-32.34124915711649,-0.2562069914769774,-30.24620469759109,-0.30694249824025854,16.181674231875448,-0.055020528572734165,-0.2125062530606463,-0.00052764,0.2792057884970921,0.0018549,1,1.0
1608,0.46071962338953465,0.14174412073652223,0.00043068,2.0955878038400533,3.0496499206866825,12.695835589452292,0.5339017083921984,9.299924593415323,0.08613346713151913,-20.790978199697857,-0.2562069914769774,-52.4976569464305,-0.30694249824025854,21.159303684276562,-0.055020528572734165,-0.24640965364268375,-0.00052764,0.255281511921976,0.0018549,1,1.0
1609,0.32693785710667056,0.13204720956883798,0.00043068,2.0955878038400533,3.0496499206866825,-47.54051925759183,0.5339017083921984,11.674644973155093,0.08613346713151913,-96.08887323599264,-0.2562069914769774,48.92689612177129,-0.30694249824025854,72.56545468672685,-0.055020528572734165,-0.2464316048834276,-0.00052764,0.23913184625489167,0.0018549,1,1.0
1610,0.2502486820901739,0.2034999595353036,0.00043068,2.0955878038400533,3.0496499206866825,42.55958664489828,0.5339017083921984,17.34667998471015,0.08613346713151913,-91.5646148841517,-0.2562069914769774,24.70368060057424,-0.30694249824025854,28.10241855108811,-0.055020528572734165,0.14823864421921068,-0.00052764,0.5328754905185162,0.0018549,0,1.0
1611,0.3109194658482621,0.18064261281339677,0.00043068,2.0955878038400533,3.0496499206866825,-47.7140596796078,0.5339017083921984,-6.160944322634694,0.08613346713151913,-11.678639692147176,-0.2562069914769774,31.861352366597732,-0.30694249824025854,37.907250619848796,-0.055020528572734165,-0.16314611866270756,-0.00052764,0.22750641950839112,0.0018549,1,1.0
1612,0.5288531572656296,0.2050688088900361,0.00043068,2.0955878038400533,3.0496499206866825,-19.32506003883232,0.5339017083921984,7.93574773661533,0.08613346713151913,-62.07208586397286,-0.2562069914769774,-6.659523820746448,-0.30694249824025854,59.557766132712814,-0.055020528572734165,-0.277202634010971,-0.00052764,0.2926831819979101,0.0018549,1,1.0
1613,0.12725464569270561,0.052828495904231235,0.00043068,2.0955878038400533,3.0496499206866825,-37.34132740076536,0.5339017083921984,6.876173996958325,0.08613346713151913,-65.22903931424472,-0.2562069914769774,48.17726165731684,-0.30694249824025854,46.79427114171644,-0.055020528572734165,-0.15276121715640284,-0.00052764,0.15434695832867223,0.0018549,1,1.0
1614,0.33768016369800535,0.070642044363746,0.00043068,2.0955878038400533,3.0496499206866825,-65.74146204279481,0.5339017083921984,8.609537033111959,0.08613346713151913,-94.37114141776473,-0.2562069914769774,66.79999677216422,-0.30694249824025854,79.0601159335173,-0.055020528572734165,-0.17814897658228585,-0.00052764,0.17363636587243608,0.0018549,1,1.0
1615,-0.007572805231261359,0.14090658359156258,0.00043068,2.0955878038400533,3.0496499206866825,37.849941583405815,0.5339017083921984,7.175006391856834,0.08613346713151913,-22.81483301221952,-0.2562069914769774,1.2386955922265128,-0.30694249824025854,-9.038626922971265,-0.055020528572734165,0.13019134978677765,-0.00052764,0.23106074094775914,0.0018549,0,1.0
1616,0.2284616247082376,0.15496968042407988,0.00043068,2.0955878038400533,3.0496499206866825,66.52446473225811,0.5339017083921984,16.466098631747304,0.08613346713151913,-58.98116765948266,-0.2562069914769774,0.8270671912149602,-0.30694249824025854,-0.879828940518312,-0.055020528572734165,0.3021108817905128,-0.00052764,0.5173117807450294,0.0018549,0,1.0
1617,0.010653073194511586,0.023619161312854277,0.00043068,2.0955878038400533,3.0496499206866825,-54.44291982546805,0.5339017083921984,1.72595324534573,0.08613346713151913,-78.74975961675398,-0.2562069914769774,87.35449689908062,-0.30694249824025854,60.32321871745578,-0.055020528572734165,-0.017826219423818013,-0.00052764,0.024723120935521342,0.0018549,1,1.0
1618,0.1827621643863575,0.14375505681760384,0.00043068,2.0955878038400533,3.0496499206866825,-36.803480568526865,0.5339017083921984,-1.4628585435708685,0.08613346713151913,-16.645725352629302,-0.2562069914769774,20.36989485734214,-0.30694249824025854,29.65804343418679,-0.055020528572734165,-0.06727965250560528,-0.00052764,-0.0017097041991948059,0.0018549,1,1.0
1619,-0.039184032111615835,0.11041764797852828,0.00043068,2.0955878038400533,3.0496499206866825,-31.264772847702215,0.5339017083921984,2.1913295067416225,0.08613346713151913,-57.61814275332155,-0.2562069914769774,63.43724094678567,-0.30694249824025854,38.158604652953656,-0.055020528572734165,0.011981518914830602,-0.00052764,0.03879188426008753,0.0018549,0,1.0
1620,0.6883804842069946,0.23793862839030325,0.00043068,2.0955878038400533,3.0496499206866825,39.66616662754542,0.5339017083921984,17.29824479204394,0.08613346713151913,-72.26111846483923,-0.2562069914769774,3.5541606757853756,-0.30694249824025854,29.379380007015484,-0.055020528572734165,0.45717750860174167,-0.00052764,0.5470468798801115,0.0018549,0,1.0
1621,0.33813424156820104,0.15307837557518517,0.00043068,2.0955878038400533,3.0496499206866825,55.83327857880464,0.5339017083921984,13.361518433717155,0.08613346713151913,-59.64763290867853,-0.2562069914769774,11.239346097125384,-0.30694249824025854,9.043124957184236,-0.055020528572734165,0.38740187514027835,-0.00052764,0.5197503124990221,0.0018549,0,1.0
1622,0.3331911173351366,0.1199567139037414,0.00043068,2.0955878038400533,3.0496499206866825,87.47708404600982,0.5339017083921984,16.06070998136756,0.08613346713151913,-54.804574877174474,-0.2562069914769774,-9.240124802329325,-0.30694249824025854,-6.727224515269768,-0.055020528572734165,0.40939764386901745,-0.00052764,0.6500207635087498,0.0018549,0,1.0
1623,0.03260504074179238,0.0767453333204963,0.00043068,2.0955878038400533,3.0496499206866825,83.14986039414754,0.5339017083921984,15.61571133203239,0.08613346713151913,-61.45525287346536,-0.2562069914769774,15.84065052283947,-0.30694249824025854,-12.614004019823833,-0.055020528572734165,0.38643140845981416,-0.00052764,0.5461461679869573,0.0018549,0,1.0
1624,0.47846605268974207,0.22149959557391832,0.00043068,2.0955878038400533,3.0496499206866825,-22.35228839750462,0.5339017083921984,7.939125917945372,0.08613346713151913,-77.46421192381615,-0.2562069914769774,22.718994129069117,-0.30694249824025854,64.33839125870117,-0.055020528572734165,-0.12930550594649248,-0.00052764,0.31240858535718663,0.0018549,1,1.0
1625,0.7112482125719606,0.3275487368307045,0.00043068,2.0955878038400533,3.0496499206866825,-18.12746965378884,0.5339017083921984,14.653981147108132,0.08613346713151913,-65.26880025754313,-0.2562069914769774,-34.631167983674004,-0.30694249824025854,61.955015159582466,-0.055020528572734165,-0.37450614325218656,-0.00052764,0.33811693980787827,0.0018549,1,1.0
1626,0.7708819216454658,0.23175620867531202,0.00043068,2.0955878038400533,3.0496499206866825,-70.21578687665577,0.5339017083921984,-1.795043206238577,0.08613346713151913,-40.54359833222683,-0.2562069914769774,17.725878194685365,-0.30694249824025854,77.80827523549668,-0.055020528572734165,-0.1343090529547329,-0.00052764,0.175947883163994,0.0018549,1,1.0
1627,0.48025282713747475,0.20643764546686721,0.00043068,2.0955878038400533,3.0496499206866825,18.74972503220496,0.5339017083921984,9.069769495913468,0.08613346713151913,-29.028650646815503,-0.2562069914769774,-42.29981194883661,-0.30694249824025854,23.68029283957261,-0.055020528572734165,-0.1549380971962626,-0.00052764,0.3176572111090208,0.0018549,1,1.0
1628,0.2475908358374751,0.07033448886809465,0.00043068,2.0955878038400533,3.0496499206866825,-23.34690987312075,0.5339017083921984,1.4062631897250681,0.08613346713151913,-25.278421727136546,-0.2562069914769774,7.0041181139157835,-0.30694249824025854,31.664323298030524,-0.055020528572734165,-0.08808796194238094,-0.00052764,0.057690352677881,0.0018549,1,1.0
1629,0.8185071657923261,0.33468971715296797,0.00043068,2.0955878038400533,3.0496499206866825,53.21690163252039,0.5339017083921984,19.953868080076486,0.08613346713151913,-57.7628062091638,-0.2562069914769774,-35.36387015359977,-0.30694249824025854,21.025659163112426,-0.055020528572734165,0.3478070106458105,-0.00052764,0.6046003111057505,0.0018549,0,1.0
1630,0.44057158051462686,0.2002997276190901,0.00043068,2.0955878038400533,3.0496499206866825,41.2637966013903,0.5339017083921984,13.331650840341561,0.08613346713151913,-56.10131816482801,-0.2562069914769774,0.3123691940451921,-0.30694249824025854,17.29711640834069,-0.055020528572734165,0.3140479076234673,-0.00052764,0.4422522415981969,0.0018549,0,1.0
1631,0.33212032902510247,0.2496701524326089,0.00043068,2.0955878038400533,3.0496499206866825,51.91787568401788,0.5339017083921984,18.05832380203684,0.08613346713151913,-61.76067865818842,-0.2562069914769774,-7.81954001104674,-0.30694249824025854,9.223704564498442,-0.055020528572734165,0.1515127780513352,-0.00052764,0.5269721824937039,0.0018549,0,1.0
1632,0.062181870976315,0.03068452620934249,0.00043068,2.0955878038400533,3.0496499206866825,-18.907971683421028,0.5339017083921984,2.9618140284981305,0.08613346713151913,-23.19700056317402,-0.2562069914769774,20.145300570240558,-0.30694249824025854,17.549595754526553,-0.055020528572734165,-0.10650906767896869,-0.00052764,0.10883915068289075,0.0018549,1,1.0
1633,0.1311357466323373,0.007924108104639596,0.00043068,2.0955878038400533,3.0496499206866825,-40.796386337183336,0.5339017083921984,-0.15123635323949103,0.08613346713151913,-35.341381808985616,-0.2562069914769774,42.81670915750993,-0.30694249824025854,37.14154453818951,-0.055020528572734165,-0.04353813605736566,-0.00052764,0.043700186361036106,0.0018549,1,1.0
1634,0.21248116598593325,0.2524965516294143,0.00043068,2.0955878038400533,3.0496499206866825,17.659248151680735,0.5339017083921984,14.870295373688176,0.08613346713151913,-61.23392121994507,-0.2562069914769774,1.7932669950132152,-0.30694249824025854,22.45092086132473,-0.055020528572734165,-0.12626679356087528,-0.00052764,0.3829648492130456,0.0018549,1,1.0
1635,0.23991757506563904,0.1806401208283477,0.00043068,2.0955878038400533,3.0496499206866825,48.90231128421198,0.5339017083921984,12.030746994830988,0.08613346713151913,-35.499918748009506,-0.2562069914769774,-12.502993903439787,-0.30694249824025854,-1.776315500148308,-0.055020528572734165,0.19874628386701465,-0.00052764,0.37467989259669365,0.0018549,0,1.0
1636,0.11415291501376001,0.12537039489350105,0.00043068,2.0955878038400533,3.0496499206866825,57.82610719667646,0.5339017083921984,12.282735419350786,0.08613346713151913,-55.85369417622985,-0.2562069914769774,19.580789536972507,-0.30694249824025854,-0.5496263726936791,-0.055020528572734165,0.3430742705743513,-0.00052764,0.4461993574153041,0.0018549,0,1.0
1637,-0.004350032776292645,0.23509840150017133,0.00043068,2.0955878038400533,3.0496499206866825,20.334489480458064,0.5339017083921984,9.689637095683496,0.08613346713151913,-63.0363312732151,-0.2562069914769774,11.8620065183174,-0.30694249824025854,24.051431635022944,-0.055020528572734165,-0.24617540439317298,-0.00052764,0.3315687738354778,0.0018549,1,1.0
1638,0.030605251494975866,0.0494196173800398,0.00043068,2.0955878038400533,3.0496499206866825,15.017963729720115,0.5339017083921984,3.036450225780777,0.08613346713151913,-12.945506631032176,-0.2562069914769774,-11.11468483240213,-0.30694249824025854,3.2565435215239398,-0.055020528572734165,-0.12561500752425528,-0.00052764,0.1448987383483535,0.0018549,1,1.0
1639,0.4295288164009831,0.06841908519740361,0.00043068,2.0955878038400533,3.0496499206866825,-51.12375808169257,0.5339017083921984,2.7225850111796333,0.08613346713151913,-34.18203732533621,-0.2562069914769774,19.19563900841196,-0.30694249824025854,48.709732433521104,-0.055020528572734165,-0.1059352937692294,-0.00052764,0.08916288976597493,0.0018549,1,1.0
1640,-0.004847441362806126,0.1471445145387187,0.00043068,2.0955878038400533,3.0496499206866825,46.86273457933578,0.5339017083921984,5.364790855770544,0.08613346713151913,-5.400505622964441,-0.2562069914769774,-32.783211039596296,-0.30694249824025854,-14.58297197967773,-0.055020528572734165,-0.12590719963948904,-0.00052764,0.26353029059871297,0.0018549,1,1.0
1641,0.6291559037838024,0.0616101999833466,0.00043068,2.0955878038400533,3.0496499206866825,-61.153471295835175,0.5339017083921984,4.157918210457283,0.08613346713151913,-50.24443945024919,-0.2562069914769774,18.714352774293324,-0.30694249824025854,68.32304974988527,-0.055020528572734165,-0.05795810096875022,-0.00052764,0.06807914503762365,0.0018549,1,1.0
1642,-0.01542901771946259,0.4263495767196362,0.00043068,2.0955878038400533,3.0496499206866825,73.24262997111103,0.5339017083921984,6.429039812554382,0.08613346713151913,-31.331450530805174,-0.2562069914769774,87.82004688905754,-0.30694249824025854,-38.4022484617271,-0.055020528572734165,0.2811257774329411,-0.00052764,1.4253386736532625,0.0018549,0,1.0
1643,0.23924396939450143,0.0761931278738331,0.00043068,2.0955878038400533,3.0496499206866825,72.5224365622247,0.5339017083921984,21.514478448219556,0.08613346713151913,-96.77136915344349,-0.2562069914769774,28.729082244562044,-0.30694249824025854,11.973239517549949,-0.055020528572734165,0.3944786504237119,-0.00052764,0.6646199741024232,0.0018549,0,1.0
1644,0.007192202321303187,0.1272002920919851,0.00043068,2.0955878038400533,3.0496499206866825,13.249570577850648,0.5339017083921984,3.654409543546748,0.08613346713151913,-32.95877274163224,-0.2562069914769774,30.647166765265126,-0.30694249824025854,7.57047823132459,-0.055020528572734165,0.13236091543945538,-0.00052764,0.22568933493886434,0.0018549,0,1.0
1645,0.16299619461553572,0.14636060426127195,0.00043068,2.0955878038400533,3.0496499206866825,50.95837069634772,0.5339017083921984,12.765496137276479,0.08613346713151913,-51.78384141091408,-0.2562069914769774,13.8104343141731,-0.30694249824025854,0.6715716525526484,-0.055020528572734165,0.32138518650860315,-0.00052764,0.4116223362906902,0.0018549,0,1.0
1646,0.001021063582074322,0.13674946245854347,0.00043068,2.0955878038400533,3.0496499206866825,42.96654392509435,0.5339017083921984,7.641760223993648,0.08613346713151913,-33.55923539873126,-0.2562069914769774,15.136953534159174,-0.30694249824025854,-6.542586816971517,-0.055020528572734165,0.23969017421267547,-0.00052764,0.29110157266155,0.0018549,0,1.0
1647,0.3982004516763033,0.1579306454863454,0.00043068,2.0955878038400533,3.0496499206866825,0.4486958616254726,0.5339017083921984,3.509214828780605,0.08613346713151913,-21.866335857618616,-0.2562069914769774,-27.665504228002717,-0.30694249824025854,28.734824117848106,-0.055020528572734165,-0.2220717496854932,-0.00052764,0.24581563105550303,0.0018549,1,1.0
1648,-0.010222026883432989,0.2213855052417249,0.00043068,2.0955878038400533,3.0496499206866825,60.42404559373029,0.5339017083921984,9.662935681310314,0.08613346713151913,-39.76220467545668,-0.2562069914769774,53.875540332769205,-0.30694249824025854,-22.61151956608407,-0.055020528572734165,0.2949833836162288,-0.00052764,0.862417929054935,0.0018549,0,1.0
1649,0.14723840355158324,0.10096012941847227,0.00043068,2.0955878038400533,3.0496499206866825,-2.7134046193205936,0.5339017083921984,6.25014452913431,0.08613346713151913,-51.52269484718846,-0.2562069914769774,21.25228254790739,-0.30694249824025854,30.61071333646225,-0.055020528572734165,-0.05469724876318646,-0.00052764,0.2026186227954124,0.0018549,1,1.0
1650,0.16745489405494973,0.06231671861530884,0.00043068,2.0955878038400533,3.0496499206866825,-24.79599121968131,0.5339017083921984,0.6950893486625784,0.08613346713151913,-38.68170987219996,-0.2562069914769774,29.451664041878516,-0.30694249824025854,36.597836891247326,-0.055020528572734165,-0.08064791076344932,-0.00052764,0.12149308497798839,0.0018549,1,1.0
1651,0.037871238282006725,0.03881267568543374,0.00043068,2.0955878038400533,3.0496499206866825,-18.550853788122726,0.5339017083921984,0.8933805778350942,0.08613346713151913,-34.10067022821742,-0.2562069914769774,35.30628549751952,-0.30694249824025854,25.347467412240412,-0.055020528572734165,-0.0020547807422827413,-0.00052764,0.06726847321797418,0.0018549,1,1.0
1652,0.21047200188626455,0.12081573600814101,0.00043068,2.0955878038400533,3.0496499206866825,-14.328293334407245,0.5339017083921984,3.634566842387811,0.08613346713151913,-48.07194661501556,-0.2562069914769774,14.134840396966764,-0.30694249824025854,40.30967634479042,-0.055020528572734165,-0.2104681302949607,-0.00052764,0.20649727614009294,0.0018549,1,1.0
1653,0.10742072722455198,0.16033155790054024,0.00043068,2.0955878038400533,3.0496499206866825,42.3508480146164,0.5339017083921984,10.277685060479488,0.08613346713151913,-56.41828969482925,-0.2562069914769774,21.01917603766721,-0.30694249824025854,8.973707930544993,-0.055020528572734165,0.19965689092718986,-0.00052764,0.40428951291138226,0.0018549,0,1.0
1654,0.7449126112226361,0.10314832798437369,0.00043068,2.0955878038400533,3.0496499206866825,-44.91042526056327,0.5339017083921984,3.5960036773337047,0.08613346713151913,-34.17572476328424,-0.2562069914769774,-14.95778707158323,-0.30694249824025854,61.42806667676796,-0.055020528572734165,-0.10542797500284301,-0.00052764,0.10690384380030254,0.0018549,1,1.0
1655,0.36098436931325695,0.1658431593786372,0.00043068,2.0955878038400533,3.0496499206866825,26.376779953126455,0.5339017083921984,12.243494109854304,0.08613346713151913,-87.69690723109053,-0.2562069914769774,51.129186909662025,-0.30694249824025854,35.58325038080837,-0.055020528572734165,0.3729124026696557,-0.00052764,0.5330280635120568,0.0018549,0,1.0
1656,0.029546756103641214,0.14914052565783706,0.00043068,2.0955878038400533,3.0496499206866825,26.62142590906305,0.5339017083921984,7.504300718560051,0.08613346713151913,-48.01308761912591,-0.2562069914769774,19.450998880570275,-0.30694249824025854,11.64137180297748,-0.055020528572734165,0.049365118233081304,-0.00052764,0.29771154982239445,0.0018549,0,1.0
1657,0.2602495517825497,0.22063850634677643,0.00043068,2.0955878038400533,3.0496499206866825,-5.689798980118807,0.5339017083921984,3.416274811713403,0.08613346713151913,-37.16511032059795,-0.2562069914769774,38.11396330942158,-0.30694249824025854,22.882931454646716,-0.055020528572734165,0.11977588033494455,-0.00052764,0.3775618356753132,0.0018549,0,1.0
1658,0.0651795537198977,0.1617923954622888,0.00043068,2.0955878038400533,3.0496499206866825,70.12560311244492,0.5339017083921984,11.026957887078103,0.08613346713151913,-17.588835692579835,-0.2562069914769774,-23.722965249563295,-0.30694249824025854,-24.333790630207247,-0.055020528572734165,0.2037104540233492,-0.00052764,0.36671284860383,0.0018549,0,1.0
1659,0.43349451554674845,0.09447309542229934,0.00043068,2.0955878038400533,3.0496499206866825,-9.170396857548564,0.5339017083921984,8.414734638176348,0.08613346713151913,-28.307743723569118,-0.2562069914769774,-24.952053711631283,-0.30694249824025854,29.450130465457747,-0.055020528572734165,-0.1716527490739016,-0.00052764,0.18877935090660092,0.0018549,1,1.0
1660,0.048486806763677115,0.0788836893126206,0.00043068,2.0955878038400533,3.0496499206866825,57.829274870085726,0.5339017083921984,10.45922776849363,0.08613346713151913,-62.03791795482865,-0.2562069914769774,53.83577286754871,-0.30694249824025854,-3.111806629957788,-0.055020528572734165,0.4014140710518769,-0.00052764,0.6632810446898124,0.0018549,0,1.0
1661,0.5271907629160388,0.26763491199005846,0.00043068,2.0955878038400533,3.0496499206866825,98.77633921025085,0.5339017083921984,22.9704323409171,0.08613346713151913,-86.9374299873397,-0.2562069914769774,-25.06134082096728,-0.30694249824025854,12.298206893499604,-0.055020528572734165,0.23615445542301722,-0.00052764,0.8582436014672796,0.0018549,0,1.0
1662,0.06063434821834712,0.15257953656010984,0.00043068,2.0955878038400533,3.0496499206866825,29.414598773423055,0.5339017083921984,5.200448109295475,0.08613346713151913,-31.755415700703267,-0.2562069914769774,14.805159111560569,-0.30694249824025854,3.0555339294150823,-0.055020528572734165,0.12940701951543893,-0.00052764,0.29822617172298027,0.0018549,0,1.0
1663,0.3876196232271971,0.18825936549546807,0.00043068,2.0955878038400533,3.0496499206866825,32.24356130925073,0.5339017083921984,17.03020538639254,0.08613346713151913,-83.26850959180823,-0.2562069914769774,32.9221320312347,-0.30694249824025854,26.851683053152737,-0.055020528572734165,0.32243933998335317,-0.00052764,0.5481097040900521,0.0018549,0,1.0
1664,0.16775424185191368,0.1952921082207495,0.00043068,2.0955878038400533,3.0496499206866825,12.041811038008463,0.5339017083921984,10.421497738278536,0.08613346713151913,-59.393966817993864,-0.2562069914769774,-1.3450050148700623,-0.30694249824025854,30.67738842333998,-0.055020528572734165,-0.2531024020142701,-0.00052764,0.3153254641587025,0.0018549,1,1.0
1665,0.6011187799371646,0.17085760799769467,0.00043068,2.0955878038400533,3.0496499206866825,-10.769736825254745,0.5339017083921984,10.298558903457494,0.08613346713151913,-48.35288597605609,-0.2562069914769774,-30.760274511480773,-0.30694249824025854,48.94657993445044,-0.055020528572734165,-0.2600902625595312,-0.00052764,0.2753280204390374,0.0018549,1,1.0
1666,0.3948908310252261,0.27914349100781255,0.00043068,2.0955878038400533,3.0496499206866825,20.35245821258018,0.5339017083921984,11.585954100232499,0.08613346713151913,-54.912385511474405,-0.2562069914769774,-24.083829548963887,-0.30694249824025854,33.173242989108694,-0.055020528572734165,-0.22499716253414365,-0.00052764,0.398871328731728,0.0018549,1,1.0
1667,0.01378212032561621,0.061096743976708126,0.00043068,2.0955878038400533,3.0496499206866825,-10.142042381699541,0.5339017083921984,3.9288197701341936,0.08613346713151913,-34.01614814511629,-0.2562069914769774,30.41819878118585,-0.30694249824025854,17.44046970402385,-0.055020528572734165,-0.016512721252331303,-0.00052764,0.126551411631476,0.0018549,1,1.0
1668,0.24781854171619,0.22350241110970273,0.00043068,2.0955878038400533,3.0496499206866825,37.497846504713365,0.5339017083921984,9.953945057080258,0.08613346713151913,-26.34357405415337,-0.2562069914769774,-45.906622518494444,-0.30694249824025854,8.01794222931507,-0.055020528572734165,-0.2564585727753813,-0.00052764,0.34607931315976337,0.0018549,1,1.0
1669,0.4175443626863071,0.2579464215343215,0.00043068,2.0955878038400533,3.0496499206866825,-11.568593337875846,0.5339017083921984,15.447150280718581,0.08613346713151913,-78.08839031169984,-0.2562069914769774,8.29302908699513,-0.30694249824025854,50.03653323702145,-0.055020528572734165,-0.2135266607751411,-0.00052764,0.36587170289715604,0.0018549,1,1.0
1670,0.2567070181078681,0.319736060251243,0.00043068,2.0955878038400533,3.0496499206866825,27.74538791095775,0.5339017083921984,16.91292756769547,0.08613346713151913,-74.77319336772642,-0.2562069914769774,-8.50648169251478,-0.30694249824025854,29.975663520434747,-0.055020528572734165,-0.22033435348463448,-0.00052764,0.45177108354673323,0.0018549,1,1.0
1671,0.29938783886119535,0.04212528529093357,0.00043068,2.0955878038400533,3.0496499206866825,-13.693788170475795,0.5339017083921984,1.8144908435566822,0.08613346713151913,-19.6532477228591,-0.2562069914769774,-7.087154943581406,-0.30694249824025854,27.521796246535526,-0.055020528572734165,-0.10961244102797008,-0.00052764,0.11135898432509306,0.0018549,1,1.0
1672,0.14872780251361606,0.6086488933808454,0.00043068,2.0955878038400533,3.0496499206866825,87.77354904673679,0.5339017083921984,24.795258723637396,0.08613346713151913,-53.387623167843735,-0.2562069914769774,-11.119902159508175,-0.30694249824025854,-27.018204080485184,-0.055020528572734165,0.08804946286604204,-0.00052764,0.8711308530793007,0.0018549,0,1.0
1673,0.012939634814861045,0.15332433725242886,0.00043068,2.0955878038400533,3.0496499206866825,22.892353463311846,0.5339017083921984,7.364127063709831,0.08613346713151913,-60.59729153044885,-0.2562069914769774,63.28701885669136,-0.30694249824025854,11.485775426829713,-0.055020528572734165,0.2568347869665273,-0.00052764,0.4773575052852218,0.0018549,0,1.0
1674,0.7146634577001434,0.40161659493747265,0.00043068,2.0955878038400533,3.0496499206866825,-1.0355115162655226,0.5339017083921984,18.40364080012932,0.08613346713151913,-65.3098914493209,-0.2562069914769774,-50.77544919250295,-0.30694249824025854,53.18296380014308,-0.055020528572734165,-0.42510758344776783,-0.00052764,0.4301993831494176,0.0018549,1,1.0
1675,0.06129416639891694,0.24009446946826946,0.00043068,2.0955878038400533,3.0496499206866825,39.430095342736074,0.5339017083921984,8.383326944353199,0.08613346713151913,-36.60470695306956,-0.2562069914769774,-18.714592206956432,-0.30694249824025854,6.711218174150594,-0.055020528572734165,-0.2170722860659431,-0.00052764,0.36117684532025784,0.0018549,1,1.0
1676,0.13285669087530416,0.09730094487329417,0.00043068,2.0955878038400533,3.0496499206866825,-47.3272614804004,0.5339017083921984,2.095213223474734,0.08613346713151913,-35.22636694500569,-0.2562069914769774,46.84092770198234,-0.30694249824025854,34.6738329065334,-0.055020528572734165,-0.19064590100479387,-0.00052764,0.20175825954043994,0.0018549,1,1.0
1677,0.13782895465077752,0.18249011804875215,0.00043068,2.0955878038400533,3.0496499206866825,21.5875139797325,0.5339017083921984,3.8983100018609,0.08613346713151913,-30.761142240226505,-0.2562069914769774,17.94136801122182,-0.30694249824025854,8.551946729715894,-0.055020528572734165,0.12190495071000247,-0.00052764,0.33477745251904517,0.0018549,0,1.0
1678,0.10774166508411276,0.38742309379010054,0.00043068,2.0955878038400533,3.0496499206866825,35.653022619957504,0.5339017083921984,7.4178859686035015,0.08613346713151913,-43.98758027918372,-0.2562069914769774,74.60155234980438,-0.30694249824025854,-8.270508268202391,-0.055020528572734165,0.21061359453089856,-0.00052764,1.006323852708396,0.0018549,0,1.0
1679,0.18039792559242185,0.10353998309420794,0.00043068,2.0955878038400533,3.0496499206866825,49.90185029754722,0.5339017083921984,13.555866839082928,0.08613346713151913,-68.35804784528297,-0.2562069914769774,40.456076439848545,-0.30694249824025854,6.622070426653831,-0.055020528572734165,0.42648243025301213,-0.00052764,0.5406464893786327,0.0018549,0,1.0
1680,0.011782079301661197,0.13046668388897584,0.00043068,2.0955878038400533,3.0496499206866825,20.554434348894752,0.5339017083921984,3.5258819872003264,0.08613346713151913,-27.91181396833969,-0.2562069914769774,13.332857871438431,-0.30694249824025854,5.534751181159438,-0.055020528572734165,0.023084535289719738,-0.00052764,0.24014498820475225,0.0018549,0,1.0
1681,0.02345002116420275,0.10001659861717134,0.00043068,2.0955878038400533,3.0496499206866825,-19.61574096317341,0.5339017083921984,4.492867666071334,0.08613346713151913,-70.22279108443092,-0.2562069914769774,54.32960343064113,-0.30694249824025854,43.94937024950074,-0.055020528572734165,-0.09411610357330863,-0.00052764,0.18038690460031903,0.0018549,1,1.0
1682,0.8387456757538093,0.1943566711155909,0.00043068,2.0955878038400533,3.0496499206866825,-15.811105025262904,0.5339017083921984,10.358352633692004,0.08613346713151913,-20.375454236425895,-0.2562069914769774,-63.41229571003558,-0.30694249824025854,42.10738266365607,-0.055020528572734165,-0.21865400267516433,-0.00052764,0.22912428970685483,0.0018549,1,1.0
1683,-0.013546825095253068,0.21166132802777293,0.00043068,2.0955878038400533,3.0496499206866825,-19.299952253991204,0.5339017083921984,-5.25017390911522,0.08613346713151913,-7.302311736080106,-0.2562069914769774,43.772430711498075,-0.30694249824025854,10.591339417314924,-0.055020528572734165,-0.10854472976152063,-0.00052764,0.29800058373995064,0.0018549,1,1.0
1684,0.03251437047933692,0.23822822134237492,0.00043068,2.0955878038400533,3.0496499206866825,73.12800562466117,0.5339017083921984,7.967298096874016,0.08613346713151913,-6.228360945000845,-0.2562069914769774,10.843163495196121,-0.30694249824025854,-39.78735292285543,-0.055020528572734165,0.26944123994501096,-0.00052764,0.7430212457131968,0.0018549,0,1.0
1685,0.1273675464206665,0.1492468764549347,0.00043068,2.0955878038400533,3.0496499206866825,31.242707620041053,0.5339017083921984,5.542779549839717,0.08613346713151913,-22.967044096916414,-0.2562069914769774,1.6923219004567396,-0.30694249824025854,-0.41410734947711736,-0.055020528572734165,0.15520398323386908,-0.00052764,0.2685039954015687,0.0018549,0,1.0
1686,0.541554658422321,0.050774642129642056,0.00043068,2.0955878038400533,3.0496499206866825,-48.4654501572734,0.5339017083921984,4.193997835456884,0.08613346713151913,-47.8777619870068,-0.2562069914769774,12.995276066568556,-0.30694249824025854,60.77445516056491,-0.055020528572734165,-0.0787478179155866,-0.00052764,0.07354734468541319,0.0018549,1,1.0
1687,0.09098600394694628,0.3857154403105363,0.00043068,2.0955878038400533,3.0496499206866825,20.101058202473098,0.5339017083921984,0.50527199071282,0.08613346713151913,-15.430544446116544,-0.2562069914769774,48.936642535850346,-0.30694249824025854,-7.20058713541337,-0.055020528572734165,0.09104917091948117,-0.00052764,0.7217449543893799,0.0018549,0,1.0
1688,0.0103202793333671,0.13705396197106146,0.00043068,2.0955878038400533,3.0496499206866825,45.541847874625056,0.5339017083921984,7.896282905454178,0.08613346713151913,-24.676160373330863,-0.2562069914769774,-5.353437956131837,-0.30694249824025854,-9.57876444992047,-0.055020528572734165,0.10223477270326049,-0.00052764,0.2795903841971707,0.0018549,0,1.0
1689,0.3626983338605555,0.11799325917901368,0.00043068,2.0955878038400533,3.0496499206866825,-70.27742634111067,0.5339017083921984,-5.3283082638067345,0.08613346713151913,-21.227226099052448,-0.2562069914769774,45.47724742116966,-0.30694249824025854,50.81785576263619,-0.055020528572734165,-0.17741105497280846,-0.00052764,0.17298891206432704,0.0018549,1,1.0
1690,0.2494772438934194,0.1658995457878016,0.00043068,2.0955878038400533,3.0496499206866825,55.2758034289406,0.5339017083921984,18.56387851974227,0.08613346713151913,-77.23899870198782,-0.2562069914769774,21.99351387830627,-0.30694249824025854,9.801165580294606,-0.055020528572734165,0.3095389945663284,-0.00052764,0.5801361712184062,0.0018549,0,1.0
1691,0.46558521855840734,0.18654425764325155,0.00043068,2.0955878038400533,3.0496499206866825,9.735592876715698,0.5339017083921984,10.852735845553381,0.08613346713151913,-36.87238181571056,-0.2562069914769774,-43.76612698643691,-0.30694249824025854,30.704517783468354,-0.055020528572734165,-0.2941521438632066,-0.00052764,0.30091719676891854,0.0018549,1,1.0
1692,0.16704771920574946,0.071007051605751,0.00043068,2.0955878038400533,3.0496499206866825,-13.256236803843912,0.5339017083921984,1.5578386894567782,0.08613346713151913,-33.19651649055867,-0.2562069914769774,12.202222058420231,-0.30694249824025854,30.666542604388567,-0.055020528572734165,-0.15282058512156982,-0.00052764,0.15509436097936496,0.0018549,1,1.0
1693,0.0364888072324725,0.16980635318576798,0.00043068,2.0955878038400533,3.0496499206866825,35.01229448721026,0.5339017083921984,7.126053413803068,0.08613346713151913,-49.96727894797324,-0.2562069914769774,55.48728383512635,-0.30694249824025854,0.9671102011532171,-0.055020528572734165,0.27083949547345715,-0.00052764,0.5889709461297368,0.0018549,0,1.0
1694,0.004525917200167706,0.14407467467860108,0.00043068,2.0955878038400533,3.0496499206866825,12.424418410372283,0.5339017083921984,4.170093267708722,0.08613346713151913,-44.038663026107166,-0.2562069914769774,42.87824518603343,-0.30694249824025854,12.798423350386592,-0.055020528572734165,0.14936275059281304,-0.00052764,0.2808312608531125,0.0018549,0,1.0
1695,0.4937298268413272,0.11313850778344278,0.00043068,2.0955878038400533,3.0496499206866825,-12.069948400249196,0.5339017083921984,9.38636798741175,0.08613346713151913,-36.4926850177246,-0.2562069914769774,-24.03634608117098,-0.30694249824025854,36.861453288975,-0.055020528572734165,-0.1859745467881837,-0.00052764,0.21139117466753743,0.0018549,1,1.0
1696,0.38252162683122226,0.16478476660220456,0.00043068,2.0955878038400533,3.0496499206866825,-18.76134309038326,0.5339017083921984,12.624887475600016,0.08613346713151913,-74.78889195184367,-0.2562069914769774,6.997691495509007,-0.30694249824025854,54.577961770183016,-0.055020528572734165,-0.28071352265139876,-0.00052764,0.2853641101586923,0.0018549,1,1.0
1697,0.5777634611558655,0.17154211054928767,0.00043068,2.0955878038400533,3.0496499206866825,84.41244969426745,0.5339017083921984,22.307218452594803,0.08613346713151913,-89.54248727784574,-0.2562069914769774,-9.115210284459685,-0.30694249824025854,18.146257591070253,-0.055020528572734165,0.38026826259465873,-0.00052764,0.7834604062403248,0.0018549,0,1.0
1698,-0.001656796811573602,0.19073072034950084,0.00043068,2.0955878038400533,3.0496499206866825,28.463007351824615,0.5339017083921984,6.963022836427101,0.08613346713151913,-26.549200648998376,-0.2562069914769774,-20.91418479908181,-0.30694249824025854,4.299038665748077,-0.055020528572734165,-0.27471193855141735,-0.00052764,0.25001491061943987,0.0018549,1,1.0
1699,0.25324918314736955,0.1676320624671441,0.00043068,2.0955878038400533,3.0496499206866825,44.96723536414464,0.5339017083921984,16.47845782438905,0.08613346713151913,-75.36685058716938,-0.2562069914769774,21.525553836203226,-0.30694249824025854,16.165540672254952,-0.055020528572734165,0.26628114810883635,-0.00052764,0.49625608389889136,0.0018549,0,1.0
1700,0.809425934256052,0.33934790535085874,0.00043068,2.0214205979719013,3.067752800365439,-23.578504459515525,0.5339017083921984,9.618294874167837,0.08613346713151913,-45.68852651416797,-0.2562069914769774,-48.03982142143883,-0.30694249824025854,62.454427676030875,-0.055020528572734165,-0.34967240099068053,-0.00052764,0.2917851717025651,0.0018549,1,1.0
1701,0.7312328305567086,0.2611305793963205,0.00043068,2.0214205979719013,3.067752800365439,54.921399388018486,0.5339017083921984,17.704566242523605,0.08613346713151913,-53.97411413688763,-0.2562069914769774,-24.676344032381415,-0.30694249824025854,16.37382153918474,-0.055020528572734165,0.45417938911718725,-0.00052764,0.588951570316183,0.0018549,0,1.0
1702,0.01782556218997894,0.1434350371718402,0.00043068,2.0214205979719013,3.067752800365439,28.817757956636747,0.5339017083921984,7.097286046517092,0.08613346713151913,-42.33847080034472,-0.2562069914769774,22.30768937682268,-0.30694249824025854,5.664864810802025,-0.055020528572734165,0.13827653545139784,-0.00052764,0.30113815312724757,0.0018549,0,1.0
1703,0.5211777227910729,0.21060318118377452,0.00043068,2.0214205979719013,3.067752800365439,-27.287175758383047,0.5339017083921984,9.623349364632874,0.08613346713151913,-58.2088780601735,-0.2562069914769774,22.476640651566186,-0.30694249824025854,48.68440737075964,-0.055020528572734165,0.024142144328678644,-0.00052764,0.2911829165766694,0.0018549,0,1.0
1704,0.8415297980296583,0.3235193245966722,0.00043068,2.0214205979719013,3.067752800365439,-3.971372487199787,0.5339017083921984,13.903634329157818,0.08613346713151913,-35.58536867930092,-0.2562069914769774,-50.40622611939568,-0.30694249824025854,40.72647257631989,-0.055020528572734165,-0.07607856979785724,-0.00052764,0.3508560404723804,0.0018549,1,1.0
1705,0.2563348345368605,0.12329011247108407,0.00043068,2.0214205979719013,3.067752800365439,-32.57298352748623,0.5339017083921984,9.56650259838569,0.08613346713151913,-72.78205722388692,-0.2562069914769774,30.94571932734867,-0.30694249824025854,54.282217523386905,-0.055020528572734165,-0.21954251684926948,-0.00052764,0.19547722084197713,0.0018549,1,1.0
1706,0.16019003045225866,0.16365237280149536,0.00043068,2.0214205979719013,3.067752800365439,38.1201478681931,0.5339017083921984,9.08101019826455,0.08613346713151913,-38.41027064369356,-0.2562069914769774,22.36759026484317,-0.30694249824025854,-1.193851367758995,-0.055020528572734165,0.31033025217349886,-0.00052764,0.4365537709850549,0.0018549,0,1.0
1707,0.8772166813676254,0.36177264592003244,0.00043068,2.0214205979719013,3.067752800365439,-71.19597192039821,0.5339017083921984,2.33969763882184,0.08613346713151913,-52.96544667959997,-0.2562069914769774,35.49672703264334,-0.30694249824025854,78.91097016196349,-0.055020528572734165,0.02060189353447406,-0.00052764,0.2967414023115335,0.0018549,0,1.0
1708,-0.0073857407462042945,0.2263362022113974,0.00043068,2.0214205979719013,3.067752800365439,-25.291454146924217,0.5339017083921984,-3.574616460792131,0.08613346713151913,-15.007158136105833,-0.2562069914769774,57.07962124398613,-0.30694249824025854,12.927093752654867,-0.055020528572734165,-0.11198346525437966,-0.00052764,0.34904178542845943,0.0018549,1,1.0
1709,0.1508709327688489,0.08043603363787437,0.00043068,2.0214205979719013,3.067752800365439,12.024489518827579,0.5339017083921984,6.004004515439761,0.08613346713151913,-22.310938652234874,-0.2562069914769774,-20.701403988110286,-0.30694249824025854,12.44371774084567,-0.055020528572734165,-0.18970479379281732,-0.00052764,0.19833460972076797,0.0018549,1,1.0
1710,0.12963657552658808,0.09503489459377881,0.00043068,2.0214205979719013,3.067752800365439,-1.1705768672843035,0.5339017083921984,8.966741944245092,0.08613346713151913,-40.30802654328387,-0.2562069914769774,0.5202654952745787,-0.30694249824025854,21.37698545398773,-0.055020528572734165,-0.1926336766944772,-0.00052764,0.20553126708820027,0.0018549,1,1.0
1711,0.5324333603935836,0.10419924692685698,0.00043068,2.0214205979719013,3.067752800365439,-56.1131647057866,0.5339017083921984,-2.9186359110343685,0.08613346713151913,-21.692700327986266,-0.2562069914769774,16.77140882877438,-0.30694249824025854,52.971556323283,-0.055020528572734165,-0.10446360540864096,-0.00052764,0.10802776069119745,0.0018549,1,1.0
1712,0.22588612376052086,0.18848501259343375,0.00043068,2.0214205979719013,3.067752800365439,60.0439746956408,0.5339017083921984,17.074645856503626,0.08613346713151913,-53.83119434959964,-0.2562069914769774,-3.510923463900909,-0.30694249824025854,-2.209309679325051,-0.055020528572734165,0.2456409326282776,-0.00052764,0.5275189549514142,0.0018549,0,1.0
1713,0.06015321330125378,0.14577450080329013,0.00043068,2.0214205979719013,3.067752800365439,72.75846732796407,0.5339017083921984,13.746675370260403,0.08613346713151913,-31.69049372487462,-0.2562069914769774,6.802620749958936,-0.30694249824025854,-26.439930605709343,-0.055020528572734165,0.35687217906165125,-0.00052764,0.5778611076889365,0.0018549,0,1.0
1714,0.5543464496527868,0.06215601507138398,0.00043068,2.0214205979719013,3.067752800365439,-31.3282255273238,0.5339017083921984,4.341100038420686,0.08613346713151913,-19.344695498461206,-0.2562069914769774,-17.329477505332477,-0.30694249824025854,38.73719723698906,-0.055020528572734165,-0.0764830551805074,-0.00052764,0.08683255782615572,0.0018549,1,1.0
1715,0.26714687656430014,0.18290312086477337,0.00043068,2.0214205979719013,3.067752800365439,16.297891013477095,0.5339017083921984,10.75085404606198,0.08613346713151913,-78.48451473420813,-0.2562069914769774,43.36385346673687,-0.30694249824025854,34.310176747877144,-0.055020528572734165,0.22682196810330568,-0.00052764,0.4298348589332567,0.0018549,0,1.0
1716,0.21234569413266002,0.1606853373625797,0.00043068,2.0214205979719013,3.067752800365439,72.58453165090116,0.5339017083921984,20.35520883410804,0.08613346713151913,-74.53894443875872,-0.2562069914769774,33.28845137941299,-0.30694249824025854,-5.87347676069315,-0.055020528572734165,0.47018208197933864,-0.00052764,0.7693738631370722,0.0018549,0,1.0
1717,0.07928905375198558,0.05756969472354603,0.00043068,2.0214205979719013,3.067752800365439,59.08505366624452,0.5339017083921984,13.822337390711853,0.08613346713151913,-67.0411699914251,-0.2562069914769774,41.81748628781328,-0.30694249824025854,-1.1942487142746385,-0.055020528572734165,0.4827475284520712,-0.00052764,0.5234873429222727,0.0018549,0,1.0
1718,0.3755987855024906,0.1360694344899594,0.00043068,2.0214205979719013,3.067752800365439,-63.111171200461754,0.5339017083921984,2.1627418534023177,0.08613346713151913,-57.7781171389795,-0.2562069914769774,45.85598498176002,-0.30694249824025854,65.36445300946802,-0.055020528572734165,-0.06748996492587478,-0.00052764,0.0059756538773312814,0.0018549,1,1.0
1719,0.023800094651203807,0.11863184305579727,0.00043068,2.0214205979719013,3.067752800365439,15.856285297464797,0.5339017083921984,6.957401230261083,0.08613346713151913,-42.84428467567954,-0.2562069914769774,17.15566783756396,-0.30694249824025854,13.013197293097058,-0.055020528572734165,0.002990983559942137,-0.00052764,0.23515883622256462,0.0018549,0,1.0
1720,0.07033830056077722,0.11501315921276684,0.00043068,2.0214205979719013,3.067752800365439,28.845484780868222,0.5339017083921984,5.364764785989097,0.08613346713151913,-10.66964315097111,-0.2562069914769774,-32.58879003664389,-0.30694249824025854,-1.453797730410854,-0.055020528572734165,-0.2062820082453325,-0.00052764,0.23515077506066512,0.0018549,1,1.0
1721,0.19623728615174324,0.05251216747813835,0.00043068,2.0214205979719013,3.067752800365439,-12.945554167203836,0.5339017083921984,7.021107170002483,0.08613346713151913,-45.47378541719659,-0.2562069914769774,9.112424168630366,-0.30694249824025854,32.77858111183478,-0.055020528572734165,-0.15835950973869534,-0.00052764,0.1611778890025894,0.0018549,1,1.0
1722,0.008616823703938237,0.025675340578863393,0.00043068,2.0214205979719013,3.067752800365439,-1.7506533991307132,0.5339017083921984,3.7364079349047037,0.08613346713151913,-28.07673321487492,-0.2562069914769774,11.93889643302234,-0.30694249824025854,14.405964232637892,-0.055020528572734165,-0.08828530614944452,-0.00052764,0.09972427795911304,0.0018549,1,1.0
1723,0.0020820045548826105,0.13804587916786543,0.00043068,2.0214205979719013,3.067752800365439,75.18337341327195,0.5339017083921984,7.597590704819524,0.08613346713151913,-7.769612818901592,-0.2562069914769774,-5.061930185736748,-0.30694249824025854,-34.962952435073866,-0.055020528572734165,0.3268970137508459,-0.00052764,0.4990939332935779,0.0018549,0,1.0
1724,-0.006371601112896641,0.16804876119381168,0.00043068,2.0214205979719013,3.067752800365439,25.90054534859567,0.5339017083921984,7.029609919669364,0.08613346713151913,-39.15420136601078,-0.2562069914769774,5.7410132008827155,-0.30694249824025854,8.179115951164414,-0.055020528572734165,-0.0796525056094819,-0.00052764,0.28738801794694935,0.0018549,1,1.0
1725,0.7526568354232654,0.28026047700923334,0.00043068,2.0214205979719013,3.067752800365439,-21.652987510504666,0.5339017083921984,11.195712690112932,0.08613346713151913,-34.98684413501283,-0.2562069914769774,-27.311796289072138,-0.30694249824025854,43.59068428830833,-0.055020528572734165,-0.08355264883822841,-0.00052764,0.29859672197311615,0.0018549,1,1.0
1726,0.16723939244958363,0.1609515047289715,0.00043068,2.0214205979719013,3.067752800365439,10.192578313880052,0.5339017083921984,13.355252193035795,0.08613346713151913,-90.35477443881085,-0.2562069914769774,52.28751888610541,-0.30694249824025854,37.42134046144579,-0.055020528572734165,0.15422812265590674,-0.00052764,0.3880022273807698,0.0018549,0,1.0
1727,0.2966178029201625,0.27707486759584987,0.00043068,2.0214205979719013,3.067752800365439,27.912176753228625,0.5339017083921984,7.39644365674593,0.08613346713151913,-48.962049226971686,-0.2562069914769774,57.09866840615818,-0.30694249824025854,8.24212763150358,-0.055020528572734165,0.2934126240627488,-0.00052764,0.8100137173274395,0.0018549,0,1.0
1728,0.20107401883466025,0.10077820610515062,0.00043068,2.0214205979719013,3.067752800365439,99.27653942870629,0.5339017083921984,22.366422012584927,0.08613346713151913,-82.15907183818604,-0.2562069914769774,-0.8359352278899657,-0.30694249824025854,-4.9414387796904835,-0.055020528572734165,0.32007627206374245,-0.00052764,0.7950186764026781,0.0018549,0,1.0
1729,-0.055011975150335735,0.2812096697578132,0.00043068,2.0214205979719013,3.067752800365439,62.678084509932695,0.5339017083921984,5.785263093572856,0.08613346713151913,-27.493337926195437,-0.2562069914769774,49.59068569483496,-0.30694249824025854,-26.75620972772624,-0.055020528572734165,0.2986913489875318,-0.00052764,0.8175044749985036,0.0018549,0,1.0
1730,0.3247169048083572,0.13613986537427664,0.00043068,2.0214205979719013,3.067752800365439,-36.42111427669383,0.5339017083921984,0.5828487071874757,0.08613346713151913,-50.15913026790351,-0.2562069914769774,29.296537408446188,-0.30694249824025854,54.243525164054006,-0.055020528572734165,-0.1753256447423218,-0.00052764,0.19061862227167511,0.0018549,1,1.0
1731,0.3041245692987382,0.15080897605161298,0.00043068,2.0214205979719013,3.067752800365439,17.42444323416572,0.5339017083921984,4.857018193375483,0.08613346713151913,-10.609176610947427,-0.2562069914769774,-18.056446427258734,-0.30694249824025854,5.550249250847456,-0.055020528572734165,0.12147027677889523,-0.00052764,0.2008349368398944,0.0018549,0,1.0
1732,0.056989933691092065,0.14430144904250933,0.00043068,2.0214205979719013,3.067752800365439,36.90183567403848,0.5339017083921984,9.079754935795151,0.08613346713151913,-31.623718349360313,-0.2562069914769774,-1.8464440473572163,-0.30694249824025854,-2.222908052754798,-0.055020528572734165,0.0856114155209655,-0.00052764,0.29417022256024306,0.0018549,0,1.0
1733,0.28536106383939336,0.1687407046401305,0.00043068,2.0214205979719013,3.067752800365439,9.54642595626841,0.5339017083921984,10.121752640302226,0.08613346713151913,-62.72392034882613,-0.2562069914769774,22.666633659607854,-0.30694249824025854,31.16354672883623,-0.055020528572734165,0.12210687947917129,-0.00052764,0.3242279646287619,0.0018549,0,1.0
1734,0.6251842365876475,0.21815312171857298,0.00043068,2.0214205979719013,3.067752800365439,79.11309534882284,0.5339017083921984,18.74806495498141,0.08613346713151913,-58.28608670118729,-0.2562069914769774,-28.631302270318617,-0.30694249824025854,7.008289955698721,-0.055020528572734165,0.39856075221577775,-0.00052764,0.738937515700262,0.0018549,0,1.0
1735,0.42362054614702765,0.04208282304724477,0.00043068,2.0214205979719013,3.067752800365439,-39.13592067474033,0.5339017083921984,5.775794440648494,0.08613346713151913,-51.11987238695656,-0.2562069914769774,17.795281812449435,-0.30694249824025854,52.953794512428296,-0.055020528572734165,-0.09263971259815264,-0.00052764,0.10979288827241197,0.0018549,1,1.0
1736,0.6719232585496313,0.13129386194466022,0.00043068,2.0214205979719013,3.067752800365439,-39.94239041806694,0.5339017083921984,6.4691361148011035,0.08613346713151913,-24.682975749584227,-0.2562069914769774,-19.19211617484066,-0.30694249824025854,46.286227307023914,-0.055020528572734165,-0.14421573235324614,-0.00052764,0.16224846224971667,0.0018549,1,1.0
1737,0.36890317320406346,0.045171429895470516,0.00043068,2.0214205979719013,3.067752800365439,-32.03678833358434,0.5339017083921984,6.841275795068472,0.08613346713151913,-50.197195997906725,-0.2562069914769774,13.614614609714184,-0.30694249824025854,47.42958098712811,-0.055020528572734165,-0.1318653243297404,-0.00052764,0.13680001276605003,0.0018549,1,1.0
1738,0.18663164921311393,0.17285510495284817,0.00043068,2.0214205979719013,3.067752800365439,9.540872216888028,0.5339017083921984,8.945065651030555,0.08613346713151913,-71.22548641440655,-0.2562069914769774,67.2160426039623,-0.30694249824025854,25.895861214970555,-0.055020528572734165,0.282826152890168,-0.00052764,0.5015114011205413,0.0018549,0,1.0
1739,0.018470984752165687,0.13667206258789877,0.00043068,2.0214205979719013,3.067752800365439,53.156626464198034,0.5339017083921984,11.553471558512525,0.08613346713151913,-42.13737326693868,-0.2562069914769774,24.653338736887765,-0.30694249824025854,-12.189715535715889,-0.055020528572734165,0.32375918917174007,-0.00052764,0.46637726656035905,0.0018549,0,1.0
1740,0.3158112118986549,0.04736714421374794,0.00043068,2.0214205979719013,3.067752800365439,-40.416413953299454,0.5339017083921984,2.7978992108862344,0.08613346713151913,-36.8594348096184,-0.2562069914769774,27.683447238645194,-0.30694249824025854,41.635497578550805,-0.055020528572734165,-0.058296080502527894,-0.00052764,0.10028335127908637,0.0018549,1,1.0
1741,0.6052642221121547,0.08604123636363932,0.00043068,2.0214205979719013,3.067752800365439,-59.05383127172455,0.5339017083921984,4.379066181275555,0.08613346713151913,-68.0058390415025,-0.2562069914769774,28.215468920292047,-0.30694249824025854,78.45086738164736,-0.055020528572734165,-0.1191563102075101,-0.00052764,0.12486319835473257,0.0018549,1,1.0
1742,0.05310581224871441,0.12298196640337478,0.00043068,2.0214205979719013,3.067752800365439,-49.13579478704329,0.5339017083921984,3.977064272522019,0.08613346713151913,-60.27168468589691,-0.2562069914769774,74.89543659097804,-0.30694249824025854,43.557569408811105,-0.055020528572734165,-0.1622304294386247,-0.00052764,0.23597490215142303,0.0018549,1,1.0
1743,0.6860343734394533,0.32004204463826347,0.00043068,2.0214205979719013,3.067752800365439,-25.949474772391923,0.5339017083921984,8.497335758532408,0.08613346713151913,-51.72618060907383,-0.2562069914769774,-30.23654501712178,-0.30694249824025854,62.544299126711586,-0.055020528572734165,-0.33907157076065114,-0.00052764,0.2742144711047885,0.0018549,1,1.0
1744,0.48185252530575096,0.14405454412762808,0.00043068,2.0214205979719013,3.067752800365439,-22.052200082457272,0.5339017083921984,9.249392161366709,0.08613346713151913,-49.940309871964075,-0.2562069914769774,4.924322254677868,-0.30694249824025854,44.20667919381965,-0.055020528572734165,-0.0525321396361145,-0.00052764,0.22406898311976622,0.0018549,1,1.0
1745,-0.0013003053615975313,0.12374361463039107,0.00043068,2.0214205979719013,3.067752800365439,81.27228059962745,0.5339017083921984,7.194007385433487,0.08613346713151913,-31.38505723259221,-0.2562069914769774,33.575506346525685,-0.30694249824025854,-27.879112981903262,-0.055020528572734165,0.3646048895333057,-0.00052764,0.830067693779922,0.0018549,0,1.0
1746,0.4115663553848409,0.3118457724880373,0.00043068,2.0214205979719013,3.067752800365439,44.16496951159091,0.5339017083921984,16.48786738918969,0.08613346713151913,-46.31096976228842,-0.2562069914769774,-42.03865778669092,-0.30694249824025854,13.571754869241763,-0.055020528572734165,-0.08879470568218967,-0.00052764,0.4868154794535769,0.0018549,1,1.0
1747,0.9504233880191305,0.22402287330423015,0.00043068,2.0214205979719013,3.067752800365439,-71.04014996533827,0.5339017083921984,8.342777068844322,0.08613346713151913,-47.000514618255266,-0.2562069914769774,-7.990455833013137,-0.30694249824025854,77.37869610793854,-0.055020528572734165,-0.20347232752577796,-0.00052764,0.2086680800197336,0.0018549,1,1.0
1748,0.37005832425541485,0.16066493928022263,0.00043068,2.0214205979719013,3.067752800365439,64.66980744718211,0.5339017083921984,12.317921167334939,0.08613346713151913,-35.49497956313894,-0.2562069914769774,-4.295357437469134,-0.30694249824025854,-7.5596562295613525,-0.055020528572734165,0.4512531437028185,-0.00052764,0.5739427685001007,0.0018549,0,1.0
1749,1.0282118712956132,0.23379993816345354,0.00043068,2.0214205979719013,3.067752800365439,-47.92968953116259,0.5339017083921984,2.6515479528275563,0.08613346713151913,-8.419494110890765,-0.2562069914769774,-54.81226356705093,-0.30694249824025854,60.331270823226426,-0.055020528572734165,-0.1096287987707227,-0.00052764,0.07614069743146877,0.0018549,1,1.0
1750,0.17107034025292234,0.24085836733681354,0.00043068,2.0214205979719013,3.067752800365439,23.95558333275228,0.5339017083921984,14.44303100480766,0.08613346713151913,-69.43465161452997,-0.2562069914769774,6.101557164313672,-0.30694249824025854,25.438684096243374,-0.055020528572734165,-0.10830810064135599,-0.00052764,0.41029437218261433,0.0018549,1,1.0
1751,0.04647133250310265,0.4118213893760703,0.00043068,2.0214205979719013,3.067752800365439,-52.70882360286388,0.5339017083921984,-10.149952319418516,0.08613346713151913,-14.805621075182577,-0.2562069914769774,51.60357007043655,-0.30694249824025854,37.2739559667375,-0.055020528572734165,-0.31280024787951166,-0.00052764,0.1679490977770648,0.0018549,1,1.0
1752,0.6900620495618092,0.10901778944871236,0.00043068,2.0214205979719013,3.067752800365439,-29.13716022927522,0.5339017083921984,7.4372275666111065,0.08613346713151913,-24.03423216193774,-0.2562069914769774,-34.58226106592221,-0.30694249824025854,44.329445132213415,-0.055020528572734165,-0.15418549474573504,-0.00052764,0.15176711391639705,0.0018549,1,1.0
1753,0.2974184514012813,0.15400031029947248,0.00043068,2.0214205979719013,3.067752800365439,35.04082322104897,0.5339017083921984,13.682591218706664,0.08613346713151913,-91.7764110265532,-0.2562069914769774,49.625923343625345,-0.30694249824025854,31.815024409005446,-0.055020528572734165,0.33744405342749906,-0.00052764,0.5923327780660487,0.0018549,0,1.0
1754,0.11301665777491471,0.04862379975485438,0.00043068,2.0214205979719013,3.067752800365439,-27.522059312678973,0.5339017083921984,5.620178499127813,0.08613346713151913,-66.94445411525585,-0.2562069914769774,43.24501394281185,-0.30694249824025854,47.37747756019752,-0.055020528572734165,-0.13940242418018875,-0.00052764,0.14066717188867559,0.0018549,1,1.0
1755,0.2099918338461586,0.014812788828119892,0.00043068,2.0214205979719013,3.067752800365439,-33.698569313987335,0.5339017083921984,1.0222616779250295,0.08613346713151913,-36.44380877111676,-0.2562069914769774,30.09477516564451,-0.30694249824025854,38.39601724686144,-0.055020528572734165,-0.0167823098891936,-0.00052764,0.025689061980635332,0.0018549,1,1.0
1756,0.040589325197007864,0.06999136278238663,0.00043068,2.0214205979719013,3.067752800365439,86.68333657377383,0.5339017083921984,14.601757161571781,0.08613346713151913,-60.00662582615504,-0.2562069914769774,17.162618075334194,-0.30694249824025854,-13.649222300374458,-0.055020528572734165,0.3718542296476489,-0.00052764,0.6658504939464259,0.0018549,0,1.0
1757,0.8068366109164653,0.10095574657883279,0.00043068,2.0214205979719013,3.067752800365439,-54.378177502342126,0.5339017083921984,3.301241200134359,0.08613346713151913,-30.89117631844865,-0.2562069914769774,-13.59446353220348,-0.30694249824025854,64.00141223476068,-0.055020528572734165,-0.04637653862593943,-0.00052764,0.046792530622868304,0.0018549,1,1.0
1758,0.595907185085156,0.3482854512930217,0.00043068,2.0214205979719013,3.067752800365439,-13.94419434912335,0.5339017083921984,13.893089679216056,0.08613346713151913,-77.45809925198368,-0.2562069914769774,-21.217061717541345,-0.30694249824025854,65.25847870728184,-0.055020528572734165,-0.40618709663307145,-0.00052764,0.3949253092495926,0.0018549,1,1.0
1759,0.46062166046359687,0.2505684555620547,0.00043068,2.0214205979719013,3.067752800365439,-36.88359807565325,0.5339017083921984,3.411627199438163,0.08613346713151913,-53.54398274895633,-0.2562069914769774,8.298013140701904,-0.30694249824025854,61.276551861924666,-0.055020528572734165,-0.26182086851571984,-0.00052764,0.19643523795230192,0.0018549,1,1.0
1760,0.5520407673226502,0.21531615551345132,0.00043068,2.0214205979719013,3.067752800365439,48.325899180311005,0.5339017083921984,18.73716212450631,0.08613346713151913,-82.95177373586888,-0.2562069914769774,2.5281022811562828,-0.30694249824025854,29.452478252688252,-0.055020528572734165,0.29308828022710676,-0.00052764,0.6370530746565517,0.0018549,0,1.0
1761,0.14416895720308187,0.1444171772499025,0.00043068,2.0214205979719013,3.067752800365439,3.0385023214651383,0.5339017083921984,10.367472022638673,0.08613346713151913,-73.26266029326985,-0.2562069914769774,41.55301577219734,-0.30694249824025854,33.62210723204862,-0.055020528572734165,0.08070092683554181,-0.00052764,0.2953138016654168,0.0018549,0,1.0
1762,0.21161083140893844,0.04616462780482748,0.00043068,2.0214205979719013,3.067752800365439,-43.387764289599474,0.5339017083921984,1.633209721699816,0.08613346713151913,-31.905211270866257,-0.2562069914769774,35.96894737044718,-0.30694249824025854,36.083857878116795,-0.055020528572734165,-0.13209022156380962,-0.00052764,0.13414019015595036,0.0018549,1,1.0
1763,0.7695966846239584,0.4030456738686451,0.00043068,2.0214205979719013,3.067752800365439,-1.8651136765058531,0.5339017083921984,17.989617999611042,0.08613346713151913,-57.04440133635221,-0.2562069914769774,-62.786794795237235,-0.30694249824025854,52.185437843345284,-0.055020528572734165,-0.4279875764843952,-0.00052764,0.4307764112001593,0.0018549,1,1.0
1764,0.3516824582841524,0.19330761767607013,0.00043068,2.0214205979719013,3.067752800365439,-4.11837560976736,0.5339017083921984,8.758318461364686,0.08613346713151913,-58.15775209835605,-0.2562069914769774,-1.964472875771745,-0.30694249824025854,43.253397027190076,-0.055020528572734165,-0.21108453106083225,-0.00052764,0.3075155490705316,0.0018549,1,1.0
1765,-0.018302246695425795,0.1372078436965105,0.00043068,2.0214205979719013,3.067752800365439,12.082300770918891,0.5339017083921984,7.421322889152968,0.08613346713151913,-41.53749527940494,-0.2562069914769774,11.015105925682448,-0.30694249824025854,13.344826138957822,-0.055020528572734165,-0.11835465314726812,-0.00052764,0.20994363093480595,0.0018549,1,1.0
1766,0.501634330015085,0.22413521751576895,0.00043068,2.0214205979719013,3.067752800365439,-21.463301614086067,0.5339017083921984,14.716793590067832,0.08613346713151913,-75.60705913735045,-0.2562069914769774,-2.061532269419689,-0.30694249824025854,58.14576440598423,-0.055020528572734165,-0.29175818779895685,-0.00052764,0.3301805740169302,0.0018549,1,1.0
1767,0.018076683808331162,0.032537269259924693,0.00043068,2.0214205979719013,3.067752800365439,-15.264813785832526,0.5339017083921984,4.937459285811902,0.08613346713151913,-47.801438857322076,-0.2562069914769774,33.586574026103136,-0.30694249824025854,28.367072109039242,-0.055020528572734165,-0.08633400304575645,-0.00052764,0.10788131401158169,0.0018549,1,1.0
1768,0.1453468018232036,0.19925930335899839,0.00043068,2.0214205979719013,3.067752800365439,54.61332557742515,0.5339017083921984,10.459058810154701,0.08613346713151913,-42.70766044663881,-0.2562069914769774,51.92472536431335,-0.30694249824025854,-14.758673032509906,-0.055020528572734165,0.3409954969885043,-0.00052764,0.9026138769247434,0.0018549,0,1.0
1769,0.7318323357140551,0.2743073663591336,0.00043068,2.0214205979719013,3.067752800365439,40.781131292822266,0.5339017083921984,18.621226175991392,0.08613346713151913,-71.74245095624526,-0.2562069914769774,-15.084125767739904,-0.30694249824025854,32.44722217668152,-0.055020528572734165,0.3096082563660343,-0.00052764,0.5967951140720189,0.0018549,0,1.0
1770,0.3481160267666558,0.1592561066456511,0.00043068,2.0214205979719013,3.067752800365439,-11.623484719321583,0.5339017083921984,8.804072779912323,0.08613346713151913,-41.392224534515655,-0.2562069914769774,-14.523278482420633,-0.30694249824025854,35.822399555502024,-0.055020528572734165,-0.2409946616435086,-0.00052764,0.20069816979438607,0.0018549,1,1.0
1771,0.37797541159420533,0.18075871570168792,0.00043068,2.0214205979719013,3.067752800365439,6.741490009563422,0.5339017083921984,7.250936983801202,0.08613346713151913,-39.7971291140081,-0.2562069914769774,-8.644008096118705,-0.30694249824025854,28.845358750720234,-0.055020528572734165,-0.03673804733640673,-0.00052764,0.2931329257177949,0.0018549,1,1.0
1772,0.5104112468177491,0.22354751450052882,0.00043068,2.0214205979719013,3.067752800365439,47.05704252540863,0.5339017083921984,20.71653757368679,0.08613346713151913,-87.22211738622399,-0.2562069914769774,31.273026069720917,-0.30694249824025854,21.59886270866734,-0.055020528572734165,0.4677763563560913,-0.00052764,0.7287451200456763,0.0018549,0,1.0
1773,0.1368312102360697,0.058469467206379785,0.00043068,2.0214205979719013,3.067752800365439,-3.040790693385783,0.5339017083921984,3.946508129579611,0.08613346713151913,-31.32532272636741,-0.2562069914769774,1.705746672535469,-0.30694249824025854,22.928858784765996,-0.055020528572734165,-0.15182685094194576,-0.00052764,0.15887755686227917,0.0018549,1,1.0
1774,0.4749413586098783,0.1990504740612822,0.00043068,2.0214205979719013,3.067752800365439,71.10069698996992,0.5339017083921984,21.83402939266014,0.08613346713151913,-70.48287743288628,-0.2562069914769774,-0.791066210277125,-0.30694249824025854,4.175087449806108,-0.055020528572734165,0.45946929313426527,-0.00052764,0.7060188532840455,0.0018549,0,1.0
1775,0.9090108013303115,0.3171263245034186,0.00043068,2.0214205979719013,3.067752800365439,-30.124842565385688,0.5339017083921984,8.787864511213016,0.08613346713151913,-34.131119414861,-0.2562069914769774,-23.079057466015097,-0.30694249824025854,52.793345381845164,-0.055020528572734165,0.06692350717735583,-0.00052764,0.2535274666740407,0.0018549,0,1.0
1776,0.5549853163326472,0.17282889547753782,0.00043068,2.0214205979719013,3.067752800365439,-57.757731613777956,0.5339017083921984,-3.5845167770940263,0.08613346713151913,-16.621547987509004,-0.2562069914769774,20.033591327932847,-0.30694249824025854,50.273455457390625,-0.055020528572734165,-0.11147647115102316,-0.00052764,0.1799395392975478,0.0018549,1,1.0
1777,0.24575115573615336,0.09176884754366474,0.00043068,2.0214205979719013,3.067752800365439,61.62320972815507,0.5339017083921984,15.299123903384121,0.08613346713151913,-71.53625281730083,-0.2562069914769774,27.772857864049502,-0.30694249824025854,6.629578265328004,-0.055020528572734165,0.45964116866860916,-0.00052764,0.5913265463952581,0.0018549,0,1.0
1778,0.44285992414456055,0.31020568894993994,0.00043068,2.0214205979719013,3.067752800365439,19.77443893078914,0.5339017083921984,11.904286505409008,0.08613346713151913,-21.6658482360103,-0.2562069914769774,-67.74235445099967,-0.30694249824025854,18.4165619307267,-0.055020528572734165,-0.36653482645328994,-0.00052764,0.3197550055837892,0.0018549,1,1.0
1779,0.09239409172079055,0.19914442393534548,0.00043068,2.0214205979719013,3.067752800365439,26.386915757849792,0.5339017083921984,4.555665654704469,0.08613346713151913,-23.46053097047928,-0.2562069914769774,-15.456073006470248,-0.30694249824025854,7.227517654506143,-0.055020528572734165,-0.1726030640674047,-0.00052764,0.3134785493725003,0.0018549,1,1.0
1780,0.06885117171871269,0.18884805331606996,0.00043068,2.0214205979719013,3.067752800365439,20.841769061134467,0.5339017083921984,7.400526376910684,0.08613346713151913,-82.53856178808205,-0.2562069914769774,79.72602680600149,-0.30694249824025854,27.00497261565314,-0.055020528572734165,0.26252270066480266,-0.00052764,0.5788236544365929,0.0018549,0,1.0
1781,0.01026056498564254,0.18832552888613577,0.00043068,2.0214205979719013,3.067752800365439,51.671720635714344,0.5339017083921984,11.150126395845072,0.08613346713151913,-41.073848479033884,-0.2562069914769774,-3.9284988397198837,-0.30694249824025854,-4.424416278475822,-0.055020528572734165,0.04013155178487221,-0.00052764,0.3991539759850962,0.0018549,0,1.0
1782,0.2164855345279676,0.2690880881415696,0.00043068,2.0214205979719013,3.067752800365439,77.28650941063947,0.5339017083921984,12.589397884193591,0.08613346713151913,-13.212442819123694,-0.2562069914769774,-60.07980811806661,-0.30694249824025854,-19.997543934521723,-0.055020528572734165,-0.00947796502103665,-0.00052764,0.4951312865469903,0.0018549,1,1.0
1783,0.20704574132311193,0.2357994028587691,0.00043068,2.0214205979719013,3.067752800365439,61.770375519936145,0.5339017083921984,16.297887144980955,0.08613346713151913,-43.70590441166185,-0.2562069914769774,-24.120367339267133,-0.30694249824025854,-4.8353246820452895,-0.055020528572734165,0.08683019349627366,-0.00052764,0.4971107906849407,0.0018549,0,1.0
1784,0.027073852494047257,0.1069440655801966,0.00043068,2.0214205979719013,3.067752800365439,63.741673836811145,0.5339017083921984,11.911315501970352,0.08613346713151913,-49.22431815773674,-0.2562069914769774,19.95914149249417,-0.30694249824025854,-9.831036472640667,-0.055020528572734165,0.3550566345119523,-0.00052764,0.4734876855671884,0.0018549,0,1.0
1785,-0.0882814557136598,0.3992676454432292,0.00043068,2.0214205979719013,3.067752800365439,20.992083871584548,0.5339017083921984,2.0039460451735507,0.08613346713151913,-33.090958228455655,-0.2562069914769774,61.277079853193136,-0.30694249824025854,-3.1398422945649895,-0.055020528572734165,0.13526813775256516,-0.00052764,0.538018471244229,0.0018549,0,1.0
1786,0.004295854061919568,0.20310936145696332,0.00043068,2.0214205979719013,3.067752800365439,-15.070019936145451,0.5339017083921984,11.393874624106363,0.08613346713151913,-66.0898185822115,-0.2562069914769774,39.248203845691364,-0.30694249824025854,30.719085836489082,-0.055020528572734165,-0.2415023422386201,-0.00052764,0.28521310075107564,0.0018549,1,1.0
1787,0.10065322121625336,0.12862571928343808,0.00043068,2.0214205979719013,3.067752800365439,22.885946189910847,0.5339017083921984,7.638332587044323,0.08613346713151913,-30.979964873604597,-0.2562069914769774,5.194914836895998,-0.30694249824025854,4.408189025541038,-0.055020528572734165,0.1052654857141269,-0.00052764,0.23444460082240393,0.0018549,0,1.0
1788,0.0003255179254922913,0.06020738204695793,0.00043068,2.0214205979719013,3.067752800365439,66.36611541972762,0.5339017083921984,12.388722543971042,0.08613346713151913,-67.19390707043988,-0.2562069914769774,52.209635275706795,-0.30694249824025854,-6.242128120046647,-0.055020528572734165,0.46262053808305326,-0.00052764,0.6385829869764243,0.0018549,0,1.0
1789,0.3909233926660557,0.23592320474552303,0.00043068,2.0214205979719013,3.067752800365439,9.83809504152273,0.5339017083921984,9.563656497133435,0.08613346713151913,-40.537037321764956,-0.2562069914769774,-37.17570821984927,-0.30694249824025854,32.26066343275738,-0.055020528572734165,-0.3355508654898086,-0.00052764,0.33700959376455497,0.0018549,1,1.0
1790,0.4977214288424823,0.14287258522100607,0.00043068,2.0214205979719013,3.067752800365439,-35.68805921669525,0.5339017083921984,0.4979789405617219,0.08613346713151913,-35.159205087152046,-0.2562069914769774,4.9474875465982455,-0.30694249824025854,52.40971034084018,-0.055020528572734165,-0.16037236318018963,-0.00052764,0.18137409787937406,0.0018549,1,1.0
1791,0.11397370074883878,0.13944644424415162,0.00043068,2.0214205979719013,3.067752800365439,-8.035730152214983,0.5339017083921984,6.905237543246584,0.08613346713151913,-34.389354326729574,-0.2562069914769774,2.37105362098829,-0.30694249824025854,21.855256911314676,-0.055020528572734165,-0.19617777567033404,-0.00052764,0.14598837597228878,0.0018549,1,1.0
1792,0.47188928440424066,0.1447567908800682,0.00043068,2.0214205979719013,3.067752800365439,-32.17676594599934,0.5339017083921984,-1.209966390102665,0.08613346713151913,-19.822560849215392,-0.2562069914769774,2.8990435417591938,-0.30694249824025854,41.28942976875124,-0.055020528572734165,-0.09309026163823071,-0.00052764,0.16771112521969012,0.0018549,1,1.0
1793,0.02916346432035649,0.10806729791023838,0.00043068,2.0214205979719013,3.067752800365439,8.768877320335248,0.5339017083921984,5.673334757932101,0.08613346713151913,-43.04780633867425,-0.2562069914769774,27.4448242578792,-0.30694249824025854,15.534619692643963,-0.055020528572734165,0.07008665649949838,-0.00052764,0.1968066011226585,0.0018549,0,1.0
1794,0.4487944536184699,0.20396508405071404,0.00043068,2.0214205979719013,3.067752800365439,-17.653535921214242,0.5339017083921984,13.895581089178917,0.08613346713151913,-64.41971324059338,-0.2562069914769774,-8.655977012692246,-0.30694249824025854,49.38871833301891,-0.055020528572734165,-0.30636459185424536,-0.00052764,0.3065262276088162,0.0018549,1,1.0
1795,0.015521610767584515,0.11202416970050842,0.00043068,2.0214205979719013,3.067752800365439,55.38185694104436,0.5339017083921984,8.519006467218878,0.08613346713151913,-46.67461678768343,-0.2562069914769774,44.40477109080863,-0.30694249824025854,-9.716504612363646,-0.055020528572734165,0.35595419967862485,-0.00052764,0.6215789532102611,0.0018549,0,1.0
1796,0.5483596390262566,0.3554142762294256,0.00043068,2.0214205979719013,3.067752800365439,-27.966860339432564,0.5339017083921984,12.418449597321068,0.08613346713151913,-83.52416014935245,-0.2562069914769774,-2.529500085982731,-0.30694249824025854,72.17420510674908,-0.055020528572734165,-0.3899828466147722,-0.00052764,0.33210271922308954,0.0018549,1,1.0
1797,-0.004237476862881229,0.08593252190578687,0.00043068,2.0214205979719013,3.067752800365439,61.234530756993585,0.5339017083921984,15.00097762896721,0.08613346713151913,-71.5127484285719,-0.2562069914769774,60.241780328143136,-0.30694249824025854,-7.194310052818237,-0.055020528572734165,0.4408599921285243,-0.00052764,0.6951511227320324,0.0018549,0,1.0
1798,0.47018239361022757,0.10907537279742721,0.00043068,2.0214205979719013,3.067752800365439,-26.635321766059466,0.5339017083921984,7.461936879585103,0.08613346713151913,-35.531665112266545,-0.2562069914769774,-3.647491457562138,-0.30694249824025854,39.27864950458772,-0.055020528572734165,-0.10938142292210429,-0.00052764,0.17935080101919854,0.0018549,1,1.0
1799,0.45974761902203254,0.21258476583224714,0.00043068,2.0214205979719013,3.067752800365439,6.404184113231946,0.5339017083921984,13.094895324404773,0.08613346713151913,-62.722053735214374,-0.2562069914769774,8.710810458269428,-0.30694249824025854,35.32497588362553,-0.055020528572734165,0.11452602396255568,-0.00052764,0.36514117754765735,0.0018549,0,1.0
1800,0.09481590852368713,0.05234369780896614,0.00043068,2.4578938558003998,3.4873681643987795,-38.78935885270946,0.5339017083921984,-2.404710819199877,0.08613346713151913,-35.64263668892187,-0.2562069914769774,52.66706469837735,-0.30694249824025854,38.831169290772365,-0.055020528572734165,-0.05423804120992663,-0.00052764,0.10279290166485903,0.0018549,1,1.0
1801,0.0030912319448718195,0.1951853094278047,0.00043068,2.4578938558003998,3.4873681643987795,48.52394779864034,0.5339017083921984,8.121939402696968,0.08613346713151913,-85.88219104916628,-0.2562069914769774,34.40328466096981,-0.30694249824025854,30.594938005748208,-0.055020528572734165,-0.11422861227026204,-0.00052764,0.3014362596856721,0.0018549,1,1.0
1802,0.01794698121946152,0.00623532834605894,0.00043068,2.4578938558003998,3.4873681643987795,-44.852773689293706,0.5339017083921984,1.700040795232438,0.08613346713151913,-53.97590107559878,-0.2562069914769774,67.72338926699075,-0.30694249824025854,41.461854260150886,-0.055020528572734165,-0.01059114800632355,-0.00052764,0.020432951660012924,0.0018549,1,1.0
1803,0.02527607248945396,0.12975765104235018,0.00043068,2.4578938558003998,3.4873681643987795,4.248641361863992,0.5339017083921984,7.4492064083172,0.08613346713151913,-52.96435828028711,-0.2562069914769774,61.0637383329572,-0.30694249824025854,13.84245383943583,-0.055020528572734165,0.02373514611909068,-0.00052764,0.230644041235459,0.0018549,0,1.0
1804,0.4795085305244755,0.09980841867024616,0.00043068,2.4578938558003998,3.4873681643987795,7.823038428870871,0.5339017083921984,13.637114537307587,0.08613346713151913,-51.31519477426544,-0.2562069914769774,-71.62427323333395,-0.30694249824025854,46.58440644316589,-0.055020528572734165,-0.20409148643446362,-0.00052764,0.1963265063898174,0.0018549,1,1.0
1805,0.07353534965819664,0.10165970671673,0.00043068,2.4578938558003998,3.4873681643987795,18.04422697765006,0.5339017083921984,7.985299123067566,0.08613346713151913,-78.61145625386652,-0.2562069914769774,44.234051726385246,-0.30694249824025854,35.32531773345837,-0.055020528572734165,-0.005899252416024389,-0.00052764,0.19052986877886707,0.0018549,1,1.0
1806,0.04121209233730236,0.023580625978486376,0.00043068,2.4578938558003998,3.4873681643987795,11.754060421882118,0.5339017083921984,4.190711594474191,0.08613346713151913,-32.00713615245008,-0.2562069914769774,-0.8248524922496007,-0.30694249824025854,15.874606528927044,-0.055020528572734165,-0.0842906829637989,-0.00052764,0.09482164784073059,0.0018549,1,1.0
1807,0.4269109390417768,0.03251555323746091,0.00043068,2.4578938558003998,3.4873681643987795,-66.01711533362528,0.5339017083921984,2.2891356419550704,0.08613346713151913,-55.03622986257817,-0.2562069914769774,20.028305110992857,-0.30694249824025854,74.40881404311943,-0.055020528572734165,-0.06035824410533185,-0.00052764,0.061996290225752364,0.0018549,1,1.0
1808,0.1546494544442064,0.03217381887740342,0.00043068,2.4578938558003998,3.4873681643987795,-31.95554670905973,0.5339017083921984,3.6050335508466245,0.08613346713151913,-65.88624164242805,-0.2562069914769774,38.79414592241458,-0.30694249824025854,54.95645582530043,-0.055020528572734165,-0.09794552676555626,-0.00052764,0.10074271468431148,0.0018549,1,1.0
1809,0.12098624951763498,0.06238897095259499,0.00043068,2.4578938558003998,3.4873681643987795,8.327217392933084,0.5339017083921984,7.271795090473767,0.08613346713151913,-56.362847296349955,-0.2562069914769774,-3.216117966320765,-0.30694249824025854,34.55069284502677,-0.055020528572734165,-0.15583021904716957,-0.00052764,0.14850626467376807,0.0018549,1,1.0
1810,0.43168629456802526,0.08681036748880569,0.00043068,2.4578938558003998,3.4873681643987795,-5.472575726811182,0.5339017083921984,7.396649778904098,0.08613346713151913,-49.574869350349424,-0.2562069914769774,-43.593822330118584,-0.30694249824025854,54.09096848292538,-0.055020528572734165,-0.18189216954701393,-0.00052764,0.1792136784351674,0.0018549,1,1.0
1811,0.14857500265142132,0.05501233085210138,0.00043068,2.4578938558003998,3.4873681643987795,31.887220954915016,0.5339017083921984,8.730462297206351,0.08613346713151913,-38.370223503753905,-0.2562069914769774,-39.118657972962815,-0.30694249824025854,18.013610372460704,-0.055020528572734165,-0.16261476090980803,-0.00052764,0.16411649848166,0.0018549,1,1.0
1812,0.02087147767666564,0.06650056456174011,0.00043068,2.4578938558003998,3.4873681643987795,0.3362991686596515,0.5339017083921984,2.9192121715451993,0.08613346713151913,-55.41036373680824,-0.2562069914769774,34.11646458822951,-0.30694249824025854,32.909951115910154,-0.055020528572734165,-0.10172118248495705,-0.00052764,0.14286181273472093,0.0018549,1,1.0
1813,0.03869930653970288,0.02332299182400966,0.00043068,2.4578938558003998,3.4873681643987795,5.8136316552307825,0.5339017083921984,6.650869859412072,0.08613346713151913,-47.82338583826186,-0.2562069914769774,8.814294132838809,-0.30694249824025854,23.69537606761231,-0.055020528572734165,-0.10210722004875455,-0.00052764,0.1027342652149087,0.0018549,1,1.0
1814,0.0019224311503791558,0.03267813069662762,0.00043068,2.4578938558003998,3.4873681643987795,-10.501156793584828,0.5339017083921984,8.043291074236269,0.08613346713151913,-74.20627175659061,-0.2562069914769774,45.32206702609403,-0.30694249824025854,38.445630493621316,-0.055020528572734165,-0.09370194503571863,-0.00052764,0.10931853378465275,0.0018549,1,1.0
1815,0.009369679336192753,0.053717503602426275,0.00043068,2.4578938558003998,3.4873681643987795,5.202241848317436,0.5339017083921984,-0.4504565996286911,0.08613346713151913,-21.257109663416006,-0.2562069914769774,19.544511068912147,-0.30694249824025854,12.62706411083859,-0.055020528572734165,-0.05274383571641938,-0.00052764,0.11468931866981302,0.0018549,1,1.0
1816,0.36662313083702747,0.048143906916567066,0.00043068,2.4578938558003998,3.4873681643987795,-23.47924798097153,0.5339017083921984,3.821361015672925,0.08613346713151913,-19.329878684803717,-0.2562069914769774,-20.247382886302113,-0.30694249824025854,34.290552266653364,-0.055020528572734165,0.007588202578140538,-0.00052764,0.05174950684425329,0.0018549,0,1.0
1817,0.0837271588604328,0.029984860732413108,0.00043068,2.4578938558003998,3.4873681643987795,19.32346460705929,0.5339017083921984,5.091456549026472,0.08613346713151913,-29.58024458393393,-0.2562069914769774,-18.27010091059529,-0.30694249824025854,15.106545189762146,-0.055020528572734165,-0.11443042733802893,-0.00052764,0.11645066415473453,0.0018549,1,1.0
1818,0.4997686382035821,0.03858227168046363,0.00043068,2.4578938558003998,3.4873681643987795,-31.00999023283303,0.5339017083921984,6.841349967425696,0.08613346713151913,-27.039006429134915,-0.2562069914769774,-44.53341098615171,-0.30694249824025854,47.69038443615095,-0.055020528572734165,-0.07833335546066332,-0.00052764,0.0832734530029615,0.0018549,1,1.0
1819,0.27336728840085833,0.07607308438864835,0.00043068,2.4578938558003998,3.4873681643987795,-2.2332412947871894,0.5339017083921984,13.145981250147887,0.08613346713151913,-66.74089676710918,-0.2562069914769774,-11.997990391852747,-0.30694249824025854,42.289013885744666,-0.055020528572734165,-0.13766012792266544,-0.00052764,0.17700033005513402,0.0018549,1,1.0
1820,0.157854010320635,0.03670063541858389,0.00043068,2.4578938558003998,3.4873681643987795,-81.9255955201584,0.5339017083921984,0.7026313797267406,0.08613346713151913,-41.1531981752681,-0.2562069914769774,69.00421285703553,-0.30694249824025854,50.0909053831975,-0.055020528572734165,-0.11981791109915291,-0.00052764,0.12099203031984071,0.0018549,1,1.0
1821,0.10704575317889997,0.1940650471397181,0.00043068,2.4578938558003998,3.4873681643987795,79.59480233405024,0.5339017083921984,19.639729927363682,0.08613346713151913,-63.47853022230889,-0.2562069914769774,-74.0690333535284,-0.30694249824025854,7.2216880736811575,-0.055020528572734165,-0.2959558815549329,-0.00052764,0.295918827277624,0.0018549,1,1.0
1822,0.35476675378832345,0.09757701499691748,0.00043068,2.4578938558003998,3.4873681643987795,-81.81869301606721,0.5339017083921984,6.873249134655031,0.08613346713151913,-49.92497469930594,-0.2562069914769774,33.952668284851285,-0.30694249824025854,60.135055849396714,-0.055020528572734165,-0.17531143715195965,-0.00052764,0.17486915165769898,0.0018549,1,1.0
1823,0.5556857382726539,0.13174130760108757,0.00043068,2.4578938558003998,3.4873681643987795,-20.01827702145942,0.5339017083921984,4.934882568733109,0.08613346713151913,-43.281263515867224,-0.2562069914769774,-29.782534314405584,-0.30694249824025854,59.945681040516384,-0.055020528572734165,-0.06335996830507741,-0.00052764,0.174734794935564,0.0018549,1,1.0
1824,0.48294799051377907,0.11516847827725288,0.00043068,2.4578938558003998,3.4873681643987795,1.877079476601001,0.5339017083921984,15.439420932736011,0.08613346713151913,-81.5209111220452,-0.2562069914769774,-49.25208710269998,-0.30694249824025854,64.9914847187201,-0.055020528572734165,-0.23383701712434696,-0.00052764,0.23611071557537205,0.0018549,1,1.0
1825,0.18205894896665953,0.05591425573847365,0.00043068,2.4578938558003998,3.4873681643987795,-14.305736035785385,0.5339017083921984,12.297763566112991,0.08613346713151913,-89.40236534929502,-0.2562069914769774,20.695397415363882,-0.30694249824025854,56.06609860782501,-0.055020528572734165,-0.16377279145278165,-0.00052764,0.1647155076378036,0.0018549,1,1.0
1826,-0.00011803642291308147,0.12555674442388964,0.00043068,2.4578938558003998,3.4873681643987795,22.901451165884566,0.5339017083921984,13.9121148065834,0.08613346713151913,-77.7730315906411,-0.2562069914769774,39.50910390643665,-0.30694249824025854,19.247587183957076,-0.055020528572734165,-0.0521535045547693,-0.00052764,0.22313094159008673,0.0018549,1,1.0
1827,0.06233950105741792,0.06527048287996406,0.00043068,2.4578938558003998,3.4873681643987795,22.870805182504956,0.5339017083921984,11.84530111837056,0.08613346713151913,-64.30423871853887,-0.2562069914769774,-6.881079270783668,-0.30694249824025854,25.606982470013055,-0.055020528572734165,-0.17157226036447878,-0.00052764,0.17220956710600696,0.0018549,1,1.0
1828,0.1949213591475467,0.07891376707813479,0.00043068,2.4578938558003998,3.4873681643987795,18.96939694092643,0.5339017083921984,9.748937027222858,0.08613346713151913,-62.02281035401862,-0.2562069914769774,-21.798433232929757,-0.30694249824025854,37.661838056929845,-0.055020528572734165,-0.1883499701753912,-0.00052764,0.19263018344137792,0.0018549,1,1.0
1829,0.03801880346594211,0.029095438044181236,0.00043068,2.4578938558003998,3.4873681643987795,18.20021968538915,0.5339017083921984,5.621589571917108,0.08613346713151913,-36.23071535835757,-0.2562069914769774,-6.275636338767247,-0.30694249824025854,15.464558526561062,-0.055020528572734165,-0.10695792155532138,-0.00052764,0.11221564182537688,0.0018549,1,1.0
1830,-0.00624596962597504,0.03275616591863049,0.00043068,2.4578938558003998,3.4873681643987795,-24.488711815494966,0.5339017083921984,3.4719593602187526,0.08613346713151913,-52.71512785136331,-0.2562069914769774,56.07159116714353,-0.30694249824025854,31.735083078787014,-0.055020528572734165,-0.007645090433883405,-0.00052764,0.04555451252878291,0.0018549,1,1.0
1831,0.200075792086728,0.0309877924651449,0.00043068,2.4578938558003998,3.4873681643987795,-33.59864903308556,0.5339017083921984,0.7777142076493032,0.08613346713151913,-0.7544271961812639,-0.2562069914769774,-5.424902657187436,-0.30694249824025854,18.934495968093447,-0.055020528572734165,-0.06716183994514127,-0.00052764,0.057660236730690456,0.0018549,1,1.0
1832,0.02629631429043383,0.04773502342072342,0.00043068,2.4578938558003998,3.4873681643987795,-42.325898331109684,0.5339017083921984,6.4463406198753885,0.08613346713151913,-56.07829784049737,-0.2562069914769774,57.08772644731484,-0.30694249824025854,35.42762541436399,-0.055020528572734165,-0.12683225774393084,-0.00052764,0.129885141414691,0.0018549,1,1.0
1833,0.03638080471001076,0.0693643548590509,0.00043068,2.4578938558003998,3.4873681643987795,19.277845720526216,0.5339017083921984,9.203408699396917,0.08613346713151913,-69.82396541708448,-0.2562069914769774,23.568558480924356,-0.30694249824025854,28.665063827792498,-0.055020528572734165,-0.07450938498320035,-0.00052764,0.16125462649664735,0.0018549,1,1.0
1834,0.3650209838451738,0.08179839348732997,0.00043068,2.4578938558003998,3.4873681643987795,18.475892755504212,0.5339017083921984,11.496657229445523,0.08613346713151913,-51.606699873665896,-0.2562069914769774,-57.03675752985332,-0.30694249824025854,40.019106097598836,-0.055020528572734165,-0.1939819224397517,-0.00052764,0.1983417801141169,0.0018549,1,1.0
1835,0.31974871176677855,0.1417149619692358,0.00043068,2.4578938558003998,3.4873681643987795,41.09911980688393,0.5339017083921984,17.00318026148298,0.08613346713151913,-66.4761813980424,-0.2562069914769774,-40.27947880489918,-0.30694249824025854,27.76666409170785,-0.055020528572734165,-0.09866064420158482,-0.00052764,0.25395884228225607,0.0018549,1,1.0
1836,0.42025352649895353,0.03890130696001577,0.00043068,2.4578938558003998,3.4873681643987795,-66.83592414086623,0.5339017083921984,-0.3861968545403268,0.08613346713151913,-37.01672692417677,-0.2562069914769774,14.178509480556645,-0.30694249824025854,66.25232778457645,-0.055020528572734165,-0.05841323948143833,-0.00052764,0.05764299836407601,0.0018549,1,1.0
1837,0.4034367547948273,0.022595810462847227,0.00043068,2.4578938558003998,3.4873681643987795,-52.906577462540454,0.5339017083921984,4.685204987229845,0.08613346713151913,-55.7629066581088,-0.2562069914769774,9.275875606879652,-0.30694249824025854,67.3492571020724,-0.055020528572734165,-0.06622027253674978,-0.00052764,0.06688124669299145,0.0018549,1,1.0
1838,0.6316266349441328,0.09127294102544853,0.00043068,2.4578938558003998,3.4873681643987795,-12.719755057212963,0.5339017083921984,9.446018535078471,0.08613346713151913,-41.371812562606564,-0.2562069914769774,-72.04080084822763,-0.30694249824025854,59.41812305126113,-0.055020528572734165,-0.14337415263058778,-0.00052764,0.1670401747223868,0.0018549,1,1.0
1839,0.28502583169755696,0.015665812585911373,0.00043068,2.4578938558003998,3.4873681643987795,-42.81088702719448,0.5339017083921984,6.336363986292675,0.08613346713151913,-53.75533141827049,-0.2562069914769774,15.703510592601134,-0.30694249824025854,53.04494034528253,-0.055020528572734165,-0.07203237529591075,-0.00052764,0.07398707832613191,0.0018549,1,1.0
1840,0.02740207660455618,0.08692560813746082,0.00043068,2.4578938558003998,3.4873681643987795,2.1449913778394154,0.5339017083921984,10.329818829647426,0.08613346713151913,-63.4998138549685,-0.2562069914769774,38.81609016546665,-0.30694249824025854,22.893147119044713,-0.055020528572734165,-0.05522214077448656,-0.00052764,0.16970433919955752,0.0018549,1,1.0
1841,0.16271020057484098,0.08159539777191153,0.00043068,2.4578938558003998,3.4873681643987795,-18.39834228521695,0.5339017083921984,2.6808583305061284,0.08613346713151913,-62.14311512361958,-0.2562069914769774,35.17829579250411,-0.30694249824025854,50.24785196486947,-0.055020528572734165,-0.09761344043146618,-0.00052764,0.15425922974277156,0.0018549,1,1.0
1842,-0.004989256232380654,0.0595687332153075,0.00043068,2.4578938558003998,3.4873681643987795,-23.34040276268381,0.5339017083921984,-1.7613001330974594,0.08613346713151913,-18.413723148885733,-0.2562069914769774,50.015032543436085,-0.30694249824025854,14.847414702695264,-0.055020528572734165,-0.024876939757957073,-0.00052764,0.10860105285119359,0.0018549,1,1.0
1843,0.0750269105880729,0.051704362191546935,0.00043068,2.4578938558003998,3.4873681643987795,-9.867657900929421,0.5339017083921984,2.8328970072490245,0.08613346713151913,-39.899621419448536,-0.2562069914769774,37.36042411570878,-0.30694249824025854,24.69906032513653,-0.055020528572734165,0.044227040633434224,-0.00052764,0.06536637527809978,0.0018549,0,1.0
1844,0.2949718596676376,0.03579982087503597,0.00043068,2.4578938558003998,3.4873681643987795,-13.417003270815377,0.5339017083921984,7.659544365889532,0.08613346713151913,-27.413918791403326,-0.2562069914769774,-27.458028989460015,-0.30694249824025854,28.905082970108744,-0.055020528572734165,-0.09261739084726069,-0.00052764,0.1027852404730757,0.0018549,1,1.0
1845,0.027609474616167917,0.05888674229693772,0.00043068,2.4578938558003998,3.4873681643987795,-1.2277470970823057,0.5339017083921984,11.234127548640979,0.08613346713151913,-68.16221838142766,-0.2562069914769774,23.38464792152753,-0.30694249824025854,29.815574599563895,-0.055020528572734165,-0.1423298986968595,-0.00052764,0.14985839747143634,0.0018549,1,1.0
1846,0.07789412910730209,0.060155311425905064,0.00043068,2.4578938558003998,3.4873681643987795,-1.6946788962788446,0.5339017083921984,6.093298873195556,0.08613346713151913,-68.7344285471279,-0.2562069914769774,33.629308247151116,-0.30694249824025854,40.38755598346097,-0.055020528572734165,-0.08268212602464867,-0.00052764,0.1414215975941143,0.0018549,1,1.0
1847,-4.2460306666658454e-05,0.07501552993389046,0.00043068,2.4578938558003998,3.4873681643987795,9.588246123930201,0.5339017083921984,4.751437814044801,0.08613346713151913,-33.58386912176167,-0.2562069914769774,35.35829587935126,-0.30694249824025854,6.6016529067050564,-0.055020528572734165,0.034588058490902525,-0.00052764,0.12654240728861205,0.0018549,0,1.0
1848,0.12351551796799431,0.08394537665608294,0.00043068,2.4578938558003998,3.4873681643987795,-32.757342179724844,0.5339017083921984,-4.3759529122840295,0.08613346713151913,-26.758604970302585,-0.2562069914769774,33.193640464588306,-0.30694249824025854,39.08986093662874,-0.055020528572734165,-0.13749252511573407,-0.00052764,0.145876470821508,0.0018549,1,1.0
1849,0.42087006553634854,0.07663896420707315,0.00043068,2.4578938558003998,3.4873681643987795,-55.518282561893955,0.5339017083921984,7.827095454353088,0.08613346713151913,-73.99338644193544,-0.2562069914769774,35.79176087004177,-0.30694249824025854,71.30056151506767,-0.055020528572734165,0.00017941690549338335,-0.00052764,0.11143636331793372,0.0018549,0,1.0
1850,0.45341522362214653,0.12541921051172367,0.00043068,2.4578938558003998,3.4873681643987795,-25.628591077523385,0.5339017083921984,7.5262112740037335,0.08613346713151913,-80.06491929788417,-0.2562069914769774,-10.919580939198587,-0.30694249824025854,79.21318546833035,-0.055020528572734165,-0.21368101840899859,-0.00052764,0.21279178604691099,0.0018549,1,1.0
1851,0.3316568742064896,0.09685162711347985,0.00043068,2.4578938558003998,3.4873681643987795,11.650780974072891,0.5339017083921984,8.953743208073908,0.08613346713151913,-57.69154764450534,-0.2562069914769774,-37.36851325277034,-0.30694249824025854,46.78311595277601,-0.055020528572734165,-0.19614928663832462,-0.00052764,0.20620437617673812,0.0018549,1,1.0
1852,0.01695971389782458,0.07447587644920502,0.00043068,2.4578938558003998,3.4873681643987795,34.4298543332136,0.5339017083921984,12.00771383904127,0.08613346713151913,-56.99365318447469,-0.2562069914769774,-7.802605608889799,-0.30694249824025854,13.79235108601506,-0.055020528572734165,-0.13872741626480875,-0.00052764,0.17467630802706477,0.0018549,1,1.0
1853,0.17126053188143292,0.021794024496766484,0.00043068,2.4578938558003998,3.4873681643987795,-37.68139776940521,0.5339017083921984,7.590899187094826,0.08613346713151913,-67.8635818328621,-0.2562069914769774,37.37166108374745,-0.30694249824025854,51.28143887867014,-0.055020528572734165,-0.08428992974338549,-0.00052764,0.09373524761007689,0.0018549,1,1.0
1854,0.08155714408858178,0.0265269695888944,0.00043068,2.4578938558003998,3.4873681643987795,-46.46076876176013,0.5339017083921984,2.005417556629096,0.08613346713151913,-50.45480199624451,-0.2562069914769774,52.298011263552695,-0.30694249824025854,44.403217243540894,-0.055020528572734165,-0.026653132610912428,-0.00052764,0.013730233959198854,0.0018549,1,1.0
1855,0.0058166176654415105,0.03525559995121499,0.00043068,2.4578938558003998,3.4873681643987795,23.341596013875506,0.5339017083921984,0.953741074341224,0.08613346713151913,-11.638684926306011,-0.2562069914769774,-14.700277515297694,-0.30694249824025854,3.5762812691438635,-0.055020528572734165,-0.11358988447170676,-0.00052764,0.11370740277017063,0.0018549,1,1.0
1856,0.1944521930097661,0.07204927582111427,0.00043068,2.4578938558003998,3.4873681643987795,-15.743578250782932,0.5339017083921984,6.319463361772751,0.08613346713151913,-18.498728664094628,-0.2562069914769774,-19.8909983732577,-0.30694249824025854,19.57968844886163,-0.055020528572734165,-0.11811118499794307,-0.00052764,0.0928353322293072,0.0018549,1,1.0
1857,0.019921128488429862,0.09383495184225442,0.00043068,2.4578938558003998,3.4873681643987795,32.81056787563393,0.5339017083921984,11.348566081805041,0.08613346713151913,-50.9596324416789,-0.2562069914769774,9.167124392193847,-0.30694249824025854,6.660140045554044,-0.055020528572734165,-0.04071872145968969,-0.00052764,0.17857888363745544,0.0018549,1,1.0
1858,0.1546075026199536,0.06231173887887448,0.00043068,2.4578938558003998,3.4873681643987795,23.104691797744668,0.5339017083921984,9.759117141332997,0.08613346713151913,-54.17957693429098,-0.2562069914769774,-23.26783635394449,-0.30694249824025854,28.562104975484726,-0.055020528572734165,-0.16532727742486228,-0.00052764,0.17299507242673515,0.0018549,1,1.0
1859,-0.0029894997897083053,0.12540418511597823,0.00043068,2.4578938558003998,3.4873681643987795,39.75555229051079,0.5339017083921984,9.928104619718079,0.08613346713151913,-76.28841848759798,-0.2562069914769774,10.977766062486973,-0.30694249824025854,27.231520845960134,-0.055020528572734165,-0.1634553490140491,-0.00052764,0.2261509184694955,0.0018549,1,1.0
1860,0.009941983845048685,0.07980504937701124,0.00043068,2.4578938558003998,3.4873681643987795,69.07602751959061,0.5339017083921984,4.297336216795543,0.08613346713151913,-0.5709184643528562,-0.2562069914769774,-38.710005952332196,-0.30694249824025854,-22.309066193715562,-0.055020528572734165,-0.013312261054444413,-0.00052764,0.15998276756446173,0.0018549,1,1.0
1861,0.10486083614790898,0.05918444991579235,0.00043068,2.4578938558003998,3.4873681643987795,60.34359692500761,0.5339017083921984,6.884348437871806,0.08613346713151913,-7.539509473104065,-0.2562069914769774,-72.74404763489056,-0.30694249824025854,-7.241493911562436,-0.055020528572734165,-0.169011660932265,-0.00052764,0.1696951107896726,0.0018549,1,1.0
1862,0.3705809759617833,0.08621450787822679,0.00043068,2.4578938558003998,3.4873681643987795,10.033678858541439,0.5339017083921984,13.71418365718957,0.08613346713151913,-51.739041966843736,-0.2562069914769774,-48.82138018054935,-0.30694249824025854,36.65823691943781,-0.055020528572734165,-0.1548918293630196,-0.00052764,0.18796990907295807,0.0018549,1,1.0
1863,-0.006714685339322235,0.08201203986881339,0.00043068,2.4578938558003998,3.4873681643987795,-5.6917325179111895,0.5339017083921984,4.416339756908502,0.08613346713151913,-65.61345727411462,-0.2562069914769774,68.1279907735419,-0.30694249824025854,31.275447861996117,-0.055020528572734165,0.05197730383752699,-0.00052764,0.10063059156992596,0.0018549,0,1.0
1864,0.04979331928769282,0.011801437802894365,0.00043068,2.4578938558003998,3.4873681643987795,-26.453904188419674,0.5339017083921984,5.8929492861325965,0.08613346713151913,-60.05004417744203,-0.2562069914769774,42.817289816336874,-0.30694249824025854,38.75462740169857,-0.055020528572734165,-0.07140011065036621,-0.00052764,0.07120753202927492,0.0018549,1,1.0
1865,0.0031233804372581275,0.1451450028908366,0.00043068,2.4578938558003998,3.4873681643987795,20.98133649645614,0.5339017083921984,10.789812423578713,0.08613346713151913,-37.88972988529018,-0.2562069914769774,16.281712281988597,-0.30694249824025854,-1.4297820610684695,-0.055020528572734165,-0.08081545925008315,-0.00052764,0.2286853405429946,0.0018549,1,1.0
1866,0.024373924503765576,0.06284778584249424,0.00043068,2.4578938558003998,3.4873681643987795,-7.072435802693447,0.5339017083921984,7.818380511055711,0.08613346713151913,-76.55094417992609,-0.2562069914769774,62.4686196397915,-0.30694249824025854,36.37868946808689,-0.055020528572734165,0.016238299202150565,-0.00052764,0.11698311599104674,0.0018549,0,1.0
1867,0.5031963836026929,0.03526852361089078,0.00043068,2.4578938558003998,3.4873681643987795,-76.30121983178088,0.5339017083921984,0.9462475521514541,0.08613346713151913,-26.29363230541779,-0.2562069914769774,0.8625945562123531,-0.30694249824025854,63.892440518448545,-0.055020528572734165,-0.02374625187636126,-0.00052764,0.025018848505030365,0.0018549,1,1.0
1868,0.28752771887486395,0.03822323326165678,0.00043068,2.4578938558003998,3.4873681643987795,-42.861341310895824,0.5339017083921984,6.421164925920581,0.08613346713151913,-36.39580196317765,-0.2562069914769774,4.3160947627909705,-0.30694249824025854,41.14386871846002,-0.055020528572734165,-0.10511677792261474,-0.00052764,0.10656069934352806,0.0018549,1,1.0
1869,0.14987269532148484,0.07284632914378086,0.00043068,2.4578938558003998,3.4873681643987795,1.9791646192374852,0.5339017083921984,12.920797444709757,0.08613346713151913,-79.75377827400116,-0.2562069914769774,13.245209266553145,-0.30694249824025854,41.76545050045046,-0.055020528572734165,-0.13176494481801657,-0.00052764,0.17700025190129307,0.0018549,1,1.0
1870,0.24779785608627647,0.152318255878303,0.00043068,2.4578938558003998,3.4873681643987795,40.33471073854448,0.5339017083921984,18.649579534798978,0.08613346713151913,-79.12843233383786,-0.2562069914769774,-49.92148186630156,-0.30694249824025854,35.011582588310965,-0.055020528572734165,-0.259684732679392,-0.00052764,0.26956584913229803,0.0018549,1,1.0
1871,0.000257342589285503,0.057486534237110316,0.00043068,2.4578938558003998,3.4873681643987795,21.392056060436815,0.5339017083921984,6.642894875892118,0.08613346713151913,-48.516682916619125,-0.2562069914769774,22.624505782669594,-0.30694249824025854,14.279531911575965,-0.055020528572734165,-0.006455285819897856,-0.00052764,0.11788190049440289,0.0018549,1,1.0
1872,0.09000704515834429,0.03226558253709513,0.00043068,2.4578938558003998,3.4873681643987795,-27.59923995265948,0.5339017083921984,6.435104405966508,0.08613346713151913,-83.4407924778577,-0.2562069914769774,51.38428358143863,-0.30694249824025854,57.03369483451593,-0.055020528572734165,-0.11120063345443489,-0.00052764,0.11169518359708193,0.0018549,1,1.0
1873,0.18914355492787455,0.04262736811247538,0.00043068,2.4578938558003998,3.4873681643987795,-58.594312637924375,0.5339017083921984,0.3274158381395418,0.08613346713151913,-28.755034728885054,-0.2562069914769774,45.11768332887738,-0.30694249824025854,39.35189147735436,-0.055020528572734165,-0.06055001749008414,-0.00052764,0.10361493524172542,0.0018549,1,1.0
1874,0.0018093840411290696,0.13145311969062062,0.00043068,2.4578938558003998,3.4873681643987795,53.33674184582471,0.5339017083921984,13.550395118767465,0.08613346713151913,-85.23296790617987,-0.2562069914769774,59.088713078992996,-0.30694249824025854,11.216409754657194,-0.055020528572734165,0.14267033963139306,-0.00052764,0.24621528865798084,0.0018549,0,1.0
1875,0.2413763702479812,0.037185106024849784,0.00043068,2.4578938558003998,3.4873681643987795,-42.25288745004991,0.5339017083921984,2.925726646345586,0.08613346713151913,-63.872679539467825,-0.2562069914769774,34.27583941193686,-0.30694249824025854,62.360648409753914,-0.055020528572734165,-0.0940017591929386,-0.00052764,0.09982206056317461,0.0018549,1,1.0
1876,0.08478706500156169,0.06434199202583527,0.00043068,2.4578938558003998,3.4873681643987795,46.749011590832154,0.5339017083921984,8.714647978799505,0.08613346713151913,-30.139096769667937,-0.2562069914769774,-47.58829383535644,-0.30694249824025854,5.827467454944216,-0.055020528572734165,-0.1717679785611138,-0.00052764,0.16883036238288984,0.0018549,1,1.0
1877,0.20228441586444834,0.05799277986669496,0.00043068,2.4578938558003998,3.4873681643987795,34.02401339556121,0.5339017083921984,8.212093361826213,0.08613346713151913,-30.109667007329147,-0.2562069914769774,-52.09909448013252,-0.30694249824025854,16.455671934274676,-0.055020528572734165,-0.1563178857247816,-0.00052764,0.16613253358264124,0.0018549,1,1.0
1878,0.14442359346230804,0.10046548843510963,0.00043068,2.4578938558003998,3.4873681643987795,26.195628611033843,0.5339017083921984,14.162482684798034,0.08613346713151913,-77.40387312059254,-0.2562069914769774,3.7370724050183033,-0.30694249824025854,31.053957123151775,-0.055020528572734165,-0.09227434690390918,-0.00052764,0.20979693658227822,0.0018549,1,1.0
1879,0.38929265471494956,0.038391691808454684,0.00043068,2.4578938558003998,3.4873681643987795,-30.67199137346732,0.5339017083921984,7.481628776529157,0.08613346713151913,-61.88990425105989,-0.2562069914769774,-7.841544725093596,-0.30694249824025854,62.74532119595868,-0.055020528572734165,-0.1216952257915017,-0.00052764,0.12138542570899423,0.0018549,1,1.0
1880,0.01089295828023154,0.013855725909423995,0.00043068,2.4578938558003998,3.4873681643987795,26.109227737626885,0.5339017083921984,4.21522586273819,0.08613346713151913,-8.44741866758813,-0.2562069914769774,-23.055434401624986,-0.30694249824025854,-4.586009781198843,-0.055020528572734165,-0.05955311618778521,-0.00052764,0.06911077803344222,0.0018549,1,1.0
1881,0.39538089356338835,0.05594158774580955,0.00043068,2.4578938558003998,3.4873681643987795,-22.49050857581615,0.5339017083921984,2.6680150281894663,0.08613346713151913,-10.790833992211889,-0.2562069914769774,-43.83287676509278,-0.30694249824025854,35.86574521499012,-0.055020528572734165,-0.07629277588921192,-0.00052764,0.05592242927595838,0.0018549,1,1.0
1882,-0.021034549344157327,0.10626087893486816,0.00043068,2.4578938558003998,3.4873681643987795,56.480793280943494,0.5339017083921984,7.88616801562452,0.08613346713151913,-28.312352443356087,-0.2562069914769774,-25.76122610662797,-0.30694249824025854,-6.342994746263596,-0.055020528572734165,-0.08777486546465114,-0.00052764,0.15730917291532687,0.0018549,1,1.0
1883,0.10435287386495684,0.09860143502929405,0.00043068,2.4578938558003998,3.4873681643987795,54.682226967887324,0.5339017083921984,9.100872799076235,0.08613346713151913,-24.67373284938743,-0.2562069914769774,-20.89419642115608,-0.30694249824025854,-7.996949815817931,-0.055020528572734165,0.05719675409601521,-0.00052764,0.15863761852101022,0.0018549,0,1.0
1884,0.37690529546763873,0.05425432873860635,0.00043068,2.4578938558003998,3.4873681643987795,-64.15270130981516,0.5339017083921984,-2.6794271262229192,0.08613346713151913,-16.626336055151654,-0.2562069914769774,7.328651814152107,-0.30694249824025854,53.05513880059287,-0.055020528572734165,-0.06385787356098602,-0.00052764,0.051406668897956365,0.0018549,1,1.0
1885,0.01814832868399022,0.03125414835171414,0.00043068,2.4578938558003998,3.4873681643987795,-22.663555505639142,0.5339017083921984,-0.12078861714996986,0.08613346713151913,-44.48086056906383,-0.2562069914769774,44.046739683886116,-0.30694249824025854,35.37567103924733,-0.055020528572734165,-0.08809749677437156,-0.00052764,0.08776426722542133,0.0018549,1,1.0
1886,0.13760712307115536,0.04189849988634398,0.00043068,2.4578938558003998,3.4873681643987795,-13.171427559126839,0.5339017083921984,7.7707559887168545,0.08613346713151913,-46.60053999476437,-0.2562069914769774,14.286063483191189,-0.30694249824025854,29.047006420497652,-0.055020528572734165,-0.07123846420627762,-0.00052764,0.11199530232944228,0.0018549,1,1.0
1887,0.18328972312195366,0.0554317241453159,0.00043068,2.4578938558003998,3.4873681643987795,-13.536330950604622,0.5339017083921984,-2.23268527081013,0.08613346713151913,-11.553254763793122,-0.2562069914769774,-6.6334443532231475,-0.30694249824025854,27.05291778199633,-0.055020528572734165,-0.1222166490798287,-0.00052764,0.12186625686430445,0.0018549,1,1.0
1888,0.013901363960519664,0.07027069516585342,0.00043068,2.4578938558003998,3.4873681643987795,-12.11894803545384,0.5339017083921984,3.5212670943116944,0.08613346713151913,-62.63905526874519,-0.2562069914769774,38.74096789238617,-0.30694249824025854,40.629080275404256,-0.055020528572734165,-0.13147915467020466,-0.00052764,0.11573481057734665,0.0018549,1,1.0
1889,0.17244486250241073,0.01314043468929393,0.00043068,2.4578938558003998,3.4873681643987795,-64.09354868199071,0.5339017083921984,-1.4964755532658862,0.08613346713151913,-40.19226801270953,-0.2562069914769774,54.97531136462928,-0.30694249824025854,51.62793814961968,-0.055020528572734165,-0.034941349799140285,-0.00052764,0.03857419640234134,0.0018549,1,1.0
1890,0.469521136628529,0.058309537268922074,0.00043068,2.4578938558003998,3.4873681643987795,-59.473749892113084,0.5339017083921984,5.959159368171487,0.08613346713151913,-66.59383579613598,-0.2562069914769774,21.51951886819969,-0.30694249824025854,75.46198904561781,-0.055020528572734165,-0.008958541990191735,-0.00052764,0.07582001462073266,0.0018549,1,1.0
1891,0.04007621860558208,0.17522466896428027,0.00043068,2.4578938558003998,3.4873681643987795,41.45301252265426,0.5339017083921984,8.544722461131103,0.08613346713151913,-77.47416982863237,-0.2562069914769774,95.35212482817107,-0.30694249824025854,11.723501932901149,-0.055020528572734165,0.1715765600594004,-0.00052764,0.37656618247518425,0.0018549,0,1.0
1892,0.1274592151552505,0.14795400598672995,0.00043068,2.4578938558003998,3.4873681643987795,57.05753891570371,0.5339017083921984,12.454859651567444,0.08613346713151913,-64.35564362457045,-0.2562069914769774,-41.5924782933815,-0.30694249824025854,23.390282690865213,-0.055020528572734165,-0.23717597223196268,-0.00052764,0.2651692035026347,0.0018549,1,1.0
1893,0.4981996157983889,0.12032828509349829,0.00043068,2.4578938558003998,3.4873681643987795,4.30132146263591,0.5339017083921984,13.555684640241617,0.08613346713151913,-56.45948504639439,-0.2562069914769774,-41.54590130249654,-0.30694249824025854,45.69874418688856,-0.055020528572734165,-0.05932646892631446,-0.00052764,0.19614858192135567,0.0018549,1,1.0
1894,0.07082295973964625,0.029491561394584073,0.00043068,2.4578938558003998,3.4873681643987795,-7.025859662709813,0.5339017083921984,5.108610940365324,0.08613346713151913,-56.73032915346975,-0.2562069914769774,23.268561262064253,-0.30694249824025854,36.405020196395306,-0.055020528572734165,-0.10218001458836377,-0.00052764,0.10693771457238492,0.0018549,1,1.0
1895,0.03349589497942784,0.04054034899524923,0.00043068,2.4578938558003998,3.4873681643987795,-9.255691268690864,0.5339017083921984,8.828459601118917,0.08613346713151913,-60.71137219117561,-0.2562069914769774,26.012441519267693,-0.30694249824025854,30.84345180895785,-0.055020528572734165,-0.11847864212939326,-0.00052764,0.11387668871694485,0.0018549,1,1.0
1896,0.4067572715837694,0.10103202242048495,0.00043068,2.4578938558003998,3.4873681643987795,-6.290376145094226,0.5339017083921984,14.306910520521507,0.08613346713151913,-64.02087567621241,-0.2562069914769774,-42.28251533275067,-0.30694249824025854,51.03571357052139,-0.055020528572734165,-0.19903406233437695,-0.00052764,0.18727045609075801,0.0018549,1,1.0
1897,0.01817075189091205,0.03523732497146715,0.00043068,2.4578938558003998,3.4873681643987795,25.083492980266126,0.5339017083921984,5.65381670068763,0.08613346713151913,-34.40590710253339,-0.2562069914769774,-9.223601480154954,-0.30694249824025854,11.517982753926502,-0.055020528572734165,-0.11074782772993619,-0.00052764,0.12102981830555865,0.0018549,1,1.0
1898,-0.04302401801523087,0.15111031205929182,0.00043068,2.4578938558003998,3.4873681643987795,21.440737132393405,0.5339017083921984,4.9389766940754996,0.08613346713151913,-28.429034119980184,-0.2562069914769774,25.064497132817603,-0.30694249824025854,-1.2136482285800891,-0.055020528572734165,0.03707247301687565,-0.00052764,0.10491440668782916,0.0018549,0,1.0
1899,0.23845296082343875,0.021061685668578474,0.00043068,2.4578938558003998,3.4873681643987795,-12.504636553380012,0.5339017083921984,6.964702925548575,0.08613346713151913,-46.07444052968887,-0.2562069914769774,-8.466820933253874,-0.30694249824025854,39.10894164246802,-0.055020528572734165,-0.09861915056722317,-0.00052764,0.09937353927466805,0.0018549,1,1.0
1900,0.25133507637686314,0.04693586406129188,0.00043068,1.9316863821678012,3.010182037802922,-30.822474469451624,0.5339017083921984,4.308004894188892,0.08613346713151913,-55.89667406613156,-0.2562069914769774,30.780676184047284,-0.30694249824025854,48.19338997945928,-0.055020528572734165,-0.1281330075619806,-0.00052764,0.1306402114429115,0.0018549,1,1.0
1901,-0.0493394545528309,0.3072679230355975,0.00043068,1.9316863821678012,3.010182037802922,53.31637879593447,0.5339017083921984,6.5147348509128475,0.08613346713151913,-13.107866785474293,-0.2562069914769774,28.872584570722047,-0.30694249824025854,-30.452717480648026,-0.055020528572734165,0.2617443188920805,-0.00052764,0.7455185708647769,0.0018549,0,1.0
1902,0.008657435706458272,0.07560687226235639,0.00043068,1.9316863821678012,3.010182037802922,72.94679104060037,0.5339017083921984,11.308051672057873,0.08613346713151913,-26.700727027285637,-0.2562069914769774,10.590018375056076,-0.30694249824025854,-28.989280797854764,-0.055020528572734165,0.4734230250131587,-0.00052764,0.6031889152100872,0.0018549,0,1.0
1903,0.21210042987133743,0.292138550300445,0.00043068,1.9316863821678012,3.010182037802922,10.364359901820995,0.5339017083921984,9.230597975148838,0.08613346713151913,-47.78367068748133,-0.2562069914769774,-16.349102986589887,-0.30694249824025854,28.681679154723135,-0.055020528572734165,-0.3686478343768912,-0.00052764,0.37219392263091255,0.0018549,1,1.0
1904,-0.015698886487618635,0.15992986028433095,0.00043068,1.9316863821678012,3.010182037802922,98.23982479905364,0.5339017083921984,15.374984541354618,0.08613346713151913,-32.94185239097422,-0.2562069914769774,11.522393563230647,-0.30694249824025854,-41.55230455764412,-0.055020528572734165,0.6166995354489291,-0.00052764,0.7856430551187226,0.0018549,0,1.0
1905,0.2134092340543824,0.11531533866485816,0.00043068,1.9316863821678012,3.010182037802922,86.00950829235285,0.5339017083921984,15.076088246107895,0.08613346713151913,-56.155106177112444,-0.2562069914769774,0.7787884817887114,-0.30694249824025854,-9.557257849288924,-0.055020528572734165,0.3572780931195763,-0.00052764,0.8776486561053083,0.0018549,0,1.0
1906,0.09523258576895322,0.07420552773973169,0.00043068,1.9316863821678012,3.010182037802922,57.84678118420744,0.5339017083921984,14.338477034043077,0.08613346713151913,-80.49921341354316,-0.2562069914769774,49.50869152637568,-0.30694249824025854,7.21445059307141,-0.055020528572734165,0.47025094059574524,-0.00052764,0.7246437118419288,0.0018549,0,1.0
1907,0.04586832212364261,0.37813729344901154,0.00043068,1.9316863821678012,3.010182037802922,-21.42624466185111,0.5339017083921984,3.0008670203826115,0.08613346713151913,-46.182936476323675,-0.2562069914769774,22.744326375494534,-0.30694249824025854,36.18725067553377,-0.055020528572734165,-0.2919936813077583,-0.00052764,0.11820612346962783,0.0018549,1,1.0
1908,0.7776580442646541,0.33096255998969837,0.00043068,1.9316863821678012,3.010182037802922,-8.73732563146884,0.5339017083921984,15.084382805300272,0.08613346713151913,-60.59429328871487,-0.2562069914769774,-25.206386087015687,-0.30694249824025854,52.52164850943099,-0.055020528572734165,-0.13074764944118678,-0.00052764,0.42167966781485666,0.0018549,1,1.0
1909,0.10374371279194372,0.1552156385141144,0.00043068,1.9316863821678012,3.010182037802922,49.79990894085693,0.5339017083921984,14.73522219816106,0.08613346713151913,-69.8495928744263,-0.2562069914769774,22.65126424881929,-0.30694249824025854,8.739739569420172,-0.055020528572734165,0.23398088878021392,-0.00052764,0.5905184195020197,0.0018549,0,1.0
1910,0.3044893516835814,0.2808062794417354,0.00043068,1.9316863821678012,3.010182037802922,6.5689091614474275,0.5339017083921984,13.771766134148864,0.08613346713151913,-59.57528623594249,-0.2562069914769774,-11.655494893397979,-0.30694249824025854,33.44412296133734,-0.055020528572734165,-0.2892578679500853,-0.00052764,0.3926502730180644,0.0018549,1,1.0
1911,0.6801583117583732,0.16783785512294097,0.00043068,1.9316863821678012,3.010182037802922,-50.57306089918376,0.5339017083921984,7.0860496773912525,0.08613346713151913,-75.68902546745342,-0.2562069914769774,31.824725980674202,-0.30694249824025854,77.03220659132707,-0.055020528572734165,-0.021601297296325664,-0.00052764,0.19420874316436498,0.0018549,1,1.0
1912,1.066968398206294,0.4226905991015665,0.00043068,1.9316863821678012,3.010182037802922,53.16723004954223,0.5339017083921984,27.34508967690731,0.08613346713151913,-83.0971826395867,-0.2562069914769774,-36.61729777205525,-0.30694249824025854,35.261822826999406,-0.055020528572734165,0.4029694578428668,-0.00052764,0.902698862056537,0.0018549,0,1.0
1913,0.010856291466657675,0.18652510392270083,0.00043068,1.9316863821678012,3.010182037802922,8.12642196344508,0.5339017083921984,11.317182073463684,0.08613346713151913,-69.87387750052841,-0.2562069914769774,33.40098361109903,-0.30694249824025854,26.44007632876211,-0.055020528572734165,-0.07409806912180253,-0.00052764,0.33950809270033955,0.0018549,1,1.0
1914,0.646242089891303,0.2649957727640625,0.00043068,1.9316863821678012,3.010182037802922,44.583949584885524,0.5339017083921984,16.185147764909942,0.08613346713151913,-37.26466728612971,-0.2562069914769774,-25.6226946712899,-0.30694249824025854,7.2565352958532525,-0.055020528572734165,0.402251828806619,-0.00052764,0.5792413338880337,0.0018549,0,1.0
1915,-0.043100656053651376,0.30878543690836135,0.00043068,1.9316863821678012,3.010182037802922,79.59154453257581,0.5339017083921984,3.721484327612668,0.08613346713151913,-9.98166436436132,-0.2562069914769774,15.460443084513651,-0.30694249824025854,-35.82547094203229,-0.055020528572734165,0.2781626379428063,-0.00052764,0.8992047748012821,0.0018549,0,1.0
1916,0.20400438243371855,0.1132968763401886,0.00043068,1.9316863821678012,3.010182037802922,89.41859341481221,0.5339017083921984,17.923538634433328,0.08613346713151913,-29.080759858909786,-0.2562069914769774,-31.641476535389636,-0.30694249824025854,-28.643515964581393,-0.055020528572734165,0.38577301195564784,-0.00052764,0.6604929650421046,0.0018549,0,1.0
1917,0.24730659231641283,0.06746508035277751,0.00043068,1.9316863821678012,3.010182037802922,-57.41262576880536,0.5339017083921984,2.2893190618457,0.08613346713151913,-67.52614371023358,-0.2562069914769774,72.66799803645867,-0.30694249824025854,60.42504731180253,-0.055020528572734165,-0.044521939589955525,-0.00052764,0.1333477825729979,0.0018549,1,1.0
1918,0.03771183117118593,0.07403532173659884,0.00043068,1.9316863821678012,3.010182037802922,84.33560545628993,0.5339017083921984,16.62021177839356,0.08613346713151913,-34.32944795403964,-0.2562069914769774,-8.143984361645451,-0.30694249824025854,-30.2008766891762,-0.055020528572734165,0.41964193937929156,-0.00052764,0.6185988288556642,0.0018549,0,1.0
1919,0.5457485748569243,0.2732651451176338,0.00043068,1.9316863821678012,3.010182037802922,77.20435809901687,0.5339017083921984,18.930584803510143,0.08613346713151913,-48.437760724293966,-0.2562069914769774,-16.752457082834614,-0.30694249824025854,-6.125408985445577,-0.055020528572734165,0.6429706060632074,-0.00052764,0.7292288683723807,0.0018549,0,1.0
1920,-0.0014031994070141177,0.10847813182570333,0.00043068,1.9316863821678012,3.010182037802922,-21.164388360293238,0.5339017083921984,-0.07625151625392057,0.08613346713151913,-33.25160370748907,-0.2562069914769774,52.20173039329722,-0.30694249824025854,21.609205426423486,-0.055020528572734165,-0.016819352197053758,-0.00052764,0.20505057071334298,0.0018549,1,1.0
1921,0.45459847914391494,0.10734484607127934,0.00043068,1.9316863821678012,3.010182037802922,-22.290916527000224,0.5339017083921984,7.70687458686521,0.08613346713151913,-29.266302870036892,-0.2562069914769774,-11.298959035454542,-0.30694249824025854,33.70256412569972,-0.055020528572734165,-0.18019411903298926,-0.00052764,0.19076304006042794,0.0018549,1,1.0
1922,0.010733453677933769,0.3196609950621023,0.00043068,1.9316863821678012,3.010182037802922,17.6313236052681,0.5339017083921984,10.132177201974892,0.08613346713151913,-58.62439647305375,-0.2562069914769774,3.7987296950266027,-0.30694249824025854,23.195529454998802,-0.055020528572734165,-0.3270025361343599,-0.00052764,0.3940395090567037,0.0018549,1,1.0
1923,0.012867763356276374,0.13774164833494962,0.00043068,1.9316863821678012,3.010182037802922,25.17034676586103,0.5339017083921984,4.726304013608516,0.08613346713151913,-22.00469896844773,-0.2562069914769774,4.1120567758949464,-0.30694249824025854,-0.9375379404504299,-0.055020528572734165,0.05499250787619317,-0.00052764,0.26908524041685045,0.0018549,0,1.0
1924,0.043503850099968544,0.09265502684232427,0.00043068,1.9316863821678012,3.010182037802922,-10.869144859165436,0.5339017083921984,7.219669579382235,0.08613346713151913,-42.536821342637026,-0.2562069914769774,24.115673044506345,-0.30694249824025854,21.94353292635201,-0.055020528572734165,-0.1443586205109629,-0.00052764,0.19236868777863278,0.0018549,1,1.0
1925,0.05060323557164237,0.16917811643158392,0.00043068,1.9316863821678012,3.010182037802922,64.65909591173488,0.5339017083921984,11.23821110470547,0.08613346713151913,-33.02038840848028,-0.2562069914769774,-7.437790366672522,-0.30694249824025854,-14.667690715046266,-0.055020528572734165,0.20835725962393506,-0.00052764,0.5422915605320618,0.0018549,0,1.0
1926,0.7647811660297633,0.2835136124830482,0.00043068,1.9316863821678012,3.010182037802922,38.74633929446331,0.5339017083921984,17.38371039846401,0.08613346713151913,-54.12567824616961,-0.2562069914769774,-25.340358580310333,-0.30694249824025854,23.84454954094339,-0.055020528572734165,0.34723681369910353,-0.00052764,0.6151876614275158,0.0018549,0,1.0
1927,0.11272003325277502,0.12526449001901457,0.00043068,1.9316863821678012,3.010182037802922,45.79759996439973,0.5339017083921984,13.978410838524226,0.08613346713151913,-57.12489116882971,-0.2562069914769774,19.675924345798226,-0.30694249824025854,2.3651293535710063,-0.055020528572734165,0.31329656558748614,-0.00052764,0.49638260604147083,0.0018549,0,1.0
1928,0.47397813521697124,0.09373930744608196,0.00043068,1.9316863821678012,3.010182037802922,-22.88589256148251,0.5339017083921984,4.971248141508484,0.08613346713151913,-38.58822832709537,-0.2562069914769774,-5.379021051265721,-0.30694249824025854,44.49803215496205,-0.055020528572734165,-0.16360537897937721,-0.00052764,0.1795408972619723,0.0018549,1,1.0
1929,0.03416946697594381,0.09228568018243766,0.00043068,1.9316863821678012,3.010182037802922,72.8274074534981,0.5339017083921984,22.51335948801236,0.08613346713151913,-87.27885509827267,-0.2562069914769774,42.2011705408754,-0.30694249824025854,-5.606574551899895,-0.055020528572734165,0.46838627363567076,-0.00052764,0.8119782299102785,0.0018549,0,1.0
1930,0.24401439523346413,0.12163490833437299,0.00043068,1.9316863821678012,3.010182037802922,29.3014667937117,0.5339017083921984,11.691275097422196,0.08613346713151913,-61.37997666998768,-0.2562069914769774,45.18698923643738,-0.30694249824025854,12.23363427402789,-0.055020528572734165,0.4086320987344849,-0.00052764,0.6102201881127376,0.0018549,0,1.0
1931,0.528577470255437,0.231964307604442,0.00043068,1.9316863821678012,3.010182037802922,52.93958988860139,0.5339017083921984,11.441663241898105,0.08613346713151913,-15.347728287720752,-0.2562069914769774,-32.11801131418783,-0.30694249824025854,-7.267876116802375,-0.055020528572734165,0.4439702976377851,-0.00052764,0.5016647477559236,0.0018549,0,1.0
1932,0.5651162494705522,0.12408304365447986,0.00043068,1.9316863821678012,3.010182037802922,-24.375455600108168,0.5339017083921984,7.061514940269214,0.08613346713151913,-33.65477904699845,-0.2562069914769774,-8.986984950638426,-0.30694249824025854,40.88069821038104,-0.055020528572734165,-0.0654458786954777,-0.00052764,0.17423217014097758,0.0018549,1,1.0
1933,0.853397110875803,0.36655219381705884,0.00043068,1.9316863821678012,3.010182037802922,-33.20373657970375,0.5339017083921984,14.474750040271676,0.08613346713151913,-56.59969684502657,-0.2562069914769774,-34.20762892699242,-0.30694249824025854,64.46160924429003,-0.055020528572734165,-0.3727571134924948,-0.00052764,0.3321461384885945,0.0018549,1,1.0
1934,0.34186492341712893,0.18928053015348378,0.00043068,1.9316863821678012,3.010182037802922,26.02074180109506,0.5339017083921984,13.588611910973473,0.08613346713151913,-58.75240005958332,-0.2562069914769774,9.839226663811585,-0.30694249824025854,20.098106189325705,-0.055020528572734165,0.22019866929826024,-0.00052764,0.458015296087681,0.0018549,0,1.0
1935,0.48889689578470785,0.22551855564150702,0.00043068,1.9316863821678012,3.010182037802922,18.55240222457589,0.5339017083921984,9.917469890491057,0.08613346713151913,-38.20937688319039,-0.2562069914769774,-8.348089287662976,-0.30694249824025854,20.47225024971238,-0.055020528572734165,0.21892138580666243,-0.00052764,0.3797671969982441,0.0018549,0,1.0
1936,0.39051046866734707,0.05021119659121075,0.00043068,1.9316863821678012,3.010182037802922,-37.78403095474105,0.5339017083921984,3.5244802301751257,0.08613346713151913,-49.29983085223535,-0.2562069914769774,25.66427041568151,-0.30694249824025854,51.4108044290711,-0.055020528572734165,-0.05114199087583332,-0.00052764,0.08890932674566293,0.0018549,1,1.0
1937,0.280811778740968,0.04209924470945432,0.00043068,1.9316863821678012,3.010182037802922,-49.59354093210842,0.5339017083921984,-0.16082237382619596,0.08613346713151913,-44.45079392230785,-0.2562069914769774,45.21086773913965,-0.30694249824025854,50.52783708913998,-0.055020528572734165,-0.04386670528151023,-0.00052764,0.03277894245549682,0.0018549,1,1.0
1938,0.1021831172680544,0.16357485280657003,0.00043068,1.9316863821678012,3.010182037802922,17.154039301774205,0.5339017083921984,10.424585469512566,0.08613346713151913,-50.69926561152338,-0.2562069914769774,28.14546666658535,-0.30694249824025854,12.111366291953969,-0.055020528572734165,0.165904549639978,-0.00052764,0.35917603357372985,0.0018549,0,1.0
1939,0.2043494174894791,0.2109459767635155,0.00043068,1.9316863821678012,3.010182037802922,62.20179007345143,0.5339017083921984,12.16706162590618,0.08613346713151913,-25.18423741198929,-0.2562069914769774,14.567748846311243,-0.30694249824025854,-23.86008445858382,-0.055020528572734165,0.4014676597652778,-0.00052764,0.8307566782293887,0.0018549,0,1.0
1940,0.37447311681449014,0.11262631420089961,0.00043068,1.9316863821678012,3.010182037802922,-23.892550136861413,0.5339017083921984,9.000770400508982,0.08613346713151913,-62.51785010482994,-0.2562069914769774,13.21709928417949,-0.30694249824025854,50.726495781949566,-0.055020528572734165,-0.20414257554546683,-0.00052764,0.23307947587680883,0.0018549,1,1.0
1941,1.1469080699548653,0.47495005052017747,0.00043068,1.9316863821678012,3.010182037802922,23.93866226038615,0.5339017083921984,16.07949852091208,0.08613346713151913,-55.341152410605,-0.2562069914769774,-35.176890148140686,-0.30694249824025854,43.94431644951351,-0.055020528572734165,0.3944768998983674,-0.00052764,0.6725537389982472,0.0018549,0,1.0
1942,0.607728858803626,0.12158462784460937,0.00043068,1.9316863821678012,3.010182037802922,-36.34802849922893,0.5339017083921984,3.5035319994740384,0.08613346713151913,-26.24521251126767,-0.2562069914769774,-1.297165020657905,-0.30694249824025854,44.30049582602417,-0.055020528572734165,0.0009150740963251025,-0.00052764,0.100520360222073,0.0018549,0,1.0
1943,0.21407497428925404,0.11252745586008761,0.00043068,1.9316863821678012,3.010182037802922,46.4920486104799,0.5339017083921984,10.90811270509346,0.08613346713151913,-59.45295787977364,-0.2562069914769774,32.31597243403051,-0.30694249824025854,7.543952570051338,-0.055020528572734165,0.3926706140346191,-0.00052764,0.6568479088636224,0.0018549,0,1.0
1944,0.5155862396408425,0.13066483684441432,0.00043068,1.9316863821678012,3.010182037802922,-17.491872788934106,0.5339017083921984,9.82307099900563,0.08613346713151913,-40.77547626304559,-0.2562069914769774,-18.65698866265504,-0.30694249824025854,40.94813725701307,-0.055020528572734165,-0.2279846821687141,-0.00052764,0.23673338287807383,0.0018549,1,1.0
1945,0.281866535432875,0.1231450166931388,0.00043068,1.9316863821678012,3.010182037802922,56.12390606661781,0.5339017083921984,13.906572950808519,0.08613346713151913,-67.54751773203269,-0.2562069914769774,20.6351433398386,-0.30694249824025854,9.983814916146244,-0.055020528572734165,0.3656346611991299,-0.00052764,0.7284335612025103,0.0018549,0,1.0
1946,0.076587575021423,0.15729904856134447,0.00043068,1.9316863821678012,3.010182037802922,17.8940279673598,0.5339017083921984,9.376346410627301,0.08613346713151913,-35.848566751217035,-0.2562069914769774,-6.707316838010085,-0.30694249824025854,10.245867152609819,-0.055020528572734165,-0.14929946805373848,-0.00052764,0.28669770897117886,0.0018549,1,1.0
1947,0.48411067426636234,0.25117785231795703,0.00043068,1.9316863821678012,3.010182037802922,-19.227204427207244,0.5339017083921984,15.006405979319,0.08613346713151913,-88.45559708059747,-0.2562069914769774,31.6293500448254,-0.30694249824025854,57.77223119700773,-0.055020528572734165,-0.04198205370364819,-0.00052764,0.41071928865972485,0.0018549,1,1.0
1948,0.43498777240528563,0.1860168574431496,0.00043068,1.9316863821678012,3.010182037802922,8.013784111019458,0.5339017083921984,13.992244987359362,0.08613346713151913,-78.81939027609792,-0.2562069914769774,45.48359223824048,-0.30694249824025854,35.56515480888615,-0.055020528572734165,0.35452727107571114,-0.00052764,0.5355023035210414,0.0018549,0,1.0
1949,1.0292720347334914,0.2514609524181663,0.00043068,1.9316863821678012,3.010182037802922,-72.50229247362127,0.5339017083921984,3.679837668149871,0.08613346713151913,-56.036802842165805,-0.2562069914769774,11.537040947121119,-0.30694249824025854,88.68136392558975,-0.055020528572734165,0.018267323114570487,-0.00052764,0.09137963662513501,0.0018549,0,1.0
1950,0.1936475674181094,0.07987000325524776,0.00043068,1.9316863821678012,3.010182037802922,64.61758917396084,0.5339017083921984,14.130272042005425,0.08613346713151913,-44.656462849654105,-0.2562069914769774,3.9205142046768247,-0.30694249824025854,-9.701546503582067,-0.055020528572734165,0.4540003613969916,-0.00052764,0.5719635587369505,0.0018549,0,1.0
1951,0.17486760448642147,0.28875182500123187,0.00043068,1.9316863821678012,3.010182037802922,26.160704329733473,0.5339017083921984,14.348452836088041,0.08613346713151913,-71.37247498727355,-0.2562069914769774,10.060887553323928,-0.30694249824025854,25.265997344856817,-0.055020528572734165,-0.075643633619495,-0.00052764,0.4992125185203633,0.0018549,1,1.0
1952,0.05358640890909361,0.1429061856971397,0.00043068,1.9316863821678012,3.010182037802922,31.364540211497676,0.5339017083921984,9.566009552466733,0.08613346713151913,-40.796339575185286,-0.2562069914769774,23.209484176919002,-0.30694249824025854,-0.1343972078029817,-0.055020528572734165,0.2764948770333624,-0.00052764,0.3640809309294555,0.0018549,0,1.0
1953,0.4263329817600465,0.04659578892060375,0.00043068,1.9316863821678012,3.010182037802922,-63.1811120124611,0.5339017083921984,0.9360496113827352,0.08613346713151913,-60.9947520659013,-0.2562069914769774,54.23619925712533,-0.30694249824025854,68.49600841893472,-0.055020528572734165,-0.02230214863265985,-0.00052764,0.033094451995524785,0.0018549,1,1.0
1954,0.0020899404234497876,0.07072193837469483,0.00043068,1.9316863821678012,3.010182037802922,71.93906802466782,0.5339017083921984,15.107691661799793,0.08613346713151913,-62.54019711419125,-0.2562069914769774,39.6126577160205,-0.30694249824025854,-13.608033032122883,-0.055020528572734165,0.6000413983158333,-0.00052764,0.6587088645742585,0.0018549,0,1.0
1955,0.45292294170363856,0.2430650381283917,0.00043068,1.9316863821678012,3.010182037802922,-1.2417695190502425,0.5339017083921984,12.333438904922378,0.08613346713151913,-48.296216778377186,-0.2562069914769774,-29.14367502417504,-0.30694249824025854,37.77080138568444,-0.055020528572734165,-0.34580227875162245,-0.00052764,0.34703808814290565,0.0018549,1,1.0
1956,-0.027003303408695223,0.1431533230644057,0.00043068,1.9316863821678012,3.010182037802922,-13.251010226863631,0.5339017083921984,6.3162655750802905,0.08613346713151913,-54.73316170540095,-0.2562069914769774,47.25458949173452,-0.30694249824025854,26.401068334716985,-0.055020528572734165,-0.0330200022620101,-0.00052764,0.18007307961844501,0.0018549,1,1.0
1957,0.04984119495072015,0.14142790149297765,0.00043068,1.9316863821678012,3.010182037802922,15.31341922204335,0.5339017083921984,10.802161134992692,0.08613346713151913,-69.43514842401717,-0.2562069914769774,45.844634888115635,-0.30694249824025854,21.445420886030213,-0.055020528572734165,0.19952575394107624,-0.00052764,0.3604759530222174,0.0018549,0,1.0
1958,0.2236777218404986,0.20223399728560038,0.00043068,1.9316863821678012,3.010182037802922,12.1289560514447,0.5339017083921984,10.468034353047688,0.08613346713151913,-86.87465727894595,-0.2562069914769774,56.133481219850864,-0.30694249824025854,38.31360999830156,-0.055020528572734165,0.22065728210338761,-0.00052764,0.5260768583571745,0.0018549,0,1.0
1959,0.5132481907886698,0.09444047024719125,0.00043068,1.9316863821678012,3.010182037802922,-49.340398022224214,0.5339017083921984,1.3704442301249093,0.08613346713151913,-49.6877748531458,-0.2562069914769774,27.737166974029066,-0.30694249824025854,61.97738656800939,-0.055020528572734165,-0.07916594912010876,-0.00052764,0.10795564430622044,0.0018549,1,1.0
1960,-0.0049414463083342075,0.08587514262656011,0.00043068,1.9316863821678012,3.010182037802922,-10.699903629912953,0.5339017083921984,6.603479950859087,0.08613346713151913,-43.25162866017221,-0.2562069914769774,28.270871882859947,-0.30694249824025854,21.235153462060023,-0.055020528572734165,-0.1357442122161263,-0.00052764,0.1711115861890012,0.0018549,1,1.0
1961,0.1871260327170059,0.12224311349111931,0.00043068,1.9316863821678012,3.010182037802922,73.74742386256419,0.5339017083921984,12.05725380043156,0.08613346713151913,-50.66901092933825,-0.2562069914769774,11.766188174031358,-0.30694249824025854,-7.693773400931355,-0.055020528572734165,0.3655714458083511,-0.00052764,0.8145086372795863,0.0018549,0,1.0
1962,-0.0007512552205604789,0.1766839505530438,0.00043068,1.9316863821678012,3.010182037802922,-16.823629955409306,0.5339017083921984,-0.8783469602806692,0.08613346713151913,-30.699329557012025,-0.2562069914769774,56.42646618779531,-0.30694249824025854,17.895663970908682,-0.055020528572734165,-0.01233594393729201,-0.00052764,0.3178154173904554,0.0018549,1,1.0
1963,0.3025195762963331,0.07403125556301701,0.00043068,1.9316863821678012,3.010182037802922,-23.06771157567761,0.5339017083921984,1.9426797867896861,0.08613346713151913,-33.571535788992286,-0.2562069914769774,9.090403294964053,-0.30694249824025854,37.64419147999824,-0.055020528572734165,-0.14094279710601187,-0.00052764,0.13301178763276994,0.0018549,1,1.0
1964,0.3709653319680508,0.16954308754675948,0.00043068,1.9316863821678012,3.010182037802922,84.84213731723115,0.5339017083921984,21.35672676810397,0.08613346713151913,-68.11444459094406,-0.2562069914769774,-19.356589950629665,-0.30694249824025854,-0.41060323842317176,-0.055020528572734165,0.286120246678769,-0.00052764,0.8630643214424619,0.0018549,0,1.0
1965,0.18387130718230915,0.07444474138147959,0.00043068,1.9316863821678012,3.010182037802922,-13.913055008893277,0.5339017083921984,5.607923104159215,0.08613346713151913,-47.47441720821604,-0.2562069914769774,21.98942357977751,-0.30694249824025854,33.288129991943386,-0.055020528572734165,-0.06727451700614683,-0.00052764,0.16548208545127918,0.0018549,1,1.0
1966,0.5078182196600944,0.24377699715222964,0.00043068,1.9316863821678012,3.010182037802922,-71.56789513566838,0.5339017083921984,-6.5014647412038675,0.08613346713151913,-25.293401265556074,-0.2562069914769774,47.54334960913251,-0.30694249824025854,58.44516311588999,-0.055020528572734165,-0.21861402153041767,-0.00052764,0.25256343388684876,0.0018549,1,1.0
1967,0.48413554076194026,0.232782576590711,0.00043068,1.9316863821678012,3.010182037802922,36.19485062091051,0.5339017083921984,10.995684431951076,0.08613346713151913,-22.28223464394786,-0.2562069914769774,-25.138296883378892,-0.30694249824025854,3.0928463412744023,-0.055020528572734165,0.31650191260579436,-0.00052764,0.40022329716219,0.0018549,0,1.0
1968,0.3415150505333156,0.042265543187399696,0.00043068,1.9316863821678012,3.010182037802922,-10.718999683028375,0.5339017083921984,4.349513336156206,0.08613346713151913,-20.48125894715915,-0.2562069914769774,-14.303446744803054,-0.30694249824025854,25.390160744162834,-0.055020528572734165,-0.11912830606669557,-0.00052764,0.12533415989409397,0.0018549,1,1.0
1969,0.17659637679161277,0.07593233359733638,0.00043068,1.9316863821678012,3.010182037802922,87.99742569192999,0.5339017083921984,25.211387459418198,0.08613346713151913,-83.22285615432597,-0.2562069914769774,4.5312316539903845,-0.30694249824025854,-6.184953853781048,-0.055020528572734165,0.3542013362585853,-0.00052764,0.8682106133832949,0.0018549,0,1.0
1970,0.06053494634588086,0.22129145866686095,0.00043068,1.9316863821678012,3.010182037802922,0.3011258230403785,0.5339017083921984,11.388297368786493,0.08613346713151913,-58.53834352738988,-0.2562069914769774,9.679118787609308,-0.30694249824025854,27.892966341761984,-0.055020528572734165,-0.307555902834283,-0.00052764,0.293583419531423,0.0018549,1,1.0
1971,0.22741927774188947,0.039569060820840836,0.00043068,1.9316863821678012,3.010182037802922,-41.213896999404206,0.5339017083921984,5.6103249192973,0.08613346713151913,-58.30205342935634,-0.2562069914769774,43.6804813589449,-0.30694249824025854,48.45890370382095,-0.055020528572734165,-0.13329220328461489,-0.00052764,0.13521362282124127,0.0018549,1,1.0
1972,-0.010107146294201619,0.14954857680833294,0.00043068,1.9316863821678012,3.010182037802922,25.73255479411824,0.5339017083921984,7.78873583442393,0.08613346713151913,-54.28189003768271,-0.2562069914769774,46.464511514567235,-0.30694249824025854,8.173939642350142,-0.055020528572734165,0.29611875223266976,-0.00052764,0.3929205417248252,0.0018549,0,1.0
1973,0.6819615337082068,0.1534576852913236,0.00043068,1.9316863821678012,3.010182037802922,-59.67860017007654,0.5339017083921984,7.578576770094678,0.08613346713151913,-57.231011525126085,-0.2562069914769774,16.797383638426588,-0.30694249824025854,69.29841882752757,-0.055020528572734165,-0.19606857172416067,-0.00052764,0.1726539806373971,0.0018549,1,1.0
1974,0.007488465578189829,0.1685454607715515,0.00043068,1.9316863821678012,3.010182037802922,11.772206579794535,0.5339017083921984,9.841805803944423,0.08613346713151913,-37.622069365175015,-0.2562069914769774,7.370565710091274,-0.30694249824025854,8.228805084856408,-0.055020528572734165,-0.1283343590807831,-0.00052764,0.2778829639008891,0.0018549,1,1.0
1975,0.28616571045345907,0.15574114338307105,0.00043068,1.9316863821678012,3.010182037802922,3.4895000693666445,0.5339017083921984,9.869028697537408,0.08613346713151913,-27.98539921393452,-0.2562069914769774,-26.58877563103263,-0.30694249824025854,19.028229812152382,-0.055020528572734165,-0.260440287041318,-0.00052764,0.2516905106458281,0.0018549,1,1.0
1976,0.6719346714288837,0.18495629339498668,0.00043068,1.9316863821678012,3.010182037802922,-36.452919384281515,0.5339017083921984,3.4412444358165004,0.08613346713151913,-20.23452842100631,-0.2562069914769774,-5.920769982551538,-0.30694249824025854,42.25871585962577,-0.055020528572734165,-0.012897614767467716,-0.00052764,0.16331166829363775,0.0018549,1,1.0
1977,1.0865405521466194,0.21869388808501608,0.00043068,1.9316863821678012,3.010182037802922,-53.97014412249589,0.5339017083921984,8.493328634404058,0.08613346713151913,-42.213170751987185,-0.2562069914769774,-32.78472247940388,-0.30694249824025854,75.52009333102221,-0.055020528572734165,-0.18135102086424257,-0.00052764,0.17374453024132117,0.0018549,1,1.0
1978,0.04736246995184501,0.18117410673122267,0.00043068,1.9316863821678012,3.010182037802922,42.20369918048977,0.5339017083921984,13.786791404301473,0.08613346713151913,-74.13504682730661,-0.2562069914769774,31.0785568744763,-0.30694249824025854,13.315872775551505,-0.055020528572734165,0.17398426236417955,-0.00052764,0.5561694465441003,0.0018549,0,1.0
1979,0.004057508826525363,0.06925969778690552,0.00043068,1.9316863821678012,3.010182037802922,-10.596021601178942,0.5339017083921984,3.2998868481295,0.08613346713151913,-32.169196551430225,-0.2562069914769774,33.11469775931826,-0.30694249824025854,16.333872514393303,-0.055020528572734165,-0.0006261092639186921,-0.00052764,0.13642312726294248,0.0018549,1,1.0
1980,0.47876259291817336,0.12705519064238666,0.00043068,1.9316863821678012,3.010182037802922,75.80862009715766,0.5339017083921984,23.015276132377853,0.08613346713151913,-86.8568349145257,-0.2562069914769774,-4.759847998448464,-0.30694249824025854,14.25401371930471,-0.055020528572734165,0.3457596423039537,-0.00052764,0.9054231085899225,0.0018549,0,1.0
1981,0.0014423960498819444,0.25423542753837014,0.00043068,1.9316863821678012,3.010182037802922,47.41881425167974,0.5339017083921984,9.657865224242325,0.08613346713151913,-46.80836851289111,-0.2562069914769774,80.85165368353799,-0.30694249824025854,-18.597327428790294,-0.055020528572734165,0.30543580918571517,-0.00052764,1.1824675776552942,0.0018549,0,1.0
1982,0.21275622199052657,0.17105981250832777,0.00043068,1.9316863821678012,3.010182037802922,60.68843385829149,0.5339017083921984,22.14410693885353,0.08613346713151913,-80.50068785632207,-0.2562069914769774,14.32821822201292,-0.30694249824025854,5.888744961307517,-0.055020528572734165,0.276798368616867,-0.00052764,0.7339116245012703,0.0018549,0,1.0
1983,0.5118591721214989,0.047463735075099524,0.00043068,1.9316863821678012,3.010182037802922,-22.063050551225626,0.5339017083921984,2.6755235280279783,0.08613346713151913,-8.414280720739384,-0.2562069914769774,-22.846356592590368,-0.30694249824025854,29.013849351875358,-0.055020528572734165,-0.05253068760870287,-0.00052764,0.05091461084980957,0.0018549,1,1.0
1984,0.6813814565063686,0.21659938156866945,0.00043068,1.9316863821678012,3.010182037802922,25.489966522054665,0.5339017083921984,16.62748411676122,0.08613346713151913,-77.64151943916694,-0.2562069914769774,14.813395882292642,-0.30694249824025854,36.84204603596786,-0.055020528572734165,0.45674607550035573,-0.00052764,0.5983579994607452,0.0018549,0,1.0
1985,1.532367176460617,0.6081567204292421,0.00043068,1.9316863821678012,3.010182037802922,-57.88931051111854,0.5339017083921984,18.045974491731663,0.08613346713151913,-60.52168581758545,-0.2562069914769774,-68.3864076613063,-0.30694249824025854,96.24550169261936,-0.055020528572734165,-0.3982115932267532,-0.00052764,0.40876767379001994,0.0018549,1,1.0
1986,0.011238781519495866,0.15569190428443622,0.00043068,1.9316863821678012,3.010182037802922,-0.8566440666842884,0.5339017083921984,2.6821892866342636,0.08613346713151913,-45.17014197927803,-0.2562069914769774,38.80882848242113,-0.30694249824025854,22.307064021430005,-0.055020528572734165,0.0007108042342929,-0.00052764,0.2617987205199409,0.0018549,0,1.0
1987,0.25850534987586404,0.08517651471619031,0.00043068,1.9316863821678012,3.010182037802922,80.03361771902698,0.5339017083921984,18.518883305999022,0.08613346713151913,-51.46402917592783,-0.2562069914769774,-13.335274952099262,-0.30694249824025854,-11.423000365893454,-0.055020528572734165,0.38637371792533626,-0.00052764,0.7091773122270791,0.0018549,0,1.0
1988,-0.029436440786480167,0.09436030191365585,0.00043068,1.9316863821678012,3.010182037802922,3.1860004905017063,0.5339017083921984,1.4007615462532637,0.08613346713151913,-13.15476187800559,-0.2562069914769774,9.466474993272712,-0.30694249824025854,3.886701808011381,-0.055020528572734165,-0.005514052680072518,-0.00052764,0.07268741230229112,0.0018549,1,1.0
1989,-0.029306216823593023,0.22122404005896912,0.00043068,1.9316863821678012,3.010182037802922,67.69761261784507,0.5339017083921984,8.206898338865619,0.08613346713151913,-61.089175015857336,-0.2562069914769774,67.59295297915173,-0.30694249824025854,-10.465185119689734,-0.055020528572734165,0.43368056805615296,-0.00052764,1.018538213324916,0.0018549,0,1.0
1990,0.6369162010292302,0.07599739080337482,0.00043068,1.9316863821678012,3.010182037802922,-45.16763141787698,0.5339017083921984,4.219278724705997,0.08613346713151913,-40.363341036320996,-0.2562069914769774,2.2779896734029133,-0.30694249824025854,57.84639933034431,-0.055020528572734165,-0.08628132588004565,-0.00052764,0.0773425292895684,0.0018549,1,1.0
1991,0.5189969374050323,0.09797170227487367,0.00043068,1.9316863821678012,3.010182037802922,-49.49560274647284,0.5339017083921984,9.60752922272721,0.08613346713151913,-79.74783677843071,-0.2562069914769774,33.275873790380324,-0.30694249824025854,72.02744839052617,-0.055020528572734165,-0.18423899763417445,-0.00052764,0.20609687871283472,0.0018549,1,1.0
1992,0.397480661477551,0.30250474970070673,0.00043068,1.9316863821678012,3.010182037802922,10.559694842683971,0.5339017083921984,15.403628619638924,0.08613346713151913,-84.26629152830891,-0.2562069914769774,13.945657454520752,-0.30694249824025854,44.2621005468277,-0.055020528572734165,-0.05123338527042448,-0.00052764,0.515600085933636,0.0018549,1,1.0
1993,0.5628371080534349,0.20137578311645798,0.00043068,1.9316863821678012,3.010182037802922,84.331500556686,0.5339017083921984,21.793501742249386,0.08613346713151913,-53.70576497187659,-0.2562069914769774,-35.29543009944665,-0.30694249824025854,-3.983069526455999,-0.055020528572734165,0.43098797519300314,-0.00052764,0.821491431951893,0.0018549,0,1.0
1994,0.06172384156139099,0.08379237061380912,0.00043068,1.9316863821678012,3.010182037802922,78.7263974056188,0.5339017083921984,13.46952140431204,0.08613346713151913,-51.923459264030015,-0.2562069914769774,10.63053501198392,-0.30694249824025854,-13.376837269860086,-0.055020528572734165,0.3496664484650305,-0.00052764,0.7437891887976975,0.0018549,0,1.0
1995,0.44461565010503123,0.1034005900649711,0.00043068,1.9316863821678012,3.010182037802922,-46.135740142746606,0.5339017083921984,5.345825582002919,0.08613346713151913,-73.43669822656874,-0.2562069914769774,35.597849850339074,-0.30694249824025854,69.92992600077844,-0.055020528572734165,-0.18102874945189534,-0.00052764,0.17866549538127446,0.0018549,1,1.0
1996,0.2506824097923501,0.24457181880964324,0.00043068,1.9316863821678012,3.010182037802922,29.875289016622578,0.5339017083921984,10.264928943469238,0.08613346713151913,-36.70492399215098,-0.2562069914769774,-19.991333592428735,-0.30694249824025854,11.927333891449981,-0.055020528572734165,-0.08122386446376303,-0.00052764,0.41608594155227063,0.0018549,1,1.0
1997,0.004184394115135326,0.0881871324722654,0.00043068,1.9316863821678012,3.010182037802922,2.2726734052592787,0.5339017083921984,4.718420214606602,0.08613346713151913,-26.70298467051294,-0.2562069914769774,19.615439657683154,-0.30694249824025854,8.01851599316394,-0.055020528572734165,0.01934893559290457,-0.00052764,0.16237462885428278,0.0018549,0,1.0
1998,-0.020942889087951277,0.09071453615803599,0.00043068,1.9316863821678012,3.010182037802922,58.16824141314861,0.5339017083921984,17.83926018618128,0.08613346713151913,-94.39845207125609,-0.2562069914769774,69.01365316586649,-0.30694249824025854,5.0691480087032,-0.055020528572734165,0.6022099302419139,-0.00052764,0.6673202468285477,0.0018549,0,1.0
1999,0.56400643181702,0.2758585570446451,0.00043068,1.9316863821678012,3.010182037802922,33.06885608550454,0.5339017083921984,12.457718769300428,0.08613346713151913,-41.7740134149247,-0.2562069914769774,-22.78368153770782,-0.30694249824025854,18.859710284476755,-0.055020528572734165,0.18335786912822702,-0.00052764,0.518883175747539,0.0018549,0,1.0
2000,0.07434619198502909,0.04495989317414779,0.00043068,1.6678666942165532,5.531167055040017,2.9471918538755517,0.5339017083921984,26.639248382199263,0.08613346713151913,-58.53079671925754,-0.2562069914769774,-31.03308026927589,-0.30694249824025854,16.76177768839932,-0.055020528572734165,-0.035004156040177994,-0.00052764,0.09247444920861454,0.0018549,1,1.0
2001,0.10815329753321973,0.014144480156067866,0.00043068,1.6678666942165532,5.531167055040017,-33.019539677032064,0.5339017083921984,16.774195858384346,0.08613346713151913,-34.65967729915388,-0.2562069914769774,-15.105973091998644,-0.30694249824025854,26.090492809969746,-0.055020528572734165,-0.05443620011594765,-0.00052764,0.05439732626118416,0.0018549,1,1.0
2002,0.03935835942907386,0.004305875617598411,0.00043068,1.6678666942165532,5.531167055040017,-19.424370853167712,0.5339017083921984,0.7137680841321863,0.08613346713151913,-24.085788285228517,-0.2562069914769774,-36.316549219857855,-0.30694249824025854,26.230424685839417,-0.055020528572734165,-0.028066986353615254,-0.00052764,0.029996765763221956,0.0018549,1,1.0
2003,0.12054173151482361,0.0036786680855287065,0.00043068,1.6678666942165532,5.531167055040017,-56.79128916185636,0.5339017083921984,-0.12717109163871942,0.08613346713151913,-43.57752022776993,-0.2562069914769774,19.612899706598743,-0.30694249824025854,51.99787244961155,-0.055020528572734165,-0.012812618010804811,-0.00052764,0.0123280788255923,0.0018549,1,1.0
2004,0.010046958238122225,0.0061784298413812624,0.00043068,1.6678666942165532,5.531167055040017,-17.87159628446199,0.5339017083921984,12.71233770901394,0.08613346713151913,-57.502444386656336,-0.2562069914769774,-47.901486598103126,-0.30694249824025854,31.50646942189773,-0.055020528572734165,-0.04798522302277673,-0.00052764,0.04841354626262011,0.0018549,1,1.0
2005,0.022068839918746516,0.008115891718064445,0.00043068,1.6678666942165532,5.531167055040017,-35.04063003283546,0.5339017083921984,13.255543583855022,0.08613346713151913,-78.4579382069155,-0.2562069914769774,2.0279751628091782,-0.30694249824025854,44.32907091018945,-0.055020528572734165,-0.04537329745295461,-0.00052764,0.04327513923510823,0.0018549,1,1.0
2006,0.01397275326531832,0.001799503896153044,0.00043068,1.6678666942165532,5.531167055040017,-14.627511555504855,0.5339017083921984,7.390654580158435,0.08613346713151913,-34.88099892008036,-0.2562069914769774,4.734808107104134,-0.30694249824025854,18.029466996604473,-0.055020528572734165,-0.01966028800559992,-0.00052764,0.02090188602687685,0.0018549,1,1.0
2007,0.14338017319097182,0.0015967525564963736,0.00043068,1.6678666942165532,5.531167055040017,-64.06349259281653,0.5339017083921984,9.35525841546528,0.08613346713151913,-61.29918173220236,-0.2562069914769774,22.4960971814506,-0.30694249824025854,57.274900249907006,-0.055020528572734165,-0.02048338284299323,-0.00052764,0.02051555293752656,0.0018549,1,1.0
2008,0.00803576463633554,0.015641756444926908,0.00043068,1.6678666942165532,5.531167055040017,-6.1772550324838065,0.5339017083921984,14.497035144580112,0.08613346713151913,-39.76785588455096,-0.2562069914769774,44.738007955393826,-0.30694249824025854,6.899157075420695,-0.055020528572734165,-0.03753533728643908,-0.00052764,0.04958049565160312,0.0018549,1,1.0
2009,0.010690006525145096,0.002268805228863331,0.00043068,1.6678666942165532,5.531167055040017,-21.88713521946604,0.5339017083921984,8.052478239695489,0.08613346713151913,-51.61136793288909,-0.2562069914769774,8.445452939217509,-0.30694249824025854,28.327128931193936,-0.055020528572734165,-0.02758142960659213,-0.00052764,0.028184769354995795,0.0018549,1,1.0
2010,0.002430822426412599,0.01031635388183601,0.00043068,1.6678666942165532,5.531167055040017,-34.07639007350643,0.5339017083921984,17.071018210061776,0.08613346713151913,-94.1996701834079,-0.2562069914769774,9.778773067606686,-0.30694249824025854,46.56701947250851,-0.055020528572734165,-0.05606550241937716,-0.00052764,0.05482114406765658,0.0018549,1,1.0
2011,0.025647545284296594,0.012386111113364465,0.00043068,1.6678666942165532,5.531167055040017,-13.676918994542286,0.5339017083921984,13.3443307885472,0.08613346713151913,-55.593941621389604,-0.2562069914769774,-53.45103418572144,-0.30694249824025854,30.49918918619918,-0.055020528572734165,-0.041809971591471054,-0.00052764,0.055721440019920146,0.0018549,1,1.0
2012,0.0018343664315804697,0.005935505524439026,0.00043068,1.6678666942165532,5.531167055040017,-5.694237044688248,0.5339017083921984,11.70655296055887,0.08613346713151913,-33.63857961685847,-0.2562069914769774,-5.058899163974514,-0.30694249824025854,10.297613330501228,-0.055020528572734165,-0.030774735993451294,-0.00052764,0.03368116016551333,0.0018549,1,1.0
2013,0.06753662928443793,0.00580235532933311,0.00043068,1.6678666942165532,5.531167055040017,-40.95737638199149,0.5339017083921984,9.811780597453867,0.08613346713151913,-66.76130992115206,-0.2562069914769774,-48.98828220358462,-0.30694249824025854,52.29802235388704,-0.055020528572734165,-0.047043630534533726,-0.00052764,0.04746594404366605,0.0018549,1,1.0
2014,0.1981596346881873,0.0030173573817306567,0.00043068,1.6678666942165532,5.531167055040017,-86.19596369084539,0.5339017083921984,5.181105910945765,0.08613346713151913,-65.24197371682835,-0.2562069914769774,49.33621984512106,-0.30694249824025854,72.97545320357405,-0.055020528572734165,-0.01228214531875324,-0.00052764,0.012524615147080788,0.0018549,1,1.0
2015,0.0008021012642599051,0.03287544650339601,0.00043068,1.6678666942165532,5.531167055040017,18.773590504098426,0.5339017083921984,9.515308242781854,0.08613346713151913,-40.54248262666909,-0.2562069914769774,-32.19445897503366,-0.30694249824025854,10.637924185200482,-0.055020528572734165,-0.021282803968130412,-0.00052764,0.07913078804991575,0.0018549,1,1.0
2016,0.038466742394749176,0.03868077067059625,0.00043068,1.6678666942165532,5.531167055040017,33.860783028070045,0.5339017083921984,12.132722829133659,0.08613346713151913,-15.962526736046145,-0.2562069914769774,-69.19947360672299,-0.30694249824025854,-3.050364519889256,-0.055020528572734165,-0.0009955576165970453,-0.00052764,0.07764430682731205,0.0018549,1,1.0
2017,0.07004911222544853,0.0016065599100246835,0.00043068,1.6678666942165532,5.531167055040017,-43.16444442537615,0.5339017083921984,7.538466644980312,0.08613346713151913,-60.07940453710439,-0.2562069914769774,1.7496932468615254,-0.30694249824025854,46.6337969696128,-0.055020528572734165,-0.02602453749722977,-0.00052764,0.02602596862233443,0.0018549,1,1.0
2018,0.049180524653905835,0.015938281246133074,0.00043068,1.6678666942165532,5.531167055040017,-32.56271769079094,0.5339017083921984,-9.980441348807735,0.08613346713151913,-20.824932308631436,-0.2562069914769774,5.115148549774103,-0.30694249824025854,35.359380485582456,-0.055020528572734165,-0.050088503665821626,-0.00052764,0.05002833119990262,0.0018549,1,1.0
2019,0.09457976947617126,0.0006489780447942261,0.00043068,1.6678666942165532,5.531167055040017,-28.682116956300188,0.5339017083921984,4.466619066210368,0.08613346713151913,-17.444228441080995,-0.2562069914769774,-51.5986214811127,-0.30694249824025854,28.8427701059346,-0.055020528572734165,-0.011560649188932678,-0.00052764,0.01189085496610088,0.0018549,1,1.0
2020,0.003033303194460782,0.007636312090683561,0.00043068,1.6678666942165532,5.531167055040017,-5.74909376832475,0.5339017083921984,6.524773929433014,0.08613346713151913,-33.45338036052556,-0.2562069914769774,16.151814663344165,-0.30694249824025854,12.96544943425648,-0.055020528572734165,-0.011294180983724958,-0.00052764,0.025147601414302147,0.0018549,1,1.0
2021,0.07459886574421595,0.002452111739783792,0.00043068,1.6678666942165532,5.531167055040017,-41.26063240073885,0.5339017083921984,10.013289967488427,0.08613346713151913,-53.40996287980764,-0.2562069914769774,42.063644369818206,-0.30694249824025854,36.498471652128956,-0.055020528572734165,-0.026385947207532536,-0.00052764,0.026464104098676954,0.0018549,1,1.0
2022,0.013984925335323771,0.03144562154414426,0.00043068,1.6678666942165532,5.531167055040017,7.445677365744708,0.5339017083921984,3.7510057198449775,0.08613346713151913,-40.66728435226362,-0.2562069914769774,66.08976216498232,-0.30694249824025854,11.182862253501815,-0.055020528572734165,0.00740532473060047,-0.00052764,0.0551732142681214,0.0018549,0,1.0
2023,0.03148246819782964,0.022426722670978783,0.00043068,1.6678666942165532,5.531167055040017,0.3249483111626878,0.5339017083921984,9.6025121069786,0.08613346713151913,-13.373410239745224,-0.2562069914769774,70.20486244979628,-0.30694249824025854,-5.602339032613781,-0.055020528572734165,-0.03555463940302163,-0.00052764,0.058494266210210075,0.0018549,1,1.0
2024,0.013219218462094503,0.0088614640390609,0.00043068,1.6678666942165532,5.531167055040017,-31.512001922636145,0.5339017083921984,-2.1970825253333706,0.08613346713151913,-50.9619459098287,-0.2562069914769774,42.42407489884901,-0.30694249824025854,37.38832649205229,-0.055020528572734165,-0.03568591146520624,-0.00052764,0.038187600523437205,0.0018549,1,1.0
2025,0.01802946593857898,0.0057165107197542555,0.00043068,1.6678666942165532,5.531167055040017,-11.560371249853773,0.5339017083921984,0.35945927661658894,0.08613346713151913,-21.853625024087727,-0.2562069914769774,-23.108494956475262,-0.30694249824025854,19.44683360235344,-0.055020528572734165,-0.025303673717677926,-0.00052764,0.030662987660197146,0.0018549,1,1.0
2026,0.09622587070315243,0.006141688406502841,0.00043068,1.6678666942165532,5.531167055040017,-49.71748992583117,0.5339017083921984,16.24949589841137,0.08613346713151913,-72.60141138618452,-0.2562069914769774,-3.707618513084313,-0.30694249824025854,50.66352453744556,-0.055020528572734165,-0.04155910506513237,-0.00052764,0.04069543479321909,0.0018549,1,1.0
2027,0.05776047273369772,0.012014871359379412,0.00043068,1.6678666942165532,5.531167055040017,-40.45198128717246,0.5339017083921984,22.588783149286726,0.08613346713151913,-92.29001310813445,-0.2562069914769774,-45.00207772347581,-0.30694249824025854,53.14386952802902,-0.055020528572734165,-0.06545437054152797,-0.00052764,0.06593041563497107,0.0018549,1,1.0
2028,0.020294400948619007,0.009997890829057918,0.00043068,1.6678666942165532,5.531167055040017,-13.932211293925045,0.5339017083921984,15.174145421978912,0.08613346713151913,-40.393681826628224,-0.2562069914769774,15.210828521221421,-0.30694249824025854,13.2464257569019,-0.055020528572734165,-0.0454636555071215,-0.00052764,0.04547303684277411,0.0018549,1,1.0
2029,0.051122100660392425,0.008402996823712556,0.00043068,1.6678666942165532,5.531167055040017,-40.77237078945937,0.5339017083921984,14.66777680806688,0.08613346713151913,-83.56426079187435,-0.2562069914769774,-50.31406995918854,-0.30694249824025854,55.622932550342696,-0.055020528572734165,-0.05901771723760583,-0.00052764,0.058948545775207105,0.0018549,1,1.0
2030,0.02031900367021764,0.011201734121778321,0.00043068,1.6678666942165532,5.531167055040017,-27.11534512997361,0.5339017083921984,5.2771972713621915,0.08613346713151913,-55.11452849698785,-0.2562069914769774,-43.55916088781789,-0.30694249824025854,40.571628928346584,-0.055020528572734165,-0.05178713837942046,-0.00052764,0.049848978584560465,0.0018549,1,1.0
2031,0.0002503211370588898,0.018894461680074758,0.00043068,1.6678666942165532,5.531167055040017,-12.881762356734592,0.5339017083921984,14.257168319512775,0.08613346713151913,-75.79189406328256,-0.2562069914769774,67.90316781927591,-0.30694249824025854,26.08472619830972,-0.055020528572734165,-0.018944191048981825,-0.00052764,0.05106129566220518,0.0018549,1,1.0
2032,0.04144361395030922,0.0016488611460987158,0.00043068,1.6678666942165532,5.531167055040017,-19.125698004325724,0.5339017083921984,7.002674492334218,0.08613346713151913,-27.71821886021987,-0.2562069914769774,1.8498126540938407,-0.30694249824025854,18.7716015738953,-0.055020528572734165,-0.01735842200654499,-0.00052764,0.018415299456284843,0.0018549,1,1.0
2033,0.059366972764677305,0.0006873613179452913,0.00043068,1.6678666942165532,5.531167055040017,-33.00569019702578,0.5339017083921984,6.870922700220801,0.08613346713151913,-42.658565236249025,-0.2562069914769774,19.304278500494693,-0.30694249824025854,31.598873645584767,-0.055020528572734165,-0.0157929185237159,-0.00052764,0.015952035990019348,0.0018549,1,1.0
2034,0.23644669082678316,0.004721881387832591,0.00043068,1.6678666942165532,5.531167055040017,-92.43063816721642,0.5339017083921984,13.596272585116097,0.08613346713151913,-75.2230115909292,-0.2562069914769774,0.1445082479293437,-0.30694249824025854,81.2432314009587,-0.055020528572734165,-0.03152607799346811,-0.00052764,0.031697733125013505,0.0018549,1,1.0
2035,-0.008984692911559955,0.043135680413064675,0.00043068,1.6678666942165532,5.531167055040017,16.77375766311459,0.5339017083921984,15.587556594684015,0.08613346713151913,-40.71584128891332,-0.2562069914769774,-13.712648053640203,-0.30694249824025854,3.085890426484723,-0.055020528572734165,-0.020363138230594303,-0.00052764,0.061163098369686815,0.0018549,1,1.0
2036,0.00016998250343133736,0.04065802596307443,0.00043068,1.6678666942165532,5.531167055040017,13.41609764939033,0.5339017083921984,22.534915140694043,0.08613346713151913,-77.39152579186701,-0.2562069914769774,12.07831347871362,-0.30694249824025854,16.258261684045074,-0.055020528572734165,-0.025387451595923448,-0.00052764,0.09159054019088189,0.0018549,1,1.0
2037,0.021869901791589853,0.0016283429296368298,0.00043068,1.6678666942165532,5.531167055040017,-10.17225000982312,0.5339017083921984,7.299735900262628,0.08613346713151913,-22.555407244240207,-0.2562069914769774,-15.498116257651414,-0.30694249824025854,12.620106243807532,-0.055020528572734165,-0.019446130888984864,-0.00052764,0.01997100468272304,0.0018549,1,1.0
2038,0.007407800808865689,0.009066109159284031,0.00043068,1.6678666942165532,5.531167055040017,-25.334907677478082,0.5339017083921984,15.912082589600136,0.08613346713151913,-78.81767016364482,-0.2562069914769774,-21.239870802088856,-0.30694249824025854,39.84571877090445,-0.055020528572734165,-0.05325777687384663,-0.00052764,0.055749997626354825,0.0018549,1,1.0
2039,0.02489519269025764,0.029734062243531284,0.00043068,1.6678666942165532,5.531167055040017,4.658608687005308,0.5339017083921984,11.296914568315445,0.08613346713151913,-53.060706815945785,-0.2562069914769774,22.849677697611977,-0.30694249824025854,17.30158697128092,-0.055020528572734165,-0.004106948520697939,-0.00052764,0.06254309047506576,0.0018549,1,1.0
2040,0.07333385596113776,0.0016595412165515437,0.00043068,1.6678666942165532,5.531167055040017,-35.03962102690078,0.5339017083921984,7.02628024468488,0.08613346713151913,-38.77147545473595,-0.2562069914769774,15.342535383634317,-0.30694249824025854,31.682890871292813,-0.055020528572734165,-0.017199000706714047,-0.00052764,0.016696124085337216,0.0018549,1,1.0
2041,0.040077964568431296,0.011109481730164083,0.00043068,1.6678666942165532,5.531167055040017,-36.95848905456227,0.5339017083921984,5.991916847990693,0.08613346713151913,-54.61177635147141,-0.2562069914769774,18.874076270849915,-0.30694249824025854,38.51948591905495,-0.055020528572734165,-0.02380580329236802,-0.00052764,0.018377676412301938,0.0018549,1,1.0
2042,0.02529707241944669,0.007863036094961752,0.00043068,1.6678666942165532,5.531167055040017,-27.526132560526353,0.5339017083921984,10.194140210072767,0.08613346713151913,-64.59531632625341,-0.2562069914769774,-54.222913457805866,-0.30694249824025854,42.9310066745595,-0.055020528572734165,-0.05433488025293885,-0.00052764,0.05447202384840891,0.0018549,1,1.0
2043,0.19205699894003758,0.004012345735729887,0.00043068,1.6678666942165532,5.531167055040017,-66.16988831162341,0.5339017083921984,12.316473407696575,0.08613346713151913,-49.09014737163175,-0.2562069914769774,-36.41284178088889,-0.30694249824025854,58.9236036809841,-0.055020528572734165,-0.029786181144974465,-0.00052764,0.029986419463002713,0.0018549,1,1.0
2044,0.02327452242095643,0.02379648688626834,0.00043068,1.6678666942165532,5.531167055040017,7.297953810643817,0.5339017083921984,14.482919601989316,0.08613346713151913,-32.83084791614484,-0.2562069914769774,11.651081545301428,-0.30694249824025854,3.367082082425876,-0.055020528572734165,-0.016106821488693253,-0.00052764,0.05300185850841246,0.0018549,1,1.0
2045,-0.00271705068685682,0.05245572765675837,0.00043068,1.6678666942165532,5.531167055040017,27.318060021058788,0.5339017083921984,19.498003925598713,0.08613346713151913,-67.9454575351894,-0.2562069914769774,-1.3830509940878053,-0.30694249824025854,10.343680100417261,-0.055020528572734165,-0.015483782766257906,-0.00052764,0.10180815536296936,0.0018549,1,1.0
2046,0.041731629554102284,0.008586195116055321,0.00043068,1.6678666942165532,5.531167055040017,-30.694288536553604,0.5339017083921984,17.492019561404213,0.08613346713151913,-74.67211515935962,-0.2562069914769774,-42.224684371226445,-0.30694249824025854,43.15959586535079,-0.055020528572734165,-0.05289517239815142,-0.00052764,0.05516194601378316,0.0018549,1,1.0
2047,0.013811695920846329,0.0035886710321394715,0.00043068,1.6678666942165532,5.531167055040017,-8.020776510920195,0.5339017083921984,10.452885722727624,0.08613346713151913,-30.58754408044763,-0.2562069914769774,-46.58009835565952,-0.30694249824025854,15.771524936333424,-0.055020528572734165,-0.03238325307571871,-0.00052764,0.03208544625021845,0.0018549,1,1.0
2048,0.0321389547309965,0.0010727758117273453,0.00043068,1.6678666942165532,5.531167055040017,-22.96620716664685,0.5339017083921984,5.025178072786533,0.08613346713151913,-35.36411583406827,-0.2562069914769774,8.428129362996255,-0.30694249824025854,24.528036727916025,-0.055020528572734165,-0.014767024646719966,-0.00052764,0.014350033829460398,0.0018549,1,1.0
2049,0.12792353384378186,0.0018091328188211712,0.00043068,1.6678666942165532,5.531167055040017,-36.35651927932558,0.5339017083921984,8.27039848819558,0.08613346713151913,-21.467695677230452,-0.2562069914769774,-61.94134892321664,-0.30694249824025854,34.22031626897412,-0.055020528572734165,-0.019383242092834117,-0.00052764,0.019807894913155308,0.0018549,1,1.0
2050,0.0338055765649872,0.00768165582494567,0.00043068,1.6678666942165532,5.531167055040017,-43.67377369856632,0.5339017083921984,16.29075828084766,0.08613346713151913,-96.98626212375794,-0.2562069914769774,-2.610776869835854,-0.30694249824025854,56.11710633705684,-0.055020528572734165,-0.0556239111000219,-0.00052764,0.055567603240869505,0.0018549,1,1.0
2051,0.011502328711783139,0.013560830478084254,0.00043068,1.6678666942165532,5.531167055040017,-34.69513428887264,0.5339017083921984,8.048619477717068,0.08613346713151913,-89.50907327894737,-0.2562069914769774,85.54351087147604,-0.30694249824025854,45.77947960502302,-0.055020528572734165,-0.02393932780399513,-0.00052764,0.04445913388270939,0.0018549,1,1.0
2052,0.002209519526298692,0.029670448245676297,0.00043068,1.6678666942165532,5.531167055040017,11.227704060730163,0.5339017083921984,15.437653417729871,0.08613346713151913,-55.77213382567827,-0.2562069914769774,13.991543550387734,-0.30694249824025854,11.606730686786271,-0.055020528572734165,-0.01356840663540088,-0.00052764,0.06735277054162593,0.0018549,1,1.0
2053,0.0472219022543959,0.008846158631460467,0.00043068,1.6678666942165532,5.531167055040017,-27.98466068041804,0.5339017083921984,13.861369441766858,0.08613346713151913,-65.20037640477639,-0.2562069914769774,-58.87082737940331,-0.30694249824025854,42.55427908374044,-0.055020528572734165,-0.04869278978667549,-0.00052764,0.054300700320033174,0.0018549,1,1.0
2054,0.0006279589055054602,0.014323739431763204,0.00043068,1.6678666942165532,5.531167055040017,-15.727465829708342,0.5339017083921984,12.360604030862692,0.08613346713151913,-71.17900151664121,-0.2562069914769774,50.18298426896827,-0.30694249824025854,28.0199123288739,-0.055020528572734165,-0.022255201516089552,-0.00052764,0.04572323951130437,0.0018549,1,1.0
2055,0.09262534973974217,0.0009117509813253001,0.00043068,1.6678666942165532,5.531167055040017,-30.375105285482938,0.5339017083921984,1.0164700238869329,0.08613346713151913,-14.051918719907164,-0.2562069914769774,-34.71468224706239,-0.30694249824025854,28.83942365253578,-0.055020528572734165,-0.00738992437411894,-0.00052764,0.007351918337783207,0.0018549,1,1.0
2056,0.13230665012943274,0.006271590790447309,0.00043068,1.6678666942165532,5.531167055040017,-48.27006281573533,0.5339017083921984,4.516155599157697,0.08613346713151913,-37.625929410117976,-0.2562069914769774,21.46990042118929,-0.30694249824025854,42.580367341358816,-0.055020528572734165,-0.0041938976857030675,-0.00052764,0.01399142433479614,0.0018549,1,1.0
2057,0.013450346373283035,0.0012341787056132794,0.00043068,1.6678666942165532,5.531167055040017,-27.549186568413045,0.5339017083921984,-0.35048519941369416,0.08613346713151913,-40.975245894975444,-0.2562069914769774,64.09772328088528,-0.30694249824025854,26.778160077191973,-0.055020528572734165,-0.011220938067704573,-0.00052764,0.011307976618590414,0.0018549,1,1.0
2058,0.16310472841239088,0.0062596344863989515,0.00043068,1.6678666942165532,5.531167055040017,-61.432617062670744,0.5339017083921984,11.002963180707246,0.08613346713151913,-52.103999260720876,-0.2562069914769774,-49.20039181603679,-0.30694249824025854,58.801101539067595,-0.055020528572734165,-0.027017861619581807,-0.00052764,0.02414172926109704,0.0018549,1,1.0
2059,0.0930979832391929,0.007450019379732708,0.00043068,1.6678666942165532,5.531167055040017,-41.073681300381374,0.5339017083921984,16.53722484937214,0.08613346713151913,-58.17758892957046,-0.2562069914769774,-4.802031231667335,-0.30694249824025854,39.45162414666395,-0.055020528572734165,-0.04397417839247363,-0.00052764,0.04388380383372196,0.0018549,1,1.0
2060,0.011277674642586666,0.007409658703567698,0.00043068,1.6678666942165532,5.531167055040017,-10.622735232100467,0.5339017083921984,14.831014626125864,0.08613346713151913,-48.61168255352918,-0.2562069914769774,-79.6326751613653,-0.30694249824025854,25.56186892203968,-0.055020528572734165,-0.05214815618175023,-0.00052764,0.05220790784095186,0.0018549,1,1.0
2061,0.07746213853146308,0.004968574545158096,0.00043068,1.6678666942165532,5.531167055040017,-53.30180140270293,0.5339017083921984,8.499613338131729,0.08613346713151913,-80.20413845891294,-0.2562069914769774,44.77303783734203,-0.30694249824025854,56.55968793789752,-0.055020528572734165,-0.02251990444631019,-0.00052764,0.029077001319325488,0.0018549,1,1.0
2062,0.02421093283234449,0.037241014033822455,0.00043068,1.6678666942165532,5.531167055040017,-3.358090119300721,0.5339017083921984,23.07370034272404,0.08613346713151913,-84.8608743110285,-0.2562069914769774,53.09159125952593,-0.30694249824025854,23.551347962411064,-0.055020528572734165,-0.024918943428236494,-0.00052764,0.08210249212926121,0.0018549,1,1.0
2063,0.16553740581384982,0.0018005301630928915,0.00043068,1.6678666942165532,5.531167055040017,-78.7445428807506,0.5339017083921984,9.686469257168007,0.08613346713151913,-80.58922587594516,-0.2562069914769774,9.922872943939744,-0.30694249824025854,75.70496172627742,-0.055020528572734165,-0.022002130128764206,-0.00052764,0.022218654257115344,0.0018549,1,1.0
2064,0.09798815923277837,0.001018218346249217,0.00043068,1.6678666942165532,5.531167055040017,-35.410007825684225,0.5339017083921984,2.8542679782046587,0.08613346713151913,-24.76187144909964,-0.2562069914769774,-37.38395692681631,-0.30694249824025854,35.458372110509266,-0.055020528572734165,-0.012667850325354075,-0.00052764,0.012799452539722526,0.0018549,1,1.0
2065,0.008752096981311838,0.012686930627288803,0.00043068,1.6678666942165532,5.531167055040017,-10.317417433271261,0.5339017083921984,9.665975451791558,0.08613346713151913,-40.86449793999609,-0.2562069914769774,83.2727511067808,-0.30694249824025854,9.529963975717108,-0.055020528572734165,-0.02127276324152031,-0.00052764,0.0384435651642226,0.0018549,1,1.0
2066,0.0604490470536357,0.0036265217058923443,0.00043068,1.6678666942165532,5.531167055040017,-28.896802125031176,0.5339017083921984,4.674035246200309,0.08613346713151913,-24.83877670931311,-0.2562069914769774,65.37127163353075,-0.30694249824025854,17.999899757319298,-0.055020528572734165,-0.030700809890103105,-0.00052764,0.03071102271359804,0.0018549,1,1.0
2067,0.0034407212905512435,0.0014117598467413488,0.00043068,1.6678666942165532,5.531167055040017,3.6642245344423756,0.5339017083921984,5.790093239104983,0.08613346713151913,-6.325170116419772,-0.2562069914769774,-52.69031259105826,-0.30694249824025854,2.514683280509342,-0.055020528572734165,-0.019404779810806468,-0.00052764,0.019789575992710584,0.0018549,1,1.0
2068,0.09186628851159871,0.010368353675552246,0.00043068,1.6678666942165532,5.531167055040017,-50.0511167346765,0.5339017083921984,17.088141061877447,0.08613346713151913,-72.5830772860865,-0.2562069914769774,58.84471045636749,-0.30694249824025854,43.37999957389125,-0.055020528572734165,-0.04861342173366758,-0.00052764,0.049859310877637,0.0018549,1,1.0
2069,0.005725823299288096,0.008931080832745117,0.00043068,1.6678666942165532,5.531167055040017,-19.308188660884266,0.5339017083921984,-1.2491052898509991,0.08613346713151913,-39.79572602235191,-0.2562069914769774,51.81867518065602,-0.30694249824025854,24.74147903553873,-0.055020528572734165,-0.01917519843313005,-0.00052764,0.030213992496228477,0.0018549,1,1.0
2070,0.0360574445202802,0.0140316469622201,0.00043068,1.6678666942165532,5.531167055040017,-34.01132129907619,0.5339017083921984,21.04427457881284,0.08613346713151913,-85.77179313555543,-0.2562069914769774,34.33835034945873,-0.30694249824025854,38.965085001103745,-0.055020528572734165,-0.05233027010429896,-0.00052764,0.05793655993366001,0.0018549,1,1.0
2071,0.00017277303865936844,0.024014620207263682,0.00043068,1.6678666942165532,5.531167055040017,-4.532892603574232,0.5339017083921984,18.987688138311338,0.08613346713151913,-75.26356759834036,-0.2562069914769774,-9.639689976899403,-0.30694249824025854,26.404435655333568,-0.055020528572734165,-0.04004774451119272,-0.00052764,0.07230077157008916,0.0018549,1,1.0
2072,0.17682185635284645,0.005941693337402841,0.00043068,1.6678666942165532,5.531167055040017,-51.08730481038101,0.5339017083921984,6.770896043852992,0.08613346713151913,-16.4820027907906,-0.2562069914769774,-20.599313208452585,-0.30694249824025854,38.145229256379956,-0.055020528572734165,-0.03153638099358678,-0.00052764,0.03206658126133153,0.0018549,1,1.0
2073,0.13288430878141738,0.004127943576469328,0.00043068,1.6678666942165532,5.531167055040017,-49.718737980674845,0.5339017083921984,7.618988104760504,0.08613346713151913,-38.43985869624114,-0.2562069914769774,18.70101560013986,-0.30694249824025854,40.991056187726386,-0.055020528572734165,-0.022365348741741613,-0.00052764,0.025131156186791015,0.0018549,1,1.0
2074,0.01602071242720142,0.0051268685368011276,0.00043068,1.6678666942165532,5.531167055040017,-28.114164700534246,0.5339017083921984,10.00039014329003,0.08613346713151913,-66.59213938303336,-0.2562069914769774,-16.471864125338353,-0.30694249824025854,39.78871147204544,-0.055020528572734165,-0.044273876750394583,-0.00052764,0.044296372945845056,0.0018549,1,1.0
2075,0.12473418418762686,0.0012912291536358784,0.00043068,1.6678666942165532,5.531167055040017,-39.72224581449501,0.5339017083921984,6.370887847311362,0.08613346713151913,-23.62117885197347,-0.2562069914769774,-33.9376323300758,-0.30694249824025854,35.174149749225556,-0.055020528572734165,-0.014870438752257952,-0.00052764,0.014970932164763114,0.0018549,1,1.0
2076,0.02022859672022728,0.002946081404944888,0.00043068,1.6678666942165532,5.531167055040017,-8.076552390381025,0.5339017083921984,5.174232336649476,0.08613346713151913,-12.044045813796671,-0.2562069914769774,24.45204063187966,-0.30694249824025854,3.986030718045622,-0.055020528572734165,-0.021658818740640268,-0.00052764,0.022858794834697216,0.0018549,1,1.0
2077,0.03480294545867886,0.007601840333688867,0.00043068,1.6678666942165532,5.531167055040017,-30.74819260139221,0.5339017083921984,9.409717957800774,0.08613346713151913,-65.67000943857524,-0.2562069914769774,-29.840427513734927,-0.30694249824025854,43.76305914071794,-0.055020528572734165,-0.04474993353190218,-0.00052764,0.048682612573971176,0.0018549,1,1.0
2078,0.0973527968768795,0.0027299752340692166,0.00043068,1.6678666942165532,5.531167055040017,-36.93249477545569,0.5339017083921984,6.403503241244612,0.08613346713151913,-27.99625862961595,-0.2562069914769774,21.0165869240057,-0.30694249824025854,28.62812247984968,-0.055020528572734165,-0.023927371975169837,-0.00052764,0.02423787389202591,0.0018549,1,1.0
2079,9.157163097746335e-05,0.013994005227404136,0.00043068,1.6678666942165532,5.531167055040017,12.415443829789353,0.5339017083921984,9.187019634105734,0.08613346713151913,-11.031420323359708,-0.2562069914769774,4.1011000034778515,-0.30694249824025854,-6.842755386762235,-0.055020528572734165,-0.014768301311049482,-0.00052764,0.03554573645317826,0.0018549,1,1.0
2080,0.0009794039414615652,0.006331921880798183,0.00043068,1.6678666942165532,5.531167055040017,-18.91959333495007,0.5339017083921984,10.877829584838496,0.08613346713151913,-61.23767076198166,-0.2562069914769774,10.533409098845055,-0.30694249824025854,28.938876057337488,-0.055020528572734165,-0.03280828077933264,-0.00052764,0.03882118600398985,0.0018549,1,1.0
2081,0.021218228869488737,0.024144246156769557,0.00043068,1.6678666942165532,5.531167055040017,-10.912811477161085,0.5339017083921984,25.775826594799675,0.08613346713151913,-61.98613421805119,-0.2562069914769774,-48.58689237813819,-0.30694249824025854,20.81914104497797,-0.055020528572734165,-0.0700120079391021,-0.00052764,0.07356645138081706,0.0018549,1,1.0
2082,0.1157580964458974,0.0032575888945923018,0.00043068,1.6678666942165532,5.531167055040017,-29.929677531503096,0.5339017083921984,11.220866427976821,0.08613346713151913,-21.456348329676604,-0.2562069914769774,-75.92906098843369,-0.30694249824025854,29.654108764730793,-0.055020528572734165,-0.028860575891057266,-0.00052764,0.028948849411889018,0.0018549,1,1.0
2083,-0.0023263758637164164,0.006026774548232042,0.00043068,1.6678666942165532,5.531167055040017,-29.490700908355812,0.5339017083921984,2.241058089489872,0.08613346713151913,-56.86234945763461,-0.2562069914769774,81.4917033657461,-0.30694249824025854,30.575025665592992,-0.055020528572734165,-0.013531029187361012,-0.00052764,0.0140193440983039,0.0018549,1,1.0
2084,0.03725899114223516,0.024876447794374108,0.00043068,1.6678666942165532,5.531167055040017,-48.46226051638459,0.5339017083921984,6.0258780585464455,0.08613346713151913,-86.24954479012928,-0.2562069914769774,-36.931616795949445,-0.30694249824025854,64.92736358715472,-0.055020528572734165,-0.07269854997970181,-0.00052764,0.06770079421739945,0.0018549,1,1.0
2085,0.013676189056907317,0.01175787677320088,0.00043068,1.6678666942165532,5.531167055040017,-18.20771170417865,0.5339017083921984,15.474379557389604,0.08613346713151913,-53.02245272760594,-0.2562069914769774,-11.285760270044706,-0.30694249824025854,23.329461845380845,-0.055020528572734165,-0.04470610905195634,-0.00052764,0.04155412636302882,0.0018549,1,1.0
2086,0.1800949261212873,0.0025268166213570998,0.00043068,1.6678666942165532,5.531167055040017,-71.81831971939611,0.5339017083921984,12.283265342351191,0.08613346713151913,-68.44932827825981,-0.2562069914769774,-40.07520500685898,-0.30694249824025854,70.6963807567844,-0.055020528572734165,-0.02852255405596358,-0.00052764,0.029318293172576573,0.0018549,1,1.0
2087,-0.002067439333882983,0.007443145061443252,0.00043068,1.6678666942165532,5.531167055040017,-1.4328376282529662,0.5339017083921984,1.257384977397519,0.08613346713151913,-7.21307755255002,-0.2562069914769774,43.10796812292715,-0.30694249824025854,-1.19077376284786,-0.055020528572734165,-0.009585597358005371,-0.00052764,0.015074343565427051,0.0018549,1,1.0
2088,0.15649188963291352,0.002050741549128312,0.00043068,1.6678666942165532,5.531167055040017,-58.88595762565109,0.5339017083921984,11.096480639895034,0.08613346713151913,-52.2678704643967,-0.2562069914769774,-35.464510193817844,-0.30694249824025854,55.98881616531291,-0.055020528572734165,-0.02514594969300661,-0.00052764,0.025056157690136943,0.0018549,1,1.0
2089,0.06363787010545713,0.001958402355515829,0.00043068,1.6678666942165532,5.531167055040017,-29.470803732703498,0.5339017083921984,9.06083931957807,0.08613346713151913,-40.89170449380585,-0.2562069914769774,-9.200061044491013,-0.30694249824025854,30.685878377251846,-0.055020528572734165,-0.02196398041168653,-0.00052764,0.023234337371362806,0.0018549,1,1.0
2090,0.06264629132813458,0.0031051630168121304,0.00043068,1.6678666942165532,5.531167055040017,-34.54929460630655,0.5339017083921984,5.9910413339640805,0.08613346713151913,-42.086417914253424,-0.2562069914769774,6.362041800962951,-0.30694249824025854,34.18837382349164,-0.055020528572734165,-0.015838472224639282,-0.00052764,0.014288910603153751,0.0018549,1,1.0
2091,0.16495888256688196,0.0024195078678546996,0.00043068,1.6678666942165532,5.531167055040017,-74.42865517594247,0.5339017083921984,11.838188338500316,0.08613346713151913,-73.89491421889558,-0.2562069914769774,25.348402798412717,-0.30694249824025854,67.05210482972286,-0.055020528572734165,-0.026348506763138744,-0.00052764,0.02642806942554617,0.0018549,1,1.0
2092,0.19120628453327632,0.0070870039799989775,0.00043068,1.6678666942165532,5.531167055040017,-62.057244685147495,0.5339017083921984,9.778162435579294,0.08613346713151913,-48.196872586584604,-0.2562069914769774,-45.064295750341884,-0.30694249824025854,60.18365616503323,-0.055020528572734165,-0.013877333885577322,-0.00052764,0.02401887209412745,0.0018549,1,1.0
2093,0.061049541806186755,0.0036048019737707215,0.00043068,1.6678666942165532,5.531167055040017,-17.04542796409476,0.5339017083921984,11.860882610079418,0.08613346713151913,-26.081431725975182,-0.2562069914769774,-61.59686455442346,-0.30694249824025854,20.859142601696757,-0.055020528572734165,-0.03216957633135306,-0.00052764,0.032160786010259845,0.0018549,1,1.0
2094,0.05955188309272016,0.0007363888354696788,0.00043068,1.6678666942165532,5.531167055040017,-24.110848208054566,0.5339017083921984,3.524745964739908,0.08613346713151913,-24.245153805947883,-0.2562069914769774,-31.479600001622263,-0.30694249824025854,26.682652158566906,-0.055020528572734165,-0.015941110283918633,-0.00052764,0.01599968345357411,0.0018549,1,1.0
2095,0.008440401518049853,0.014052144922812846,0.00043068,1.6678666942165532,5.531167055040017,-3.3794995024907153,0.5339017083921984,9.320543310801833,0.08613346713151913,-43.290939094465436,-0.2562069914769774,-4.188997176264368,-0.30694249824025854,17.548639592152078,-0.055020528572734165,-0.01901245741631325,-0.00052764,0.04339864495233615,0.0018549,1,1.0
2096,0.04839150517039209,0.008496525085701501,0.00043068,1.6678666942165532,5.531167055040017,-32.29069542336882,0.5339017083921984,14.336876615533944,0.08613346713151913,-70.75675591400083,-0.2562069914769774,-74.02975972166675,-0.30694249824025854,48.20128437196085,-0.055020528572734165,-0.05823605377824614,-0.00052764,0.059027331906714046,0.0018549,1,1.0
2097,0.015567981231590505,0.00505110915013382,0.00043068,1.6678666942165532,5.531167055040017,-20.043448159040327,0.5339017083921984,13.409481083119825,0.08613346713151913,-52.688563435246145,-0.2562069914769774,16.263108454302294,-0.30694249824025854,23.082466148729136,-0.055020528572734165,-0.03598511596882294,-0.00052764,0.0361610422020192,0.0018549,1,1.0
2098,0.06838925103006643,0.0016674549088654075,0.00043068,1.6678666942165532,5.531167055040017,-35.10258499143315,0.5339017083921984,7.9407353767504265,0.08613346713151913,-42.15296803247922,-0.2562069914769774,29.481758323741087,-0.30694249824025854,30.859777425225065,-0.055020528572734165,-0.020948776982190827,-0.00052764,0.020848981760575962,0.0018549,1,1.0
2099,0.07705598502419324,0.0020392472321380415,0.00043068,1.6678666942165532,5.531167055040017,-40.24987651068159,0.5339017083921984,3.875562774601711,0.08613346713151913,-45.6021580383113,-0.2562069914769774,-11.019276424023985,-0.30694249824025854,42.99789664584014,-0.055020528572734165,-0.022351384886533265,-0.00052764,0.022565568907491264,0.0018549,1,1.0
2100,0.23870356069763826,0.022155109973547416,0.00043068,3.5650423254874415,4.237187022381605,-6.00751273271661,0.5339017083921984,6.992599865307875,0.08613346713151913,-41.282053261922556,-0.2562069914769774,-37.501917101776456,-0.30694249824025854,41.3207514788267,-0.055020528572734165,-0.00968269180045047,-0.00052764,0.04165126743844421,0.0018549,1,1.0
2101,0.0037985140468879824,0.013211746559717914,0.00043068,3.5650423254874415,4.237187022381605,-74.28421940267948,0.5339017083921984,1.2844491536261646,0.08613346713151913,-22.086329561869672,-0.2562069914769774,64.32439928682592,-0.30694249824025854,21.511726599133556,-0.055020528572734165,-0.04547136370013351,-0.00052764,0.056214631285667754,0.0018549,1,1.0
2102,-0.0015172649640006197,0.0128168130042615,0.00043068,3.5650423254874415,4.237187022381605,82.50588686343602,0.5339017083921984,7.3061210569001505,0.08613346713151913,-38.746232538384575,-0.2562069914769774,-29.492619788402024,-0.30694249824025854,-3.3007030785246667,-0.055020528572734165,-0.03487363619492025,-0.00052764,0.04673383686694354,0.0018549,1,1.0
2103,0.2637112851717801,0.005760998642268433,0.00043068,3.5650423254874415,4.237187022381605,-32.734372742329754,0.5339017083921984,5.850966506762466,0.08613346713151913,-46.488281394059136,-0.2562069914769774,-39.42720509702869,-0.30694249824025854,58.86791219461826,-0.055020528572734165,-0.032136728363455984,-0.00052764,0.03196938258689579,0.0018549,1,1.0
2104,0.03734097209867454,0.005799166728486736,0.00043068,3.5650423254874415,4.237187022381605,-43.84677765722907,0.5339017083921984,-3.3168030090512937,0.08613346713151913,-14.590103391820875,-0.2562069914769774,38.188198977142,-0.30694249824025854,29.849330394004642,-0.055020528572734165,-0.034102324944752384,-0.00052764,0.03421738648666545,0.0018549,1,1.0
2105,0.04811053356714198,0.011493659064532168,0.00043068,3.5650423254874415,4.237187022381605,-12.745281872045139,0.5339017083921984,0.33315897693334723,0.08613346713151913,-48.09904481675047,-0.2562069914769774,39.120335304748096,-0.30694249824025854,41.19764565350626,-0.055020528572734165,-0.04023854553911108,-0.00052764,0.04704385635693068,0.0018549,1,1.0
2106,0.17702465142310175,0.010471192456065604,0.00043068,3.5650423254874415,4.237187022381605,50.127204396289855,0.5339017083921984,9.100446122614951,0.08613346713151913,-71.72460467143414,-0.2562069914769774,-47.80960798053939,-0.30694249824025854,45.83612311224079,-0.055020528572734165,-0.06697825097232118,-0.00052764,0.0681486834736843,0.0018549,1,1.0
2107,0.22662443664091292,0.009194859325898381,0.00043068,3.5650423254874415,4.237187022381605,-3.268283252590254,0.5339017083921984,6.3939163481497605,0.08613346713151913,-62.72000998120637,-0.2562069914769774,-32.696024859964965,-0.30694249824025854,60.35468904679538,-0.055020528572734165,-0.05122932414166695,-0.00052764,0.05007628131333125,0.0018549,1,1.0
2108,0.04587104260294628,0.005991436470604312,0.00043068,3.5650423254874415,4.237187022381605,26.59661190447857,0.5339017083921984,8.669955987789297,0.08613346713151913,-67.07478267221481,-0.2562069914769774,3.6301715130488876,-0.30694249824025854,28.745583954328787,-0.055020528572734165,-0.047343372665766735,-0.00052764,0.04819137597860942,0.0018549,1,1.0
2109,0.26996669112306665,0.013845399142498375,0.00043068,3.5650423254874415,4.237187022381605,-6.565359807113498,0.5339017083921984,11.732554760333672,0.08613346713151913,-70.3037238300334,-0.2562069914769774,-52.90767396425306,-0.30694249824025854,58.10128143785909,-0.055020528572734165,-0.06231923730493116,-0.00052764,0.0642225210408483,0.0018549,1,1.0
2110,0.00416940848996139,0.0009597774308279677,0.00043068,3.5650423254874415,4.237187022381605,4.908081500830711,0.5339017083921984,2.6488705331966984,0.08613346713151913,-17.589492168598667,-0.2562069914769774,3.3582020225213354,-0.30694249824025854,5.773302402174354,-0.055020528572734165,-0.016044312151127865,-0.00052764,0.016226509139820544,0.0018549,1,1.0
2111,0.2693081882274042,0.012404984536015663,0.00043068,3.5650423254874415,4.237187022381605,-7.631643253204336,0.5339017083921984,10.685990518452174,0.08613346713151913,-58.5993806823246,-0.2562069914769774,-59.93088954506952,-0.30694249824025854,52.536453730413605,-0.055020528572734165,-0.057811634571088184,-0.00052764,0.058677571520097734,0.0018549,1,1.0
2112,0.03838028828592199,0.01855154054741829,0.00043068,3.5650423254874415,4.237187022381605,14.913473672891877,0.5339017083921984,3.475584053601849,0.08613346713151913,-85.83337731214984,-0.2562069914769774,46.61838791036386,-0.30694249824025854,56.11538816580764,-0.055020528572734165,-0.07143843633839986,-0.00052764,0.072070003734958,0.0018549,1,1.0
2113,0.005029451156097986,0.011347819888756168,0.00043068,3.5650423254874415,4.237187022381605,42.161662761208554,0.5339017083921984,8.009285378168356,0.08613346713151913,-32.527262194061315,-0.2562069914769774,-20.678071430525563,-0.30694249824025854,-2.375565545968425,-0.055020528572734165,-0.04921222441912832,-0.00052764,0.05260641358744784,0.0018549,1,1.0
2114,0.014244824238008047,0.004378629307221684,0.00043068,3.5650423254874415,4.237187022381605,51.41609893849487,0.5339017083921984,6.409168942176051,0.08613346713151913,-51.49928150635754,-0.2562069914769774,-8.260486184469814,-0.30694249824025854,15.8330471613889,-0.055020528572734165,-0.043092288302725566,-0.00052764,0.04334336363471832,0.0018549,1,1.0
2115,0.03724800712918791,0.003952080454496098,0.00043068,3.5650423254874415,4.237187022381605,28.917252601859538,0.5339017083921984,2.2391168676386775,0.08613346713151913,-24.198683230229303,-0.2562069914769774,-12.061058102139905,-0.30694249824025854,12.644334210427267,-0.055020528572734165,-0.028758554778095087,-0.00052764,0.03165169886960575,0.0018549,1,1.0
2116,0.13903189524328996,0.0029504360365152963,0.00043068,3.5650423254874415,4.237187022381605,-19.972527142153893,0.5339017083921984,4.374080775550427,0.08613346713151913,-43.531060604101114,-0.2562069914769774,-4.602234079216931,-0.30694249824025854,41.46244380709651,-0.055020528572734165,-0.02183574911536916,-0.00052764,0.024314187397037404,0.0018549,1,1.0
2117,0.09129792594423725,0.024676938041957544,0.00043068,3.5650423254874415,4.237187022381605,7.1642770253143215,0.5339017083921984,-1.2853866834293974,0.08613346713151913,-38.69563580664222,-0.2562069914769774,7.018510418992731,-0.30694249824025854,42.70538254226882,-0.055020528572734165,-0.07874526298829156,-0.00052764,0.07895564873440279,0.0018549,1,1.0
2118,0.01883822004685251,0.02443292358952797,0.00043068,3.5650423254874415,4.237187022381605,30.458202693097338,0.5339017083921984,3.519521590417664,0.08613346713151913,-68.09896729225683,-0.2562069914769774,48.43858772062438,-0.30694249824025854,33.94737944722057,-0.055020528572734165,-0.02158530916135778,-0.00052764,0.05945203471724269,0.0018549,1,1.0
2119,0.18606285635821795,0.009840335401380993,0.00043068,3.5650423254874415,4.237187022381605,-12.612206743858001,0.5339017083921984,9.317459271015098,0.08613346713151913,-81.80922554581481,-0.2562069914769774,-0.7813368787862016,-0.30694249824025854,60.96920216196117,-0.055020528572734165,-0.04141483347294375,-0.00052764,0.0507728362609092,0.0018549,1,1.0
2120,0.0009945740954559468,0.007112401333227153,0.00043068,3.5650423254874415,4.237187022381605,74.80735355771598,0.5339017083921984,7.086045473599156,0.08613346713151913,-39.05209191366948,-0.2562069914769774,-28.090599513131288,-0.30694249824025854,-0.44793636224223565,-0.055020528572734165,-0.038680379886819036,-0.00052764,0.04470252183611444,0.0018549,1,1.0
2121,0.032279640351497885,0.013818308413129391,0.00043068,3.5650423254874415,4.237187022381605,-6.546883034815651,0.5339017083921984,6.8789122915091285,0.08613346713151913,-66.40353204731181,-0.2562069914769774,44.383147072529226,-0.30694249824025854,32.743767372718885,-0.055020528572734165,-0.021725498585591037,-0.00052764,0.0436030618339042,0.0018549,1,1.0
2122,0.04334960029606083,0.0031653045071559577,0.00043068,3.5650423254874415,4.237187022381605,15.229597364461505,0.5339017083921984,5.5194825276108075,0.08613346713151913,-49.8127375170357,-0.2562069914769774,6.426102656405463,-0.30694249824025854,25.357511930753578,-0.055020528572734165,-0.029642802288211118,-0.00052764,0.0319990779051067,0.0018549,1,1.0
2123,0.0750645053847746,0.008353192671680398,0.00043068,3.5650423254874415,4.237187022381605,-24.984482224523287,0.5339017083921984,2.6474429491157085,0.08613346713151913,-42.11051351728928,-0.2562069914769774,30.19779871330202,-0.30694249824025854,35.0981386062965,-0.055020528572734165,0.0007457444423286195,-0.00052764,0.015304377783076478,0.0018549,0,1.0
2124,0.0005943287670923114,0.08112792250233546,0.00043068,3.5650423254874415,4.237187022381605,-27.915339772922547,0.5339017083921984,6.255426835649936,0.08613346713151913,-32.33879856134088,-0.2562069914769774,80.00546650651522,-0.30694249824025854,-0.8881795919610309,-0.055020528572734165,-0.05475950632737234,-0.00052764,0.1511094414499918,0.0018549,1,1.0
2125,0.0026831010781064313,0.03401431535449763,0.00043068,3.5650423254874415,4.237187022381605,53.999551193380555,0.5339017083921984,4.542508441714889,0.08613346713151913,-59.374250149996605,-0.2562069914769774,46.51401216565235,-0.30694249824025854,15.831579609508102,-0.055020528572734165,0.01604906878857792,-0.00052764,0.0536945127021409,0.0018549,0,1.0
2126,0.042845968758281505,0.026825220603867127,0.00043068,3.5650423254874415,4.237187022381605,73.28787021688731,0.5339017083921984,11.917941140552934,0.08613346713151913,-24.64837448722851,-0.2562069914769774,-72.54086953535382,-0.30694249824025854,-16.526736739605692,-0.055020528572734165,-0.08213053025480592,-0.00052764,0.08191106240398548,0.0018549,1,1.0
2127,0.18311687796572693,0.0026991664994780204,0.00043068,3.5650423254874415,4.237187022381605,-55.75643631479593,0.5339017083921984,1.664238539682554,0.08613346713151913,-32.74493085242601,-0.2562069914769774,0.2212867203238973,-0.30694249824025854,51.66912608020421,-0.055020528572734165,-0.01237615266656959,-0.00052764,0.012378647633157871,0.0018549,1,1.0
2128,0.0809334868903258,0.01019676604228362,0.00043068,3.5650423254874415,4.237187022381605,-0.5102999330240843,0.5339017083921984,-1.387156258233711,0.08613346713151913,-15.283458088489963,-0.2562069914769774,-5.4365045417460225,-0.30694249824025854,25.51071567631319,-0.055020528572734165,-0.04658144627956464,-0.00052764,0.04825897974686829,0.0018549,1,1.0
2129,0.11063791080084935,0.001207472362167443,0.00043068,3.5650423254874415,4.237187022381605,-13.759499662175186,0.5339017083921984,1.2367813140282045,0.08613346713151913,-6.3730374786416055,-0.2562069914769774,-24.564202985727295,-0.30694249824025854,18.37947282590329,-0.055020528572734165,-0.00769091248149987,-0.00052764,0.007562274458979453,0.0018549,1,1.0
2130,0.11308570052514239,0.007258515535904482,0.00043068,3.5650423254874415,4.237187022381605,16.378443202073733,0.5339017083921984,3.9683285040280967,0.08613346713151913,-51.41754407720282,-0.2562069914769774,-10.845821960720697,-0.30694249824025854,40.211490011676936,-0.055020528572734165,-0.049299412752975245,-0.00052764,0.04908425345271029,0.0018549,1,1.0
2131,0.38511486782462895,0.021576772477298535,0.00043068,3.5650423254874415,4.237187022381605,-10.752261491071264,0.5339017083921984,12.42041737598253,0.08613346713151913,-86.24354135335504,-0.2562069914769774,-67.19765221297988,-0.30694249824025854,82.67860919109998,-0.055020528572734165,-0.055399407440413224,-0.00052764,0.069108749137818,0.0018549,1,1.0
2132,0.11070355184433933,0.02505161628382185,0.00043068,3.5650423254874415,4.237187022381605,-68.3577584693795,0.5339017083921984,-4.044653128043655,0.08613346713151913,-32.25319059439312,-0.2562069914769774,59.55852831303711,-0.30694249824025854,55.23061594936335,-0.055020528572734165,-0.043123101572558095,-0.00052764,0.06321268101003029,0.0018549,1,1.0
2133,0.030384116730261743,0.0017427794795919745,0.00043068,3.5650423254874415,4.237187022381605,-3.297373045583331,0.5339017083921984,2.924982912472294,0.08613346713151913,-40.09734276290789,-0.2562069914769774,19.24703713641961,-0.30694249824025854,26.016848585904885,-0.055020528572734165,-0.020614148268567733,-0.00052764,0.020124942466627726,0.0018549,1,1.0
2134,0.13858554878208934,0.005385649601015324,0.00043068,3.5650423254874415,4.237187022381605,28.222760885869857,0.5339017083921984,8.478259631238032,0.08613346713151913,-49.50892937219257,-0.2562069914769774,-41.929919740040454,-0.30694249824025854,29.173910571619906,-0.055020528572734165,-0.04734137607002521,-0.00052764,0.047371988681334756,0.0018549,1,1.0
2135,0.057725799514389886,0.012648565292105715,0.00043068,3.5650423254874415,4.237187022381605,21.023947622142575,0.5339017083921984,10.7566856767062,0.08613346713151913,-86.03667425937026,-0.2562069914769774,18.299740223488392,-0.30694249824025854,38.4002133032937,-0.055020528572734165,-0.051670037836893765,-0.00052764,0.060605667305336605,0.0018549,1,1.0
2136,0.19344574395087555,0.006031132719639356,0.00043068,3.5650423254874415,4.237187022381605,23.69204282938454,0.5339017083921984,6.455296645974424,0.08613346713151913,-46.644872389706975,-0.2562069914769774,-52.31613241505047,-0.30694249824025854,40.40429391954124,-0.055020528572734165,-0.0481204825866456,-0.00052764,0.048195862435833,0.0018549,1,1.0
2137,-0.002900417963375479,0.022148087014623532,0.00043068,3.5650423254874415,4.237187022381605,73.65127118122831,0.5339017083921984,4.677955630312049,0.08613346713151913,-27.516461624247302,-0.2562069914769774,-14.274776803619234,-0.30694249824025854,-6.11966472801547,-0.055020528572734165,-0.006022106815005809,-0.00052764,0.03778575108001954,0.0018549,1,1.0
2138,0.34218585375883326,0.009250421407149913,0.00043068,3.5650423254874415,4.237187022381605,-69.35039444590156,0.5339017083921984,5.8536793608556135,0.08613346713151913,-44.03820778907136,-0.2562069914769774,-44.441560239904554,-0.30694249824025854,72.59414685577137,-0.055020528572734165,-0.028458725251551055,-0.00052764,0.028564506549013498,0.0018549,1,1.0
2139,0.05504399713565872,0.004091548773723533,0.00043068,3.5650423254874415,4.237187022381605,15.89949297762904,0.5339017083921984,5.598022406203572,0.08613346713151913,-28.18575686367055,-0.2562069914769774,-18.061473717417137,-0.30694249824025854,11.207781264377664,-0.055020528572734165,-0.031851009341825116,-0.00052764,0.03330239800788307,0.0018549,1,1.0
2140,0.19421507094674983,0.06684622172296173,0.00043068,3.5650423254874415,4.237187022381605,-16.718044617171824,0.5339017083921984,15.23988597504394,0.08613346713151913,-82.25313521933735,-0.2562069914769774,3.156701418968168,-0.30694249824025854,42.78233993077026,-0.055020528572734165,-0.0785245698736881,-0.00052764,0.12819277966223436,0.0018549,1,1.0
2141,0.020339902918580892,0.002683824505750969,0.00043068,3.5650423254874415,4.237187022381605,37.90399212327134,0.5339017083921984,1.0421998074941075,0.08613346713151913,-6.210263977077886,-0.2562069914769774,-25.547689422351368,-0.30694249824025854,-0.5142425976348799,-0.055020528572734165,-0.026695683171833125,-0.00052764,0.02786653260673527,0.0018549,1,1.0
2142,0.06768986771864612,0.0015522273625832638,0.00043068,3.5650423254874415,4.237187022381605,-40.53109783286288,0.5339017083921984,-0.5169055249751895,0.08613346713151913,-23.50978554617797,-0.2562069914769774,25.783352666830954,-0.30694249824025854,32.825143229443526,-0.055020528572734165,-0.0147011342577613,-0.00052764,0.014673455627658902,0.0018549,1,1.0
2143,0.14935841828593036,0.0027724073753997627,0.00043068,3.5650423254874415,4.237187022381605,-12.469401127821286,0.5339017083921984,5.414854165032156,0.08613346713151913,-43.17369106843225,-0.2562069914769774,-16.895311079635615,-0.30694249824025854,39.182496572307564,-0.055020528572734165,-0.028320090817730362,-0.00052764,0.029047113414640294,0.0018549,1,1.0
2144,0.13729553592438523,0.003089104279895465,0.00043068,3.5650423254874415,4.237187022381605,-48.41003503733245,0.5339017083921984,3.5255150917912226,0.08613346713151913,-28.307013869040308,-0.2562069914769774,0.074143610741995,-0.30694249824025854,36.45616343820812,-0.055020528572734165,-0.025159370024474107,-0.00052764,0.02519486667666024,0.0018549,1,1.0
2145,0.16147896609937362,0.047025307622227994,0.00043068,3.5650423254874415,4.237187022381605,18.46606409460542,0.5339017083921984,17.448260930089212,0.08613346713151913,-84.28031123736581,-0.2562069914769774,-39.67720667264166,-0.30694249824025854,35.35593156151266,-0.055020528572734165,-0.11305869160171374,-0.00052764,0.11503448407145962,0.0018549,1,1.0
2146,0.012901599019595422,0.0028650522978648646,0.00043068,3.5650423254874415,4.237187022381605,-27.945475547318438,0.5339017083921984,3.0912702017532507,0.08613346713151913,-29.1721130733692,-0.2562069914769774,28.752509838362737,-0.30694249824025854,18.51591885049944,-0.055020528572734165,-0.02739077816149305,-0.00052764,0.0271704079937256,0.0018549,1,1.0
2147,0.15844988221185832,0.010070069414026502,0.00043068,3.5650423254874415,4.237187022381605,-17.547229287641972,0.5339017083921984,4.9362805550981586,0.08613346713151913,-70.74380459105764,-0.2562069914769774,8.085822121782991,-0.30694249824025854,62.56949054196451,-0.055020528572734165,-0.04785501673152537,-0.00052764,0.04535305567502068,0.0018549,1,1.0
2148,0.008440935839582775,0.004177770531203086,0.00043068,3.5650423254874415,4.237187022381605,10.214437494906887,0.5339017083921984,4.59566612971003,0.08613346713151913,-31.091598583488633,-0.2562069914769774,6.897674311263408,-0.30694249824025854,9.958651571090707,-0.055020528572734165,-0.024758063206277138,-0.00052764,0.028448939504624134,0.0018549,1,1.0
2149,0.018026729861116975,0.009731801390408223,0.00043068,3.5650423254874415,4.237187022381605,12.71955440768703,0.5339017083921984,4.501993556821259,0.08613346713151913,-53.52409124729479,-0.2562069914769774,31.315318534999687,-0.30694249824025854,25.57987803788168,-0.055020528572734165,-0.011147105161401653,-0.00052764,0.029138857002169304,0.0018549,1,1.0
2150,0.0007315426751461906,0.030240272664309724,0.00043068,3.5650423254874415,4.237187022381605,5.293171228190983,0.5339017083921984,8.591351187285168,0.08613346713151913,-46.45361470676834,-0.2562069914769774,25.875974798669994,-0.30694249824025854,7.603293675963094,-0.055020528572734165,-0.05414132949973918,-0.00052764,0.08017728085290535,0.0018549,1,1.0
2151,0.03739690967342901,0.008519419155619117,0.00043068,3.5650423254874415,4.237187022381605,65.18143090561277,0.5339017083921984,9.365501628580082,0.08613346713151913,-60.13149207284818,-0.2562069914769774,-23.14026165508789,-0.30694249824025854,15.37857216985274,-0.055020528572734165,-0.05128765093741392,-0.00052764,0.05522562274725699,0.0018549,1,1.0
2152,0.0003375820180380462,0.009648541821392787,0.00043068,3.5650423254874415,4.237187022381605,-50.111679707474465,0.5339017083921984,0.6412313655244605,0.08613346713151913,-21.59137083664013,-0.2562069914769774,55.26076949860842,-0.30694249824025854,18.66223956559989,-0.055020528572734165,-0.021736432313411352,-0.00052764,0.03664526457891101,0.0018549,1,1.0
2153,0.0005409132548196555,0.004491510250362161,0.00043068,3.5650423254874415,4.237187022381605,13.540113330754822,0.5339017083921984,2.533728000804633,0.08613346713151913,-39.39374734273631,-0.2562069914769774,22.682139465641065,-0.30694249824025854,19.49266070337791,-0.055020528572734165,-0.020827994907767395,-0.00052764,0.02631794323965352,0.0018549,1,1.0
2154,0.1732180176225488,0.003576161913034885,0.00043068,3.5650423254874415,4.237187022381605,5.018534939868503,0.5339017083921984,1.6319131215037654,0.08613346713151913,-0.589242592400137,-0.2562069914769774,-61.39463973738106,-0.30694249824025854,19.29044996019231,-0.055020528572734165,-0.02225010531733118,-0.00052764,0.022338522885360236,0.0018549,1,1.0
2155,0.06365434172834306,0.05177956990819077,0.00043068,3.5650423254874415,4.237187022381605,-13.492447309931059,0.5339017083921984,3.378890447908861,0.08613346713151913,-30.320551647346132,-0.2562069914769774,56.43199861828339,-0.30694249824025854,12.459586589906092,-0.055020528572734165,-0.004864836723182643,-0.00052764,0.09580576343525449,0.0018549,1,1.0
2156,0.050818073409492126,0.012087255450377138,0.00043068,3.5650423254874415,4.237187022381605,34.66248491525216,0.5339017083921984,7.817879815452524,0.08613346713151913,-26.184176011546736,-0.2562069914769774,-34.54766520867539,-0.30694249824025854,0.5591352572967816,-0.055020528572734165,-0.04736059146691638,-0.00052764,0.05270362156790701,0.0018549,1,1.0
2157,0.07974662058535581,0.0026949936664482305,0.00043068,3.5650423254874415,4.237187022381605,-24.0220415147313,0.5339017083921984,2.441409736818426,0.08613346713151913,-50.93890032820371,-0.2562069914769774,28.05997486661746,-0.30694249824025854,44.41170847816235,-0.055020528572734165,-0.026185973964843377,-0.00052764,0.02668384984603173,0.0018549,1,1.0
2158,0.011067813097206836,0.01814528988744557,0.00043068,3.5650423254874415,4.237187022381605,37.62011637690467,0.5339017083921984,10.71442199433611,0.08613346713151913,-54.285862103984,-0.2562069914769774,-9.420969593894467,-0.30694249824025854,7.889703308138193,-0.055020528572734165,-0.06728539932176933,-0.00052764,0.06969291918304968,0.0018549,1,1.0
2159,0.20247337504290017,0.019130529375766557,0.00043068,3.5650423254874415,4.237187022381605,18.615559262630576,0.5339017083921984,2.516235031416933,0.08613346713151913,-42.7925248678794,-0.2562069914769774,-41.96162376933435,-0.30694249824025854,49.446276302162275,-0.055020528572734165,-0.0703554262561949,-0.00052764,0.07202293933741236,0.0018549,1,1.0
2160,0.14646566733246588,0.01110991789274913,0.00043068,3.5650423254874415,4.237187022381605,-29.053689548154086,0.5339017083921984,6.362478283859185,0.08613346713151913,-24.192573817474617,-0.2562069914769774,-27.119574071134835,-0.30694249824025854,24.951543027441748,-0.055020528572734165,-0.05112164235360106,-0.00052764,0.051041692911174136,0.0018549,1,1.0
2161,0.036200539960993317,0.006139460609009554,0.00043068,3.5650423254874415,4.237187022381605,54.82290810660609,0.5339017083921984,7.973958704987863,0.08613346713151913,-38.27007905453445,-0.2562069914769774,-34.49514308719752,-0.30694249824025854,4.916170918471661,-0.055020528572734165,-0.04597363202043503,-0.00052764,0.04569857952916531,0.0018549,1,1.0
2162,0.09044722846363015,0.00172507421311911,0.00043068,3.5650423254874415,4.237187022381605,3.7187697445311367,0.5339017083921984,3.129824367068289,0.08613346713151913,-31.237797326288586,-0.2562069914769774,-11.795184879924335,-0.30694249824025854,26.326417349237076,-0.055020528572734165,-0.024620070261505714,-0.00052764,0.024893975020436693,0.0018549,1,1.0
2163,0.22144029441636143,0.011345708654727314,0.00043068,3.5650423254874415,4.237187022381605,-9.359415910518013,0.5339017083921984,3.711394676462768,0.08613346713151913,-52.33441901193474,-0.2562069914769774,-27.79474814955161,-0.30694249824025854,59.74487507404122,-0.055020528572734165,-0.054147018447311304,-0.00052764,0.05383633961178262,0.0018549,1,1.0
2164,0.16529268156512578,0.0044726535854509725,0.00043068,3.5650423254874415,4.237187022381605,-15.37367831237647,0.5339017083921984,2.2325755260245206,0.08613346713151913,-30.57937644167949,-0.2562069914769774,-21.41752894524959,-0.30694249824025854,40.87460735275553,-0.055020528572734165,-0.03001745514509358,-0.00052764,0.030499472846027116,0.0018549,1,1.0
2165,0.04955904868261174,0.012933097169652423,0.00043068,3.5650423254874415,4.237187022381605,84.36767159214202,0.5339017083921984,9.23083382377819,0.08613346713151913,-79.22830247408966,-0.2562069914769774,-21.794572428421194,-0.30694249824025854,28.956586474702746,-0.055020528572734165,-0.0728350463616505,-0.00052764,0.07415344090525061,0.0018549,1,1.0
2166,0.08061689613995787,0.007114428572318107,0.00043068,3.5650423254874415,4.237187022381605,49.20935200513746,0.5339017083921984,5.222184462925542,0.08613346713151913,-41.79082127936304,-0.2562069914769774,-33.32611166251546,-0.30694249824025854,21.434735247738637,-0.055020528572734165,-0.049508769040775294,-0.00052764,0.04839686941276915,0.0018549,1,1.0
2167,0.10223628913250699,0.01862495294645616,0.00043068,3.5650423254874415,4.237187022381605,82.42139141040583,0.5339017083921984,10.202915853727824,0.08613346713151913,-86.15358404056825,-0.2562069914769774,-26.134154194579185,-0.30694249824025854,37.246074395912544,-0.055020528572734165,-0.06505127590707067,-0.00052764,0.07995582958958754,0.0018549,1,1.0
2168,0.10577028058879079,0.007793795621411428,0.00043068,3.5650423254874415,4.237187022381605,-22.82789841758608,0.5339017083921984,4.797556981521934,0.08613346713151913,-21.079918430683364,-0.2562069914769774,-13.810502312176629,-0.30694249824025854,19.89115221773146,-0.055020528572734165,-0.03603195730929076,-0.00052764,0.03961048417922919,0.0018549,1,1.0
2169,0.14783350198635692,0.011247357336563424,0.00043068,3.5650423254874415,4.237187022381605,53.09440748584867,0.5339017083921984,10.932838607708158,0.08613346713151913,-55.148934194170174,-0.2562069914769774,-59.78025533201743,-0.30694249824025854,24.4308334627249,-0.055020528572734165,-0.05773094879866292,-0.00052764,0.061991672599624126,0.0018549,1,1.0
2170,0.07196474835542349,0.008461557227574065,0.00043068,3.5650423254874415,4.237187022381605,-34.475811976150936,0.5339017083921984,4.748500556779184,0.08613346713151913,-25.90319806841299,-0.2562069914769774,5.660660169654984,-0.30694249824025854,20.898691249376515,-0.055020528572734165,-0.04501309540550009,-0.00052764,0.04439268694592475,0.0018549,1,1.0
2171,0.35179062204516676,0.015479126121341344,0.00043068,3.5650423254874415,4.237187022381605,-45.82912668714524,0.5339017083921984,2.584662564197458,0.08613346713151913,-20.46614551393885,-0.2562069914769774,-73.39884136110304,-0.30694249824025854,62.549315236905784,-0.055020528572734165,-0.03320627043798562,-0.00052764,0.030913386043512008,0.0018549,1,1.0
2172,0.008401691574457915,0.020873280605755017,0.00043068,3.5650423254874415,4.237187022381605,63.73739530173235,0.5339017083921984,10.45872400370827,0.08613346713151913,-62.813453095387075,-0.2562069914769774,-2.1696806261322354,-0.30694249824025854,8.072294623617415,-0.055020528572734165,-0.03877256747561298,-0.00052764,0.06425692151948453,0.0018549,1,1.0
2173,0.01977781806269019,0.002195693780835491,0.00043068,3.5650423254874415,4.237187022381605,12.781867365245096,0.5339017083921984,3.394585301686236,0.08613346713151913,-44.1521504744245,-0.2562069914769774,15.633949421168605,-0.30694249824025854,24.105507658965074,-0.055020528572734165,-0.028420997446492267,-0.00052764,0.0285198080710494,0.0018549,1,1.0
2174,0.009749039003721816,0.022169983451058167,0.00043068,3.5650423254874415,4.237187022381605,21.724301716458566,0.5339017083921984,7.02518156391411,0.08613346713151913,-62.55471031648834,-0.2562069914769774,41.991291864529245,-0.30694249824025854,20.40670154368027,-0.055020528572734165,-0.006126149444501558,-0.00052764,0.04761357949239704,0.0018549,1,1.0
2175,-0.0009288058776522057,0.010923489544087209,0.00043068,3.5650423254874415,4.237187022381605,33.49790349352295,0.5339017083921984,8.566403467825662,0.08613346713151913,-65.13470405063035,-0.2562069914769774,15.451519762483109,-0.30694249824025854,19.70425669571987,-0.055020528572734165,-0.04316070231350775,-0.00052764,0.04888313153183275,0.0018549,1,1.0
2176,0.05076338763629712,0.01218153984517744,0.00043068,3.5650423254874415,4.237187022381605,27.996559212555375,0.5339017083921984,10.245300082264535,0.08613346713151913,-61.62151559349921,-0.2562069914769774,-9.616742815634327,-0.30694249824025854,21.440874978482142,-0.055020528572734165,-0.060684114313143474,-0.00052764,0.06007460712939939,0.0018549,1,1.0
2177,0.07745622826989709,0.003476117664458803,0.00043068,3.5650423254874415,4.237187022381605,1.0757449342134497,0.5339017083921984,4.401764601860055,0.08613346713151913,-19.22531251992342,-0.2562069914769774,-21.733480587799978,-0.30694249824025854,13.073437038398808,-0.055020528572734165,-0.027664427028554643,-0.00052764,0.027156360954261792,0.0018549,1,1.0
2178,0.09540549648315275,0.009225514095375083,0.00043068,3.5650423254874415,4.237187022381605,39.45520333749352,0.5339017083921984,4.902419465211357,0.08613346713151913,-54.7115292472302,-0.2562069914769774,-18.060181384794678,-0.30694249824025854,34.56893255929561,-0.055020528572734165,-0.05630462187790896,-0.00052764,0.057555374582721495,0.0018549,1,1.0
2179,0.11536552685931489,0.006168351500491309,0.00043068,3.5650423254874415,4.237187022381605,0.13930506923448963,0.5339017083921984,6.560666679048917,0.08613346713151913,-30.953648455843513,-0.2562069914769774,-29.168157105660093,-0.30694249824025854,21.267292038724,-0.055020528572734165,-0.04027559923293112,-0.00052764,0.039957631385009414,0.0018549,1,1.0
2180,0.1194256575910384,0.007039358603525665,0.00043068,3.5650423254874415,4.237187022381605,-81.31677584234684,0.5339017083921984,3.5738853386734473,0.08613346713151913,-37.53287365432846,-0.2562069914769774,33.989952148502184,-0.30694249824025854,44.63820348716834,-0.055020528572734165,-0.04037511645595777,-0.00052764,0.04195087197354374,0.0018549,1,1.0
2181,0.20046266221574838,0.02823112061466559,0.00043068,3.5650423254874415,4.237187022381605,-20.804241387873663,0.5339017083921984,9.700065827907965,0.08613346713151913,-40.73499310833054,-0.2562069914769774,-48.63145287140124,-0.30694249824025854,35.51331851811718,-0.055020528572734165,-0.07070212349700616,-0.00052764,0.06329476134346368,0.0018549,1,1.0
2182,0.22373640841420128,0.03168695538128395,0.00043068,3.5650423254874415,4.237187022381605,-6.6201428355330325,0.5339017083921984,9.071933227363262,0.08613346713151913,-34.43747335699615,-0.2562069914769774,-45.64693543808315,-0.30694249824025854,29.11934733778576,-0.055020528572734165,-0.03912897584770443,-0.00052764,0.07081313627897874,0.0018549,1,1.0
2183,0.17791063432041043,0.006437148459283726,0.00043068,3.5650423254874415,4.237187022381605,-20.0304335448637,0.5339017083921984,6.379330277076357,0.08613346713151913,-83.08534239743794,-0.2562069914769774,11.455421276201005,-0.30694249824025854,70.43845296313634,-0.055020528572734165,-0.048912471116964895,-0.00052764,0.04887599260869194,0.0018549,1,1.0
2184,0.040389116184418816,0.0025531464308788453,0.00043068,3.5650423254874415,4.237187022381605,-59.11079138093171,0.5339017083921984,4.8524306028113555,0.08613346713151913,-67.83153832147809,-0.2562069914769774,68.0988334965053,-0.30694249824025854,49.63665493289098,-0.055020528572734165,-0.03053670991343094,-0.00052764,0.0305816136687212,0.0018549,1,1.0
2185,0.07721676432758742,0.006161019148969657,0.00043068,3.5650423254874415,4.237187022381605,4.466001848021759,0.5339017083921984,6.687155886555258,0.08613346713151913,-48.88297564466527,-0.2562069914769774,-0.5228985537019384,-0.30694249824025854,27.323235134457263,-0.055020528572734165,-0.032185706316374574,-0.00052764,0.03788967120521061,0.0018549,1,1.0
2186,0.23607852384788228,0.008211785030511997,0.00043068,3.5650423254874415,4.237187022381605,-24.705460679837927,0.5339017083921984,3.9079399846594076,0.08613346713151913,-51.964004842253985,-0.2562069914769774,-24.075729983066328,-0.30694249824025854,62.927182689373595,-0.055020528572734165,-0.043660089447267236,-0.00052764,0.04380583313509913,0.0018549,1,1.0
2187,0.0035127866311982503,0.01225374845438039,0.00043068,3.5650423254874415,4.237187022381605,30.605301599696624,0.5339017083921984,7.535694247662277,0.08613346713151913,-52.66793658795526,-0.2562069914769774,13.173091362972869,-0.30694249824025854,13.18687252068657,-0.055020528572734165,-0.030871377618376737,-0.00052764,0.04613019471415094,0.0018549,1,1.0
2188,0.214586112251887,0.01103126439748133,0.00043068,3.5650423254874415,4.237187022381605,31.013635676292136,0.5339017083921984,10.629928364373782,0.08613346713151913,-65.52433249207432,-0.2562069914769774,-56.39934065677236,-0.30694249824025854,44.5456258156536,-0.055020528572734165,-0.05504296018720979,-0.00052764,0.06061079210744215,0.0018549,1,1.0
2189,0.16865718373014582,0.01863739984053773,0.00043068,3.5650423254874415,4.237187022381605,42.435577677940245,0.5339017083921984,7.612016740541363,0.08613346713151913,-63.78301196989979,-0.2562069914769774,-47.0265525122316,-0.30694249824025854,44.644495919534094,-0.055020528572734165,-0.06941327860189705,-0.00052764,0.06369413337141627,0.0018549,1,1.0
2190,0.0623144516498112,0.006053636443197924,0.00043068,3.5650423254874415,4.237187022381605,51.81274842467688,0.5339017083921984,7.1982457261132655,0.08613346713151913,-36.90872771911545,-0.2562069914769774,-40.140909209512984,-0.30694249824025854,10.022991710766783,-0.055020528572734165,-0.04343590379465365,-0.00052764,0.04213450762471616,0.0018549,1,1.0
2191,0.09343683565623923,0.008911072682538716,0.00043068,3.5650423254874415,4.237187022381605,-20.116403724834655,0.5339017083921984,7.277875685842891,0.08613346713151913,-61.61533592989954,-0.2562069914769774,20.254411219743652,-0.30694249824025854,40.0293142551514,-0.055020528572734165,-0.03486333414183288,-0.00052764,0.04365020048218186,0.0018549,1,1.0
2192,0.10562567936543579,0.006041983956444034,0.00043068,3.5650423254874415,4.237187022381605,40.34691736849781,0.5339017083921984,5.276266516209799,0.08613346713151913,-44.328204306064414,-0.2562069914769774,-32.304289411606725,-0.30694249824025854,27.389466871542112,-0.055020528572734165,-0.04689725889869514,-0.00052764,0.04835916851967301,0.0018549,1,1.0
2193,0.18098170674099198,0.005542565375826338,0.00043068,3.5650423254874415,4.237187022381605,-13.112044779111361,0.5339017083921984,6.027480870065007,0.08613346713151913,-64.34148009619287,-0.2562069914769774,-9.846646490224575,-0.30694249824025854,57.44168288932441,-0.055020528572734165,-0.041731822130605466,-0.00052764,0.04103993909593689,0.0018549,1,1.0
2194,0.01677863600764079,0.007498042780372413,0.00043068,3.5650423254874415,4.237187022381605,49.83631069707138,0.5339017083921984,7.994223159387832,0.08613346713151913,-74.24419598826044,-0.2562069914769774,7.030290809676464,-0.30694249824025854,28.78599054239459,-0.055020528572734165,-0.05387602103656348,-0.00052764,0.05339315730137057,0.0018549,1,1.0
2195,0.08040438243733108,0.005913464040867077,0.00043068,3.5650423254874415,4.237187022381605,18.002477159783556,0.5339017083921984,2.6824500434914405,0.08613346713151913,-37.82117123968718,-0.2562069914769774,-8.695314833613011,-0.30694249824025854,28.78110241873561,-0.055020528572734165,-0.039652392663857575,-0.00052764,0.04149483432303218,0.0018549,1,1.0
2196,0.03794310549088653,0.003692147825741561,0.00043068,3.5650423254874415,4.237187022381605,64.8886949932905,0.5339017083921984,6.462779431427312,0.08613346713151913,-28.234782355312053,-0.2562069914769774,-44.76526907311924,-0.30694249824025854,0.40784773487384374,-0.055020528572734165,-0.039484425845735,-0.00052764,0.03990032591981757,0.0018549,1,1.0
2197,0.0005594513127926692,0.10163246406348916,0.00043068,3.5650423254874415,4.237187022381605,52.77617102189858,0.5339017083921984,14.785200122006382,0.08613346713151913,-19.27142622814338,-0.2562069914769774,-71.71270606349412,-0.30694249824025854,-28.687446568313185,-0.055020528572734165,-0.14285020787243838,-0.00052764,0.12487348818323937,0.0018549,1,1.0
2198,0.24752199855704715,0.014939198770824455,0.00043068,3.5650423254874415,4.237187022381605,50.25571595000933,0.5339017083921984,7.957401778443211,0.08613346713151913,-59.85714372567764,-0.2562069914769774,-76.98828670742196,-0.30694249824025854,49.89115534200402,-0.055020528572734165,-0.0737217101625196,-0.00052764,0.07466001521431265,0.0018549,1,1.0
2199,0.04159629309643337,0.004389569458476194,0.00043068,3.5650423254874415,4.237187022381605,13.036788009997826,0.5339017083921984,3.1100704578857474,0.08613346713151913,-46.32291696596622,-0.2562069914769774,12.560666004766844,-0.30694249824025854,29.14924517633894,-0.055020528572734165,-0.03393137078236777,-0.00052764,0.035693770750527626,0.0018549,1,1.0
2200,0.3076495006406752,0.056010197696977654,0.00043068,4.315939991898444,2.5855106271620985,51.89713287450804,0.5339017083921984,4.253089769828999,0.08613346713151913,-20.036600229014027,-0.2562069914769774,-20.31938471094805,-0.30694249824025854,3.6593329906337875,-0.055020528572734165,-0.10586732225201809,-0.00052764,0.1156007871299238,0.0018549,1,1.0
2201,0.09432228987929414,0.09468156500817657,0.00043068,4.315939991898444,2.5855106271620985,57.56623285610966,0.5339017083921984,6.356716460247222,0.08613346713151913,-55.06120668767646,-0.2562069914769774,3.887710505545536,-0.30694249824025854,18.623674285708866,-0.055020528572734165,-0.18464158093044789,-0.00052764,0.1690455036671473,0.0018549,1,1.0
2202,0.009375890825445543,0.10684958681725779,0.00043068,4.315939991898444,2.5855106271620985,52.71026303810193,0.5339017083921984,6.458815840856709,0.08613346713151913,-67.70614581141488,-0.2562069914769774,21.525571314767365,-0.30694249824025854,25.134614116180895,-0.055020528572734165,-0.03977402177044491,-0.00052764,0.20703173993034824,0.0018549,1,1.0
2203,0.020530714088237506,0.1732576646178774,0.00043068,4.315939991898444,2.5855106271620985,39.99726210896083,0.5339017083921984,-0.5475271374002559,0.08613346713151913,-4.355421548280642,-0.2562069914769774,2.158221539572252,-0.30694249824025854,-3.9131086614427684,-0.055020528572734165,-0.058579026205390586,-0.00052764,0.28893942064715555,0.0018549,1,1.0
2204,-0.1403974036269322,1.0105738418288088,0.00043068,4.315939991898444,2.5855106271620985,-41.11526081736669,0.5339017083921984,1.497097866081127,0.08613346713151913,-66.29186739547515,-0.2562069914769774,92.38568379366683,-0.30694249824025854,40.308228166803374,-0.055020528572734165,0.011877047152545228,-0.00052764,1.3461228234293174,0.0018549,0,1.0
2205,0.015127538157866854,0.22152634428279167,0.00043068,4.315939991898444,2.5855106271620985,-80.8487620896459,0.5339017083921984,0.9815931632284938,0.08613346713151913,-55.664784669060545,-0.2562069914769774,49.09922621687803,-0.30694249824025854,66.45070960299019,-0.055020528572734165,-0.10975316519024556,-0.00052764,0.008507010788887853,0.0018549,1,1.0
2206,0.16255134432221618,0.2172991814453939,0.00043068,4.315939991898444,2.5855106271620985,62.52299976838514,0.5339017083921984,9.385365161340408,0.08613346713151913,-81.18752413619306,-0.2562069914769774,12.19218980104992,-0.30694249824025854,31.380552625387477,-0.055020528572734165,-0.22813530424064016,-0.00052764,0.3098119944952055,0.0018549,1,1.0
2207,1.0039578762676034,0.35843257290213903,0.00043068,4.315939991898444,2.5855106271620985,-63.19928991599998,0.5339017083921984,2.4790063712693278,0.08613346713151913,-29.31595795262761,-0.2562069914769774,-6.025398666516121,-0.30694249824025854,68.40214181536128,-0.055020528572734165,0.013488804176087235,-0.00052764,0.1705084734556631,0.0018549,0,1.0
2208,0.03611144112009554,0.01251055063859431,0.00043068,4.315939991898444,2.5855106271620985,-65.03222135854537,0.5339017083921984,0.44446365236522295,0.08613346713151913,-29.2393990282177,-0.2562069914769774,31.066396266182725,-0.30694249824025854,40.04909129886709,-0.055020528572734165,-0.06567443535365411,-0.00052764,0.0691390818984875,0.0018549,1,1.0
2209,1.3172745305546334,2.1334661734788223,0.00043068,4.315939991898444,2.5855106271620985,59.27730074626158,0.5339017083921984,16.30058917639646,0.08613346713151913,-57.63019867561748,-0.2562069914769774,-63.53794154821009,-0.30694249824025854,26.984120783608198,-0.055020528572734165,-0.641092792099165,-0.00052764,0.8506711243886166,0.0018549,1,1.0
2210,0.24348447830359282,0.9409970093927422,0.00043068,4.315939991898444,2.5855106271620985,-38.92847678454287,0.5339017083921984,0.5293694936222951,0.08613346713151913,-8.725809384446764,-0.2562069914769774,33.55779046425092,-0.30694249824025854,8.643445385983554,-0.055020528572734165,-0.055040510720093416,-0.00052764,1.1621728430830607,0.0018549,1,1.0
2211,0.2429963322137203,0.45288436678752636,0.00043068,4.315939991898444,2.5855106271620985,35.70516318695804,0.5339017083921984,3.510693272809006,0.08613346713151913,-21.48832535480586,-0.2562069914769774,7.743448167880521,-0.30694249824025854,-0.9451246241506684,-0.055020528572734165,0.029997911619543183,-0.00052764,0.6838396440445111,0.0018549,0,1.0
2212,-0.16480101481261689,0.4582033326010052,0.00043068,4.315939991898444,2.5855106271620985,-90.5612071060355,0.5339017083921984,2.6767529451952905,0.08613346713151913,-69.30015222535327,-0.2562069914769774,65.88839202637675,-0.30694249824025854,65.11492967822703,-0.055020528572734165,-0.1632350853596484,-0.00052764,0.20130841424551074,0.0018549,1,1.0
2213,-0.005063495368873294,1.094913265553546,0.00043068,4.315939991898444,2.5855106271620985,39.687432003581876,0.5339017083921984,6.731350066878178,0.08613346713151913,-59.572122224921685,-0.2562069914769774,55.223901333358114,-0.30694249824025854,-0.15767255115584047,-0.055020528572734165,-0.007897563592506374,-0.00052764,1.5379814675364294,0.0018549,1,1.0
2214,0.3995774988446986,0.31769115044103297,0.00043068,4.315939991898444,2.5855106271620985,41.5776492201316,0.5339017083921984,4.731185942309631,0.08613346713151913,-29.05984138694018,-0.2562069914769774,-4.678278020549135,-0.30694249824025854,9.977454550115102,-0.055020528572734165,0.036826155027812196,-0.00052764,0.4157814330197287,0.0018549,0,1.0
2215,-0.01938114771377142,0.22597358741301687,0.00043068,4.315939991898444,2.5855106271620985,35.474881424752006,0.5339017083921984,2.86321627479186,0.08613346713151913,-76.12589083032371,-0.2562069914769774,38.90240731391527,-0.30694249824025854,51.896811252761324,-0.055020528572734165,-0.226362214836922,-0.00052764,0.24814561967529228,0.0018549,1,1.0
2216,0.2531797106453493,0.10168922265675837,0.00043068,4.315939991898444,2.5855106271620985,8.148533638419153,0.5339017083921984,4.360197435097844,0.08613346713151913,-28.23482018833373,-0.2562069914769774,-3.9800670912205023,-0.30694249824025854,17.36939209758938,-0.055020528572734165,-0.17359406011441272,-0.00052764,0.18638001207409075,0.0018549,1,1.0
2217,0.1140784321829802,0.6666945678622368,0.00043068,4.315939991898444,2.5855106271620985,59.750712196451865,0.5339017083921984,5.921510503086743,0.08613346713151913,-57.26934004858228,-0.2562069914769774,40.5828216646343,-0.30694249824025854,5.35371006711937,-0.055020528572734165,0.07374624823766718,-0.00052764,1.1969443895513536,0.0018549,0,1.0
2218,0.671092658207433,0.6229273228490794,0.00043068,4.315939991898444,2.5855106271620985,-2.0746261986808507,0.5339017083921984,9.234497547283125,0.08613346713151913,-57.89899441418283,-0.2562069914769774,-7.598089798037441,-0.30694249824025854,42.71616106933731,-0.055020528572734165,-0.34052030268431677,-0.00052764,0.48576176980913066,0.0018549,1,1.0
2219,-0.04070661447935925,0.48047410743275215,0.00043068,4.315939991898444,2.5855106271620985,60.278043163894075,0.5339017083921984,1.71971906523867,0.08613346713151913,-49.89909216887013,-0.2562069914769774,43.42023832965956,-0.30694249824025854,14.229206749346021,-0.055020528572734165,0.07016636398039794,-0.00052764,0.8221855302547203,0.0018549,0,1.0
2220,0.19508417935331818,0.39818757282910594,0.00043068,4.315939991898444,2.5855106271620985,31.435666695126937,0.5339017083921984,-1.9931771974872374,0.08613346713151913,-10.250767829407923,-0.2562069914769774,-0.980117184043146,-0.30694249824025854,19.794120951074543,-0.055020528572734165,-0.37194593867304626,-0.00052764,0.3458838109405338,0.0018549,1,1.0
2221,-0.04256705751224786,0.6810328048244756,0.00043068,4.315939991898444,2.5855106271620985,39.85513941446543,0.5339017083921984,0.0448203219425706,0.08613346713151913,-37.742333316069285,-0.2562069914769774,14.886421407533582,-0.30694249824025854,28.19303508360523,-0.055020528572734165,-0.4373739808613198,-0.00052764,0.2540171828803956,0.0018549,1,1.0
2222,0.6435398852746079,0.6140312167873584,0.00043068,4.315939991898444,2.5855106271620985,15.675370401645555,0.5339017083921984,0.5817405347081842,0.08613346713151913,-30.120207629076294,-0.2562069914769774,-12.40269944865229,-0.30694249824025854,51.54753760900623,-0.055020528572734165,-0.4370671977663355,-0.00052764,0.25338075966311957,0.0018549,1,1.0
2223,0.2685019373477706,0.07613251734014125,0.00043068,4.315939991898444,2.5855106271620985,31.352707982973232,0.5339017083921984,4.772366903944937,0.08613346713151913,-29.110055560504982,-0.2562069914769774,-10.201911781089226,-0.30694249824025854,12.706802302842895,-0.055020528572734165,-0.15882199261016372,-0.00052764,0.1589945540661104,0.0018549,1,1.0
2224,0.03004247038909158,0.5611105087938174,0.00043068,4.315939991898444,2.5855106271620985,33.718305956810354,0.5339017083921984,7.957534966985515,0.08613346713151913,-62.59113177908266,-0.2562069914769774,6.988233574244586,-0.30694249824025854,23.58012493354098,-0.055020528572734165,-0.4365740128897446,-0.00052764,0.25532377868284284,0.0018549,1,1.0
2225,0.7932897579369469,0.6159415291873885,0.00043068,4.315939991898444,2.5855106271620985,16.255387949026503,0.5339017083921984,0.7864265599488133,0.08613346713151913,-55.41890844119016,-0.2562069914769774,4.144933352496806,-0.30694249824025854,77.99361239912015,-0.055020528572734165,-0.4288684037656967,-0.00052764,0.4298941888045327,0.0018549,1,1.0
2226,1.0264717849213223,1.0654630911340628,0.00043068,4.315939991898444,2.5855106271620985,-19.946727019465378,0.5339017083921984,7.032441732595643,0.08613346713151913,-16.98565951142274,-0.2562069914769774,-32.28061687347963,-0.30694249824025854,27.75516654831554,-0.055020528572734165,-0.24388134320298893,-0.00052764,0.6390864520210278,0.0018549,1,1.0
2227,1.2727352238100456,0.5573529338315673,0.00043068,4.315939991898444,2.5855106271620985,-54.55514938093432,0.5339017083921984,5.113254287271244,0.08613346713151913,-30.796204532485422,-0.2562069914769774,-32.12991869925438,-0.30694249824025854,72.08449731267125,-0.055020528572734165,-0.2504323389267073,-0.00052764,0.15674155772074644,0.0018549,1,1.0
2228,0.0029700840201689616,0.14452294333637866,0.00043068,4.315939991898444,2.5855106271620985,70.11405621191241,0.5339017083921984,5.583725238212888,0.08613346713151913,-54.34109986907424,-0.2562069914769774,17.080142819620356,-0.30694249824025854,9.615027914635462,-0.055020528572734165,0.08567076171067949,-0.00052764,0.2859902089295286,0.0018549,0,1.0
2229,0.003240608836469372,0.189789315411749,0.00043068,4.315939991898444,2.5855106271620985,57.41616693155548,0.5339017083921984,5.120536132893332,0.08613346713151913,-45.08396094470032,-0.2562069914769774,15.54730394566771,-0.30694249824025854,4.8108091226716425,-0.055020528572734165,0.044741959979789664,-0.00052764,0.3640109667175012,0.0018549,0,1.0
2230,-0.16696971139063677,0.6339712104777836,0.00043068,4.315939991898444,2.5855106271620985,83.9106412971303,0.5339017083921984,6.662241760826854,0.08613346713151913,-65.40367901964188,-0.2562069914769774,11.846620851483127,-0.30694249824025854,12.584158564827662,-0.055020528572734165,-0.27250187058739717,-0.00052764,0.15951903456624072,0.0018549,1,1.0
2231,-0.015322775343561856,0.8518869756822232,0.00043068,4.315939991898444,2.5855106271620985,49.2648031251587,0.5339017083921984,6.396408963353203,0.08613346713151913,-50.410415265274814,-0.2562069914769774,39.66322537111046,-0.30694249824025854,-5.447267995404322,-0.055020528572734165,-0.006139830947380132,-0.00052764,1.2205008796180372,0.0018549,1,1.0
2232,0.021894828884374107,0.8153857962111546,0.00043068,4.315939991898444,2.5855106271620985,47.806768931955354,0.5339017083921984,8.47886210659243,0.08613346713151913,-42.51371603569945,-0.2562069914769774,8.372746430313692,-0.30694249824025854,-10.358327507146491,-0.055020528572734165,-0.2300618584512274,-0.00052764,0.7692377569327665,0.0018549,1,1.0
2233,0.12375260605044776,0.0176021647576718,0.00043068,4.315939991898444,2.5855106271620985,-59.189852006952286,0.5339017083921984,-0.18692683495694296,0.08613346713151913,-33.249320139693424,-0.2562069914769774,31.719357356849734,-0.30694249824025854,48.6325555557792,-0.055020528572734165,-0.03584748752074443,-0.00052764,0.05113430316659079,0.0018549,1,1.0
2234,0.4072948075334546,0.2895347555321699,0.00043068,4.315939991898444,2.5855106271620985,33.12115642974271,0.5339017083921984,6.843007948134048,0.08613346713151913,-41.865917771616644,-0.2562069914769774,-7.944432319553108,-0.30694249824025854,19.082969897351468,-0.055020528572734165,-0.15201934645716225,-0.00052764,0.337018032386077,0.0018549,1,1.0
2235,0.5654665016285456,0.520822215343641,0.00043068,4.315939991898444,2.5855106271620985,81.92714500018737,0.5339017083921984,2.8120785622696123,0.08613346713151913,-4.947864776540881,-0.2562069914769774,-23.519103772150128,-0.30694249824025854,-9.433514394895004,-0.055020528572734165,0.09386635390442982,-0.00052764,0.5976522775850763,0.0018549,0,1.0
2236,0.08782712841057339,0.24594699583588917,0.00043068,4.315939991898444,2.5855106271620985,37.289505450369084,0.5339017083921984,2.692089174771496,0.08613346713151913,-77.2074930832703,-0.2562069914769774,35.82426951926598,-0.30694249824025854,57.63748943104366,-0.055020528572734165,-0.274301108189782,-0.00052764,0.2940809986727893,0.0018549,1,1.0
2237,-0.02657481123092209,0.16079823512153646,0.00043068,4.315939991898444,2.5855106271620985,15.710800250124382,0.5339017083921984,5.715082851447382,0.08613346713151913,-67.25175051374949,-0.2562069914769774,30.243158537532782,-0.30694249824025854,34.611719062581244,-0.055020528572734165,-0.11126291069000818,-0.00052764,0.20494573965845522,0.0018549,1,1.0
2238,1.4393353533974995,2.7205355382583583,0.00043068,4.315939991898444,2.5855106271620985,-11.716906890342996,0.5339017083921984,13.851494127470652,0.08613346713151913,-19.714647566768374,-0.2562069914769774,-83.13665110020001,-0.30694249824025854,25.425679806226523,-0.055020528572734165,-0.9356644252621675,-0.00052764,0.7684333439902387,0.0018549,1,1.0
2239,0.20635811293303097,0.02982080320122598,0.00043068,4.315939991898444,2.5855106271620985,-20.96224394006854,0.5339017083921984,3.2962100768384492,0.08613346713151913,-72.3516335582367,-0.2562069914769774,37.437410095534084,-0.30694249824025854,67.27382035005596,-0.055020528572734165,-0.10026455109706905,-0.00052764,0.09975302195454377,0.0018549,1,1.0
2240,0.7453954078688885,0.3679121299802838,0.00043068,4.315939991898444,2.5855106271620985,55.436836474563904,0.5339017083921984,6.727067683589823,0.08613346713151913,-19.534231778606596,-0.2562069914769774,-41.35815773178993,-0.30694249824025854,8.443677795281994,-0.055020528572734165,-0.14001375723502607,-0.00052764,0.2816837421668056,0.0018549,1,1.0
2241,-0.06168776128036546,0.23845705344412382,0.00043068,4.315939991898444,2.5855106271620985,39.72084995647613,0.5339017083921984,5.661371146308305,0.08613346713151913,-50.065853009761,-0.2562069914769774,13.849201236666818,-0.30694249824025854,12.927501307024466,-0.055020528572734165,-0.1498419657226873,-0.00052764,0.20901966953975595,0.0018549,1,1.0
2242,0.016819615943138244,0.03355262069146195,0.00043068,4.315939991898444,2.5855106271620985,-51.98633335863162,0.5339017083921984,-1.5497974244704888,0.08613346713151913,-14.11088425097003,-0.2562069914769774,25.260863239968828,-0.30694249824025854,30.188306097942146,-0.055020528572734165,-0.06202397665762728,-0.00052764,0.09106676372016333,0.0018549,1,1.0
2243,0.6243766400274662,0.26590022988877077,0.00043068,4.315939991898444,2.5855106271620985,-26.121430854990155,0.5339017083921984,4.325697265841434,0.08613346713151913,-20.13914740913457,-0.2562069914769774,-17.590710164348877,-0.30694249824025854,32.45154872750217,-0.055020528572734165,-0.24306114770132828,-0.00052764,0.2071956274318996,0.0018549,1,1.0
2244,0.8444513880060034,0.2932510562455331,0.00043068,4.315939991898444,2.5855106271620985,-0.9294406498693927,0.5339017083921984,5.324380657698064,0.08613346713151913,-57.448715392387044,-0.2562069914769774,0.6338417097145427,-0.30694249824025854,63.35290466649801,-0.055020528572734165,0.08566699748967681,-0.00052764,0.18078821442969245,0.0018549,0,1.0
2245,0.9991523746049831,0.4916631074408405,0.00043068,4.315939991898444,2.5855106271620985,24.92065944704239,0.5339017083921984,3.2993976304797625,0.08613346713151913,-27.455028193493014,-0.2562069914769774,-36.14042066961,-0.30694249824025854,49.98529317004435,-0.055020528572734165,-0.2960992906341879,-0.00052764,0.15957712472447522,0.0018549,1,1.0
2246,-0.5340977875697399,1.5938075400393572,0.00043068,4.315939991898444,2.5855106271620985,30.765300797524795,0.5339017083921984,4.196132529967457,0.08613346713151913,-15.207172288286666,-0.2562069914769774,8.616401202500167,-0.30694249824025854,-29.193117444871415,-0.055020528572734165,-0.3704303431693535,-0.00052764,0.2696411000907989,0.0018549,1,1.0
2247,1.2456140546524304,1.2012909173652968,0.00043068,4.315939991898444,2.5855106271620985,27.885050474093585,0.5339017083921984,10.572306974510738,0.08613346713151913,-15.875091434867393,-0.2562069914769774,-72.18772088133136,-0.30694249824025854,17.098069089848092,-0.055020528572734165,-0.5274082942049393,-0.00052764,0.5289313747534207,0.0018549,1,1.0
2248,1.3835373156632733,0.8797332198272354,0.00043068,4.315939991898444,2.5855106271620985,-54.11988291566741,0.5339017083921984,6.861693559142323,0.08613346713151913,-18.092016019246334,-0.2562069914769774,-48.79706420469992,-0.30694249824025854,56.59366407634982,-0.055020528572734165,-0.3895119033184747,-0.00052764,0.35832786148085943,0.0018549,1,1.0
2249,-0.28163203334831666,1.67154869621042,0.00043068,4.315939991898444,2.5855106271620985,48.24240964156727,0.5339017083921984,11.763959471166048,0.08613346713151913,-75.27014792289383,-0.2562069914769774,21.06622798341139,-0.30694249824025854,0.393292626040849,-0.055020528572734165,-0.5539024159785684,-0.00052764,0.6740843231275391,0.0018549,1,1.0
2250,0.12068764386653497,0.7108060108931609,0.00043068,4.315939991898444,2.5855106271620985,-14.334698408227824,0.5339017083921984,6.695000818497293,0.08613346713151913,-36.64124390791506,-0.2562069914769774,12.037736543077559,-0.30694249824025854,10.978763958496481,-0.055020528572734165,-0.3211451851584776,-0.00052764,0.6203023394435345,0.0018549,1,1.0
2251,0.7551341856226734,0.24375314944130777,0.00043068,4.315939991898444,2.5855106271620985,-0.01737958128223882,0.5339017083921984,1.1652557586816596,0.08613346713151913,-30.352537182389952,-0.2562069914769774,-9.89796968978834,-0.30694249824025854,54.5319774234204,-0.055020528572734165,-0.21749794504713707,-0.00052764,0.21902954666165833,0.0018549,1,1.0
2252,0.1367583145636888,0.5583557490077409,0.00043068,4.315939991898444,2.5855106271620985,42.204453342350334,0.5339017083921984,11.899460147750602,0.08613346713151913,-97.06891465273412,-0.2562069914769774,18.476577146335334,-0.30694249824025854,40.24640165866725,-0.055020528572734165,-0.46608012982126973,-0.00052764,0.4634700442596064,0.0018549,1,1.0
2253,-0.008865989286132692,0.16276434541583132,0.00043068,4.315939991898444,2.5855106271620985,-39.331700341615296,0.5339017083921984,3.250405645473866,0.08613346713151913,-65.05845294348082,-0.2562069914769774,42.345163297764934,-0.30694249824025854,56.346852335893594,-0.055020528572734165,-0.1408247480412556,-0.00052764,0.07714858694310474,0.0018549,1,1.0
2254,0.4494753020572425,0.09033719104520081,0.00043068,4.315939991898444,2.5855106271620985,-30.304884946974575,0.5339017083921984,2.264800211694492,0.08613346713151913,-14.257801014821853,-0.2562069914769774,-7.470079477747192,-0.30694249824025854,28.634113293371524,-0.055020528572734165,-0.12256236776335501,-0.00052764,0.11396951770124038,0.0018549,1,1.0
2255,0.029991618976613177,0.1335773511522282,0.00043068,4.315939991898444,2.5855106271620985,51.82452168430279,0.5339017083921984,6.08889402979919,0.08613346713151913,-53.35379372642239,-0.2562069914769774,12.259294648368373,-0.30694249824025854,14.010024958660885,-0.055020528572734165,-0.06364697122128671,-0.00052764,0.2406255649389094,0.0018549,1,1.0
2256,-0.09094722413441197,0.508389079116049,0.00043068,4.315939991898444,2.5855106271620985,-39.37709167260162,0.5339017083921984,1.152344167908208,0.08613346713151913,-36.42149888302088,-0.2562069914769774,48.977425193393415,-0.30694249824025854,25.91343165263477,-0.055020528572734165,-0.02308154995626127,-0.00052764,0.597315186101796,0.0018549,1,1.0
2257,0.08532990735968271,0.1537861331677562,0.00043068,4.315939991898444,2.5855106271620985,-0.7204529468501188,0.5339017083921984,5.940815536263846,0.08613346713151913,-94.40275220404553,-0.2562069914769774,43.68215553991246,-0.30694249824025854,69.13436252015154,-0.055020528572734165,-0.19163105073348607,-0.00052764,0.1330795331092799,0.0018549,1,1.0
2258,0.239750096817823,0.25297707571386174,0.00043068,4.315939991898444,2.5855106271620985,15.732886623828161,0.5339017083921984,9.4086360231961,0.08613346713151913,-92.01374351800938,-0.2562069914769774,24.1284345265305,-0.30694249824025854,55.00451229214467,-0.055020528572734165,-0.3223005832427848,-0.00052764,0.32313077418273545,0.0018549,1,1.0
2259,-0.004925390065593005,0.5037618873303337,0.00043068,4.315939991898444,2.5855106271620985,-38.476385270039735,0.5339017083921984,0.8448956307195559,0.08613346713151913,-34.487576884119704,-0.2562069914769774,52.14641551743456,-0.30694249824025854,25.196917241712477,-0.055020528572734165,-0.015519639523508655,-0.00052764,0.8446409647256774,0.0018549,1,1.0
2260,0.3170834767042259,0.22955675450061336,0.00043068,4.315939991898444,2.5855106271620985,39.13051561802691,0.5339017083921984,1.2159621801402793,0.08613346713151913,-34.414023405200716,-0.2562069914769774,5.686544238764855,-0.30694249824025854,30.207756970416913,-0.055020528572734165,-0.12492820635443047,-0.00052764,0.2995327201944741,0.0018549,1,1.0
2261,0.05871809569313699,0.18332372571255576,0.00043068,4.315939991898444,2.5855106271620985,26.928221065067618,0.5339017083921984,0.7594864200584037,0.08613346713151913,-44.64134018006984,-0.2562069914769774,22.26290277719293,-0.30694249824025854,35.56689033419661,-0.055020528572734165,-0.22596517522739662,-0.00052764,0.2561178166611344,0.0018549,1,1.0
2262,-0.18735142372729552,0.4197683978897013,0.00043068,4.315939991898444,2.5855106271620985,26.124575022650582,0.5339017083921984,3.4816669807911946,0.08613346713151913,-48.2651997481665,-0.2562069914769774,25.34736721990557,-0.30694249824025854,18.27377889199689,-0.055020528572734165,-0.07151629852017374,-0.00052764,0.08671079452749467,0.0018549,1,1.0
2263,0.017939105416565404,0.638180319858235,0.00043068,4.315939991898444,2.5855106271620985,-42.974390381997374,0.5339017083921984,8.676610327186935,0.08613346713151913,-94.26430432609676,-0.2562069914769774,44.93423086948376,-0.30694249824025854,64.21853334457322,-0.055020528572734165,-0.4834325027356676,-0.00052764,0.37478169872305567,0.0018549,1,1.0
2264,0.8588962369911732,0.1994657359162,0.00043068,4.315939991898444,2.5855106271620985,28.11294197162114,0.5339017083921984,4.80877792977314,0.08613346713151913,-24.07119728440132,-0.2562069914769774,-34.897935122599264,-0.30694249824025854,32.488185593727756,-0.055020528572734165,-0.11601376401401857,-0.00052764,0.11497566466611857,0.0018549,1,1.0
2265,0.013533541658489412,0.0902881537608384,0.00043068,4.315939991898444,2.5855106271620985,48.53801893444311,0.5339017083921984,4.667395614607801,0.08613346713151913,-64.21314192309745,-0.2562069914769774,26.940698098875774,-0.30694249824025854,29.246825270494806,-0.055020528572734165,0.10508324794487853,-0.00052764,0.12653589333253815,0.0018549,0,1.0
2266,0.15808888850161074,0.1634003639660746,0.00043068,4.315939991898444,2.5855106271620985,60.33779345854397,0.5339017083921984,8.917376060582818,0.08613346713151913,-95.89400388965554,-0.2562069914769774,29.860012359895133,-0.30694249824025854,44.7167386284907,-0.055020528572734165,-0.02081700890716698,-0.00052764,0.2981815178636932,0.0018549,1,1.0
2267,0.17630432275357522,0.29200602749514215,0.00043068,4.315939991898444,2.5855106271620985,-20.86239901098829,0.5339017083921984,3.282019544225847,0.08613346713151913,-13.443868731558528,-0.2562069914769774,-5.345478680530477,-0.30694249824025854,11.921795798874891,-0.055020528572734165,-0.28627371189241746,-0.00052764,0.19151785061865542,0.0018549,1,1.0
2268,0.454997328042145,0.15600393778915309,0.00043068,4.315939991898444,2.5855106271620985,8.979160750450001,0.5339017083921984,4.504166356326023,0.08613346713151913,-29.061490548558115,-0.2562069914769774,-9.065661086501896,-0.30694249824025854,24.434062922443633,-0.055020528572734165,-0.09813708150369285,-0.00052764,0.19713855022385476,0.0018549,1,1.0
2269,0.674881383838071,0.43586515116812263,0.00043068,4.315939991898444,2.5855106271620985,-28.845084183746838,0.5339017083921984,7.0448599314841776,0.08613346713151913,-45.864992518771224,-0.2562069914769774,-9.221292259721752,-0.30694249824025854,48.28771500384567,-0.055020528572734165,-0.3617563285699909,-0.00052764,0.3205425209480474,0.0018549,1,1.0
2270,0.5556011995111936,0.37028228675210517,0.00043068,4.315939991898444,2.5855106271620985,15.809294404500179,0.5339017083921984,6.523267913692294,0.08613346713151913,-46.42821072917075,-0.2562069914769774,-14.503021470263576,-0.30694249824025854,38.53203287563949,-0.055020528572734165,-0.3161627320639607,-0.00052764,0.17846227189648625,0.0018549,1,1.0
2271,0.5729860301606456,0.5961208126453885,0.00043068,4.315939991898444,2.5855106271620985,-35.64375197819138,0.5339017083921984,5.28627151244625,0.08613346713151913,-9.242273458892342,-0.2562069914769774,-20.98822544174882,-0.30694249824025854,16.41710156347424,-0.055020528572734165,-0.3625997511212147,-0.00052764,0.4499734698927631,0.0018549,1,1.0
2272,-0.025699745113761052,0.30026209544937504,0.00043068,4.315939991898444,2.5855106271620985,46.47170306346034,0.5339017083921984,2.7259811118695496,0.08613346713151913,-31.94790787129335,-0.2562069914769774,21.855261140992297,-0.30694249824025854,0.6694053008394374,-0.055020528572734165,0.06777201488574533,-0.00052764,0.5249020788388935,0.0018549,0,1.0
2273,0.2868645383941335,0.15126789855204914,0.00043068,4.315939991898444,2.5855106271620985,45.139252282344835,0.5339017083921984,5.872019200074433,0.08613346713151913,-32.82057264803666,-0.2562069914769774,-12.565814664106641,-0.30694249824025854,8.833130436982653,-0.055020528572734165,-0.1596059349529558,-0.00052764,0.22663026693365515,0.0018549,1,1.0
2274,0.12408700545767282,0.588801092956327,0.00043068,4.315939991898444,2.5855106271620985,4.195310772352268,0.5339017083921984,4.184039119678373,0.08613346713151913,-67.434774614418,-0.2562069914769774,61.017315665478996,-0.30694249824025854,34.819097765492614,-0.055020528572734165,0.06082227686648334,-0.00052764,1.1067324476856766,0.0018549,0,1.0
2275,0.2897520990529274,0.017895153806924254,0.00043068,4.315939991898444,2.5855106271620985,-44.631936450316395,0.5339017083921984,1.9177727958483715,0.08613346713151913,-51.77702035199073,-0.2562069914769774,29.224764193027415,-0.30694249824025854,61.42964405048754,-0.055020528572734165,-0.038675598056935774,-0.00052764,0.05055917672345734,0.0018549,1,1.0
2276,0.6914774414036042,2.031907259031757,0.00043068,4.315939991898444,2.5855106271620985,25.902678748395978,0.5339017083921984,14.339647582634827,0.08613346713151913,-46.56975453458193,-0.2562069914769774,-42.067414685369286,-0.30694249824025854,8.915957134277242,-0.055020528572734165,-0.8402789659103455,-0.00052764,0.8142263622211597,0.0018549,1,1.0
2277,0.0020160657619754385,0.06341313273288826,0.00043068,4.315939991898444,2.5855106271620985,31.794308280506904,0.5339017083921984,5.700944585233569,0.08613346713151913,-88.2011262334679,-0.2562069914769774,38.95838657099505,-0.30694249824025854,53.22593671812514,-0.055020528572734165,-0.11188235650931291,-0.00052764,0.141736907847737,0.0018549,1,1.0
2278,0.6758535715879384,0.3170103604421671,0.00043068,4.315939991898444,2.5855106271620985,27.950513703931314,0.5339017083921984,5.798563435696599,0.08613346713151913,-30.38581207599129,-0.2562069914769774,-29.36927348084237,-0.30694249824025854,28.325857206684425,-0.055020528572734165,-0.2523857761154972,-0.00052764,0.15370711109813376,0.0018549,1,1.0
2279,-0.08846021470230214,0.22755336853128555,0.00043068,4.315939991898444,2.5855106271620985,11.487070359942402,0.5339017083921984,2.932241358557214,0.08613346713151913,-31.25643141862608,-0.2562069914769774,15.102363085905328,-0.30694249824025854,11.071751860789488,-0.055020528572734165,-0.0806279477672056,-0.00052764,0.12172440948218853,0.0018549,1,1.0
2280,-0.1815573499176646,0.5490124220767949,0.00043068,4.315939991898444,2.5855106271620985,64.32415603942647,0.5339017083921984,4.652632914683757,0.08613346713151913,-59.79991724134263,-0.2562069914769774,36.945634071289966,-0.30694249824025854,9.545448423193859,-0.055020528572734165,0.10674273178854413,-0.00052764,0.45872844624618425,0.0018549,0,1.0
2281,1.2021861092168715,0.8562201386011452,0.00043068,4.315939991898444,2.5855106271620985,53.88880494683615,0.5339017083921984,10.446325848281012,0.08613346713151913,-26.73405681805736,-0.2562069914769774,-68.02614145800081,-0.30694249824025854,20.99665258734119,-0.055020528572734165,-0.4214615060235778,-0.00052764,0.41605447208441704,0.0018549,1,1.0
2282,-0.12129222613737678,0.8378666682836915,0.00043068,4.315939991898444,2.5855106271620985,-22.34952296536728,0.5339017083921984,7.97376424777129,0.08613346713151913,-68.44182009231417,-0.2562069914769774,32.408319850139925,-0.30694249824025854,31.750942499358445,-0.055020528572734165,-0.4657840204996194,-0.00052764,0.44976604462459047,0.0018549,1,1.0
2283,0.010949523016865692,0.632636939337665,0.00043068,4.315939991898444,2.5855106271620985,23.350561827891646,0.5339017083921984,6.670658031165755,0.08613346713151913,-49.514337086020994,-0.2562069914769774,28.19718257551995,-0.30694249824025854,5.939703741799611,-0.055020528572734165,-0.10434487726531438,-0.00052764,0.7941265928558963,0.0018549,1,1.0
2284,0.19706564368522617,0.15388213434705092,0.00043068,4.315939991898444,2.5855106271620985,-1.7880103471043842,0.5339017083921984,-1.4930052784156043,0.08613346713151913,-8.996760043824832,-0.2562069914769774,3.6335946206437,-0.30694249824025854,23.069329136796927,-0.055020528572734165,-0.2203948919499456,-0.00052764,0.2082243297901702,0.0018549,1,1.0
2285,0.8276650870034207,0.41327854496116356,0.00043068,4.315939991898444,2.5855106271620985,66.73149572540557,0.5339017083921984,3.5119186051872187,0.08613346713151913,-37.68356345068024,-0.2562069914769774,-29.42905974601118,-0.30694249824025854,42.316022964932976,-0.055020528572734165,-0.319413041182187,-0.00052764,0.26810815523064085,0.0018549,1,1.0
2286,0.4780905077207148,0.07479008580357387,0.00043068,4.315939991898444,2.5855106271620985,48.19269595859816,0.5339017083921984,5.3156610604266525,0.08613346713151913,-39.83854944012406,-0.2562069914769774,-15.260146063708044,-0.30694249824025854,25.70531134953718,-0.055020528572734165,-0.12243564381535188,-0.00052764,0.12805981628265684,0.0018549,1,1.0
2287,0.7352987844457564,0.33765516041725874,0.00043068,4.315939991898444,2.5855106271620985,-13.60282717488714,0.5339017083921984,3.849146522345881,0.08613346713151913,-12.884051549921752,-0.2562069914769774,-22.197195759370477,-0.30694249824025854,26.766627675226182,-0.055020528572734165,-0.09659636302280555,-0.00052764,0.26802239856303306,0.0018549,1,1.0
2288,-0.7146697610235656,1.8550265851932082,0.00043068,4.315939991898444,2.5855106271620985,50.97797805323863,0.5339017083921984,3.9468713064588745,0.08613346713151913,-36.86004655937813,-0.2562069914769774,44.22291281502936,-0.30694249824025854,-27.7035869622475,-0.055020528572734165,-0.06214833124466557,-0.00052764,0.5901094243209346,0.0018549,1,1.0
2289,0.06907143912425151,0.08581480974863119,0.00043068,4.315939991898444,2.5855106271620985,42.7709749264322,0.5339017083921984,5.1447778186752195,0.08613346713151913,-64.75830619110188,-0.2562069914769774,17.92625638205992,-0.30694249824025854,34.76040816932297,-0.055020528572734165,-0.15375090931581964,-0.00052764,0.1252603954171026,0.0018549,1,1.0
2290,1.4717619306579461,1.0674458242518337,0.00043068,4.315939991898444,2.5855106271620985,33.399465722569126,0.5339017083921984,12.01780714775737,0.08613346713151913,-47.88838322076007,-0.2562069914769774,-63.600063035032946,-0.30694249824025854,49.50694321154937,-0.055020528572734165,-0.4602419584305027,-0.00052764,0.4584852249462877,0.0018549,1,1.0
2291,0.4488991630893082,0.6524919925277111,0.00043068,4.315939991898444,2.5855106271620985,75.88256068938327,0.5339017083921984,9.756881259385047,0.08613346713151913,-57.67888471187863,-0.2562069914769774,-26.861813927041577,-0.30694249824025854,20.84636629403263,-0.055020528572734165,-0.4881926591831362,-0.00052764,0.2676023476359592,0.0018549,1,1.0
2292,0.22588864609826287,0.19014768730235534,0.00043068,4.315939991898444,2.5855106271620985,-30.15258281272632,0.5339017083921984,2.3433094398337206,0.08613346713151913,-40.68749943298916,-0.2562069914769774,28.455213490476503,-0.30694249824025854,39.352969981185176,-0.055020528572734165,0.011823468413212301,-0.00052764,0.32648673641233855,0.0018549,0,1.0
2293,0.40467679231639186,0.09929531858526716,0.00043068,4.315939991898444,2.5855106271620985,75.4778222108718,0.5339017083921984,4.4922404018284485,0.08613346713151913,-41.90506123641515,-0.2562069914769774,-13.292468017046094,-0.30694249824025854,22.17619096364609,-0.055020528572734165,-0.13580639254052654,-0.00052764,0.1720837883954022,0.0018549,1,1.0
2294,-0.0077859294616206,0.05695493688387059,0.00043068,4.315939991898444,2.5855106271620985,-5.660015077931325,0.5339017083921984,2.509453511216575,0.08613346713151913,-52.05873320145234,-0.2562069914769774,32.4177016759633,-0.30694249824025854,38.58797281318826,-0.055020528572734165,0.013594126272309891,-0.00052764,0.06189170346563315,0.0018549,0,1.0
2295,1.0218898671996803,0.5310024975437003,0.00043068,4.315939991898444,2.5855106271620985,5.33829089662287,0.5339017083921984,8.025190204621728,0.08613346713151913,-36.23817070872093,-0.2562069914769774,-38.042490583215574,-0.30694249824025854,42.301449587313144,-0.055020528572734165,-0.33226224178057934,-0.00052764,0.31086678713821553,0.0018549,1,1.0
2296,-0.02555135710300216,0.2399939338438929,0.00043068,4.315939991898444,2.5855106271620985,42.47838051811055,0.5339017083921984,4.582714460329888,0.08613346713151913,-52.95702604057982,-0.2562069914769774,28.426764495568698,-0.30694249824025854,15.37465259770811,-0.055020528572734165,0.06958740947803971,-0.00052764,0.39995054692361715,0.0018549,0,1.0
2297,0.4418732758918238,0.42182086239777195,0.00043068,4.315939991898444,2.5855106271620985,39.129474645561714,0.5339017083921984,7.55153719696732,0.08613346713151913,-77.8190757732702,-0.2562069914769774,28.32115626547035,-0.30694249824025854,42.434999272776224,-0.055020528572734165,0.08932075221732799,-0.00052764,0.6712909330677885,0.0018549,0,1.0
2298,-0.14359355897381476,0.4686189455171508,0.00043068,4.315939991898444,2.5855106271620985,-20.493948350104752,0.5339017083921984,3.1427200600756255,0.08613346713151913,-53.646494082752476,-0.2562069914769774,35.545300476278925,-0.30694249824025854,36.95319378203089,-0.055020528572734165,-0.16045921579582728,-0.00052764,0.08720694659578537,0.0018549,1,1.0
2299,0.25922108331468463,0.3746287594733858,0.00043068,4.315939991898444,2.5855106271620985,56.61199998612045,0.5339017083921984,3.7952613461832247,0.08613346713151913,-77.38447499291176,-0.2562069914769774,20.04114234694517,-0.30694249824025854,57.64464657241573,-0.055020528572734165,-0.35763781753048657,-0.00052764,0.29008221325688804,0.0018549,1,1.0
2300,0.06549104282056142,0.0024010612594542696,0.00043068,2.360253898083111,5.634017415187891,-42.830864764538184,0.5339017083921984,12.105645725850366,0.08613346713151913,-67.34411059534207,-0.2562069914769774,-2.6279092109097117,-0.30694249824025854,44.722857974868994,-0.055020528572734165,-0.02736704088661731,-0.00052764,0.02749639954171402,0.0018549,1,1.0
2301,0.0005736486263095975,0.018615598251417762,0.00043068,2.360253898083111,5.634017415187891,23.969409397781057,0.5339017083921984,21.02563817141789,0.08613346713151913,-69.53517727580478,-0.2562069914769774,-27.39088467251327,-0.30694249824025854,9.52630387831266,-0.055020528572734165,-0.03985860789689516,-0.00052764,0.056264713075741754,0.0018549,1,1.0
2302,0.06719091865221233,0.0013936205518364686,0.00043068,2.360253898083111,5.634017415187891,-25.441431423313873,0.5339017083921984,2.7187804546938446,0.08613346713151913,-27.98570807776665,-0.2562069914769774,-53.27807938558818,-0.30694249824025854,34.83514072911063,-0.055020528572734165,-0.01986227390146055,-0.00052764,0.020000980235456624,0.0018549,1,1.0
2303,0.021715652041029654,0.001199139956640016,0.00043068,2.360253898083111,5.634017415187891,-8.37868683939476,0.5339017083921984,5.403463182236109,0.08613346713151913,-32.961955544423446,-0.2562069914769774,-22.461490309715373,-0.30694249824025854,20.47153936590531,-0.055020528572734165,-0.015992617047367368,-0.00052764,0.01715962897220928,0.0018549,1,1.0
2304,0.023793074964447575,0.013746811225443715,0.00043068,2.360253898083111,5.634017415187891,22.52166135718937,0.5339017083921984,12.64537593824122,0.08613346713151913,-28.558546650133625,-0.2562069914769774,-32.18184352501193,-0.30694249824025854,-0.5583720652522974,-0.055020528572734165,-0.017456119540457806,-0.00052764,0.03740131264684321,0.0018549,1,1.0
2305,0.003916263679978424,0.022718055091444766,0.00043068,2.360253898083111,5.634017415187891,40.20926200723896,0.5339017083921984,6.571633998784608,0.08613346713151913,-27.040955629415976,-0.2562069914769774,53.239822451033405,-0.30694249824025854,-9.226575095806767,-0.055020528572734165,0.01763928317841757,-0.00052764,0.028788412739796147,0.0018549,0,1.0
2306,0.09578089579626496,0.002100584852904646,0.00043068,2.360253898083111,5.634017415187891,-58.663222930328274,0.5339017083921984,7.021636522868535,0.08613346713151913,-70.06267846366117,-0.2562069914769774,-8.650800433197388,-0.30694249824025854,62.788798860370974,-0.055020528572734165,-0.021530235565138885,-0.00052764,0.023170175208249207,0.0018549,1,1.0
2307,0.004735258557241329,0.000465924596082344,0.00043068,2.360253898083111,5.634017415187891,-9.665631570643953,0.5339017083921984,3.211774453506264,0.08613346713151913,-24.104075545608968,-0.2562069914769774,14.572254960883333,-0.30694249824025854,12.21937953973947,-0.055020528572734165,-0.007133117809250529,-0.00052764,0.007751034167993368,0.0018549,1,1.0
2308,0.0027974783768450195,0.01104744811557581,0.00043068,2.360253898083111,5.634017415187891,20.99110016299773,0.5339017083921984,10.690578454176228,0.08613346713151913,-34.41232545037832,-0.2562069914769774,-5.894876696859306,-0.30694249824025854,1.186313079011011,-0.055020528572734165,-0.013323858565118644,-0.00052764,0.031091308503211314,0.0018549,1,1.0
2309,0.007096128816564767,0.00499981914207046,0.00043068,2.360253898083111,5.634017415187891,19.840594238141943,0.5339017083921984,4.0627648519176205,0.08613346713151913,-8.583552711080983,-0.2562069914769774,-39.29008476307454,-0.30694249824025854,-0.7566090931684347,-0.055020528572734165,-0.006671871123246619,-0.00052764,0.016191202392416282,0.0018549,1,1.0
2310,0.030404301854368723,0.0022901119977116156,0.00043068,2.360253898083111,5.634017415187891,-28.529229947109478,0.5339017083921984,10.77252050908777,0.08613346713151913,-61.63645239263363,-0.2562069914769774,16.006745609888593,-0.30694249824025854,32.94114483980532,-0.055020528572734165,-0.024592114519227177,-0.00052764,0.025000689017305375,0.0018549,1,1.0
2311,0.023954980411955464,0.010065602718607031,0.00043068,2.360253898083111,5.634017415187891,-16.784474134333202,0.5339017083921984,5.784105872619577,0.08613346713151913,-76.69031945736633,-0.2562069914769774,17.777381550375328,-0.30694249824025854,46.13469293553533,-0.055020528572734165,-0.029159506832466354,-0.00052764,0.04123747032331112,0.0018549,1,1.0
2312,0.03496208064587297,0.0020689868859966438,0.00043068,2.360253898083111,5.634017415187891,-27.46404011493799,0.5339017083921984,4.781466535491478,0.08613346713151913,-56.37599730444981,-0.2562069914769774,-3.5456075941301797,-0.30694249824025854,41.17034776717009,-0.055020528572734165,-0.02450327749476982,-0.00052764,0.024942389706731204,0.0018549,1,1.0
2313,0.001320278270616454,0.008042304457477997,0.00043068,2.360253898083111,5.634017415187891,0.7032118527113266,0.5339017083921984,7.372576786394735,0.08613346713151913,-40.34267573321553,-0.2562069914769774,42.39217595315684,-0.30694249824025854,9.938723575280681,-0.055020528572734165,-0.0071391524649412254,-0.00052764,0.021608805628928238,0.0018549,1,1.0
2314,0.005219497455342337,0.003245429322023049,0.00043068,2.360253898083111,5.634017415187891,-4.863756691810353,0.5339017083921984,5.506425305067672,0.08613346713151913,-53.146757364275906,-0.2562069914769774,-25.92305280011122,-0.30694249824025854,30.903139448457004,-0.055020528572734165,-0.032426095185740085,-0.00052764,0.03238632868003153,0.0018549,1,1.0
2315,0.15668451697468633,0.008391385668646754,0.00043068,2.360253898083111,5.634017415187891,-80.00542626452554,0.5339017083921984,4.90610746268728,0.08613346713151913,-24.544412006756495,-0.2562069914769774,15.30323266664534,-0.30694249824025854,46.70944320309311,-0.055020528572734165,-0.022297950641975747,-0.00052764,0.030322521362596506,0.0018549,1,1.0
2316,0.025289052002688925,0.012857514472418721,0.00043068,2.360253898083111,5.634017415187891,-4.833707891523832,0.5339017083921984,7.853124132812739,0.08613346713151913,-36.02166586262145,-0.2562069914769774,56.560356790068056,-0.30694249824025854,9.072962872829413,-0.055020528572734165,-0.008101110493942534,-0.00052764,0.030225494370840038,0.0018549,1,1.0
2317,0.04173354657372098,0.006421439665279988,0.00043068,2.360253898083111,5.634017415187891,-42.62740429036906,0.5339017083921984,-1.1842956581345465,0.08613346713151913,-54.27606858509729,-0.2562069914769774,22.654057429164205,-0.30694249824025854,50.85702886951732,-0.055020528572734165,-0.032339115244629124,-0.00052764,0.03169280177942038,0.0018549,1,1.0
2318,0.0027523777023337197,0.005573515436791026,0.00043068,2.360253898083111,5.634017415187891,-7.245021639917293,0.5339017083921984,0.0038319415988787298,0.08613346713151913,-41.05248076685688,-0.2562069914769774,-11.480671737528144,-0.30694249824025854,30.1895547294329,-0.055020528572734165,-0.035174328694792846,-0.00052764,0.03559032002392757,0.0018549,1,1.0
2319,0.02275977832357537,0.0007500914520164881,0.00043068,2.360253898083111,5.634017415187891,-46.52936597544752,0.5339017083921984,6.550953524262178,0.08613346713151913,-76.46314324937455,-0.2562069914769774,73.13867647233295,-0.30694249824025854,46.47467902907391,-0.055020528572734165,-0.015669130664005184,-0.00052764,0.015938475536518084,0.0018549,1,1.0
2320,0.04983713449910329,0.0009982691423193956,0.00043068,2.360253898083111,5.634017415187891,-17.636092996805704,0.5339017083921984,6.2002122736909255,0.08613346713151913,-36.775680713894566,-0.2562069914769774,-48.456832824689556,-0.30694249824025854,30.502921061077288,-0.055020528572734165,-0.02049845358383131,-0.00052764,0.02071466564214834,0.0018549,1,1.0
2321,1.0492854837534926e-05,0.013362501532817608,0.00043068,2.360253898083111,5.634017415187891,-9.00709486504687,0.5339017083921984,12.196050471839222,0.08613346713151913,-57.61263135457357,-0.2562069914769774,83.92567607562292,-0.30694249824025854,11.487764530475255,-0.055020528572734165,-0.02363385869804533,-0.00052764,0.04016989162641094,0.0018549,1,1.0
2322,0.0008634329488850373,0.019603263230570156,0.00043068,2.360253898083111,5.634017415187891,27.003113141097494,0.5339017083921984,4.247228614590597,0.08613346713151913,-52.99366325804837,-0.2562069914769774,19.435885718348985,-0.30694249824025854,18.27375565841801,-0.055020528572734165,-0.015597321029756493,-0.00052764,0.04884313047307982,0.0018549,1,1.0
2323,0.054976190905275446,0.0024038305564822874,0.00043068,2.360253898083111,5.634017415187891,-47.407015213888265,0.5339017083921984,12.589352878744634,0.08613346713151913,-81.20510242145993,-0.2562069914769774,22.869861920784707,-0.30694249824025854,50.06397144112218,-0.055020528572734165,-0.02839170851943061,-0.00052764,0.028519504197800874,0.0018549,1,1.0
2324,0.03901688415416705,0.008816229115365344,0.00043068,2.360253898083111,5.634017415187891,-2.9600388348372797,0.5339017083921984,7.1784080179973015,0.08613346713151913,-52.51592491227814,-0.2562069914769774,-26.167448497378658,-0.30694249824025854,31.3587064708289,-0.055020528572734165,-0.019651225975218952,-0.00052764,0.03407340605094318,0.0018549,1,1.0
2325,0.006805395912985124,0.0014972014158590727,0.00043068,2.360253898083111,5.634017415187891,-10.759299744070505,0.5339017083921984,4.7277593960624,0.08613346713151913,-44.4647431067753,-0.2562069914769774,1.6625020875436851,-0.30694249824025854,25.104478892163762,-0.055020528572734165,-0.01922552660829469,-0.00052764,0.020055820610648405,0.0018549,1,1.0
2326,0.01668262982376039,0.0010274642070560015,0.00043068,2.360253898083111,5.634017415187891,-42.07699375068183,0.5339017083921984,-3.666248436654949,0.08613346713151913,-22.280051915850066,-0.2562069914769774,91.47134926635518,-0.30694249824025854,22.982815443253557,-0.055020528572734165,-0.011524210301206438,-0.00052764,0.011324992283119183,0.0018549,1,1.0
2327,0.051709994784728444,0.003078235118947188,0.00043068,2.360253898083111,5.634017415187891,-40.204048076707856,0.5339017083921984,4.9991505907771145,0.08613346713151913,-57.044875953856504,-0.2562069914769774,32.552207159280485,-0.30694249824025854,42.55599166097216,-0.055020528572734165,-0.01008111429429207,-0.00052764,0.015431151587090039,0.0018549,1,1.0
2328,0.023217563713611833,0.0011673119801806386,0.00043068,2.360253898083111,5.634017415187891,-25.409985105178723,0.5339017083921984,-1.0281418121437036,0.08613346713151913,-25.276507936264533,-0.2562069914769774,23.034633034755245,-0.30694249824025854,24.940128465055853,-0.055020528572734165,-0.012326011261452652,-0.00052764,0.01219995526984223,0.0018549,1,1.0
2329,0.09784542228013118,0.002341703512649874,0.00043068,2.360253898083111,5.634017415187891,-52.33871802830035,0.5339017083921984,4.804170770119605,0.08613346713151913,-57.63634406423893,-0.2562069914769774,-35.18506890873709,-0.30694249824025854,59.686364850853735,-0.055020528572734165,-0.025369452994812997,-0.00052764,0.02566773178625479,0.0018549,1,1.0
2330,0.012420740741408254,0.0035254819955979648,0.00043068,2.360253898083111,5.634017415187891,-12.432948294729751,0.5339017083921984,12.051229063686383,0.08613346713151913,-72.71130850430879,-0.2562069914769774,-17.24669725041847,-0.30694249824025854,35.48043248693331,-0.055020528572734165,-0.03391366181994837,-0.00052764,0.0336036536379935,0.0018549,1,1.0
2331,0.06251543103226165,0.0023135148583790055,0.00043068,2.360253898083111,5.634017415187891,-16.057453488285294,0.5339017083921984,7.501488751544462,0.08613346713151913,-36.68330260967607,-0.2562069914769774,-64.02353236292801,-0.30694249824025854,31.278163910167848,-0.055020528572734165,-0.020748303400561927,-0.00052764,0.023422321701196826,0.0018549,1,1.0
2332,0.05447063514576721,0.000773729945521696,0.00043068,2.360253898083111,5.634017415187891,-28.617872588392668,0.5339017083921984,-1.0304588847393894,0.08613346713151913,-11.125027913916385,-0.2562069914769774,-11.095503368105389,-0.30694249824025854,24.202366628133692,-0.055020528572734165,-0.008188916058335927,-0.00052764,0.008406724437073333,0.0018549,1,1.0
2333,0.03950548732380647,0.00038960817754634053,0.00043068,2.360253898083111,5.634017415187891,-25.48885728118816,0.5339017083921984,-0.049303290555468324,0.08613346713151913,-4.46625859782706,-0.2562069914769774,13.29917725123937,-0.30694249824025854,13.000811355651546,-0.055020528572734165,-0.007169628904158001,-0.00052764,0.007373097647910384,0.0018549,1,1.0
2334,0.11486223101467484,0.0012671594278366627,0.00043068,2.360253898083111,5.634017415187891,-57.24886396704985,0.5339017083921984,9.04151192740204,0.08613346713151913,-60.330050317409615,-0.2562069914769774,-42.99992375408624,-0.30694249824025854,59.1706064146867,-0.055020528572734165,-0.02180909059163058,-0.00052764,0.022265725189797136,0.0018549,1,1.0
2335,0.06505664287515961,0.0016279352702554303,0.00043068,2.360253898083111,5.634017415187891,-50.851954328293786,0.5339017083921984,4.129433706000243,0.08613346713151913,-34.02700233772121,-0.2562069914769774,35.444490006073195,-0.30694249824025854,33.11894221292495,-0.055020528572734165,-0.013625216522487993,-0.00052764,0.013059067369445173,0.0018549,1,1.0
2336,0.002913303810361506,0.007346120887706456,0.00043068,2.360253898083111,5.634017415187891,-2.087818372465102,0.5339017083921984,13.367808724603524,0.08613346713151913,-46.51086466977828,-0.2562069914769774,4.5064081444915605,-0.30694249824025854,10.074509458663194,-0.055020528572734165,-0.03214604342515589,-0.00052764,0.035405153723592285,0.0018549,1,1.0
2337,-2.8376481469055692e-05,0.003992465566034397,0.00043068,2.360253898083111,5.634017415187891,-12.243061531704502,0.5339017083921984,9.550241665695768,0.08613346713151913,-63.93716518111903,-0.2562069914769774,31.51556050424456,-0.30694249824025854,26.527092954984624,-0.055020528572734165,-0.02005085208871828,-0.00052764,0.02489933468698696,0.0018549,1,1.0
2338,0.026259638274958225,0.00623260386784817,0.00043068,2.360253898083111,5.634017415187891,-13.500603126476744,0.5339017083921984,6.3747755161910735,0.08613346713151913,-64.13169593525049,-0.2562069914769774,-12.348438824509943,-0.30694249824025854,39.93096312795137,-0.055020528572734165,-0.029088615378883357,-0.00052764,0.035567221547738864,0.0018549,1,1.0
2339,0.0001669701800043541,0.0041260221182531686,0.00043068,2.360253898083111,5.634017415187891,-12.970103793963771,0.5339017083921984,-2.949134793585184,0.08613346713151913,-27.676736883432635,-0.2562069914769774,19.774491573471003,-0.30694249824025854,23.723349981588523,-0.055020528572734165,-0.026361551362263685,-0.00052764,0.026947605012123694,0.0018549,1,1.0
2340,0.04989387837306525,0.001286659509974334,0.00043068,2.360253898083111,5.634017415187891,-39.37810277015216,0.5339017083921984,6.189519248918496,0.08613346713151913,-58.145492636190596,-0.2562069914769774,16.584481259395957,-0.30694249824025854,42.84756488791849,-0.055020528572734165,-0.015576223942245278,-0.00052764,0.017029265449054493,0.0018549,1,1.0
2341,0.08397441707133425,0.0008468681142179196,0.00043068,2.360253898083111,5.634017415187891,-30.79463353838625,0.5339017083921984,5.541410249199992,0.08613346713151913,-26.24049730093395,-0.2562069914769774,-55.88752301259777,-0.30694249824025854,33.103998667951345,-0.055020528572734165,-0.01297499829047901,-0.00052764,0.013770540227891877,0.0018549,1,1.0
2342,0.0003842691522723124,0.0021470460436366495,0.00043068,2.360253898083111,5.634017415187891,-12.75331074902861,0.5339017083921984,8.468243459732017,0.08613346713151913,-50.9008594968117,-0.2562069914769774,25.837743230329565,-0.30694249824025854,20.582280796861895,-0.055020528572734165,-0.018924234872176166,-0.00052764,0.020418521977717926,0.0018549,1,1.0
2343,0.027507972096721144,0.000474400063243619,0.00043068,2.360253898083111,5.634017415187891,-40.1441853857695,0.5339017083921984,6.004009212065901,0.08613346713151913,-60.70439792685389,-0.2562069914769774,53.04193190755325,-0.30694249824025854,38.217791200240164,-0.055020528572734165,-0.013081411015583902,-0.00052764,0.013249724557307994,0.0018549,1,1.0
2344,0.010296294030065378,0.012990250535205462,0.00043068,2.360253898083111,5.634017415187891,17.558870397516568,0.5339017083921984,13.941231176531565,0.08613346713151913,-56.604520603408254,-0.2562069914769774,-8.98450557275196,-0.30694249824025854,12.74838526277802,-0.055020528572734165,-0.01929413086024656,-0.00052764,0.03942504503933998,0.0018549,1,1.0
2345,0.0009159804109753217,0.014640092137338917,0.00043068,2.360253898083111,5.634017415187891,15.46013463056305,0.5339017083921984,1.232934488035171,0.08613346713151913,-40.94057850495545,-0.2562069914769774,10.312378154753961,-0.30694249824025854,19.296885038151334,-0.055020528572734165,-0.021353275903382596,-0.00052764,0.042803939631696694,0.0018549,1,1.0
2346,0.029588680837185105,0.00045723924641664985,0.00043068,2.360253898083111,5.634017415187891,-27.503795879664967,0.5339017083921984,5.387310608679177,0.08613346713151913,-46.32145499564157,-0.2562069914769774,14.586992342249674,-0.30694249824025854,31.042859274328755,-0.055020528572734165,-0.013779047920984878,-0.00052764,0.013867548410177493,0.0018549,1,1.0
2347,0.0449843868528296,0.002367466947749664,0.00043068,2.360253898083111,5.634017415187891,-25.08138405328969,0.5339017083921984,3.2007956656887053,0.08613346713151913,-25.950613848363837,-0.2562069914769774,-16.18333227820379,-0.30694249824025854,25.850888794936647,-0.055020528572734165,-0.010108510602673676,-0.00052764,0.008934577446741174,0.0018549,1,1.0
2348,0.033161939659252807,0.001543722631185644,0.00043068,2.360253898083111,5.634017415187891,-26.953584171750702,0.5339017083921984,0.4837826870246393,0.08613346713151913,-33.04740226176777,-0.2562069914769774,10.138350951591256,-0.30694249824025854,30.716020853767148,-0.055020528572734165,-0.015067205972828249,-0.00052764,0.015770725294704774,0.0018549,1,1.0
2349,0.04057398239447561,0.0029868676242844516,0.00043068,2.360253898083111,5.634017415187891,-44.55152423670412,0.5339017083921984,1.7769741055542623,0.08613346713151913,-20.737758436084423,-0.2562069914769774,62.88968350236076,-0.30694249824025854,20.39668621839345,-0.055020528572734165,-0.019068104849898588,-0.00052764,0.017926451375052128,0.0018549,1,1.0
2350,0.09533375374764352,0.007905102965195865,0.00043068,2.360253898083111,5.634017415187891,-59.315502965984926,0.5339017083921984,6.431028977643957,0.08613346713151913,-31.029409213466067,-0.2562069914769774,2.8772107601734813,-0.30694249824025854,37.2296266533714,-0.055020528572734165,-0.022995166762487123,-0.00052764,0.019675220240932417,0.0018549,1,1.0
2351,0.0016608399570734178,0.025291436693752983,0.00043068,2.360253898083111,5.634017415187891,55.06659099270112,0.5339017083921984,5.120104004504208,0.08613346713151913,-36.94127555989314,-0.2562069914769774,1.153637505537373,-0.30694249824025854,1.047242121574817,-0.055020528572734165,-0.004326757478212366,-0.00052764,0.05237174278506731,0.0018549,1,1.0
2352,0.001274479628318878,0.0066164974010556685,0.00043068,2.360253898083111,5.634017415187891,-4.3425972579390395,0.5339017083921984,5.123120091119983,0.08613346713151913,-35.664606378041725,-0.2562069914769774,51.677040775696675,-0.30694249824025854,10.659014788930728,-0.055020528572734165,-0.0028844418825846267,-0.00052764,0.01556821895678325,0.0018549,1,1.0
2353,0.03377976152594038,0.0014451339930058279,0.00043068,2.360253898083111,5.634017415187891,-25.628006709106106,0.5339017083921984,8.228892127690635,0.08613346713151913,-59.5400510692425,-0.2562069914769774,-3.1973393625763293,-0.30694249824025854,37.271395348930206,-0.055020528572734165,-0.022428043372942928,-0.00052764,0.02298286066313593,0.0018549,1,1.0
2354,0.1389589829574833,0.0018565420395802485,0.00043068,2.360253898083111,5.634017415187891,-66.6163370502617,0.5339017083921984,11.385341702507532,0.08613346713151913,-67.8734243117475,-0.2562069914769774,-56.122931744130064,-0.30694249824025854,67.33808453999146,-0.055020528572734165,-0.025706038182017287,-0.00052764,0.02629738963581935,0.0018549,1,1.0
2355,0.00126218573243006,0.0032722572996665518,0.00043068,2.360253898083111,5.634017415187891,-7.093605981810918,0.5339017083921984,9.704339426394998,0.08613346713151913,-37.26838901133345,-0.2562069914769774,10.450006628733806,-0.30694249824025854,10.187701802802389,-0.055020528572734165,-0.025160061086647447,-0.00052764,0.025055559821292265,0.0018549,1,1.0
2356,0.015024049547587862,0.008733179227223114,0.00043068,2.360253898083111,5.634017415187891,-11.231300091640456,0.5339017083921984,7.731293106155116,0.08613346713151913,-31.807348410844913,-0.2562069914769774,53.88302935652621,-0.30694249824025854,7.405164711211676,-0.055020528572734165,-0.0181513146720453,-0.00052764,0.029819310839891592,0.0018549,1,1.0
2357,0.05105334315701532,0.002663443664817672,0.00043068,2.360253898083111,5.634017415187891,-29.470297094901795,0.5339017083921984,12.820417046862984,0.08613346713151913,-74.60383284104917,-0.2562069914769774,-27.652357710310007,-0.30694249824025854,45.869601770679814,-0.055020528572734165,-0.032745346406201865,-0.00052764,0.03284025235901996,0.0018549,1,1.0
2358,0.020820641316461316,0.005633003146761213,0.00043068,2.360253898083111,5.634017415187891,4.430441420171277,0.5339017083921984,9.14399319620599,0.08613346713151913,-50.192179054481805,-0.2562069914769774,-44.7737558273036,-0.30694249824025854,24.856527673053478,-0.055020528572734165,-0.02568929769956377,-0.00052764,0.03305304599476318,0.0018549,1,1.0
2359,0.09968304042349427,0.0015622404770928194,0.00043068,2.360253898083111,5.634017415187891,-71.17171716866656,0.5339017083921984,5.810553682855652,0.08613346713151913,-47.20982799775693,-0.2562069914769774,39.39318598156088,-0.30694249824025854,48.209949028400054,-0.055020528572734165,-0.016635438091717226,-0.00052764,0.017068122306886827,0.0018549,1,1.0
2360,0.001994815268574951,0.018800380176600552,0.00043068,2.360253898083111,5.634017415187891,26.350202613640068,0.5339017083921984,10.588292194178047,0.08613346713151913,-65.62551078343358,-0.2562069914769774,38.59473452352602,-0.30694249824025854,14.871642650754293,-0.055020528572734165,-0.003414128318113864,-0.00052764,0.04037701189361075,0.0018549,1,1.0
2361,0.040068533430546865,0.0046691027452762605,0.00043068,2.360253898083111,5.634017415187891,-15.746775736348862,0.5339017083921984,9.7296202161634,0.08613346713151913,-25.706345625927344,-0.2562069914769774,-14.201868268108306,-0.30694249824025854,12.362451101957348,-0.055020528572734165,-0.026524247673846025,-0.00052764,0.02816979583461048,0.0018549,1,1.0
2362,0.029920740158284873,0.0012665776026718808,0.00043068,2.360253898083111,5.634017415187891,-29.868157766198895,0.5339017083921984,4.132755217343956,0.08613346713151913,-49.35349642593221,-0.2562069914769774,15.366485261392995,-0.30694249824025854,35.51914451395062,-0.055020528572734165,-0.016273574940436436,-0.00052764,0.015918479686890336,0.0018549,1,1.0
2363,0.06159659755637043,0.0033891084607224685,0.00043068,2.360253898083111,5.634017415187891,-44.82540418787684,0.5339017083921984,-4.098091171023372,0.08613346713151913,-23.470605338104633,-0.2562069914769774,15.796503353305598,-0.30694249824025854,39.05931810615536,-0.055020528572734165,-0.021263443251212016,-0.00052764,0.02125511597331911,0.0018549,1,1.0
2364,0.07779237296033092,0.0004371927978241283,0.00043068,2.360253898083111,5.634017415187891,-55.66316613878675,0.5339017083921984,4.569881184528401,0.08613346713151913,-53.80257336519055,-0.2562069914769774,15.983275913343807,-0.30694249824025854,50.27505593805865,-0.055020528572734165,-0.011348218649395326,-0.00052764,0.01141552257758376,0.0018549,1,1.0
2365,0.02458568505169566,0.0003304068214427376,0.00043068,2.360253898083111,5.634017415187891,-23.35254843408511,0.5339017083921984,3.263009195814164,0.08613346713151913,-35.41319098372226,-0.2562069914769774,14.62497722348775,-0.30694249824025854,25.50588859537236,-0.055020528572734165,-0.009721175837516591,-0.00052764,0.009916298702064672,0.0018549,1,1.0
2366,-9.562028035814407e-06,0.008365258229046968,0.00043068,2.360253898083111,5.634017415187891,-5.31362437288779,0.5339017083921984,11.458375787755903,0.08613346713151913,-91.40538400688033,-0.2562069914769774,-1.489904507242154,-0.30694249824025854,43.28449667377587,-0.055020528572734165,-0.03870215984136164,-0.00052764,0.04586350542353936,0.0018549,1,1.0
2367,0.04485619985175769,0.002014451729046793,0.00043068,2.360253898083111,5.634017415187891,-19.054049006562124,0.5339017083921984,6.397434884785152,0.08613346713151913,-45.501443227095315,-0.2562069914769774,-33.7441737842455,-0.30694249824025854,33.9714315737911,-0.055020528572734165,-0.021592625801913477,-0.00052764,0.023366152023551398,0.0018549,1,1.0
2368,0.07338814023975578,0.0010008642558303645,0.00043068,2.360253898083111,5.634017415187891,-52.30692210075327,0.5339017083921984,-0.094343402097636,0.08613346713151913,-25.871558894094775,-0.2562069914769774,30.577229342172966,-0.30694249824025854,36.215415241948136,-0.055020528572734165,-0.002851650973549444,-0.00052764,0.0038427213294573957,0.0018549,1,1.0
2369,5.421955056177097e-05,0.0026352052655890974,0.00043068,2.360253898083111,5.634017415187891,-2.7157536849217947,0.5339017083921984,6.161859184711569,0.08613346713151913,-25.431531881755586,-0.2562069914769774,14.314691762792766,-0.30694249824025854,6.1537262864728195,-0.055020528572734165,-0.01367141264509733,-0.00052764,0.016676842341774595,0.0018549,1,1.0
2370,0.03998250014556349,0.0007028639828453265,0.00043068,2.360253898083111,5.634017415187891,0.7273753862534464,0.5339017083921984,2.73169501801442,0.08613346713151913,-4.162046295054665,-0.2562069914769774,-73.2081612079806,-0.30694249824025854,11.359600601800933,-0.055020528572734165,-0.013325782495556198,-0.00052764,0.013911769991916168,0.0018549,1,1.0
2371,0.011746126068957696,0.011896106171771597,0.00043068,2.360253898083111,5.634017415187891,-12.560329035442617,0.5339017083921984,12.125328576314676,0.08613346713151913,-57.19106626944947,-0.2562069914769774,-25.2180605281573,-0.30694249824025854,26.194408012905782,-0.055020528572734165,-0.033713501850249815,-0.00052764,0.028459493782548584,0.0018549,1,1.0
2372,0.00022668600428280006,0.0022068034225003986,0.00043068,2.360253898083111,5.634017415187891,-21.57247595030928,0.5339017083921984,6.592718090600097,0.08613346713151913,-60.87748047203856,-0.2562069914769774,52.47669560685645,-0.30694249824025854,29.244685696394534,-0.055020528572734165,-0.01447783460925425,-0.00052764,0.017487811469893654,0.0018549,1,1.0
2373,0.11472619275594237,0.0025660558070138995,0.00043068,2.360253898083111,5.634017415187891,-56.44686723275451,0.5339017083921984,2.306970815634994,0.08613346713151913,-40.481311921382606,-0.2562069914769774,-37.87388535449133,-0.30694249824025854,55.78714057707138,-0.055020528572734165,-0.017439554110256744,-0.00052764,0.018866634448425047,0.0018549,1,1.0
2374,0.011725698248789523,0.0008236494330533301,0.00043068,2.360253898083111,5.634017415187891,-6.538556067624234,0.5339017083921984,6.3408819116100705,0.08613346713151913,-33.314731915461124,-0.2562069914769774,-13.292852611924493,-0.30694249824025854,16.55353420311305,-0.055020528572734165,-0.01620298963242967,-0.00052764,0.016360507277092765,0.0018549,1,1.0
2375,0.0035284954115518963,0.020177696120973556,0.00043068,2.360253898083111,5.634017415187891,40.754823583681755,0.5339017083921984,10.49610838455494,0.08613346713151913,-62.547148763500374,-0.2562069914769774,-16.135809576781114,-0.30694249824025854,15.534939988795651,-0.055020528572734165,-0.016586511547801983,-0.00052764,0.05287556953453132,0.0018549,1,1.0
2376,0.02673018726467853,0.002902140854051684,0.00043068,2.360253898083111,5.634017415187891,-16.94372709524783,0.5339017083921984,4.7783170348953865,0.08613346713151913,-47.71648572517128,-0.2562069914769774,-4.904413698569224,-0.30694249824025854,31.88860300130743,-0.055020528572734165,-0.019490533776395647,-0.00052764,0.022840278007704114,0.0018549,1,1.0
2377,0.05842833489028716,0.0028347216609114455,0.00043068,2.360253898083111,5.634017415187891,-38.435315446737526,0.5339017083921984,9.112961846321236,0.08613346713151913,-40.3361662338079,-0.2562069914769774,11.273427237844752,-0.30694249824025854,28.193954212079724,-0.055020528572734165,-0.02474487114892008,-0.00052764,0.02481587226473319,0.0018549,1,1.0
2378,0.04926622015884434,0.002733738839073666,0.00043068,2.360253898083111,5.634017415187891,-12.817750581090023,0.5339017083921984,0.7657954623130386,0.08613346713151913,-20.70093702392678,-0.2562069914769774,-62.24562855632134,-0.30694249824025854,28.59724818831204,-0.055020528572734165,-0.026320650226718367,-0.00052764,0.026439318705400512,0.0018549,1,1.0
2379,0.06409546885815581,0.002105374226860954,0.00043068,2.360253898083111,5.634017415187891,-46.63327156587187,0.5339017083921984,7.337996707943615,0.08613346713151913,-74.21971904024988,-0.2562069914769774,1.5726244824198794,-0.30694249824025854,56.85508311107331,-0.055020528572734165,-0.025673651860115866,-0.00052764,0.026471501966539815,0.0018549,1,1.0
2380,0.030800203336650706,0.0007279787008108325,0.00043068,2.360253898083111,5.634017415187891,9.269606958984268,0.5339017083921984,5.037953287932261,0.08613346713151913,-6.538944561445344,-0.2562069914769774,-85.36219671532504,-0.30694249824025854,7.3657468876637004,-0.055020528572734165,-0.01672179816487048,-0.00052764,0.016949333617063002,0.0018549,1,1.0
2381,0.05959217521678712,0.002184826806222684,0.00043068,2.360253898083111,5.634017415187891,-55.69982961561679,0.5339017083921984,1.2796748564021225,0.08613346713151913,-59.49828967756449,-0.2562069914769774,38.50330030411225,-0.30694249824025854,54.304152865671156,-0.055020528572734165,-0.019051504708787352,-0.00052764,0.018962566099893316,0.0018549,1,1.0
2382,0.09319828987422954,0.0017811002140823407,0.00043068,2.360253898083111,5.634017415187891,-49.17764886987269,0.5339017083921984,4.9079491951074345,0.08613346713151913,-52.308439812209706,-0.2562069914769774,-30.83574168875034,-0.30694249824025854,54.17493104601209,-0.055020528572734165,-0.020629838241873248,-0.00052764,0.021412624166050095,0.0018549,1,1.0
2383,0.055806747097648185,0.006317382725888498,0.00043068,2.360253898083111,5.634017415187891,-19.77163512445376,0.5339017083921984,12.942312058645395,0.08613346713151913,-78.55249980307224,-0.2562069914769774,-43.67305083971946,-0.30694249824025854,47.97020870365614,-0.055020528572734165,-0.03367583329722003,-0.00052764,0.04039467213350276,0.0018549,1,1.0
2384,0.002947148029527169,0.018354520335455676,0.00043068,2.360253898083111,5.634017415187891,18.64870809407818,0.5339017083921984,12.794105230340161,0.08613346713151913,-41.85327437586894,-0.2562069914769774,43.2077378905377,-0.30694249824025854,-2.1923774897385577,-0.055020528572734165,-0.01632198596027748,-0.00052764,0.043495009571194294,0.0018549,1,1.0
2385,0.010756324464831712,0.004223961916292852,0.00043068,2.360253898083111,5.634017415187891,7.659148201359128,0.5339017083921984,4.424057260047247,0.08613346713151913,-23.331911717827083,-0.2562069914769774,-23.3471503386029,-0.30694249824025854,10.169898501834885,-0.055020528572734165,-0.010792491166701109,-0.00052764,0.018366215413148115,0.0018549,1,1.0
2386,-0.0019493678602263698,0.013457343125216022,0.00043068,2.360253898083111,5.634017415187891,30.5672351366915,0.5339017083921984,10.230515394455212,0.08613346713151913,-30.381213425708577,-0.2562069914769774,-37.98752449336812,-0.30694249824025854,-0.20861652735573005,-0.055020528572734165,-0.015059703067492821,-0.00052764,0.030761418088504158,0.0018549,1,1.0
2387,0.03988985642969839,0.0037370287457413804,0.00043068,2.360253898083111,5.634017415187891,-21.046253519440086,0.5339017083921984,12.071128452694042,0.08613346713151913,-77.26447635036072,-0.2562069914769774,-34.19829599985355,-0.30694249824025854,45.886078814607906,-0.055020528572734165,-0.03545193134739935,-0.00052764,0.036858781607176136,0.0018549,1,1.0
2388,0.02586561347927928,0.004374377215962351,0.00043068,2.360253898083111,5.634017415187891,-27.32991274232168,0.5339017083921984,5.671746440505019,0.08613346713151913,-62.163852456349694,-0.2562069914769774,42.27140638851027,-0.30694249824025854,37.203211240765505,-0.055020528572734165,-0.012606348318714319,-0.00052764,0.020076197347143335,0.0018549,1,1.0
2389,0.052221381018158375,0.0063844734205382725,0.00043068,2.360253898083111,5.634017415187891,-18.570851646665485,0.5339017083921984,10.439784548546063,0.08613346713151913,-70.00983792566555,-0.2562069914769774,-76.23687958581232,-0.30694249824025854,49.26072545127774,-0.055020528572734165,-0.04291322720663526,-0.00052764,0.04151196419569993,0.0018549,1,1.0
2390,0.00030680541654742877,0.010733741021919666,0.00043068,2.360253898083111,5.634017415187891,-4.886908829488666,0.5339017083921984,17.970927499911642,0.08613346713151913,-79.9077658554109,-0.2562069914769774,14.975831743483948,-0.30694249824025854,23.921662328649916,-0.055020528572734165,-0.03883839238617151,-0.00052764,0.045207373046462926,0.0018549,1,1.0
2391,0.13298616270630992,0.0009603425889444651,0.00043068,2.360253898083111,5.634017415187891,-52.58502537098385,0.5339017083921984,2.86167574336953,0.08613346713151913,-15.568359538687753,-0.2562069914769774,-69.52555722435355,-0.30694249824025854,43.505687366516696,-0.055020528572734165,-0.005743462079805779,-0.00052764,0.006019964042964127,0.0018549,1,1.0
2392,0.03596161185494374,0.0008412313530764741,0.00043068,2.360253898083111,5.634017415187891,-27.166995892439786,0.5339017083921984,4.235553182484727,0.08613346713151913,-43.88591709026979,-0.2562069914769774,0.20882930232354446,-0.30694249824025854,33.52307269282578,-0.055020528572734165,-0.01600570048502867,-0.00052764,0.01588427067862858,0.0018549,1,1.0
2393,0.000530942142826632,0.01618489546928267,0.00043068,2.360253898083111,5.634017415187891,35.66862394559931,0.5339017083921984,7.239478847457839,0.08613346713151913,-42.96898994918878,-0.2562069914769774,-9.037653190066457,-0.30694249824025854,8.070434901489586,-0.055020528572734165,-0.009533733405204203,-0.00052764,0.04005976005372178,0.0018549,1,1.0
2394,0.03100915786640937,0.0035697974537698997,0.00043068,2.360253898083111,5.634017415187891,-32.85522995851737,0.5339017083921984,10.096775235194114,0.08613346713151913,-60.287206339791375,-0.2562069914769774,41.65742931837503,-0.30694249824025854,31.40968323516473,-0.055020528572734165,-0.021757999712449166,-0.00052764,0.024705394565856565,0.0018549,1,1.0
2395,0.08166876399889336,0.0005957053987315107,0.00043068,2.360253898083111,5.634017415187891,-52.892370504497215,0.5339017083921984,7.27290035995505,0.08613346713151913,-59.65087806168822,-0.2562069914769774,-0.9907570131957986,-0.30694249824025854,51.569917739377765,-0.055020528572734165,-0.01701162350195209,-0.00052764,0.017015908049047245,0.0018549,1,1.0
2396,0.0004061933232858417,0.011046971843857696,0.00043068,2.360253898083111,5.634017415187891,21.278930781900037,0.5339017083921984,10.75740246209175,0.08613346713151913,-23.976219797362774,-0.2562069914769774,-7.501575920762138,-0.30694249824025854,-5.841657358339877,-0.055020528572734165,-0.018328657139074462,-0.00052764,0.033077326452388756,0.0018549,1,1.0
2397,0.0055090429838527966,0.009664239855076884,0.00043068,2.360253898083111,5.634017415187891,19.739622146589156,0.5339017083921984,3.601022280032572,0.08613346713151913,-23.789833118570243,-0.2562069914769774,-8.396146067342574,-0.30694249824025854,6.085829009056215,-0.055020528572734165,-0.0061587385528140675,-0.00052764,0.024625965492155746,0.0018549,1,1.0
2398,0.03462663665110061,0.0016772606581310502,0.00043068,2.360253898083111,5.634017415187891,-14.975367462199861,0.5339017083921984,4.04038210763579,0.08613346713151913,-38.499919320402356,-0.2562069914769774,-35.37648387595535,-0.30694249824025854,30.92546078085226,-0.055020528572734165,-0.023664017510080813,-0.00052764,0.02378263796833289,0.0018549,1,1.0
2399,0.07254457520085543,0.001199024489038012,0.00043068,2.360253898083111,5.634017415187891,-23.969348686011713,0.5339017083921984,6.303038219751426,0.08613346713151913,-36.88622788025042,-0.2562069914769774,-69.75714520698969,-0.30694249824025854,37.229575987305005,-0.055020528572734165,-0.02299452404782689,-0.00052764,0.022954169636777363,0.0018549,1,1.0
2400,-0.6301928375862021,1.3092495531889046,0.00043068,1.0400317752440658,2.5682498578706694,29.329304739397365,0.5339017083921984,11.093487465471991,0.08613346713151913,-43.89101654741897,-0.2562069914769774,48.83953199040806,-0.30694249824025854,-16.252092294963095,-0.055020528572734165,0.8258308834023952,-0.00052764,2.1648008170472814,0.0018549,0,1.0
2401,0.2729365759216743,0.17268340136650817,0.00043068,1.0400317752440658,2.5682498578706694,-31.176985314861103,0.5339017083921984,4.4225766377701,0.08613346713151913,-73.31011401043045,-0.2562069914769774,68.33292614559093,-0.30694249824025854,48.8116678955746,-0.055020528572734165,-0.21123020892803365,-0.00052764,0.24932087908364672,0.0018549,1,1.0
2402,0.27354829312194906,0.361923916904427,0.00043068,1.0400317752440658,2.5682498578706694,29.948736533800837,0.5339017083921984,26.103900995538446,0.08613346713151913,-23.66017951886258,-0.2562069914769774,-19.765534204874346,-0.30694249824025854,-12.698417577624236,-0.055020528572734165,0.42431700579317955,-0.00052764,2.4290596677007708,0.0018549,0,1.0
2403,0.716449081459128,0.399764269253116,0.00043068,1.0400317752440658,2.5682498578706694,6.460612286378573,0.5339017083921984,14.534932225097505,0.08613346713151913,-29.129807477966374,-0.2562069914769774,1.7253648779226078,-0.30694249824025854,12.260083564211385,-0.055020528572734165,0.7861855763498093,-0.00052764,1.4715870695255049,0.0018549,0,1.0
2404,-5.563714132006403e-05,0.9694764519176085,0.00043068,1.0400317752440658,2.5682498578706694,38.60480170246081,0.5339017083921984,20.13671039796405,0.08613346713151913,-67.04193449530496,-0.2562069914769774,76.99380679562682,-0.30694249824025854,-13.363481151984429,-0.055020528572734165,2.436351001899202,-0.00052764,3.5128084256312144,0.0018549,0,1.0
2405,0.6695253730355584,0.2031272303223509,0.00043068,1.0400317752440658,2.5682498578706694,-9.296221639426967,0.5339017083921984,14.122163740453717,0.08613346713151913,-51.46428447479263,-0.2562069914769774,24.150136690222023,-0.30694249824025854,30.324945662271258,-0.055020528572734165,0.3970987239212755,-0.00052764,1.0830433968047124,0.0018549,0,1.0
2406,-0.014358442387328807,0.263345240199728,0.00043068,1.0400317752440658,2.5682498578706694,7.058660138883385,0.5339017083921984,5.081712906298469,0.08613346713151913,-27.314194381054154,-0.2562069914769774,20.61805017404638,-0.30694249824025854,4.435956540628075,-0.055020528572734165,0.23766574126161288,-0.00052764,1.134373079711371,0.0018549,0,1.0
2407,0.21035283555426537,0.1768002592378478,0.00043068,1.0400317752440658,2.5682498578706694,-14.526913072937376,0.5339017083921984,4.4493852004278525,0.08613346713151913,-42.69592382799012,-0.2562069914769774,38.29398172652008,-0.30694249824025854,25.892964648015607,-0.055020528572734165,0.0780878598528433,-0.00052764,0.3295359940362588,0.0018549,0,1.0
2408,0.036216770386752195,0.1122425871004788,0.00043068,1.0400317752440658,2.5682498578706694,57.11420747880231,0.5339017083921984,30.92768280861797,0.08613346713151913,-38.20587860142591,-0.2562069914769774,-23.460530749976456,-0.30694249824025854,-24.899203592422655,-0.055020528572734165,0.5029683496104747,-0.00052764,4.439516935340588,0.0018549,0,1.0
2409,0.6858751363502429,1.7352151070438173,0.00043068,1.0400317752440658,2.5682498578706694,-8.189302610871843,0.5339017083921984,20.36332157589525,0.08613346713151913,-64.49318369815553,-0.2562069914769774,7.57790680607966,-0.30694249824025854,38.09065749110168,-0.055020528572734165,-0.3208607118659176,-0.00052764,1.629454207341381,0.0018549,1,1.0
2410,1.9038084076307553,1.233498615667684,0.00043068,1.0400317752440658,2.5682498578706694,-12.370287648698843,0.5339017083921984,17.979159783528218,0.08613346713151913,-33.045497507797954,-0.2562069914769774,-37.68755127991816,-0.30694249824025854,46.55982208297065,-0.055020528572734165,0.28475980680229573,-0.00052764,1.6965523091188168,0.0018549,0,1.0
2411,0.045084856549597485,0.15630666741351204,0.00043068,1.0400317752440658,2.5682498578706694,16.16271630251291,0.5339017083921984,6.223046737376032,0.08613346713151913,-18.601606817069964,-0.2562069914769774,9.512133107664578,-0.30694249824025854,-4.0416438818717495,-0.055020528572734165,0.3630163835952468,-0.00052764,1.6052238498519253,0.0018549,0,1.0
2412,0.020664902181957823,0.12609361980292183,0.00043068,1.0400317752440658,2.5682498578706694,14.707971152824902,0.5339017083921984,20.035436522839966,0.08613346713151913,-77.6547356344061,-0.2562069914769774,54.92735452771512,-0.30694249824025854,13.769858589867699,-0.055020528572734165,0.9237637175828823,-0.00052764,2.4449963872767446,0.0018549,0,1.0
2413,-0.05884660073437775,0.3092198279209117,0.00043068,1.0400317752440658,2.5682498578706694,57.77751288350348,0.5339017083921984,42.52856762663703,0.08613346713151913,-60.90257019616104,-0.2562069914769774,-11.142640052216894,-0.30694249824025854,-22.616544610418245,-0.055020528572734165,0.6027254616063118,-0.00052764,4.622311923264032,0.0018549,0,1.0
2414,0.03801670084304609,0.13047747372008353,0.00043068,1.0400317752440658,2.5682498578706694,43.878025261385986,0.5339017083921984,33.80868607348943,0.08613346713151913,-76.77162613309797,-0.2562069914769774,20.16805858624964,-0.30694249824025854,-4.956273630378623,-0.055020528572734165,0.8397144147508186,-0.00052764,4.30440623894718,0.0018549,0,1.0
2415,0.4391675815885452,0.2201179175634924,0.00043068,1.0400317752440658,2.5682498578706694,14.441126688066245,0.5339017083921984,21.00450565583919,0.08613346713151913,-44.17992297894973,-0.2562069914769774,9.446153064231154,-0.30694249824025854,7.77044344064515,-0.055020528572734165,0.6799952000341137,-0.00052764,2.042541223275874,0.0018549,0,1.0
2416,2.0985367578809395,3.4453402678378495,0.00043068,1.0400317752440658,2.5682498578706694,27.06359855561561,0.5339017083921984,36.063216253644875,0.08613346713151913,-65.32734245211486,-0.2562069914769774,-20.77350842980044,-0.30694249824025854,28.913914930926722,-0.055020528572734165,1.83216054839482,-0.00052764,4.785065150929635,0.0018549,0,1.0
2417,0.020856050168722273,0.17216602331726394,0.00043068,1.0400317752440658,2.5682498578706694,45.79047156326027,0.5339017083921984,34.777823861604865,0.08613346713151913,-83.59104548962048,-0.2562069914769774,20.022275144712022,-0.30694249824025854,-2.577095669418056,-0.055020528572734165,0.6717446340417772,-0.00052764,4.682083810222329,0.0018549,0,1.0
2418,0.19052382131232448,0.031234044392327263,0.00043068,1.0400317752440658,2.5682498578706694,-6.831268191754615,0.5339017083921984,2.5011202342057484,0.08613346713151913,-14.700969856330504,-0.2562069914769774,4.931812206116137,-0.30694249824025854,12.711478889123535,-0.055020528572734165,-0.11173565194363544,-0.00052764,0.11550955469077812,0.0018549,1,1.0
2419,-0.005890428135026715,0.07340389491650261,0.00043068,1.0400317752440658,2.5682498578706694,27.852598044814137,0.5339017083921984,21.495812615319487,0.08613346713151913,-53.25710400328682,-0.2562069914769774,15.69007895719059,-0.30694249824025854,-1.3292235093756857,-0.055020528572734165,0.46406099194290884,-0.00052764,2.8609973415445618,0.0018549,0,1.0
2420,0.3802754549030727,0.24869513652097644,0.00043068,1.0400317752440658,2.5682498578706694,17.34348309011013,0.5339017083921984,23.23414182679139,0.08613346713151913,-71.36355919253678,-0.2562069914769774,18.07221172536194,-0.30694249824025854,19.04535258613051,-0.055020528572734165,0.2856006492785781,-0.00052764,3.084729766670419,0.0018549,0,1.0
2421,0.529190673596033,0.3792466387675613,0.00043068,1.0400317752440658,2.5682498578706694,-7.087905180235467,0.5339017083921984,10.359692298887035,0.08613346713151913,-63.02607210984662,-0.2562069914769774,41.66376518928629,-0.30694249824025854,32.96904176445095,-0.055020528572734165,0.5339767800039865,-0.00052764,1.4600779620991178,0.0018549,0,1.0
2422,0.06171438733153689,0.2124955895684531,0.00043068,1.0400317752440658,2.5682498578706694,55.20506789765522,0.5339017083921984,33.801771743469025,0.08613346713151913,-39.911763539906595,-0.2562069914769774,-13.935701431774882,-0.30694249824025854,-26.63288487889068,-0.055020528572734165,0.9407780050467216,-0.00052764,4.081000449842312,0.0018549,0,1.0
2423,0.02001329640571825,0.2961940406471596,0.00043068,1.0400317752440658,2.5682498578706694,96.83725907718045,0.5339017083921984,57.49525643299577,0.08613346713151913,-46.735760795619086,-0.2562069914769774,-64.68333264886975,-0.30694249824025854,-51.32025969292966,-0.055020528572734165,0.5788371287167005,-0.00052764,6.8620722044072195,0.0018549,0,1.0
2424,1.333626195042141,2.2059994791546846,0.00043068,1.0400317752440658,2.5682498578706694,-35.04290949352037,0.5339017083921984,14.34873766779127,0.08613346713151913,-63.107594800057704,-0.2562069914769774,-10.495196007883447,-0.30694249824025854,69.08135667467798,-0.055020528572734165,-1.0516027362833809,-0.00052764,0.7933731292446381,0.0018549,1,1.0
2425,0.05197000685186237,1.3509521518751162,0.00043068,1.0400317752440658,2.5682498578706694,34.38030861747316,0.5339017083921984,15.197801625248998,0.08613346713151913,-28.613491259522306,-0.2562069914769774,63.13843560788151,-0.30694249824025854,-27.970391544638264,-0.055020528572734165,1.8053587516045897,-0.00052764,3.1369552250396615,0.0018549,0,1.0
2426,0.06051320447535491,0.24304379533780374,0.00043068,1.0400317752440658,2.5682498578706694,12.367054114865502,0.5339017083921984,7.641681130015662,0.08613346713151913,-23.75201382404957,-0.2562069914769774,35.618978197815466,-0.30694249824025854,-5.683031065395671,-0.055020528572734165,0.9318683703527184,-0.00052764,1.3633535583757648,0.0018549,0,1.0
2427,0.3348380669636387,0.4486838255115142,0.00043068,1.0400317752440658,2.5682498578706694,9.899262813278341,0.5339017083921984,10.914983194851175,0.08613346713151913,-33.47896718526546,-0.2562069914769774,36.402383055467006,-0.30694249824025854,2.6135025669936383,-0.055020528572734165,1.2067990205731502,-0.00052764,1.504774383991249,0.0018549,0,1.0
2428,-0.08211605073777362,0.3582043507978182,0.00043068,1.0400317752440658,2.5682498578706694,53.35146275554999,0.5339017083921984,28.23648880099223,0.08613346713151913,-46.98034746992004,-0.2562069914769774,7.485084917986147,-0.30694249824025854,-24.175368027018678,-0.055020528572734165,1.1085305945858515,-0.00052764,4.099958163154149,0.0018549,0,1.0
2429,0.1011523726739072,0.03130804557756929,0.00043068,1.0400317752440658,2.5682498578706694,22.4209533070007,0.5339017083921984,19.48435331379243,0.08613346713151913,-37.7879315826017,-0.2562069914769774,2.3227235836468134,-0.30694249824025854,-2.0524283946946817,-0.055020528572734165,0.3425876266573452,-0.00052764,2.2210489249227803,0.0018549,0,1.0
2430,0.0009308823551534839,0.04015401560122375,0.00043068,1.0400317752440658,2.5682498578706694,13.122170783633983,0.5339017083921984,17.44089827444805,0.08613346713151913,-59.746479685979985,-0.2562069914769774,38.15628176941217,-0.30694249824025854,9.003993047501424,-0.055020528572734165,0.6534007479301077,-0.00052764,1.9567736767210597,0.0018549,0,1.0
2431,0.06889192180359227,0.1222158762567406,0.00043068,1.0400317752440658,2.5682498578706694,16.041980896886457,0.5339017083921984,16.564978455948516,0.08613346713151913,-30.18608552285699,-0.2562069914769774,10.598057063189009,-0.30694249824025854,-3.4529492315499413,-0.055020528572734165,0.5028650221413193,-0.00052764,1.537247559022045,0.0018549,0,1.0
2432,-0.2183943024296533,1.0153261740965611,0.00043068,1.0400317752440658,2.5682498578706694,58.94608471946664,0.5339017083921984,21.199558651176453,0.08613346713151913,-37.33210554286203,-0.2562069914769774,30.932234025917907,-0.30694249824025854,-36.359839854424195,-0.055020528572734165,1.8670168934379279,-0.00052764,4.107569061013683,0.0018549,0,1.0
2433,0.025882695242720244,0.0659033355816726,0.00043068,1.0400317752440658,2.5682498578706694,-1.4539777123166933,0.5339017083921984,12.172527929658417,0.08613346713151913,-67.32130394510456,-0.2562069914769774,50.196614427909154,-0.30694249824025854,23.515435435690787,-0.055020528572734165,0.3637273445261412,-0.00052764,1.36785251045398,0.0018549,0,1.0
2434,0.49478481146543973,0.23159259564143309,0.00043068,1.0400317752440658,2.5682498578706694,-32.749373296018675,0.5339017083921984,8.092084961214455,0.08613346713151913,-74.92223172573733,-0.2562069914769774,55.886746509130674,-0.30694249824025854,53.84647025822973,-0.055020528572734165,-0.2968269365046824,-0.00052764,0.3202411725484353,0.0018549,1,1.0
2435,0.22838759509600237,0.1725681257854386,0.00043068,1.0400317752440658,2.5682498578706694,29.102017952055036,0.5339017083921984,28.66477167214222,0.08613346713151913,-66.25945018942907,-0.2562069914769774,21.625946165256632,-0.30694249824025854,2.490528978418054,-0.055020528572734165,0.9044895012052572,-0.00052764,3.2144967865675595,0.0018549,0,1.0
2436,0.10681657706755265,0.3328580855215437,0.00043068,1.0400317752440658,2.5682498578706694,49.89794087679449,0.5339017083921984,33.10474495864706,0.08613346713151913,-50.34006907973443,-0.2562069914769774,6.142832310196191,-0.30694249824025854,-20.77699216439606,-0.055020528572734165,1.3152537505062651,-0.00052764,3.900351900215731,0.0018549,0,1.0
2437,0.34824904929993994,0.134168911363184,0.00043068,1.0400317752440658,2.5682498578706694,23.9613790076044,0.5339017083921984,28.996410670965012,0.08613346713151913,-61.02648296147797,-0.2562069914769774,0.7597938199559768,-0.30694249824025854,8.5486964776378,-0.055020528572734165,0.26038546458548173,-0.00052764,3.0682075467320713,0.0018549,0,1.0
2438,0.2632325900436417,0.17113254193842692,0.00043068,1.0400317752440658,2.5682498578706694,-15.87270644669938,0.5339017083921984,5.409327271767342,0.08613346713151913,-38.355298119955805,-0.2562069914769774,28.5346290915311,-0.30694249824025854,26.3070951879671,-0.055020528572734165,-0.19480512088356752,-0.00052764,0.29302788660463164,0.0018549,1,1.0
2439,0.0008358941237820439,0.129038561959873,0.00043068,1.0400317752440658,2.5682498578706694,28.07589805489227,0.5339017083921984,21.681218246426322,0.08613346713151913,-43.923389857513584,-0.2562069914769774,20.103126691201112,-0.30694249824025854,-8.549147469097768,-0.055020528572734165,0.94870017969695,-0.00052764,2.400675772064868,0.0018549,0,1.0
2440,0.11624983722503046,0.5208759835730141,0.00043068,1.0400317752440658,2.5682498578706694,11.288425646784395,0.5339017083921984,-3.8725039649701856,0.08613346713151913,-2.0698117364105904,-0.2562069914769774,31.140373744639568,-0.30694249824025854,-9.489728365502062,-0.055020528572734165,0.3017365789571017,-0.00052764,1.7859773524232634,0.0018549,0,1.0
2441,0.04490751786549141,1.0554413623057637,0.00043068,1.0400317752440658,2.5682498578706694,51.90016930984846,0.5339017083921984,20.999227399494732,0.08613346713151913,-44.66907392670883,-0.2562069914769774,45.77398324938582,-0.30694249824025854,-28.0862268948281,-0.055020528572734165,2.3281295835578844,-0.00052764,3.953780096552909,0.0018549,0,1.0
2442,0.24664443420021698,0.042051799795260636,0.00043068,1.0400317752440658,2.5682498578706694,10.169286831364703,0.5339017083921984,21.831480885211526,0.08613346713151913,-67.7683161592625,-0.2562069914769774,25.440583196722542,-0.30694249824025854,18.809197263431155,-0.055020528572734165,0.2974002811202172,-0.00052764,2.277911266230361,0.0018549,0,1.0
2443,0.3356976323142759,0.17294776193780081,0.00043068,1.0400317752440658,2.5682498578706694,-0.7223837558252071,0.5339017083921984,6.427636009658752,0.08613346713151913,-33.68056690358906,-0.2562069914769774,21.548281379034016,-0.30694249824025854,15.900562595901008,-0.055020528572734165,0.4095087157000564,-0.00052764,1.0220995116779048,0.0018549,0,1.0
2444,-0.025421755418060243,0.4055716114994584,0.00043068,1.0400317752440658,2.5682498578706694,54.2858043874875,0.5339017083921984,44.412070753400926,0.08613346713151913,-78.95471327821329,-0.2562069914769774,17.192419156330967,-0.30694249824025854,-16.899503393672344,-0.055020528572734165,1.1727607479885243,-0.00052764,4.642979014782245,0.0018549,0,1.0
2445,0.3287314487380335,0.15243796710721133,0.00043068,1.0400317752440658,2.5682498578706694,-7.0123637853558645,0.5339017083921984,23.2975646937607,0.08613346713151913,-86.21751133298933,-0.2562069914769774,56.07580652598038,-0.30694249824025854,33.386254212722044,-0.055020528572734165,0.3053395508268296,-0.00052764,1.7414944839015614,0.0018549,0,1.0
2446,0.5300899459524813,0.20480133270865686,0.00043068,1.0400317752440658,2.5682498578706694,36.39680647204233,0.5339017083921984,26.520761094946426,0.08613346713151913,-26.056952550524112,-0.2562069914769774,-36.11226288649144,-0.30694249824025854,-8.578557273081667,-0.055020528572734165,0.344904517087518,-0.00052764,3.2728826020493873,0.0018549,0,1.0
2447,0.047934622700224194,0.30227057609457314,0.00043068,1.0400317752440658,2.5682498578706694,33.374679828279724,0.5339017083921984,22.58341324794443,0.08613346713151913,-30.901894105571518,-0.2562069914769774,9.833584409165573,-0.30694249824025854,-17.62248894819202,-0.055020528572734165,1.1361095821885023,-0.00052764,2.399877693213826,0.0018549,0,1.0
2448,0.1318230394597144,0.2110104197540784,0.00043068,1.0400317752440658,2.5682498578706694,59.47973930040161,0.5339017083921984,35.46399923960993,0.08613346713151913,-29.21738042932337,-0.2562069914769774,-35.543467556037854,-0.30694249824025854,-31.044297714523758,-0.055020528572734165,0.6679080036296612,-0.00052764,4.24554571189063,0.0018549,0,1.0
2449,1.1854511199307118,0.609388575166882,0.00043068,1.0400317752440658,2.5682498578706694,8.49664173102588,0.5339017083921984,18.847516355549722,0.08613346713151913,-15.948349094853837,-0.2562069914769774,-37.930760854705916,-0.30694249824025854,14.653720854741042,-0.055020528572734165,0.418975675963405,-0.00052764,1.8447431115388526,0.0018549,0,1.0
2450,0.19066573461595882,0.10134834332699857,0.00043068,1.0400317752440658,2.5682498578706694,45.53080224893258,0.5339017083921984,29.346994410626408,0.08613346713151913,-42.52417761455297,-0.2562069914769774,-21.414529887902052,-0.30694249824025854,-12.859528972396367,-0.055020528572734165,0.30942720716704697,-0.00052764,3.9795128587927784,0.0018549,0,1.0
2451,1.1237976326668182,0.7350963938018797,0.00043068,1.0400317752440658,2.5682498578706694,13.681728043789917,0.5339017083921984,36.929772405367075,0.08613346713151913,-70.95218597944275,-0.2562069914769774,-16.319265435304136,-0.30694249824025854,28.496472303327636,-0.055020528572734165,0.22427320801718498,-0.00052764,3.3315927558830234,0.0018549,0,1.0
2452,0.15645105343891663,0.11720103174168665,0.00043068,1.0400317752440658,2.5682498578706694,-10.844646580347382,0.5339017083921984,9.743462487684878,0.08613346713151913,-59.92955392799833,-0.2562069914769774,47.71615448945383,-0.30694249824025854,28.187231718173738,-0.055020528572734165,0.27749137215343334,-0.00052764,0.7238956074983112,0.0018549,0,1.0
2453,0.0040996600386344895,0.2434906593490692,0.00043068,1.0400317752440658,2.5682498578706694,59.976358668336566,0.5339017083921984,32.96787231218987,0.08613346713151913,-43.19613127675144,-0.2562069914769774,-5.283616956460321,-0.30694249824025854,-29.675235137158726,-0.055020528572734165,1.1950606477947843,-0.00052764,4.4072197742748145,0.0018549,0,1.0
2454,0.07892359560197448,0.6654920689704336,0.00043068,1.0400317752440658,2.5682498578706694,51.72840658927073,0.5339017083921984,29.016968512256867,0.08613346713151913,-66.04141027145552,-0.2562069914769774,37.722060050001716,-0.30694249824025854,-17.32521293015211,-0.055020528572734165,1.8659576745406266,-0.00052764,4.435630176580252,0.0018549,0,1.0
2455,0.12639394984072228,0.2879419571711885,0.00043068,1.0400317752440658,2.5682498578706694,35.19593873311025,0.5339017083921984,18.944824586977187,0.08613346713151913,-39.12062977234424,-0.2562069914769774,0.7186794034614079,-0.30694249824025854,-7.994325433936357,-0.055020528572734165,0.4860134364029023,-0.00052764,3.3089540502892465,0.0018549,0,1.0
2456,0.4385526798423427,0.326455731337773,0.00043068,1.0400317752440658,2.5682498578706694,39.35009555592072,0.5339017083921984,29.35120540276671,0.08613346713151913,-37.97698038936063,-0.2562069914769774,-15.527229568955454,-0.30694249824025854,-10.760754779189897,-0.055020528572734165,0.8567248410405326,-0.00052764,3.437731384881824,0.0018549,0,1.0
2457,0.2124331118514604,0.2969001454116279,0.00043068,1.0400317752440658,2.5682498578706694,72.9474439037674,0.5339017083921984,47.20431210646114,0.08613346713151913,-78.68531521893397,-0.2562069914769774,-20.457604474015763,-0.30694249824025854,-18.4444067971473,-0.055020528572734165,0.5989785642847725,-0.00052764,6.529639758851282,0.0018549,0,1.0
2458,0.07864469398735974,0.4999027811232476,0.00043068,1.0400317752440658,2.5682498578706694,67.77708843595106,0.5339017083921984,38.690405825416,0.08613346713151913,-51.88341330258631,-0.2562069914769774,0.8418557111095651,-0.30694249824025854,-33.42156274284758,-0.055020528572734165,1.681754740218957,-0.00052764,4.975863202946148,0.0018549,0,1.0
2459,0.5864313034476203,0.28269852329219836,0.00043068,1.0400317752440658,2.5682498578706694,45.74535948698517,0.5339017083921984,28.735854258170562,0.08613346713151913,-23.55441579845103,-0.2562069914769774,-48.660904393315235,-0.30694249824025854,-13.640526925650034,-0.055020528572734165,0.30139625997279684,-0.00052764,3.9559623460719093,0.0018549,0,1.0
2460,0.7141915678842847,0.5590778702519174,0.00043068,1.0400317752440658,2.5682498578706694,39.10495659311327,0.5339017083921984,31.251593536059115,0.08613346713151913,-7.646484497782196,-0.2562069914769774,-61.41357033222572,-0.30694249824025854,-16.828584783620716,-0.055020528572734165,0.29979712770048983,-0.00052764,3.078231877983262,0.0018549,0,1.0
2461,0.24551421229075499,0.44979705710842066,0.00043068,1.0400317752440658,2.5682498578706694,42.892149035584595,0.5339017083921984,17.957633802510742,0.08613346713151913,-12.018870989710152,-0.2562069914769774,-10.141062194231793,-0.30694249824025854,-25.321636862956957,-0.055020528572734165,1.225747868170907,-0.00052764,2.9683848888246835,0.0018549,0,1.0
2462,1.2092995909828146,0.808270887669742,0.00043068,1.0400317752440658,2.5682498578706694,6.068137033714943,0.5339017083921984,26.936227265184456,0.08613346713151913,-36.08600856110368,-0.2562069914769774,-24.03710223833052,-0.30694249824025854,20.415594504238047,-0.055020528572734165,0.3794469710274446,-0.00052764,2.1673666896623107,0.0018549,0,1.0
2463,-0.05331861831286533,0.2539258683490102,0.00043068,1.0400317752440658,2.5682498578706694,46.606931293364866,0.5339017083921984,30.160530113713104,0.08613346713151913,-65.72364613715007,-0.2562069914769774,13.600092871805836,-0.30694249824025854,-10.59921558380558,-0.055020528572734165,0.7134070666721015,-0.00052764,4.262807587941981,0.0018549,0,1.0
2464,0.21445648913890403,0.43045160832218754,0.00043068,1.0400317752440658,2.5682498578706694,62.85953549499093,0.5339017083921984,35.78373854738382,0.08613346713151913,-58.251590118885446,-0.2562069914769774,-15.600448763736672,-0.30694249824025854,-18.89832808377918,-0.055020528572734165,0.7083180009718779,-0.00052764,5.4922259702118845,0.0018549,0,1.0
2465,1.1985288467147008,0.4440638574909767,0.00043068,1.0400317752440658,2.5682498578706694,-1.8174683625396326,0.5339017083921984,29.205112719556,0.08613346713151913,-74.17467050133425,-0.2562069914769774,1.6851668485302502,-0.30694249824025854,41.487526894367825,-0.055020528572734165,0.28196542202910857,-0.00052764,2.526967466022928,0.0018549,0,1.0
2466,0.006542772622813553,0.007496610427231224,0.00043068,1.0400317752440658,2.5682498578706694,7.317770333568911,0.5339017083921984,17.12451797626856,0.08613346713151913,-59.68322625704668,-0.2562069914769774,35.70982431579485,-0.30694249824025854,13.391343419218027,-0.055020528572734165,0.38117169078795277,-0.00052764,1.6435042308846266,0.0018549,0,1.0
2467,0.4434498449326385,0.1324366200604787,0.00043068,1.0400317752440658,2.5682498578706694,-4.69327573417569,0.5339017083921984,12.87421805839216,0.08613346713151913,-54.527773886297375,-0.2562069914769774,31.967451633615397,-0.30694249824025854,25.909914699740874,-0.055020528572734165,0.5078817148458732,-0.00052764,1.1797909312189887,0.0018549,0,1.0
2468,0.8576063245080989,0.29297949949736757,0.00043068,1.0400317752440658,2.5682498578706694,-7.281462735803681,0.5339017083921984,14.853763824174205,0.08613346713151913,-51.562476985189804,-0.2562069914769774,10.762886359305856,-0.30694249824025854,34.01506771501133,-0.055020528572734165,0.3054174147681403,-0.00052764,1.4238189057011503,0.0018549,0,1.0
2469,0.2803199517523556,0.19231676957563237,0.00043068,1.0400317752440658,2.5682498578706694,-14.47266040335859,0.5339017083921984,-1.4612314103029886,0.08613346713151913,-24.33019597524931,-0.2562069914769774,21.766530804875128,-0.30694249824025854,22.933797308463912,-0.055020528572734165,-0.17019680969576473,-0.00052764,0.19497058831182112,0.0018549,1,1.0
2470,0.03745075606064541,0.04842099983846827,0.00043068,1.0400317752440658,2.5682498578706694,24.683549035177162,0.5339017083921984,23.80368715516536,0.08613346713151913,-45.265115026133586,-0.2562069914769774,4.181293968707852,-0.30694249824025854,-2.6845533184914183,-0.055020528572734165,0.29142053032095205,-0.00052764,2.4338283915019048,0.0018549,0,1.0
2471,0.08992185051798307,0.0920686169909811,0.00043068,1.0400317752440658,2.5682498578706694,10.650484088565355,0.5339017083921984,15.834425001362078,0.08613346713151913,-33.92053576837981,-0.2562069914769774,12.789741812008513,-0.30694249824025854,2.389554067393126,-0.055020528572734165,0.31136611555345495,-0.00052764,1.3710200015616927,0.0018549,0,1.0
2472,-0.008625326757840224,0.33905052736144803,0.00043068,1.0400317752440658,2.5682498578706694,60.549963665340954,0.5339017083921984,39.29289514506149,0.08613346713151913,-49.08104681717391,-0.2562069914769774,-8.562896765997273,-0.30694249824025854,-29.79203453629249,-0.055020528572734165,1.1012161091475203,-0.00052764,4.444518170768076,0.0018549,0,1.0
2473,0.2036152952999033,0.11611241572672554,0.00043068,1.0400317752440658,2.5682498578706694,58.82695483358681,0.5339017083921984,44.15840150196257,0.08613346713151913,-72.0445663180669,-0.2562069914769774,-15.452075170772973,-0.30694249824025854,-13.349880949723447,-0.055020528572734165,0.5465460631036185,-0.00052764,5.318467639162684,0.0018549,0,1.0
2474,0.7710779483271971,0.3409240483655361,0.00043068,1.0400317752440658,2.5682498578706694,-22.1406251691517,0.5339017083921984,3.792935886062625,0.08613346713151913,-37.93678713420809,-0.2562069914769774,19.599861470616677,-0.30694249824025854,38.634107195500626,-0.055020528572734165,0.16057478076521395,-0.00052764,0.1841183585978625,0.0018549,0,1.0
2475,0.2679941103047466,0.07716435883168134,0.00043068,1.0400317752440658,2.5682498578706694,10.594459139807045,0.5339017083921984,20.652183372327915,0.08613346713151913,-66.34745819838928,-0.2562069914769774,24.55293963145609,-0.30694249824025854,18.875459187264344,-0.055020528572734165,0.3068217534390778,-0.00052764,2.3284402093159384,0.0018549,0,1.0
2476,0.05024530944738492,0.025682806260941587,0.00043068,1.0400317752440658,2.5682498578706694,38.27652645237551,0.5339017083921984,36.5608088280708,0.08613346713151913,-77.19176007728629,-0.2562069914769774,8.88191381291374,-0.30694249824025854,-0.15468130078987485,-0.055020528572734165,0.34399591800512264,-0.00052764,4.009233135660468,0.0018549,0,1.0
2477,0.11930202355423203,0.22499819463288181,0.00043068,1.0400317752440658,2.5682498578706694,9.068093537126014,0.5339017083921984,12.809961157486844,0.08613346713151913,-56.63700635190476,-0.2562069914769774,53.419774006501456,-0.30694249824025854,10.064765680874965,-0.055020528572734165,1.202521158102654,-0.00052764,1.6427998978004212,0.0018549,0,1.0
2478,0.3676690689813595,0.3643909051362638,0.00043068,1.0400317752440658,2.5682498578706694,-22.426443873566512,0.5339017083921984,6.388064251743361,0.08613346713151913,-56.373474203157535,-0.2562069914769774,31.266022612592508,-0.30694249824025854,41.584482433289445,-0.055020528572734165,-0.36632571908117295,-0.00052764,0.32724422137567855,0.0018549,1,1.0
2479,-0.027794106238477667,0.12533197397629825,0.00043068,1.0400317752440658,2.5682498578706694,1.3521827330965372,0.5339017083921984,20.374702828034305,0.08613346713151913,-90.10432882151615,-0.2562069914769774,78.39873870861537,-0.30694249824025854,23.301620583431614,-0.055020528572734165,0.936065831938881,-0.00052764,1.7746107492695993,0.0018549,0,1.0
2480,-0.0135325575757963,0.7269206199164066,0.00043068,1.0400317752440658,2.5682498578706694,63.446620338322234,0.5339017083921984,28.013041311553526,0.08613346713151913,-39.18270651276469,-0.2562069914769774,18.66371077643241,-0.30694249824025854,-37.197038892627795,-0.055020528572734165,2.082222908669182,-0.00052764,4.379788581277234,0.0018549,0,1.0
2481,-0.26687953216391236,0.5892082685692759,0.00043068,1.0400317752440658,2.5682498578706694,43.05172233641314,0.5339017083921984,31.6084420933951,0.08613346713151913,-63.220847467022665,-0.2562069914769774,20.63258127617096,-0.30694249824025854,-15.019554339039379,-0.055020528572734165,0.7734497206517965,-0.00052764,3.554894706416307,0.0018549,0,1.0
2482,0.15091115655258422,0.6274010623400614,0.00043068,1.0400317752440658,2.5682498578706694,3.663115428424832,0.5339017083921984,0.6636449364924497,0.08613346713151913,-14.91833014822693,-0.2562069914769774,44.74636507418802,-0.30694249824025854,-2.6475718227623193,-0.055020528572734165,0.21044437646148484,-0.00052764,1.6467241682434595,0.0018549,0,1.0
2483,-0.013453452737183014,0.1065042894534109,0.00043068,1.0400317752440658,2.5682498578706694,62.96088014104142,0.5339017083921984,38.333911689476714,0.08613346713151913,-57.807037788596205,-0.2562069914769774,-18.031611335003863,-0.30694249824025854,-22.785495264884418,-0.055020528572734165,0.48311853031417895,-0.00052764,5.173294850188599,0.0018549,0,1.0
2484,0.2312436054202145,0.1039014549504499,0.00043068,1.0400317752440658,2.5682498578706694,49.47782610443663,0.5339017083921984,35.94230193396302,0.08613346713151913,-59.72776387432655,-0.2562069914769774,-18.18524860593647,-0.30694249824025854,-9.054616109540031,-0.055020528572734165,0.3090197311583358,-0.00052764,4.62882730543048,0.0018549,0,1.0
2485,0.21901735185248494,0.12332228793585717,0.00043068,1.0400317752440658,2.5682498578706694,43.91685577246224,0.5339017083921984,30.081413799169304,0.08613346713151913,-49.675287478489906,-0.2562069914769774,-17.12233417356366,-0.30694249824025854,-8.565267382107962,-0.055020528572734165,0.2795372641080178,-0.00052764,4.091188492295505,0.0018549,0,1.0
2486,0.3278430257214908,0.13968395605810083,0.00043068,1.0400317752440658,2.5682498578706694,9.94849284290528,0.5339017083921984,26.995378873514273,0.08613346713151913,-69.44167254897283,-0.2562069914769774,23.85954199732543,-0.30694249824025854,17.858562677640666,-0.055020528572734165,0.33533738122616386,-0.00052764,2.302756737675882,0.0018549,0,1.0
2487,0.08318900359138948,0.10599548275333613,0.00043068,1.0400317752440658,2.5682498578706694,-3.347629658754823,0.5339017083921984,8.383903764127112,0.08613346713151913,-43.70477296610272,-0.2562069914769774,49.69189784250038,-0.30694249824025854,12.895694333908194,-0.055020528572734165,0.3829845727482607,-0.00052764,1.0423824900164096,0.0018549,0,1.0
2488,-0.039438820954428744,0.8182598369920434,0.00043068,1.0400317752440658,2.5682498578706694,1.502809647059504,0.5339017083921984,-3.134115878888185,0.08613346713151913,-14.229853558185972,-0.2562069914769774,23.78015132556305,-0.30694249824025854,3.8926904723384794,-0.055020528572734165,-0.0702307958478573,-0.00052764,0.8916019270542629,0.0018549,1,1.0
2489,0.2713535066374013,0.7933953803406835,0.00043068,1.0400317752440658,2.5682498578706694,64.5011924531853,0.5339017083921984,40.31347979360989,0.08613346713151913,-37.95260542062516,-0.2562069914769774,-17.30187162724232,-0.30694249824025854,-34.78334712003115,-0.055020528572734165,1.5904441711181,-0.00052764,4.542805814580272,0.0018549,0,1.0
2490,0.11624686803408446,0.5000935623230964,0.00043068,1.0400317752440658,2.5682498578706694,44.633025396128424,0.5339017083921984,33.19426515149142,0.08613346713151913,-49.930428914274074,-0.2562069914769774,12.259797846458701,-0.30694249824025854,-19.28949171145074,-0.055020528572734165,1.3963856091985347,-0.00052764,3.4820461713523496,0.0018549,0,1.0
2491,-0.007940816285769703,0.26562760809630304,0.00043068,1.0400317752440658,2.5682498578706694,78.98602517602562,0.5339017083921984,39.622865801011734,0.08613346713151913,-40.441205111243455,-0.2562069914769774,-28.759774568841653,-0.30694249824025854,-41.77716362007357,-0.055020528572734165,1.0408066337073834,-0.00052764,5.654887826104931,0.0018549,0,1.0
2492,0.20357605886771935,0.12276505128964574,0.00043068,1.0400317752440658,2.5682498578706694,2.8327684704909806,0.5339017083921984,4.770954561899103,0.08613346713151913,-24.23070512620357,-0.2562069914769774,19.223409467049507,-0.30694249824025854,7.959987076939226,-0.055020528572734165,0.4378069854465859,-0.00052764,0.9139309748960044,0.0018549,0,1.0
2493,-0.20006588110021783,0.6506464699085073,0.00043068,1.0400317752440658,2.5682498578706694,46.27895108672491,0.5339017083921984,26.147105164326835,0.08613346713151913,-32.7709079655148,-0.2562069914769774,9.578097945176097,-0.30694249824025854,-29.297546074079435,-0.055020528572734165,1.2332468641364396,-0.00052764,2.9814130251451716,0.0018549,0,1.0
2494,0.11574688927196375,0.7550755695250566,0.00043068,1.0400317752440658,2.5682498578706694,45.01027314519679,0.5339017083921984,20.320481493000777,0.08613346713151913,-35.849388399705035,-0.2562069914769774,30.745821910011927,-0.30694249824025854,-24.546483621514092,-0.055020528572734165,2.04266814622954,-0.00052764,3.291957421994122,0.0018549,0,1.0
2495,0.16149881858084836,0.046710528335253874,0.00043068,1.0400317752440658,2.5682498578706694,-14.192386781368295,0.5339017083921984,9.782326444551481,0.08613346713151913,-68.18625344132897,-0.2562069914769774,65.51847911115684,-0.30694249824025854,31.10748470344117,-0.055020528572734165,0.3576819224667259,-0.00052764,0.8521992043207615,0.0018549,0,1.0
2496,0.0007091845168638589,0.08573122938998776,0.00043068,1.0400317752440658,2.5682498578706694,29.01961157314946,0.5339017083921984,20.03150732635292,0.08613346713151913,-47.02697612967831,-0.2562069914769774,15.730844170218534,-0.30694249824025854,-4.977728262580576,-0.055020528572734165,0.6368093489445248,-0.00052764,2.7559601934467906,0.0018549,0,1.0
2497,0.06939150634348312,0.10899919080688308,0.00043068,1.0400317752440658,2.5682498578706694,6.763952709002604,0.5339017083921984,22.224345320261186,0.08613346713151913,-66.36803031649191,-0.2562069914769774,38.270089425703674,-0.30694249824025854,14.65203183485917,-0.055020528572734165,0.3564159962621072,-0.00052764,1.81931944017118,0.0018549,0,1.0
2498,0.5563721397925894,0.759153047502054,0.00043068,1.0400317752440658,2.5682498578706694,-14.82179359376969,0.5339017083921984,7.862404422730773,0.08613346713151913,-35.8278236850839,-0.2562069914769774,-2.917267326978766,-0.30694249824025854,33.385345657715625,-0.055020528572734165,-0.5962905257432709,-0.00052764,0.5930378393915927,0.0018549,1,1.0
2499,0.12484754907101814,0.13597744762921427,0.00043068,1.0400317752440658,2.5682498578706694,45.97105028518391,0.5339017083921984,22.922390169689976,0.08613346713151913,-23.69978147787909,-0.2562069914769774,-28.376237909309697,-0.30694249824025854,-19.84054175724678,-0.055020528572734165,0.2700797097070693,-0.00052764,3.6213034167796643,0.0018549,0,1.0
2500,0.4808360401683257,0.03936390948988652,0.00043068,1.0352253157245797,4.45778214968442,-59.63862744084269,0.5339017083921984,8.724268140256617,0.08613346713151913,-59.24539070641897,-0.2562069914769774,-46.926393946644666,-0.30694249824025854,77.5593390996938,-0.055020528572734165,-0.054704745875049504,-0.00052764,0.05791019517243884,0.0018549,1,1.0
2501,0.38910715996090417,0.09414747670347652,0.00043068,1.0352253157245797,4.45778214968442,98.68704595403868,0.5339017083921984,71.4553492468459,0.08613346713151913,-99.81970287300123,-0.2562069914769774,-4.110768536080178,-0.30694249824025854,-16.428403446073936,-0.055020528572734165,0.2918157226267303,-0.00052764,1.7408830843547247,0.0018549,0,1.0
2502,0.2246874601827724,0.018304380584785087,0.00043068,1.0352253157245797,4.45778214968442,-37.51831278626679,0.5339017083921984,16.377525843023008,0.08613346713151913,-65.6274490435156,-0.2562069914769774,13.103507481355665,-0.30694249824025854,49.09561886317939,-0.055020528572734165,-0.08736992867165498,-0.00052764,0.08967052514828315,0.0018549,1,1.0
2503,0.5255395953892668,0.05125612205668439,0.00043068,1.0352253157245797,4.45778214968442,-62.11021205179766,0.5339017083921984,8.761370047789537,0.08613346713151913,-58.9914785210939,-0.2562069914769774,-47.70721163430218,-0.30694249824025854,80.5617537932664,-0.055020528572734165,-0.04011736958745107,-0.00052764,0.05694260817964585,0.0018549,1,1.0
2504,0.4013453106809724,0.12034085099389359,0.00043068,1.0352253157245797,4.45778214968442,76.38187787982977,0.5339017083921984,59.08202829019398,0.08613346713151913,-60.727233419512274,-0.2562069914769774,-7.463038468191729,-0.30694249824025854,-17.82639234122731,-0.055020528572734165,0.30260994367632094,-0.00052764,1.2625845021557631,0.0018549,0,1.0
2505,0.04798470498086056,0.026562159380944143,0.00043068,1.0352253157245797,4.45778214968442,-21.0795478740204,0.5339017083921984,3.3570893884822843,0.08613346713151913,-47.32036369770027,-0.2562069914769774,17.89459570892223,-0.30694249824025854,31.05552227330219,-0.055020528572734165,-0.0749142888977529,-0.00052764,0.08329674690944208,0.0018549,1,1.0
2506,0.17310258067623233,0.006535063354208184,0.00043068,1.0352253157245797,4.45778214968442,-27.51947166861055,0.5339017083921984,6.362008560339037,0.08613346713151913,-42.234757779577706,-0.2562069914769774,41.89443758090259,-0.30694249824025854,32.85016372907319,-0.055020528572734165,-0.04107504275606527,-0.00052764,0.040971170762709924,0.0018549,1,1.0
2507,0.27620099597546266,0.029467105141474062,0.00043068,1.0352253157245797,4.45778214968442,-44.600999379046826,0.5339017083921984,15.376721424351006,0.08613346713151913,-70.24412787646905,-0.2562069914769774,-26.91559357604564,-0.30694249824025854,61.64194968430241,-0.055020528572734165,-0.10523023556339561,-0.00052764,0.11131935083914846,0.0018549,1,1.0
2508,0.3664103962713337,0.12122877743085564,0.00043068,1.0352253157245797,4.45778214968442,56.03406099869655,0.5339017083921984,35.15082263325721,0.08613346713151913,-32.688695953497756,-0.2562069914769774,49.722625893978716,-0.30694249824025854,-17.600795247205152,-0.055020528572734165,0.3387202027385018,-0.00052764,0.8524292888265242,0.0018549,0,1.0
2509,0.36411221018019246,0.09774052511806197,0.00043068,1.0352253157245797,4.45778214968442,96.41201356831257,0.5339017083921984,56.102121883371126,0.08613346713151913,-39.49005352825153,-0.2562069914769774,-43.34060116739963,-0.30694249824025854,-33.60906622427641,-0.055020528572734165,0.3027081763333963,-0.00052764,1.4127730659047222,0.0018549,0,1.0
2510,0.13907035265422238,0.004664659208590076,0.00043068,1.0352253157245797,4.45778214968442,-19.28791128698133,0.5339017083921984,6.621644284360482,0.08613346713151913,-27.652422307620267,-0.2562069914769774,6.121220081497788,-0.30694249824025854,24.275978536599975,-0.055020528572734165,-0.03191827401104651,-0.00052764,0.03459390778298274,0.0018549,1,1.0
2511,0.07769411784632878,0.06982449563976825,0.00043068,1.0352253157245797,4.45778214968442,-21.58724130582617,0.5339017083921984,10.390645538103083,0.08613346713151913,-42.160516262197625,-0.2562069914769774,0.1260045939401165,-0.30694249824025854,28.48554923896146,-0.055020528572734165,-0.08530863124191822,-0.00052764,0.0509000344158695,0.0018549,1,1.0
2512,0.39750236299160796,0.10310354256381342,0.00043068,1.0352253157245797,4.45778214968442,92.12029286984854,0.5339017083921984,56.61521254433416,0.08613346713151913,-56.1451470648556,-0.2562069914769774,-26.729142979563402,-0.30694249824025854,-24.21148021207684,-0.055020528572734165,0.30146645152096785,-0.00052764,1.481833154005931,0.0018549,0,1.0
2513,0.021501267889128817,0.0037558932248378195,0.00043068,1.0352253157245797,4.45778214968442,-10.942742407877846,0.5339017083921984,1.8314384723202128,0.08613346713151913,-27.892240990634694,-0.2562069914769774,62.000232932389245,-0.30694249824025854,11.836961866078543,-0.055020528572734165,-0.03284705399845801,-0.00052764,0.035053904249012086,0.0018549,1,1.0
2514,0.22467621827949402,0.05880018157873831,0.00043068,1.0352253157245797,4.45778214968442,-23.825805684046752,0.5339017083921984,7.787840086425747,0.08613346713151913,-41.95916785434652,-0.2562069914769774,20.143885273017336,-0.30694249824025854,34.839555265382366,-0.055020528572734165,0.02197336482390231,-0.00052764,0.08705104007930353,0.0018549,0,1.0
2515,0.05239283278939234,0.03065128174677905,0.00043068,1.0352253157245797,4.45778214968442,-13.660153948833983,0.5339017083921984,5.389420108547164,0.08613346713151913,-29.748243157561713,-0.2562069914769774,59.35404896448481,-0.30694249824025854,13.826130864847391,-0.055020528572734165,-0.0735474490609286,-0.00052764,0.06140018442553795,0.0018549,1,1.0
2516,0.013266523221441257,0.028976599812445297,0.00043068,1.0352253157245797,4.45778214968442,-18.468456873320306,0.5339017083921984,15.60209503265296,0.08613346713151913,-60.06136380853053,-0.2562069914769774,43.08431860796774,-0.30694249824025854,25.666036452879975,-0.055020528572734165,-0.09863206179662118,-0.00052764,0.09716021686306031,0.0018549,1,1.0
2517,0.08700180775791518,0.05702382738696439,0.00043068,1.0352253157245797,4.45778214968442,-11.226102647347584,0.5339017083921984,13.236090736038268,0.08613346713151913,-37.54521895608895,-0.2562069914769774,-11.18767002474492,-0.30694249824025854,21.63913905880264,-0.055020528572734165,-0.052057431418084915,-0.00052764,0.13657852202064968,0.0018549,1,1.0
2518,0.17252462801684912,0.01990219434653557,0.00043068,1.0352253157245797,4.45778214968442,-27.21039103741884,0.5339017083921984,-1.381844070149981,0.08613346713151913,-35.8911797897437,-0.2562069914769774,69.27726441102412,-0.30694249824025854,30.527684804753278,-0.055020528572734165,-0.05441481947211517,-0.00052764,0.05899171014701379,0.0018549,1,1.0
2519,0.4151756672399892,0.19170248910505056,0.00043068,1.0352253157245797,4.45778214968442,16.22996134729922,0.5339017083921984,30.625019399562255,0.08613346713151913,-61.34342223254271,-0.2562069914769774,78.5661988898174,-0.30694249824025854,15.958370684272268,-0.055020528572734165,0.2688418479759319,-0.00052764,0.5927272856474294,0.0018549,0,1.0
2520,0.4526669427744373,0.12356758547795117,0.00043068,1.0352253157245797,4.45778214968442,76.29226554399621,0.5339017083921984,63.8613667179181,0.08613346713151913,-63.6808358150065,-0.2562069914769774,-14.27702113746948,-0.30694249824025854,-15.818155432850972,-0.055020528572734165,0.31735128713213095,-0.00052764,1.295292979309037,0.0018549,0,1.0
2521,0.24285633392445233,0.015265719456928298,0.00043068,1.0352253157245797,4.45778214968442,-28.739735200911877,0.5339017083921984,0.10900951646536794,0.08613346713151913,-22.612270548227,-0.2562069914769774,-11.200215058971523,-0.30694249824025854,35.79899204530398,-0.055020528572734165,-0.02262455308356925,-0.00052764,0.022726307860307823,0.0018549,1,1.0
2522,0.2178236640667744,0.01829257706212045,0.00043068,1.0352253157245797,4.45778214968442,-23.8290093944982,0.5339017083921984,8.246865644925727,0.08613346713151913,-19.838955181602024,-0.2562069914769774,-71.92887408816826,-0.30694249824025854,33.613138904933706,-0.055020528572734165,-0.07297566445503731,-0.00052764,0.06852397173756014,0.0018549,1,1.0
2523,0.0567615160148274,0.025882869534167973,0.00043068,1.0352253157245797,4.45778214968442,-11.65827569062345,0.5339017083921984,0.09701141819888459,0.08613346713151913,-25.050277059790183,-0.2562069914769774,25.138191889839874,-0.30694249824025854,17.155894135235116,-0.055020528572734165,-0.01654271317802396,-0.00052764,0.054720217520627765,0.0018549,1,1.0
2524,0.13706103522188195,0.0635628423838372,0.00043068,1.0352253157245797,4.45778214968442,-18.847254039437153,0.5339017083921984,13.993981036814693,0.08613346713151913,-52.94279488634801,-0.2562069914769774,17.84687099893205,-0.30694249824025854,31.227070182214568,-0.055020528572734165,-0.02971485933707982,-0.00052764,0.1394219169074921,0.0018549,1,1.0
2525,0.3180663366542764,0.015363296422395534,0.00043068,1.0352253157245797,4.45778214968442,-45.65661702989021,0.5339017083921984,7.5384198926669885,0.08613346713151913,-58.792759300189694,-0.2562069914769774,15.988779488831502,-0.30694249824025854,57.67433518948552,-0.055020528572734165,-0.018936397198380216,-0.00052764,0.022721395597816156,0.0018549,1,1.0
2526,0.20382312291041008,0.036521839547513466,0.00043068,1.0352253157245797,4.45778214968442,-29.509701368039504,0.5339017083921984,15.617761914706502,0.08613346713151913,-44.20465405146605,-0.2562069914769774,-76.96047717392888,-0.30694249824025854,44.26848226022307,-0.055020528572734165,-0.13349721841975637,-0.00052764,0.1337162488261776,0.0018549,1,1.0
2527,0.45487664494991015,0.13174484457744384,0.00043068,1.0352253157245797,4.45778214968442,52.25979022743969,0.5339017083921984,36.53751842825577,0.08613346713151913,-33.62740318356018,-0.2562069914769774,45.30754699868699,-0.30694249824025854,-11.829475761495857,-0.055020528572734165,0.3655667088900062,-0.00052764,0.870199035628188,0.0018549,0,1.0
2528,0.3857667194474177,0.04203159636998725,0.00043068,1.0352253157245797,4.45778214968442,-51.724035393106554,0.5339017083921984,1.3753676421862011,0.08613346713151913,-56.358127659552245,-0.2562069914769774,45.78465943670669,-0.30694249824025854,62.06910730665386,-0.055020528572734165,-0.03853310048692338,-0.00052764,0.04531276492578616,0.0018549,1,1.0
2529,0.16670692579205607,0.01720955130756914,0.00043068,1.0352253157245797,4.45778214968442,-26.104862570015044,0.5339017083921984,10.782748732925018,0.08613346713151913,-41.83923211823368,-0.2562069914769774,9.187146670940137,-0.30694249824025854,33.058395733660014,-0.055020528572734165,-0.061772822427332036,-0.00052764,0.055866020608553654,0.0018549,1,1.0
2530,0.1975732243212679,0.07429512983384148,0.00043068,1.0352253157245797,4.45778214968442,76.97191730879015,0.5339017083921984,43.47898564048061,0.08613346713151913,-65.09502624853542,-0.2562069914769774,92.63708579774452,-0.30694249824025854,-27.732181706331325,-0.055020528572734165,0.31804411170341323,-0.00052764,1.1137137472449603,0.0018549,0,1.0
2531,0.008137495961629798,0.02875460076245525,0.00043068,1.0352253157245797,4.45778214968442,-10.54685240332596,0.5339017083921984,11.544876129289577,0.08613346713151913,-36.65212042143352,-0.2562069914769774,-15.93638182561573,-0.30694249824025854,18.88299146087596,-0.055020528572734165,-0.09334143322322985,-0.00052764,0.10459621500004557,0.0018549,1,1.0
2532,0.38201275169161364,0.05880201785208829,0.00043068,1.0352253157245797,4.45778214968442,-57.09906874537761,0.5339017083921984,-1.4400637973670432,0.08613346713151913,-68.76276815142988,-0.2562069914769774,92.19245923689017,-0.30694249824025854,66.77647712596223,-0.055020528572734165,-0.07353508220961046,-0.00052764,0.0751129106287927,0.0018549,1,1.0
2533,0.0020843445209053763,0.05720806916665991,0.00043068,1.0352253157245797,4.45778214968442,-6.683305809823249,0.5339017083921984,4.1271667419579945,0.08613346713151913,-17.908516571244927,-0.2562069914769774,-67.02558887895648,-0.30694249824025854,17.016963108013364,-0.055020528572734165,-0.13534002531476616,-0.00052764,0.14603720840461923,0.0018549,1,1.0
2534,0.34035617074286784,0.11924370430272802,0.00043068,1.0352253157245797,4.45778214968442,-26.239301092973548,0.5339017083921984,6.962103107852997,0.08613346713151913,-7.273211065153433,-0.2562069914769774,36.47296567466981,-0.30694249824025854,22.83279895748725,-0.055020528572734165,-0.18559713873259928,-0.00052764,0.18117393471603863,0.0018549,1,1.0
2535,0.08075550224812314,0.08555002051571692,0.00043068,1.0352253157245797,4.45778214968442,-19.305586564751074,0.5339017083921984,21.35531242300023,0.08613346713151913,-73.75091484113382,-0.2562069914769774,48.976874964589,-0.30694249824025854,32.026613045277585,-0.055020528572734165,-0.069571370974728,-0.00052764,0.17773060569482496,0.0018549,1,1.0
2536,0.3391577168258393,0.1033208813421731,0.00043068,1.0352253157245797,4.45778214968442,61.55795473853789,0.5339017083921984,47.07223581199031,0.08613346713151913,-59.46687918143268,-0.2562069914769774,71.83125607701058,-0.30694249824025854,-16.768463055152694,-0.055020528572734165,0.3410809647095725,-0.00052764,0.9790192395283208,0.0018549,0,1.0
2537,0.05565809193410304,0.07587687692678272,0.00043068,1.0352253157245797,4.45778214968442,-19.141952724420822,0.5339017083921984,22.610204211101056,0.08613346713151913,-67.15026055435477,-0.2562069914769774,20.933241518418903,-0.30694249824025854,30.103772861241612,-0.055020528572734165,-0.12073339756696433,-0.00052764,0.16432149063591522,0.0018549,1,1.0
2538,0.39548081895783666,0.10849422010526309,0.00043068,1.0352253157245797,4.45778214968442,54.413384963564745,0.5339017083921984,52.05006674944799,0.08613346713151913,-80.68190267411974,-0.2562069914769774,80.890281139782,-0.30694249824025854,-4.277357924009744,-0.055020528572734165,0.3357372755377273,-0.00052764,1.0391366553516646,0.0018549,0,1.0
2539,0.18105768835621716,0.005791849381811988,0.00043068,1.0352253157245797,4.45778214968442,-30.340751429848265,0.5339017083921984,6.2430799701544855,0.08613346713151913,-47.43320081364266,-0.2562069914769774,33.30319305517901,-0.30694249824025854,37.996283414837976,-0.055020528572734165,-0.020177222643281544,-0.00052764,0.023353300409426212,0.0018549,1,1.0
2540,0.54864444608106,0.1390569051284968,0.00043068,1.0352253157245797,4.45778214968442,39.555650407996744,0.5339017083921984,47.38088242105582,0.08613346713151913,-71.06323614071226,-0.2562069914769774,40.59612299864914,-0.30694249824025854,11.227385178200898,-0.055020528572734165,0.3295780114719496,-0.00052764,0.9891287953368508,0.0018549,0,1.0
2541,0.012454747431255409,0.08082972649975122,0.00043068,1.0352253157245797,4.45778214968442,-13.046971985933,0.5339017083921984,12.961150350466221,0.08613346713151913,-39.30674619518944,-0.2562069914769774,40.771136980963064,-0.30694249824025854,14.673553454541906,-0.055020528572734165,-0.11429664384218258,-0.00052764,0.08221128398052957,0.0018549,1,1.0
2542,0.1834279272088432,0.021008735340217136,0.00043068,1.0352253157245797,4.45778214968442,-17.90343763110059,0.5339017083921984,8.055527334372355,0.08613346713151913,-20.590000184662042,-0.2562069914769774,-3.4491774715824612,-0.30694249824025854,22.440947134476637,-0.055020528572734165,-0.034159646920695494,-0.00052764,0.05898639219468546,0.0018549,1,1.0
2543,0.373754082161932,0.12655547742677153,0.00043068,1.0352253157245797,4.45778214968442,81.36012851528209,0.5339017083921984,68.26268823325371,0.08613346713151913,-80.14786126962377,-0.2562069914769774,4.561319491699089,-0.30694249824025854,-17.842687799164114,-0.055020528572734165,0.29586698312852533,-0.00052764,1.3660282023754307,0.0018549,0,1.0
2544,0.024183878516382984,0.043233503924677306,0.00043068,1.0352253157245797,4.45778214968442,-25.798430562995954,0.5339017083921984,12.745646451257892,0.08613346713151913,-70.05677123896919,-0.2562069914769774,40.094154944557786,-0.30694249824025854,36.10927609185668,-0.055020528572734165,-0.09834548774513191,-0.00052764,0.08244495488316397,0.0018549,1,1.0
2545,0.03496674608804705,0.03516938050520426,0.00043068,1.0352253157245797,4.45778214968442,-17.75566200139357,0.5339017083921984,3.2088305585496353,0.08613346713151913,-50.7878842651475,-0.2562069914769774,56.845856508963685,-0.30694249824025854,26.48672243679126,-0.055020528572734165,-0.02562913947788194,-0.00052764,0.07610638324809578,0.0018549,1,1.0
2546,0.006480750801109214,0.03670222391450024,0.00043068,1.0352253157245797,4.45778214968442,-13.507024056896187,0.5339017083921984,7.4038199224637395,0.08613346713151913,-52.51671410169926,-0.2562069914769774,57.54094952569041,-0.30694249824025854,21.958133504058686,-0.055020528572734165,-0.02303439509563946,-0.00052764,0.08658854640827052,0.0018549,1,1.0
2547,0.044820408723528965,0.05253806868774586,0.00043068,1.0352253157245797,4.45778214968442,-16.832311165664198,0.5339017083921984,19.30303742716783,0.08613346713151913,-53.27133995118111,-0.2562069914769774,-12.81851649343467,-0.30694249824025854,27.176254736497693,-0.055020528572734165,-0.12799404257667715,-0.00052764,0.14085312465326075,0.0018549,1,1.0
2548,0.6084572567002997,0.08795993729692306,0.00043068,1.0352253157245797,4.45778214968442,-71.6185930763302,0.5339017083921984,8.075001821770444,0.08613346713151913,-62.58878905351155,-0.2562069914769774,-85.98349169690132,-0.30694249824025854,94.74135622620584,-0.055020528572734165,-0.08878664589237,-0.00052764,0.10129582436504868,0.0018549,1,1.0
2549,0.22442743708028662,0.07884596585557385,0.00043068,1.0352253157245797,4.45778214968442,89.72336836485306,0.5339017083921984,61.74988701189355,0.08613346713151913,-89.31395654610314,-0.2562069914769774,61.558834907632885,-0.30694249824025854,-26.605778833426815,-0.055020528572734165,0.30021065837432626,-0.00052764,1.3897252661791115,0.0018549,0,1.0
2550,0.19565217671273902,0.026687886249536656,0.00043068,1.0352253157245797,4.45778214968442,-39.06644235785379,0.5339017083921984,15.322546388345305,0.08613346713151913,-77.35799034261353,-0.2562069914769774,86.18323966420516,-0.30694249824025854,46.855897809111035,-0.055020528572734165,-0.09985878085478322,-0.00052764,0.09948753577818412,0.0018549,1,1.0
2551,0.0022563186085726994,0.037191809018332696,0.00043068,1.0352253157245797,4.45778214968442,-9.129912806296641,0.5339017083921984,14.921090032956519,0.08613346713151913,-39.648061358975596,-0.2562069914769774,2.823958043912157,-0.30694249824025854,15.703718718446568,-0.055020528572734165,-0.09323401316045007,-0.00052764,0.10895834087570297,0.0018549,1,1.0
2552,0.025277075593538978,0.196810380374926,0.00043068,1.0352253157245797,4.45778214968442,-21.510670724639905,0.5339017083921984,19.55858800569194,0.08613346713151913,-85.25076195965508,-0.2562069914769774,-29.4328911181018,-0.30694249824025854,45.59926970028799,-0.055020528572734165,-0.1897164048427273,-0.00052764,0.3100700173044142,0.0018549,1,1.0
2553,0.05279486147783688,0.049697822262632724,0.00043068,1.0352253157245797,4.45778214968442,-8.739437781418546,0.5339017083921984,15.020207958948491,0.08613346713151913,-27.91467335583932,-0.2562069914769774,22.39972364369347,-0.30694249824025854,9.859396361961904,-0.055020528572734165,-0.11434407017210185,-0.00052764,0.1150709003470626,0.0018549,1,1.0
2554,0.32921309117343533,0.01202306410184448,0.00043068,1.0352253157245797,4.45778214968442,-42.49882129149649,0.5339017083921984,10.791663437638285,0.08613346713151913,-50.784750402655916,-0.2562069914769774,-7.611097414160904,-0.30694249824025854,53.74940229044347,-0.055020528572734165,-0.04428533576349742,-0.00052764,0.045696724928874756,0.0018549,1,1.0
2555,0.06745065962918934,0.006768890250991896,0.00043068,1.0352253157245797,4.45778214968442,-18.666152915105158,0.5339017083921984,4.949398266338527,0.08613346713151913,-41.54992525461633,-0.2562069914769774,46.0640494132227,-0.30694249824025854,24.142698346305057,-0.055020528572734165,-0.014120700592116214,-0.00052764,0.025246663974590498,0.0018549,1,1.0
2556,0.00365662570047548,0.13652846864619303,0.00043068,1.0352253157245797,4.45778214968442,21.21874798803489,0.5339017083921984,17.718046496036624,0.08613346713151913,-8.968235211721904,-0.2562069914769774,-4.609492284685938,-0.30694249824025854,-13.74031763889468,-0.055020528572734165,0.02247633380321079,-0.00052764,0.2342252605861569,0.0018549,0,1.0
2557,0.026779428661401768,0.04304252507957606,0.00043068,1.0352253157245797,4.45778214968442,-8.767321384000573,0.5339017083921984,5.157585668708511,0.08613346713151913,-39.024187383365906,-0.2562069914769774,55.18045365117165,-0.30694249824025854,15.492017386063331,-0.055020528572734165,0.012926976127828692,-0.00052764,0.07570161432351577,0.0018549,0,1.0
2558,0.25725228438758924,0.12723956713084417,0.00043068,1.0352253157245797,4.45778214968442,65.3605948494205,0.5339017083921984,28.00827862649652,0.08613346713151913,-18.857430994106327,-0.2562069914769774,51.362114936522524,-0.30694249824025854,-29.881457947208084,-0.055020528572734165,0.31511614140566513,-0.00052764,0.8473081241276086,0.0018549,0,1.0
2559,0.0016288384061036443,0.07024863302470309,0.00043068,1.0352253157245797,4.45778214968442,-11.924537570905136,0.5339017083921984,8.060918785911756,0.08613346713151913,-46.7583815721661,-0.2562069914769774,-3.554224175901879,-0.30694249824025854,24.516192442878957,-0.055020528572734165,-0.09693946326732529,-0.00052764,0.15961825788639078,0.0018549,1,1.0
2560,0.009685820820463625,0.10699809141371289,0.00043068,1.0352253157245797,4.45778214968442,-5.6964500139765315,0.5339017083921984,14.380424048326569,0.08613346713151913,-58.24032707772844,-0.2562069914769774,34.52023348612904,-0.30694249824025854,20.225473183543777,-0.055020528572734165,-0.03823213814050233,-0.00052764,0.21743286703777007,0.0018549,1,1.0
2561,0.2827659435505282,0.10579497712474248,0.00043068,1.0352253157245797,4.45778214968442,89.14911325172989,0.5339017083921984,38.863777858795494,0.08613346713151913,-33.73024404454682,-0.2562069914769774,48.28301073073908,-0.30694249824025854,-37.78141581665945,-0.055020528572734165,0.35354335767353073,-0.00052764,1.2060065674760976,0.0018549,0,1.0
2562,0.35676793063192347,0.10697666898767416,0.00043068,1.0352253157245797,4.45778214968442,96.19009318755302,0.5339017083921984,49.324495219087,0.08613346713151913,-16.02457685781231,-0.2562069914769774,-60.057899844518104,-0.30694249824025854,-39.93892842567821,-0.055020528572734165,0.30433428821092623,-0.00052764,1.305633862640878,0.0018549,0,1.0
2563,0.3056885164153471,0.10458365648004371,0.00043068,1.0352253157245797,4.45778214968442,63.251656060756865,0.5339017083921984,29.635526528893408,0.08613346713151913,-24.264916293159082,-0.2562069914769774,66.49638270026084,-0.30694249824025854,-26.67403856023647,-0.055020528572734165,0.3487641004489931,-0.00052764,0.855714347021635,0.0018549,0,1.0
2564,0.13681391966818862,0.013490542792391482,0.00043068,1.0352253157245797,4.45778214968442,-15.204679558697958,0.5339017083921984,9.707553529795604,0.08613346713151913,-20.713377480487523,-0.2562069914769774,-7.840217361204956,-0.30694249824025854,18.904751527165054,-0.055020528572734165,-0.060236056667440196,-0.00052764,0.06293415102114153,0.0018549,1,1.0
2565,0.37120890254570127,0.11485685973276612,0.00043068,1.0352253157245797,4.45778214968442,79.48393975565442,0.5339017083921984,61.769650085567235,0.08613346713151913,-59.45978562365998,-0.2562069914769774,1.8216514224070437,-0.30694249824025854,-23.51218418968164,-0.055020528572734165,0.3128067727124366,-0.00052764,1.235354374438036,0.0018549,0,1.0
2566,0.07721405506471127,0.0018634689727896,0.00043068,1.0352253157245797,4.45778214968442,-13.07565516501907,0.5339017083921984,2.710800397805509,0.08613346713151913,-20.708051619007,-0.2562069914769774,13.659038040988786,-0.30694249824025854,16.533238951485664,-0.055020528572734165,-0.008150077858563745,-0.00052764,0.010309449629607973,0.0018549,1,1.0
2567,0.0662324782335125,0.022242009518962318,0.00043068,1.0352253157245797,4.45778214968442,-19.633389269711817,0.5339017083921984,10.81723557978865,0.08613346713151913,-45.41951733864583,-0.2562069914769774,-14.926242178709067,-0.30694249824025854,30.071638880461585,-0.055020528572734165,-0.09537307930211876,-0.00052764,0.09838433170687348,0.0018549,1,1.0
2568,0.1960288354154428,0.07688191193651323,0.00043068,1.0352253157245797,4.45778214968442,91.03133214640187,0.5339017083921984,41.0642409832099,0.08613346713151913,-39.98494385869211,-0.2562069914769774,60.91288257615418,-0.30694249824025854,-41.80924691931639,-0.055020528572734165,0.33508689513518775,-0.00052764,1.172664717407077,0.0018549,0,1.0
2569,0.2391724204288307,0.02145989795453593,0.00043068,1.0352253157245797,4.45778214968442,-34.5443287231536,0.5339017083921984,13.667870959190198,0.08613346713151913,-55.80208316284829,-0.2562069914769774,18.676904057490557,-0.30694249824025854,44.34398876493761,-0.055020528572734165,-0.060260883605687855,-0.00052764,0.07781914636050796,0.0018549,1,1.0
2570,0.06160127810353283,0.058458401691203546,0.00043068,1.0352253157245797,4.45778214968442,99.99976781666561,0.5339017083921984,35.07343130750111,0.08613346713151913,-32.71384915073935,-0.2562069914769774,92.43611034861924,-0.30694249824025854,-55.6456888423392,-0.055020528572734165,0.33449618730640285,-0.00052764,1.1329045880522925,0.0018549,0,1.0
2571,0.08583264694570904,0.013085764508106449,0.00043068,1.0352253157245797,4.45778214968442,-19.27675626896465,0.5339017083921984,3.0567316056472276,0.08613346713151913,-36.33476758051763,-0.2562069914769774,19.050011274017564,-0.30694249824025854,26.56296652713519,-0.055020528572734165,-0.03152147960488834,-0.00052764,0.044186407522392765,0.0018549,1,1.0
2572,0.09034481615092663,0.016662402516800023,0.00043068,1.0352253157245797,4.45778214968442,-23.354366781527485,0.5339017083921984,9.942116066479707,0.08613346713151913,-48.84990202503772,-0.2562069914769774,1.8644080160683143,-0.30694249824025854,33.10765318219005,-0.055020528572734165,-0.0770387438652865,-0.00052764,0.07414574369674876,0.0018549,1,1.0
2573,0.38994899333503785,0.10973688671093934,0.00043068,1.0352253157245797,4.45778214968442,69.696635067705,0.5339017083921984,49.84336552583936,0.08613346713151913,-83.05655499018758,-0.2562069914769774,66.40133520601954,-0.30694249824025854,-7.816392167577585,-0.055020528572734165,0.328615069005958,-0.00052764,1.2947052948626414,0.0018549,0,1.0
2574,0.10162336884211164,0.024156933341043088,0.00043068,1.0352253157245797,4.45778214968442,-31.239788374142446,0.5339017083921984,13.213810310402526,0.08613346713151913,-74.59181314123798,-0.2562069914769774,41.06926055462801,-0.30694249824025854,43.794525891474386,-0.055020528572734165,-0.07670625814988583,-0.00052764,0.09437665487409314,0.0018549,1,1.0
2575,0.18496665036261517,0.01177893077770081,0.00043068,1.0352253157245797,4.45778214968442,-26.659522567644935,0.5339017083921984,3.5864727894796213,0.08613346713151913,-35.87861466031083,-0.2562069914769774,48.92930519943755,-0.30694249824025854,30.517441056213382,-0.055020528572734165,-0.047757012277733754,-0.00052764,0.05018461562514159,0.0018549,1,1.0
2576,0.105739908585329,0.03535945798563839,0.00043068,1.0352253157245797,4.45778214968442,-14.502704699647847,0.5339017083921984,-5.085826333176927,0.08613346713151913,-10.198806322576546,-0.2562069914769774,-17.217583336597396,-0.30694249824025854,20.578272855588864,-0.055020528572734165,-0.0713589640376939,-0.00052764,0.08104138996110138,0.0018549,1,1.0
2577,0.00041262092852667465,0.06912591960040534,0.00043068,1.0352253157245797,4.45778214968442,-4.749325512446252,0.5339017083921984,17.205624069752055,0.08613346713151913,-38.87135029963874,-0.2562069914769774,35.040582057222665,-0.30694249824025854,8.58911058863547,-0.055020528572734165,-0.0881730234991793,-0.00052764,0.13539643594243067,0.0018549,1,1.0
2578,0.024808866353463563,0.06015673091071875,0.00043068,1.0352253157245797,4.45778214968442,-10.679847342751065,0.5339017083921984,6.22129210181483,0.08613346713151913,-22.152218219411104,-0.2562069914769774,-5.686325671839496,-0.30694249824025854,14.216807003483217,-0.055020528572734165,-0.059543682203441695,-0.00052764,0.02998992866025371,0.0018549,1,1.0
2579,0.21073915192305753,0.09032042230775295,0.00043068,1.0352253157245797,4.45778214968442,96.8314573916264,0.5339017083921984,51.96464303522424,0.08613346713151913,-30.201952636090628,-0.2562069914769774,11.719619167379708,-0.30694249824025854,-48.715691157838215,-0.055020528572734165,0.3254846412525583,-0.00052764,1.1722700729266327,0.0018549,0,1.0
2580,0.5416658296126954,0.1670111036420654,0.00043068,1.0352253157245797,4.45778214968442,58.20933604201042,0.5339017083921984,48.019779361004716,0.08613346713151913,-46.22159048902671,-0.2562069914769774,-36.251233809552275,-0.30694249824025854,-1.7363762281440847,-0.055020528572734165,0.2952169424111896,-0.00052764,1.1576803584937607,0.0018549,0,1.0
2581,0.5411335224947788,0.06731234860797047,0.00043068,1.0352253157245797,4.45778214968442,-52.306700682145596,0.5339017083921984,16.54499265898387,0.08613346713151913,-49.318628928982136,-0.2562069914769774,-61.1019945791633,-0.30694249824025854,69.56746781161237,-0.055020528572734165,-0.03051288626219617,-0.00052764,0.10448659333287982,0.0018549,1,1.0
2582,0.13597699287739418,0.10763894233534664,0.00043068,1.0352253157245797,4.45778214968442,74.12551704709428,0.5339017083921984,28.245443398157256,0.08613346713151913,-12.583580397563061,-0.2562069914769774,75.21223568388868,-0.30694249824025854,-44.85863568542388,-0.055020528572734165,0.32909865704464364,-0.00052764,0.7746224141231572,0.0018549,0,1.0
2583,0.29777116282411764,0.05655918767296145,0.00043068,1.0352253157245797,4.45778214968442,-30.206073728146844,0.5339017083921984,21.114847904156385,0.08613346713151913,-35.69918501016411,-0.2562069914769774,-43.63009441643988,-0.30694249824025854,38.158892511639785,-0.055020528572734165,-0.13285443824245352,-0.00052764,0.1328621720143207,0.0018549,1,1.0
2584,0.22536376355284016,0.07984530862306503,0.00043068,1.0352253157245797,4.45778214968442,-31.562973757997813,0.5339017083921984,26.35854267849943,0.08613346713151913,-60.36329711270282,-0.2562069914769774,-18.81850072355348,-0.30694249824025854,42.287039038890654,-0.055020528572734165,-0.15999972891623238,-0.00052764,0.1658243902530036,0.0018549,1,1.0
2585,0.27920233548882356,0.024643867357029454,0.00043068,1.0352253157245797,4.45778214968442,-50.000630452641104,0.5339017083921984,8.631939171596377,0.08613346713151913,-78.48919914263752,-0.2562069914769774,27.19995007867761,-0.30694249824025854,65.77167188416387,-0.055020528572734165,-0.055712959164098144,-0.00052764,0.06078014052579836,0.0018549,1,1.0
2586,0.5098040835739299,0.04229062322641969,0.00043068,1.0352253157245797,4.45778214968442,-55.460853470502215,0.5339017083921984,19.25853883318708,0.08613346713151913,-55.10173053439246,-0.2562069914769774,-40.9996159675292,-0.30694249824025854,68.95834471687671,-0.055020528572734165,-0.10005702644309321,-0.00052764,0.10376592123344107,0.0018549,1,1.0
2587,0.2021378328937154,0.09770034543995315,0.00043068,1.0352253157245797,4.45778214968442,-16.023812370744658,0.5339017083921984,22.996321703074745,0.08613346713151913,-27.355899227045896,-0.2562069914769774,-36.50916644769558,-0.30694249824025854,21.745461125647022,-0.055020528572734165,-0.1350407629189146,-0.00052764,0.1669756989713248,0.0018549,1,1.0
2588,0.2917974427174591,0.1219494099988418,0.00043068,1.0352253157245797,4.45778214968442,58.416163862195134,0.5339017083921984,25.002043186873088,0.08613346713151913,-9.334002620923501,-0.2562069914769774,87.69952477465455,-0.30694249824025854,-32.19191421130137,-0.055020528572734165,0.3875003129069936,-0.00052764,0.662484070170748,0.0018549,0,1.0
2589,0.05863872735719908,0.08104036231355286,0.00043068,1.0352253157245797,4.45778214968442,-21.116833714150744,0.5339017083921984,23.801873749328166,0.08613346713151913,-62.37904965093815,-0.2562069914769774,-12.56988996584358,-0.30694249824025854,31.87838011090054,-0.055020528572734165,-0.16365066249951998,-0.00052764,0.1569873620625643,0.0018549,1,1.0
2590,0.2689045222368118,0.058392474963490135,0.00043068,1.0352253157245797,4.45778214968442,-33.470221340711724,0.5339017083921984,12.48094874497399,0.08613346713151913,-47.12143544523263,-0.2562069914769774,-62.96300787510464,-0.30694249824025854,50.347678566705824,-0.055020528572734165,-0.09536096618211568,-0.00052764,0.1449234876886333,0.0018549,1,1.0
2591,0.09154692353481353,0.004653537367831348,0.00043068,1.0352253157245797,4.45778214968442,-10.2343560130422,0.5339017083921984,5.2458582636057365,0.08613346713151913,-12.45157794173478,-0.2562069914769774,-2.936255169182206,-0.30694249824025854,12.372979303250865,-0.055020528572734165,-0.03455817319024787,-0.00052764,0.0340118681816044,0.0018549,1,1.0
2592,0.004809830523055225,0.11259473309567179,0.00043068,1.0352253157245797,4.45778214968442,12.402570524983576,0.5339017083921984,12.133954502904967,0.08613346713151913,-22.43738766693588,-0.2562069914769774,11.305139466329072,-0.30694249824025854,-2.030978227092915,-0.055020528572734165,0.02072828577308447,-0.00052764,0.22058218832108503,0.0018549,0,1.0
2593,0.028217224890760173,0.1903214366759036,0.00043068,1.0352253157245797,4.45778214968442,0.31541505531773273,0.5339017083921984,29.00279434554636,0.08613346713151913,-77.87405408565212,-0.2562069914769774,48.376557248186295,-0.30694249824025854,18.886859485173613,-0.055020528572734165,-0.03361341514205066,-0.00052764,0.34365721266602556,0.0018549,1,1.0
2594,0.42265563959468305,0.029229641701342367,0.00043068,1.0352253157245797,4.45778214968442,-56.74545430913573,0.5339017083921984,19.02181847232226,0.08613346713151913,-75.73730664985605,-0.2562069914769774,-29.116828973401315,-0.30694249824025854,74.61389777868366,-0.055020528572734165,-0.09352257137033554,-0.00052764,0.10162550656597805,0.0018549,1,1.0
2595,0.13307236150379792,0.025865118133551183,0.00043068,1.0352253157245797,4.45778214968442,-27.519639874147373,0.5339017083921984,16.981683895938605,0.08613346713151913,-60.103070325784174,-0.2562069914769774,25.16812909815334,-0.30694249824025854,36.262424548161874,-0.055020528572734165,-0.09908683757964978,-0.00052764,0.10062105396779222,0.0018549,1,1.0
2596,0.0001088633366158609,0.03592130944264833,0.00043068,1.0352253157245797,4.45778214968442,-3.878441061871656,0.5339017083921984,11.630748611193427,0.08613346713151913,-28.093345993782737,-0.2562069914769774,25.619381094666743,-0.30694249824025854,6.776447119528133,-0.055020528572734165,-0.058392496179620265,-0.00052764,0.09077882843202643,0.0018549,1,1.0
2597,0.15070683334985924,0.04647763343489849,0.00043068,1.0352253157245797,4.45778214968442,-23.184028250459825,0.5339017083921984,14.18522952106057,0.08613346713151913,-42.42690658476144,-0.2562069914769774,-60.156762880485225,-0.30694249824025854,37.097804160372036,-0.055020528572734165,-0.11775572330527215,-0.00052764,0.141677278853829,0.0018549,1,1.0
2598,0.09345217063053739,0.020722537730650376,0.00043068,1.0352253157245797,4.45778214968442,-33.17211394437725,0.5339017083921984,7.869107598393487,0.08613346713151913,-72.4739952445369,-0.2562069914769774,41.10234577453704,-0.30694249824025854,45.9874015425867,-0.055020528572734165,-0.07791241191756186,-0.00052764,0.07890704013487186,0.0018549,1,1.0
2599,0.0007151057767270236,0.03268762723778113,0.00043068,1.0352253157245797,4.45778214968442,0.6116276389328767,0.5339017083921984,7.117181653301461,0.08613346713151913,-0.24301971163836705,-0.2562069914769774,-65.14055499085627,-0.30694249824025854,3.354242769346431,-0.055020528572734165,-0.08416733207198562,-0.00052764,0.07277446922312075,0.0018549,1,1.0
2600,0.1669349759387232,0.15158597301850096,0.00043068,2.301058337073141,3.47893708472098,63.70213522570821,0.5339017083921984,12.754445912155935,0.08613346713151913,-58.002884177744754,-0.2562069914769774,-13.593126937955494,-0.30694249824025854,9.683309850767593,-0.055020528572734165,0.024975518296215637,-0.00052764,0.2916698860337476,0.0018549,0,1.0
2601,0.19641241664254772,0.022517512727208804,0.00043068,2.301058337073141,3.47893708472098,-42.96394582058225,0.5339017083921984,6.964700531503363,0.08613346713151913,-81.50662170606435,-0.2562069914769774,46.877428467101176,-0.30694249824025854,64.2062783648535,-0.055020528572734165,-0.09852370200643899,-0.00052764,0.0993956985964952,0.0018549,1,1.0
2602,0.008541410032020746,0.19785725042400695,0.00043068,2.301058337073141,3.47893708472098,58.30499855111769,0.5339017083921984,4.976851013664938,0.08613346713151913,-35.83603855743161,-0.2562069914769774,62.57531167414378,-0.30694249824025854,-15.112050757874444,-0.055020528572734165,0.15312610171589924,-0.00052764,0.4210107046925057,0.0018549,0,1.0
2603,0.4149327150995067,0.04996999864641724,0.00043068,2.301058337073141,3.47893708472098,-20.50695880577171,0.5339017083921984,9.449357889819835,0.08613346713151913,-54.116624586866514,-0.2562069914769774,-28.40670383011002,-0.30694249824025854,54.425886160902174,-0.055020528572734165,-0.14566529610730028,-0.00052764,0.14727292729197927,0.0018549,1,1.0
2604,0.46985027103888966,0.16711773659970794,0.00043068,2.301058337073141,3.47893708472098,5.754178646081505,0.5339017083921984,17.563032612760587,0.08613346713151913,-85.16755402772016,-0.2562069914769774,-54.97534659103829,-0.30694249824025854,63.304954435754624,-0.055020528572734165,-0.28283366349875544,-0.00052764,0.2884843830531542,0.0018549,1,1.0
2605,0.27134266930658635,0.04414309767758488,0.00043068,2.301058337073141,3.47893708472098,-28.016196434404815,0.5339017083921984,3.864618455409179,0.08613346713151913,-13.50350426547269,-0.2562069914769774,-7.983734387590055,-0.30694249824025854,24.809996632724204,-0.055020528572734165,-0.06179036657756161,-0.00052764,0.09364649393361497,0.0018549,1,1.0
2606,0.1889273214776757,0.05302485477006843,0.00043068,2.301058337073141,3.47893708472098,11.13441862239993,0.5339017083921984,9.345905979041365,0.08613346713151913,-43.817747484630075,-0.2562069914769774,-23.78341005734879,-0.30694249824025854,26.24029780735051,-0.055020528572734165,-0.12870199677514552,-0.00052764,0.15488172466341302,0.0018549,1,1.0
2607,-0.01168397759409312,0.06229827089962699,0.00043068,2.301058337073141,3.47893708472098,-13.009703929128072,0.5339017083921984,9.026950512571462,0.08613346713151913,-68.50965702493419,-0.2562069914769774,42.10848279471017,-0.30694249824025854,33.17869545004709,-0.055020528572734165,-0.11643592373599311,-0.00052764,0.12120766665394624,0.0018549,1,1.0
2608,-0.00033983265181760855,0.020886247544306118,0.00043068,2.301058337073141,3.47893708472098,-36.78793189058099,0.5339017083921984,-0.3675017869633947,0.08613346713151913,-44.643361862190375,-0.2562069914769774,66.80006328755475,-0.30694249824025854,34.369903751780996,-0.055020528572734165,-0.012251920595009272,-0.00052764,0.0425750425363757,0.0018549,1,1.0
2609,0.2672842224561694,0.1298161096865427,0.00043068,2.301058337073141,3.47893708472098,44.80578093791961,0.5339017083921984,13.442811453102479,0.08613346713151913,-39.363033257275404,-0.2562069914769774,-81.55290995641835,-0.30694249824025854,19.237823172758866,-0.055020528572734165,-0.2542507087603424,-0.00052764,0.25465641911992654,0.0018549,1,1.0
2610,0.4561412350449608,0.13101650259327613,0.00043068,2.301058337073141,3.47893708472098,-4.799414768860462,0.5339017083921984,13.190298243103799,0.08613346713151913,-41.001157290014106,-0.2562069914769774,-41.37397189038282,-0.30694249824025854,35.649394382478015,-0.055020528572734165,-0.08755625371264264,-0.00052764,0.20231691772060834,0.0018549,1,1.0
2611,0.010432114613860365,0.059178329882331716,0.00043068,2.301058337073141,3.47893708472098,17.62641853285931,0.5339017083921984,0.7951867323736153,0.08613346713151913,-16.63478745736453,-0.2562069914769774,1.327832978423236,-0.30694249824025854,5.857617230695795,-0.055020528572734165,-0.06798857884479959,-0.00052764,0.1313377936795153,0.0018549,1,1.0
2612,0.002135724331890576,0.11669749723984903,0.00043068,2.301058337073141,3.47893708472098,40.89112621725055,0.5339017083921984,10.893433583377234,0.08613346713151913,-71.74723808012077,-0.2562069914769774,27.323661132218458,-0.30694249824025854,17.197748916817556,-0.055020528572734165,-0.01020107194359822,-0.00052764,0.23131020580816958,0.0018549,1,1.0
2613,0.3435135133342465,0.045785695089669926,0.00043068,2.301058337073141,3.47893708472098,-77.960030013303,0.5339017083921984,6.901163692467312,0.08613346713151913,-68.88148252576869,-0.2562069914769774,50.667458042859835,-0.30694249824025854,70.57760942837915,-0.055020528572734165,-0.11995852310037909,-0.00052764,0.12373915621773963,0.0018549,1,1.0
2614,0.003734454786853414,0.09517939847027142,0.00043068,2.301058337073141,3.47893708472098,62.63086333016043,0.5339017083921984,10.809880305133156,0.08613346713151913,-26.902119133113253,-0.2562069914769774,-46.36976003522701,-0.30694249824025854,-9.518944158567377,-0.055020528572734165,-0.13239994359411741,-0.00052764,0.20630445280037277,0.0018549,1,1.0
2615,0.08548457102662974,0.011577823162776286,0.00043068,2.301058337073141,3.47893708472098,-17.192016423453417,0.5339017083921984,3.777147530552429,0.08613346713151913,-24.738598591943585,-0.2562069914769774,11.54393209803038,-0.30694249824025854,19.35580382408455,-0.055020528572734165,-0.058273782266096745,-0.00052764,0.0563790563026405,0.0018549,1,1.0
2616,0.0547631244028563,0.06240148976398154,0.00043068,2.301058337073141,3.47893708472098,36.00123483651057,0.5339017083921984,10.045798441369408,0.08613346713151913,-32.97247807435424,-0.2562069914769774,-37.01114467070881,-0.30694249824025854,5.819404477598257,-0.055020528572734165,-0.16321922235752814,-0.00052764,0.1692976222552863,0.0018549,1,1.0
2617,0.2716095970153788,0.014588453332941238,0.00043068,2.301058337073141,3.47893708472098,-63.06635111846697,0.5339017083921984,-0.14245152408369072,0.08613346713151913,-32.51926976539134,-0.2562069914769774,36.00480312984645,-0.30694249824025854,49.887875490168,-0.055020528572734165,-0.04173814646221051,-0.00052764,0.042787852991462524,0.0018549,1,1.0
2618,0.046705187762558636,0.033488153291048726,0.00043068,2.301058337073141,3.47893708472098,9.860609838324855,0.5339017083921984,4.247698716857995,0.08613346713151913,-33.168888809131964,-0.2562069914769774,-3.1332951577802985,-0.30694249824025854,17.87317401149742,-0.055020528572734165,-0.11272185602908334,-0.00052764,0.1171084009693968,0.0018549,1,1.0
2619,0.006774066155999764,0.03047310110771947,0.00043068,2.301058337073141,3.47893708472098,-1.8903568795905386,0.5339017083921984,3.483510075074804,0.08613346713151913,-41.53326684370764,-0.2562069914769774,26.141731288977553,-0.30694249824025854,22.04801227379673,-0.055020528572734165,-0.05174633624091113,-0.00052764,0.08736205902793848,0.0018549,1,1.0
2620,0.010547969691925695,0.09656586330712538,0.00043068,2.301058337073141,3.47893708472098,16.241703625299607,0.5339017083921984,-0.8274414967780787,0.08613346713151913,-14.210798158284382,-0.2562069914769774,20.395155524632735,-0.30694249824025854,2.9587870861542247,-0.055020528572734165,-0.015855272697685927,-0.00052764,0.17070182596455158,0.0018549,1,1.0
2621,0.3352024043749142,0.07162395011863663,0.00043068,2.301058337073141,3.47893708472098,-9.967928686817764,0.5339017083921984,12.449539543350722,0.08613346713151913,-54.236898820549975,-0.2562069914769774,-25.88872682013604,-0.30694249824025854,41.86535973491752,-0.055020528572734165,-0.149830759001366,-0.00052764,0.17137623844545224,0.0018549,1,1.0
2622,0.14915390588085953,0.10592223875691543,0.00043068,2.301058337073141,3.47893708472098,42.24275230058712,0.5339017083921984,13.591029770639063,0.08613346713151913,-42.755349474482216,-0.2562069914769774,-57.380555304524776,-0.30694249824025854,12.929169345681915,-0.055020528572734165,-0.21959144101173905,-0.00052764,0.2253313001318718,0.0018549,1,1.0
2623,0.00021591353025096627,0.12613991884363582,0.00043068,2.301058337073141,3.47893708472098,48.79064005891438,0.5339017083921984,13.587736589487577,0.08613346713151913,-57.46489958817083,-0.2562069914769774,-29.1242721038443,-0.30694249824025854,10.878323698309428,-0.055020528572734165,-0.22001877609715154,-0.00052764,0.23871914994101778,0.0018549,1,1.0
2624,0.006776789310408815,0.10099431917195728,0.00043068,2.301058337073141,3.47893708472098,29.642552964309218,0.5339017083921984,5.493060927962026,0.08613346713151913,-47.899193719669,-0.2562069914769774,22.754187919670777,-0.30694249824025854,13.11170065508655,-0.055020528572734165,-0.014268354303356878,-0.00052764,0.1906459569855241,0.0018549,1,1.0
2625,0.024949308450965157,0.10261824538041277,0.00043068,2.301058337073141,3.47893708472098,-33.543457790000005,0.5339017083921984,4.80001414398954,0.08613346713151913,-25.48242466044865,-0.2562069914769774,40.202400800937916,-0.30694249824025854,15.053240758431395,-0.055020528572734165,-0.16780291983981085,-0.00052764,0.18740206679935703,0.0018549,1,1.0
2626,0.13601832620575188,0.033310190202089515,0.00043068,2.301058337073141,3.47893708472098,-14.590342801070364,0.5339017083921984,2.252658179708723,0.08613346713151913,-39.69393396013158,-0.2562069914769774,11.610015024461182,-0.30694249824025854,35.16711362528884,-0.055020528572734165,-0.10570805098894795,-0.00052764,0.10577297377853509,0.0018549,1,1.0
2627,0.01874831301532745,0.01946271283205548,0.00043068,2.301058337073141,3.47893708472098,-53.23124297234449,0.5339017083921984,3.4531085209219574,0.08613346713151913,-90.07266075726262,-0.2562069914769774,94.78321158121652,-0.30694249824025854,64.09040155219945,-0.055020528572734165,-0.05839257477586357,-0.00052764,0.05968539925387431,0.0018549,1,1.0
2628,0.25454843025095303,0.012145317588074874,0.00043068,2.301058337073141,3.47893708472098,-11.853437234186122,0.5339017083921984,4.474748819194497,0.08613346713151913,-18.677364334294374,-0.2562069914769774,-24.689334985834744,-0.30694249824025854,25.493685479450807,-0.055020528572734165,-0.06264314429325125,-0.00052764,0.0629437941791043,0.0018549,1,1.0
2629,0.15532408936156544,0.06195079613056911,0.00043068,2.301058337073141,3.47893708472098,-36.16631325982963,0.5339017083921984,2.788464192663034,0.08613346713151913,-44.328916421573304,-0.2562069914769774,25.71483483379279,-0.30694249824025854,42.92348393523104,-0.055020528572734165,-0.06656993177772834,-0.00052764,0.03656810442821028,0.0018549,1,1.0
2630,0.03831359503042912,0.07178741804436617,0.00043068,2.301058337073141,3.47893708472098,-28.53597203054222,0.5339017083921984,1.2775966985126384,0.08613346713151913,-35.564673755565856,-0.2562069914769774,62.85023620309568,-0.30694249824025854,23.238175995256643,-0.055020528572734165,-0.020958486759478513,-0.00052764,0.145199744529589,0.0018549,1,1.0
2631,0.0038647602199682884,0.057899193557850614,0.00043068,2.301058337073141,3.47893708472098,13.080212981001981,0.5339017083921984,5.828481212231496,0.08613346713151913,-37.76604190624251,-0.2562069914769774,23.589291560699127,-0.30694249824025854,9.801707604054036,-0.055020528572734165,0.02473478538017273,-0.00052764,0.1002185721096572,0.0018549,0,1.0
2632,0.252282545545484,0.06386860278744572,0.00043068,2.301058337073141,3.47893708472098,-51.8175788660705,0.5339017083921984,4.157599255525377,0.08613346713151913,-82.3510883796554,-0.2562069914769774,67.2221795905732,-0.30694249824025854,70.43265152405621,-0.055020528572734165,-0.011414198723284308,-0.00052764,0.1018980861360766,0.0018549,1,1.0
2633,0.40129500919020067,0.1198053112041553,0.00043068,2.301058337073141,3.47893708472098,7.731289274256192,0.5339017083921984,7.5821734716109725,0.08613346713151913,-42.06186143331552,-0.2562069914769774,-29.171458774183662,-0.30694249824025854,37.847551612514785,-0.055020528572734165,-0.0403557193661544,-0.00052764,0.1965072262513266,0.0018549,1,1.0
2634,0.023686031276494407,0.07031423218024876,0.00043068,2.301058337073141,3.47893708472098,24.78289490533872,0.5339017083921984,4.525908060557203,0.08613346713151913,-31.917367714553368,-0.2562069914769774,8.783061746041714,-0.30694249824025854,7.486614434598801,-0.055020528572734165,-0.006007637750988018,-0.00052764,0.13800346378944295,0.0018549,1,1.0
2635,0.3729779978986452,0.04763581698110954,0.00043068,2.301058337073141,3.47893708472098,-15.794056574469328,0.5339017083921984,3.3516325390167427,0.08613346713151913,-24.820615966609406,-0.2562069914769774,-35.18506063692406,-0.30694249824025854,40.493522480902215,-0.055020528572734165,-0.11986006039939472,-0.00052764,0.11927992620794294,0.0018549,1,1.0
2636,0.0015965064978487875,0.03831374810129408,0.00043068,2.301058337073141,3.47893708472098,29.342497740432265,0.5339017083921984,4.098579152473459,0.08613346713151913,-12.415189643562979,-0.2562069914769774,-15.296207387648844,-0.30694249824025854,-4.313310802594867,-0.055020528572734165,-0.03436315109240286,-0.00052764,0.09729927395459963,0.0018549,1,1.0
2637,0.3716716370933076,0.09497883553265686,0.00043068,2.301058337073141,3.47893708472098,23.72208009799644,0.5339017083921984,10.71173429581841,0.08613346713151913,-32.88543815773948,-0.2562069914769774,-65.1950166979212,-0.30694249824025854,26.283027815427197,-0.055020528572734165,-0.13196443212096987,-0.00052764,0.20138200317731858,0.0018549,1,1.0
2638,0.4961251599229192,0.06848762420027366,0.00043068,2.301058337073141,3.47893708472098,-40.492378302236446,0.5339017083921984,6.700770952530299,0.08613346713151913,-59.73948244300687,-0.2562069914769774,-16.504856841395377,-0.30694249824025854,71.20417245290041,-0.055020528572734165,-0.14431797317413592,-0.00052764,0.14005040221046655,0.0018549,1,1.0
2639,0.0031884816629164647,0.08026542367424232,0.00043068,2.301058337073141,3.47893708472098,10.000985757970126,0.5339017083921984,8.275790852621848,0.08613346713151913,-71.92205095944587,-0.2562069914769774,50.38253774739263,-0.30694249824025854,27.801848041673672,-0.055020528572734165,0.01238056155680814,-0.00052764,0.15410501618097752,0.0018549,0,1.0
2640,0.06837173152779491,0.03741892051825955,0.00043068,2.301058337073141,3.47893708472098,-10.413726795585365,0.5339017083921984,6.447518030396911,0.08613346713151913,-64.07309121282628,-0.2562069914769774,27.995817947349714,-0.30694249824025854,39.52073025517674,-0.055020528572734165,-0.1160506596703083,-0.00052764,0.12313610196471934,0.0018549,1,1.0
2641,0.16049362337667145,0.07375891998906703,0.00043068,2.301058337073141,3.47893708472098,8.906320285332344,0.5339017083921984,9.117426738297578,0.08613346713151913,-57.04968984184753,-0.2562069914769774,8.363212139995335,-0.30694249824025854,29.72797473182976,-0.055020528572734165,-0.037682687101818296,-0.00052764,0.15912090207584342,0.0018549,1,1.0
2642,0.3568016643601389,0.0622107113130569,0.00043068,2.301058337073141,3.47893708472098,-63.11607354310623,0.5339017083921984,1.316843941279044,0.08613346713151913,-18.988760186905818,-0.2562069914769774,17.358443989436495,-0.30694249824025854,43.44671027709158,-0.055020528572734165,-0.09493708106769755,-0.00052764,0.11998579506888235,0.0018549,1,1.0
2643,0.7258280306654201,0.10591662449337426,0.00043068,2.301058337073141,3.47893708472098,-46.352241449416184,0.5339017083921984,10.910322078930632,0.08613346713151913,-50.066024564304996,-0.2562069914769774,-60.797496906385845,-0.30694249824025854,75.75053190548121,-0.055020528572734165,-0.15993597723220448,-0.00052764,0.14385825430052462,0.0018549,1,1.0
2644,0.0056154955152787345,0.06208808947654896,0.00043068,2.301058337073141,3.47893708472098,5.789553115564373,0.5339017083921984,5.480522157892507,0.08613346713151913,-55.23080302645398,-0.2562069914769774,38.73607542831383,-0.30694249824025854,23.752475558596075,-0.055020528572734165,-0.008532590099170068,-0.00052764,0.12345602706412817,0.0018549,1,1.0
2645,-0.06814596000384941,0.1952248910123785,0.00043068,2.301058337073141,3.47893708472098,4.854129366164035,0.5339017083921984,0.879835852033585,0.08613346713151913,-7.912776237282048,-0.2562069914769774,29.566948788002517,-0.30694249824025854,-6.1723694147455666,-0.055020528572734165,-0.012524442094823035,-0.00052764,0.12017176096322738,0.0018549,1,1.0
2646,0.12665098401385433,0.07721088289294467,0.00043068,2.301058337073141,3.47893708472098,27.521491461008157,0.5339017083921984,12.055637349418904,0.08613346713151913,-44.581305193745706,-0.2562069914769774,-33.283159933161734,-0.30694249824025854,16.086678699680242,-0.055020528572734165,-0.16408439440207268,-0.00052764,0.18715912503651289,0.0018549,1,1.0
2647,0.6741920012045539,0.10668619143295593,0.00043068,2.301058337073141,3.47893708472098,-34.04932860007684,0.5339017083921984,14.871540608133463,0.08613346713151913,-68.8686462911736,-0.2562069914769774,-56.08345904725512,-0.30694249824025854,76.41075873875242,-0.055020528572734165,-0.20374594757488035,-0.00052764,0.20326109311158552,0.0018549,1,1.0
2648,0.09508630722146572,0.06290714622661422,0.00043068,2.301058337073141,3.47893708472098,11.488167982515375,0.5339017083921984,9.865314653885337,0.08613346713151913,-56.58669679068341,-0.2562069914769774,5.312879478724537,-0.30694249824025854,25.51260510122107,-0.055020528572734165,-0.08893115954233692,-0.00052764,0.15743891722105063,0.0018549,1,1.0
2649,0.2765010094417537,0.2730145549618967,0.00043068,2.301058337073141,3.47893708472098,63.20605016594989,0.5339017083921984,18.43153036527295,0.08613346713151913,-31.269778318406825,-0.2562069914769774,-45.64165409515725,-0.30694249824025854,-11.262994256374407,-0.055020528572734165,-0.0074606922205277815,-0.00052764,0.3638004733428677,0.0018549,1,1.0
2650,0.0466660079714048,0.024604941081474426,0.00043068,2.301058337073141,3.47893708472098,-11.735038432178095,0.5339017083921984,6.818364919298477,0.08613346713151913,-42.0999763435544,-0.2562069914769774,19.31381978629679,-0.30694249824025854,22.70974491143469,-0.055020528572734165,-0.09201299934734165,-0.00052764,0.09553842893859522,0.0018549,1,1.0
2651,0.0291153172682036,0.15377811144788106,0.00043068,2.301058337073141,3.47893708472098,94.40519160017297,0.5339017083921984,15.301992916544489,0.08613346713151913,-48.15762252216845,-0.2562069914769774,2.229861205379117,-0.30694249824025854,-22.361201477121718,-0.055020528572734165,0.18610569421518414,-0.00052764,0.30372507927076947,0.0018549,0,1.0
2652,0.07990581803659894,0.007237887803399073,0.00043068,2.301058337073141,3.47893708472098,-15.068422968294568,0.5339017083921984,3.7803095032833087,0.08613346713151913,-27.215609880008707,-0.2562069914769774,12.63486989021235,-0.30694249824025854,20.16776569334855,-0.055020528572734165,-0.04817413664424984,-0.00052764,0.050941400314706106,0.0018549,1,1.0
2653,0.47655462346509003,0.23148004816174528,0.00043068,2.301058337073141,3.47893708472098,53.351400957543994,0.5339017083921984,18.41536557895405,0.08613346713151913,-82.97270221319205,-0.2562069914769774,-46.46163488308767,-0.30694249824025854,41.34151575361408,-0.055020528572734165,-0.06205569439278197,-0.00052764,0.3797135702677726,0.0018549,1,1.0
2654,0.1816164754526266,0.07904822068467794,0.00043068,2.301058337073141,3.47893708472098,21.128241802953514,0.5339017083921984,9.402716052335066,0.08613346713151913,-42.73621206693049,-0.2562069914769774,-38.69277099403352,-0.30694249824025854,24.957249641584408,-0.055020528572734165,-0.19025801232648645,-0.00052764,0.18562749235443746,0.0018549,1,1.0
2655,0.22919644502676972,0.05744068679624888,0.00043068,2.301058337073141,3.47893708472098,-26.846153273488085,0.5339017083921984,1.7896369579212477,0.08613346713151913,-43.555565778874815,-0.2562069914769774,22.58800708146201,-0.30694249824025854,44.13027597150851,-0.055020528572734165,-0.046535351344450915,-0.00052764,0.10753157548851922,0.0018549,1,1.0
2656,0.26608567400499594,0.021511315307098135,0.00043068,2.301058337073141,3.47893708472098,-17.188920591368053,0.5339017083921984,2.188830635279486,0.08613346713151913,-20.3427898937455,-0.2562069914769774,-16.450099580399193,-0.30694249824025854,31.480756090712255,-0.055020528572734165,-0.06535423326460138,-0.00052764,0.07128838298233742,0.0018549,1,1.0
2657,0.21044427044246594,0.07216356331221492,0.00043068,2.301058337073141,3.47893708472098,17.49003243229775,0.5339017083921984,11.006762352178265,0.08613346713151913,-32.87187469939505,-0.2562069914769774,-36.29207019323516,-0.30694249824025854,15.64478178025551,-0.055020528572734165,-0.10871303741547855,-0.00052764,0.1638192439245939,0.0018549,1,1.0
2658,0.03685545492089459,0.15107851180684917,0.00043068,2.301058337073141,3.47893708472098,55.86518953883932,0.5339017083921984,13.959676856631134,0.08613346713151913,-91.80718332454643,-0.2562069914769774,39.248153434488856,-0.30694249824025854,20.88283988330341,-0.055020528572734165,0.047375332872420906,-0.00052764,0.30668996418991057,0.0018549,0,1.0
2659,0.07167457299204433,0.028158393933751868,0.00043068,2.301058337073141,3.47893708472098,11.423565381971365,0.5339017083921984,7.35227868863143,0.08613346713151913,-28.29965301582282,-0.2562069914769774,-14.699168259599558,-0.30694249824025854,11.109608734304123,-0.055020528572734165,-0.09879222651070968,-0.00052764,0.10689957225708152,0.0018549,1,1.0
2660,0.00013651975039508102,0.13137542599703037,0.00043068,2.301058337073141,3.47893708472098,-35.98327367725991,0.5339017083921984,-4.280549449283095,0.08613346713151913,-43.85408497136792,-0.2562069914769774,96.04298142289822,-0.30694249824025854,33.94662026023067,-0.055020528572734165,-0.049141930508207074,-0.00052764,0.21659939876786166,0.0018549,1,1.0
2661,0.23018698629374906,0.03050301080618841,0.00043068,2.301058337073141,3.47893708472098,-18.704131732796785,0.5339017083921984,0.801331061043443,0.08613346713151913,-1.957774415789349,-0.2562069914769774,-11.57725922365239,-0.30694249824025854,17.292244227860127,-0.055020528572734165,-0.0036217832128497586,-0.00052764,0.04261612219333706,0.0018549,1,1.0
2662,0.14329774850942778,0.009370784682842276,0.00043068,2.301058337073141,3.47893708472098,-40.581225421416,0.5339017083921984,0.6198791685532921,0.08613346713151913,-41.25770384924615,-0.2562069914769774,39.3095937789698,-0.30694249824025854,42.45451581775767,-0.055020528572734165,-0.026497437423776127,-0.00052764,0.030442752364403355,0.0018549,1,1.0
2663,0.2399736800803849,0.10094797042966527,0.00043068,2.301058337073141,3.47893708472098,19.30421083561304,0.5339017083921984,14.290111884500973,0.08613346713151913,-51.08077410983189,-0.2562069914769774,-39.03166227523822,-0.30694249824025854,25.319686573257588,-0.055020528572734165,-0.1670445608749745,-0.00052764,0.21029129946348507,0.0018549,1,1.0
2664,0.023032340455429123,0.056780892981403,0.00043068,2.301058337073141,3.47893708472098,-22.970244979423576,0.5339017083921984,7.432733571052361,0.08613346713151913,-70.28166377609689,-0.2562069914769774,66.13579985569639,-0.30694249824025854,36.695574724611774,-0.055020528572734165,-0.027253270676130786,-0.00052764,0.12300446041322446,0.0018549,1,1.0
2665,0.5506205021170761,0.04388891635550936,0.00043068,2.301058337073141,3.47893708472098,-47.073493604914226,0.5339017083921984,1.1132216273662052,0.08613346713151913,-2.3241637028244284,-0.2562069914769774,-42.69271521635622,-0.30694249824025854,45.280115244345986,-0.055020528572734165,-0.0022118567412998777,-0.00052764,0.004203378401768484,0.0018549,1,1.0
2666,0.011792593416741437,0.06684279286030781,0.00043068,2.301058337073141,3.47893708472098,2.8702760569920516,0.5339017083921984,9.261633285119505,0.08613346713151913,-64.68456547264894,-0.2562069914769774,40.09374995094487,-0.30694249824025854,25.290964618945225,-0.055020528572734165,-0.032661076850741225,-0.00052764,0.14275388473738593,0.0018549,1,1.0
2667,0.016807194161697125,0.08727364526591425,0.00043068,2.301058337073141,3.47893708472098,32.62371457649148,0.5339017083921984,8.455770013078196,0.08613346713151913,-52.226833099774474,-0.2562069914769774,11.454014542497092,-0.30694249824025854,13.018349282550187,-0.055020528572734165,-0.03444675968653921,-0.00052764,0.18174636802554506,0.0018549,1,1.0
2668,0.5053142272375449,0.13666678923361134,0.00043068,2.301058337073141,3.47893708472098,-6.026494169093486,0.5339017083921984,17.068334164521186,0.08613346713151913,-59.79425314442857,-0.2562069914769774,-59.977226552208606,-0.30694249824025854,50.142571004112966,-0.055020528572734165,-0.21498048977408232,-0.00052764,0.23606482972203677,0.0018549,1,1.0
2669,0.16188760435739907,0.11870359222043843,0.00043068,2.301058337073141,3.47893708472098,41.444304040288216,0.5339017083921984,11.759607280344177,0.08613346713151913,-54.01114950856286,-0.2562069914769774,-1.988872924974688,-0.30694249824025854,13.279814039181538,-0.055020528572734165,0.045070178414210446,-0.00052764,0.21883408007342448,0.0018549,0,1.0
2670,0.031156262903251297,0.0426143282424677,0.00043068,2.301058337073141,3.47893708472098,2.0480467450266358,0.5339017083921984,9.20056046892958,0.08613346713151913,-46.00953950824539,-0.2562069914769774,6.868702209375956,-0.30694249824025854,18.938018222273566,-0.055020528572734165,-0.1279851932441666,-0.00052764,0.12768496535627313,0.0018549,1,1.0
2671,-0.001620707835116808,0.16923213655643377,0.00043068,2.301058337073141,3.47893708472098,68.34551626816263,0.5339017083921984,17.21965001214966,0.08613346713151913,-56.81139474432197,-0.2562069914769774,-31.00227894580503,-0.30694249824025854,-2.9852426331172244,-0.055020528572734165,-0.14417402911175625,-0.00052764,0.28018363043735994,0.0018549,1,1.0
2672,0.09030893988591182,0.14314114973674533,0.00043068,2.301058337073141,3.47893708472098,55.22877537421249,0.5339017083921984,13.07889225448835,0.08613346713151913,-57.67881897683189,-0.2562069914769774,-30.88786751451479,-0.30694249824025854,13.226471115216695,-0.055020528572734165,-0.15364404060441988,-0.00052764,0.2701117296398358,0.0018549,1,1.0
2673,0.03663345164069198,0.14185360043225384,0.00043068,2.301058337073141,3.47893708472098,31.135313637955818,0.5339017083921984,10.508671703371403,0.08613346713151913,-72.42585758052851,-0.2562069914769774,-2.887764542524069,-0.30694249824025854,30.16171301660411,-0.055020528572734165,-0.21717151188163478,-0.00052764,0.2500890018497015,0.0018549,1,1.0
2674,0.014360081674117509,0.10115861072575272,0.00043068,2.301058337073141,3.47893708472098,41.126507050295935,0.5339017083921984,11.188884999662408,0.08613346713151913,-21.357721508739512,-0.2562069914769774,-28.59565540681899,-0.30694249824025854,-10.92815912520463,-0.055020528572734165,-0.09690942487185455,-0.00052764,0.18293842588939097,0.0018549,1,1.0
2675,0.0317110559200392,0.06000868640323023,0.00043068,2.301058337073141,3.47893708472098,-2.684197712423822,0.5339017083921984,2.2915297289172387,0.08613346713151913,-37.04967234973389,-0.2562069914769774,38.665364281195735,-0.30694249824025854,18.839093444417706,-0.055020528572734165,0.03385894499106144,-0.00052764,0.09178859959309045,0.0018549,0,1.0
2676,0.16844023312761927,0.016482454028598353,0.00043068,2.301058337073141,3.47893708472098,-5.10615857863359,0.5339017083921984,1.350134964665539,0.08613346713151913,-9.89513783502733,-0.2562069914769774,-15.87745219577039,-0.30694249824025854,16.805310629854066,-0.055020528572734165,-0.045412549796670865,-0.00052764,0.058598429997915064,0.0018549,1,1.0
2677,0.1576893784369821,0.025460015339730278,0.00043068,2.301058337073141,3.47893708472098,-31.22340369235251,0.5339017083921984,8.12209490879198,0.08613346713151913,-61.18782298039005,-0.2562069914769774,28.97781915269607,-0.30694249824025854,44.22430601765031,-0.055020528572734165,-0.10391186378419891,-0.00052764,0.1054296658464524,0.0018549,1,1.0
2678,0.01845684517016777,0.028841241313597756,0.00043068,2.301058337073141,3.47893708472098,16.268691979175205,0.5339017083921984,6.215195359873183,0.08613346713151913,-32.76942228749596,-0.2562069914769774,-7.395195286771982,-0.30694249824025854,11.630440866551256,-0.055020528572734165,-0.10686055922985808,-0.00052764,0.112121094171297,0.0018549,1,1.0
2679,0.0907310464300285,0.09659806952573807,0.00043068,2.301058337073141,3.47893708472098,32.35829884397034,0.5339017083921984,12.127696264825243,0.08613346713151913,-56.35506522879013,-0.2562069914769774,-4.2672574351537955,-0.30694249824025854,15.804531435480042,-0.055020528572734165,-0.06349095628363668,-0.00052764,0.2017858462935134,0.0018549,1,1.0
2680,0.30408620306296463,0.1168649731070938,0.00043068,2.301058337073141,3.47893708472098,-68.60577658217363,0.5339017083921984,-3.866836443847384,0.08613346713151913,-18.927434513416035,-0.2562069914769774,24.241316659330735,-0.30694249824025854,51.623678124455644,-0.055020528572734165,-0.0815791214641027,-0.00052764,0.03371957586574122,0.0018549,1,1.0
2681,-0.01750923485961131,0.083978954096854,0.00043068,2.301058337073141,3.47893708472098,12.79528857955606,0.5339017083921984,3.880840964273676,0.08613346713151913,-31.590951147681825,-0.2562069914769774,22.480465827797488,-0.30694249824025854,8.052443939124203,-0.055020528572734165,0.020217448978773707,-0.00052764,0.08391100038855823,0.0018549,0,1.0
2682,0.01417100169676122,0.12373860695844408,0.00043068,2.301058337073141,3.47893708472098,47.38501818118032,0.5339017083921984,7.733091276848154,0.08613346713151913,-52.65497371870461,-0.2562069914769774,31.446983300049517,-0.30694249824025854,4.737687186414974,-0.055020528572734165,0.09838365987456504,-0.00052764,0.22474936630671805,0.0018549,0,1.0
2683,0.10159105829003173,0.1489103537028379,0.00043068,2.301058337073141,3.47893708472098,54.911698689201344,0.5339017083921984,10.811807353453009,0.08613346713151913,-47.754386257904635,-0.2562069914769774,-41.17120840793362,-0.30694249824025854,12.3001312379724,-0.055020528572734165,-0.18641490016900633,-0.00052764,0.269862010952476,0.0018549,1,1.0
2684,0.067254200609716,0.010546704994433826,0.00043068,2.301058337073141,3.47893708472098,-15.69259725744949,0.5339017083921984,1.2725386070638023,0.08613346713151913,-30.17053710430865,-0.2562069914769774,20.35876035547597,-0.30694249824025854,25.245743899821804,-0.055020528572734165,-0.04821279208551451,-0.00052764,0.05204097930453875,0.0018549,1,1.0
2685,0.051389548667531426,0.1408069303912014,0.00043068,2.301058337073141,3.47893708472098,58.06949397586449,0.5339017083921984,12.417127639564658,0.08613346713151913,-56.986021156543494,-0.2562069914769774,-23.24006938919904,-0.30694249824025854,9.776855793589109,-0.055020528572734165,-0.13114086910386752,-0.00052764,0.2673870807653775,0.0018549,1,1.0
2686,0.0028186604422868466,0.16652354677542325,0.00043068,2.301058337073141,3.47893708472098,79.00096008909374,0.5339017083921984,11.030173355149717,0.08613346713151913,-73.69478762890692,-0.2562069914769774,41.566096400777795,-0.30694249824025854,1.7501975263852363,-0.055020528572734165,0.1341965725342325,-0.00052764,0.35766950616614157,0.0018549,0,1.0
2687,0.08354769658256644,0.0873605784900742,0.00043068,2.301058337073141,3.47893708472098,46.96220535230633,0.5339017083921984,9.73427644227608,0.08613346713151913,-31.45657399903382,-0.2562069914769774,-47.872556213792656,-0.30694249824025854,4.820304372325701,-0.055020528572734165,-0.17103295814171865,-0.00052764,0.2030738339585611,0.0018549,1,1.0
2688,0.1626525755592136,0.04855466977004359,0.00043068,2.301058337073141,3.47893708472098,-4.067833811650314,0.5339017083921984,2.3031192155082496,0.08613346713151913,-31.0201697397178,-0.2562069914769774,-4.892389418314106,-0.30694249824025854,29.069290284191748,-0.055020528572734165,-0.11125736001611919,-0.00052764,0.12688088455830165,0.0018549,1,1.0
2689,0.2594275401501213,0.034497969494448014,0.00043068,2.301058337073141,3.47893708472098,-44.73777090923318,0.5339017083921984,6.644554183245651,0.08613346713151913,-81.67363939749941,-0.2562069914769774,40.70532166073549,-0.30694249824025854,69.16891077468777,-0.055020528572734165,-0.10168664141398503,-0.00052764,0.11188298448380501,0.0018549,1,1.0
2690,0.06032768866877114,0.1308609321481095,0.00043068,2.301058337073141,3.47893708472098,29.38268451251216,0.5339017083921984,12.08442997000844,0.08613346713151913,-75.65360542418813,-0.2562069914769774,-4.306224481766801,-0.30694249824025854,31.600314106507994,-0.055020528572734165,-0.2076494039113812,-0.00052764,0.24549560065590992,0.0018549,1,1.0
2691,0.001336309070760766,0.12579867816824136,0.00043068,2.301058337073141,3.47893708472098,75.12660546252326,0.5339017083921984,11.381306835496593,0.08613346713151913,-43.94371486130955,-0.2562069914769774,-5.704700807869939,-0.30694249824025854,-10.73368479268926,-0.055020528572734165,0.05936672880175592,-0.00052764,0.24887499346348696,0.0018549,0,1.0
2692,0.762338648090235,0.14810925367053046,0.00043068,2.301058337073141,3.47893708472098,-46.746823686386975,0.5339017083921984,17.57939031238727,0.08613346713151913,-88.7905751500169,-0.2562069914769774,-43.50353202874643,-0.30694249824025854,92.11078692729527,-0.055020528572734165,-0.19942508484271518,-0.00052764,0.2354276842099068,0.0018549,1,1.0
2693,0.2306651689467526,0.06950585942396167,0.00043068,2.301058337073141,3.47893708472098,-29.30308081283578,0.5339017083921984,4.026681564365283,0.08613346713151913,-16.5944074024555,-0.2562069914769774,6.252522899159036,-0.30694249824025854,22.754320103428086,-0.055020528572734165,-0.07524118430889322,-0.00052764,0.13360591556551926,0.0018549,1,1.0
2694,0.02370836638260032,0.12283264000898696,0.00043068,2.301058337073141,3.47893708472098,47.657893008076755,0.5339017083921984,7.802026730754097,0.08613346713151913,-44.004075777674046,-0.2562069914769774,-16.00729305967515,-0.30694249824025854,8.896740062374603,-0.055020528572734165,-0.1304999732794131,-0.00052764,0.23460850130710237,0.0018549,1,1.0
2695,0.13041329009791253,0.04987490642534308,0.00043068,2.301058337073141,3.47893708472098,-24.65162979090084,0.5339017083921984,1.7954228552595008,0.08613346713151913,-53.20275434179303,-0.2562069914769774,31.468485238715417,-0.30694249824025854,45.73098272171286,-0.055020528572734165,-0.11532220391353212,-0.00052764,0.12107301574451873,0.0018549,1,1.0
2696,0.26731165602010304,0.0663506856228748,0.00043068,2.301058337073141,3.47893708472098,-8.108892558615043,0.5339017083921984,12.509289924698857,0.08613346713151913,-60.340750601930374,-0.2562069914769774,-15.655960084473625,-0.30694249824025854,41.343664038559936,-0.055020528572734165,-0.16232051988264068,-0.00052764,0.17190832596368216,0.0018549,1,1.0
2697,0.1855051705963947,0.012069655258295753,0.00043068,2.301058337073141,3.47893708472098,-60.41546142647215,0.5339017083921984,6.427415249252297,0.08613346713151913,-80.1159354619477,-0.2562069914769774,65.47784604421471,-0.30694249824025854,65.52698752213975,-0.055020528572734165,-0.07462876876034436,-0.00052764,0.07568958723959046,0.0018549,1,1.0
2698,0.37808206796017485,0.08837149878744821,0.00043068,2.301058337073141,3.47893708472098,22.416386371072555,0.5339017083921984,11.38648213900287,0.08613346713151913,-32.73333467789987,-0.2562069914769774,-78.62909771683874,-0.30694249824025854,28.718118021682496,-0.055020528572734165,-0.20572902733512333,-0.00052764,0.20676909852469028,0.0018549,1,1.0
2699,-0.010369848087040223,0.05711778125703587,0.00043068,2.301058337073141,3.47893708472098,-25.89225738643618,0.5339017083921984,2.246309412874782,0.08613346713151913,-62.89192332436862,-0.2562069914769774,67.20004933322595,-0.30694249824025854,40.03169243757753,-0.055020528572734165,-0.03433780478402273,-0.00052764,0.07802050672746483,0.0018549,1,1.0
