,V,fitness,V_O,s,tau,AF3,AF3_O,AH3,AH3_O,A3N3,A3N3_O,AF5,AF5_O,AD5,AD5_O,lambda1,lambda1_O,lambda2,lambda2_O,taquiónico,taquiónico_O
0,0.6305404089777038,0.24738929323680664,-0.00032169,1.600149459561681,3.485910062937601,-58.740706190602296,-0.0023016062189381405,-0.3696880973135618,0.08577636837209619,-1.4371776005989272,-0.845232402679053,2.580929360273113,1.5397792612636616,43.840356042668326,0.20689099899680946,-0.257453699807482,0.00020257,0.25360426595063845,0.00049835,1,0.0
1,0.3571540029562743,0.32622722312376257,-0.00032169,1.600149459561681,3.485910062937601,35.130025240281995,-0.0023016062189381405,4.292883589698238,0.08577636837209619,-42.10430573199476,-0.845232402679053,95.76014471771778,1.5397792612636616,0.6361851509628994,0.20689099899680946,0.32523457508227804,0.00020257,0.8598148191107646,0.00049835,0,0.0
2,0.0002943097459320865,0.15291261668725015,-0.00032169,1.600149459561681,3.485910062937601,96.60103185824757,-0.0023016062189381405,10.65372074228957,0.08577636837209619,-15.91201691822123,-0.845232402679053,61.27002855972133,1.5397792612636616,-53.57120789524236,0.20689099899680946,0.5022688322161736,0.00020257,0.8368957994389811,0.00049835,0,0.0
3,-0.09837217740566317,0.7588729712364608,-0.00032169,1.600149459561681,3.485910062937601,71.11001860299076,-0.0023016062189381405,32.85949284495678,0.08577636837209619,-75.1340520926095,-0.845232402679053,87.71861258867008,1.5397792612636616,-34.70013700077233,0.20689099899680946,0.15936596477604553,0.00020257,0.9232692443350057,0.00049835,0,0.0
4,0.004961543070601787,0.057498446772909426,-0.00032169,1.600149459561681,3.485910062937601,8.683275106591692,-0.0023016062189381405,6.455205219966352,0.08577636837209619,-18.12437911792581,-0.845232402679053,-7.629946735334618,1.5397792612636616,3.23008354053303,0.20689099899680946,-0.0661056182902646,0.00020257,0.13991748058517875,0.00049835,1,0.0
5,0.11245093774832583,0.003089540041692586,-0.00032169,1.600149459561681,3.485910062937601,-22.04599257379225,-0.0023016062189381405,0.8270551519685455,0.08577636837209619,-24.761181432254528,-0.845232402679053,27.5301369388667,1.5397792612636616,23.090577375133336,0.20689099899680946,-0.021634255148464326,0.00020257,0.021854286492455247,0.00049835,1,0.0
6,1.0361084535338123,0.4533605284191086,-0.00032169,1.600149459561681,3.485910062937601,29.288034490334987,-0.0023016062189381405,20.747111170876938,0.08577636837209619,-74.62077142549278,-0.845232402679053,-27.082404668563747,1.5397792612636616,50.662847107202865,0.20689099899680946,0.3464078402741148,0.00020257,0.93848415196726,0.00049835,0,0.0
7,0.00035530380525167216,0.05115003822485006,-0.00032169,1.600149459561681,3.485910062937601,4.69502102961543,-0.0023016062189381405,4.58516655612866,0.08577636837209619,-14.392343583153153,-0.845232402679053,8.903861096890472,1.5397792612636616,1.071894545467647,0.20689099899680946,-0.003096484678088353,0.00020257,0.09820146261031273,0.00049835,1,0.0
8,0.4090520961221818,0.021909937814931314,-0.00032169,1.600149459561681,3.485910062937601,-39.550169859297625,-0.0023016062189381405,2.6585138193726774,0.08577636837209619,-29.764777183880415,-0.845232402679053,2.617013185585751,1.5397792612636616,45.26086025527834,0.20689099899680946,-0.015688853538177155,0.00020257,0.015684763778554166,0.00049835,1,0.0
9,0.40710896331916324,0.06706121370340087,-0.00032169,1.600149459561681,3.485910062937601,-12.698183341907674,-0.0023016062189381405,9.794421476438904,0.08577636837209619,-16.991806931327886,-0.845232402679053,-63.33374559152633,1.5397792612636616,30.263623698449315,0.20689099899680946,-0.17432549997663205,0.00020257,0.17449418310963327,0.00049835,1,0.0
10,0.2768869977045561,0.20247292889329888,-0.00032169,1.600149459561681,3.485910062937601,26.13232346836844,-0.0023016062189381405,19.54573775384887,0.08577636837209619,-58.21379058133318,-0.845232402679053,22.295045487522007,1.5397792612636616,10.79932135042727,0.20689099899680946,0.2154593861795802,0.00020257,0.4681038453052381,0.00049835,0,0.0
11,0.7892734647156694,0.21120114097411977,-0.00032169,1.600149459561681,3.485910062937601,30.06135573196445,-0.0023016062189381405,30.52567762757541,0.08577636837209619,-99.73266294988268,-0.845232402679053,0.17503132854518022,1.5397792612636616,44.36622897737408,0.20689099899680946,0.3638994647270787,0.00020257,0.8020908120524913,0.00049835,0,0.0
12,0.33395533583341147,0.12515937537748617,-0.00032169,1.600149459561681,3.485910062937601,-69.29530203600305,-0.0023016062189381405,-5.788585789554871,0.08577636837209619,-48.17303558568533,-0.845232402679053,93.09814476393582,1.5397792612636616,59.743911530989955,0.20689099899680946,-0.19187713471873183,0.00020257,0.1911945489045108,0.00049835,1,0.0
13,0.00640191138547741,0.7124244632993303,-0.00032169,1.600149459561681,3.485910062937601,7.115120806308931,-0.0023016062189381405,23.21995960552342,0.08577636837209619,-61.43461981575338,-0.845232402679053,65.65187713328093,1.5397792612636616,0.860695841800394,0.20689099899680946,-0.22977074309847328,0.00020257,0.6115620107304547,0.00049835,1,0.0
14,-2.730811982054604e-05,0.0992944133586346,-0.00032169,1.600149459561681,3.485910062937601,84.84155829899773,-0.0023016062189381405,11.571347245920714,0.08577636837209619,-21.64873901224653,-0.845232402679053,49.41239715802067,1.5397792612636616,-43.40479383553833,0.20689099899680946,0.47081037442148543,0.00020257,0.6886723270744702,0.00049835,0,0.0
15,0.46851594906517124,0.25306455543516265,-0.00032169,1.600149459561681,3.485910062937601,0.20802617157291556,-0.0023016062189381405,18.433366392492044,0.08577636837209619,-52.71958836801733,-0.845232402679053,-47.71775476048075,1.5397792612636616,38.366737436359735,0.20689099899680946,-0.11811288524826358,0.00020257,0.404465351595252,0.00049835,1,0.0
16,0.06861242686651647,0.053861437040190585,-0.00032169,1.600149459561681,3.485910062937601,90.21461660066232,-0.0023016062189381405,21.701216842099104,0.08577636837209619,-41.264250676156514,-0.845232402679053,3.9275790212342536,1.5397792612636616,-32.56170898240758,0.20689099899680946,0.3873815046566229,0.00020257,0.708626210453212,0.00049835,0,0.0
17,0.6684727903291722,0.218769762596432,-0.00032169,1.600149459561681,3.485910062937601,61.52838960396451,-0.0023016062189381405,21.952167912250754,0.08577636837209619,-19.71935402380513,-0.845232402679053,-67.8347465080706,1.5397792612636616,-4.121577343167351,0.20689099899680946,0.39572955360185247,0.00020257,0.6673524747143619,0.00049835,0,0.0
18,0.5553472495779166,0.1571195726218367,-0.00032169,1.600149459561681,3.485910062937601,81.37170355879955,-0.0023016062189381405,29.391251109930337,0.08577636837209619,-50.132609893951965,-0.845232402679053,-56.2327080599846,1.5397792612636616,-5.48439866117482,0.20689099899680946,0.34875370389183286,0.00020257,0.8818055986131796,0.00049835,0,0.0
19,0.002173189291552191,0.09924274973420102,-0.00032169,1.600149459561681,3.485910062937601,-15.136645808003617,-0.0023016062189381405,6.916027195255885,0.08577636837209619,-69.84510955625815,-0.845232402679053,90.32756013261442,1.5397792612636616,28.738924515874576,0.20689099899680946,0.09063364320023348,0.00020257,0.1653024202929428,0.00049835,0,0.0
20,0.8752729298548259,1.3219704059070043,-0.00032169,1.600149459561681,3.485910062937601,-24.39648399932338,-0.0023016062189381405,30.820204671231053,0.08577636837209619,-38.590362615458176,-0.845232402679053,-37.99837313610359,1.5397792612636616,35.567295534460655,0.20689099899680946,-0.33734356326688714,0.00020257,0.7826902343112028,0.00049835,1,0.0
21,0.3489347315759864,0.031631930568051005,-0.00032169,1.600149459561681,3.485910062937601,-46.43386996282311,-0.0023016062189381405,8.703899337774347,0.08577636837209619,-70.78314398386749,-0.845232402679053,30.466059871841352,1.5397792612636616,62.27420113977237,0.20689099899680946,-0.1160181230537167,0.00020257,0.11657793011753889,0.00049835,1,0.0
22,0.006225091535192628,0.15469357349716342,-0.00032169,1.600149459561681,3.485910062937601,2.351146145598209,-0.0023016062189381405,13.020099975923273,0.08577636837209619,-51.07712023780685,-0.845232402679053,-11.297943068905864,1.5397792612636616,21.869269433022115,0.20689099899680946,-0.25910378977481985,0.00020257,0.2613732947132674,0.00049835,1,0.0
23,0.08022331322981407,0.168360797130675,-0.00032169,1.600149459561681,3.485910062937601,21.01289178748545,-0.0023016062189381405,13.423778827342773,0.08577636837209619,-13.300650766637105,-0.845232402679053,-70.9255078164584,1.5397792612636616,1.6486151761852503,0.20689099899680946,-0.26879666354613535,0.00020257,0.2754080591717219,0.00049835,1,0.0
24,0.33898894952893643,0.42377588308355596,-0.00032169,1.600149459561681,3.485910062937601,0.6822286359340453,-0.0023016062189381405,-1.5144283790140913,0.08577636837209619,-42.184121173251825,-0.845232402679053,76.69944593509294,1.5397792612636616,24.75502821390866,0.20689099899680946,0.10575902880930074,0.00020257,0.600791286089621,0.00049835,0,0.0
25,0.9748536035159893,0.14018231855363467,-0.00032169,1.600149459561681,3.485910062937601,-67.59838381647585,-0.0023016062189381405,7.991652730458376,0.08577636837209619,-44.59127914439544,-0.845232402679053,-58.87894996151421,1.5397792612636616,89.59060431905802,0.20689099899680946,-0.13473864873711214,0.00020257,0.13539578523236537,0.00049835,1,0.0
26,0.09992906902789278,0.09169172991816074,-0.00032169,1.600149459561681,3.485910062937601,1.881400388921082,-0.0023016062189381405,10.227070822458133,0.08577636837209619,-30.66107207542533,-0.845232402679053,-29.68140026110733,1.5397792612636616,17.526134364710433,0.20689099899680946,-0.20472178784389775,0.00020257,0.20829699279157501,0.00049835,1,0.0
27,0.4397155974812945,0.19815188866377859,-0.00032169,1.600149459561681,3.485910062937601,99.93626122281911,-0.0023016062189381405,41.33527501176538,0.08577636837209619,-70.89059136642065,-0.845232402679053,-47.22835935550126,1.5397792612636616,-17.29841801381193,0.20689099899680946,0.3333125838818264,0.00020257,1.0266597983375991,0.00049835,0,0.0
28,0.14906934113703219,0.05034252113914882,-0.00032169,1.600149459561681,3.485910062937601,79.40515817408071,-0.0023016062189381405,27.869832029185723,0.08577636837209619,-88.83424388427899,-0.845232402679053,33.98695795539545,1.5397792612636616,-5.976120892909665,0.20689099899680946,0.35384565822505604,0.00020257,0.8546530526087324,0.00049835,0,0.0
29,0.1051720252561153,0.0028177657184543094,-0.00032169,1.600149459561681,3.485910062937601,-4.069841202559694,-0.0023016062189381405,1.4640993328175917,0.08577636837209619,-2.552612243859561,-0.845232402679053,-14.230081545161333,1.5397792612636616,7.649493102179643,0.20689099899680946,-0.030958458266084166,0.00020257,0.03125854274946638,0.00049835,1,0.0
30,1.4997884826194579,1.0833453661880155,-0.00032169,1.600149459561681,3.485910062937601,-21.182848248800283,-0.0023016062189381405,4.925757342443138,0.08577636837209619,-26.62641452158748,-0.845232402679053,-15.44380651365935,1.5397792612636616,67.71326735985048,0.20689099899680946,0.30454180307722056,0.00020257,0.9236412478472805,0.00049835,0,0.0
31,0.49163422640854815,0.18234691876307632,-0.00032169,1.600149459561681,3.485910062937601,27.00580431451333,-0.0023016062189381405,19.783155790536934,0.08577636837209619,-64.30456137208127,-0.845232402679053,20.58004608088355,1.5397792612636616,20.79512065412408,0.20689099899680946,0.37904268536914376,0.00020257,0.5278758862541669,0.00049835,0,0.0
32,-0.004714477943952633,0.28105309111271215,-0.00032169,1.600149459561681,3.485910062937601,-27.366748471428895,-0.0023016062189381405,-7.131702847384743,0.08577636837209619,-8.03429451348114,-0.845232402679053,96.36129983374249,1.5397792612636616,5.898436277152169,0.20689099899680946,-0.25626647158382615,0.00020257,0.3711022904792148,0.00049835,1,0.0
33,0.607353325721308,0.6263858664498236,-0.00032169,1.600149459561681,3.485910062937601,50.34679477625511,-0.0023016062189381405,38.16052012604511,0.08577636837209619,-61.563270492595436,-0.845232402679053,-27.353735972922365,1.5397792612636616,1.7689489101111324,0.20689099899680946,0.16137671454589664,0.00020257,0.8982042656632896,0.00049835,0,0.0
34,0.08810393998428606,0.10422065288874863,-0.00032169,1.600149459561681,3.485910062937601,57.422588184889484,-0.0023016062189381405,11.226066883583185,0.08577636837209619,-56.89147686135372,-0.845232402679053,74.85012084696892,1.5397792612636616,-9.95808450929627,0.20689099899680946,0.38521346606903795,0.00020257,0.6884129334508414,0.00049835,0,0.0
35,1.015486020856468,0.6930586645974111,-0.00032169,1.600149459561681,3.485910062937601,8.05764718294664,-0.0023016062189381405,10.724119552505075,0.08577636837209619,-67.93810807837951,-0.845232402679053,63.91008462256803,1.5397792612636616,47.71352490693519,0.20689099899680946,0.45627915071165837,0.00020257,0.9666681603350187,0.00049835,0,0.0
36,1.0439303734820724,0.1421738083197715,-0.00032169,1.600149459561681,3.485910062937601,-65.07697168424974,-0.0023016062189381405,9.576333503713009,0.08577636837209619,-31.71870310252915,-0.845232402679053,-79.61898201893358,1.5397792612636616,84.09705419423744,0.20689099899680946,-0.1206544294838324,0.00020257,0.12123965746978169,0.00049835,1,0.0
37,0.3410894760159864,0.09519312250953728,-0.00032169,1.600149459561681,3.485910062937601,49.75074365299551,-0.0023016062189381405,23.57618346237374,0.08577636837209619,-81.45412804364679,-0.845232402679053,36.08331988164593,1.5397792612636616,11.337969008490509,0.20689099899680946,0.39199059033649475,0.00020257,0.6891042679445601,0.00049835,0,0.0
38,0.5511870628496687,0.25979084071514735,-0.00032169,1.600149459561681,3.485910062937601,83.61079458799279,-0.0023016062189381405,34.259177028961005,0.08577636837209619,-48.47766743229718,-0.845232402679053,-43.669433718837986,1.5397792612636616,-15.392378654087564,0.20689099899680946,0.4308874414668672,0.00020257,0.8685912622540927,0.00049835,0,0.0
39,1.0462940211018497,0.3213855352650086,-0.00032169,1.600149459561681,3.485910062937601,53.800667257201034,-0.0023016062189381405,36.58888304447758,0.08577636837209619,-73.99032227692771,-0.845232402679053,-84.0837658052315,1.5397792612636616,34.05328461813211,0.20689099899680946,0.3369460723522207,0.00020257,0.9716086011072018,0.00049835,0,0.0
40,0.2580125376489114,0.07207460558579523,-0.00032169,1.600149459561681,3.485910062937601,-25.582323327614542,-0.0023016062189381405,2.2537845648148385,0.08577636837209619,-5.726220379840959,-0.845232402679053,5.6560085818585435,1.5397792612636616,18.57352052977805,0.20689099899680946,-0.14754243621920568,0.00020257,0.1492223230421749,0.00049835,1,0.0
41,0.3136238365936007,0.0753451105965856,-0.00032169,1.600149459561681,3.485910062937601,-40.43355698466406,-0.0023016062189381405,12.02215196836626,0.08577636837209619,-80.4051247712813,-0.845232402679053,22.51763115284309,1.5397792612636616,63.18671922500837,0.20689099899680946,-0.1925797830936423,0.00020257,0.19278727328590198,0.00049835,1,0.0
42,0.3420564049785234,0.0796296912748736,-0.00032169,1.600149459561681,3.485910062937601,-23.351825283555783,-0.0023016062189381405,11.667804344808172,0.08577636837209619,-48.11372106708224,-0.845232402679053,-23.83132592757379,1.5397792612636616,44.28457810610244,0.20689099899680946,-0.19660447851787344,0.00020257,0.19832149755395878,0.00049835,1,0.0
43,0.18917368191513373,0.37520473183929587,-0.00032169,1.600149459561681,3.485910062937601,74.2042851057091,-0.0023016062189381405,31.96400013553602,0.08577636837209619,-48.21679476378256,-0.845232402679053,-7.694896151435058,1.5397792612636616,-26.479545695308044,0.20689099899680946,0.20904928777880089,0.00020257,0.7750904273185808,0.00049835,0,0.0
44,0.6374195241732394,0.16849795284456576,-0.00032169,1.600149459561681,3.485910062937601,60.05436236794813,-0.0023016062189381405,33.141127169295366,0.08577636837209619,-85.39855031133901,-0.845232402679053,-22.40245785983572,1.5397792612636616,19.1497848808919,0.20689099899680946,0.34699034369264864,0.00020257,0.8916448002910324,0.00049835,0,0.0
45,0.9613119596777844,0.2239152274250528,-0.00032169,1.600149459561681,3.485910062937601,-91.2381390763376,-0.0023016062189381405,-1.328692262193704,0.08577636837209619,-32.30356141303975,-0.845232402679053,5.199682738922432,1.5397792612636616,88.53631406616704,0.20689099899680946,-0.14789693678028146,0.00020257,0.1475210138595229,0.00049835,1,0.0
46,0.8628984494142125,0.40967120777270283,-0.00032169,1.600149459561681,3.485910062937601,67.97974942117935,-0.0023016062189381405,31.48930816765267,0.08577636837209619,-99.91157509103734,-0.845232402679053,5.111966764675012,1.5397792612636616,28.54113683122073,0.20689099899680946,0.5786902483390628,0.00020257,1.104948029967076,0.00049835,0,0.0
47,-0.0006455707701029656,0.14977030415945125,-0.00032169,1.600149459561681,3.485910062937601,82.37430599975795,-0.0023016062189381405,9.34286893177982,0.08577636837209619,-27.24806710709333,-0.845232402679053,84.61879702210929,1.5397792612636616,-43.01095374996364,0.20689099899680946,0.4588946838681511,0.00020257,0.8288636809361807,0.00049835,0,0.0
48,0.2076385709691193,0.05750502076447816,-0.00032169,1.600149459561681,3.485910062937601,86.42202597374356,-0.0023016062189381405,32.26757315441389,0.08577636837209619,-98.39126447631607,-0.845232402679053,22.76220789658201,1.5397792612636616,-3.377269441597025,0.20689099899680946,0.33798540971935637,0.00020257,0.9614731209727911,0.00049835,0,0.0
49,-0.2421097186784752,1.7704880502575038,-0.00032169,1.600149459561681,3.485910062937601,-14.975644722725397,-0.0023016062189381405,15.79979732773553,0.08577636837209619,-31.636752983972986,-0.845232402679053,95.60035587929168,1.5397792612636616,-14.882924371405668,0.20689099899680946,-0.6434541062319583,0.00020257,0.6448220591855904,0.00049835,1,0.0
50,0.36387758623695776,0.08990657791041341,-0.00032169,1.600149459561681,3.485910062937601,73.83542607911443,-0.0023016062189381405,31.972091878436387,0.08577636837209619,-95.44657593320096,-0.845232402679053,11.182089937623804,1.5397792612636616,7.011936201634348,0.20689099899680946,0.3437103414705348,0.00020257,0.9225772932589466,0.00049835,0,0.0
51,0.13674905735216214,0.1368072911443723,-0.00032169,1.600149459561681,3.485910062937601,-16.576187167532076,-0.0023016062189381405,14.530190363508924,0.08577636837209619,-69.93863104205462,-0.845232402679053,6.147336816070654,1.5397792612636616,41.38049830305978,0.20689099899680946,-0.24569235993793628,0.00020257,0.25382966923173467,0.00049835,1,0.0
52,1.726424368428549,1.524787380018295,-0.00032169,1.600149459561681,3.485910062937601,-5.951160983638703,-0.0023016062189381405,27.04907257026872,0.08577636837209619,-73.23613933825177,-0.845232402679053,37.95918535565069,1.5397792612636616,64.98330898358888,0.20689099899680946,0.583012664498227,0.00020257,1.2801857650378627,0.00049835,0,0.0
53,0.5587414207175652,0.30412437650311314,-0.00032169,1.600149459561681,3.485910062937601,62.92456409361451,-0.0023016062189381405,9.325204920462964,0.08577636837209619,-8.892777202539778,-0.845232402679053,-20.34464960651662,1.5397792612636616,-10.738008818742495,0.20689099899680946,0.360719000750481,0.00020257,0.815956991015504,0.00049835,0,0.0
54,1.0510544657723349,1.4921571424055253,-0.00032169,1.600149459561681,3.485910062937601,45.41075444372857,-0.0023016062189381405,-6.2621018984294246,0.08577636837209619,-14.26424125490567,-0.845232402679053,67.72059851263113,1.5397792612636616,14.228211449620487,0.20689099899680946,0.28143958449825046,0.00020257,1.594371148507018,0.00049835,0,0.0
55,0.34111408547806205,0.15555482893628453,-0.00032169,1.600149459561681,3.485910062937601,-55.3089170352596,-0.0023016062189381405,-0.793201533210383,0.08577636837209619,-27.86334690015681,-0.845232402679053,59.40428322648396,1.5397792612636616,41.40022012736777,0.20689099899680946,-0.23669619941950928,0.00020257,0.23776286106506142,0.00049835,1,0.0
56,0.0006309822582196423,0.041257387955493344,-0.00032169,1.600149459561681,3.485910062937601,1.0557091879089116,-0.0023016062189381405,2.6979436401930523,0.08577636837209619,-11.97745419646708,-0.845232402679053,15.044679089229742,1.5397792612636616,1.8370675866773223,0.20689099899680946,0.007183230553646128,0.00020257,0.07431276577656955,0.00049835,0,0.0
57,0.4070943205319162,0.1011440476200036,-0.00032169,1.600149459561681,3.485910062937601,63.55054864445701,-0.0023016062189381405,30.92098810311922,0.08577636837209619,-95.19076303845627,-0.845232402679053,15.498893981639174,1.5397792612636616,12.734155809221011,0.20689099899680946,0.35126963131198613,0.00020257,0.863496479462488,0.00049835,0,0.0
58,0.5244935467921423,0.04414660386734013,-0.00032169,1.600149459561681,3.485910062937601,-83.42845245029243,-0.0023016062189381405,3.962607443311581,0.08577636837209619,-90.84840598441903,-0.845232402679053,81.30792267893483,1.5397792612636616,91.82971161614438,0.20689099899680946,-0.03502626362290785,0.00020257,0.035531939614409966,0.00049835,1,0.0
59,0.03718717583080433,0.04184691899245281,-0.00032169,1.600149459561681,3.485910062937601,98.83104237943216,-0.0023016062189381405,24.5930169209955,0.08577636837209619,-54.72275842325405,-0.845232402679053,6.956683915671697,1.5397792612636616,-31.7172989380786,0.20689099899680946,0.3603293676265047,0.00020257,0.818194436596114,0.00049835,0,0.0
60,0.7885998535859892,0.14397273067250618,-0.00032169,1.600149459561681,3.485910062937601,-68.36318968138228,-0.0023016062189381405,-1.3966842321759223,0.08577636837209619,-17.04276556927423,-0.845232402679053,-11.364085185568428,1.5397792612636616,66.84765393815296,0.20689099899680946,-0.10583822109280086,0.00020257,0.10542322204237028,0.00049835,1,0.0
61,0.6300252714256167,0.5283182162025444,-0.00032169,1.600149459561681,3.485910062937601,11.814346396356562,-0.0023016062189381405,-0.19450927593349499,0.08577636837209619,-10.867190078112717,-0.845232402679053,18.236290782410723,1.5397792612636616,17.10815695521627,0.20689099899680946,0.168368029365414,0.00020257,0.6864300275684814,0.00049835,0,0.0
62,0.5502283994157263,0.04141079703712454,-0.00032169,1.600149459561681,3.485910062937601,-60.7728905743674,-0.0023016062189381405,3.823340012855135,0.08577636837209619,-51.11099872062628,-0.845232402679053,21.64117219413035,1.5397792612636616,67.8005780999359,0.20689099899680946,-0.031732203624995084,0.00020257,0.03138959614254237,0.00049835,1,0.0
63,0.21915712006217816,0.1033303258851065,-0.00032169,1.600149459561681,3.485910062937601,-39.690612465683465,-0.0023016062189381405,-6.396398103197288,0.08577636837209619,-7.946663725825995,-0.845232402679053,48.8810368040196,1.5397792612636616,25.913144443622613,0.20689099899680946,-0.19369246869407597,0.00020257,0.19365049289642122,0.00049835,1,0.0
64,0.8934428700048578,0.10446108525678498,-0.00032169,1.600149459561681,3.485910062937601,-87.62203685844459,-0.0023016062189381405,7.0282381398145795,0.08577636837209619,-67.2888099948299,-0.845232402679053,8.948222506298885,1.5397792612636616,98.97204253963967,0.20689099899680946,-0.06511872631340561,0.00020257,0.0653623532170612,0.00049835,1,0.0
65,0.5947611127170507,0.3228415481860895,-0.00032169,1.600149459561681,3.485910062937601,-36.70348352231935,-0.0023016062189381405,24.47730667349572,0.08577636837209619,-85.50734150341967,-0.845232402679053,-50.907235537940736,1.5397792612636616,73.90043202381801,0.20689099899680946,-0.39031091199314727,0.00020257,0.3932701638563,0.00049835,1,0.0
66,0.6663834287019708,0.19307045820841923,-0.00032169,1.600149459561681,3.485910062937601,45.743425748995136,-0.0023016062189381405,24.664485679992495,0.08577636837209619,-59.8312620439495,-0.845232402679053,-23.287102347206403,1.5397792612636616,18.079826316656366,0.20689099899680946,0.3857265506089841,0.00020257,0.7116999208683857,0.00049835,0,0.0
67,0.7550606428306585,0.19700036567236562,-0.00032169,1.600149459561681,3.485910062937601,45.885932510906784,-0.0023016062189381405,33.625368424535864,0.08577636837209619,-99.76766150469307,-0.845232402679053,-13.700078393351642,1.5397792612636616,36.044048762681356,0.20689099899680946,0.34608675534678807,0.00020257,0.8992331265356261,0.00049835,0,0.0
68,-6.51792796199091e-05,0.13831271405349166,-0.00032169,1.600149459561681,3.485910062937601,24.42182653439817,-0.0023016062189381405,10.451525659540076,0.08577636837209619,-37.18334620925771,-0.845232402679053,17.88390536488089,1.5397792612636616,0.043378753252125285,0.20689099899680946,0.07764186776152858,0.00020257,0.2835033030277295,0.00049835,0,0.0
69,0.0015234409927770143,0.06907770774726046,-0.00032169,1.600149459561681,3.485910062937601,67.3497194472899,-0.0023016062189381405,22.455110504381985,0.08577636837209619,-74.26154197332781,-0.845232402679053,78.34849840003808,1.5397792612636616,-17.731289128203688,0.20689099899680946,0.48353185739049026,0.00020257,0.6276954621787041,0.00049835,0,0.0
70,0.17041660183021234,0.07953343420307363,-0.00032169,1.600149459561681,3.485910062937601,50.50343827205295,-0.0023016062189381405,25.353401913971023,0.08577636837209619,-89.4350860457732,-0.845232402679053,67.59098630046854,1.5397792612636616,3.477784725815587,0.20689099899680946,0.4019509510504504,0.00020257,0.652779429931881,0.00049835,0,0.0
71,0.4155191777976805,0.17728034149274693,-0.00032169,1.600149459561681,3.485910062937601,-15.70864677031201,-0.0023016062189381405,15.597192263630749,0.08577636837209619,-24.29043747865658,-0.845232402679053,-53.67726530465081,1.5397792612636616,28.55681395508185,0.20689099899680946,-0.23384617974849936,0.00020257,0.24916760236323526,0.00049835,1,0.0
72,0.029506326416514295,0.7871979728650094,-0.00032169,1.600149459561681,3.485910062937601,13.655469159896423,-0.0023016062189381405,-16.10722167855266,0.08577636837209619,-2.31438123408845,-0.845232402679053,83.92769069778087,1.5397792612636616,-2.2167949916094627,0.20689099899680946,-0.16322314894770384,0.00020257,0.7219545031016769,0.00049835,1,0.0
73,0.7153465223099406,0.3516910700308419,-0.00032169,1.600149459561681,3.485910062937601,-85.77500878780283,-0.0023016062189381405,5.992838093964553,0.08577636837209619,-47.97250384766079,-0.845232402679053,46.00615941341056,1.5397792612636616,73.91151790660857,0.20689099899680946,-0.3264653688847605,0.00020257,0.315112492873179,0.00049835,1,0.0
74,0.21195702680709272,0.06417915164215139,-0.00032169,1.600149459561681,3.485910062937601,71.62014699096503,-0.0023016062189381405,26.8625472357578,0.08577636837209619,-82.3284607270515,-0.845232402679053,28.43930465382487,1.5397792612636616,-3.1125632442052136,0.20689099899680946,0.36511044406472914,0.00020257,0.7935835695404193,0.00049835,0,0.0
75,0.00010824991747193646,0.10750907529203071,-0.00032169,1.600149459561681,3.485910062937601,99.59970722015338,-0.0023016062189381405,17.47849092145091,0.08577636837209619,-17.787814137950527,-0.845232402679053,24.838184259692724,1.5397792612636616,-53.89341063326164,0.20689099899680946,0.589110764493907,0.00020257,0.6217078374081132,0.00049835,0,0.0
76,0.22986093960793771,0.018115052679640618,-0.00032169,1.600149459561681,3.485910062937601,-14.21948739106549,-0.0023016062189381405,5.7405240181742005,0.08577636837209619,-19.742253596108974,-0.845232402679053,-18.568930464494123,1.5397792612636616,23.378849327768815,0.20689099899680946,-0.08725116056497687,0.00020257,0.08832971582126153,0.00049835,1,0.0
77,0.17395018723302366,0.006670757633332131,-0.00032169,1.600149459561681,3.485910062937601,-28.12847785020697,-0.0023016062189381405,4.344770591857911,0.08577636837209619,-41.49730373783301,-0.845232402679053,27.433344484781838,1.5397792612636616,34.97514757034265,0.20689099899680946,-0.049688358654188504,0.00020257,0.050657680149760555,0.00049835,1,0.0
78,0.826119133576305,0.27747341384729685,-0.00032169,1.600149459561681,3.485910062937601,-84.87367963986357,-0.0023016062189381405,-5.9707287283833415,0.08577636837209619,-17.47062067434425,-0.845232402679053,21.205979779160145,1.5397792612636616,73.83359458065372,0.20689099899680946,-0.2258325880402258,0.00020257,0.22361568716008398,0.00049835,1,0.0
79,0.0012244315861312804,0.03842412056427217,-0.00032169,1.600149459561681,3.485910062937601,63.26606138251636,-0.0023016062189381405,19.518241266046022,0.08577636837209619,-74.07606712156552,-0.845232402679053,70.80040128378103,1.5397792612636616,-11.48546638261824,0.20689099899680946,0.42259737443842216,0.00020257,0.6131620612589432,0.00049835,0,0.0
80,0.31900985521158165,1.170917967801702,-0.00032169,1.600149459561681,3.485910062937601,-39.530323907518635,-0.0023016062189381405,27.65660786919974,0.08577636837209619,-64.57903498881149,-0.845232402679053,22.536019837004257,1.5397792612636616,35.2829513748897,0.20689099899680946,-0.6112954480530569,0.00020257,0.6025593639777037,0.00049835,1,0.0
81,0.3923907055746747,0.02023076078153532,-0.00032169,1.600149459561681,3.485910062937601,-34.80971349529521,-0.0023016062189381405,5.23514761611212,0.08577636837209619,-33.066053840462764,-0.845232402679053,-5.633027511897933,1.5397792612636616,43.82227271885385,0.20689099899680946,-0.061206610068163095,0.00020257,0.0613182221796839,0.00049835,1,0.0
82,0.4090305288914907,0.18646667205325262,-0.00032169,1.600149459561681,3.485910062937601,56.71583500826909,-0.0023016062189381405,18.672154564151526,0.08577636837209619,-82.12507179528396,-0.845232402679053,39.73256954763697,1.5397792612636616,15.400666950577135,0.20689099899680946,0.35719115806771445,0.00020257,0.8911367052595398,0.00049835,0,0.0
83,0.2658343629208997,0.12760781967605492,-0.00032169,1.600149459561681,3.485910062937601,83.35104770241007,-0.0023016062189381405,29.463295509306278,0.08577636837209619,-51.3326873270252,-0.845232402679053,-15.859142377854914,1.5397792612636616,-21.743299217456332,0.20689099899680946,0.36388278926351025,0.00020257,0.7691687020382648,0.00049835,0,0.0
84,0.41319898592350796,0.0235304654983262,-0.00032169,1.600149459561681,3.485910062937601,-21.38815136600293,-0.0023016062189381405,3.4262372877661527,0.08577636837209619,-5.590964563983223,-0.845232402679053,-42.01677947905792,1.5397792612636616,29.15433100300463,0.20689099899680946,-0.05230232577866078,0.00020257,0.05240122795911794,0.00049835,1,0.0
85,0.0011369305550472109,0.2929778633468082,-0.00032169,1.600149459561681,3.485910062937601,14.509602948845872,-0.0023016062189381405,-2.884098446866134,0.08577636837209619,-8.543947449884264,-0.845232402679053,81.91718254400766,1.5397792612636616,-13.11683690226367,0.20689099899680946,0.02242584705732495,0.00020257,0.49949966576984106,0.00049835,0,0.0
86,0.36873711063738235,0.14129803684390022,-0.00032169,1.600149459561681,3.485910062937601,77.59771899147695,-0.0023016062189381405,17.617258559423252,0.08577636837209619,-5.032111787052035,-0.845232402679053,-45.165237159287535,1.5397792612636616,-29.18501156826931,0.20689099899680946,0.42939210665714067,0.00020257,0.6017138244344122,0.00049835,0,0.0
87,-0.0007272384543132171,0.43021372409679787,-0.00032169,1.600149459561681,3.485910062937601,6.537053260306582,-0.0023016062189381405,19.108284633318373,0.08577636837209619,-63.557881845615775,-0.845232402679053,73.16547997482701,1.5397792612636616,5.336670485125,0.20689099899680946,-0.10080189496186581,0.00020257,0.506361652285628,0.00049835,1,0.0
88,0.8073904255024102,0.23433833573236504,-0.00032169,1.600149459561681,3.485910062937601,72.67704982387073,-0.0023016062189381405,33.20882950040551,0.08577636837209619,-59.42345743702474,-0.845232402679053,-78.21043827072428,1.5397792612636616,11.858016718339458,0.20689099899680946,0.33805994964777775,0.00020257,0.9585979967786683,0.00049835,0,0.0
89,0.1271509438565622,0.17158522422916922,-0.00032169,1.600149459561681,3.485910062937601,-12.945101667683424,-0.0023016062189381405,-1.6683948260676613,0.08577636837209619,-31.816123848941732,-0.845232402679053,14.937056804644222,1.5397792612636616,29.591895933690054,0.20689099899680946,-0.16613526644966073,0.00020257,0.23537026045023487,0.00049835,1,0.0
90,0.25114556058045134,0.11157409756344282,-0.00032169,1.600149459561681,3.485910062937601,25.880283181700275,-0.0023016062189381405,16.12508839811383,0.08577636837209619,-83.84999878978654,-0.845232402679053,90.11317306559145,1.5397792612636616,18.063659862552864,0.20689099899680946,0.46322539646756855,0.00020257,0.5008271238118739,0.00049835,0,0.0
91,0.00031826603129520015,0.09846581593782897,-0.00032169,1.600149459561681,3.485910062937601,80.44685823696163,-0.0023016062189381405,12.060553672410709,0.08577636837209619,-25.050044303313612,-0.845232402679053,55.805210046569314,1.5397792612636616,-41.00253082456345,0.20689099899680946,0.47446253678307315,0.00020257,0.6653509593434926,0.00049835,0,0.0
92,0.8961217603671954,0.18518750490671454,-0.00032169,1.600149459561681,3.485910062937601,-48.355002725929914,-0.0023016062189381405,16.313633987866798,0.08577636837209619,-48.87296942961081,-0.845232402679053,-89.10753623049561,1.5397792612636616,78.93721800029743,0.20689099899680946,-0.26690485350014453,0.00020257,0.2673451948627214,0.00049835,1,0.0
93,0.642990683669669,0.06330792364209924,-0.00032169,1.600149459561681,3.485910062937601,-29.509679839865175,-0.0023016062189381405,7.006507484278702,0.08577636837209619,-8.758554754674945,-0.845232402679053,-74.96192490142141,1.5397792612636616,43.85574441708146,0.20689099899680946,-0.11320759808664542,0.00020257,0.11279436029854366,0.00049835,1,0.0
94,0.5026346220212866,0.13177469681185863,-0.00032169,1.600149459561681,3.485910062937601,67.25786132279151,-0.0023016062189381405,29.819132969463265,0.08577636837209619,-76.1565617459947,-0.845232402679053,-15.217189924505508,1.5397792612636616,8.17484663567315,0.20689099899680946,0.3521985796893553,0.00020257,0.8586453834714592,0.00049835,0,0.0
95,0.24228169849517603,0.06361989935182559,-0.00032169,1.600149459561681,3.485910062937601,-44.02399748753678,-0.0023016062189381405,-3.6141564411106017,0.08577636837209619,-24.4382294932425,-0.845232402679053,52.80193725780306,1.5397792612636616,35.80658501826369,0.20689099899680946,-0.14192322497792453,0.00020257,0.14103773739758058,0.00049835,1,0.0
96,0.08156320680036933,0.001356644678780557,-0.00032169,1.600149459561681,3.485910062937601,-19.46226308225059,-0.0023016062189381405,1.9769773813404314,0.08577636837209619,-28.971042642254382,-0.845232402679053,27.770099897038094,1.5397792612636616,22.669101450078397,0.20689099899680946,-0.01883053877269985,0.00020257,0.019018768847731023,0.00049835,1,0.0
97,0.5577685922202071,0.04962522293395642,-0.00032169,1.600149459561681,3.485910062937601,-41.13449553247573,-0.0023016062189381405,8.654351562186989,0.08577636837209619,-39.13790549731021,-0.845232402679053,-28.152122226969535,1.5397792612636616,56.03020573817685,0.20689099899680946,-0.11641312815907756,0.00020257,0.11738082541389988,0.00049835,1,0.0
98,0.6752977893999479,0.24979697940882412,-0.00032169,1.600149459561681,3.485910062937601,-36.76010329386112,-0.0023016062189381405,18.791137445901988,0.08577636837209619,-96.5133649356144,-0.845232402679053,8.118908330628086,1.5397792612636616,78.38481881387838,0.20689099899680946,-0.03654284560954374,0.00020257,0.3855303767589166,0.00049835,1,0.0
99,1.174745423119454,1.1917480628858077,-0.00032169,1.600149459561681,3.485910062937601,70.78316629214412,-0.0023016062189381405,56.2666622437001,0.08577636837209619,-72.95140015339689,-0.845232402679053,-56.97232665941,1.5397792612636616,3.242578962041333,0.20689099899680946,0.3059696742672223,0.00020257,1.418684585560349,0.00049835,0,0.0
100,0.5807492128439926,0.0777699236040918,-0.00032169,2.459242111292193,3.0947272010640288,-53.79441877822125,-0.0023016062189381405,9.234330937311647,0.08577636837209619,-74.94936746031887,-0.845232402679053,15.612926622813461,1.5397792612636616,76.91498621711762,0.20689099899680946,-0.1648051086192437,0.00020257,0.16373050728449678,0.00049835,1,0.0
101,0.6877732578159976,0.2052778187601354,-0.00032169,2.459242111292193,3.0947272010640288,23.07916594014309,-0.0023016062189381405,13.318881989698017,0.08577636837209619,-26.856747764556335,-0.845232402679053,-80.74016525193858,1.5397792612636616,27.80597904619931,0.20689099899680946,-0.2684277715545908,0.00020257,0.2730030152118558,0.00049835,1,0.0
102,0.0846375673839046,0.3195722029339708,-0.00032169,2.459242111292193,3.0947272010640288,10.601227692304827,-0.0023016062189381405,14.543749802683598,0.08577636837209619,-56.883280727573634,-0.845232402679053,-1.524442373783792,1.5397792612636616,17.656729026163152,0.20689099899680946,-0.3377608230729916,0.00020257,0.3341217277341415,0.00049835,1,0.0
103,0.0029982950719648627,0.26573276651369876,-0.00032169,2.459242111292193,3.0947272010640288,50.67579190355799,-0.0023016062189381405,5.810533700093961,0.08577636837209619,-59.057712051716855,-0.845232402679053,82.42532480486528,1.5397792612636616,-2.124565119371723,0.20689099899680946,0.21115234205137545,0.00020257,0.7904438823458895,0.00049835,0,0.0
104,0.012938535400409956,0.21740453385789527,-0.00032169,2.459242111292193,3.0947272010640288,71.14175568640292,-0.0023016062189381405,5.546552537103949,0.08577636837209619,-34.113488834868846,-0.845232402679053,36.7352519877468,1.5397792612636616,-17.776929701753946,0.20689099899680946,0.21562302572924294,0.00020257,0.6027644135969831,0.00049835,0,0.0
105,0.2968907123754585,0.07056028845262181,-0.00032169,2.459242111292193,3.0947272010640288,-33.59804451395846,-0.0023016062189381405,-2.642090931805366,0.08577636837209619,-11.221661375041647,-0.845232402679053,5.959093445035966,1.5397792612636616,34.102012060729706,0.20689099899680946,-0.11915614477708508,0.00020257,0.11505575434253029,0.00049835,1,0.0
106,0.011464009656144025,0.22981088929280863,-0.00032169,2.459242111292193,3.0947272010640288,85.69097737001458,-0.0023016062189381405,15.137474987649165,0.08577636837209619,-41.48467277251079,-0.845232402679053,-35.86074917775873,1.5397792612636616,-16.633304841254482,0.20689099899680946,-0.13913813045672246,0.00020257,0.35126398206586557,0.00049835,1,0.0
107,0.14640538031532851,0.1101031392107056,-0.00032169,2.459242111292193,3.0947272010640288,-30.45870474950565,-0.0023016062189381405,3.516222828163732,0.08577636837209619,-78.37759607554034,-0.845232402679053,61.18044546612796,1.5397792612636616,59.446067742943995,0.20689099899680946,-0.06256670191142544,0.00020257,0.1804839634110364,0.00049835,1,0.0
108,0.7144740878375719,1.7327231582568532,-0.00032169,2.459242111292193,3.0947272010640288,-61.41379383528962,-0.0023016062189381405,23.44270408477814,0.08577636837209619,-73.5379531579025,-0.845232402679053,-32.7896431845501,1.5397792612636616,64.74588549715347,0.20689099899680946,-0.8132657301542433,0.00020257,0.6035691107087368,0.00049835,1,0.0
109,0.02029345388183501,0.14925804936500042,-0.00032169,2.459242111292193,3.0947272010640288,96.2663969772007,-0.0023016062189381405,10.224093215531306,0.08577636837209619,-6.245688666269334,-0.845232402679053,-59.54332338808609,1.5397792612636616,-34.05354949670043,0.20689099899680946,-0.08125678615264068,0.00020257,0.27873098536766605,0.00049835,1,0.0
110,0.00039690184124421823,0.39083930735073225,-0.00032169,2.459242111292193,3.0947272010640288,68.28603553467876,-0.0023016062189381405,2.504706037441699,0.08577636837209619,-10.984856427552675,-0.845232402679053,45.74646890101053,1.5397792612636616,-33.61798638757581,0.20689099899680946,0.14331017812146196,0.00020257,0.8575715371508524,0.00049835,0,0.0
111,-0.000293288346888243,0.12573785034471854,-0.00032169,2.459242111292193,3.0947272010640288,-8.138231780635925,-0.0023016062189381405,6.4599073482811535,0.08577636837209619,-88.06034774815213,-0.845232402679053,84.35317200189401,1.5397792612636616,42.98262037632915,0.20689099899680946,0.16217574870168733,0.00020257,0.21839996049390936,0.00049835,0,0.0
112,0.2548419364743444,0.12481951078050535,-0.00032169,2.459242111292193,3.0947272010640288,80.40838893874913,-0.0023016062189381405,16.910971622291385,0.08577636837209619,-100.0,-0.845232402679053,38.3852307112262,1.5397792612636616,18.600057065922822,0.20689099899680946,0.4296670032822026,0.00020257,0.45241376661325555,0.00049835,0,0.0
113,0.871843244761005,0.5913678522012179,-0.00032169,2.459242111292193,3.0947272010640288,69.9579598655092,-0.0023016062189381405,11.60998863575261,0.08577636837209619,-96.8475949612436,-0.845232402679053,30.41017804540885,1.5397792612636616,49.798375729435286,0.20689099899680946,0.3195828724690659,0.00020257,0.9612732716785475,0.00049835,0,0.0
114,0.0016617140207845216,0.1374655375093014,-0.00032169,2.459242111292193,3.0947272010640288,22.67364583839736,-0.0023016062189381405,8.381439016223199,0.08577636837209619,-80.89986954423841,-0.845232402679053,69.1769830467892,1.5397792612636616,25.641390364196102,0.20689099899680946,0.22244297717989064,0.00020257,0.3034986352980687,0.00049835,0,0.0
115,0.22283912660816424,0.01087864664100424,-0.00032169,2.459242111292193,3.0947272010640288,-36.48756330072162,-0.0023016062189381405,0.23198802952157926,0.08577636837209619,-26.721078928251547,-0.845232402679053,20.40332072985878,1.5397792612636616,36.54821966769662,0.20689099899680946,-0.022078711970169567,0.00020257,0.023686637195417814,0.00049835,1,0.0
116,0.0052883890732068894,0.7452227800106717,-0.00032169,2.459242111292193,3.0947272010640288,-6.542005614257453,-0.0023016062189381405,-4.413923431822616,0.08577636837209619,-2.682778371237416,-0.845232402679053,88.77017806124843,1.5397792612636616,-10.991147664120454,0.20689099899680946,-0.08285916379399566,0.00020257,0.9577752272944049,0.00049835,1,0.0
117,0.27121954565878986,0.32255901879525384,-0.00032169,2.459242111292193,3.0947272010640288,-67.2873354327209,-0.0023016062189381405,8.6456674159291,0.08577636837209619,-55.79063104803225,-0.845232402679053,41.02872276219439,1.5397792612636616,50.518457345057236,0.20689099899680946,-0.34094638927258,0.00020257,0.33740850608555223,0.00049835,1,0.0
118,0.14071373035703688,0.17117617610457728,-0.00032169,2.459242111292193,3.0947272010640288,39.92506291142451,-0.0023016062189381405,6.559249262293401,0.08577636837209619,-51.528012420844014,-0.845232402679053,17.743499127626933,1.5397792612636616,15.688994250446859,0.20689099899680946,0.0803139844916464,0.00020257,0.3108493242515587,0.00049835,0,0.0
119,-0.02592225947034943,0.5584132252576535,-0.00032169,2.459242111292193,3.0947272010640288,22.302160255987193,-0.0023016062189381405,7.644584947890742,0.08577636837209619,-52.83769574986167,-0.845232402679053,90.22749821197277,1.5397792612636616,-4.416570694643872,0.20689099899680946,0.04955115003350352,0.00020257,0.876811374028217,0.00049835,0,0.0
120,0.8520459430552402,0.279082844112453,-0.00032169,2.459242111292193,3.0947272010640288,-15.604998698319225,-0.0023016062189381405,11.321807523085921,0.08577636837209619,-79.10822680800662,-0.845232402679053,-32.22329192006578,1.5397792612636616,83.15027649270068,0.20689099899680946,-0.3000485596662468,0.00020257,0.3257170525463624,0.00049835,1,0.0
121,-0.002735958798758653,0.4024044061629116,-0.00032169,2.459242111292193,3.0947272010640288,40.883706714338764,-0.0023016062189381405,4.352345066905558,0.08577636837209619,-7.375199050408937,-0.845232402679053,33.564264086316456,1.5397792612636616,-27.527059138975662,0.20689099899680946,0.042375693056737995,0.00020257,0.6696803050464062,0.00049835,0,0.0
122,1.1431336338154334,0.4113836659492335,-0.00032169,2.459242111292193,3.0947272010640288,-25.206227416918143,-0.0023016062189381405,18.922458505596897,0.08577636837209619,-73.14469813381359,-0.845232402679053,-69.4633688992698,1.5397792612636616,83.06985692360998,0.20689099899680946,-0.3573007560125051,0.00020257,0.3656554167937337,0.00049835,1,0.0
123,-0.8556060989318099,3.7630634200337876,-0.00032169,2.459242111292193,3.0947272010640288,-18.365035652662822,-0.0023016062189381405,12.464288426964872,0.08577636837209619,-35.63923618380354,-0.845232402679053,96.04208019334203,1.5397792612636616,-39.16903129025056,0.20689099899680946,-0.7840159863197784,0.00020257,0.8224968047345056,0.00049835,1,0.0
124,0.06842548418092387,0.08271570399183792,-0.00032169,2.459242111292193,3.0947272010640288,65.15101010987068,-0.0023016062189381405,7.553182405744499,0.08577636837209619,-0.24283119447482213,-0.845232402679053,-60.378339671442745,1.5397792612636616,-20.758334509979225,0.20689099899680946,-0.19891768724385425,0.00020257,0.19957309761846906,0.00049835,1,0.0
125,1.2844096601341086,1.8701193546926644,-0.00032169,2.459242111292193,3.0947272010640288,-90.43982185660143,-0.0023016062189381405,26.98604210043721,0.08577636837209619,-87.48981408055435,-0.845232402679053,-49.261820944976215,1.5397792612636616,99.73993981644922,0.20689099899680946,-0.7881931470474447,0.00020257,0.7257102084427648,0.00049835,1,0.0
126,8.710122837768397e-05,0.1954680635148313,-0.00032169,2.459242111292193,3.0947272010640288,17.798963412546016,-0.0023016062189381405,4.669693036690708,0.08577636837209619,-46.54699075952409,-0.845232402679053,58.11885635222931,1.5397792612636616,8.065810943809703,0.20689099899680946,0.11847886789325315,0.00020257,0.4259113313905032,0.00049835,0,0.0
127,0.8544115187163744,0.559229415397615,-0.00032169,2.459242111292193,3.0947272010640288,-24.482684862739738,-0.0023016062189381405,20.59738124716165,0.08577636837209619,-75.31019623699466,-0.845232402679053,-45.55075149164021,1.5397792612636616,66.54965705294124,0.20689099899680946,-0.43932854189673193,0.00020257,0.4416095804402665,0.00049835,1,0.0
128,0.005602945137526988,0.510502991041198,-0.00032169,2.459242111292193,3.0947272010640288,76.36264177936586,-0.0023016062189381405,2.8910157374864482,0.08577636837209619,-8.226156530076592,-0.845232402679053,55.53911856005207,1.5397792612636616,-42.53492789830383,0.20689099899680946,0.1436242485533688,0.00020257,1.0622730063111339,0.00049835,0,0.0
129,0.6361729685927526,0.5197122024268179,-0.00032169,2.459242111292193,3.0947272010640288,-44.84866622048628,-0.0023016062189381405,-1.7760474444618513,0.08577636837209619,-57.57924083616372,-0.845232402679053,30.017869041250197,1.5397792612636616,79.64054689187087,0.20689099899680946,-0.2076598161223172,0.00020257,0.4255816587591067,0.00049835,1,0.0
130,0.00017801794972971408,0.11245670864245852,-0.00032169,2.459242111292193,3.0947272010640288,61.79616879196314,-0.0023016062189381405,8.049243538549561,0.08577636837209619,-26.00715962182855,-0.845232402679053,-19.03948295206642,1.5397792612636616,-11.373372127078689,0.20689099899680946,-0.02708845473663002,0.00020257,0.22698154621197308,0.00049835,1,0.0
131,0.0023110100071759843,0.03977334717741714,-0.00032169,2.459242111292193,3.0947272010640288,-39.632179769310916,-0.0023016062189381405,-3.095088965030043,0.08577636837209619,-26.20227231493507,-0.845232402679053,48.88452396370074,1.5397792612636616,30.48873744705105,0.20689099899680946,-0.07962259386203091,0.00020257,0.09940206896455606,0.00049835,1,0.0
132,1.1069723564781433,0.21808592976865296,-0.00032169,2.459242111292193,3.0947272010640288,-94.48403260829812,-0.0023016062189381405,0.8409783482787394,0.08577636837209619,-15.521560752797305,-0.845232402679053,-30.080656865571136,1.5397792612636616,84.15424205120414,0.20689099899680946,-0.037077449914515226,0.00020257,0.035621765469214514,0.00049835,1,0.0
133,0.00274202635700882,0.1363726823553341,-0.00032169,2.459242111292193,3.0947272010640288,29.55477425391251,-0.0023016062189381405,9.451265205634316,0.08577636837209619,-86.76517461155528,-0.845232402679053,71.6782095511588,1.5397792612636616,25.338367168545453,0.20689099899680946,0.25215364453715405,0.00020257,0.33160778417735426,0.00049835,0,0.0
134,0.5253281668903642,0.05577956383149306,-0.00032169,2.459242111292193,3.0947272010640288,-50.39365448454941,-0.0023016062189381405,3.957580205070854,0.08577636837209619,-29.1538591234755,-0.845232402679053,-2.2343110898693874,1.5397792612636616,50.103125374934294,0.20689099899680946,-0.0902612956721556,0.00020257,0.09116197264974576,0.00049835,1,0.0
135,0.6148650938105971,0.2792662539314745,-0.00032169,2.459242111292193,3.0947272010640288,17.71589395428908,-0.0023016062189381405,16.507410750288887,0.08577636837209619,-85.22199487192769,-0.845232402679053,-37.464764417445416,1.5397792612636616,60.39701513972819,0.20689099899680946,-0.3530559673289092,0.00020257,0.3704252520173953,0.00049835,1,0.0
136,-0.0011542427511385123,0.1835312974108682,-0.00032169,2.459242111292193,3.0947272010640288,75.89245621251489,-0.0023016062189381405,8.484087893677724,0.08577636837209619,-54.56182659058747,-0.845232402679053,55.5453466126277,1.5397792612636616,-13.501036584116028,0.20689099899680946,0.27498522208384757,0.00020257,0.6837456962794066,0.00049835,0,0.0
137,0.6841400473004685,0.081447578989083,-0.00032169,2.459242111292193,3.0947272010640288,-35.05382804063779,-0.0023016062189381405,6.955590982114699,0.08577636837209619,-41.46131723855331,-0.845232402679053,-23.535504911362434,1.5397792612636616,59.27342348261261,0.20689099899680946,-0.12796290438192662,0.00020257,0.12872515563240963,0.00049835,1,0.0
138,0.006562054337060169,0.2440067921868666,-0.00032169,2.459242111292193,3.0947272010640288,-33.337634171445195,-0.0023016062189381405,-2.6010700128950237,0.08577636837209619,-46.127159415577445,-0.845232402679053,86.8945693014732,1.5397792612636616,34.04933196457563,0.20689099899680946,-0.026333488679035344,0.00020257,0.3971204302322458,0.00049835,1,0.0
139,1.2913402700693557,0.7640907942103421,-0.00032169,2.459242111292193,3.0947272010640288,23.90284708505926,-0.0023016062189381405,11.1268319368558,0.08577636837209619,-69.25067506947349,-0.845232402679053,-48.43202964387021,1.5397792612636616,76.74511992118562,0.20689099899680946,0.050677199792166394,0.00020257,0.6092467731850733,0.00049835,0,0.0
140,0.1047031278852002,0.03401553980943374,-0.00032169,2.459242111292193,3.0947272010640288,-59.29839916405118,-0.0023016062189381405,2.381075248417816,0.08577636837209619,-83.80631274306207,-0.845232402679053,78.91460177789378,1.5397792612636616,71.01770784485332,0.20689099899680946,-0.0754561667807241,0.00020257,0.07746944165338605,0.00049835,1,0.0
141,-0.04660357288104855,0.8424010172285137,-0.00032169,2.459242111292193,3.0947272010640288,17.27260975208491,-0.0023016062189381405,6.834773409504208,0.08577636837209619,-21.10942556311942,-0.845232402679053,62.785963479088096,1.5397792612636616,-21.743716367283692,0.20689099899680946,-0.1023331594084746,0.00020257,0.8712800764281752,0.00049835,1,0.0
142,0.18742260645514985,0.38730689103941973,-0.00032169,2.459242111292193,3.0947272010640288,13.576410342106499,-0.0023016062189381405,17.68041154980328,0.08577636837209619,-72.60603645182232,-0.845232402679053,-7.467448070564305,1.5397792612636616,28.14533381305675,0.20689099899680946,-0.38326629566096,0.00020257,0.38230901055935423,0.00049835,1,0.0
143,0.16246483805891956,0.020875454563191037,-0.00032169,2.459242111292193,3.0947272010640288,-89.35250128344276,-0.0023016062189381405,-1.030532303326947,0.08577636837209619,-59.96631789778755,-0.845232402679053,83.41399147489811,1.5397792612636616,68.36923649037706,0.20689099899680946,-0.08795812962241942,0.00020257,0.08855088158046012,0.00049835,1,0.0
144,0.7542583748762022,0.36447072417834325,-0.00032169,2.459242111292193,3.0947272010640288,57.712042176709446,-0.0023016062189381405,20.32275035854916,0.08577636837209619,-89.87958596159514,-0.845232402679053,-45.16543121134255,1.5397792612636616,47.5879652394786,0.20689099899680946,-0.08311242796862,0.00020257,0.49085978391280954,0.00049835,1,0.0
145,0.3831630083957953,0.024623189982691245,-0.00032169,2.459242111292193,3.0947272010640288,-67.08746359751554,-0.0023016062189381405,0.3323787894610768,0.08577636837209619,-36.359181562352624,-0.845232402679053,31.7338426743685,1.5397792612636616,56.98407021859606,0.20689099899680946,-0.041703114634046856,0.00020257,0.04199370936708048,0.00049835,1,0.0
146,0.39204480115590723,2.630976732490266,-0.00032169,2.459242111292193,3.0947272010640288,-24.72459367947105,-0.0023016062189381405,30.01220092759988,0.08577636837209619,-79.95163712386417,-0.845232402679053,-17.021895788498835,1.5397792612636616,29.701096754628058,0.20689099899680946,-0.9403875683352393,0.00020257,0.9223577934487467,0.00049835,1,0.0
147,0.5764740893711213,0.2483237455506958,-0.00032169,2.459242111292193,3.0947272010640288,34.82152175091209,-0.0023016062189381405,8.299403101476527,0.08577636837209619,-33.809665414969686,-0.845232402679053,-57.101666385883014,1.5397792612636616,31.001867865933306,0.20689099899680946,-0.2188645250368444,0.00020257,0.32648037867554036,0.00049835,1,0.0
148,0.10524096486410217,1.589635321819367,-0.00032169,2.459242111292193,3.0947272010640288,73.36421287835674,-0.0023016062189381405,27.50072066512704,0.08577636837209619,-35.49379788922416,-0.845232402679053,-77.48544002693835,1.5397792612636616,-30.141203535082095,0.20689099899680946,-0.7131199804716003,0.00020257,0.7178482378089909,0.00049835,1,0.0
149,2.292775694244029,2.2084929563587505,-0.00032169,2.459242111292193,3.0947272010640288,25.439790780439747,-0.0023016062189381405,8.509730190034649,0.08577636837209619,-26.39032934744552,-0.845232402679053,-93.89968579059236,1.5397792612636616,83.27446669514397,0.20689099899680946,0.2903083045062756,0.00020257,1.1640763011054351,0.00049835,0,0.0
150,0.0007996341727131151,0.16258563451430696,-0.00032169,2.459242111292193,3.0947272010640288,74.38756044741906,-0.0023016062189381405,9.508210579422759,0.08577636837209619,-66.01567791322232,-0.845232402679053,65.63081134346984,1.5397792612636616,-7.843803055968989,0.20689099899680946,0.2961848974933052,0.00020257,0.7039048695874843,0.00049835,0,0.0
151,1.0306356884447678,0.17441264233811,-0.00032169,2.459242111292193,3.0947272010640288,-80.8045961282365,-0.0023016062189381405,3.0757143140013516,0.08577636837209619,-23.249944780997556,-0.845232402679053,-30.729124532092545,1.5397792612636616,79.35577954764885,0.20689099899680946,-0.04571711786817199,0.00020257,0.043878680463671584,0.00049835,1,0.0
152,0.006932581603677573,0.23529379765896247,-0.00032169,2.459242111292193,3.0947272010640288,11.90158736597223,-0.0023016062189381405,-1.1833471917762528,0.08577636837209619,-29.69561082598841,-0.845232402679053,42.957971843251286,1.5397792612636616,12.560909370391492,0.20689099899680946,-0.015969639481435566,0.00020257,0.3674825785303987,0.00049835,1,0.0
153,0.009891782180920627,0.0414483928721175,-0.00032169,2.459242111292193,3.0947272010640288,33.040130238163954,-0.0023016062189381405,4.475292975909865,0.08577636837209619,-12.869507382253126,-0.845232402679053,-18.407599984560846,1.5397792612636616,-4.75149807045182,0.20689099899680946,-0.09424540187922112,0.00020257,0.12763288476145432,0.00049835,1,0.0
154,1.208626399990092,0.2711184918744991,-0.00032169,2.459242111292193,3.0947272010640288,-42.86018545840857,-0.0023016062189381405,11.760451914970865,0.08577636837209619,-56.61038406139002,-0.845232402679053,-63.591752782121056,1.5397792612636616,90.46989633830323,0.20689099899680946,-0.23299744827162977,0.00020257,0.23647837856519632,0.00049835,1,0.0
155,0.20737267807868842,0.12886257012646252,-0.00032169,2.459242111292193,3.0947272010640288,-52.42767143088108,-0.0023016062189381405,3.20426627246307,0.08577636837209619,-23.992840044863748,-0.845232402679053,25.99095392159138,1.5397792612636616,31.360050831899102,0.20689099899680946,-0.21270059044825917,0.00020257,0.21577841411914606,0.00049835,1,0.0
156,0.2267718069487763,0.6779067788020168,-0.00032169,2.459242111292193,3.0947272010640288,-88.05906237856233,-0.0023016062189381405,-12.900555190507873,0.08577636837209619,-39.41059173295819,-0.845232402679053,88.75561721049549,1.5397792612636616,75.75883016243363,0.20689099899680946,-0.3868522519242289,0.00020257,0.4623066541437012,0.00049835,1,0.0
157,1.5347432613098384,1.635924891858466,-0.00032169,2.459242111292193,3.0947272010640288,45.16692234684373,-0.0023016062189381405,6.430753865524831,0.08577636837209619,-74.3600803780773,-0.845232402679053,1.4801977634108656,1.5397792612636616,75.94080613453107,0.20689099899680946,0.21718039396111077,0.00020257,1.3052754759374574,0.00049835,0,0.0
158,0.005202097771596748,0.11956379474381665,-0.00032169,2.459242111292193,3.0947272010640288,49.02892548526319,-0.0023016062189381405,11.787585239180084,0.08577636837209619,-99.97122509690331,-0.845232402679053,81.28945002273323,1.5397792612636616,22.22631982570413,0.20689099899680946,0.32445011400968504,0.00020257,0.46363442327791804,0.00049835,0,0.0
159,0.12879622053498574,3.3494324151124135,-0.00032169,2.459242111292193,3.0947272010640288,-90.45846494043549,-0.0023016062189381405,15.258613730957169,0.08577636837209619,-0.27812267430246934,-0.845232402679053,-70.12457692834185,1.5397792612636616,23.189206232513857,0.20689099899680946,-1.4149703784046004,0.00020257,0.33836029042667093,0.00049835,1,0.0
160,-0.3344084070601725,1.8690764466812166,-0.00032169,2.459242111292193,3.0947272010640288,-30.97135121709879,-0.0023016062189381405,9.01747901730879,0.08577636837209619,-17.435087333575062,-0.845232402679053,54.36573787086034,1.5397792612636616,-17.495333346621134,0.20689099899680946,-0.5891975412133207,0.00020257,0.6673557206673816,0.00049835,1,0.0
161,0.4226870415969969,0.26367829696328027,-0.00032169,2.459242111292193,3.0947272010640288,77.88727816897386,-0.0023016062189381405,14.516067928854351,0.08577636837209619,-32.27760624672708,-0.845232402679053,-83.03560902542154,1.5397792612636616,3.8039919407006852,0.20689099899680946,-0.27679936389161297,0.00020257,0.3726017392344182,0.00049835,1,0.0
162,0.14084375924426656,0.1205965227009452,-0.00032169,2.459242111292193,3.0947272010640288,-36.40574636020415,-0.0023016062189381405,-4.255350636913417,0.08577636837209619,-23.79367474651519,-0.845232402679053,33.31902057706115,1.5397792612636616,37.85955978363507,0.20689099899680946,-0.1748073397613825,0.00020257,0.18098039161835391,0.00049835,1,0.0
163,1.2502922790817632,1.5500488010551263,-0.00032169,2.459242111292193,3.0947272010640288,-3.3328204126386245,-0.0023016062189381405,-1.819695513040044,0.08577636837209619,-40.88971404423237,-0.845232402679053,-20.466319948149806,1.5397792612636616,80.57767121941026,0.20689099899680946,-0.1882751148696411,0.00020257,0.8966395478173157,0.00049835,1,0.0
164,0.5351152796189387,0.13826937190613683,-0.00032169,2.459242111292193,3.0947272010640288,41.6424434964497,-0.0023016062189381405,10.252528839692031,0.08577636837209619,-2.5428417808131387,-0.845232402679053,-89.90382611605162,1.5397792612636616,4.731208980425416,0.20689099899680946,-0.22397783110989605,0.00020257,0.22610618224500273,0.00049835,1,0.0
165,0.490718258784083,0.11967545187519622,-0.00032169,2.459242111292193,3.0947272010640288,25.919576694829974,-0.0023016062189381405,8.655822009238932,0.08577636837209619,-24.235003769205395,-0.845232402679053,-59.04722218567938,1.5397792612636616,23.20675420379959,0.20689099899680946,-0.22092843023965197,0.00020257,0.2265206578523274,0.00049835,1,0.0
166,0.4820021140634474,0.20062947114458718,-0.00032169,2.459242111292193,3.0947272010640288,33.011227487567965,-0.0023016062189381405,13.182123639658192,0.08577636837209619,-53.14153569654522,-0.845232402679053,-51.65144777751149,1.5397792612636616,34.120987195621346,0.20689099899680946,-0.3073306075346343,0.00020257,0.31257630965752653,0.00049835,1,0.0
167,-0.00023841878504432534,0.3392018288369176,-0.00032169,2.459242111292193,3.0947272010640288,73.38809338684612,-0.0023016062189381405,5.914154210951281,0.08577636837209619,-53.97021852662062,-0.845232402679053,92.24163214675522,1.5397792612636616,-18.03282896614556,0.20689099899680946,0.2382988090346066,0.00020257,1.0813292313545124,0.00049835,0,0.0
168,0.49991209124729713,0.048393740830532786,-0.00032169,2.459242111292193,3.0947272010640288,-93.31538400715685,-0.0023016062189381405,-0.39859305052423644,0.08577636837209619,-46.73510767500124,-0.845232402679053,46.059069923485445,1.5397792612636616,76.30149678672647,0.20689099899680946,-0.06748030977895675,0.00020257,0.06807800791002677,0.00049835,1,0.0
169,0.7716977739697052,0.39608195557821535,-0.00032169,2.459242111292193,3.0947272010640288,63.48558815450021,-0.0023016062189381405,18.366151672569526,0.08577636837209619,-59.496273106231946,-0.845232402679053,-87.58835354557095,1.5397792612636616,35.38045052406431,0.20689099899680946,-0.2870241948143913,0.00020257,0.45597830076646645,0.00049835,1,0.0
170,1.1084954924311317,0.3935942503884628,-0.00032169,2.459242111292193,3.0947272010640288,-0.8145588428509912,-0.0023016062189381405,18.25698187230999,0.08577636837209619,-77.73043096740118,-0.845232402679053,-78.85237214236707,1.5397792612636616,81.56436269252116,0.20689099899680946,-0.3883813450393636,0.00020257,0.3907662184949783,0.00049835,1,0.0
171,0.8894545187684668,0.2549387963681008,-0.00032169,2.459242111292193,3.0947272010640288,-8.436575802735948,-0.0023016062189381405,15.426528704750151,0.08577636837209619,-60.647370216858455,-0.845232402679053,-60.57316619687008,1.5397792612636616,64.25116289605285,0.20689099899680946,-0.30254487445354955,0.00020257,0.30346242191032885,0.00049835,1,0.0
172,1.5326310566488281,2.300270439329362,-0.00032169,2.459242111292193,3.0947272010640288,85.70718091962033,-0.0023016062189381405,4.3866597737298285,0.08577636837209619,-85.02497806708556,-0.845232402679053,38.445612204601076,1.5397792612636616,64.53018840560155,0.20689099899680946,0.253864798520559,0.00020257,1.8794958642874375,0.00049835,0,0.0
173,1.3535970375895439,0.6488905662552478,-0.00032169,2.459242111292193,3.0947272010640288,-75.34916126645794,-0.0023016062189381405,18.18843989249634,0.08577636837209619,-65.61311431860119,-0.845232402679053,-60.10925602772936,1.5397792612636616,99.00738095344435,0.20689099899680946,-0.40602850980308813,0.00020257,0.40588638188329773,0.00049835,1,0.0
174,1.191027682453143,0.35800478131679436,-0.00032169,2.459242111292193,3.0947272010640288,-15.840958743916573,-0.0023016062189381405,16.21820935814894,0.08577636837209619,-50.24574138085453,-0.845232402679053,-90.65083570249199,1.5397792612636616,72.55904907012766,0.20689099899680946,-0.3120354144177284,0.00020257,0.31560507793462134,0.00049835,1,0.0
175,0.017448259818120926,0.05834616270599236,-0.00032169,2.459242111292193,3.0947272010640288,-27.056864893474533,-0.0023016062189381405,8.288660824418816,0.08577636837209619,-84.43861436077611,-0.845232402679053,56.957619008512715,1.5397792612636616,50.962714350020285,0.20689099899680946,-0.15173468504269833,0.00020257,0.15419085595015675,0.00049835,1,0.0
176,1.0237136192179788,1.619461680879573,-0.00032169,2.459242111292193,3.0947272010640288,-16.693894163276628,-0.0023016062189381405,26.31700843262695,0.08577636837209619,-43.63196498720255,-0.845232402679053,-99.38605782856685,1.5397792612636616,42.928845846727306,0.20689099899680946,-0.7243531112353326,0.00020257,0.676350804999552,0.00049835,1,0.0
177,0.6531733782861112,0.4218985598207209,-0.00032169,2.459242111292193,3.0947272010640288,0.13963277325906545,-0.0023016062189381405,1.9725888764104418,0.08577636837209619,-36.058024812925964,-0.845232402679053,-24.782794406995375,1.5397792612636616,52.16479528368479,0.20689099899680946,-0.22233516938330064,0.00020257,0.39054270571736127,0.00049835,1,0.0
178,1.3403140395189492,1.3610226293842782,-0.00032169,2.459242111292193,3.0947272010640288,36.46980243248338,-0.0023016062189381405,2.1507633430409716,0.08577636837209619,-22.1599497115244,-0.845232402679053,-54.01015255461717,1.5397792612636616,52.790057308469024,0.20689099899680946,0.003789723474541151,0.00020257,0.9189450796758787,0.00049835,0,0.0
179,0.5439526727815013,0.2955862502860441,-0.00032169,2.459242111292193,3.0947272010640288,77.6098255228852,-0.0023016062189381405,17.199889207487757,0.08577636837209619,-57.692373254152756,-0.845232402679053,-60.12999565330699,1.5397792612636616,17.282612248001495,0.20689099899680946,-0.09039185775916253,0.00020257,0.43561876522562654,0.00049835,1,0.0
180,0.2886147105069885,3.4979491491230714,-0.00032169,2.459242111292193,3.0947272010640288,-42.721143275608455,-0.0023016062189381405,21.87160624607277,0.08577636837209619,-0.25768166737582743,-0.845232402679053,-85.16367641322137,1.5397792612636616,-0.07571900467669762,0.20689099899680946,-1.2567069823286707,0.00020257,0.6495740844744903,0.00049835,1,0.0
181,-0.0007368910976481846,0.1697921334042542,-0.00032169,2.459242111292193,3.0947272010640288,38.74722874526448,-0.0023016062189381405,7.6977196329165025,0.08577636837209619,-68.03529045860985,-0.845232402679053,67.02571155799185,1.5397792612636616,10.402236724848,0.20689099899680946,0.22262708830205388,0.00020257,0.47784025653679163,0.00049835,0,0.0
182,1.331329099933929,0.31226042374556484,-0.00032169,2.459242111292193,3.0947272010640288,-87.29579942702937,-0.0023016062189381405,3.066157103826853,0.08577636837209619,-5.9308762202084155,-0.845232402679053,-64.69750478842076,1.5397792612636616,84.02019778168899,0.20689099899680946,-0.05102527453558919,0.00020257,0.04914246853658777,0.00049835,1,0.0
183,-0.47648737505142447,3.1141648753161566,-0.00032169,2.459242111292193,3.0947272010640288,24.0305860554186,-0.0023016062189381405,19.597787793234964,0.08577636837209619,-23.009720938533174,-0.845232402679053,13.56087014970961,1.5397792612636616,-47.6580323443501,0.20689099899680946,-0.8051869954521557,0.00020257,0.8290942758878391,0.00049835,1,0.0
184,0.32725542368476424,0.45111655369003245,-0.00032169,2.459242111292193,3.0947272010640288,-13.785660723725453,-0.0023016062189381405,17.33419062653508,0.08577636837209619,-73.98647053184214,-0.845232402679053,-0.0020140895516610746,1.5397792612636616,41.59737288856708,0.20689099899680946,-0.39965415474502436,0.00020257,0.4081144144139975,0.00049835,1,0.0
185,-0.004027945606620009,0.5612841403915976,-0.00032169,2.459242111292193,3.0947272010640288,-41.415358795312756,-0.0023016062189381405,7.889727831934711,0.08577636837209619,-52.279833486591066,-0.845232402679053,73.88007102488774,1.5397792612636616,22.932608994757736,0.20689099899680946,-0.261742533809122,0.00020257,0.554695359289253,0.00049835,1,0.0
186,0.6539359741302534,0.12805530831746909,-0.00032169,2.459242111292193,3.0947272010640288,9.92162165860372,-0.0023016062189381405,9.689659740170182,0.08577636837209619,-24.78381440168499,-0.845232402679053,-65.09023536813068,1.5397792612636616,33.28167722358659,0.20689099899680946,-0.20860120079253422,0.00020257,0.20897638995491732,0.00049835,1,0.0
187,-0.0009333232126276236,0.2056689478696676,-0.00032169,2.459242111292193,3.0947272010640288,93.315740566657,-0.0023016062189381405,17.44833407694741,0.08577636837209619,-79.25558744054524,-0.845232402679053,48.547757525941506,1.5397792612636616,-15.434227239723397,0.20689099899680946,0.2782357325523862,0.00020257,0.7118507990115271,0.00049835,0,0.0
188,0.014231835225916756,0.4582619772550456,-0.00032169,2.459242111292193,3.0947272010640288,-12.457764522184668,-0.0023016062189381405,15.107165011909903,0.08577636837209619,-90.512414573558,-0.845232402679053,65.51591204812229,1.5397792612636616,33.587094425235236,0.20689099899680946,-0.21295315610758964,0.00020257,0.4971603884119739,0.00049835,1,0.0
189,0.00938264241120601,1.4171327990936506,-0.00032169,2.459242111292193,3.0947272010640288,60.08340704437506,-0.0023016062189381405,27.731973490773512,0.08577636837209619,-76.36849203360921,-0.845232402679053,-12.896228478915594,1.5397792612636616,-10.534585772441787,0.20689099899680946,-0.5283794495591884,0.00020257,0.7811429916780829,0.00049835,1,0.0
190,0.17988592496701417,0.01785047518779009,-0.00032169,2.459242111292193,3.0947272010640288,-36.58361809804066,-0.0023016062189381405,5.020974595343305,0.08577636837209619,-65.3675982713697,-0.845232402679053,41.339786321978444,1.5397792612636616,53.369584678539475,0.20689099899680946,-0.08889015222446654,0.00020257,0.08981103314653287,0.00049835,1,0.0
191,1.1484847657787973,0.22395697461872732,-0.00032169,2.459242111292193,3.0947272010640288,-88.87127450738981,-0.0023016062189381405,1.951675120859394,0.08577636837209619,-16.72882508750676,-0.845232402679053,-38.43356392030776,1.5397792612636616,84.26384691953406,0.20689099899680946,-0.022333145836901037,0.00020257,0.02139551286736301,0.00049835,1,0.0
192,0.0007462464512414391,0.1304479413981775,-0.00032169,2.459242111292193,3.0947272010640288,21.128428199858412,-0.0023016062189381405,11.319653746172795,0.08577636837209619,-87.63537347160687,-0.845232402679053,49.54445113268864,1.5397792612636616,31.395408397469993,0.20689099899680946,0.03143434169677797,0.00020257,0.2606696385612237,0.00049835,0,0.0
193,0.23868809155198517,0.11300558701989588,-0.00032169,2.459242111292193,3.0947272010640288,-83.3179222419978,-0.0023016062189381405,-4.010317554686593,0.08577636837209619,-7.189288106679544,-0.845232402679053,43.95844021437517,1.5397792612636616,39.046057777339186,0.20689099899680946,-0.20918845029351119,0.00020257,0.21233956168350798,0.00049835,1,0.0
194,0.012177494216035978,0.689192885900974,-0.00032169,2.459242111292193,3.0947272010640288,37.0769635365797,-0.0023016062189381405,20.42076668927565,0.08577636837209619,-63.62867401668261,-0.845232402679053,-14.030153482906673,1.5397792612636616,2.8766433958306616,0.20689099899680946,-0.46289616892029345,0.00020257,0.49515724909272624,0.00049835,1,0.0
195,0.011951748425368391,0.29248734893702666,-0.00032169,2.459242111292193,3.0947272010640288,100.0,-0.0023016062189381405,21.19001062455747,0.08577636837209619,-93.34343162869129,-0.845232402679053,56.57347832768312,1.5397792612636616,-15.472835104079978,0.20689099899680946,0.251717189403775,0.00020257,0.8582411928616411,0.00049835,0,0.0
196,0.33511411276280584,0.36270749204381836,-0.00032169,2.459242111292193,3.0947272010640288,-0.7449118674614605,-0.0023016062189381405,2.458661107923417,0.08577636837209619,-68.65402096505106,-0.845232402679053,63.310656561559334,1.5397792612636616,46.69817372569055,0.20689099899680946,0.08139742504370565,0.00020257,0.5310654512641798,0.00049835,0,0.0
197,-0.0063778408598327285,0.6386539587165345,-0.00032169,2.459242111292193,3.0947272010640288,99.3914640395672,-0.0023016062189381405,8.066491338230797,0.08577636837209619,-1.629042016991366,-0.845232402679053,37.1909979918426,1.5397792612636616,-63.14072734121523,0.20689099899680946,0.1404713242653569,0.00020257,1.155740393625337,0.00049835,0,0.0
198,5.242270690530848e-05,0.13880637721074443,-0.00032169,2.459242111292193,3.0947272010640288,23.33235816894391,-0.0023016062189381405,5.5355621621808275,0.08577636837209619,-52.507909826858246,-0.845232402679053,47.2280510321987,1.5397792612636616,12.611786102833491,0.20689099899680946,0.15993562009692278,0.00020257,0.2732882279154747,0.00049835,0,0.0
199,0.12172020043864706,1.2750441737262563,-0.00032169,2.459242111292193,3.0947272010640288,18.483101774416998,-0.0023016062189381405,21.919928430022924,0.08577636837209619,-59.406602076036236,-0.845232402679053,3.575229325583204,1.5397792612636616,0.3894226458451205,0.20689099899680946,-0.48347865594834827,0.00020257,0.7492292873913592,0.00049835,1,0.0
200,-9.052798722448077,61.83588271891412,-0.00032169,1.053781742958659,1.4533862399266007,58.74581286696361,-0.0023016062189381405,36.1828110367597,0.08577636837209619,-92.20173308882609,-0.845232402679053,70.08531968531206,1.5397792612636616,-66.15233290395112,0.20689099899680946,13.006977807971307,0.00020257,49.6012218366796,0.00049835,0,0.0
201,-15.339338610509861,739.8184251870368,-0.00032169,1.053781742958659,1.4533862399266007,34.51609676163847,-0.0023016062189381405,5.622277244407854,0.08577636837209619,-16.4015379198231,-0.845232402679053,11.66522730144725,1.5397792612636616,-65.90284051009901,0.20689099899680946,-38.744239512189345,0.00020257,2.4807943795022567,0.00049835,1,0.0
202,1.5331290164808333,35.86067676489204,-0.00032169,1.053781742958659,1.4533862399266007,30.334389457063594,-0.0023016062189381405,17.159428812364375,0.08577636837209619,-59.878944848617074,-0.845232402679053,5.1483438743995285,1.5397792612636616,12.069917876761796,0.20689099899680946,0.2814320461391464,0.00020257,25.7002622960267,0.00049835,0,0.0
203,-5.907250329594247,135.72820089504185,-0.00032169,1.053781742958659,1.4533862399266007,39.09712575345773,-0.0023016062189381405,-19.625411438437837,0.08577636837209619,-34.5017616962978,-0.845232402679053,73.60914288319806,1.5397792612636616,-43.172065902401286,0.20689099899680946,0.45777118609745315,0.00020257,64.48422645225773,0.00049835,0,0.0
204,17.874299950007632,299.16055468882536,-0.00032169,1.053781742958659,1.4533862399266007,63.0026889099338,-0.0023016062189381405,85.46207140692134,0.08577636837209619,-99.86655003625565,-0.845232402679053,-82.36296844121273,1.5397792612636616,52.42292178610731,0.20689099899680946,0.5980807095302225,0.00020257,48.79975286708469,0.00049835,0,0.0
205,3.739077073565343,68.61103423771826,-0.00032169,1.053781742958659,1.4533862399266007,-35.248635410452344,-0.0023016062189381405,-17.71849412948926,0.08577636837209619,-1.065161665026882,-0.845232402679053,-1.8525650029850378,1.5397792612636616,56.14792106996117,0.20689099899680946,-18.340491156437828,0.00020257,-0.15408622190888543,0.00049835,1,0.0
206,-0.42411873340506645,1.1689253576990746,-0.00032169,1.053781742958659,1.4533862399266007,-15.624780613411604,-0.0023016062189381405,10.695778251899577,0.08577636837209619,-83.0938296571414,-0.845232402679053,47.564446482552476,1.5397792612636616,44.80718691816743,0.20689099899680946,2.1288818279951407,0.00020257,12.340379995713821,0.00049835,0,0.0
207,-6.454889088897143,13.232138355363366,-0.00032169,1.053781742958659,1.4533862399266007,47.69312037002929,-0.0023016062189381405,9.3217171138175,0.08577636837209619,-31.62652037159671,-0.845232402679053,39.04385155200613,1.5397792612636616,-59.72110780868084,0.20689099899680946,10.382023927549607,0.00020257,32.35999639031114,0.00049835,0,0.0
208,-12.976430893984155,77.45065828578555,-0.00032169,1.053781742958659,1.4533862399266007,72.50423050594904,-0.0023016062189381405,-9.902499370208947,0.08577636837209619,-50.44405364961701,-0.845232402679053,93.44977853418247,1.5397792612636616,-95.41977092332274,0.20689099899680946,7.730264137258967,0.00020257,69.74339291666182,0.00049835,0,0.0
209,3.3614310891717487,733.7498124385907,-0.00032169,1.053781742958659,1.4533862399266007,-16.948048159326625,-0.0023016062189381405,35.547377998636094,0.08577636837209619,-77.3652949595687,-0.845232402679053,5.723220447123244,1.5397792612636616,53.108963281624135,0.20689099899680946,-20.020165163573665,0.00020257,17.00223014304744,0.00049835,1,0.0
210,13.164943294474702,145.2229258593066,-0.00032169,1.053781742958659,1.4533862399266007,-1.3959790899370468,-0.0023016062189381405,33.850284311697834,0.08577636837209619,-61.28801724413597,-0.845232402679053,-33.96490730933451,1.5397792612636616,77.2551379166877,0.20689099899680946,0.47601085258587617,0.00020257,19.196983292466445,0.00049835,0,0.0
211,-8.068684503767432,110.41554876133395,-0.00032169,1.053781742958659,1.4533862399266007,-22.590890532014168,-0.0023016062189381405,-22.256223116156537,0.08577636837209619,-14.871866465681414,-0.845232402679053,53.17910309113852,1.5397792612636616,-1.3606438100936278,0.20689099899680946,-12.984934963061782,0.00020257,0.15812442580629327,0.00049835,1,0.0
212,4.603408959767917,406.52918296510654,-0.00032169,1.053781742958659,1.4533862399266007,-39.92690450866056,-0.0023016062189381405,24.764984158389385,0.08577636837209619,-1e-20,-0.845232402679053,-85.97895251862101,1.5397792612636616,72.44783325309173,0.20689099899680946,-93.16441289955492,0.00020257,0.18713741296144093,0.00049835,1,0.0
213,-17.92903580590853,336.53427968539904,-0.00032169,1.053781742958659,1.4533862399266007,15.800249230778368,-0.0023016062189381405,-21.793476702073583,0.08577636837209619,-7.532223693048606,-0.845232402679053,68.83557961561739,1.5397792612636616,-73.99623882185416,0.20689099899680946,-10.439781383014797,0.00020257,0.24346490206873117,0.00049835,1,0.0
214,-8.069570932426007,29.218088865437437,-0.00032169,1.053781742958659,1.4533862399266007,78.86993124832745,-0.0023016062189381405,42.45166687409495,0.08577636837209619,-99.2237953989435,-0.845232402679053,54.559305214216785,1.5397792612636616,-70.39263290640254,0.20689099899680946,25.26138640958517,0.00020257,42.35762018962362,0.00049835,0,0.0
215,11.738923832587439,154.59637825822347,-0.00032169,1.053781742958659,1.4533862399266007,66.43992484850007,-0.0023016062189381405,53.01606909716098,0.08577636837209619,-15.613908846057532,-0.845232402679053,-83.68003420995322,1.5397792612636616,-8.249074859581494,0.20689099899680946,0.39885905407024325,0.00020257,34.97386677029962,0.00049835,0,0.0
216,6.715060232903692,58.17412785459469,-0.00032169,1.053781742958659,1.4533862399266007,88.02116438293379,-0.0023016062189381405,66.77292547201891,0.08577636837209619,-61.233934093538835,-0.845232402679053,-61.99363445458903,1.5397792612636616,-25.024670507262904,0.20689099899680946,0.2482365179506587,0.00020257,42.54558322255838,0.00049835,0,0.0
217,-1.1145466105255863,27.66493717394937,-0.00032169,1.053781742958659,1.4533862399266007,-37.1072667018975,-0.0023016062189381405,-10.827522504444634,0.08577636837209619,-49.55222565598591,-0.845232402679053,44.16176691592952,1.5397792612636616,53.10668848828915,0.20689099899680946,-7.210456426655284,0.00020257,0.16909810165969885,0.00049835,1,0.0
218,3.1506602258279095,236.40430767429268,-0.00032169,1.053781742958659,1.4533862399266007,40.86215423925004,-0.0023016062189381405,-3.348784670576487,0.08577636837209619,-30.615260757872047,-0.845232402679053,13.522880506238785,1.5397792612636616,-3.631044959505415,0.20689099899680946,0.352146632580439,0.00020257,52.97234399388468,0.00049835,0,0.0
219,-2.038478951486546,27.782139508289895,-0.00032169,1.053781742958659,1.4533862399266007,-31.625793276832816,-0.0023016062189381405,-6.303610332828228,0.08577636837209619,-56.909541736318246,-0.845232402679053,46.66712610336042,1.5397792612636616,46.99978983977913,0.20689099899680946,-5.473148655125093,0.00020257,0.3776665806173627,0.00049835,1,0.0
220,2.265742385044943,192.71229537948943,-0.00032169,1.053781742958659,1.4533862399266007,-8.302524276518614,-0.0023016062189381405,23.548739378971355,0.08577636837209619,-95.96396745874918,-0.845232402679053,77.12891557105719,1.5397792612636616,28.027139281829367,0.20689099899680946,0.23863663275408342,0.00020257,64.22294579262497,0.00049835,0,0.0
221,20.275489795039157,354.05425529681816,-0.00032169,1.053781742958659,1.4533862399266007,3.675568717777268,-0.0023016062189381405,50.85094611297559,0.08577636837209619,-55.49684385179854,-0.845232402679053,-70.55542337550213,1.5397792612636616,92.99664437122551,0.20689099899680946,0.2298226462147941,0.00020257,26.40533172866332,0.00049835,0,0.0
222,-11.377810274176555,198.2131855839439,-0.00032169,1.053781742958659,1.4533862399266007,-33.322660224340176,-0.0023016062189381405,-26.901618598262882,0.08577636837209619,-43.90100434885535,-0.845232402679053,83.21030505950203,1.5397792612636616,9.952711333926912,0.20689099899680946,-16.044031681011816,0.00020257,0.19848076628568911,0.00049835,1,0.0
223,-5.575196979939991,12.099952550743485,-0.00032169,1.053781742958659,1.4533862399266007,-3.2660879067149673,-0.0023016062189381405,-0.8115915703286865,0.08577636837209619,-81.51181989804778,-0.845232402679053,85.22583877180229,1.5397792612636616,8.268849324374523,0.20689099899680946,0.2808657547376754,0.00020257,35.837609964410426,0.00049835,0,0.0
224,2.0428814692530373,16.582472786548422,-0.00032169,1.053781742958659,1.4533862399266007,27.941656184653127,-0.0023016062189381405,13.087110721199853,0.08577636837209619,-16.906841433757926,-0.845232402679053,-13.386068193886082,1.5397792612636616,-6.741958922576176,0.20689099899680946,1.317310284563158,0.00020257,16.707897128443584,0.00049835,0,0.0
225,-2.5900374903466634,6.416723928995837,-0.00032169,1.053781742958659,1.4533862399266007,79.36050600059042,-0.0023016062189381405,41.556406732311466,0.08577636837209619,-53.7110284433295,-0.845232402679053,-8.605637627851996,1.5397792612636616,-57.40896382229123,0.20689099899680946,11.502710254764953,0.00020257,29.61683254087644,0.00049835,0,0.0
226,4.171414052583027,87.37809284833818,-0.00032169,1.053781742958659,1.4533862399266007,36.210378631658514,-0.0023016062189381405,24.783592047601502,0.08577636837209619,-83.01704817641519,-0.845232402679053,1.4986538163159668,1.5397792612636616,29.21793303774176,0.20689099899680946,0.24093331325804712,0.00020257,35.239818367736056,0.00049835,0,0.0
227,2.009828523109174,7.980241180672208,-0.00032169,1.053781742958659,1.4533862399266007,-26.115162365409486,-0.0023016062189381405,-2.0564739958944958,0.08577636837209619,-31.434051854821824,-0.845232402679053,17.648196988163566,1.5397792612636616,44.62788141173205,0.20689099899680946,-3.0850250225957705,0.00020257,0.20757350582368694,0.00049835,1,0.0
228,5.131584947148706,146.35412283902843,-0.00032169,1.053781742958659,1.4533862399266007,-55.42742773032592,-0.0023016062189381405,19.299729249218817,0.08577636837209619,-57.35272211571244,-0.845232402679053,-17.545316947792486,1.5397792612636616,100.0,0.20689099899680946,-49.83082961187081,0.00020257,0.21320810949291413,0.00049835,1,0.0
229,-3.0194410325254193,6.398537553433759,-0.00032169,1.053781742958659,1.4533862399266007,44.240768295790026,-0.0023016062189381405,26.046000786102734,0.08577636837209619,-66.14516702828533,-0.845232402679053,23.44281988726777,1.5397792612636616,-24.424493893187847,0.20689099899680946,15.965269880943364,0.00020257,19.474262840236964,0.00049835,0,0.0
230,1.7602157479427676,12.952393268840911,-0.00032169,1.053781742958659,1.4533862399266007,-42.03456024112733,-0.0023016062189381405,0.1723073737714278,0.08577636837209619,-86.27268495720833,-0.845232402679053,47.28119755381234,1.5397792612636616,84.172959849383,0.20689099899680946,-1.8615171780352218,0.00020257,0.7980565591363283,0.00049835,1,0.0
231,-0.05599628435154713,0.43153054891412507,-0.00032169,1.053781742958659,1.4533862399266007,28.797484569458923,-0.0023016062189381405,14.266218843094707,0.08577636837209619,-8.580097127333048,-0.845232402679053,-13.505875446980093,1.5397792612636616,-20.998295405121336,0.20689099899680946,0.4141479839250426,0.00020257,10.769687526498734,0.00049835,0,0.0
232,9.020318613792362,370.32098261940223,-0.00032169,1.053781742958659,1.4533862399266007,10.102236093732953,-0.0023016062189381405,7.36683267236131,0.08577636837209619,-100.0,-0.845232402679053,25.6830164569184,1.5397792612636616,78.9101020517216,0.20689099899680946,0.5037846511189201,0.00020257,52.1076564363274,0.00049835,0,0.0
233,0.016168494989078575,0.20455842556263656,-0.00032169,1.053781742958659,1.4533862399266007,23.229081334855408,-0.0023016062189381405,21.910290481764864,0.08577636837209619,-49.44129905277478,-0.845232402679053,3.902761293606289,1.5397792612636616,1.4249372942404752,0.20689099899680946,2.5612501650031794,0.00020257,13.304774957701952,0.00049835,0,0.0
234,0.8970642038671557,8.331037470751408,-0.00032169,1.053781742958659,1.4533862399266007,-27.037090961382916,-0.0023016062189381405,-3.4771035082424784,0.08577636837209619,-37.623276664130096,-0.845232402679053,25.17377873350861,1.5397792612636616,44.599736364045526,0.20689099899680946,-3.532159112773467,0.00020257,0.21690472687304752,0.00049835,1,0.0
235,-11.468641321170853,187.39453931193452,-0.00032169,1.053781742958659,1.4533862399266007,-9.529591778733288,-0.0023016062189381405,-16.352907098974274,0.08577636837209619,-12.013252356747781,-0.845232402679053,55.09598954654505,1.5397792612636616,-29.656853971898855,0.20689099899680946,-14.194712953572711,0.00020257,0.2948933697435363,0.00049835,1,0.0
236,4.749774674475746,74.13478523224101,-0.00032169,1.053781742958659,1.4533862399266007,-5.710236589726363,-0.0023016062189381405,30.19254823668715,0.08577636837209619,-71.50039497145815,-0.845232402679053,18.813670120496205,1.5397792612636616,39.79920653527677,0.20689099899680946,0.3930617098945106,0.00020257,26.238373700099608,0.00049835,0,0.0
237,8.431054830269392,82.45913346437821,-0.00032169,1.053781742958659,1.4533862399266007,29.402209350484522,-0.0023016062189381405,34.02731154005577,0.08577636837209619,-57.98575892541996,-0.845232402679053,-29.895383154956498,1.5397792612636616,34.6389289654815,0.20689099899680946,0.791202329274725,0.00020257,26.660860373967125,0.00049835,0,0.0
238,16.21994559414471,263.43965554380566,-0.00032169,1.053781742958659,1.4533862399266007,39.8436454567241,-0.0023016062189381405,48.385114297518115,0.08577636837209619,-4.628569544789185,-0.845232402679053,-91.24036589504432,1.5397792612636616,24.186552330288645,0.20689099899680946,0.43827659349330084,0.00020257,28.456776733305844,0.00049835,0,0.0
239,0.6868504631962227,0.8737998058087121,-0.00032169,1.053781742958659,1.4533862399266007,-16.742003050109325,-0.0023016062189381405,3.7891384465131,0.08577636837209619,-47.88488489164071,-0.845232402679053,23.49878857947219,1.5397792612636616,38.93047062222894,0.20689099899680946,0.29714876875846385,0.00020257,1.3751059625027207,0.00049835,0,0.0
240,3.5184997424492863,46.117820196926225,-0.00032169,1.053781742958659,1.4533862399266007,-77.09732274275152,-0.0023016062189381405,-26.012809168821097,0.08577636837209619,-14.370616143586847,-0.845232402679053,35.88782298694371,1.5397792612636616,86.04777673216974,0.20689099899680946,-20.95032888371921,0.00020257,0.0657742923927156,0.00049835,1,0.0
241,6.843178253208357,1621.6695864578783,-0.00032169,1.053781742958659,1.4533862399266007,70.112839518949,-0.0023016062189381405,-33.38997323087978,0.08577636837209619,-53.94068174225052,-0.845232402679053,75.4092929181051,1.5397792612636616,-7.054275048715476,0.20689099899680946,0.3589945237876009,0.00020257,143.88612297393044,0.00049835,0,0.0
242,-5.029220197420882,10.184348635675986,-0.00032169,1.053781742958659,1.4533862399266007,88.63514357432358,-0.0023016062189381405,36.72217382669082,0.08577636837209619,-51.207906247080274,-0.845232402679053,4.104656478966106,1.5397792612636616,-76.51991301375102,0.20689099899680946,17.76098158908595,0.00020257,31.763979571335753,0.00049835,0,0.0
243,5.423460760774919,20.58643720001453,-0.00032169,1.053781742958659,1.4533862399266007,-15.104792463888185,-0.0023016062189381405,18.133116734494337,0.08577636837209619,-77.52732990598436,-0.845232402679053,12.079786658106826,1.5397792612636616,69.0495255358576,0.20689099899680946,0.41812923713094996,0.00020257,9.436214049570532,0.00049835,0,0.0
244,-0.47313249524778467,1.1089011099569934,-0.00032169,1.053781742958659,1.4533862399266007,-3.8838201801501224,-0.0023016062189381405,3.8615661535457875,0.08577636837209619,-32.6910571688181,-0.845232402679053,20.763740455937448,1.5397792612636616,14.108016009950573,0.20689099899680946,1.4261453762918817,0.00020257,6.689569152761363,0.00049835,0,0.0
245,-2.661723145996313,67.20740874085702,-0.00032169,1.053781742958659,1.4533862399266007,-37.170779474548695,-0.0023016062189381405,-20.71754287845863,0.08577636837209619,-36.06300027188875,-0.845232402679053,45.512215313048884,1.5397792612636616,45.71048098907459,0.20689099899680946,-12.460719786816117,0.00020257,0.18308724487462502,0.00049835,1,0.0
246,-0.640222697420306,1.6107694329670497,-0.00032169,1.053781742958659,1.4533862399266007,83.9862168729658,-0.0023016062189381405,50.59030981784957,0.08577636837209619,-63.22867960214017,-0.845232402679053,-26.601393590044747,1.5397792612636616,-45.50821901607706,0.20689099899680946,0.3686975408961324,0.00020257,35.198453697876744,0.00049835,0,0.0
247,-3.9929076614497827,8.169982543112747,-0.00032169,1.053781742958659,1.4533862399266007,30.68667224464286,-0.0023016062189381405,16.31290886513729,0.08577636837209619,-63.16950161204957,-0.845232402679053,39.50835959749851,1.5397792612636616,-19.229675275883128,0.20689099899680946,11.864556260673849,0.00020257,22.420033880535257,0.00049835,0,0.0
248,16.70579088759122,613.8577181039377,-0.00032169,1.053781742958659,1.4533862399266007,68.72805713276232,-0.0023016062189381405,43.91211582667736,0.08577636837209619,-88.59268509595522,-0.845232402679053,-53.174052437244136,1.5397792612636616,55.323820648547205,0.20689099899680946,0.6121114279120832,0.00020257,69.15250322490245,0.00049835,0,0.0
249,17.119181625677278,252.14852416455662,-0.00032169,1.053781742958659,1.4533862399266007,-20.001075638747842,-0.0023016062189381405,21.152758253978714,0.08577636837209619,-4.4911989174389655,-0.845232402679053,-58.5137369310794,1.5397792612636616,80.03918579231838,0.20689099899680946,0.28362707521613384,0.00020257,9.739062647774812,0.00049835,0,0.0
250,-4.835722364513952,73.4638148123958,-0.00032169,1.053781742958659,1.4533862399266007,-46.922672438690846,-0.0023016062189381405,-10.038454026752495,0.08577636837209619,-92.99248909780661,-0.845232402679053,79.1223576621031,1.5397792612636616,67.10918888184194,0.20689099899680946,-8.839710148192793,0.00020257,0.24503652176933688,0.00049835,1,0.0
251,-0.10210903511929637,0.9544031113882445,-0.00032169,1.053781742958659,1.4533862399266007,62.47201895025981,-0.0023016062189381405,36.453954014283205,0.08577636837209619,-40.8118639443559,-0.845232402679053,-23.06533513338358,1.5397792612636616,-35.19225350493095,0.20689099899680946,0.3412238635926155,0.00020257,25.900649737001594,0.00049835,0,0.0
252,6.620649842199548,27.753436539417095,-0.00032169,1.053781742958659,1.4533862399266007,-30.062097238427885,-0.0023016062189381405,13.082070885658814,0.08577636837209619,-71.29505521916906,-0.845232402679053,13.682410408943188,1.5397792612636616,82.5518373705822,0.20689099899680946,0.2898696283107931,0.00020257,4.940468757988473,0.00049835,0,0.0
253,10.611932087953063,134.51988477462717,-0.00032169,1.053781742958659,1.4533862399266007,74.64843701295688,-0.0023016062189381405,64.72543603880436,0.08577636837209619,-89.51485856118235,-0.845232402679053,-56.10565362348234,1.5397792612636616,18.436815449043642,0.20689099899680946,0.6027582215554048,0.00020257,47.53081002324572,0.00049835,0,0.0
254,10.325796273099602,131.78188723905967,-0.00032169,1.053781742958659,1.4533862399266007,93.20873776622486,-0.0023016062189381405,85.94590075912976,0.08577636837209619,-80.85924606362238,-0.845232402679053,-76.23375826362238,1.5397792612636616,-11.927454998790473,0.20689099899680946,0.4408326213551561,0.00020257,49.34165991660578,0.00049835,0,0.0
255,1.7580508270712283,248.13231952282916,-0.00032169,1.053781742958659,1.4533862399266007,12.548353079944404,-0.0023016062189381405,-11.563957726201638,0.08577636837209619,-70.33516133521162,-0.845232402679053,59.05923318719276,1.5397792612636616,30.12164660212596,0.20689099899680946,0.2123574619009716,0.00020257,56.94402091845841,0.00049835,0,0.0
256,-2.6495483713442756,5.436784312857787,-0.00032169,1.053781742958659,1.4533862399266007,47.19828224944674,-0.0023016062189381405,27.879161417977414,0.08577636837209619,-59.991036709259184,-0.845232402679053,14.200812779331429,1.5397792612636616,-27.31782600774685,0.20689099899680946,12.814550452749351,0.00020257,19.483605936830543,0.00049835,0,0.0
257,-1.6299087960857235,233.60223834039323,-0.00032169,1.053781742958659,1.4533862399266007,84.47132431751214,-0.0023016062189381405,6.25715563944942,0.08577636837209619,-47.481881961036436,-0.845232402679053,14.815334714102327,1.5397792612636616,-46.380801867557565,0.20689099899680946,0.2956827467654648,0.00020257,65.3617144164289,0.00049835,0,0.0
258,-13.764492933681627,256.74230068375516,-0.00032169,1.053781742958659,1.4533862399266007,-26.480508281328916,-0.0023016062189381405,-33.67760195178352,0.08577636837209619,-19.49537858911092,-0.845232402679053,81.5032774445417,1.5397792612636616,-15.516383873674128,0.20689099899680946,-18.91482239353809,0.00020257,0.28081200413443064,0.00049835,1,0.0
259,2.2606495628166137,5.328810082839714,-0.00032169,1.053781742958659,1.4533862399266007,36.315304558953166,-0.0023016062189381405,34.85769829168133,0.08577636837209619,-59.43948688132796,-0.845232402679053,-12.538163573161263,1.5397792612636616,3.2461996553171484,0.20689099899680946,0.2805207903251361,0.00020257,21.06518108279743,0.00049835,0,0.0
260,7.811948234068668,305.0606622137973,-0.00032169,1.053781742958659,1.4533862399266007,-19.329924190350333,-0.0023016062189381405,-7.837217822748998,0.08577636837209619,-35.177941530248056,-0.845232402679053,42.99361225600127,1.5397792612636616,47.838397614078445,0.20689099899680946,0.22163768581437182,0.00020257,54.09278202810622,0.00049835,0,0.0
261,20.818765162776256,377.9397959775629,-0.00032169,1.053781742958659,1.4533862399266007,-26.091579123527396,-0.0023016062189381405,28.479134653007016,0.08577636837209619,-9.788163402458816,-0.845232402679053,-68.67546074894562,1.5397792612636616,98.52170607557707,0.20689099899680946,0.3375707762933926,0.00020257,12.583333105908832,0.00049835,0,0.0
262,-0.06595678676788452,0.40017101712784175,-0.00032169,1.053781742958659,1.4533862399266007,24.7368658154759,-0.0023016062189381405,19.686153908053832,0.08577636837209619,-38.8723375813686,-0.845232402679053,0.13590638964515483,1.5397792612636616,-4.804969300582027,0.20689099899680946,2.5628476549534795,0.00020257,12.535857592743117,0.00049835,0,0.0
263,1.4458879056340854,17.004396789591553,-0.00032169,1.053781742958659,1.4533862399266007,-55.70582899095694,-0.0023016062189381405,-1.4317825639306705,0.08577636837209619,-99.19144513842048,-0.845232402679053,59.25272367398605,1.5397792612636616,99.8241016962767,0.20689099899680946,-5.6912113821006365,0.00020257,0.22443658237497166,0.00049835,1,0.0
264,-3.8104679285049525,8.055305498984902,-0.00032169,1.053781742958659,1.4533862399266007,29.33177994216266,-0.0023016062189381405,9.77250005104007,0.08577636837209619,-33.69770426212923,-0.845232402679053,28.96027247139877,1.5397792612636616,-30.704664766035155,0.20689099899680946,8.196018153645909,0.00020257,21.206560054967973,0.00049835,0,0.0
265,2.560540011743665,16.397883775044225,-0.00032169,1.053781742958659,1.4533862399266007,83.7495999773175,-0.0023016062189381405,47.38095305866925,0.08577636837209619,-23.522487808990483,-0.845232402679053,-52.911950982782706,1.5397792612636616,-52.465236173943744,0.20689099899680946,0.3273540774703747,0.00020257,33.256252928686486,0.00049835,0,0.0
266,0.7112229900603029,0.4110286063753462,-0.00032169,1.053781742958659,1.4533862399266007,8.655605260327464,-0.0023016062189381405,13.039227879118522,0.08577636837209619,-31.29593151493363,-0.845232402679053,1.741951342893632,1.5397792612636616,8.793028987715077,0.20689099899680946,0.25450352324813874,0.00020257,7.1797373665933195,0.00049835,0,0.0
267,10.079018809892265,128.6039290132277,-0.00032169,1.053781742958659,1.4533862399266007,80.28492560561865,-0.0023016062189381405,68.04741002726806,0.08577636837209619,-35.385332719382774,-0.845232402679053,-81.67400153308513,1.5397792612636616,-21.603099336008764,0.20689099899680946,0.25964919991534785,0.00020257,39.503238798785446,0.00049835,0,0.0
268,5.2891025851075355,116.08191977984117,-0.00032169,1.053781742958659,1.4533862399266007,82.58890494944599,-0.0023016062189381405,28.067416562002624,0.08577636837209619,-0.7879554291550626,-0.845232402679053,-55.651082477525755,1.5397792612636616,-44.81824368641667,0.20689099899680946,0.5168912541443689,0.00020257,43.071300328437204,0.00049835,0,0.0
269,-5.968042524259907,20.06983803789144,-0.00032169,1.053781742958659,1.4533862399266007,59.97792674001028,-0.0023016062189381405,22.86375597172093,0.08577636837209619,-84.79507354807149,-0.845232402679053,47.642841546599655,1.5397792612636616,-40.291159553985196,0.20689099899680946,17.496381848685772,0.00020257,35.73357981619852,0.00049835,0,0.0
270,4.471215912564999,32.37073437907799,-0.00032169,1.053781742958659,1.4533862399266007,-57.96551618692412,-0.0023016062189381405,-9.823158667923828,0.08577636837209619,-30.093593021676007,-0.845232402679053,23.510579992926566,1.5397792612636616,79.19171108878291,0.20689099899680946,-13.016643593281032,0.00020257,-0.04648401239219435,0.00049835,1,0.0
271,-5.250644242431964,68.58867935271059,-0.00032169,1.053781742958659,1.4533862399266007,85.63030959641164,-0.0023016062189381405,52.99632080067413,0.08577636837209619,-55.044366195843835,-0.845232402679053,2.504615860963047,1.5397792612636616,-85.06926260342765,0.20689099899680946,13.551708196945393,0.00020257,34.5073974615086,0.00049835,0,0.0
272,-6.232441553760868,12.601417646305752,-0.00032169,1.053781742958659,1.4533862399266007,30.473720534635344,-0.0023016062189381405,4.984124516719399,0.08577636837209619,-42.51110204239053,-0.845232402679053,51.88420997760849,1.5397792612636616,-39.58809233128582,0.20689099899680946,6.442577029269195,0.00020257,32.227753470502066,0.00049835,0,0.0
273,22.04694283692878,771.3780994321817,-0.00032169,1.053781742958659,1.4533862399266007,7.1005921968073435,-0.0023016062189381405,61.17791915736997,0.08577636837209619,-7.8182227965749735,-0.845232402679053,-80.51664478599335,1.5397792612636616,50.83120426918621,0.20689099899680946,0.49628283899214765,0.00020257,43.57709143646936,0.00049835,0,0.0
274,9.41635167904361,133.19021976526216,-0.00032169,1.053781742958659,1.4533862399266007,-17.748738684841655,-0.0023016062189381405,17.892975646916582,0.08577636837209619,-26.30938638316876,-0.845232402679053,-9.576754625259314,1.5397792612636616,50.915274060587755,0.20689099899680946,0.16576063409420172,0.00020257,18.505889350293273,0.00049835,0,0.0
275,-9.229967115223472,151.79034425699138,-0.00032169,1.053781742958659,1.4533862399266007,-39.053638092742645,-0.0023016062189381405,-34.48168900181103,0.08577636837209619,-2.80452904377651,-0.845232402679053,64.16041002005846,1.5397792612636616,3.16706325494336,0.20689099899680946,-20.93673570688156,0.00020257,0.17351621703836528,0.00049835,1,0.0
276,-6.500623438489871,150.4775341890432,-0.00032169,1.053781742958659,1.4533862399266007,40.313895172225024,-0.0023016062189381405,-16.142405945002483,0.08577636837209619,-57.99488746118522,-0.845232402679053,77.69163975772548,1.5397792612636616,-31.21913172153273,0.20689099899680946,0.4946068398005714,0.00020257,61.27223579569454,0.00049835,0,0.0
277,-0.39746726915647645,1.047153241057227,-0.00032169,1.053781742958659,1.4533862399266007,-9.455101751512366,-0.0023016062189381405,4.3065645092899985,0.08577636837209619,-43.693889253496195,-0.845232402679053,28.432528067380513,1.5397792612636616,23.284328174079764,0.20689099899680946,0.5137620750705145,0.00020257,8.40939960973377,0.00049835,0,0.0
278,-8.897983083282542,18.11995313364464,-0.00032169,1.053781742958659,1.4533862399266007,45.57957066355263,-0.0023016062189381405,-5.500947898001244,0.08577636837209619,-4.127533737190723,-0.845232402679053,52.2754429298945,1.5397792612636616,-82.26696919490938,0.20689099899680946,3.311396666729543,0.00020257,43.050501207915396,0.00049835,0,0.0
279,-4.1430830444355315,11.972489085951345,-0.00032169,1.053781742958659,1.4533862399266007,29.70680618790727,-0.0023016062189381405,23.360493447441698,0.08577636837209619,-78.61743532646828,-0.845232402679053,46.2784702764379,1.5397792612636616,-15.96675369799349,0.20689099899680946,11.862154591361328,0.00020257,25.69282471039426,0.00049835,0,0.0
280,-1.3974640447131357,448.52846270210176,-0.00032169,1.053781742958659,1.4533862399266007,66.56634033356634,-0.0023016062189381405,59.22460296155871,0.08577636837209619,-99.38958678636683,-0.845232402679053,72.3047628692328,1.5397792612636616,-68.31472421378699,0.20689099899680946,13.956019850251067,0.00020257,99.09327324658862,0.00049835,0,0.0
281,-8.80407224683008,166.14843341853333,-0.00032169,1.053781742958659,1.4533862399266007,-60.72030986011543,-0.0023016062189381405,-44.06246446827611,0.08577636837209619,-0.6029763254887639,-0.845232402679053,74.61326878893023,1.5397792612636616,22.38611094400017,0.20689099899680946,-28.021090047212063,0.00020257,0.14136576117760313,0.00049835,1,0.0
282,1.760436843067648,24.576883404702897,-0.00032169,1.053781742958659,1.4533862399266007,-56.92115695924004,-0.0023016062189381405,-10.373626292221195,0.08577636837209619,-65.98654909869524,-0.845232402679053,48.960355529201145,1.5397792612636616,87.40793260420328,0.20689099899680946,-9.110265044469733,0.00020257,0.11750937008135232,0.00049835,1,0.0
283,10.328332904077675,74.38286215953492,-0.00032169,1.053781742958659,1.4533862399266007,-39.214781073484765,-0.0023016062189381405,10.106286848979513,0.08577636837209619,-1.1486838550495269,-0.845232402679053,-51.14717791805568,1.5397792612636616,80.56240702730767,0.20689099899680946,-33.06043857798878,0.00020257,-0.11184444050068265,0.00049835,1,0.0
284,2.744960816970373,20.523796076715797,-0.00032169,1.053781742958659,1.4533862399266007,-48.02739743261463,-0.0023016062189381405,-8.563773377971092,0.08577636837209619,-40.95908280962204,-0.845232402679053,30.574439070015963,1.5397792612636616,70.63202693148601,0.20689099899680946,-8.675187348185855,0.00020257,0.16024046080338206,0.00049835,1,0.0
285,5.075491382550736,152.5059829991979,-0.00032169,1.053781742958659,1.4533862399266007,71.30630502675962,-0.0023016062189381405,18.85421394216449,0.08577636837209619,-6.360890473862344,-0.845232402679053,-40.03181983556283,1.5397792612636616,-32.39842234335742,0.20689099899680946,0.4628989527697911,0.00020257,44.78712340468966,0.00049835,0,0.0
286,10.278597604162016,97.41367938572672,-0.00032169,1.053781742958659,1.4533862399266007,23.909850304538832,-0.0023016062189381405,38.78557928627886,0.08577636837209619,-40.800893880495124,-0.845232402679053,-44.85057965852834,1.5397792612636616,33.7660747888779,0.20689099899680946,0.3976581852397487,0.00020257,22.086760087649992,0.00049835,0,0.0
287,12.292606507508655,203.71445554771373,-0.00032169,1.053781742958659,1.4533862399266007,84.23138487726601,-0.0023016062189381405,83.39855637387296,0.08577636837209619,-53.44935926040781,-0.845232402679053,-88.79991865640802,1.5397792612636616,-13.223494367222253,0.20689099899680946,0.28284968290760304,0.00020257,45.436932809559856,0.00049835,0,0.0
288,0.5552817249309867,0.01165852473736873,-0.00032169,1.053781742958659,1.4533862399266007,-9.14873583487902,-0.0023016062189381405,10.388513787292533,0.08577636837209619,-55.33399620802874,-0.845232402679053,21.538367892775632,1.5397792612636616,34.02073969581919,0.20689099899680946,0.33593509225043894,0.00020257,4.773383883743703,0.00049835,0,0.0
289,-0.7379560846971494,151.681598139316,-0.00032169,1.053781742958659,1.4533862399266007,39.824896974562336,-0.0023016062189381405,29.304450229583193,0.08577636837209619,-19.7377538208307,-0.845232402679053,21.63177789856483,1.5397792612636616,-56.27085158900993,0.20689099899680946,3.6638234994670036,0.00020257,51.25670968175015,0.00049835,0,0.0
290,-1.2168296354077608,49.57916001648317,-0.00032169,1.053781742958659,1.4533862399266007,-58.3316217906452,-0.0023016062189381405,-29.813540080484636,0.08577636837209619,-1.6946466933664883,-0.845232402679053,41.560345965160415,1.5397792612636616,47.79891304731987,0.20689099899680946,-20.13072024096889,0.00020257,0.23687738764160748,0.00049835,1,0.0
291,-5.691130484032513,23.996710535181254,-0.00032169,1.053781742958659,1.4533862399266007,69.28432316666104,-0.0023016062189381405,28.53299628206371,0.08577636837209619,-96.5644543573405,-0.845232402679053,48.485183836679624,1.5397792612636616,-42.646095193252044,0.20689099899680946,20.765173692221992,0.00020257,40.71151441425183,0.00049835,0,0.0
292,5.734677788391798,27.264751667117658,-0.00032169,1.053781742958659,1.4533862399266007,-0.4054144138980844,-0.0023016062189381405,15.886033936078157,0.08577636837209619,-27.653300152546908,-0.845232402679053,-14.833473440771037,1.5397792612636616,33.301676191495226,0.20689099899680946,0.3526207437102524,0.00020257,8.41315824770541,0.00049835,0,0.0
293,-6.002892345136806,79.15962798665555,-0.00032169,1.053781742958659,1.4533862399266007,64.8543364101108,-0.0023016062189381405,0.4527119347758711,0.08577636837209619,-35.34977868169377,-0.845232402679053,35.2904344665155,1.5397792612636616,-59.07901634778691,0.20689099899680946,4.639913928018963,0.00020257,46.82590882619423,0.00049835,0,0.0
294,3.2021265025646954,15.517122450794696,-0.00032169,1.053781742958659,1.4533862399266007,57.354303572445005,-0.0023016062189381405,41.96961796061145,0.08577636837209619,-41.171378362140494,-0.845232402679053,-35.04229204062203,1.5397792612636616,-20.04527955396407,0.20689099899680946,0.2428263640356434,0.00020257,26.753518457419823,0.00049835,0,0.0
295,-1.3068849124194433,2.937413500875346,-0.00032169,1.053781742958659,1.4533862399266007,79.46165318863603,-0.0023016062189381405,33.17052423559797,0.08577636837209619,-8.67944555485127,-0.845232402679053,-37.13558918242006,1.5397792612636616,-68.24121471943042,0.20689099899680946,0.44404060974404125,0.00020257,27.381980916258016,0.00049835,0,0.0
296,-1.604619516857202,3.505715568067476,-0.00032169,1.053781742958659,1.4533862399266007,82.13846039103964,-0.0023016062189381405,51.86702211474971,0.08577636837209619,-86.22974758727203,-0.845232402679053,-8.270249163846454,1.5397792612636616,-38.83611772062824,0.20689099899680946,6.4661676281938725,0.00020257,35.94992970487763,0.00049835,0,0.0
297,-1.3569833655926438,67.16331675860786,-0.00032169,1.053781742958659,1.4533862399266007,-75.41972931367938,-0.0023016062189381405,-24.33727975209819,0.08577636837209619,-32.56435487199316,-0.845232402679053,57.30922944840244,1.5397792612636616,73.38533842425092,0.20689099899680946,-24.83559669036041,0.00020257,-0.44872094211972957,0.00049835,1,0.0
298,-5.784147694760553,11.725090784523754,-0.00032169,1.053781742958659,1.4533862399266007,65.91857830655228,-0.0023016062189381405,13.006492642798065,0.08577636837209619,-2.150417739366527,-0.845232402679053,8.815429338684233,1.5397792612636616,-83.3898571605233,0.20689099899680946,12.749079198105568,0.00020257,26.107426673651624,0.00049835,0,0.0
299,0.005400222575531188,0.3771468799290455,-0.00032169,1.053781742958659,1.4533862399266007,62.52957521751202,-0.0023016062189381405,44.53121589466987,0.08577636837209619,-71.74168157396456,-0.845232402679053,-14.110157792919678,1.5397792612636616,-21.115258964188833,0.20689099899680946,0.4208413470093699,0.00020257,29.41673590304923,0.00049835,0,0.0
300,0.48890570885788565,0.12650872994292192,-0.00032169,1.1211449964209517,4.787338469101568,100.0,-0.0023016062189381405,62.422473560418595,0.08577636837209619,-71.53785972428979,-0.845232402679053,27.363200761382917,1.5397792612636616,-19.21921195293922,0.20689099899680946,0.3252559303630035,0.00020257,1.0777552347811064,0.00049835,0,0.0
301,0.010808860392320874,0.049166570126128,-0.00032169,1.1211449964209517,4.787338469101568,-18.75137444967867,-0.0023016062189381405,22.98686950358379,0.08577636837209619,-68.58370377947922,-0.845232402679053,-6.692095538984906,1.5397792612636616,30.062353887383196,0.20689099899680946,-0.11339888370153897,0.00020257,0.1296032719102715,0.00049835,1,0.0
302,0.34864927096185955,0.3038689193022862,-0.00032169,1.1211449964209517,4.787338469101568,27.626317968124727,-0.0023016062189381405,43.03390396865658,0.08577636837209619,-10.952760216131907,-0.845232402679053,-19.51002050596018,1.5397792612636616,-9.488353349153588,0.20689099899680946,0.058561428627842554,0.00020257,0.3870811581943966,0.00049835,0,0.0
303,0.6856524798312011,0.18082584932416831,-0.00032169,1.1211449964209517,4.787338469101568,80.72025236111797,-0.0023016062189381405,51.502836618047276,0.08577636837209619,-31.52506891838916,-0.845232402679053,-53.619261609865745,1.5397792612636616,-5.703471818387997,0.20689099899680946,0.3350878002423114,0.00020257,0.9835276228203387,0.00049835,0,0.0
304,0.11301808016947434,0.02253975340100872,-0.00032169,1.1211449964209517,4.787338469101568,-41.20015783550081,-0.0023016062189381405,19.71264864590894,0.08577636837209619,-87.89278430840926,-0.845232402679053,8.472569443648249,1.5397792612636616,54.766903313732286,0.20689099899680946,-0.1008194194112188,0.00020257,0.10188463382039445,0.00049835,1,0.0
305,0.15273949891986785,0.045594214433797894,-0.00032169,1.1211449964209517,4.787338469101568,-9.989111223637996,-0.0023016062189381405,9.697878447641887,0.08577636837209619,-15.270015287284858,-0.845232402679053,-49.95497258398628,1.5397792612636616,19.599361065280927,0.20689099899680946,-0.0077882835871581485,0.00020257,0.09326041250089008,0.00049835,1,0.0
306,-0.00019268743962691515,0.07466862888149917,-0.00032169,1.1211449964209517,4.787338469101568,12.33761753724102,-0.0023016062189381405,9.730056365705254,0.08577636837209619,-25.267320161478047,-0.845232402679053,91.43801689032341,1.5397792612636616,-7.630182745421776,0.20689099899680946,0.044265491377225616,0.00020257,0.1106175288902931,0.00049835,0,0.0
307,0.0980910038485815,0.0019960205234431467,-0.00032169,1.1211449964209517,4.787338469101568,-18.986629194804575,-0.0023016062189381405,1.095064370426285,0.08577636837209619,-21.587966115466966,-0.845232402679053,24.14962616750379,1.5397792612636616,20.815466688365888,0.20689099899680946,-0.011738685922928989,0.00020257,0.011879620061854106,0.00049835,1,0.0
308,0.20496016135861972,0.07432718207048403,-0.00032169,1.1211449964209517,4.787338469101568,-34.47718140082409,-0.0023016062189381405,-17.865629440094782,0.08577636837209619,-12.714512093762986,-0.845232402679053,92.81612718104869,1.5397792612636616,32.228115394481634,0.20689099899680946,-0.12073543180382354,0.00020257,0.11986603767400225,0.00049835,1,0.0
309,0.3343413028652158,0.1844113289578694,-0.00032169,1.1211449964209517,4.787338469101568,4.951690480189665,-0.0023016062189381405,32.318063960115126,0.08577636837209619,-34.69890942807723,-0.845232402679053,-91.73469155427117,1.5397792612636616,24.14557321615484,0.20689099899680946,0.03896440348988392,0.00020257,0.34603241782450533,0.00049835,0,0.0
310,0.476962536110126,0.15736064665780128,-0.00032169,1.1211449964209517,4.787338469101568,81.04678909638112,-0.0023016062189381405,33.47032074026417,0.08577636837209619,-12.577537968912377,-0.845232402679053,88.58769979581986,1.5397792612636616,-30.685854088494764,0.20689099899680946,0.3848873945036916,0.00020257,0.7091668218436723,0.00049835,0,0.0
311,0.15350133968092394,0.004052058450716219,-0.00032169,1.1211449964209517,4.787338469101568,-37.07515489034787,-0.0023016062189381405,11.104916300043909,0.08577636837209619,-59.97790115362299,-0.845232402679053,23.022174173426755,1.5397792612636616,44.82644853228062,0.20689099899680946,-0.04266003692591087,0.00020257,0.042789131767344245,0.00049835,1,0.0
312,0.45491631836847807,0.0852117182050175,-0.00032169,1.1211449964209517,4.787338469101568,-64.78728398027269,-0.0023016062189381405,-5.0715535631855815,0.08577636837209619,-36.01369141401115,-0.845232402679053,92.24564543800169,1.5397792612636616,62.974339443544594,0.20689099899680946,-0.1307836020741322,0.00020257,0.13175018348410178,0.00049835,1,0.0
313,0.6282014148466468,0.33429631323251774,-0.00032169,1.1211449964209517,4.787338469101568,-64.84714344745072,-0.0023016062189381405,23.771367611795437,0.08577636837209619,-27.650323418434592,-0.845232402679053,73.3899773076201,1.5397792612636616,54.41082071341544,0.20689099899680946,-0.29683429772226505,0.00020257,0.3018646812304229,0.00049835,1,0.0
314,0.19540093533581004,0.08902111384884959,-0.00032169,1.1211449964209517,4.787338469101568,-42.425392490526434,-0.0023016062189381405,36.60678721464444,0.08577636837209619,-85.87260815098936,-0.845232402679053,-75.31137466190215,1.5397792612636616,57.99570179923559,0.20689099899680946,-0.179594479367995,0.00020257,0.17992867917815458,0.00049835,1,0.0
315,0.0007923954451302673,0.14169258988965278,-0.00032169,1.1211449964209517,4.787338469101568,20.351176077835976,-0.0023016062189381405,27.570548429792872,0.08577636837209619,-40.32909131852227,-0.845232402679053,8.262093638854656,1.5397792612636616,-5.019582448955,0.20689099899680946,-0.01484266777432508,0.00020257,0.24098615489589487,0.00049835,1,0.0
316,0.6425762179332053,0.3446155138551133,-0.00032169,1.1211449964209517,4.787338469101568,23.880399456460317,-0.0023016062189381405,49.524674378553264,0.08577636837209619,-87.56907510717235,-0.845232402679053,-91.97763500634412,1.5397792612636616,48.61590689419585,0.20689099899680946,0.14336004505706212,0.00020257,0.8573381533675782,0.00049835,0,0.0
317,0.0004478514977160272,0.0014199984419992998,-0.00032169,1.1211449964209517,4.787338469101568,-13.097462441919106,-0.0023016062189381405,4.260092824956958,0.08577636837209619,-36.62056899406971,-0.845232402679053,49.83938403217205,1.5397792612636616,16.04962375080219,0.20689099899680946,-0.016176310090427803,0.00020257,0.017611611346242444,0.00049835,1,0.0
318,0.12704155534195513,0.05685738518470472,-0.00032169,1.1211449964209517,4.787338469101568,-40.82428986511322,-0.0023016062189381405,-9.991671209777202,0.08577636837209619,-52.905909551319574,-0.845232402679053,68.89009216700832,1.5397792612636616,48.42696171093554,0.20689099899680946,-0.0860481496748422,0.00020257,0.08515482922622783,0.00049835,1,0.0
319,0.7708510863249296,0.20376810628304626,-0.00032169,1.1211449964209517,4.787338469101568,49.18608112416434,-0.0023016062189381405,50.14007398352749,0.08577636837209619,-62.31557801263216,-0.845232402679053,8.947608006282337,1.5397792612636616,21.746956728896222,0.20689099899680946,0.3494877431645462,0.00020257,0.8825879414720199,0.00049835,0,0.0
320,0.25238641597065015,0.21053589920123436,-0.00032169,1.1211449964209517,4.787338469101568,77.15707378166245,-0.0023016062189381405,44.2198982691993,0.08577636837209619,-25.774418464674113,-0.845232402679053,18.846963259690675,1.5397792612636616,-33.32719691532124,0.20689099899680946,0.22782045917990182,0.00020257,0.6293606635605065,0.00049835,0,0.0
321,0.7362635100689869,0.18636200576476683,-0.00032169,1.1211449964209517,4.787338469101568,90.23142136495976,-0.0023016062189381405,88.71784630797066,0.08577636837209619,-95.81554448864917,-0.845232402679053,-76.7431111260269,1.5397792612636616,6.1367912081672795,0.20689099899680946,0.312836687242912,0.00020257,1.2413706160538898,0.00049835,0,0.0
322,0.1784441741368509,0.003947055424540467,-0.00032169,1.1211449964209517,4.787338469101568,-42.980003443172315,-0.0023016062189381405,10.220341636820988,0.08577636837209619,-66.76714339490678,-0.845232402679053,33.21907841284962,1.5397792612636616,51.43429666289958,0.20689099899680946,-0.03553619124195499,0.00020257,0.035731251036964645,0.00049835,1,0.0
323,0.2665244765840913,0.00737786272474782,-0.00032169,1.1211449964209517,4.787338469101568,-33.920012658736425,-0.0023016062189381405,3.8150516761858735,0.08577636837209619,-14.733069271483492,-0.845232402679053,-46.3682318307523,1.5397792612636616,38.53984990496199,0.20689099899680946,-0.008874856791348647,0.00020257,0.009024023561112229,0.00049835,1,0.0
324,0.7496372929180553,0.2508267980579282,-0.00032169,1.1211449964209517,4.787338469101568,-29.761616314063883,-0.0023016062189381405,36.096259985509185,0.08577636837209619,-59.941482493805964,-0.845232402679053,-87.79951817419176,1.5397792612636616,70.94801446376053,0.20689099899680946,0.14130919466266617,0.00020257,0.41568429424554637,0.00049835,0,0.0
325,0.5496935696072475,0.13175059794108074,-0.00032169,1.1211449964209517,4.787338469101568,-76.65201423661439,-0.0023016062189381405,-13.422141039378825,0.08577636837209619,-28.822766256035692,-0.845232402679053,57.82270006398854,1.5397792612636616,77.65840476380731,0.20689099899680946,-0.13737224916566168,0.00020257,0.13741477685324463,0.00049835,1,0.0
326,0.4428868648856641,0.021020077979904316,-0.00032169,1.1211449964209517,4.787338469101568,-79.7208480177464,-0.0023016062189381405,13.940908375606133,0.08577636837209619,-87.6029845303063,-0.845232402679053,-28.637247808514974,1.5397792612636616,95.65140715876473,0.20689099899680946,-0.04802508960809796,0.00020257,0.04913573063492498,0.00049835,1,0.0
327,0.4782038474109075,0.05970191454019226,-0.00032169,1.1211449964209517,4.787338469101568,-48.792593415973286,-0.0023016062189381405,18.058034089646643,0.08577636837209619,-12.875964483533343,-0.845232402679053,-88.54466772652182,1.5397792612636616,51.83598708235664,0.20689099899680946,-0.10770683756032191,0.00020257,0.11219210388433619,0.00049835,1,0.0
328,0.35737793665570355,0.039928290367553715,-0.00032169,1.1211449964209517,4.787338469101568,-66.58139947048339,-0.0023016062189381405,10.57851659542522,0.08577636837209619,-71.85456395763775,-0.845232402679053,-86.29965930426944,1.5397792612636616,85.47164203241414,0.20689099899680946,-0.09921957522939379,0.00020257,0.09998797736247794,0.00049835,1,0.0
329,0.3760861916301107,0.10825922050051627,-0.00032169,1.1211449964209517,4.787338469101568,99.94809604929132,-0.0023016062189381405,55.19303372916551,0.08577636837209619,-74.03281626833687,-0.845232402679053,99.3191055073494,1.5397792612636616,-27.331073446699346,0.20689099899680946,0.33535438035709186,0.00020257,0.9862391656754802,0.00049835,0,0.0
330,0.1874802196306877,0.14761479786854903,-0.00032169,1.1211449964209517,4.787338469101568,-15.579107478887464,-0.0023016062189381405,32.430914964095784,0.08577636837209619,-100.0,-0.845232402679053,69.97199645583518,1.5397792612636616,40.40346781516043,0.20689099899680946,0.011043325224707329,0.00020257,0.2782349661568475,0.00049835,0,0.0
331,0.5284284430013936,0.1518098091659303,-0.00032169,1.1211449964209517,4.787338469101568,73.15811891351785,-0.0023016062189381405,44.65259845620499,0.08577636837209619,-46.078498074966895,-0.845232402679053,78.43487928357429,1.5397792612636616,-13.376678178261523,0.20689099899680946,0.36371963969822596,0.00020257,0.7967803681259721,0.00049835,0,0.0
332,0.5407540522252725,0.19368840459595782,-0.00032169,1.1211449964209517,4.787338469101568,100.0,-0.0023016062189381405,63.88657433117684,0.08577636837209619,-14.412246406395077,-0.845232402679053,-34.89975380213596,1.5397792612636616,-38.61158841382585,0.20689099899680946,0.3505346188180468,0.00020257,0.872116263438878,0.00049835,0,0.0
333,0.13620321869466345,0.005428839878665454,-0.00032169,1.1211449964209517,4.787338469101568,-42.07608266530939,-0.0023016062189381405,13.126765419516625,0.08577636837209619,-79.04307529939662,-0.845232402679053,54.8346060018008,1.5397792612636616,50.98006659006338,0.20689099899680946,-0.05110264424976577,0.00020257,0.05134598991571163,0.00049835,1,0.0
334,0.0012275536329568529,0.004708125796453886,-0.00032169,1.1211449964209517,4.787338469101568,-11.079101660887925,-0.0023016062189381405,-3.5333298911835156,0.08577636837209619,-24.992873156472154,-0.845232402679053,94.46211660680115,1.5397792612636616,9.31046837978063,0.20689099899680946,-0.040128712942727185,0.00020257,0.04000022430960122,0.00049835,1,0.0
335,0.0003242328341290235,0.14329684675864388,-0.00032169,1.1211449964209517,4.787338469101568,-3.1678073079399685,-0.0023016062189381405,30.20795667306466,0.08577636837209619,-86.54611731746981,-0.845232402679053,12.165427756168569,1.5397792612636616,25.64765702174582,0.20689099899680946,-0.07731209722074148,0.00020257,0.2643100869325288,0.00049835,1,0.0
336,0.6120719089152168,0.1487311598221352,-0.00032169,1.1211449964209517,4.787338469101568,-88.15583082146827,-0.0023016062189381405,-11.395490293589356,0.08577636837209619,-43.62990114337755,-0.845232402679053,82.75568965800088,1.5397792612636616,89.48168547961892,0.20689099899680946,-0.14622406293793808,0.00020257,0.1479840275049811,0.00049835,1,0.0
337,0.361066768425203,0.015482384118781702,-0.00032169,1.1211449964209517,4.787338469101568,-71.74751280309862,-0.0023016062189381405,14.339430414130545,0.08577636837209619,-90.37712190318747,-0.845232402679053,-8.905088155357564,1.5397792612636616,86.9970620338765,0.20689099899680946,-0.05578559022486606,0.00020257,0.05616267484094708,0.00049835,1,0.0
338,0.00214320392033443,0.03557048303851473,-0.00032169,1.1211449964209517,4.787338469101568,-1.3450681419604693,-0.0023016062189381405,18.149437544792168,0.08577636837209619,-20.349401396875766,-0.845232402679053,-53.811843611082665,1.5397792612636616,6.134594949902561,0.20689099899680946,-0.09718907145086446,0.00020257,0.09770647701759079,0.00049835,1,0.0
339,0.34286709092232154,0.060389615551969894,-0.00032169,1.1211449964209517,4.787338469101568,-59.13128535101749,-0.0023016062189381405,33.326182830124225,0.08577636837209619,-86.30604680606928,-0.845232402679053,-75.82472782096235,1.5397792612636616,75.07814512377466,0.20689099899680946,-0.1461614141389716,0.00020257,0.15362018286906548,0.00049835,1,0.0
340,0.1792099772976441,0.009144221219534438,-0.00032169,1.1211449964209517,4.787338469101568,-45.42280340956822,-0.0023016062189381405,15.811840212459245,0.08577636837209619,-79.03908063125755,-0.845232402679053,49.52547281275031,1.5397792612636616,53.78609376332593,0.20689099899680946,-0.06309779143655626,0.00020257,0.06308028782530935,0.00049835,1,0.0
341,0.5204032644841871,0.02359704394376313,-0.00032169,1.1211449964209517,4.787338469101568,-73.80441011972033,-0.0023016062189381405,11.950137724499978,0.08577636837209619,-51.295609073021595,-0.845232402679053,-78.43961498361114,1.5397792612636616,85.75762042872975,0.20689099899680946,-0.028667623413197545,0.00020257,0.02903932529118827,0.00049835,1,0.0
342,0.00138849724111334,0.1741084352914797,-0.00032169,1.1211449964209517,4.787338469101568,56.01209838377369,-0.0023016062189381405,22.89678393222443,0.08577636837209619,-3.087287686557074,-0.845232402679053,-26.431280114873562,1.5397792612636616,-32.360315050596675,0.20689099899680946,0.06845444661644265,0.00020257,0.36199218157549484,0.00049835,0,0.0
343,0.0006939068255913533,0.07278824518122483,-0.00032169,1.1211449964209517,4.787338469101568,15.848537195513071,-0.0023016062189381405,11.534791662888948,0.08577636837209619,-14.904251227808683,-0.845232402679053,36.58790246746441,1.5397792612636616,-9.548187478611775,0.20689099899680946,0.0310153998030736,0.00020257,0.11686350009243013,0.00049835,0,0.0
344,0.0005993281037539322,0.027052951065913117,-0.00032169,1.1211449964209517,4.787338469101568,-1.7567945893363859,-0.0023016062189381405,12.597125327090415,0.08577636837209619,-24.047705470320867,-0.845232402679053,8.641058758711509,1.5397792612636616,4.719416404928379,0.20689099899680946,-0.05014945562165396,0.00020257,0.07391212600466007,0.00049835,1,0.0
345,0.712659042169905,0.2584972140363115,-0.00032169,1.1211449964209517,4.787338469101568,54.6880450524036,-0.0023016062189381405,54.88441985583791,0.08577636837209619,-32.38536486377545,-0.845232402679053,60.979593686687835,1.5397792612636616,-6.035648642684505,0.20689099899680946,0.395517013101379,0.00020257,0.6738260092206079,0.00049835,0,0.0
346,0.4344258748192855,0.11548412346130371,-0.00032169,1.1211449964209517,4.787338469101568,99.81518896516744,-0.0023016062189381405,65.6382211597147,0.08577636837209619,-90.4388189913104,-0.845232402679053,71.23210380475676,1.5397792612636616,-19.064608384246583,0.20689099899680946,0.32568237531720823,0.00020257,1.0768904530151653,0.00049835,0,0.0
347,0.5229577479430784,0.10603121045348615,-0.00032169,1.1211449964209517,4.787338469101568,-69.42441519046744,-0.0023016062189381405,-8.919094712443542,0.08577636837209619,-24.22229733964623,-0.845232402679053,57.21937732838084,1.5397792612636616,68.5106168844313,0.20689099899680946,-0.13305019806029653,0.00020257,0.1338137447667682,0.00049835,1,0.0
348,0.4391300038587589,0.12814890582692176,-0.00032169,1.1211449964209517,4.787338469101568,99.80307808792753,-0.0023016062189381405,46.96121897174791,0.08577636837209619,-32.334103057892165,-0.845232402679053,40.85270363171772,1.5397792612636616,-33.724039335083944,0.20689099899680946,0.3446817077307722,0.00020257,0.9144242526369522,0.00049835,0,0.0
349,0.5411747026397766,0.1379638002205049,-0.00032169,1.1211449964209517,4.787338469101568,99.08566616437673,-0.0023016062189381405,61.263739051186164,0.08577636837209619,-58.55738762404208,-0.845232402679053,-8.436704172465138,1.5397792612636616,-18.08336613897306,0.20689099899680946,0.32545776630501194,0.00020257,1.0790341286542688,0.00049835,0,0.0
350,0.2455299774659697,0.01384016668257728,-0.00032169,1.1211449964209517,4.787338469101568,-32.214419449764044,-0.0023016062189381405,1.5592864124125203,0.08577636837209619,-11.632659740967421,-0.845232402679053,-85.04938431350172,1.5397792612636616,40.32251916270966,0.20689099899680946,-0.04161833167260544,0.00020257,0.04240298068774194,0.00049835,1,0.0
351,0.6497420408886767,0.18895860464530678,-0.00032169,1.1211449964209517,4.787338469101568,82.43240114328297,-0.0023016062189381405,71.45410990265309,0.08577636837209619,-57.57804948303915,-0.845232402679053,-27.276814318792102,1.5397792612636616,-9.228921802579384,0.20689099899680946,0.3379472677591364,0.00020257,0.9713160376881056,0.00049835,0,0.0
352,7.137023867187509e-05,0.08335487967612937,-0.00032169,1.1211449964209517,4.787338469101568,-20.720802656188955,-0.0023016062189381405,23.898339834980384,0.08577636837209619,-85.11741119256443,-0.845232402679053,-19.684909948570873,1.5397792612636616,39.162358352356385,0.20689099899680946,-0.12914242373121354,0.00020257,0.1835742383058237,0.00049835,1,0.0
353,0.6289058332323272,0.23758673350133697,-0.00032169,1.1211449964209517,4.787338469101568,8.758601535647658,-0.0023016062189381405,31.19386274779858,0.08577636837209619,-61.242682566735525,-0.845232402679053,93.72841047372434,1.5397792612636616,32.850357690237004,0.20689099899680946,0.3036594355259775,0.00020257,0.4826320746250653,0.00049835,0,0.0
354,0.027820064884881424,0.12436648731525282,-0.00032169,1.1211449964209517,4.787338469101568,-16.28350158873367,-0.0023016062189381405,36.36028778868063,0.08577636837209619,-70.48131778419935,-0.845232402679053,-50.166325218191254,1.5397792612636616,27.957448484497824,0.20689099899680946,-0.18200639361881404,0.00020257,0.19211635388877274,0.00049835,1,0.0
355,0.9703083948497389,0.29518176835048393,-0.00032169,1.1211449964209517,4.787338469101568,32.436366100537676,-0.0023016062189381405,71.68214601195844,0.08577636837209619,-62.073485327028955,-0.845232402679053,-45.823852969196196,1.5397792612636616,33.29894920190281,0.20689099899680946,0.35781282945979753,0.00020257,0.8246073289603622,0.00049835,0,0.0
356,0.08881615842709682,0.000833683384224533,-0.00032169,1.1211449964209517,4.787338469101568,-11.108690564098291,-0.0023016062189381405,3.306687306546869,0.08577636837209619,-5.830470838345801,-0.845232402679053,-34.827399747597646,1.5397792612636616,14.058822461366727,0.20689099899680946,-0.016135000522054736,0.00020257,0.016243922323381725,0.00049835,1,0.0
357,0.7495133099294126,0.2830142978047502,-0.00032169,1.1211449964209517,4.787338469101568,-11.619048994688162,-0.0023016062189381405,33.112994156692835,0.08577636837209619,-38.56637836984794,-0.845232402679053,30.102549259304695,1.5397792612636616,42.466663080493795,0.20689099899680946,0.2556060461374398,0.00020257,0.3703510595956084,0.00049835,0,0.0
358,0.15113185694729062,0.0024619083816639475,-0.00032169,1.1211449964209517,4.787338469101568,-30.717748759975503,-0.0023016062189381405,6.235590541988074,0.08577636837209619,-40.58365649781845,-0.845232402679053,13.560384197433045,1.5397792612636616,36.16937950919301,0.20689099899680946,-0.0183996540005807,0.00020257,0.01906899101631294,0.00049835,1,0.0
359,0.31637539750582544,0.03390629642317048,-0.00032169,1.1211449964209517,4.787338469101568,-50.81507793766695,-0.0023016062189381405,14.86748639503605,0.08577636837209619,-57.68427406801593,-0.845232402679053,47.50177599988819,1.5397792612636616,53.779297222584,0.20689099899680946,-0.0957205428691898,0.00020257,0.09637028873810552,0.00049835,1,0.0
360,0.43341683841341483,0.024954853035492233,-0.00032169,1.1211449964209517,4.787338469101568,-65.04867426748098,-0.0023016062189381405,4.946384933533688,0.08577636837209619,-47.01435462798523,-0.845232402679053,-22.60883236589441,1.5397792612636616,73.44402347738998,0.20689099899680946,-0.01615442168747835,0.00020257,0.015848814989244852,0.00049835,1,0.0
361,0.5094507603380406,0.3133738922117557,-0.00032169,1.1211449964209517,4.787338469101568,-1.4251858810014006,-0.0023016062189381405,48.49477902301854,0.08577636837209619,-49.14226331474204,-0.845232402679053,-4.550339705755938,1.5397792612636616,25.59550425142182,0.20689099899680946,0.057160106972167696,0.00020257,0.40739785254184524,0.00049835,0,0.0
362,0.42226820801288956,0.09796542437250931,-0.00032169,1.1211449964209517,4.787338469101568,-58.89988307783328,-0.0023016062189381405,33.0918001841027,0.08577636837209619,-94.93720260589392,-0.845232402679053,-35.406105171979355,1.5397792612636616,79.41249626697245,0.20689099899680946,-0.07234622023853537,0.00020257,0.18836359575621214,0.00049835,1,0.0
363,0.41908671915194806,0.04079491806316132,-0.00032169,1.1211449964209517,4.787338469101568,-66.02090921784392,-0.0023016062189381405,-1.1353466773932261,0.08577636837209619,-47.90659803560169,-0.845232402679053,16.1928454948326,1.5397792612636616,72.91197755789047,0.20689099899680946,-0.043394172916250286,0.00020257,0.044237257948744495,0.00049835,1,0.0
364,0.5689982559281528,0.1514685369292631,-0.00032169,1.1211449964209517,4.787338469101568,75.96153592911956,-0.0023016062189381405,51.38526375442151,0.08577636837209619,-60.79594280333634,-0.845232402679053,45.88026647002882,1.5397792612636616,-5.672446474795819,0.20689099899680946,0.3423168841858361,0.00020257,0.920053743091813,0.00049835,0,0.0
365,0.5095624793037847,0.14766608110331333,-0.00032169,1.1211449964209517,4.787338469101568,90.73916740209005,-0.0023016062189381405,43.121636458320594,0.08577636837209619,-19.452520950605884,-0.845232402679053,20.574644937456306,1.5397792612636616,-28.17275619106162,0.20689099899680946,0.3521494499381011,0.00020257,0.8606749855720306,0.00049835,0,0.0
366,0.40830573281237725,0.014528139374941415,-0.00032169,1.1211449964209517,4.787338469101568,-71.89748554238729,-0.0023016062189381405,13.966919579558862,0.08577636837209619,-79.19669978590346,-0.845232402679053,-7.860475862709108,1.5397792612636616,84.25597741226824,0.20689099899680946,-0.040290098629379094,0.00020257,0.040673054556226836,0.00049835,1,0.0
367,0.0034039446893241176,0.1087857021759393,-0.00032169,1.1211449964209517,4.787338469101568,23.70558100773177,-0.0023016062189381405,17.77430246063167,0.08577636837209619,-22.239166848706926,-0.845232402679053,21.368249614085165,1.5397792612636616,-11.09291781520154,0.20689099899680946,0.033469244384413774,0.00020257,0.1941108980574746,0.00049835,0,0.0
368,0.19741738791710364,0.14881482600369236,-0.00032169,1.1211449964209517,4.787338469101568,-27.192922993001034,-0.0023016062189381405,36.6404174307745,0.08577636837209619,-89.8940956438865,-0.845232402679053,51.44032151268888,1.5397792612636616,40.64291475892692,0.20689099899680946,-0.09216499855093171,0.00020257,0.22615920131452918,0.00049835,1,0.0
369,0.7039927083136944,0.1910881820520533,-0.00032169,1.1211449964209517,4.787338469101568,53.80317596754295,-0.0023016062189381405,47.82198638547051,0.08577636837209619,-48.228739350874314,-0.845232402679053,28.89893294311486,1.5397792612636616,8.62792162534504,0.20689099899680946,0.3645699018060725,0.00020257,0.793090949936328,0.00049835,0,0.0
370,0.4350230163044194,0.04520375769871841,-0.00032169,1.1211449964209517,4.787338469101568,-66.34296136667032,-0.0023016062189381405,0.9088845333381688,0.08577636837209619,-48.79828516200424,-0.845232402679053,51.28124708692149,1.5397792612636616,69.67261799503677,0.20689099899680946,-0.07519591887155778,0.00020257,0.07578426238591827,0.00049835,1,0.0
371,0.13762916226384658,0.010137473270863114,-0.00032169,1.1211449964209517,4.787338469101568,-20.39767820012907,-0.0023016062189381405,11.564601832958806,0.08577636837209619,-21.715298764026773,-0.845232402679053,-87.01667520314354,1.5397792612636616,29.142490719274626,0.20689099899680946,-0.07070737731023144,0.00020257,0.07075942417955194,0.00049835,1,0.0
372,1.181571837744888,0.3199268758338681,-0.00032169,1.1211449964209517,4.787338469101568,1.5733670930078762,-0.0023016062189381405,77.42589801577724,0.08577636837209619,-99.46281391961638,-0.845232402679053,-76.47044444990622,1.5397792612636616,75.91351145470323,0.20689099899680946,0.3453619775979726,0.00020257,0.8931702986329206,0.00049835,0,0.0
373,0.2988493468226904,0.1660942820011125,-0.00032169,1.1211449964209517,4.787338469101568,-10.540336093749016,-0.0023016062189381405,11.76477527024552,0.08577636837209619,-59.29381251838035,-0.845232402679053,71.85474595905444,1.5397792612636616,35.465088627573124,0.20689099899680946,0.0994456459325741,0.00020257,0.27226546148504244,0.00049835,0,0.0
374,0.5311701942897541,0.15103645475817204,-0.00032169,1.1211449964209517,4.787338469101568,90.93000585943007,-0.0023016062189381405,53.07745866904248,0.08577636837209619,-27.534420091059573,-0.845232402679053,0.5240963885878641,1.5397792612636616,-26.571530277366385,0.20689099899680946,0.3493493002219129,0.00020257,0.877650135310657,0.00049835,0,0.0
375,0.43090184619699445,0.23593060580474798,-0.00032169,1.1211449964209517,4.787338469101568,19.640199377073987,-0.0023016062189381405,39.190832760810196,0.08577636837209619,-38.68987783837854,-0.845232402679053,23.185931713196823,1.5397792612636616,9.518104185697679,0.20689099899680946,0.17038228666439403,0.00020257,0.40622602319869183,0.00049835,0,0.0
376,0.4627513307655029,0.1359385796215159,-0.00032169,1.1211449964209517,4.787338469101568,85.4662826968471,-0.0023016062189381405,44.55115315862988,0.08577636837209619,-42.22999566746245,-0.845232402679053,77.23734050604054,1.5397792612636616,-23.86292315066447,0.20689099899680946,0.35557899701556844,0.00020257,0.8391079455024921,0.00049835,0,0.0
377,0.08053408529336062,0.04214873072138173,-0.00032169,1.1211449964209517,4.787338469101568,-38.65146424383591,-0.0023016062189381405,16.95258409319164,0.08577636837209619,-84.42568587763056,-0.845232402679053,-33.95433281884729,1.5397792612636616,56.05040463309925,0.20689099899680946,-0.1327858827003944,0.00020257,0.13261066293096238,0.00049835,1,0.0
378,0.26220671995410055,0.21689639516177162,-0.00032169,1.1211449964209517,4.787338469101568,46.60762330528979,-0.0023016062189381405,42.740303043619576,0.08577636837209619,-95.51970602682651,-0.845232402679053,99.46771245754566,1.5397792612636616,6.7857002279898815,0.20689099899680946,0.185254144084368,0.00020257,0.6791317656897675,0.00049835,0,0.0
379,0.20771246031815746,0.0038427458651111926,-0.00032169,1.1211449964209517,4.787338469101568,-27.61547143004305,-0.0023016062189381405,8.10389588578934,0.08577636837209619,-18.49623342026488,-0.845232402679053,-63.52313341234391,1.5397792612636616,33.924125665330806,0.20689099899680946,-0.033266792436097786,0.00020257,0.03322859867034007,0.00049835,1,0.0
380,0.0572604101567305,0.08232835793413543,-0.00032169,1.1211449964209517,4.787338469101568,-39.22417146220618,-0.0023016062189381405,12.019307403564353,0.08577636837209619,-84.6666316111882,-0.845232402679053,-57.944834333513285,1.5397792612636616,60.28013948037986,0.20689099899680946,-0.1704196222883285,0.00020257,0.1709431877986671,0.00049835,1,0.0
381,2.5415281425092417e-05,0.008683206222532967,-0.00032169,1.1211449964209517,4.787338469101568,-1.6022314277347145,-0.0023016062189381405,7.085577802608754,0.08577636837209619,-12.432587426469095,-0.845232402679053,18.856657917252747,1.5397792612636616,0.958986698869352,0.20689099899680946,-0.044650962898350924,0.00020257,0.04468619590427715,0.00049835,1,0.0
382,0.0007959459375573852,0.20995863837453382,-0.00032169,1.1211449964209517,4.787338469101568,13.20797492140417,-0.0023016062189381405,36.20206759845244,0.08577636837209619,-77.24029502209976,-0.845232402679053,-34.28243130791843,1.5397792612636616,15.543940436816126,0.20689099899680946,-0.07844076173871314,0.00020257,0.36008094133311375,0.00049835,1,0.0
383,0.5199169519068944,0.13533271060481003,-0.00032169,1.1211449964209517,4.787338469101568,98.92781655740515,-0.0023016062189381405,58.30853258065671,0.08577636837209619,-54.100965206238925,-0.845232402679053,2.474704662662489,1.5397792612636616,-20.8001662404716,0.20689099899680946,0.3285314846424477,0.00020257,1.0467650486201092,0.00049835,0,0.0
384,0.5811423893176952,0.2639028365064825,-0.00032169,1.1211449964209517,4.787338469101568,-16.69980097844315,-0.0023016062189381405,49.568699207240655,0.08577636837209619,-94.01416637020445,-0.845232402679053,-67.44464505642881,1.5397792612636616,63.48519719936483,0.20689099899680946,0.07457267965743775,0.00020257,0.512745305101715,0.00049835,0,0.0
385,0.4847649063994117,0.1266531670431199,-0.00032169,1.1211449964209517,4.787338469101568,100.0,-0.0023016062189381405,60.641192574362755,0.08577636837209619,-66.53056977271874,-0.845232402679053,26.952347715541027,1.5397792612636616,-20.854280840423222,0.20689099899680946,0.3270513626084732,0.00020257,1.0595113356954415,0.00049835,0,0.0
386,0.09020833189284494,0.03160287072521991,-0.00032169,1.1211449964209517,4.787338469101568,-40.80857135739594,-0.0023016062189381405,2.36377503173275,0.08577636837209619,-73.76340897923289,-0.845232402679053,36.51840940374812,1.5397792612636616,53.12683612153153,0.20689099899680946,-0.07827228276707138,0.00020257,0.07704721034110637,0.00049835,1,0.0
387,0.4116575107352061,0.1200025037095702,-0.00032169,1.1211449964209517,4.787338469101568,93.68428676892228,-0.0023016062189381405,48.24905902815125,0.08577636837209619,-57.196014425359905,-0.845232402679053,89.82443618061221,1.5397792612636616,-26.15922474376574,0.20689099899680946,0.3429205371614676,0.00020257,0.9200056475344183,0.00049835,0,0.0
388,0.02690534255596671,0.0006656388440159224,-0.00032169,1.1211449964209517,4.787338469101568,-22.56421909874296,-0.0023016062189381405,4.041737132232617,0.08577636837209619,-52.57204179844295,-0.845232402679053,83.90102615708281,1.5397792612636616,25.93540395869603,0.20689099899680946,-0.011783419065998574,0.00020257,0.011945593884372642,0.00049835,1,0.0
389,0.5906570064029548,0.14815546983530828,-0.00032169,1.1211449964209517,4.787338469101568,86.05688020705794,-0.0023016062189381405,63.54620915778274,0.08577636837209619,-69.9344589910009,-0.845232402679053,3.2948563709992422,1.5397792612636616,-6.7508185628502,0.20689099899680946,0.32947914109045967,0.00020257,1.0372756580288585,0.00049835,0,0.0
390,0.3519576385462182,0.16582534344711988,-0.00032169,1.1211449964209517,4.787338469101568,-3.4184995500404383,-0.0023016062189381405,25.2240659491218,0.08577636837209619,-52.3364144862972,-0.845232402679053,47.25500766023373,1.5397792612636616,27.02822481803982,0.20689099899680946,0.13044602505218372,0.00020257,0.2725674467319932,0.00049835,0,0.0
391,0.535333502092544,0.15661015553188404,-0.00032169,1.1211449964209517,4.787338469101568,85.4841178575708,-0.0023016062189381405,41.155230634,0.08577636837209619,-27.27788563860049,-0.845232402679053,30.712498510925233,1.5397792612636616,-20.707076821388835,0.20689099899680946,0.34855069336373,0.00020257,0.8804880551378259,0.00049835,0,0.0
392,0.9641442309960593,0.25393935938547463,-0.00032169,1.1211449964209517,4.787338469101568,36.49741959157576,-0.0023016062189381405,55.70405514433371,0.08577636837209619,-45.04730087307044,-0.845232402679053,-93.41133942030201,1.5397792612636616,36.45867694856406,0.20689099899680946,0.34526326036869226,0.00020257,0.8819033550608146,0.00049835,0,0.0
393,0.6616789130790204,0.29543145363162093,-0.00032169,1.1211449964209517,4.787338469101568,84.49298284523853,-0.0023016062189381405,29.59223965263145,0.08577636837209619,-39.063500749217496,-0.845232402679053,36.54417404037862,1.5397792612636616,-2.1832430507688425,0.20689099899680946,0.320213199757321,0.00020257,1.1247245993024635,0.00049835,0,0.0
394,0.9166592017603803,0.24273607025098107,-0.00032169,1.1211449964209517,4.787338469101568,40.31064532583604,-0.0023016062189381405,54.868455046590284,0.08577636837209619,-44.883344570708196,-0.845232402679053,-78.63398931188827,1.5397792612636616,31.171682710734192,0.20689099899680946,0.3443681260232915,0.00020257,0.8717867989752143,0.00049835,0,0.0
395,0.007192928620240308,0.00036954180220369955,-0.00032169,1.1211449964209517,4.787338469101568,-17.046868486298397,-0.0023016062189381405,2.956718774018984,0.08577636837209619,-43.225300487218554,-0.845232402679053,74.46655504558352,1.5397792612636616,19.526424625049632,0.20689099899680946,-0.008749433019585792,0.00020257,0.008782357292557899,0.00049835,1,0.0
396,0.1944663306382154,0.00469805736721267,-0.00032169,1.1211449964209517,4.787338469101568,-44.99435503155675,-0.0023016062189381405,11.688284084426606,0.08577636837209619,-68.85896419249966,-0.845232402679053,28.330083362409358,1.5397792612636616,53.86455556584343,0.20689099899680946,-0.041926328955762635,0.00020257,0.04202570842138015,0.00049835,1,0.0
397,0.38980613840731626,0.020595170323139497,-0.00032169,1.1211449964209517,4.787338469101568,-62.40074393272508,-0.0023016062189381405,6.240272548762858,0.08577636837209619,-54.64308411565169,-0.845232402679053,13.826308107589018,1.5397792612636616,69.2921949431821,0.20689099899680946,-0.03231288862241824,0.00020257,0.03206857420626735,0.00049835,1,0.0
398,0.5980942370148228,0.1301617865380635,-0.00032169,1.1211449964209517,4.787338469101568,-78.47257389590159,-0.0023016062189381405,-8.347826827530623,0.08577636837209619,-27.175647767510082,-0.845232402679053,59.61777270253518,1.5397792612636616,77.28248502440667,0.20689099899680946,-0.14962603035043948,0.00020257,0.14943451777696948,0.00049835,1,0.0
399,0.47722262932396015,0.09261105494290472,-0.00032169,1.1211449964209517,4.787338469101568,-62.27048803158751,-0.0023016062189381405,-1.2494875352601573,0.08577636837209619,-28.64795141309624,-0.845232402679053,79.80326745342208,1.5397792612636616,58.69192022151965,0.20689099899680946,-0.14705943002221808,0.00020257,0.14730459762428674,0.00049835,1,0.0
400,-0.0008480450854286004,0.16305882312624523,-0.00032169,2.1555968919717063,3.134572259162862,25.055428743451746,-0.0023016062189381405,1.6496406537912875,0.08577636837209619,-5.014699457211788,-0.845232402679053,16.331144818252774,1.5397792612636616,-12.771396362334592,0.20689099899680946,0.07918945792686265,0.00020257,0.3046366082911263,0.00049835,0,0.0
401,-0.001573523133839183,0.5107408122195424,-0.00032169,2.1555968919717063,3.134572259162862,93.63644316826675,-0.0023016062189381405,21.48278787438278,0.08577636837209619,-34.47727023918303,-0.845232402679053,-26.565555088233772,1.5397792612636616,-38.84550870558588,0.20689099899680946,-0.006141677871021767,0.00020257,0.6448301366787643,0.00049835,1,0.0
402,1.292773693989743,0.870056726206138,-0.00032169,2.1555968919717063,3.134572259162862,13.268061392259943,-0.0023016062189381405,9.706705730228771,0.08577636837209619,-70.09397729117592,-0.845232402679053,-4.32768364656934,1.5397792612636616,69.83399878595856,0.20689099899680946,0.284557952327244,0.00020257,0.880759047717557,0.00049835,0,0.0
403,-0.09941702608260472,0.9664030644838647,-0.00032169,2.1555968919717063,3.134572259162862,15.132780587238855,-0.0023016062189381405,10.48294161803699,0.08577636837209619,-22.530903723738902,-0.845232402679053,45.409730536234115,1.5397792612636616,-20.42899745709923,0.20689099899680946,-0.21759171504048447,0.00020257,0.7127235978868631,0.00049835,1,0.0
404,0.02568191403025122,0.06617471732847094,-0.00032169,2.1555968919717063,3.134572259162862,75.02720476836092,-0.0023016062189381405,13.531914073249027,0.08577636837209619,-69.67498548285012,-0.845232402679053,53.71196357260703,1.5397792612636616,-8.82713828765533,0.20689099899680946,0.4288690510467266,0.00020257,0.6004428503375487,0.00049835,0,0.0
405,1.1268014187277393,0.5409460049013235,-0.00032169,2.1555968919717063,3.134572259162862,-31.40327007969236,-0.0023016062189381405,5.249688729147831,0.08577636837209619,-44.6748125864418,-0.845232402679053,-42.55933077428222,1.5397792612636616,79.782547293902,0.20689099899680946,-0.11650957821238589,0.00020257,0.40110251456397333,0.00049835,1,0.0
406,0.9708352485069641,0.401037145980041,-0.00032169,2.1555968919717063,3.134572259162862,7.077594944977436,-0.0023016062189381405,13.284978095506231,0.08577636837209619,-46.660041121002564,-0.845232402679053,-78.97490488929894,1.5397792612636616,57.91193949445306,0.20689099899680946,-0.2348784178589663,0.00020257,0.4163768122705291,0.00049835,1,0.0
407,0.006373370794184874,0.22110452149903714,-0.00032169,2.1555968919717063,3.134572259162862,13.552357763599169,-0.0023016062189381405,14.289374464970654,0.08577636837209619,-81.08358310615415,-0.845232402679053,52.71867170414274,1.5397792612636616,22.698900783923037,0.20689099899680946,0.0023988765419307168,0.00020257,0.387344779485403,0.00049835,0,0.0
408,0.6195471500211862,0.4611177218533036,-0.00032169,2.1555968919717063,3.134572259162862,16.625796408115306,-0.0023016062189381405,21.68896648116101,0.08577636837209619,-65.20029618813851,-0.845232402679053,-67.07283310841133,1.5397792612636616,42.47001737712244,0.20689099899680946,-0.43892110321642686,0.00020257,0.4560685907574553,0.00049835,1,0.0
409,1.076319084373294,0.5029617296443202,-0.00032169,2.1555968919717063,3.134572259162862,36.785267781281874,-0.0023016062189381405,21.26815240811387,0.08577636837209619,-85.03341406587471,-0.845232402679053,-56.339665891622765,1.5397792612636616,60.74044457981679,0.20689099899680946,0.05162210991262772,0.00020257,0.6234501259803202,0.00049835,0,0.0
410,0.815138088254902,0.2634739111518965,-0.00032169,2.1555968919717063,3.134572259162862,100.0,-0.0023016062189381405,27.82685473214269,0.08577636837209619,-92.47227742008812,-0.845232402679053,-42.5103825057253,1.5397792612636616,20.536850635512224,0.20689099899680946,0.36564265166151155,0.00020257,0.7835115511667189,0.00049835,0,0.0
411,0.25046634701354287,0.150323240837434,-0.00032169,2.1555968919717063,3.134572259162862,8.87320809472117,-0.0023016062189381405,11.409567344677782,0.08577636837209619,-60.39136907694524,-0.845232402679053,-5.872136440713236,1.5397792612636616,34.22221883729421,0.20689099899680946,-0.19164621293245626,0.00020257,0.2786139383057242,0.00049835,1,0.0
412,0.420063278275175,0.1589545107392385,-0.00032169,2.1555968919717063,3.134572259162862,-17.234907691110042,-0.0023016062189381405,5.506363801324706,0.08577636837209619,-53.37453098656755,-0.845232402679053,22.61346906011906,1.5397792612636616,45.79523240844516,0.20689099899680946,0.08778865530092339,0.00020257,0.20054178246152388,0.00049835,0,0.0
413,0.8763231342640686,0.7133020611528492,-0.00032169,2.1555968919717063,3.134572259162862,29.90401116918607,-0.0023016062189381405,6.9994352072469415,0.08577636837209619,-71.94807676257172,-0.845232402679053,33.38437197595958,1.5397792612636616,49.19776769826262,0.20689099899680946,0.25501519314578686,0.00020257,0.9644379767256319,0.00049835,0,0.0
414,-0.11926266140890812,0.8545634126811674,-0.00032169,2.1555968919717063,3.134572259162862,-8.798080256989381,-0.0023016062189381405,4.9793403465420205,0.08577636837209619,-0.47478345772967245,-0.845232402679053,34.87034897099212,1.5397792612636616,-17.39368105972367,0.20689099899680946,-0.3306585032110828,0.00020257,0.5373891697584421,0.00049835,1,0.0
415,0.0042168387796213125,1.041070445999492,-0.00032169,2.1555968919717063,3.134572259162862,43.64976061825695,-0.0023016062189381405,13.946737451307087,0.08577636837209619,-30.313538531845243,-0.845232402679053,62.690069562895076,1.5397792612636616,-33.06222517270248,0.20689099899680946,-0.06698499459053053,0.00020257,1.1030785150158164,0.00049835,1,0.0
416,1.3703530696570925,0.3448326604810349,-0.00032169,2.1555968919717063,3.134572259162862,-52.408386014924524,-0.0023016062189381405,13.485406341015244,0.08577636837209619,-45.589416897842746,-0.845232402679053,-86.00887496984336,1.5397792612636616,91.61510239964551,0.20689099899680946,-0.26070199199458344,0.00020257,0.2616595351230415,0.00049835,1,0.0
417,0.24687712125895167,0.17326763104452927,-0.00032169,2.1555968919717063,3.134572259162862,-1.9140027030961395,-0.0023016062189381405,12.28497338508305,0.08577636837209619,-79.58381286817783,-0.845232402679053,10.120473245490443,1.5397792612636616,48.40032946601179,0.20689099899680946,-0.24355908542390814,0.00020257,0.2970679352747906,0.00049835,1,0.0
418,-0.0015733695279654056,0.10073884755332642,-0.00032169,2.1555968919717063,3.134572259162862,5.117924042730639,-0.0023016062189381405,0.61969241744282,0.08577636837209619,-1e-20,-0.845232402679053,11.791150456838317,1.5397792612636616,-6.23622404650224,0.20689099899680946,-0.01104762358571304,0.00020257,0.1831034656894473,0.00049835,1,0.0
419,1.1662820301686574,0.208749144736042,-0.00032169,2.1555968919717063,3.134572259162862,-69.61322420904257,-0.0023016062189381405,8.799722434081794,0.08577636837209619,-50.28790701445539,-0.845232402679053,-41.85576252101326,1.5397792612636616,93.61314019650246,0.20689099899680946,-0.15361260965274398,0.00020257,0.15292036755741517,0.00049835,1,0.0
420,0.025188495048432888,0.36142183226899033,-0.00032169,2.1555968919717063,3.134572259162862,43.78678042252582,-0.0023016062189381405,-1.3093850137306278,0.08577636837209619,-10.315744128092891,-0.845232402679053,35.914409969042886,1.5397792612636616,-14.807858595621692,0.20689099899680946,0.07631064502646451,0.00020257,0.6394181878576148,0.00049835,0,0.0
421,0.5247461962630879,0.23064130585397982,-0.00032169,2.1555968919717063,3.134572259162862,42.61203007550667,-0.0023016062189381405,14.557925765352461,0.08577636837209619,-100.0,-0.845232402679053,43.52387777682998,1.5397792612636616,42.39826957423271,0.20689099899680946,0.3554649860871752,0.00020257,0.6475964311272981,0.00049835,0,0.0
422,1.0873689785842438,0.4007157170191326,-0.00032169,2.1555968919717063,3.134572259162862,93.18076747842969,-0.0023016062189381405,27.223523946978336,0.08577636837209619,-81.28688768741817,-0.845232402679053,-69.88533908382642,1.5397792612636616,29.158155301156956,0.20689099899680946,0.36067901763075894,0.00020257,0.7886995967635794,0.00049835,0,0.0
423,0.23653582991566294,0.04269299234283217,-0.00032169,2.1555968919717063,3.134572259162862,-19.55071939223016,-0.0023016062189381405,6.508049094133043,0.08577636837209619,-53.104107626491725,-0.845232402679053,14.351508999854678,1.5397792612636616,42.16966386353509,0.20689099899680946,-0.13893331643102183,0.00020257,0.14246884790281825,0.00049835,1,0.0
424,-0.05315764302238413,3.4271536618709577,-0.00032169,2.1555968919717063,3.134572259162862,-23.38393244051859,-0.0023016062189381405,23.373781066589366,0.08577636837209619,-21.853892920621462,-0.845232402679053,-17.457004692462185,1.5397792612636616,-11.402893859467781,0.20689099899680946,-1.11265864861453,0.00020257,0.8245191621266508,0.00049835,1,0.0
425,0.004790046633414646,0.08276490614256675,-0.00032169,2.1555968919717063,3.134572259162862,24.279751044873038,-0.0023016062189381405,7.270288457017585,0.08577636837209619,-29.760799156990334,-0.845232402679053,-8.309510456604425,1.5397792612636616,4.663678547676527,0.20689099899680946,-0.12744772399496793,0.00020257,0.1897037716411127,0.00049835,1,0.0
426,0.33517873297090306,0.14613755259259836,-0.00032169,2.1555968919717063,3.134572259162862,39.7238182495405,-0.0023016062189381405,16.72790971316684,0.08577636837209619,-99.60438630412281,-0.845232402679053,46.32894568615879,1.5397792612636616,33.71857303307295,0.20689099899680946,0.36248826294580316,0.00020257,0.47154149634920794,0.00049835,0,0.0
427,0.7341701237063902,0.4452822372016877,-0.00032169,2.1555968919717063,3.134572259162862,93.2567597735702,-0.0023016062189381405,28.441006055379237,0.08577636837209619,-71.888048667134,-0.845232402679053,-66.97039617942704,1.5397792612636616,9.366398467565013,0.20689099899680946,0.13995119109762932,0.00020257,0.7343813834731886,0.00049835,0,0.0
428,0.8431245340965943,0.29851532673673487,-0.00032169,2.1555968919717063,3.134572259162862,62.02991810818589,-0.0023016062189381405,20.58388041549975,0.08577636837209619,-97.56667520675046,-0.845232402679053,-7.418003737889045,1.5397792612636616,43.74693741941298,0.20689099899680946,0.37287137729572667,0.00020257,0.7063446984985173,0.00049835,0,0.0
429,0.637897049848035,0.20570311432193816,-0.00032169,2.1555968919717063,3.134572259162862,98.03478294643581,-0.0023016062189381405,23.082881116440664,0.08577636837209619,-72.86655024596699,-0.845232402679053,-35.0123227573926,1.5397792612636616,7.004177487041637,0.20689099899680946,0.3926563018148912,0.00020257,0.6802647269221194,0.00049835,0,0.0
430,0.6482712991981978,0.5274723050515926,-0.00032169,2.1555968919717063,3.134572259162862,6.981772923866676,-0.0023016062189381405,3.6253107109164757,0.08577636837209619,-53.48252901153581,-0.845232402679053,35.11723634418589,1.5397792612636616,42.45164810213797,0.20689099899680946,0.15948405175343272,0.00020257,0.6921862632425554,0.00049835,0,0.0
431,0.19145789720294182,0.32520809997111066,-0.00032169,2.1555968919717063,3.134572259162862,35.32268457471698,-0.0023016062189381405,16.738294209966472,0.08577636837209619,-35.52883020687233,-0.845232402679053,-51.077398360465985,1.5397792612636616,4.356025338766287,0.20689099899680946,-0.3571379478974333,0.00020257,0.3603134956855519,0.00049835,1,0.0
432,1.52717717814614,2.0125815624572123,-0.00032169,2.1555968919717063,3.134572259162862,69.37148398156324,-0.0023016062189381405,7.8970511419819225,0.08577636837209619,-97.1359600146977,-0.845232402679053,26.57000358362951,1.5397792612636616,71.72332203419487,0.20689099899680946,0.2825154307004203,0.00020257,1.7808671289110851,0.00049835,0,0.0
433,0.0010354693093391487,0.13552877561338134,-0.00032169,2.1555968919717063,3.134572259162862,-10.32757415897469,-0.0023016062189381405,-1.889781567163174,0.08577636837209619,-18.24145849993271,-0.845232402679053,43.36037227874957,1.5397792612636616,11.033454096988088,0.20689099899680946,-0.01728533036651446,0.00020257,0.24411977866550094,0.00049835,1,0.0
434,0.43866405015635446,0.23891994588596555,-0.00032169,2.1555968919717063,3.134572259162862,70.38063597982918,-0.0023016062189381405,14.703199954555192,0.08577636837209619,-35.42932059219735,-0.845232402679053,-46.64870824297637,1.5397792612636616,-0.43343762520638796,0.20689099899680946,0.1475633710279501,0.00020257,0.45392590098765384,0.00049835,0,0.0
435,-0.1500725082404042,6.858704116554696,-0.00032169,2.1555968919717063,3.134572259162862,0.12534560820394752,-0.0023016062189381405,37.22592023740512,0.08577636837209619,-32.117530596553166,-0.845232402679053,-45.8579519044858,1.5397792612636616,-31.658968232563772,0.20689099899680946,-1.5650483171072898,0.00020257,1.205756680881355,0.00049835,1,0.0
436,0.518949536120348,0.18161516148091866,-0.00032169,2.1555968919717063,3.134572259162862,-6.164015348875632,-0.0023016062189381405,13.729600380020186,0.08577636837209619,-48.542174231619,-0.845232402679053,-37.27194728284467,1.5397792612636616,41.19791940427938,0.20689099899680946,-0.27236869770012323,0.00020257,0.2786721023448753,0.00049835,1,0.0
437,0.6375943991363335,0.2424120637639517,-0.00032169,2.1555968919717063,3.134572259162862,-4.89208640947696,-0.0023016062189381405,15.38515403599908,0.08577636837209619,-46.77271772431678,-0.845232402679053,-52.451600121216586,1.5397792612636616,43.327944297739585,0.20689099899680946,-0.29679202475756805,0.00020257,0.3140976914843959,0.00049835,1,0.0
438,0.5247899612087501,0.116362160852271,-0.00032169,2.1555968919717063,3.134572259162862,-28.119857740919393,-0.0023016062189381405,10.646872783383849,0.08577636837209619,-70.31905330078774,-0.845232402679053,-3.115974689221011,1.5397792612636616,64.32689127912515,0.20689099899680946,-0.22468581808236165,0.00020257,0.23046874348026547,0.00049835,1,0.0
439,0.08347592200938808,0.02484367345578196,-0.00032169,2.1555968919717063,3.134572259162862,-8.540148010521005,-0.0023016062189381405,4.827293275551677,0.08577636837209619,-39.27662822262999,-0.845232402679053,14.640725481875434,1.5397792612636616,25.485891838324655,0.20689099899680946,-0.10702146322229401,0.00020257,0.10807940895406178,0.00049835,1,0.0
440,0.002928439620783818,0.2246115672417277,-0.00032169,2.1555968919717063,3.134572259162862,33.039638253553974,-0.0023016062189381405,4.289167440879137,0.08577636837209619,-21.91312372147001,-0.845232402679053,38.909964611389086,1.5397792612636616,-12.42486361228455,0.20689099899680946,0.13566751497038562,0.00020257,0.49266041418442086,0.00049835,0,0.0
441,0.712191249259711,0.6835828282173103,-0.00032169,2.1555968919717063,3.134572259162862,9.475122754946762,-0.0023016062189381405,-0.8827899657164283,0.08577636837209619,-14.643258873966888,-0.845232402679053,-27.691320739498142,1.5397792612636616,35.59171130298617,0.20689099899680946,-0.12215295966517184,0.00020257,0.5838320573701055,0.00049835,1,0.0
442,0.14854474631311332,0.3858656493439341,-0.00032169,2.1555968919717063,3.134572259162862,91.76746395600566,-0.0023016062189381405,18.899066011089666,0.08577636837209619,-17.63271330675249,-0.845232402679053,-86.46155122095938,1.5397792612636616,-27.79667780116418,0.20689099899680946,-0.2345776581693894,0.00020257,0.4660760529819236,0.00049835,1,0.0
443,0.8237713704602968,0.4270521735140631,-0.00032169,2.1555968919717063,3.134572259162862,-16.013277350004895,-0.0023016062189381405,13.130426710332744,0.08577636837209619,-1e-20,-0.845232402679053,-85.44323372974844,1.5397792612636616,26.332859064247028,0.20689099899680946,-0.32619793586918105,0.00020257,0.3332348480592426,0.00049835,1,0.0
444,0.7956183553160721,0.37722733582780804,-0.00032169,2.1555968919717063,3.134572259162862,47.611302552636495,-0.0023016062189381405,20.74604539787925,0.08577636837209619,-76.00518962066141,-0.845232402679053,-46.980062686062766,1.5397792612636616,40.376739648224905,0.20689099899680946,0.05033791697212192,0.00020257,0.5660711337498818,0.00049835,0,0.0
445,0.36773357150438135,0.055653741092302256,-0.00032169,2.1555968919717063,3.134572259162862,-52.729805723275724,-0.0023016062189381405,8.613679871416272,0.08577636837209619,-92.0586698386328,-0.845232402679053,48.60052346914431,1.5397792612636616,77.76369974088196,0.20689099899680946,-0.15866031315956766,0.00020257,0.16013940546881802,0.00049835,1,0.0
446,0.769360674399532,0.4666146136815155,-0.00032169,2.1555968919717063,3.134572259162862,38.93306234731991,-0.0023016062189381405,6.743778813553462,0.08577636837209619,-13.83385654031187,-0.845232402679053,-68.19518007613506,1.5397792612636616,22.13054882716876,0.20689099899680946,-0.02813176353785196,0.00020257,0.4982788039718815,0.00049835,1,0.0
447,0.7991517177447802,0.5728468225388955,-0.00032169,2.1555968919717063,3.134572259162862,70.00495804615144,-0.0023016062189381405,9.552382523836378,0.08577636837209619,-58.54219500556712,-0.845232402679053,8.604660259925073,1.5397792612636616,22.67474024435459,0.20689099899680946,0.3313235845999958,0.00020257,1.0207555742367551,0.00049835,0,0.0
448,0.012542825060995674,0.3658980342206487,-0.00032169,2.1555968919717063,3.134572259162862,39.893716570073906,-0.0023016062189381405,-1.2904112705189958,0.08577636837209619,-14.255367703200315,-0.845232402679053,46.727121279636165,1.5397792612636616,-13.260631275146757,0.20689099899680946,0.08519939210231908,0.00020257,0.6707772740764809,0.00049835,0,0.0
449,0.38420188703834074,0.156852410905016,-0.00032169,2.1555968919717063,3.134572259162862,-22.142500832551296,-0.0023016062189381405,12.111634253369466,0.08577636837209619,-54.580639043246514,-0.845232402679053,-4.1162194005657184,1.5397792612636616,43.03159222830475,0.20689099899680946,-0.24425346278408222,0.00020257,0.2498637645353483,0.00049835,1,0.0
450,0.6081778130886686,0.14321377543328956,-0.00032169,2.1555968919717063,3.134572259162862,-14.903305044242526,-0.0023016062189381405,10.686340378652341,0.08577636837209619,-52.022155834646355,-0.845232402679053,-33.034217778419,1.5397792612636616,54.043648711123886,0.20689099899680946,-0.23909410203067724,0.00020257,0.24827198792086855,0.00049835,1,0.0
451,0.1633481240988508,0.12887959719619999,-0.00032169,2.1555968919717063,3.134572259162862,61.732844634822435,-0.0023016062189381405,14.219229270915697,0.08577636837209619,-67.04054964977581,-0.845232402679053,27.544293667926446,1.5397792612636616,3.312844657379635,0.20689099899680946,0.38813367064475207,0.00020257,0.4219272500078474,0.00049835,0,0.0
452,0.12388197286152847,0.0900393535936859,-0.00032169,2.1555968919717063,3.134572259162862,-21.32766824890023,-0.0023016062189381405,10.369069256546357,0.08577636837209619,-80.7915233739925,-0.845232402679053,38.03819279729568,1.5397792612636616,49.768034786261765,0.20689099899680946,-0.20128547280106837,0.00020257,0.20509738702992122,0.00049835,1,0.0
453,0.16736124278655612,0.09690568553010948,-0.00032169,2.1555968919717063,3.134572259162862,-79.21720957247416,-0.0023016062189381405,-5.5376314265953015,0.08577636837209619,-30.868350585826636,-0.845232402679053,76.34489235848918,1.5397792612636616,50.04925749536598,0.20689099899680946,-0.19734676617954142,0.00020257,0.2001520374702024,0.00049835,1,0.0
454,0.9530695400751416,0.20222352367738103,-0.00032169,2.1555968919717063,3.134572259162862,-46.000181554879106,-0.0023016062189381405,10.220642046311085,0.08577636837209619,-63.36815755910278,-0.845232402679053,-34.357416736977484,1.5397792612636616,85.40685711047537,0.20689099899680946,-0.23195277809069093,0.00020257,0.24160783218051085,0.00049835,1,0.0
455,0.9414328519358769,0.30711907077968137,-0.00032169,2.1555968919717063,3.134572259162862,-10.66251115196714,-0.0023016062189381405,15.273485545138787,0.08577636837209619,-54.5638177135687,-0.845232402679053,-74.47691475561273,1.5397792612636616,65.79547215106345,0.20689099899680946,-0.3374766338219179,0.00020257,0.3537104707156548,0.00049835,1,0.0
456,-0.03527410986010748,0.9810466120154062,-0.00032169,2.1555968919717063,3.134572259162862,12.128049649455297,-0.0023016062189381405,6.942925996001686,0.08577636837209619,-1e-20,-0.845232402679053,41.41003718579762,1.5397792612636616,-28.932814818213387,0.20689099899680946,-0.23375803756394575,0.00020257,0.8104051090607644,0.00049835,1,0.0
457,0.09916082462404674,0.12290933156368304,-0.00032169,2.1555968919717063,3.134572259162862,7.9461720249310375,-0.0023016062189381405,10.442434028160722,0.08577636837209619,-63.07527191417409,-0.845232402679053,15.361817294274292,1.5397792612636616,29.05136900305456,0.20689099899680946,-0.13558983447804665,0.00020257,0.24512712268911466,0.00049835,1,0.0
458,0.0028286497488743123,0.6594827162873147,-0.00032169,2.1555968919717063,3.134572259162862,-14.336371503318553,-0.0023016062189381405,9.761481496094614,0.08577636837209619,-57.69289661176849,-0.845232402679053,90.58362833051257,1.5397792612636616,12.016683537752503,0.20689099899680946,-0.14566187879381187,0.00020257,0.7404451431477447,0.00049835,1,0.0
459,0.2776970534207638,0.33429994102466826,-0.00032169,2.1555968919717063,3.134572259162862,-53.543143862398004,-0.0023016062189381405,14.310506218834227,0.08577636837209619,-88.0487335459689,-0.845232402679053,49.92118981549386,1.5397792612636616,61.91886203662597,0.20689099899680946,-0.35564668264910193,0.00020257,0.35809766224161754,0.00049835,1,0.0
460,0.11020395965054514,0.005564219894118755,-0.00032169,2.1555968919717063,3.134572259162862,-54.020861711899066,-0.0023016062189381405,1.7223841530004222,0.08577636837209619,-61.33230063733746,-0.845232402679053,67.81132827513814,1.5397792612636616,53.43888932934335,0.20689099899680946,-0.029866891313473642,0.00020257,0.03177279884257009,0.00049835,1,0.0
461,2.0753661260994773,2.5504633631660147,-0.00032169,2.1555968919717063,3.134572259162862,68.0838816771253,-0.0023016062189381405,9.31707131243385,0.08577636837209619,-54.332071451876445,-0.845232402679053,-73.20753026815413,1.5397792612636616,74.58210626808217,0.20689099899680946,0.22576650150806699,0.00020257,1.6383201126665445,0.00049835,0,0.0
462,0.005138374156935743,0.2889885146257214,-0.00032169,2.1555968919717063,3.134572259162862,57.576680742379956,-0.0023016062189381405,11.887963932485329,0.08577636837209619,-15.983884307984145,-0.845232402679053,-6.2880885183593715,1.5397792612636616,-28.35082485340143,0.20689099899680946,0.05731268615813434,0.00020257,0.45721217120607105,0.00049835,0,0.0
463,0.7418466438981459,0.07293553891674587,-0.00032169,2.1555968919717063,3.134572259162862,-74.62211383754627,-0.0023016062189381405,6.4982744852436785,0.08577636837209619,-70.59298126395984,-0.845232402679053,20.120592026961912,1.5397792612636616,89.25594755552306,0.20689099899680946,-0.09696555442269884,0.00020257,0.09701934160343385,0.00049835,1,0.0
464,3.779632992195747e-05,0.13101731907466466,-0.00032169,2.1555968919717063,3.134572259162862,42.42691554888042,-0.0023016062189381405,10.522935080483451,0.08577636837209619,-64.47425356052801,-0.845232402679053,44.7388143535634,1.5397792612636616,6.4992160564509565,0.20689099899680946,0.29257431686988844,0.00020257,0.3167544851429398,0.00049835,0,0.0
465,0.690043057904301,0.30792960050236207,-0.00032169,2.1555968919717063,3.134572259162862,5.069781884018068,-0.0023016062189381405,12.610943978762744,0.08577636837209619,-82.28194607094882,-0.845232402679053,3.505225085106534,1.5397792612636616,60.43719779576844,0.20689099899680946,0.07108528606824502,0.00020257,0.4333334188804061,0.00049835,0,0.0
466,0.915268209883404,1.1844421061634296,-0.00032169,2.1555968919717063,3.134572259162862,-16.908854827259926,-0.0023016062189381405,-3.690283109950805,0.08577636837209619,-41.12655174462807,-0.845232402679053,28.234582781763937,1.5397792612636616,63.11325383640316,0.20689099899680946,-0.061474902567604905,0.00020257,0.8892854085952577,0.00049835,1,0.0
467,0.042965154042335696,0.15642337176684512,-0.00032169,2.1555968919717063,3.134572259162862,66.1780584427846,-0.0023016062189381405,9.970417517344316,0.08577636837209619,-8.23741994856595,-0.845232402679053,-49.81278052603077,1.5397792612636616,-22.175161740405155,0.20689099899680946,-0.08253964956003834,0.00020257,0.29099990600916903,0.00049835,1,0.0
468,0.6219519025823941,0.2810346883349494,-0.00032169,2.1555968919717063,3.134572259162862,19.133762732447902,-0.0023016062189381405,12.860843931183087,0.08577636837209619,-93.79373657653962,-0.845232402679053,38.614831366336816,1.5397792612636616,53.09885167181895,0.20689099899680946,0.3114997389381955,0.00020257,0.5457058127192758,0.00049835,0,0.0
469,0.1436759958645742,0.05382156987690319,-0.00032169,2.1555968919717063,3.134572259162862,-61.70613064842834,-0.0023016062189381405,-4.272897916973244,0.08577636837209619,-25.56403192738775,-0.845232402679053,58.73263086382667,1.5397792612636616,40.70765808339304,0.20689099899680946,-0.14357576829261068,0.00020257,0.1443907139234669,0.00049835,1,0.0
470,1.1041671573911822,1.6664515039640728,-0.00032169,2.1555968919717063,3.134572259162862,77.76339630790861,-0.0023016062189381405,32.629048630949114,0.08577636837209619,-59.431475722029,-0.845232402679053,-17.28732408983937,1.5397792612636616,-6.183477439202326,0.20689099899680946,0.1976758062030497,0.00020257,1.5502165063392523,0.00049835,0,0.0
471,0.4911400424483344,0.2609386604261151,-0.00032169,2.1555968919717063,3.134572259162862,73.65076290059399,-0.0023016062189381405,17.3579391533505,0.08577636837209619,-43.92563969046949,-0.845232402679053,-49.42489612867848,1.5397792612636616,2.6834472616280363,0.20689099899680946,0.14608667256397337,0.00020257,0.49661082632068143,0.00049835,0,0.0
472,1.6128254678649108,0.9183036950786025,-0.00032169,2.1555968919717063,3.134572259162862,65.90868644284195,-0.0023016062189381405,22.591938217862435,0.08577636837209619,-96.03064160094635,-0.845232402679053,-68.86034258448369,1.5397792612636616,73.30488188383565,0.20689099899680946,0.31357927593011115,0.00020257,1.0166335740305836,0.00049835,0,0.0
473,0.3047376000877611,0.020614082345723223,-0.00032169,2.1555968919717063,3.134572259162862,-10.160176101783053,-0.0023016062189381405,3.432397471189059,0.08577636837209619,-14.139220142798894,-0.845232402679053,-18.693136373193372,1.5397792612636616,22.226740111207604,0.20689099899680946,-0.07457215472621453,0.00020257,0.07583804309759112,0.00049835,1,0.0
474,1.458154799121135,1.4014888049621281,-0.00032169,2.1555968919717063,3.134572259162862,2.1133128880936627,-0.0023016062189381405,2.101484489080616,0.08577636837209619,-24.975406887473493,-0.845232402679053,-61.94226450249978,1.5397792612636616,69.77090940102337,0.20689099899680946,-0.05218545866330265,0.00020257,0.8616763893136385,0.00049835,1,0.0
475,0.30320626171102516,0.18870891118219313,-0.00032169,2.1555968919717063,3.134572259162862,48.40065104772266,-0.0023016062189381405,15.311695045914327,0.08577636837209619,-63.55163112992346,-0.845232402679053,16.663090365177577,1.5397792612636616,10.046422346555559,0.20689099899680946,0.29963599876912383,0.00020257,0.4583782873315515,0.00049835,0,0.0
476,0.001154551988282848,0.24671940365936043,-0.00032169,2.1555968919717063,3.134572259162862,66.5361242325205,-0.0023016062189381405,6.754121409400763,0.08577636837209619,-34.25224644705478,-0.845232402679053,63.25553799412915,1.5397792612636616,-25.97099745201686,0.20689099899680946,0.2636099393356493,0.00020257,0.8748677602285457,0.00049835,0,0.0
477,0.0004408640726649704,0.15666358691214333,-0.00032169,2.1555968919717063,3.134572259162862,94.88399200955824,-0.0023016062189381405,8.473063440242932,0.08577636837209619,-36.01335085767901,-0.845232402679053,51.1738368631196,1.5397792612636616,-35.31079230434443,0.20689099899680946,0.36649819289759344,0.00020257,0.914933411096333,0.00049835,0,0.0
478,-0.0016302000922733817,0.08600782392803163,-0.00032169,2.1555968919717063,3.134572259162862,19.65332044049312,-0.0023016062189381405,6.082929558860699,0.08577636837209619,-33.01004208289275,-0.845232402679053,8.780312439398514,1.5397792612636616,6.575282485655889,0.20689099899680946,-0.013639163155204748,0.00020257,0.16951490770092775,0.00049835,1,0.0
479,0.32766732991136527,0.0815923351857284,-0.00032169,2.1555968919717063,3.134572259162862,-9.047351747428465,-0.0023016062189381405,9.572752592433988,0.08577636837209619,-45.80414216936551,-0.845232402679053,-11.679217568870348,1.5397792612636616,35.81109723421236,0.20689099899680946,-0.18932674337218186,0.00020257,0.19488567712071864,0.00049835,1,0.0
480,0.7341637952109202,0.7323895771734058,-0.00032169,2.1555968919717063,3.134572259162862,-24.442593969854972,-0.0023016062189381405,-0.5670455445633041,0.08577636837209619,-57.90885625620654,-0.845232402679053,50.706857133550386,1.5397792612636616,63.77488479934135,0.20689099899680946,0.030846814162881986,0.00020257,0.7120746009609742,0.00049835,0,0.0
481,0.9491265394872026,0.4284757732299133,-0.00032169,2.1555968919717063,3.134572259162862,17.593936426199566,-0.0023016062189381405,10.780947716837458,0.08577636837209619,-25.333364313833908,-0.845232402679053,-99.13752477283742,1.5397792612636616,45.436533522124144,0.20689099899680946,-0.2836036620122159,0.00020257,0.41944866470002307,0.00049835,1,0.0
482,0.8585809524510752,1.5916566824211176,-0.00032169,2.1555968919717063,3.134572259162862,-6.847989956929536,-0.0023016062189381405,-8.060303464790236,0.08577636837209619,-23.10959095559528,-0.845232402679053,52.301950832732494,1.5397792612636616,44.29864821509411,0.20689099899680946,-0.05027967552884394,0.00020257,1.2018245474000246,0.00049835,1,0.0
483,0.0038550078819343803,0.1394868075013948,-0.00032169,2.1555968919717063,3.134572259162862,62.560853502970296,-0.0023016062189381405,9.21301406934874,0.08577636837209619,-52.36921907676065,-0.845232402679053,57.14288670834023,1.5397792612636616,-12.127206454303492,0.20689099899680946,0.3228537021976895,0.00020257,0.6497970950565375,0.00049835,0,0.0
484,0.2593136724030546,0.07961244719052842,-0.00032169,2.1555968919717063,3.134572259162862,-90.15526840094367,-0.0023016062189381405,-4.052515435001713,0.08577636837209619,-47.51745013161874,-0.845232402679053,83.50661223330589,1.5397792612636616,65.8628305718736,0.20689099899680946,-0.16826524900035444,0.00020257,0.16799692234027325,0.00049835,1,0.0
485,0.7705289137056566,0.4136411346346036,-0.00032169,2.1555968919717063,3.134572259162862,99.97609558043402,-0.0023016062189381405,25.627849509265193,0.08577636837209619,-51.30243982917311,-0.845232402679053,-87.56872226803752,1.5397792612636616,1.1171857892108286,0.20689099899680946,0.1591754382605256,0.00020257,0.6841060189249032,0.00049835,0,0.0
486,-5.428300187571011e-05,0.03333983876266603,-0.00032169,2.1555968919717063,3.134572259162862,93.88604418843711,-0.0023016062189381405,18.531979536191262,0.08577636837209619,-90.61887488756875,-0.845232402679053,44.2200569983387,1.5397792612636616,-5.7982603047819765,0.20689099899680946,0.4471655676047943,0.00020257,0.5728439105343692,0.00049835,0,0.0
487,0.24167861581893224,0.008101945942079126,-0.00032169,2.1555968919717063,3.134572259162862,-25.970240982978776,-0.0023016062189381405,1.9387395119226072,0.08577636837209619,-25.566373465640822,-0.845232402679053,9.636209900966485,1.5397792612636616,31.349885024085367,0.20689099899680946,-0.030354431884717408,0.00020257,0.030531160788494282,0.00049835,1,0.0
488,0.37714918556176313,0.036471233539662404,-0.00032169,2.1555968919717063,3.134572259162862,-39.72162605223932,-0.0023016062189381405,5.980943566614898,0.08577636837209619,-61.06500430314216,-0.845232402679053,22.404648867533517,1.5397792612636616,58.934283887797065,0.20689099899680946,-0.11629984000830944,0.00020257,0.11754435817605684,0.00049835,1,0.0
489,-0.5791502485922525,2.4125038447899474,-0.00032169,2.1555968919717063,3.134572259162862,60.45838783725563,-0.0023016062189381405,13.035919641058728,0.08577636837209619,-1e-20,-0.845232402679053,37.52374770968241,1.5397792612636616,-71.28006951931003,0.20689099899680946,-0.3586041937547876,0.00020257,0.8323829357500788,0.00049835,1,0.0
490,0.14036711116539402,0.1266141448911376,-0.00032169,2.1555968919717063,3.134572259162862,-17.24595696818465,-0.0023016062189381405,10.866660537141192,0.08577636837209619,-97.41942456034978,-0.845232402679053,58.55050781317943,1.5397792612636616,56.09168153782381,0.20689099899680946,-0.06822505774883583,0.00020257,0.2496958267986146,0.00049835,1,0.0
491,0.4588179164045909,0.03617704900160165,-0.00032169,2.1555968919717063,3.134572259162862,-39.26370501309948,-0.0023016062189381405,5.727879147782816,0.08577636837209619,-45.843929745955855,-0.845232402679053,5.64049127150012,1.5397792612636616,53.10905325970597,0.20689099899680946,-0.09738234352140301,0.00020257,0.09858145315661032,0.00049835,1,0.0
492,0.319859022106076,0.9102985628631068,-0.00032169,2.1555968919717063,3.134572259162862,0.3067331502908601,-0.0023016062189381405,15.886443229763046,0.08577636837209619,-2.035125680998931,-0.845232402679053,-50.48957368631819,1.5397792612636616,-5.301768284963596,0.20689099899680946,-0.5300267824780457,0.00020257,0.5320019675010929,0.00049835,1,0.0
493,0.11747357021323968,0.06530819764222195,-0.00032169,2.1555968919717063,3.134572259162862,55.918107874638125,-0.0023016062189381405,15.255981056976982,0.08577636837209619,-96.68036983375293,-0.845232402679053,71.64707495881835,1.5397792612636616,15.436594683524874,0.20689099899680946,0.45855303852024454,0.00020257,0.5493400525134045,0.00049835,0,0.0
494,0.5463151672598187,0.6567572285332761,-0.00032169,2.1555968919717063,3.134572259162862,26.676183496454733,-0.0023016062189381405,1.6713610958328589,0.08577636837209619,-45.02160365804824,-0.845232402679053,27.704434272097053,1.5397792612636616,30.708651779081485,0.20689099899680946,0.07961903473652054,0.00020257,0.7905668361180639,0.00049835,0,0.0
495,0.03157950327864548,0.00897497649448421,-0.00032169,2.1555968919717063,3.134572259162862,-56.86552326061001,-0.0023016062189381405,0.25046909468799117,0.08577636837209619,-60.52778184711771,-0.845232402679053,79.53699663600776,1.5397792612636616,51.38703237661789,0.20689099899680946,-0.046703213288407326,0.00020257,0.046639277808173556,0.00049835,1,0.0
496,-0.0010469661579966816,0.29552006218746557,-0.00032169,2.1555968919717063,3.134572259162862,2.162468229799899,-0.0023016062189381405,-2.6689549525977387,0.08577636837209619,-11.253014010224513,-0.845232402679053,54.60108031182156,1.5397792612636616,-1.200959449442031,0.20689099899680946,-0.009806299148278158,0.00020257,0.4910025324410978,0.00049835,1,0.0
497,-0.00996983148152375,0.7162965874355407,-0.00032169,2.1555968919717063,3.134572259162862,100.0,-0.0023016062189381405,27.20857683068775,0.08577636837209619,-84.87038628216247,-0.845232402679053,71.72747473945344,1.5397792612636616,-35.95783319370541,0.20689099899680946,0.19875184103735855,0.00020257,1.2807681181864565,0.00049835,0,0.0
498,1.919952947916609,1.682202231262034,-0.00032169,2.1555968919717063,3.134572259162862,17.08736131251565,-0.0023016062189381405,8.650977027041469,0.08577636837209619,-39.30928406416981,-0.845232402679053,-78.27423412607234,1.5397792612636616,80.30455950182782,0.20689099899680946,0.20417080475966437,0.00020257,1.0588081708380765,0.00049835,0,0.0
499,0.8038474677976983,1.1652025448943315,-0.00032169,2.1555968919717063,3.134572259162862,-20.34035066772647,-0.0023016062189381405,-2.8992848119974064,0.08577636837209619,-66.44886746700307,-0.845232402679053,69.24626482516526,1.5397792612636616,70.3227790814478,0.20689099899680946,-0.01027522506119738,0.00020257,0.9778343240753863,0.00049835,1,0.0
500,1.0068697765752401,17.100564407006882,-0.00032169,0.7631940241558249,2.47659447396597,-67.1065659839725,-0.0023016062189381405,-42.3374731032751,0.08577636837209619,-43.80375456145156,-0.845232402679053,92.44587759568034,1.5397792612636616,78.83361587470228,0.20689099899680946,-7.8550886057051565,0.00020257,0.23842179036740863,0.00049835,1,0.0
501,1.7068711622583463,0.8358399724394902,-0.00032169,0.7631940241558249,2.47659447396597,-18.967295754122304,-0.0023016062189381405,36.990264493401426,0.08577636837209619,-99.7985791091593,-0.845232402679053,27.785576415977182,1.5397792612636616,61.69030680892013,0.20689099899680946,0.2836885713492363,0.00020257,3.944880047063739,0.00049835,0,0.0
502,-5.077694975543344,46.304901171911396,-0.00032169,0.7631940241558249,2.47659447396597,28.195749253632272,-0.0023016062189381405,14.609421013861617,0.08577636837209619,-23.37079916658452,-0.845232402679053,73.12573273206903,1.5397792612636616,-72.93306934598715,0.20689099899680946,-5.825625894646502,0.00020257,0.22383714700997626,0.00049835,1,0.0
503,-0.7744447303363267,2.2656297660561155,-0.00032169,0.7631940241558249,2.47659447396597,59.016371931679686,-0.0023016062189381405,30.262909928381568,0.08577636837209619,-16.917001102333828,-0.845232402679053,32.20245260863744,1.5397792612636616,-60.10568066200136,0.20689099899680946,3.2002879997468527,0.00020257,8.479478137994565,0.00049835,0,0.0
504,-0.006413971044855193,0.18099703342977624,-0.00032169,0.7631940241558249,2.47659447396597,5.173101526524657,-0.0023016062189381405,30.30668153796298,0.08577636837209619,-96.10017387799562,-0.845232402679053,80.39547151508414,1.5397792612636616,18.670228107546738,0.20689099899680946,1.5803208460527507,0.00020257,4.404408136382185,0.00049835,0,0.0
505,1.6155241249737156,7.773910989222108,-0.00032169,0.7631940241558249,2.47659447396597,72.24302727108049,-0.0023016062189381405,75.4410807861008,0.08577636837209619,-61.83494805248109,-0.845232402679053,-4.954275337428412,1.5397792612636616,-35.44988129832623,0.20689099899680946,5.106405030589211,0.00020257,16.094124916039405,0.00049835,0,0.0
506,0.6011476522926222,0.3396705966098604,-0.00032169,0.7631940241558249,2.47659447396597,-25.375557148626775,-0.0023016062189381405,6.521466134781792,0.08577636837209619,-73.71012448884194,-0.845232402679053,55.40544432629874,1.5397792612636616,49.26286665242735,0.20689099899680946,-0.12663541506114107,0.00020257,0.13472385939220555,0.00049835,1,0.0
507,0.7518893745436828,0.7087773221105689,-0.00032169,0.7631940241558249,2.47659447396597,0.06434269630491515,-0.0023016062189381405,47.39776948494296,0.08577636837209619,-99.85849258193959,-0.845232402679053,41.75498806640213,1.5397792612636616,32.287141930616116,0.20689099899680946,0.5417275307857712,0.00020257,5.297416779977132,0.00049835,0,0.0
508,2.346821894190359,1.8466876308993798,-0.00032169,0.7631940241558249,2.47659447396597,6.953547281073224,-0.0023016062189381405,55.791785969941955,0.08577636837209619,-69.70460886502323,-0.845232402679053,-49.900967915359026,1.5397792612636616,40.974458519205704,0.20689099899680946,0.2766390897021944,0.00020257,8.32629221888265,0.00049835,0,0.0
509,-0.1367741794326407,3.2275901801675095,-0.00032169,0.7631940241558249,2.47659447396597,92.47948119304182,-0.0023016062189381405,70.75114618780783,0.08577636837209619,-8.666016886832777,-0.845232402679053,-36.041911943025404,1.5397792612636616,-85.50560406692829,0.20689099899680946,3.8464128244383042,0.00020257,14.34359413286743,0.00049835,0,0.0
510,-1.5452154470192352,3.7828033462002697,-0.00032169,0.7631940241558249,2.47659447396597,81.85420403351772,-0.0023016062189381405,39.42649818948315,0.08577636837209619,-31.12032276625854,-0.845232402679053,60.87914716732225,1.5397792612636616,-85.64225787741208,0.20689099899680946,4.20876336583669,0.00020257,11.426678440237543,0.00049835,0,0.0
511,-0.6770120053994462,3.1959478938432557,-0.00032169,0.7631940241558249,2.47659447396597,77.10486195586769,-0.0023016062189381405,76.06145848851588,0.08577636837209619,-99.91618063701553,-0.845232402679053,71.24921216289184,1.5397792612636616,-54.5218661855346,0.20689099899680946,4.567075167215051,0.00020257,14.5163641823342,0.00049835,0,0.0
512,-0.0007492334932091005,0.5332669175391266,-0.00032169,0.7631940241558249,2.47659447396597,21.635557045650216,-0.0023016062189381405,12.748067631891084,0.08577636837209619,-9.05971944545302,-0.845232402679053,21.37192278965555,1.5397792612636616,-20.905510214227466,0.20689099899680946,1.9775641615002095,0.00020257,3.291430694919125,0.00049835,0,0.0
513,2.7676237976453435,5.396436289391976,-0.00032169,0.7631940241558249,2.47659447396597,-39.974346721747246,-0.0023016062189381405,11.2057364317113,0.08577636837209619,-73.43457667892388,-0.845232402679053,2.9763357527672403,1.5397792612636616,87.76467382273914,0.20689099899680946,-0.15266985768463504,0.00020257,1.7175614491627609,0.00049835,1,0.0
514,1.2035345944191227,2.6031773690498077,-0.00032169,0.7631940241558249,2.47659447396597,-19.215218264928208,-0.0023016062189381405,-1.1808356427315452,0.08577636837209619,-45.36994160893079,-0.845232402679053,48.39459652387782,1.5397792612636616,38.96399870516561,0.20689099899680946,0.07936182357288535,0.00020257,1.7633195094683596,0.00049835,0,0.0
515,0.9621379674779624,6.975341761416339,-0.00032169,0.7631940241558249,2.47659447396597,-29.685908094855137,-0.0023016062189381405,17.08237537877369,0.08577636837209619,-50.20601641225541,-0.845232402679053,-36.126015416988544,1.5397792612636616,58.43672219779443,0.20689099899680946,-3.252429934457907,0.00020257,0.3410615869348883,0.00049835,1,0.0
516,2.7431676362925552,3.288262594674402,-0.00032169,0.7631940241558249,2.47659447396597,-33.11515970293784,-0.0023016062189381405,27.19090647193573,0.08577636837209619,-73.76685266335117,-0.845232402679053,20.13388738269736,1.5397792612636616,72.13551138034327,0.20689099899680946,0.3122057399034939,0.00020257,2.426813351276677,0.00049835,0,0.0
517,2.336681896021649,1.9111628497511528,-0.00032169,0.7631940241558249,2.47659447396597,5.739402829367107,-0.0023016062189381405,44.68297113696342,0.08577636837209619,-29.34005424709312,-0.845232402679053,-70.85628353913481,1.5397792612636616,28.768287530705752,0.20689099899680946,0.260691125295891,0.00020257,6.139393649286443,0.00049835,0,0.0
518,-0.1303926373291706,1.044020491198453,-0.00032169,0.7631940241558249,2.47659447396597,44.927754828053935,-0.0023016062189381405,32.63907963901595,0.08577636837209619,-22.912649260541173,-0.845232402679053,12.898570375904912,1.5397792612636616,-37.778549569456345,0.20689099899680946,2.4980168925074033,0.00020257,7.606078145905414,0.00049835,0,0.0
519,0.6126787998660606,0.30595080131733143,-0.00032169,0.7631940241558249,2.47659447396597,42.457314709846564,-0.0023016062189381405,48.13956869975368,0.08577636837209619,-17.44865072361159,-0.845232402679053,-66.0507733179707,1.5397792612636616,-21.61960008895976,0.20689099899680946,0.25859413098905115,0.00020257,9.282442885396462,0.00049835,0,0.0
520,-0.5414597429992871,1.9107415766423075,-0.00032169,0.7631940241558249,2.47659447396597,52.176384568061884,-0.0023016062189381405,45.844916989116555,0.08577636837209619,-75.54786964877373,-0.845232402679053,66.5600485839043,1.5397792612636616,-34.92121845852239,0.20689099899680946,3.359773072668608,0.00020257,10.204243918612926,0.00049835,0,0.0
521,1.7699638052477582,0.9435289134804874,-0.00032169,0.7631940241558249,2.47659447396597,3.725021411802021,-0.0023016062189381405,57.43414861955375,0.08577636837209619,-97.35804047036018,-0.845232402679053,-10.712795701142689,1.5397792612636616,44.329765338879696,0.20689099899680946,0.2596187493189497,0.00020257,7.918664915631624,0.00049835,0,0.0
522,-0.5657673269889516,2.639532516775841,-0.00032169,0.7631940241558249,2.47659447396597,99.49009593978631,-0.0023016062189381405,84.70543153099636,0.08577636837209619,-50.48259885626061,-0.845232402679053,-18.043470521790013,1.5397792612636616,-80.95528486871382,0.20689099899680946,3.335122489940468,0.00020257,17.124916773974654,0.00049835,0,0.0
523,1.4327218085122135,1.3908453563280374,-0.00032169,0.7631940241558249,2.47659447396597,36.443497113364664,-0.0023016062189381405,84.35696316528937,0.08577636837209619,-86.0243362615767,-0.845232402679053,-52.65402262281972,1.5397792612636616,9.390681255253128,0.20689099899680946,0.3033910300953231,0.00020257,12.311945192639726,0.00049835,0,0.0
524,3.427135164459713,11.984212554392187,-0.00032169,0.7631940241558249,2.47659447396597,-25.975206347978062,-0.0023016062189381405,9.896325018830868,0.08577636837209619,-64.7972789411968,-0.845232402679053,-8.904489258360051,1.5397792612636616,81.56648339845115,0.20689099899680946,0.32270821327358146,0.00020257,5.709908253044891,0.00049835,0,0.0
525,0.04321949342465736,11.420471327586483,-0.00032169,0.7631940241558249,2.47659447396597,-12.88550712141272,-0.0023016062189381405,14.757655199903326,0.08577636837209619,-4.048738015578299,-0.845232402679053,-87.30768076776523,1.5397792612636616,25.302040589519617,0.20689099899680946,-4.724162390184327,0.00020257,0.23892798571889262,0.00049835,1,0.0
526,-0.3416463376196477,3.884348775181234,-0.00032169,0.7631940241558249,2.47659447396597,73.72384674006554,-0.0023016062189381405,51.432912341878165,0.08577636837209619,-71.2601494035663,-0.845232402679053,20.745683900877797,1.5397792612636616,-43.38772767366638,0.20689099899680946,2.2595847706667227,0.00020257,15.72813252192638,0.00049835,0,0.0
527,1.694074250031885,15.091452758854428,-0.00032169,0.7631940241558249,2.47659447396597,51.58717794069084,-0.0023016062189381405,50.91460213448283,0.08577636837209619,-15.76353946894432,-0.845232402679053,48.91700385851782,1.5397792612636616,-47.022500516613654,0.20689099899680946,7.343539138372954,0.00020257,8.720567240021794,0.00049835,0,0.0
528,4.330658501349742,10.660101627211265,-0.00032169,0.7631940241558249,2.47659447396597,-32.577362908930475,-0.0023016062189381405,20.240099526467823,0.08577636837209619,-13.745798642547312,-0.845232402679053,-35.301640150127206,1.5397792612636616,67.18227160494439,0.20689099899680946,0.3661314456534055,0.00020257,3.2709538491662995,0.00049835,0,0.0
529,0.48291899511882574,0.18517033715461506,-0.00032169,0.7631940241558249,2.47659447396597,2.27463064196035,-0.0023016062189381405,32.21753349811459,0.08577636837209619,-71.83079638733925,-0.845232402679053,30.720715973025808,1.5397792612636616,21.75719571241269,0.20689099899680946,0.5544032604219793,0.00020257,4.084358263015066,0.00049835,0,0.0
530,-0.03928089298595627,0.7189324224336288,-0.00032169,0.7631940241558249,2.47659447396597,17.54474950804276,-0.0023016062189381405,27.41399744367035,0.08577636837209619,-72.37614560153709,-0.845232402679053,75.50070593831053,1.5397792612636616,-1.4527701580909227,0.20689099899680946,2.627656115903993,0.00020257,4.979054082020643,0.00049835,0,0.0
531,0.31188787453755595,5.620106743631935,-0.00032169,0.7631940241558249,2.47659447396597,48.70070554807689,-0.0023016062189381405,28.784971258712957,0.08577636837209619,-12.327350089211853,-0.845232402679053,64.1219392257297,1.5397792612636616,-52.51827899321435,0.20689099899680946,5.981822982030652,0.00020257,6.556467015845614,0.00049835,0,0.0
532,1.692335520734619,1.273294204449383,-0.00032169,0.7631940241558249,2.47659447396597,47.62179205359749,-0.0023016062189381405,75.92363311881589,0.08577636837209619,-45.51258442176577,-0.845232402679053,-97.82177590984782,1.5397792612636616,-5.342737644704863,0.20689099899680946,0.2550162519744559,0.00020257,13.289107707281932,0.00049835,0,0.0
533,0.008999055384272703,0.43879716811541786,-0.00032169,0.7631940241558249,2.47659447396597,39.2683733018483,-0.0023016062189381405,29.769043907588262,0.08577636837209619,-11.178784422599726,-0.845232402679053,-11.47264611509243,1.5397792612636616,-32.32171937767146,0.20689099899680946,1.607920588568505,0.00020257,6.738071913651377,0.00049835,0,0.0
534,0.0021625563973466377,0.08273465889108751,-0.00032169,0.7631940241558249,2.47659447396597,55.218539556493994,-0.0023016062189381405,44.643182538933196,0.08577636837209619,-2.2168396821377736,-0.845232402679053,-68.29559545219115,1.5397792612636616,-42.520951540065774,0.20689099899680946,0.26222002011413625,0.00020257,9.907966167677653,0.00049835,0,0.0
535,-0.07069761188533086,0.8021944802411405,-0.00032169,0.7631940241558249,2.47659447396597,76.65762248977728,-0.0023016062189381405,84.00756366869851,0.08577636837209619,-94.43272103740145,-0.845232402679053,-3.5670424985339224,1.5397792612636616,-38.72441230116078,0.20689099899680946,2.132067247839375,0.00020257,16.830803965307886,0.00049835,0,0.0
536,1.7458632788165265,1.5775686391823904,-0.00032169,0.7631940241558249,2.47659447396597,-28.505965092049664,-0.0023016062189381405,11.185178604702553,0.08577636837209619,-63.804920048992074,-0.845232402679053,36.859822550933345,1.5397792612636616,57.875095144167155,0.20689099899680946,0.30726758791316167,0.00020257,1.1441618311944153,0.00049835,0,0.0
537,3.3665978937821066,9.591863784457104,-0.00032169,0.7631940241558249,2.47659447396597,-23.531590370756525,-0.0023016062189381405,25.60533709557151,0.08577636837209619,-36.51473770757926,-0.845232402679053,19.057444450005352,1.5397792612636616,50.655263944947755,0.20689099899680946,0.3203068975238441,0.00020257,4.5093505916774035,0.00049835,0,0.0
538,2.2986514361448593,1.7695426767254965,-0.00032169,0.7631940241558249,2.47659447396597,-15.313527919959604,-0.0023016062189381405,21.83948927919791,0.08577636837209619,-24.871539097913868,-0.845232402679053,-39.58958332736123,1.5397792612636616,43.94994060392137,0.20689099899680946,0.2820698315072545,0.00020257,2.256367333517551,0.00049835,0,0.0
539,0.36605280341078916,5.312561342787982,-0.00032169,0.7631940241558249,2.47659447396597,-13.875371710024794,-0.0023016062189381405,12.55864876203727,0.08577636837209619,-19.056832616650624,-0.845232402679053,-7.412618474337995,1.5397792612636616,20.098991574973635,0.20689099899680946,-2.2522995444846625,0.00020257,0.4079452755498867,0.00049835,1,0.0
540,0.005449587130328615,0.0013936313380696471,-0.00032169,0.7631940241558249,2.47659447396597,-1.6109598212327858,-0.0023016062189381405,15.008427319995922,0.08577636837209619,-51.48702357036679,-0.845232402679053,36.61061239004077,1.5397792612636616,15.234619629327735,0.20689099899680946,0.29087075112691996,0.00020257,1.880969746406796,0.00049835,0,0.0
541,-1.1167437634598176,2.471358425409132,-0.00032169,0.7631940241558249,2.47659447396597,32.19823857626794,-0.0023016062189381405,13.501848285333761,0.08577636837209619,-49.47409163083715,-0.845232402679053,92.23708686422584,1.5397792612636616,-31.767728395920155,0.20689099899680946,2.6607274672820096,0.00020257,5.034191604010077,0.00049835,0,0.0
542,0.002613213814398385,0.2692012130009695,-0.00032169,0.7631940241558249,2.47659447396597,51.14353475419474,-0.0023016062189381405,41.15320577376027,0.08577636837209619,-11.755795724435485,-0.845232402679053,-39.51342244715258,1.5397792612636616,-39.230694761279594,0.20689099899680946,1.0492460644541675,0.00020257,9.208435244260539,0.00049835,0,0.0
543,1.6740238489894064,1.235361936434268,-0.00032169,0.7631940241558249,2.47659447396597,56.76419577782479,-0.0023016062189381405,97.5378122824111,0.08577636837209619,-83.675038410698,-0.845232402679053,-90.356730936503,1.5397792612636616,-1.792658019439677,0.20689099899680946,0.2537635398656164,0.00020257,16.54019383861381,0.00049835,0,0.0
544,0.7471177727220591,2.1974558969249616,-0.00032169,0.7631940241558249,2.47659447396597,-31.9413643899049,-0.0023016062189381405,-2.117252530044862,0.08577636837209619,-80.60522642091489,-0.845232402679053,76.88838298867425,1.5397792612636616,57.941742004912236,0.20689099899680946,-0.7094803662063017,0.00020257,0.5831952320869146,0.00049835,1,0.0
545,0.0012651008429269694,0.19702214909968643,-0.00032169,0.7631940241558249,2.47659447396597,32.65147748798259,-0.0023016062189381405,50.323015106286796,0.08577636837209619,-87.65205213949564,-0.845232402679053,32.159628336523056,1.5397792612636616,-3.609998188800328,0.20689099899680946,1.3404106661704058,0.00020257,9.12347459794035,0.00049835,0,0.0
546,4.069029288345467,5.159523897968871,-0.00032169,0.7631940241558249,2.47659447396597,-12.286009151013104,-0.0023016062189381405,58.66861828195864,0.08577636837209619,-60.278268301007245,-0.845232402679053,-89.51216842072327,1.5397792612636616,71.9183528265473,0.20689099899680946,0.26500840591292985,0.00020257,7.416251111935878,0.00049835,0,0.0
547,-0.39489341923707544,2.3345428790548284,-0.00032169,0.7631940241558249,2.47659447396597,48.68313154857653,-0.0023016062189381405,42.081846927921525,0.08577636837209619,-60.35544994783775,-0.845232402679053,70.51180621704671,1.5397792612636616,-38.86958345956571,0.20689099899680946,4.099027989885424,0.00020257,8.499300569679288,0.00049835,0,0.0
548,0.202366444371739,26.255157594170033,-0.00032169,0.7631940241558249,2.47659447396597,-42.55024780712676,-0.0023016062189381405,-32.52542679027223,0.08577636837209619,-1e-20,-0.845232402679053,-67.11218279946677,1.5397792612636616,61.479231862745095,0.20689099899680946,-6.5516026690928655,0.00020257,-2.4573332872577556,0.00049835,1,0.0
549,0.101906454757833,21.929614404786125,-0.00032169,0.7631940241558249,2.47659447396597,-28.723819345902047,-0.0023016062189381405,-22.574877260600985,0.08577636837209619,-63.12385787478102,-0.845232402679053,42.01043845050245,1.5397792612636616,56.94139980989798,0.20689099899680946,-3.4281229070750063,0.00020257,1.6933594985026632,0.00049835,1,0.0
550,-0.006676611941731636,0.5450074291078488,-0.00032169,0.7631940241558249,2.47659447396597,63.64643008810977,-0.0023016062189381405,71.74809117585085,0.08577636837209619,-82.63491872238868,-0.845232402679053,-0.3837238241219081,1.5397792612636616,-30.78945347860155,0.20689099899680946,1.8811799640797604,0.00020257,14.17666529519849,0.00049835,0,0.0
551,-0.06052935273959292,1.4347583744815755,-0.00032169,0.7631940241558249,2.47659447396597,85.43222485122112,-0.0023016062189381405,79.61459023509073,0.08577636837209619,-46.72587857021195,-0.845232402679053,-34.79038723790212,1.5397792612636616,-62.64444761410845,0.20689099899680946,2.5974225749192454,0.00020257,15.75220802929027,0.00049835,0,0.0
552,-0.05973448962160777,1.8307602323975594,-0.00032169,0.7631940241558249,2.47659447396597,8.466925560134296,-0.0023016062189381405,17.20484654468,0.08577636837209619,-48.139450766246185,-0.845232402679053,90.01760212242056,1.5397792612636616,-7.405335627702031,0.20689099899680946,1.1100532397276777,0.00020257,3.736342587225338,0.00049835,0,0.0
553,0.008025965227834497,0.10949637261901465,-0.00032169,0.7631940241558249,2.47659447396597,20.302528070210695,-0.0023016062189381405,40.79550411934653,0.08577636837209619,-83.02169548587099,-0.845232402679053,40.91780050101681,1.5397792612636616,4.932206467886883,0.20689099899680946,1.1230818645509357,0.00020257,6.7677466918391636,0.00049835,0,0.0
554,-0.618992011009149,4.950912816563095,-0.00032169,0.7631940241558249,2.47659447396597,-4.143316684495295,-0.0023016062189381405,-14.171072951872512,0.08577636837209619,-23.860162355178403,-0.845232402679053,71.06478429087564,1.5397792612636616,1.1142229461493147,0.20689099899680946,-1.2321003168735662,0.00020257,1.3578653868802724,0.00049835,1,0.0
555,1.067095322406935,0.5322515736907145,-0.00032169,0.7631940241558249,2.47659447396597,9.037003785692413,-0.0023016062189381405,23.177239508824574,0.08577636837209619,-4.925668701449854,-0.845232402679053,-42.57413215134944,1.5397792612636616,4.8828369513127035,0.20689099899680946,0.2882410114721412,0.00020257,3.4388109558206774,0.00049835,0,0.0
556,-0.027183498817070273,7.434578083832703,-0.00032169,0.7631940241558249,2.47659447396597,-32.53311177566268,-0.0023016062189381405,-22.70239076796204,0.08577636837209619,-52.42342192200182,-0.845232402679053,82.05633032683689,1.5397792612636616,43.76135798377651,0.20689099899680946,-3.148275318812126,0.00020257,0.23673615198694842,0.00049835,1,0.0
557,3.495845864791345,5.8544083029242895,-0.00032169,0.7631940241558249,2.47659447396597,-22.82442250116925,-0.0023016062189381405,41.2767246853913,0.08577636837209619,-74.79872750832222,-0.845232402679053,-9.799838246167992,1.5397792612636616,72.3119848834558,0.20689099899680946,1.7375217052432552,0.00020257,4.500067070290919,0.00049835,0,0.0
558,1.5617406879558893,0.8579346621211552,-0.00032169,0.7631940241558249,2.47659447396597,-14.5008287405553,-0.0023016062189381405,7.531213480472097,0.08577636837209619,-0.07845038279560096,-0.845232402679053,-42.61760153637368,1.5397792612636616,30.122265764465567,0.20689099899680946,-0.387080038121662,0.00020257,0.37692627500101666,0.00049835,1,0.0
559,-1.0278333609436556,2.67615957402655,-0.00032169,0.7631940241558249,2.47659447396597,87.07182764763743,-0.0023016062189381405,71.41193966808879,0.08577636837209619,-84.37074152662184,-0.845232402679053,43.627876930994994,1.5397792612636616,-65.19834958036427,0.20689099899680946,3.4981826545666026,0.00020257,15.933882680986898,0.00049835,0,0.0
560,3.2493506152284564,3.3243982440720976,-0.00032169,0.7631940241558249,2.47659447396597,4.046563837921206,-0.0023016062189381405,71.9896117349939,0.08577636837209619,-80.9016064752059,-0.845232402679053,-73.43567356196802,1.5397792612636616,55.327947611145646,0.20689099899680946,0.2579950806250402,0.00020257,9.723567238760626,0.00049835,0,0.0
561,-0.04758612720576344,0.802781556437603,-0.00032169,0.7631940241558249,2.47659447396597,7.898908143612339,-0.0023016062189381405,8.446840299950038,0.08577636837209619,-20.66325202441737,-0.845232402679053,51.36603915585881,1.5397792612636616,-9.768277668245844,0.20689099899680946,0.7644209324989695,0.00020257,2.385097095934355,0.00049835,0,0.0
562,-0.0020333259280969074,0.08886917950628191,-0.00032169,0.7631940241558249,2.47659447396597,-3.1139371027977196,-0.0023016062189381405,22.558152306980798,0.08577636837209619,-87.8746013150869,-0.845232402679053,79.90981364058489,1.5397792612636616,23.560351766012317,0.20689099899680946,1.1901393832789884,0.00020257,2.7712751812091656,0.00049835,0,0.0
563,-0.0008677812785347072,0.3554311756190904,-0.00032169,0.7631940241558249,2.47659447396597,76.79397727966543,-0.0023016062189381405,86.07942600483129,0.08577636837209619,-81.95616426402228,-0.845232402679053,-32.80626421038588,1.5397792612636616,-39.48465467329926,0.20689099899680946,1.3221605058537929,0.00020257,16.735659916881552,0.00049835,0,0.0
564,-0.6586983822009467,2.0328974642724114,-0.00032169,0.7631940241558249,2.47659447396597,49.754683036670336,-0.0023016062189381405,40.25654416972398,0.08577636837209619,-63.97850927456549,-0.845232402679053,67.47041336503989,1.5397792612636616,-38.40723332659064,0.20689099899680946,3.4004267499282155,0.00020257,8.935253752308217,0.00049835,0,0.0
565,-0.775910919380812,2.281574804186376,-0.00032169,0.7631940241558249,2.47659447396597,48.802899314981275,-0.0023016062189381405,28.563451097077124,0.08577636837209619,-42.19180383961363,-0.845232402679053,65.30170091539995,1.5397792612636616,-45.357555195499835,0.20689099899680946,3.4216749482701005,0.00020257,7.703023452872534,0.00049835,0,0.0
566,-0.009054268605238613,0.7469420344501484,-0.00032169,0.7631940241558249,2.47659447396597,39.89249297823214,-0.0023016062189381405,35.59134862934514,0.08577636837209619,-20.500543509185093,-0.845232402679053,-0.42959386201698374,1.5397792612636616,-32.69518651505428,0.20689099899680946,2.0211442065431866,0.00020257,6.823689605525986,0.00049835,0,0.0
567,-0.023993032752078203,2.71925301379693,-0.00032169,0.7631940241558249,2.47659447396597,32.169771641775334,-0.0023016062189381405,12.151299850561273,0.08577636837209619,-35.91528208038389,-0.845232402679053,46.168707313945134,1.5397792612636616,-19.16093265519537,0.20689099899680946,1.954233230983354,0.00020257,7.405831854745003,0.00049835,0,0.0
568,2.1003892928863603,10.194484817975443,-0.00032169,0.7631940241558249,2.47659447396597,-56.66156040821899,-0.0023016062189381405,27.854343040086317,0.08577636837209619,-79.33607729774717,-0.845232402679053,-19.664871340753418,1.5397792612636616,95.57358788710302,0.20689099899680946,-4.87393144609927,0.00020257,0.1076708383903564,0.00049835,1,0.0
569,1.5139309192547021,0.6883421720395305,-0.00032169,0.7631940241558249,2.47659447396597,-4.014040910855225,-0.0023016062189381405,43.31594593224923,0.08577636837209619,-84.99186360474339,-0.845232402679053,3.2507101676803347,1.5397792612636616,43.786699416804275,0.20689099899680946,0.26121776126754925,0.00020257,5.559288519868794,0.00049835,0,0.0
570,-0.6577341739004066,2.0409072708490723,-0.00032169,0.7631940241558249,2.47659447396597,71.41540821395587,-0.0023016062189381405,56.5498849093127,0.08577636837209619,-57.693126806936,-0.845232402679053,28.892356203302505,1.5397792612636616,-55.89937661106715,0.20689099899680946,3.1449807525862754,0.00020257,12.698733974697223,0.00049835,0,0.0
571,-0.057895826578010734,0.670073713021368,-0.00032169,0.7631940241558249,2.47659447396597,49.09038319388978,-0.0023016062189381405,54.45482823132711,0.08577636837209619,-72.2765886201978,-0.845232402679053,21.73093380835062,1.5397792612636616,-24.014260216472746,0.20689099899680946,2.1211432796066845,0.00020257,10.900794235739717,0.00049835,0,0.0
572,-1.0120293522141295,2.769066333382905,-0.00032169,0.7631940241558249,2.47659447396597,78.48288041182496,-0.0023016062189381405,51.80813095116603,0.08577636837209619,-45.12111550459699,-0.845232402679053,36.730538261293816,1.5397792612636616,-70.75463629489096,0.20689099899680946,3.6111799146673382,0.00020257,12.569471955511084,0.00049835,0,0.0
573,3.157241552793054,3.7072966918823775,-0.00032169,0.7631940241558249,2.47659447396597,-6.350029546876236,-0.0023016062189381405,56.26599476229061,0.08577636837209619,-92.13365761432163,-0.845232402679053,-45.26829017557526,1.5397792612636616,68.69650361823055,0.20689099899680946,0.29071334997261733,0.00020257,8.60924377830393,0.00049835,0,0.0
574,1.1172797087452733,0.6131464678643327,-0.00032169,0.7631940241558249,2.47659447396597,-28.546775318697847,-0.0023016062189381405,15.421227219392737,0.08577636837209619,-93.65557220136901,-0.845232402679053,68.72012081723165,1.5397792612636616,60.238980598332006,0.20689099899680946,0.34910164471973343,0.00020257,1.1774768853011737,0.00049835,0,0.0
575,1.2377910837146195,10.595895700786754,-0.00032169,0.7631940241558249,2.47659447396597,-37.38956419614711,-0.0023016062189381405,-26.6696503376708,0.08577636837209619,-22.521237179532193,-0.845232402679053,10.357861049624962,1.5397792612636616,59.1131067110709,0.20689099899680946,-3.22632732765482,0.00020257,0.24497245884911778,0.00049835,1,0.0
576,3.2080535505622665,3.1009647776375715,-0.00032169,0.7631940241558249,2.47659447396597,-19.306783239951365,-0.0023016062189381405,48.1046464247533,0.08577636837209619,-78.69317826549695,-0.845232402679053,-38.00609643361272,1.5397792612636616,72.91807776242304,0.20689099899680946,0.26445487294090997,0.00020257,5.528483116161274,0.00049835,0,0.0
577,-0.9087499594556818,2.5701589132862486,-0.00032169,0.7631940241558249,2.47659447396597,33.879093284707764,-0.0023016062189381405,2.0641570191722125,0.08577636837209619,-7.906190777993832,-0.845232402679053,79.23568243310676,1.5397792612636616,-46.55175354894747,0.20689099899680946,2.455478988666044,0.00020257,4.364930313216782,0.00049835,0,0.0
578,0.007736511883745134,1.972066104641708,-0.00032169,0.7631940241558249,2.47659447396597,37.983879464948515,-0.0023016062189381405,64.10477178179278,0.08577636837209619,-99.82182380735375,-0.845232402679053,63.24016208173567,1.5397792612636616,-13.483845852406315,0.20689099899680946,2.9055608948127496,0.00020257,9.340651832985621,0.00049835,0,0.0
579,1.801220438325898,1.1972893764058932,-0.00032169,0.7631940241558249,2.47659447396597,4.8460492991769595,-0.0023016062189381405,40.85872708872507,0.08577636837209619,-53.62891414749342,-0.845232402679053,-35.12907236592711,1.5397792612636616,31.998173165718104,0.20689099899680946,0.294184221026621,0.00020257,6.322618716354549,0.00049835,0,0.0
580,4.369631795734482,7.003994481079811,-0.00032169,0.7631940241558249,2.47659447396597,-20.10249016455562,-0.0023016062189381405,78.99395972909132,0.08577636837209619,-100.0,-0.845232402679053,-60.91917020578485,1.5397792612636616,87.16888092808338,0.20689099899680946,0.26728169725084516,0.00020257,8.04875729671036,0.00049835,0,0.0
581,1.635714907958744,0.7969363847186746,-0.00032169,0.7631940241558249,2.47659447396597,-15.04551147989382,-0.0023016062189381405,33.903071373817205,0.08577636837209619,-82.54558754853863,-0.845232402679053,14.877228462579144,1.5397792612636616,52.86147253914001,0.20689099899680946,0.2799535795444841,0.00020257,3.7300540660306103,0.00049835,0,0.0
582,-0.7435688315119289,2.3061276587499417,-0.00032169,0.7631940241558249,2.47659447396597,69.63658492036399,-0.0023016062189381405,62.676498524600795,0.08577636837209619,-85.5536430135448,-0.845232402679053,58.480480458535304,1.5397792612636616,-49.0910397643303,0.20689099899680946,3.608159843473403,0.00020257,13.17840969589679,0.00049835,0,0.0
583,2.4292398281693224,1.9760381286285418,-0.00032169,0.7631940241558249,2.47659447396597,-8.614275094022611,-0.0023016062189381405,34.48549549899119,0.08577636837209619,-33.30646136437143,-0.845232402679053,-50.17850416292087,1.5397792612636616,41.87650617410927,0.20689099899680946,0.2652505613156597,0.00020257,3.9594381108111554,0.00049835,0,0.0
584,1.5375017313426302,11.753885230983894,-0.00032169,0.7631940241558249,2.47659447396597,24.867491646282904,-0.0023016062189381405,1.1805538311394335,0.08577636837209619,-14.043425807999242,-0.845232402679053,-1.299524387824907,1.5397792612636616,2.4640477570961896,0.20689099899680946,0.9899709307903306,0.00020257,9.559794316870075,0.00049835,0,0.0
585,-0.8942721146072699,2.719373220136979,-0.00032169,0.7631940241558249,2.47659447396597,61.6533595698539,-0.0023016062189381405,43.87124491590137,0.08577636837209619,-75.52811377024061,-0.845232402679053,61.236067310775475,1.5397792612636616,-42.77098606280235,0.20689099899680946,2.779348706608695,0.00020257,12.011346552600763,0.00049835,0,0.0
586,-0.9884407884173202,2.4355843770297523,-0.00032169,0.7631940241558249,2.47659447396597,22.171485090169536,-0.0023016062189381405,-2.2967996414554506,0.08577636837209619,-29.377811784183137,-0.845232402679053,97.8777443284047,1.5397792612636616,-29.119562773112946,0.20689099899680946,1.602266714498164,0.00020257,3.807449570116738,0.00049835,0,0.0
587,0.8100669605421444,0.25663032675388514,-0.00032169,0.7631940241558249,2.47659447396597,0.047344017311063136,-0.0023016062189381405,20.701960380881545,0.08577636837209619,-34.51116137120783,-0.845232402679053,-4.074408493267501,1.5397792612636616,18.096929160867393,0.20689099899680946,0.2860987390509997,0.00020257,2.797747196660916,0.00049835,0,0.0
588,-1.152092490691996,3.131777119724961,-0.00032169,0.7631940241558249,2.47659447396597,86.35088843129407,-0.0023016062189381405,65.29271010270644,0.08577636837209619,-77.69423690594756,-0.845232402679053,58.33453860898499,1.5397792612636616,-70.1320128371807,0.20689099899680946,4.0602924227235455,0.00020257,14.981675279124236,0.00049835,0,0.0
589,0.006442866921419377,0.00012062298348280004,-0.00032169,0.7631940241558249,2.47659447396597,4.051078121674698,-0.0023016062189381405,28.77477559495126,0.08577636837209619,-77.16902006796273,-0.845232402679053,41.46015940762343,1.5397792612636616,18.461926231169752,0.20689099899680946,0.26720931681690185,0.00020257,4.041722508287587,0.00049835,0,0.0
590,1.824775405667072,3.609809250017987,-0.00032169,0.7631940241558249,2.47659447396597,20.66835464776826,-0.0023016062189381405,65.85016155308796,0.08577636837209619,-37.78076042792138,-0.845232402679053,-65.3757561887687,1.5397792612636616,8.082129852591814,0.20689099899680946,0.3401154061609204,0.00020257,7.811268785375992,0.00049835,0,0.0
591,2.1867151266588483,2.7160799121478343,-0.00032169,0.7631940241558249,2.47659447396597,-47.96314146836706,-0.0023016062189381405,6.425713304183692,0.08577636837209619,-93.22768939598318,-0.845232402679053,49.975679874210364,1.5397792612636616,91.15494207803928,0.20689099899680946,-0.29507339181382686,0.00020257,0.29144011497200295,0.00049835,1,0.0
592,-0.8151763121938322,12.220918289560432,-0.00032169,0.7631940241558249,2.47659447396597,-29.473869255982688,-0.0023016062189381405,-35.09826760937078,0.08577636837209619,-36.6522254885818,-0.845232402679053,98.02506860062962,1.5397792612636616,27.808828893138973,0.20689099899680946,-4.671999736544029,0.00020257,0.24500275693892082,0.00049835,1,0.0
593,1.1344452068492727,7.4412535362987615,-0.00032169,0.7631940241558249,2.47659447396597,-29.918167855718178,-0.0023016062189381405,-18.303135321950062,0.08577636837209619,-19.48021596987782,-0.845232402679053,-2.4183234241268896,1.5397792612636616,50.43817500345151,0.20689099899680946,-2.4172944699089296,0.00020257,0.22414841133010732,0.00049835,1,0.0
594,3.1644746938619828,3.1158244268468516,-0.00032169,0.7631940241558249,2.47659447396597,-8.76969356596239,-0.0023016062189381405,53.09001698673002,0.08577636837209619,-64.56922556231063,-0.845232402679053,-60.071905704572295,1.5397792612636616,59.87956876276753,0.20689099899680946,0.2591090992261207,0.00020257,6.632781877314287,0.00049835,0,0.0
595,0.0009020846690526163,0.3605000215337377,-0.00032169,0.7631940241558249,2.47659447396597,39.54666444860667,-0.0023016062189381405,54.528655802329865,0.08577636837209619,-82.7432369394019,-0.845232402679053,28.152254889702085,1.5397792612636616,-12.23695645262681,0.20689099899680946,1.745365452562175,0.00020257,9.84587752942043,0.00049835,0,0.0
596,-0.47214922743571486,2.354985417304094,-0.00032169,0.7631940241558249,2.47659447396597,40.68817349769206,-0.0023016062189381405,22.217356034116996,0.08577636837209619,-13.414936687327693,-0.845232402679053,49.799180058420866,1.5397792612636616,-46.70492664262917,0.20689099899680946,3.7222079552291687,0.00020257,4.934785495782195,0.00049835,0,0.0
597,-0.6829475962244986,3.175441351769828,-0.00032169,0.7631940241558249,2.47659447396597,33.7139838766868,-0.0023016062189381405,16.471828943859194,0.08577636837209619,-23.902261859098395,-0.845232402679053,88.09063757072659,1.5397792612636616,-43.73666497799353,0.20689099899680946,3.2930150667430516,0.00020257,4.48023996436055,0.00049835,0,0.0
598,1.323750000282088,0.6092724545604321,-0.00032169,0.7631940241558249,2.47659447396597,-6.498270277856609,-0.0023016062189381405,23.03667258276341,0.08577636837209619,-37.62322788967742,-0.845232402679053,-11.004263094871964,1.5397792612636616,29.481380835921883,0.20689099899680946,0.2809501231669824,0.00020257,2.6519601705335054,0.00049835,0,0.0
599,0.5515439587219089,0.11844561334472914,-0.00032169,0.7631940241558249,2.47659447396597,-4.124115089110684,-0.0023016062189381405,19.207762687392442,0.08577636837209619,-52.27721475195348,-0.845232402679053,20.927728645591245,1.5397792612636616,23.842357659512952,0.20689099899680946,0.28245546479427963,0.00020257,2.443215208235546,0.00049835,0,0.0
600,0.002294103999131633,2.284176719850854e-06,-0.00032169,4.121352885726401,32.50711697721612,49.28258169199276,-0.0023016062189381405,46.95635135059103,0.08577636837209619,-69.26433036917702,-0.845232402679053,-54.12934279501775,1.5397792612636616,-19.849988804000617,0.20689099899680946,-0.00013697696845464447,0.00020257,0.0001369824219218996,0.00049835,1,0.0
601,0.002685899914461083,1.9233092413862612e-06,-0.00032169,4.121352885726401,32.50711697721612,-39.86925941561746,-0.0023016062189381405,44.12456866987567,0.08577636837209619,-81.73653134990433,-0.845232402679053,-17.556840099544853,1.5397792612636616,0.840325595646077,0.20689099899680946,-0.00012779568011415135,0.00020257,0.0001278400696226715,0.00049835,1,0.0
602,6.147339404820491e-05,8.937405306289844e-07,-0.00032169,4.121352885726401,32.50711697721612,95.79238979169543,-0.0023016062189381405,29.687261766242553,0.08577636837209619,-76.06152766550787,-0.845232402679053,-8.626299249203928,1.5397792612636616,-23.912006951712332,0.20689099899680946,-8.311410555977706e-05,0.00020257,8.311458220319342e-05,0.00049835,1,0.0
603,0.0031461760262884494,6.262402587409014e-06,-0.00032169,4.121352885726401,32.50711697721612,14.905399081245593,-0.0023016062189381405,54.405326075887636,0.08577636837209619,-84.0955721419293,-0.845232402679053,-37.59759656049446,1.5397792612636616,-12.289521482022574,0.20689099899680946,-0.00015389394695522696,0.00020257,0.00016048822387165122,0.00049835,1,0.0
604,3.2499586426996876e-05,4.558538005178629e-06,-0.00032169,4.121352885726401,32.50711697721612,64.7441454938047,-0.0023016062189381405,19.57481778589132,0.08577636837209619,-54.684446020959015,-0.845232402679053,-90.60680730506283,1.5397792612636616,-13.457894018186321,0.20689099899680946,-4.842452418294489e-05,0.00020257,5.6828168499762556e-05,0.00049835,1,0.0
605,0.0028964215873609218,1.6821460653542475e-06,-0.00032169,4.121352885726401,32.50711697721612,-20.2365430998844,-0.0023016062189381405,39.53936241844443,0.08577636837209619,-46.53919100469721,-0.845232402679053,52.75177106220376,1.5397792612636616,-4.854970343421176,0.20689099899680946,-0.00011819419818929074,0.00020257,0.00011830649179926681,0.00049835,1,0.0
606,0.002391476059469228,1.1087902908178855e-06,-0.00032169,4.121352885726401,32.50711697721612,-7.612544993899684,-0.0023016062189381405,31.543335373181232,0.08577636837209619,-28.72376904965468,-0.845232402679053,1.752797083867573,1.5397792612636616,-6.172561662634939,0.20689099899680946,-9.502933117041368e-05,0.00020257,9.513601592042232e-05,0.00049835,1,0.0
607,0.006446063235725898,6.604174074813866e-06,-0.00032169,4.121352885726401,32.50711697721612,-57.411137897778175,-0.0023016062189381405,78.86326954745502,0.08577636837209619,-69.93892067667574,-0.845232402679053,60.69856962184227,1.5397792612636616,-7.689193710934879,0.20689099899680946,-0.00023904758946758026,0.00020257,0.00023908561220251545,0.00049835,1,0.0
608,0.0023025739819227116,3.881207002259152e-07,-0.00032169,4.121352885726401,32.50711697721612,-93.69640019528856,-0.0023016062189381405,19.67141126237311,0.08577636837209619,-24.423822867133772,-0.845232402679053,74.69635155977353,1.5397792612636616,15.269011475731082,0.20689099899680946,-6.048404840721759e-05,0.00020257,6.049234852545709e-05,0.00049835,1,0.0
609,0.001196537862256828,1.3069297311376989e-08,-0.00032169,4.121352885726401,32.50711697721612,-93.98223870102531,-0.0023016062189381405,3.2993981531064533,0.08577636837209619,-5.15021249403739,-0.845232402679053,58.08359470407509,1.5397792612636616,19.11044651786783,0.20689099899680946,-1.2959984815868017e-05,0.00020257,1.2959701712800323e-05,0.00049835,1,0.0
610,0.004211397617193813,1.9583069336415412e-05,-0.00032169,4.121352885726401,32.50711697721612,-99.61417478681636,-0.0023016062189381405,40.528881550821765,0.08577636837209619,-56.84669147531967,-0.845232402679053,-38.39362160949844,1.5397792612636616,21.30293597792149,0.20689099899680946,-9.290256801369642e-05,0.00020257,0.00012916440462778633,0.00049835,1,0.0
611,9.640320528674995e-06,5.82635551043253e-08,-0.00032169,4.121352885726401,32.50711697721612,8.480871505776701,-0.0023016062189381405,7.435554167868123,0.08577636837209619,-25.854946801442185,-0.845232402679053,-21.50395910653542,1.5397792612636616,-2.084666493489603,0.20689099899680946,-2.0223181580634656e-05,0.00020257,2.0238950774142114e-05,0.00049835,1,0.0
612,0.005335353336684316,6.027503306842887e-06,-0.00032169,4.121352885726401,32.50711697721612,45.798803180572115,-0.0023016062189381405,74.06534883877859,0.08577636837209619,-50.49974835029526,-0.845232402679053,-2.1773331522577646,1.5397792612636616,-29.38337915735094,0.20689099899680946,-0.0002246961305957208,0.00020257,0.00022467365199034056,0.00049835,1,0.0
613,0.0068297417075177036,8.50300227615261e-06,-0.00032169,4.121352885726401,32.50711697721612,-28.28212837339592,-0.0023016062189381405,89.38715301942189,0.08577636837209619,-82.91416723403374,-0.845232402679053,44.601983087655995,1.5397792612636616,-16.160160156391452,0.20689099899680946,-0.0002696542272414042,0.00020257,0.0002697165185218042,0.00049835,1,0.0
614,0.007372077918366755,6.060721442007278e-06,-0.00032169,4.121352885726401,32.50711697721612,-77.44557264706339,-0.0023016062189381405,73.75778720756429,0.08577636837209619,-18.237759737760104,-0.845232402679053,96.79555521709051,1.5397792612636616,-5.944374738530508,0.20689099899680946,-0.00023146393693771923,0.00020257,0.00023145969730190087,0.00049835,1,0.0
615,0.006885140464522102,6.039638996545151e-06,-0.00032169,4.121352885726401,32.50711697721612,-35.790006505340614,-0.0023016062189381405,73.07882784734691,0.08577636837209619,-15.578159947068624,-0.845232402679053,4.614767706445779,1.5397792612636616,-14.439951373646968,0.20689099899680946,-0.00022822757330359617,0.00020257,0.0002281809585978738,0.00049835,1,0.0
616,0.00734487764445679,6.134355470351804e-06,-0.00032169,4.121352885726401,32.50711697721612,-56.60882720648218,-0.0023016062189381405,73.81182969515339,0.08577636837209619,-7.283920531845959,-0.845232402679053,-21.247911304362674,1.5397792612636616,-10.763874538640147,0.20689099899680946,-0.0002319669368372692,0.00020257,0.00023199691362265867,0.00049835,1,0.0
617,0.0033114654773343088,1.7893075463387067e-06,-0.00032169,4.121352885726401,32.50711697721612,-26.87903229670148,-0.0023016062189381405,40.32984663467221,0.08577636837209619,-35.09859961685432,-0.845232402679053,72.25620957911642,1.5397792612636616,-4.651904020631664,0.20689099899680946,-0.00012253251628668984,0.00020257,0.00012264762873684458,0.00049835,1,0.0
618,0.003476227218384349,2.2979432602588705e-06,-0.00032169,4.121352885726401,32.50711697721612,42.21220819490486,-0.0023016062189381405,44.32793866924887,0.08577636837209619,-12.637311767017016,-0.845232402679053,60.499758604515584,1.5397792612636616,-22.34187997237522,0.20689099899680946,-0.00013725193143586766,0.00020257,0.00013720886255644968,0.00049835,1,0.0
619,0.0004207447419630444,2.162606779481407e-07,-0.00032169,4.121352885726401,32.50711697721612,53.1601041043067,-0.0023016062189381405,13.919244520481667,0.08577636837209619,-13.543641419813378,-0.845232402679053,-51.84892724289333,1.5397792612636616,-14.482387833233076,0.20689099899680946,-4.083996311758639e-05,0.00020257,4.083976434228861e-05,0.00049835,1,0.0
620,0.0010307424291167576,5.650351077383782e-06,-0.00032169,4.121352885726401,32.50711697721612,-98.2834588388249,-0.0023016062189381405,11.000622132946926,0.08577636837209619,-55.85682455953864,-0.845232402679053,74.6059561240047,1.5397792612636616,24.026772011248124,0.20689099899680946,-2.1196580138556265e-05,0.00020257,3.236019668161458e-05,0.00049835,1,0.0
621,0.0005534958383587806,3.5655825208120624e-07,-0.00032169,4.121352885726401,32.50711697721612,-66.4387326481702,-0.0023016062189381405,21.03651265837492,0.08577636837209619,-90.97589494900883,-0.845232402679053,-61.106372580415886,1.5397792612636616,14.70209871249831,0.20689099899680946,-5.5857473719942434e-05,0.00020257,5.584917541009844e-05,0.00049835,1,0.0
622,0.0015673844447852757,1.0886515129030279e-06,-0.00032169,4.121352885726401,32.50711697721612,-35.34537437992956,-0.0023016062189381405,33.97798110017924,0.08577636837209619,-87.90794247943731,-0.845232402679053,22.325019973513246,1.5397792612636616,3.4192323883199416,0.20689099899680946,-9.57834043853954e-05,0.00020257,9.58204992047493e-05,0.00049835,1,0.0
623,0.006609108684323833,7.589415589313023e-06,-0.00032169,4.121352885726401,32.50711697721612,21.31077261269837,-0.0023016062189381405,82.45391177105934,0.08577636837209619,-42.07177715148174,-0.845232402679053,61.81069242836605,1.5397792612636616,-27.70008366727112,0.20689099899680946,-0.00025297731138462375,0.00020257,0.0002531398385541137,0.00049835,1,0.0
624,0.0019262058579412452,1.5340888809683388e-06,-0.00032169,4.121352885726401,32.50711697721612,-36.34900218670235,-0.0023016062189381405,40.34825445524462,0.08577636837209619,-100.0,-0.845232402679053,67.78950941245533,1.5397792612636616,2.3540930012523145,0.20689099899680946,-0.00011443385313296805,0.00020257,0.00011444182927128872,0.00049835,1,0.0
625,0.005719842482144076,6.3823321214496e-06,-0.00032169,4.121352885726401,32.50711697721612,-15.525785190641292,-0.0023016062189381405,77.26352936575691,0.08577636837209619,-76.88592874024513,-0.845232402679053,84.29897475410917,1.5397792612636616,-15.627721736525915,0.20689099899680946,-0.0002324873666111271,0.00020257,0.00023261272630899734,0.00049835,1,0.0
626,0.0012716305623899585,7.232565255813746e-07,-0.00032169,4.121352885726401,32.50711697721612,-20.53464048689774,-0.0023016062189381405,27.78453030716486,0.08577636837209619,-66.53647602374346,-0.845232402679053,-60.3917438040784,1.5397792612636616,0.9073631131285685,0.20689099899680946,-7.842693006499991e-05,0.00020257,7.84265732777457e-05,0.00049835,1,0.0
627,0.0020333929910478824,1.1389787378111555e-06,-0.00032169,4.121352885726401,32.50711697721612,8.708667111929776,-0.0023016062189381405,33.13037262013813,0.08577636837209619,-41.532666430731446,-0.845232402679053,-76.3645907893583,1.5397792612636616,-8.874859342499317,0.20689099899680946,-9.760014879152187e-05,0.00020257,9.760947013395791e-05,0.00049835,1,0.0
628,0.007842567539336771,7.764308027406833e-06,-0.00032169,4.121352885726401,32.50711697721612,-77.32953668558447,-0.0023016062189381405,83.9867846576528,0.08577636837209619,-37.04660478837336,-0.845232402679053,-14.330875460278891,1.5397792612636616,-7.296162901969259,0.20689099899680946,-0.0002597243181732862,0.00020257,0.0002598658998129518,0.00049835,1,0.0
629,0.006341260944381735,6.740066742330966e-06,-0.00032169,4.121352885726401,32.50711697721612,-65.9261134661369,-0.0023016062189381405,80.15060626988635,0.08577636837209619,-83.01626271180416,-0.845232402679053,32.546940106372844,1.5397792612636616,-5.159763780448074,0.20689099899680946,-0.00024113438242049157,0.00020257,0.00024120474662855308,0.00049835,1,0.0
630,0.002174206713656867,1.2322144198282082e-06,-0.00032169,4.121352885726401,32.50711697721612,-18.953603162304315,-0.0023016062189381405,35.07187208550665,0.08577636837209619,-55.989050003581205,-0.845232402679053,-72.49266341676476,1.5397792612636616,-2.5067390736027524,0.20689099899680946,-0.00010218752812568375,0.00020257,0.00010220307918130487,0.00049835,1,0.0
631,0.0011108960555209937,6.132760111545508e-07,-0.00032169,4.121352885726401,32.50711697721612,90.65106963302044,-0.0023016062189381405,22.52692701216043,0.08577636837209619,-0.5664204436533932,-0.845232402679053,-100.0,1.5397792612636616,-26.004995893969063,0.20689099899680946,-6.856176170128672e-05,0.00020257,6.85542907677652e-05,0.00049835,1,0.0
632,0.0036710756035674887,2.3505282823235654e-06,-0.00032169,4.121352885726401,32.50711697721612,-7.830044866967193,-0.0023016062189381405,46.693932797525356,0.08577636837209619,-35.877575732513186,-0.845232402679053,33.79725127528325,1.5397792612636616,-10.539722928262204,0.20689099899680946,-0.00014190361981400006,0.00020257,0.00014191014699577176,0.00049835,1,0.0
633,0.001520342770447809,1.2049199771833859e-06,-0.00032169,4.121352885726401,32.50711697721612,2.1145165250042157,-0.0023016062189381405,35.00374540728897,0.08577636837209619,-78.93758013659493,-0.845232402679053,91.6465433541864,1.5397792612636616,-5.8511408924053745,0.20689099899680946,-0.00010006528209861245,0.00020257,0.00010005855048390593,0.00049835,1,0.0
634,4.737278686692964e-06,1.5825725003747014e-07,-0.00032169,4.121352885726401,32.50711697721612,85.79729939388467,-0.0023016062189381405,11.290587103056735,0.08577636837209619,-8.706538974503047,-0.845232402679053,49.194601724711106,1.5397792612636616,-21.361947942714348,0.20689099899680946,-3.355637145851544e-05,0.00020257,3.3556156971699624e-05,0.00049835,1,0.0
635,0.0016760132846198965,8.15025001262463e-07,-0.00032169,4.121352885726401,32.50711697721612,-86.84700182816695,-0.0023016062189381405,29.494141805371555,0.08577636837209619,-87.36181838028632,-0.845232402679053,-5.445023092374112,1.5397792612636616,15.887031355330697,0.20689099899680946,-8.216495506122845e-05,0.00020257,8.228715081199449e-05,0.00049835,1,0.0
636,0.005296123238555278,3.1637147240564458e-06,-0.00032169,4.121352885726401,32.50711697721612,-37.46533949821393,-0.0023016062189381405,52.73245058441659,0.08577636837209619,-1.5687933152284752,-0.845232402679053,-19.822731799582566,1.5397792612636616,-8.593463605873797,0.20689099899680946,-0.0001662277380679797,0.00020257,0.0001662133041715261,0.00049835,1,0.0
637,0.000272218743439861,2.7848380944430683e-08,-0.00032169,4.121352885726401,32.50711697721612,-98.10956026672103,-0.0023016062189381405,-2.6605588988483757,0.08577636837209619,-22.847047683916497,-0.845232402679053,52.740339498696834,1.5397792612636616,23.267429478958658,0.20689099899680946,-9.683023519881394e-06,0.00020257,9.678915638110154e-06,0.00049835,1,0.0
638,0.0021716009129466893,1.0054073110771436e-06,-0.00032169,4.121352885726401,32.50711697721612,30.66602146572952,-0.0023016062189381405,29.99977967874082,0.08577636837209619,-13.925613113407882,-0.845232402679053,-24.517546603770167,1.5397792612636616,-14.885216080502204,0.20689099899680946,-9.15613109977594e-05,0.00020257,9.156744855782028e-05,0.00049835,1,0.0
639,0.0041544413584014865,1.3672224004377273e-06,-0.00032169,4.121352885726401,32.50711697721612,-87.90458696877133,-0.0023016062189381405,34.994593296212194,0.08577636837209619,-0.8827583791104496,-0.845232402679053,-40.2582370338459,1.5397792612636616,7.80963010644686,0.20689099899680946,-0.00011141282535379124,0.00020257,0.00011143546343552974,0.00049835,1,0.0
640,1.6207734205223354e-05,2.5944856445755838e-06,-0.00032169,4.121352885726401,32.50711697721612,-10.126741260719665,-0.0023016062189381405,-1.7530305977878025,0.08577636837209619,-3.3345691013957386,-0.845232402679053,93.80732790627076,1.5397792612636616,3.805480421831798,0.20689099899680946,-4.010909500359418e-06,0.00020257,9.189529759502485e-06,0.00049835,1,0.0
641,0.004590844027951264,4.299275706554437e-05,-0.00032169,4.121352885726401,32.50711697721612,1.8581868174675547,-0.0023016062189381405,42.69334646114958,0.08577636837209619,-40.893485785470105,-0.845232402679053,-91.51655385244078,1.5397792612636616,8.90242650983654,0.20689099899680946,-6.641898817383253e-05,0.00020257,0.000149377326870968,0.00049835,1,0.0
642,0.006616614686393935,2.2408623532855617e-05,-0.00032169,4.121352885726401,32.50711697721612,47.46450136083771,-0.0023016062189381405,80.52722108181129,0.08577636837209619,-44.59978215571647,-0.845232402679053,-70.06892801007476,1.5397792612636616,-24.69579308020231,0.20689099899680946,-0.00022125183212392025,0.00020257,0.00025244821331209813,0.00049835,1,0.0
643,0.005872246557013191,7.231897697252604e-06,-0.00032169,4.121352885726401,32.50711697721612,54.89832545993007,-0.0023016062189381405,81.22014884141097,0.08577636837209619,-51.63134216465004,-0.845232402679053,-30.75880997291038,1.5397792612636616,-33.386229461529815,0.20689099899680946,-0.000246628931445033,0.00020257,0.000246633808311357,0.00049835,1,0.0
644,0.0005028733299820207,3.541646062862478e-06,-0.00032169,4.121352885726401,32.50711697721612,-53.285927514422426,-0.0023016062189381405,7.349365677151752,0.08577636837209619,-39.22616901799954,-0.845232402679053,39.2407890583826,1.5397792612636616,13.50664569199786,0.20689099899680946,-1.4383539008345306e-05,0.00020257,2.1405046727193687e-05,0.00049835,1,0.0
645,0.001382451447426537,1.1360951682855139e-05,-0.00032169,4.121352885726401,32.50711697721612,-91.6229212031175,-0.0023016062189381405,21.48075804631971,0.08577636837209619,-87.19723969532023,-0.845232402679053,-27.86557578438245,1.5397792612636616,24.655476776090953,0.20689099899680946,-4.236656153821245e-05,0.00020257,6.448069088013731e-05,0.00049835,1,0.0
646,0.002609141547907253,3.21985578434565e-06,-0.00032169,4.121352885726401,32.50711697721612,70.62811945438017,-0.0023016062189381405,55.52165029331334,0.08577636837209619,-83.71296094983056,-0.845232402679053,50.53345987918327,1.5397792612636616,-26.41199512623164,0.20689099899680946,-0.00016232131892995698,0.00020257,0.00016232810689092568,0.00049835,1,0.0
647,0.008600706441148992,7.4171305412931855e-06,-0.00032169,4.121352885726401,32.50711697721612,-97.71570663578841,-0.0023016062189381405,80.87828956489163,0.08577636837209619,-2.736895055380166,-0.845232402679053,88.73903268890614,1.5397792612636616,-5.045870673033368,0.20689099899680946,-0.0002566450783056675,0.00020257,0.0002566972164182872,0.00049835,1,0.0
648,0.0025745801294695288,7.509303693193209e-07,-0.00032169,4.121352885726401,32.50711697721612,-94.87149205845701,-0.0023016062189381405,27.71922779529044,0.08577636837209619,-43.850330210489865,-0.845232402679053,-19.450608255523246,1.5397792612636616,14.835867789410484,0.20689099899680946,-8.215818047137953e-05,0.00020257,8.2184967969898e-05,0.00049835,1,0.0
649,2.586667197623598e-05,2.446951504662277e-07,-0.00032169,4.121352885726401,32.50711697721612,-2.707747446125456,-0.0023016062189381405,16.33477446602973,0.08577636837209619,-67.84390308768903,-0.845232402679053,16.118654759614135,1.5397792612636616,0.5598162661878013,0.20689099899680946,-4.387181494846147e-05,0.00020257,4.39029675237347e-05,0.00049835,1,0.0
650,0.0045130600613468705,2.3961589621729053e-06,-0.00032169,4.121352885726401,32.50711697721612,-73.7839509824446,-0.0023016062189381405,47.09940493926284,0.08577636837209619,-30.168099142994002,-0.845232402679053,21.512636730339057,1.5397792612636616,2.963391020046499,0.20689099899680946,-0.00014508999708184704,0.00020257,0.00014507160842169045,0.00049835,1,0.0
651,8.400895764286084e-06,1.5079848360256609e-07,-0.00032169,4.121352885726401,32.50711697721612,1.0207029171549535,-0.0023016062189381405,10.72937784879427,0.08577636837209619,-43.97830942539863,-0.845232402679053,20.096293657791293,1.5397792612636616,-0.29145461020865093,0.20689099899680946,-2.8836990482443435e-05,0.00020257,2.8938691903220397e-05,0.00049835,1,0.0
652,0.00751579585754179,6.491448685388143e-06,-0.00032169,4.121352885726401,32.50711697721612,-66.58032737006447,-0.0023016062189381405,75.99029760022131,0.08577636837209619,-11.85618136379431,-0.845232402679053,-81.35249603359091,1.5397792612636616,-8.722325719706717,0.20689099899680946,-0.000237736596907558,0.00020257,0.00023786333377323837,0.00049835,1,0.0
653,2.6203597534830026e-05,1.4283472910263711e-05,-0.00032169,4.121352885726401,32.50711697721612,-66.45460576868905,-0.0023016062189381405,-8.45959724752993,0.08577636837209619,-18.76281548490326,-0.845232402679053,41.40966227371979,1.5397792612636616,24.70333876574304,0.20689099899680946,-2.2681737983514805e-05,0.00020257,5.0957677546386353e-05,0.00049835,1,0.0
654,1.8393456156101375e-05,3.619911784887195e-05,-0.00032169,4.121352885726401,32.50711697721612,38.33268109882286,-0.0023016062189381405,-1.0812092214221978,0.08577636837209619,-39.18203253498305,-0.845232402679053,53.52183172202975,1.5397792612636616,11.86499442446209,0.20689099899680946,-6.413777869546819e-06,0.00020257,7.871738679612624e-05,0.00049835,1,0.0
655,0.0005963110272418377,2.017706172021677e-07,-0.00032169,4.121352885726401,32.50711697721612,-51.08150779098542,-0.0023016062189381405,15.29713820123361,0.08577636837209619,-62.00905284880068,-0.845232402679053,78.01694411976256,1.5397792612636616,10.483369395941125,0.20689099899680946,-4.14298317142657e-05,0.00020257,4.145474238966693e-05,0.00049835,1,0.0
656,0.00410535880188858,3.2358961146899616e-06,-0.00032169,4.121352885726401,32.50711697721612,-74.04369782715865,-0.0023016062189381405,57.071101061626706,0.08577636837209619,-86.8703911362547,-0.845232402679053,-74.63939591435499,1.5397792612636616,4.6089500195450706,0.20689099899680946,-0.00016765709639269974,0.00020257,0.00016766773157111513,0.00049835,1,0.0
657,0.0015854187222522544,7.701110127032138e-08,-0.00032169,4.121352885726401,32.50711697721612,-95.93453547111413,-0.0023016062189381405,8.622148525473753,0.08577636837209619,-7.093106263237172,-0.845232402679053,-94.95100316689063,1.5397792612636616,18.592624054138977,0.20689099899680946,-2.7272532529879208e-05,0.00020257,2.7287896832690642e-05,0.00049835,1,0.0
658,0.0045547664549927605,3.7941738398256522e-06,-0.00032169,4.121352885726401,32.50711697721612,63.209931301842325,-0.0023016062189381405,57.00304627735944,0.08577636837209619,-4.457085121309063,-0.845232402679053,-90.21034801633252,1.5397792612636616,-30.826545332077202,0.20689099899680946,-0.00017665260554382314,0.00020257,0.0001768030342502039,0.00049835,1,0.0
659,0.0047168807289011405,4.512613444700829e-06,-0.00032169,4.121352885726401,32.50711697721612,21.586568484201308,-0.0023016062189381405,64.48778917008954,0.08577636837209619,-49.09762925422023,-0.845232402679053,-4.3883402842220365,1.5397792612636616,-21.276368741891513,0.20689099899680946,-0.00019514635559585606,0.00020257,0.0001951761439061627,0.00049835,1,0.0
660,1.9287970348809544e-05,3.205620856261322e-07,-0.00032169,4.121352885726401,32.50711697721612,90.21706622776252,-0.0023016062189381405,16.090492588831292,0.08577636837209619,-22.8857396590733,-0.845232402679053,-68.34639456776695,1.5397792612636616,-22.27334552130762,0.20689099899680946,-4.6270687578623895e-05,0.00020257,4.6253760270318386e-05,0.00049835,1,0.0
661,0.007050753500748032,8.926556999855987e-06,-0.00032169,4.121352885726401,32.50711697721612,-43.2888112472389,-0.0023016062189381405,77.06820746748781,0.08577636837209619,-33.656425360606015,-0.845232402679053,59.630427145674254,1.5397792612636616,-11.786323337858065,0.20689099899680946,-0.0002347100565439885,0.00020257,0.00023959277252849542,0.00049835,1,0.0
662,0.002139645067938787,6.695547785184191e-06,-0.00032169,4.121352885726401,32.50711697721612,20.129536989222473,-0.0023016062189381405,46.15207040799406,0.08577636837209619,-96.18021904855435,-0.845232402679053,45.07782539477536,1.5397792612636616,-9.543069191421868,0.20689099899680946,-0.00012537855668601303,0.00020257,0.000134672497898203,0.00049835,1,0.0
663,0.005881612652519755,8.284611889428109e-06,-0.00032169,4.121352885726401,32.50711697721612,47.80122326895825,-0.0023016062189381405,87.20146131096818,0.08577636837209619,-78.11482698260754,-0.845232402679053,-66.25834271271279,1.5397792612636616,-31.617220426874464,0.20689099899680946,-0.000261664540925309,0.00020257,0.0002615737422292459,0.00049835,1,0.0
664,0.003965324069266375,3.959989173471983e-06,-0.00032169,4.121352885726401,32.50711697721612,75.33332030909378,-0.0023016062189381405,59.79927246540249,0.08577636837209619,-37.14646885469994,-0.845232402679053,-52.67487396764971,1.5397792612636616,-31.958439712370684,0.20689099899680946,-0.00018097233423462002,0.00020257,0.00018096517896275916,0.00049835,1,0.0
665,0.0041094185370764025,4.075924340325447e-06,-0.00032169,4.121352885726401,32.50711697721612,66.48954450710286,-0.0023016062189381405,60.73167730182292,0.08577636837209619,-40.763731729144595,-0.845232402679053,29.730348883458298,1.5397792612636616,-30.414861161548682,0.20689099899680946,-0.0001840937445291054,0.00020257,0.0001841103893009408,0.00049835,1,0.0
666,9.873254781421308e-06,7.487144462194941e-07,-0.00032169,4.121352885726401,32.50711697721612,94.2015561617265,-0.0023016062189381405,27.036220825926346,0.08577636837209619,-68.96257315223693,-0.845232402679053,25.000745695638482,1.5397792612636616,-23.411389751917778,0.20689099899680946,-7.584594177315393e-05,0.00020257,7.58466926262291e-05,0.00049835,1,0.0
667,0.0002121464063913666,1.015215944551864e-07,-0.00032169,4.121352885726401,32.50711697721612,-33.0488781626359,-0.0023016062189381405,11.221387077145119,0.08577636837209619,-52.54426775035504,-0.845232402679053,24.978210374159868,1.5397792612636616,7.418599736846043,0.20689099899680946,-2.972073010514139e-05,0.00020257,2.97281352676997e-05,0.00049835,1,0.0
668,2.2394769593756577e-05,3.30954168880709e-05,-0.00032169,4.121352885726401,32.50711697721612,-94.96906708233514,-0.0023016062189381405,-20.439521667513745,0.08577636837209619,-12.372006019308154,-0.845232402679053,19.3799265504008,1.5397792612636616,42.66625382111926,0.20689099899680946,-5.1734325076901774e-05,0.00020257,0.00011643222511563784,0.00049835,1,0.0
669,0.0027390307000530007,8.498254951202979e-07,-0.00032169,4.121352885726401,32.50711697721612,-90.84558363041172,-0.0023016062189381405,29.32349987960068,0.08577636837209619,-43.23463378549338,-0.845232402679053,53.08332749756997,1.5397792612636616,13.131505649514718,0.20689099899680946,-8.776731345238615e-05,0.00020257,8.777748306829142e-05,0.00049835,1,0.0
670,0.004078838367476931,2.3999378886909048e-06,-0.00032169,4.121352885726401,32.50711697721612,-45.12698586806668,-0.0023016062189381405,47.08460551039547,0.08577636837209619,-36.87232742712877,-0.845232402679053,49.753854313796424,1.5397792612636616,-2.723928922468233,0.20689099899680946,-0.00014375118729156102,0.00020257,0.00014372620798699048,0.00049835,1,0.0
671,0.0035991142615493786,2.031729376087625e-06,-0.00032169,4.121352885726401,32.50711697721612,-3.804196636995891,-0.0023016062189381405,42.77887373415994,0.08577636837209619,-20.641209083653244,-0.845232402679053,15.558347614586069,1.5397792612636616,-11.247831850548797,0.20689099899680946,-0.00013159255246724603,0.00020257,0.0001316283303354245,0.00049835,1,0.0
672,0.002805233932434023,3.462800282655481e-06,-0.00032169,4.121352885726401,32.50711697721612,-26.383090953828663,-0.0023016062189381405,35.124626403293895,0.08577636837209619,-38.41167789608979,-0.845232402679053,41.114120304330264,1.5397792612636616,-1.7272114093954443,0.20689099899680946,-0.00010217936976784186,0.00020257,0.00010656999109505916,0.00049835,1,0.0
673,0.003718818787427129,1.688493159772635e-06,-0.00032169,4.121352885726401,32.50711697721612,-32.61839835387843,-0.0023016062189381405,39.012553131950504,0.08577636837209619,-14.397599134761004,-0.845232402679053,75.45122538584764,1.5397792612636616,-4.646491484632207,0.20689099899680946,-0.00012170789836074757,0.00020257,0.00012171521971028456,0.00049835,1,0.0
674,0.0017920151764285208,9.2054740779623e-07,-0.00032169,4.121352885726401,32.50711697721612,-77.01910925799899,-0.0023016062189381405,30.92865564929458,0.08577636837209619,-85.16002797861746,-0.845232402679053,50.95556758526295,1.5397792612636616,12.949900635697112,0.20689099899680946,-8.708121429823798e-05,0.00020257,8.721243884326357e-05,0.00049835,1,0.0
675,2.3618082405785527e-05,1.6253418930880896e-07,-0.00032169,4.121352885726401,32.50711697721612,-38.81723315529201,-0.0023016062189381405,14.575426786326387,0.08577636837209619,-75.1621082182879,-0.845232402679053,-58.04404804818312,1.5397792612636616,9.651911027349293,0.20689099899680946,-3.801837441985257e-05,0.00020257,3.8025177286911743e-05,0.00049835,1,0.0
676,0.0035026145933487467,2.2270842679362412e-06,-0.00032169,4.121352885726401,32.50711697721612,-72.80193454879314,-0.0023016062189381405,47.07054938497213,0.08577636837209619,-71.67131813458539,-0.845232402679053,-67.41665207894972,1.5397792612636616,6.313996017278693,0.20689099899680946,-0.00013841844167278636,0.00020257,0.00013839268684989086,0.00049835,1,0.0
677,0.0038511581820007694,4.040553467592448e-06,-0.00032169,4.121352885726401,32.50711697721612,48.750448366108074,-0.0023016062189381405,61.33967752653305,0.08577636837209619,-60.92336309009182,-0.845232402679053,-39.02715295287224,1.5397792612636616,-25.002024441478923,0.20689099899680946,-0.00018302249928021312,0.00020257,0.00018306592012086784,0.00049835,1,0.0
678,0.004245227193129914,3.414455101993388e-06,-0.00032169,4.121352885726401,32.50711697721612,-46.6431619365833,-0.0023016062189381405,56.7684926131648,0.08577636837209619,-71.5322477821823,-0.845232402679053,96.73382913517415,1.5397792612636616,-2.9420422893311886,0.20689099899680946,-0.00016943350570484543,0.00020257,0.0001696229627327463,0.00049835,1,0.0
679,2.5815479124960026e-05,5.72123995996933e-09,-0.00032169,4.121352885726401,32.50711697721612,-57.75914398200678,-0.0023016062189381405,3.8361738376675865,0.08577636837209619,-39.62447427791198,-0.845232402679053,-48.237568275506725,1.5397792612636616,14.313696062072685,0.20689099899680946,-9.265040658089746e-06,0.00020257,9.266127692856627e-06,0.00049835,1,0.0
680,0.006947894257996822,6.7913347260635805e-06,-0.00032169,4.121352885726401,32.50711697721612,-83.80101468497874,-0.0023016062189381405,79.92158231189565,0.08577636837209619,-60.264092707024275,-0.845232402679053,-96.03624587264939,1.5397792612636616,-2.5524089195495443,0.20689099899680946,-0.0002430942342048959,0.00020257,0.00024307199040539033,0.00049835,1,0.0
681,0.0006309315051539551,8.036034103935731e-08,-0.00032169,4.121352885726401,32.50711697721612,-66.61363596419383,-0.0023016062189381405,9.17221697723802,0.08577636837209619,-41.59831186422159,-0.845232402679053,50.280759022561696,1.5397792612636616,14.273119643805977,0.20689099899680946,-2.458135048587832e-05,0.00020257,2.462135065987275e-05,0.00049835,1,0.0
682,0.0017194647825156026,1.80659288673762e-06,-0.00032169,4.121352885726401,32.50711697721612,55.6487930399104,-0.0023016062189381405,41.948753873513915,0.08577636837209619,-71.94062167461502,-0.845232402679053,-14.153097861900719,1.5397792612636616,-19.564900890454698,0.20689099899680946,-0.00012129058483044172,0.00020257,0.00012129386594356129,0.00049835,1,0.0
683,0.0007077207036819914,8.30538059823767e-07,-0.00032169,4.121352885726401,32.50711697721612,17.060293797212974,-0.0023016062189381405,29.072062373351713,0.08577636837209619,-80.02533408286094,-0.845232402679053,-43.5407663000403,1.5397792612636616,-6.508985667551194,0.20689099899680946,-8.087894841305586e-05,0.00020257,8.094875459899668e-05,0.00049835,1,0.0
684,0.0030514684747264768,8.330470125734608e-07,-0.00032169,4.121352885726401,32.50711697721612,-99.39921670359966,-0.0023016062189381405,28.468586461829894,0.08577636837209619,-28.308034754706878,-0.845232402679053,-10.376469220663619,1.5397792612636616,14.326775558382407,0.20689099899680946,-8.696249046528636e-05,0.00020257,8.699070287811908e-05,0.00049835,1,0.0
685,0.008034824584168682,7.758918164778683e-06,-0.00032169,4.121352885726401,32.50711697721612,-57.09157041252667,-0.0023016062189381405,83.32132346309051,0.08577636837209619,-16.79241033603684,-0.845232402679053,-7.214898113279632,1.5397792612636616,-13.00634354730379,0.20689099899680946,-0.0002605155743871851,0.00020257,0.0002605426160202314,0.00049835,1,0.0
686,0.00431217522063159,3.294807994111042e-06,-0.00032169,4.121352885726401,32.50711697721612,44.729256561876866,-0.0023016062189381405,53.73518272231129,0.08577636837209619,-12.508082012199894,-0.845232402679053,13.742156492821909,1.5397792612636616,-25.673509413123202,0.20689099899680946,-0.00016638553420898988,0.00020257,0.00016642226893268298,0.00049835,1,0.0
687,0.006454132415408315,3.169572512579109e-05,-0.00032169,4.121352885726401,32.50711697721612,-11.809360434122018,-0.0023016062189381405,60.53884145436728,0.08577636837209619,-20.270032321204702,-0.845232402679053,62.05614047955425,1.5397792612636616,-2.339938574288047,0.20689099899680946,-0.0001446030415025303,0.00020257,0.00020063573272334186,0.00049835,1,0.0
688,0.0008629291512153711,6.389936222263907e-05,-0.00032169,4.121352885726401,32.50711697721612,82.80970534204975,-0.0023016062189381405,14.917008407033345,0.08577636837209619,-95.06968467695148,-0.845232402679053,83.86901176185232,1.5397792612636616,14.442316236317394,0.20689099899680946,4.548911740528261e-06,0.00020257,0.0001231994691361368,0.00049835,0,0.0
689,2.593685548901325e-05,1.7231790497893043e-05,-0.00032169,4.121352885726401,32.50711697721612,-53.21564593385238,-0.0023016062189381405,1.1702369581562837,0.08577636837209619,-57.18599006432144,-0.845232402679053,24.086215140959325,1.5397792612636616,23.295700477518825,0.20689099899680946,-6.2367948741842305e-06,0.00020257,4.067559927165624e-05,0.00049835,1,0.0
690,0.005774872628039018,4.322779236250251e-06,-0.00032169,4.121352885726401,32.50711697721612,-56.65823839735106,-0.0023016062189381405,63.137632405146036,0.08577636837209619,-31.556871596670376,-0.845232402679053,-43.979804398405314,1.5397792612636616,-5.40663843641877,0.20689099899680946,-0.0001944877129841205,0.00020257,0.00019448643421136387,0.00049835,1,0.0
691,0.002570268562307437,1.7310319578021711e-06,-0.00032169,4.121352885726401,32.50711697721612,20.358818449041152,-0.0023016062189381405,39.57357711546491,0.08577636837209619,-39.58001943320138,-0.845232402679053,-68.63960604498125,1.5397792612636616,-13.549916115543597,0.20689099899680946,-0.0001178048886920593,0.00020257,0.00011795123413908737,0.00049835,1,0.0
692,0.007351034889513582,7.080178792916602e-06,-0.00032169,4.121352885726401,32.50711697721612,-80.3853640954561,-0.0023016062189381405,81.03153310404402,0.08577636837209619,-47.02183247807089,-0.845232402679053,-41.587627804257416,1.5397792612636616,-4.856992915942481,0.20689099899680946,-0.00024885846932149586,0.00020257,0.0002488840744442474,0.00049835,1,0.0
693,0.005180609299722464,4.072615953246924e-06,-0.00032169,4.121352885726401,32.50711697721612,-79.58310680376192,-0.0023016062189381405,62.374925743652504,0.08577636837209619,-63.64265545686455,-0.845232402679053,-96.26820252866631,1.5397792612636616,2.4221165520099692,0.20689099899680946,-0.0001873008465422196,0.00020257,0.00018742340877916987,0.00049835,1,0.0
694,0.001983541816068737,5.341835104927461e-07,-0.00032169,4.121352885726401,32.50711697721612,-44.38181473018397,-0.0023016062189381405,22.993131750181224,0.08577636837209619,-25.923791652942523,-0.845232402679053,-78.28145289436846,1.5397792612636616,4.441525343743536,0.20689099899680946,-6.86579332609545e-05,0.00020257,6.86565376926661e-05,0.00049835,1,0.0
695,0.003665101130168856,2.2240889104714787e-06,-0.00032169,4.121352885726401,32.50711697721612,-55.89448629259902,-0.0023016062189381405,46.56523707463444,0.08577636837209619,-54.39712498921756,-0.845232402679053,-85.59804341201031,1.5397792612636616,1.6305879650813233,0.20689099899680946,-0.00013876282054305138,0.00020257,0.00013879142813415474,0.00049835,1,0.0
696,0.004238457778973485,5.563184687477028e-06,-0.00032169,4.121352885726401,32.50711697721612,40.15939301391805,-0.0023016062189381405,72.78309870607696,0.08577636837209619,-96.392241042908,-0.845232402679053,15.130300987883095,1.5397792612636616,-24.279562316882387,0.20689099899680946,-0.0002146441016059338,0.00020257,0.00021473401585751241,0.00049835,1,0.0
697,0.006710104582454924,7.204466125047899e-06,-0.00032169,4.121352885726401,32.50711697721612,-99.49511657112534,-0.0023016062189381405,83.14247208314026,0.08577636837209619,-94.5101096375444,-0.845232402679053,42.01923467046713,1.5397792612636616,1.8501433364763094,0.20689099899680946,-0.0002495936063502573,0.00020257,0.0002495404600766696,0.00049835,1,0.0
698,0.0014540673740327244,1.9821364171429943e-06,-0.00032169,4.121352885726401,32.50711697721612,68.98742250422498,-0.0023016062189381405,44.06016437807591,0.08577636837209619,-88.95072622522434,-0.845232402679053,93.60570038576418,1.5397792612636616,-22.185456244862483,0.20689099899680946,-0.00012643665227045434,0.00020257,0.00012644919438018994,0.00049835,1,0.0
699,0.0004902121840229769,7.703689567357968e-09,-0.00032169,4.121352885726401,32.50711697721612,-87.39220144814205,-0.0023016062189381405,-0.33959874529108103,0.08577636837209619,-15.36399260241009,-0.845232402679053,-52.74093806341097,1.5397792612636616,20.092776850541455,0.20689099899680946,-2.417751930330757e-06,0.00020257,2.425392351834854e-06,0.00049835,1,0.0
700,0.0002140719128358448,0.133265573107553,-0.00032169,1.2158541232221989,2.735354949826481,25.55641243448475,-0.0023016062189381405,14.47895735050119,0.08577636837209619,-49.98446861865182,-0.845232402679053,47.57014908419734,1.5397792612636616,-4.0173051300819305,0.20689099899680946,1.0292293761210605,0.00020257,1.247620812562614,0.00049835,0,0.0
701,1.8361094649825165,0.7606597856178151,-0.00032169,1.2158541232221989,2.735354949826481,-45.951438456146136,-0.0023016062189381405,6.016598540373437,0.08577636837209619,-22.866370172609965,-0.845232402679053,-43.32233645293696,1.5397792612636616,71.178154014688,0.20689099899680946,-0.15099985300742183,0.00020257,0.15073130121509318,0.00049835,1,0.0
702,0.7384006753748165,0.3221124975988413,-0.00032169,1.2158541232221989,2.735354949826481,99.91902743188955,-0.0023016062189381405,51.07240998579554,0.08577636837209619,-54.65497754914688,-0.845232402679053,-92.67936509945629,1.5397792612636616,-27.086447886436844,0.20689099899680946,0.27177815965794183,0.00020257,4.429962273414864,0.00049835,0,0.0
703,1.8788272285887713,2.8909470971589935,-0.00032169,1.2158541232221989,2.735354949826481,-59.039283752493056,-0.0023016062189381405,15.714120389392349,0.08577636837209619,-59.79484704635691,-0.845232402679053,-60.97620905144619,1.5397792612636616,100.0,0.20689099899680946,-1.3623445649242005,0.00020257,0.5359939232634149,0.00049835,1,0.0
704,-0.46002745360148667,1.1692659624017023,-0.00032169,1.2158541232221989,2.735354949826481,61.46823805803857,-0.0023016062189381405,11.319462960621617,0.08577636837209619,-9.863024022257902,-0.845232402679053,42.76697672226173,1.5397792612636616,-53.00665819420697,0.20689099899680946,1.3134385452984698,0.00020257,1.824001902134312,0.00049835,0,0.0
705,1.1686168127341385,0.7877818577362912,-0.00032169,1.2158541232221989,2.735354949826481,75.40968692796493,-0.0023016062189381405,35.91309822799593,0.08577636837209619,-29.154932624629158,-0.845232402679053,-97.92002655463443,1.5397792612636616,-11.211889603514466,0.20689099899680946,0.2872996402855208,0.00020257,3.756705368315548,0.00049835,0,0.0
706,1.7060675913187933,4.588689355162455,-0.00032169,1.2158541232221989,2.735354949826481,-23.225078546886362,-0.0023016062189381405,-2.6214189032224806,0.08577636837209619,-85.45928545745734,-0.845232402679053,78.18133529798591,1.5397792612636616,76.06017366721235,0.20689099899680946,0.2878067042274084,0.00020257,3.0856443737042545,0.00049835,0,0.0
707,0.11816065973641302,2.1628146072704473,-0.00032169,1.2158541232221989,2.735354949826481,37.40411506486823,-0.0023016062189381405,0.19892854756791029,0.08577636837209619,-62.833939775286694,-0.845232402679053,75.98256694244019,1.5397792612636616,4.312772524859944,0.20689099899680946,0.34448990909404187,0.00020257,3.3528562925350727,0.00049835,0,0.0
708,0.007721032670097314,0.4264890588090698,-0.00032169,1.2158541232221989,2.735354949826481,-14.749568874859833,-0.0023016062189381405,-0.8489013546921127,0.08577636837209619,-40.60715965691527,-0.845232402679053,65.86283261738812,1.5397792612636616,19.901157032832256,0.20689099899680946,-0.06690444016313779,0.00020257,0.6417172906375344,0.00049835,1,0.0
709,-0.0010454524518699326,0.22850106450869717,-0.00032169,1.2158541232221989,2.735354949826481,68.83326940718918,-0.0023016062189381405,17.953841043258045,0.08577636837209619,-1.5082723605252935,-0.845232402679053,-21.4828166093106,1.5397792612636616,-46.07047871830277,0.20689099899680946,0.9876590588518294,0.00020257,2.0963213592510344,0.00049835,0,0.0
710,-0.006751565739220644,0.6275864335729925,-0.00032169,1.2158541232221989,2.735354949826481,38.21863297950329,-0.0023016062189381405,10.715181333365033,0.08577636837209619,-38.79307738173092,-0.845232402679053,75.13185247080352,1.5397792612636616,-22.183761975328412,0.20689099899680946,1.2095446872683873,0.00020257,2.173799771259527,0.00049835,0,0.0
711,0.7644373877304975,0.9104051903240624,-0.00032169,1.2158541232221989,2.735354949826481,-37.647320670139834,-0.0023016062189381405,-7.106936423797546,0.08577636837209619,-17.972832792697744,-0.845232402679053,28.099331288928287,1.5397792612636616,41.96918702138046,0.20689099899680946,-0.5177407018473461,0.00020257,0.458055269215803,0.00049835,1,0.0
712,1.3875901898014447,0.5565937804405916,-0.00032169,1.2158541232221989,2.735354949826481,-51.846557986828536,-0.0023016062189381405,2.12397337805695,0.08577636837209619,-45.22059995907498,-0.845232402679053,9.671486914458267,1.5397792612636616,73.4332273622727,0.20689099899680946,-0.09368973924194236,0.00020257,0.07775576166260047,0.00049835,1,0.0
713,1.0689237515728451,0.45525910352872345,-0.00032169,1.2158541232221989,2.735354949826481,6.860685068065167,-0.0023016062189381405,12.131721347021367,0.08577636837209619,-2.24043165930335,-0.845232402679053,-48.18569017983482,1.5397792612636616,14.227640004684009,0.20689099899680946,0.34098820081708947,0.00020257,0.902164873498758,0.00049835,0,0.0
714,0.1952600327311922,0.11846382141932979,-0.00032169,1.2158541232221989,2.735354949826481,97.142873109925,-0.0023016062189381405,41.11265827933671,0.08577636837209619,-31.19535660426146,-0.845232402679053,-76.15931876970757,1.5397792612636616,-44.56899123304904,0.20689099899680946,0.27492799615206787,0.00020257,3.626800473427843,0.00049835,0,0.0
715,7.804962868457332e-05,0.35110930604116963,-0.00032169,1.2158541232221989,2.735354949826481,15.969709736381029,-0.0023016062189381405,7.412964989545671,0.08577636837209619,-48.73770847209007,-0.845232402679053,84.15009750709176,1.5397792612636616,-2.7816320399083967,0.20689099899680946,0.7531172875098405,0.00020257,1.7075477807984054,0.00049835,0,0.0
716,-0.006353304743136556,0.15456945358707,-0.00032169,1.2158541232221989,2.735354949826481,54.288468147296435,-0.0023016062189381405,29.16187189861479,0.08577636837209619,-73.31890523627152,-0.845232402679053,32.839087255661624,1.5397792612636616,-12.616467419929622,0.20689099899680946,1.0163528929255632,0.00020257,2.4847384193412334,0.00049835,0,0.0
717,0.007798055789055708,0.13160928682728057,-0.00032169,1.2158541232221989,2.735354949826481,0.5966243555951952,-0.0023016062189381405,3.3731932391774895,0.08577636837209619,-42.05347858578215,-0.845232402679053,68.88540308728079,1.5397792612636616,8.292287547725216,0.20689099899680946,0.3341804825699932,0.00020257,1.0707440743557117,0.00049835,0,0.0
718,1.1017839437280337,2.0656120392670716,-0.00032169,1.2158541232221989,2.735354949826481,76.62208432909496,-0.0023016062189381405,66.53365718813488,0.08577636837209619,-71.083820294085,-0.845232402679053,-79.99641456149995,1.5397792612636616,-14.024587016791212,0.20689099899680946,0.2763146386576183,0.00020257,4.053697435441693,0.00049835,0,0.0
719,0.7351936106712261,0.13077817196451288,-0.00032169,1.2158541232221989,2.735354949826481,-35.321844115661776,-0.0023016062189381405,5.913067304145838,0.08577636837209619,-53.50999773316227,-0.845232402679053,23.477645129896626,1.5397792612636616,54.560055215608614,0.20689099899680946,-0.14458264841663324,0.00020257,0.1434937270862102,0.00049835,1,0.0
720,-0.29559859004640054,0.8236975283617682,-0.00032169,1.2158541232221989,2.735354949826481,45.80555735249068,-0.0023016062189381405,8.123053828329507,0.08577636837209619,-0.33763213288772087,-0.845232402679053,30.356848607936502,1.5397792612636616,-42.90926427450485,0.20689099899680946,0.8917258305201374,0.00020257,1.474857735649264,0.00049835,0,0.0
721,1.2197249519411764,0.8195074702188585,-0.00032169,1.2158541232221989,2.735354949826481,-60.981559508868216,-0.0023016062189381405,-0.6417414140068003,0.08577636837209619,-59.992459914386174,-0.845232402679053,48.68385790856622,1.5397792612636616,78.73349408954353,0.20689099899680946,-0.3881214000297183,0.00020257,0.37974783328576867,0.00049835,1,0.0
722,0.6336366970587854,0.3012857649551103,-0.00032169,1.2158541232221989,2.735354949826481,44.62552778193126,-0.0023016062189381405,38.17856179734429,0.08577636837209619,-64.01328372715194,-0.845232402679053,-29.45375358852931,1.5397792612636616,3.084674666221173,0.20689099899680946,0.30285197417436827,0.00020257,2.593553280624696,0.00049835,0,0.0
723,0.0037828301085096605,0.11786908868719663,-0.00032169,1.2158541232221989,2.735354949826481,33.86752638235678,-0.0023016062189381405,22.330783453859894,0.08577636837209619,-73.27026046757614,-0.845232402679053,51.28936011829961,1.5397792612636616,-0.2725167646406701,0.20689099899680946,0.9936507806031263,0.00020257,1.8318425456984913,0.00049835,0,0.0
724,0.3454549068256424,0.05881450874132619,-0.00032169,1.2158541232221989,2.735354949826481,-0.2642113814123592,-0.0023016062189381405,16.26135478869227,0.08577636837209619,-67.3481614112473,-0.845232402679053,35.830437806855656,1.5397792612636616,27.845102313621645,0.20689099899680946,0.33307305452979763,0.00020257,1.0398426854371787,0.00049835,0,0.0
725,1.0562003087476843,3.118842537982649,-0.00032169,1.2158541232221989,2.735354949826481,86.88297607085089,-0.0023016062189381405,24.831783373242338,0.08577636837209619,-20.846489122519895,-0.845232402679053,1.9957974542749541,1.5397792612636616,-39.94681782404924,0.20689099899680946,2.393063987362703,0.00020257,3.8490346862419265,0.00049835,0,0.0
726,0.0017580975678455069,0.018236473617607583,-0.00032169,1.2158541232221989,2.735354949826481,67.06146978875012,-0.0023016062189381405,35.59277068795155,0.08577636837209619,-71.46698273111623,-0.845232402679053,-11.083284012046267,1.5397792612636616,-15.251977186332798,0.20689099899680946,0.2728439318312217,0.00020257,3.0827384008470586,0.00049835,0,0.0
727,0.523111786204874,0.3601500884328278,-0.00032169,1.2158541232221989,2.735354949826481,-1.9866069442487273,-0.0023016062189381405,4.776641073293849,0.08577636837209619,-21.709575020576256,-0.845232402679053,28.119651320125175,1.5397792612636616,11.97531120241092,0.20689099899680946,0.33724292261732375,0.00020257,0.9948197578356004,0.00049835,0,0.0
728,1.644739314990538,1.1253631137127371,-0.00032169,1.2158541232221989,2.735354949826481,-12.133337870149923,-0.0023016062189381405,31.67861658170361,0.08577636837209619,-76.28940970722675,-0.845232402679053,-19.926572657757934,1.5397792612636616,59.13595005128707,0.20689099899680946,0.1839569095188608,0.00020257,1.729911687126342,0.00049835,0,0.0
729,0.6768729441942953,0.23708812813302257,-0.00032169,1.2158541232221989,2.735354949826481,30.1933426438407,-0.0023016062189381405,18.660825068305954,0.08577636837209619,-10.152337168564744,-0.845232402679053,-47.65784215267061,1.5397792612636616,-4.062558474042722,0.20689099899680946,0.30443589298670704,0.00020257,1.4907604561765517,0.00049835,0,0.0
730,0.49359699882342667,1.9091360440751792,-0.00032169,1.2158541232221989,2.735354949826481,-64.94073220525418,-0.0023016062189381405,6.124755315729461,0.08577636837209619,-86.2555276119609,-0.845232402679053,81.47876390674412,1.5397792612636616,75.02781498692214,0.20689099899680946,-1.09915336240184,0.00020257,0.31748124185747184,0.00049835,1,0.0
731,1.9561315130718404,0.9861010569456722,-0.00032169,1.2158541232221989,2.735354949826481,-48.04263050259299,-0.0023016062189381405,11.815143129184221,0.08577636837209619,-38.47172233362497,-0.845232402679053,-50.0040360425109,1.5397792612636616,81.29489923596718,0.20689099899680946,-0.4275122255089768,0.00020257,0.4325332413497088,0.00049835,1,0.0
732,1.2168355507086157,0.5111155882294262,-0.00032169,1.2158541232221989,2.735354949826481,5.353167248887944,-0.0023016062189381405,17.941998297938262,0.08577636837209619,-25.413856056182293,-0.845232402679053,-41.894271202785795,1.5397792612636616,26.279031771815248,0.20689099899680946,0.31290913653155417,0.00020257,1.270115133995145,0.00049835,0,0.0
733,-0.7468625113894674,1.6584624464873066,-0.00032169,1.2158541232221989,2.735354949826481,11.577649049767249,-0.0023016062189381405,3.151727546412894,0.08577636837209619,-42.38515109309783,-0.845232402679053,80.23430329663834,1.5397792612636616,-10.39194654418359,0.20689099899680946,0.2401145671380422,0.00020257,0.6683221477197494,0.00049835,0,0.0
734,-0.22047091820119583,2.028170558862604,-0.00032169,1.2158541232221989,2.735354949826481,-12.619408334254299,-0.0023016062189381405,-3.825652669826399,0.08577636837209619,-5.147074805774805,-0.845232402679053,54.357724296899576,1.5397792612636616,-2.804801104585148,0.20689099899680946,-0.8570307136449135,0.00020257,0.8405142736227996,0.00049835,1,0.0
735,0.923407862992353,0.3240581917947091,-0.00032169,1.2158541232221989,2.735354949826481,59.105379321641365,-0.0023016062189381405,49.014667831145104,0.08577636837209619,-93.96759261388821,-0.845232402679053,-41.208413412707785,1.5397792612636616,13.150495959443338,0.20689099899680946,0.27099201245864024,0.00020257,3.706725441431841,0.00049835,0,0.0
736,0.07844595731934745,0.027497367953955708,-0.00032169,1.2158541232221989,2.735354949826481,14.289368921575015,-0.0023016062189381405,10.346266675992931,0.08577636837209619,-29.111818973244304,-0.845232402679053,13.95046199413069,1.5397792612636616,0.8568374585196344,0.20689099899680946,0.3646032278408001,0.00020257,0.8091164147766486,0.00049835,0,0.0
737,1.1762053186179706,3.513613955194528,-0.00032169,1.2158541232221989,2.735354949826481,57.29909567933409,-0.0023016062189381405,70.75879093485047,0.08577636837209619,-98.98611491700483,-0.845232402679053,-31.671841265016912,1.5397792612636616,0.985716476025034,0.20689099899680946,0.2639751674335249,0.00020257,4.138059243567419,0.00049835,0,0.0
738,-0.003493934100973428,0.24680430079216334,-0.00032169,1.2158541232221989,2.735354949826481,78.33919198616438,-0.0023016062189381405,20.577088311600555,0.08577636837209619,-1.8456553745987914,-0.845232402679053,-29.728176133438573,1.5397792612636616,-51.208214595510455,0.20689099899680946,0.9792393232237067,0.00020257,2.432680124330852,0.00049835,0,0.0
739,0.0009371598579364093,0.19821088961609076,-0.00032169,1.2158541232221989,2.735354949826481,2.830114834775918,-0.0023016062189381405,8.981641179143091,0.08577636837209619,-65.47289253021472,-0.845232402679053,92.92647706651886,1.5397792612636616,12.18181604387389,0.20689099899680946,0.6044256732095561,0.00020257,1.3908845278125093,0.00049835,0,0.0
740,1.728189569452114,5.19291080710506,-0.00032169,1.2158541232221989,2.735354949826481,38.34651021566095,-0.0023016062189381405,49.75417515997999,0.08577636837209619,-20.35518800816962,-0.845232402679053,-52.28402294845155,1.5397792612636616,-11.46294529127464,0.20689099899680946,0.2884626153908485,0.00020257,3.5081904157681234,0.00049835,0,0.0
741,0.0123133742019097,1.1795380758226612,-0.00032169,1.2158541232221989,2.735354949826481,50.409926351824666,-0.0023016062189381405,46.102396212510044,0.08577636837209619,-95.08383454322801,-0.845232402679053,46.355948194177394,1.5397792612636616,-12.751010453614066,0.20689099899680946,0.6855550394357046,0.00020257,2.892042369584069,0.00049835,0,0.0
742,1.0936583098042731,0.33185721318221373,-0.00032169,1.2158541232221989,2.735354949826481,-20.39872502359877,-0.0023016062189381405,7.014075095517574,0.08577636837209619,-7.896534163482512,-0.845232402679053,-43.861575772191486,1.5397792612636616,36.37811235061477,0.20689099899680946,-0.2668613578110996,0.00020257,0.2686857118327232,0.00049835,1,0.0
743,0.003546401309035052,0.3161541413198624,-0.00032169,1.2158541232221989,2.735354949826481,33.58527039448485,-0.0023016062189381405,8.544399975735322,0.08577636837209619,-16.19200844998875,-0.845232402679053,37.14923175301626,1.5397792612636616,-23.55341097273628,0.20689099899680946,0.9273872113124518,0.00020257,1.4878157082755687,0.00049835,0,0.0
744,1.6099301344908916,1.543916268918293,-0.00032169,1.2158541232221989,2.735354949826481,46.50012763288754,-0.0023016062189381405,23.302153995282637,0.08577636837209619,-15.050137653028504,-0.845232402679053,-92.9352047443532,1.5397792612636616,10.266123535957838,0.20689099899680946,0.28308743157245697,0.00020257,3.1070104495339135,0.00049835,0,0.0
745,1.7576943333395751,0.8421925642302748,-0.00032169,1.2158541232221989,2.735354949826481,-55.81538721094666,-0.0023016062189381405,2.3872127316709615,0.08577636837209619,-34.743613237638684,-0.845232402679053,-10.683152952922342,1.5397792612636616,78.42231125003794,0.20689099899680946,-0.11907819580715111,0.00020257,0.11887492280282348,0.00049835,1,0.0
746,0.003946594810827042,0.19183425434916926,-0.00032169,1.2158541232221989,2.735354949826481,29.626130299774626,-0.0023016062189381405,17.440188298639235,0.08577636837209619,-29.974282395251514,-0.845232402679053,17.02300062601289,1.5397792612636616,-14.493846810710313,0.20689099899680946,0.6373805366455385,0.00020257,1.227274728125942,0.00049835,0,0.0
747,2.0061287456952495,0.9229881668142528,-0.00032169,1.2158541232221989,2.735354949826481,-44.32562760134454,-0.0023016062189381405,8.998614993943809,0.08577636837209619,-18.63990657607532,-0.845232402679053,-62.162829769918424,1.5397792612636616,71.96360755823196,0.20689099899680946,-0.2814547112023752,0.00020257,0.28662598097919423,0.00049835,1,0.0
748,0.004269607085535254,0.008774593819004247,-0.00032169,1.2158541232221989,2.735354949826481,32.18413481122798,-0.0023016062189381405,23.833522950255478,0.08577636837209619,-67.50349537240903,-0.845232402679053,20.096640702909585,1.5397792612636616,3.197121423800348,0.20689099899680946,0.2885768855926276,0.00020257,1.8689837604164192,0.00049835,0,0.0
749,0.6676118636541344,1.9407248365623162,-0.00032169,1.2158541232221989,2.735354949826481,55.903112238685495,-0.0023016062189381405,50.2641282220697,0.08577636837209619,-63.7902203514234,-0.845232402679053,-14.31930005685037,1.5397792612636616,-16.270009755066425,0.20689099899680946,0.6270223298311586,0.00020257,3.122557416398776,0.00049835,0,0.0
750,2.025144304910973,1.5809777944239731,-0.00032169,1.2158541232221989,2.735354949826481,34.65730118629657,-0.0023016062189381405,43.50464878870645,0.08577636837209619,-97.09883878066239,-0.845232402679053,-64.0756034020594,1.5397792612636616,53.71736897200955,0.20689099899680946,0.268863706934088,0.00020257,3.9268485644651436,0.00049835,0,0.0
751,0.49929383414755235,0.10481444827181437,-0.00032169,1.2158541232221989,2.735354949826481,7.215904706090434,-0.0023016062189381405,19.523088849487287,0.08577636837209619,-62.795814984324466,-0.845232402679053,16.479147517056127,1.5397792612636616,24.880094357168552,0.20689099899680946,0.3136673031037037,0.00020257,1.327212796436061,0.00049835,0,0.0
752,0.32807810781106805,1.44320909835783,-0.00032169,1.2158541232221989,2.735354949826481,72.79415181133578,-0.0023016062189381405,15.503527257807166,0.08577636837209619,-39.971485077329035,-0.845232402679053,-5.565743283241766,1.5397792612636616,-20.00117297775454,0.20689099899680946,0.4788671866733336,0.00020257,3.791727274241322,0.00049835,0,0.0
753,1.141942753732283,6.713658596450438,-0.00032169,1.2158541232221989,2.735354949826481,66.05179626328496,-0.0023016062189381405,53.9941498958867,0.08577636837209619,-62.357359952998735,-0.845232402679053,53.780239361823206,1.5397792612636616,-35.93994633857789,0.20689099899680946,1.4022017491463052,0.00020257,4.8553124685193545,0.00049835,0,0.0
754,0.5793887183287699,1.4022187702286677,-0.00032169,1.2158541232221989,2.735354949826481,-56.149354448302304,-0.0023016062189381405,-7.310039115453251,0.08577636837209619,-46.32976788759237,-0.845232402679053,62.61103940692219,1.5397792612636616,60.248253838596185,0.20689099899680946,-0.8128807630366939,0.00020257,0.20738083784520356,0.00049835,1,0.0
755,1.1386634734376166,0.9436390559073007,-0.00032169,1.2158541232221989,2.735354949826481,-52.51988189362784,-0.0023016062189381405,-3.9535017630224383,0.08577636837209619,-39.440759919972734,-0.845232402679053,35.60373663858091,1.5397792612636616,65.15824426487887,0.20689099899680946,-0.4448011063163656,0.00020257,0.4440504525770349,0.00049835,1,0.0
756,0.7111056073582467,0.33281243390558696,-0.00032169,1.2158541232221989,2.735354949826481,89.48437783182453,-0.0023016062189381405,39.45315541942127,0.08577636837209619,-25.039060297383134,-0.845232402679053,-96.17731975635799,1.5397792612636616,-31.210873656900915,0.20689099899680946,0.27590501149750235,0.00020257,3.725882484216781,0.00049835,0,0.0
757,2.541213881486081,1.6710797630223047,-0.00032169,1.2158541232221989,2.735354949826481,-26.68284067032679,-0.0023016062189381405,34.509696880973955,0.08577636837209619,-92.49297174847449,-0.845232402679053,-41.278604609700174,1.5397792612636616,93.05885105311117,0.20689099899680946,0.28763943040318296,0.00020257,2.0465956204796627,0.00049835,0,0.0
758,2.0050995580028426,1.824254039352929,-0.00032169,1.2158541232221989,2.735354949826481,-40.367223373582966,-0.0023016062189381405,22.44169199857373,0.08577636837209619,-67.08609489953862,-0.845232402679053,-42.70960151586474,1.5397792612636616,86.4396938624237,0.20689099899680946,-0.40842354564819117,0.00020257,1.0761073984764176,0.00049835,1,0.0
759,0.9305547713205979,1.3111925152101593,-0.00032169,1.2158541232221989,2.735354949826481,84.54765046507038,-0.0023016062189381405,47.239898931332434,0.08577636837209619,-92.92303052193411,-0.845232402679053,-2.879477007257062,1.5397792612636616,-9.302990362565152,0.20689099899680946,1.7034462098709042,0.00020257,4.280942316519605,0.00049835,0,0.0
760,0.0018278614746435884,0.4905925289334131,-0.00032169,1.2158541232221989,2.735354949826481,48.46262831169791,-0.0023016062189381405,5.40361689854886,0.08577636837209619,-2.689840899643626,-0.845232402679053,25.97758692124088,1.5397792612636616,-35.46781865655963,0.20689099899680946,0.9576503081366968,0.00020257,1.9865672811812791,0.00049835,0,0.0
761,1.363164202435859,2.7637734556371027,-0.00032169,1.2158541232221989,2.735354949826481,-74.22245378475696,-0.0023016062189381405,12.883983035787386,0.08577636837209619,-65.61859787507868,-0.845232402679053,3.6405690720128137,1.5397792612636616,91.71676928700948,0.20689099899680946,-1.4993829311974793,0.00020257,0.21033387730976438,0.00049835,1,0.0
762,1.0384016167165515,0.7448953730073934,-0.00032169,1.2158541232221989,2.735354949826481,-51.39258439455322,-0.0023016062189381405,-3.2173363584693093,0.08577636837209619,-45.895420521363405,-0.845232402679053,40.52913852217336,1.5397792612636616,65.67813025199432,0.20689099899680946,-0.3716348801084087,0.00020257,0.3682219485162088,0.00049835,1,0.0
763,0.47484485371107105,0.4255449897835059,-0.00032169,1.2158541232221989,2.735354949826481,-51.62748855395068,-0.0023016062189381405,7.230088884811661,0.08577636837209619,-91.6607638897845,-0.845232402679053,85.15575862314786,1.5397792612636616,69.28319623326794,0.20689099899680946,-0.4311199519371436,0.00020257,0.3826938166559104,0.00049835,1,0.0
764,0.000196014074625106,0.030870052758292462,-0.00032169,1.2158541232221989,2.735354949826481,33.425870943795545,-0.0023016062189381405,20.437132496929017,0.08577636837209619,-56.72515310549553,-0.845232402679053,21.53084673274557,1.5397792612636616,-2.3217364756382315,0.20689099899680946,0.4832253640654739,0.00020257,1.733190073949836,0.00049835,0,0.0
765,-6.549327886817835e-05,0.7265594808222138,-0.00032169,1.2158541232221989,2.735354949826481,80.92261063396836,-0.0023016062189381405,24.851036096929686,0.08577636837209619,-26.27131006004027,-0.845232402679053,21.910418355834583,1.5397792612636616,-52.34405202432905,0.20689099899680946,2.0249675971585095,0.00020257,2.51307091295069,0.00049835,0,0.0
766,1.8200685346630119,0.9219996717507016,-0.00032169,1.2158541232221989,2.735354949826481,7.853577599235286,-0.0023016062189381405,38.62449467372344,0.08577636837209619,-87.41712765602901,-0.845232402679053,-41.42179355424642,1.5397792612636616,57.59626828744693,0.20689099899680946,0.2772435786611036,0.00020257,2.5857031676277282,0.00049835,0,0.0
767,0.6693609144897437,2.9078371677033052,-0.00032169,1.2158541232221989,2.735354949826481,-77.64436840745167,-0.0023016062189381405,-18.64962400775203,0.08577636837209619,-45.2242207883853,-0.845232402679053,80.32810902065577,1.5397792612636616,77.39925808910829,0.20689099899680946,-1.4082314942801726,0.00020257,0.20848491539657832,0.00049835,1,0.0
768,2.72034815865791,2.024105984367605,-0.00032169,1.2158541232221989,2.735354949826481,-21.93718019083307,-0.0023016062189381405,34.255479430695615,0.08577636837209619,-63.962145436189346,-0.845232402679053,-72.67884128695535,1.5397792612636616,81.73869357814552,0.20689099899680946,0.2808871694942333,0.00020257,1.9384097683197745,0.00049835,0,0.0
769,1.4007015625038037,3.2494341104308946,-0.00032169,1.2158541232221989,2.735354949826481,-37.723593596067616,-0.0023016062189381405,18.389823415153277,0.08577636837209619,-17.79464760718423,-0.845232402679053,-83.10946389894563,1.5397792612636616,57.01159569619301,0.20689099899680946,-1.5370564037934982,0.00020257,0.4501560037287924,0.00049835,1,0.0
770,-0.018252007608097864,0.7444412969172539,-0.00032169,1.2158541232221989,2.735354949826481,51.10103287963475,-0.0023016062189381405,14.53892519774373,0.08577636837209619,-31.07148676939628,-0.845232402679053,61.30948316683895,1.5397792612636616,-34.2832631622805,0.20689099899680946,1.4814486023548838,0.00020257,2.25514428195456,0.00049835,0,0.0
771,1.5728524523575502,0.5931433870500067,-0.00032169,1.2158541232221989,2.735354949826481,-61.288879650499084,-0.0023016062189381405,11.933365964941505,0.08577636837209619,-82.72780370376888,-0.845232402679053,15.28284870357685,1.5397792612636616,96.8256755341915,0.20689099899680946,-0.33077959612967195,0.00020257,0.3308824297877972,0.00049835,1,0.0
772,0.051154982913389935,4.6538858590359276,-0.00032169,1.2158541232221989,2.735354949826481,-22.55989089083737,-0.0023016062189381405,13.988855544596088,0.08577636837209619,-10.257668275445392,-0.845232402679053,-34.647631012746416,1.5397792612636616,17.01270511533777,0.20689099899680946,-1.987615196979081,0.00020257,0.272370962342006,0.00049835,1,0.0
773,0.0010629657732463826,0.05286133229363456,-0.00032169,1.2158541232221989,2.735354949826481,79.67478100993328,-0.0023016062189381405,40.231869661904206,0.08577636837209619,-85.14507048004681,-0.845232402679053,-8.114283341095106,1.5397792612636616,-17.54281452089334,0.20689099899680946,0.3863446206030654,0.00020257,3.6983384874125136,0.00049835,0,0.0
774,1.6873872295296903,0.8731413106549117,-0.00032169,1.2158541232221989,2.735354949826481,32.698560951184426,-0.0023016062189381405,44.113921963748766,0.08577636837209619,-74.6102223894317,-0.845232402679053,-67.44569099082243,1.5397792612636616,35.51696707078207,0.20689099899680946,0.2732878171242954,0.00020257,3.1125324152101594,0.00049835,0,0.0
775,1.1958545003548298,0.3663545294185878,-0.00032169,1.2158541232221989,2.735354949826481,-42.068448710248454,-0.0023016062189381405,9.123966774863227,0.08577636837209619,-54.30837605070578,-0.845232402679053,0.2550837766827677,1.5397792612636616,68.13490441972016,0.20689099899680946,-0.2817787875527563,0.00020257,0.28177631570838024,0.00049835,1,0.0
776,0.939276588855172,0.28512704886005474,-0.00032169,1.2158541232221989,2.735354949826481,-34.942515140994665,-0.0023016062189381405,15.687883677960096,0.08577636837209619,-99.22825993725681,-0.845232402679053,61.272543397131095,1.5397792612636616,70.48176624989219,0.20689099899680946,0.35727111769247427,0.00020257,0.7965629567432713,0.00049835,0,0.0
777,0.9251177560348863,0.26190494973560324,-0.00032169,1.2158541232221989,2.735354949826481,-49.427369758599625,-0.0023016062189381405,2.8823226088438463,0.08577636837209619,-64.14823960970696,-0.845232402679053,43.47182008282283,1.5397792612636616,69.56228407602458,0.20689099899680946,-0.10528798958518576,0.00020257,0.10400809497870661,0.00049835,1,0.0
778,0.1612729011673042,0.02295906712757059,-0.00032169,1.2158541232221989,2.735354949826481,12.336791448100596,-0.0023016062189381405,20.053466474085585,0.08577636837209619,-72.78212369409154,-0.845232402679053,35.29571207188583,1.5397792612636616,19.101492718857454,0.20689099899680946,0.31507541197931654,0.00020257,1.390566890310819,0.00049835,0,0.0
779,-0.08334936226893175,1.1927425147639756,-0.00032169,1.2158541232221989,2.735354949826481,90.2507674227786,-0.0023016062189381405,15.381386874474888,0.08577636837209619,-5.411363500023312,-0.845232402679053,28.74775147283384,1.5397792612636616,-66.49318503882208,0.20689099899680946,1.8655800150170752,0.00020257,3.1009579030326693,0.00049835,0,0.0
780,0.006450951280047246,0.025764181126127602,-0.00032169,1.2158541232221989,2.735354949826481,40.780982774359224,-0.0023016062189381405,20.710910135467515,0.08577636837209619,-34.891540498093605,-0.845232402679053,-8.14765877062605,1.5397792612636616,-13.81429715174393,0.20689099899680946,0.2943856095795305,0.00020257,1.7036576534033436,0.00049835,0,0.0
781,0.3857164409125988,1.3097824728761687,-0.00032169,1.2158541232221989,2.735354949826481,48.502184818880295,-0.0023016062189381405,41.65375804720204,0.08577636837209619,-49.201127089252736,-0.845232402679053,-15.325388704038811,1.5397792612636616,-18.55993576950623,0.20689099899680946,0.32011548445486104,0.00020257,2.5435203273358167,0.00049835,0,0.0
782,1.5619084665768979,4.62414171966113,-0.00032169,1.2158541232221989,2.735354949826481,87.33253991864696,-0.0023016062189381405,19.030419296060693,0.08577636837209619,-11.810459837731942,-0.845232402679053,-41.90836135592829,1.5397792612636616,-23.913573559815113,0.20689099899680946,1.5201013331723865,0.00020257,4.804725588890051,0.00049835,0,0.0
783,0.7113978513760584,0.19468640798217732,-0.00032169,1.2158541232221989,2.735354949826481,24.15482935172876,-0.0023016062189381405,28.014250720005546,0.08577636837209619,-65.42052457365178,-0.845232402679053,-10.984883300853571,1.5397792612636616,20.046733996120928,0.20689099899680946,0.2899486122300762,0.00020257,2.061663971936676,0.00049835,0,0.0
784,1.725805245987783,0.7317393456841103,-0.00032169,1.2158541232221989,2.735354949826481,-48.43335722480099,-0.0023016062189381405,10.407177218844007,0.08577636837209619,-46.270689520979815,-0.845232402679053,-29.35654796874216,1.5397792612636616,79.67472992001474,0.20689099899680946,-0.34988447537402556,0.00020257,0.3499413020005938,0.00049835,1,0.0
785,1.3234342441772435,0.39760471384220747,-0.00032169,1.2158541232221989,2.735354949826481,-63.130858321057566,-0.0023016062189381405,9.758845230322587,0.08577636837209619,-92.53181611416234,-0.845232402679053,41.590499602568464,1.5397792612636616,96.3193488901842,0.20689099899680946,-0.21765906104862293,0.00020257,0.21733544204906768,0.00049835,1,0.0
786,0.44153080328101435,0.05127471793386944,-0.00032169,1.2158541232221989,2.735354949826481,-25.177771172320863,-0.0023016062189381405,4.146695223168574,0.08577636837209619,-41.01614220862433,-0.845232402679053,24.208239378521387,1.5397792612636616,37.91463862272633,0.20689099899680946,-0.09626084881093848,0.00020257,0.10064075843876523,0.00049835,1,0.0
787,0.5814727608053316,0.2003455757395618,-0.00032169,1.2158541232221989,2.735354949826481,13.081927933777395,-0.0023016062189381405,8.883209944989861,0.08577636837209619,-1.033868282512028,-0.845232402679053,-27.574141999639917,1.5397792612636616,0.9700655637998755,0.20689099899680946,0.3733997737372775,0.00020257,0.7489669291587145,0.00049835,0,0.0
788,0.8356137239895087,3.6308690669876853,-0.00032169,1.2158541232221989,2.735354949826481,54.01670102740382,-0.0023016062189381405,65.05249395190708,0.08577636837209619,-95.32102095055976,-0.845232402679053,-0.2863094813409733,1.5397792612636616,-7.329505395499169,0.20689099899680946,0.3015522530884003,0.00020257,3.9307381495711233,0.00049835,0,0.0
789,-0.47458297365344526,1.890475266719242,-0.00032169,1.2158541232221989,2.735354949826481,98.02860110276427,-0.0023016062189381405,18.56901559717372,0.08577636837209619,-25.646050590105844,-0.845232402679053,72.4988445361646,1.5397792612636616,-75.8536075117768,0.20689099899680946,2.235281965655057,0.00020257,3.312194352362951,0.00049835,0,0.0
790,0.03729646316693164,0.8251913010575505,-0.00032169,1.2158541232221989,2.735354949826481,16.807529191460752,-0.0023016062189381405,-4.352765578071365,0.08577636837209619,-10.932062531166832,-0.845232402679053,73.80841037237391,1.5397792612636616,-15.88028310375804,0.20689099899680946,0.22933694922541037,0.00020257,2.0690047413311947,0.00049835,0,0.0
791,1.4353177424345542,0.6872539335333577,-0.00032169,1.2158541232221989,2.735354949826481,56.56416764573737,-0.0023016062189381405,50.58114866607383,0.08577636837209619,-83.11806056137455,-0.845232402679053,-72.01396285470403,1.5397792612636616,20.53416030257539,0.20689099899680946,0.27042456028994866,0.00020257,3.8412759064016857,0.00049835,0,0.0
792,2.400902388624176,2.253826906880974,-0.00032169,1.2158541232221989,2.735354949826481,-9.622907356796736,-0.0023016062189381405,38.09740481019616,0.08577636837209619,-61.10587460684116,-0.845232402679053,-76.6268015820158,1.5397792612636616,66.57103750711026,0.20689099899680946,0.10055239636970925,0.00020257,2.1193998881873526,0.00049835,0,0.0
793,-0.0002745320783008598,0.10936531511190463,-0.00032169,1.2158541232221989,2.735354949826481,35.71522224846258,-0.0023016062189381405,17.976176289066167,0.08577636837209619,-52.88822515636903,-0.845232402679053,34.07562370630018,1.5397792612636616,-7.204333371613341,0.20689099899680946,0.8580489319377331,0.00020257,1.6955589292384705,0.00049835,0,0.0
794,0.6118026197907308,2.2185497517020223,-0.00032169,1.2158541232221989,2.735354949826481,-59.21526837811377,-0.0023016062189381405,-14.025731100839652,0.08577636837209619,-23.149654545216592,-0.845232402679053,52.29061245656724,1.5397792612636616,54.87672440577368,0.20689099899680946,-1.1886131410040197,0.00020257,0.2425758109160714,0.00049835,1,0.0
795,0.0008016184534723747,0.008334746484906123,-0.00032169,1.2158541232221989,2.735354949826481,-6.248806856145994,-0.0023016062189381405,11.518360133187684,0.08577636837209619,-73.60424724090961,-0.845232402679053,67.52845748746596,1.5397792612636616,26.713661383137755,0.20689099899680946,0.3954699058061152,0.00020257,0.6986606037172421,0.00049835,0,0.0
796,-0.005168559678316864,0.42568868447392827,-0.00032169,1.2158541232221989,2.735354949826481,99.39579870368559,-0.0023016062189381405,48.86021290688284,0.08577636837209619,-74.10599488715883,-0.845232402679053,-8.309924331757385,1.5397792612636616,-42.74813012119521,0.20689099899680946,1.1797127859767649,0.00020257,3.828638130571778,0.00049835,0,0.0
797,1.8694449539825984,1.0672267295444575,-0.00032169,1.2158541232221989,2.735354949826481,30.19298647451948,-0.0023016062189381405,43.16536538110377,0.08577636837209619,-80.60922110408995,-0.845232402679053,-68.54554073850286,1.5397792612636616,44.411620304737056,0.20689099899680946,0.27532464388755673,0.00020257,3.2928209964492288,0.00049835,0,0.0
798,2.2128540462022714,1.3488434432542191,-0.00032169,1.2158541232221989,2.735354949826481,-21.717406132941008,-0.0023016062189381405,25.969106041064755,0.08577636837209619,-58.1825587585514,-0.845232402679053,-48.817529761082426,1.5397792612636616,71.74132343758596,0.20689099899680946,0.2982863497878325,0.00020257,1.5212922855738082,0.00049835,0,0.0
799,-0.030940394543359506,1.0324474070382859,-0.00032169,1.2158541232221989,2.735354949826481,67.8669504544711,-0.0023016062189381405,4.332992209618191,0.08577636837209619,-0.27356465303751687,-0.845232402679053,27.76986226978008,1.5397792612636616,-47.735090796310416,0.20689099899680946,1.043534599526942,0.00020257,2.8717315762331483,0.00049835,0,0.0
800,0.013329633938405916,0.06515370806550218,-0.00032169,2.387138367997413,2.9709305229720875,85.07108344277225,-0.0023016062189381405,11.484631738873082,0.08577636837209619,-71.87562470268806,-0.845232402679053,44.08510622428664,1.5397792612636616,-5.079187350063219,0.20689099899680946,0.4050506277421155,0.00020257,0.6540715977787966,0.00049835,0,0.0
801,1.2019691534179906,0.5293496815036524,-0.00032169,2.387138367997413,2.9709305229720875,10.951372127044177,-0.0023016062189381405,17.314969011814096,0.08577636837209619,-62.014541569785905,-0.845232402679053,-85.4045368176738,1.5397792612636616,68.44698382126747,0.20689099899680946,-0.4388421028656424,0.00020257,0.45181643185741116,0.00049835,1,0.0
802,-0.18815948113574238,1.1104364398732207,-0.00032169,2.387138367997413,2.9709305229720875,-41.75475849283321,-0.0023016062189381405,-4.476029599052795,0.08577636837209619,-0.3836277152174084,-0.845232402679053,82.35216558901469,1.5397792612636616,-3.6691416985793888,0.20689099899680946,-0.2729163035730467,0.00020257,0.7780206816264237,0.00049835,1,0.0
803,0.9992903640955638,0.2838294761619995,-0.00032169,2.387138367997413,2.9709305229720875,-20.527151016084137,-0.0023016062189381405,13.400408686085566,0.08577636837209619,-60.56893731140155,-0.845232402679053,-45.15833596457022,1.5397792612636616,70.44076852841798,0.20689099899680946,-0.2979782576946216,0.00020257,0.3070663686795233,0.00049835,1,0.0
804,0.003560242822327253,0.16316946457650128,-0.00032169,2.387138367997413,2.9709305229720875,23.59389302344362,-0.0023016062189381405,6.303775777714124,0.08577636837209619,-68.9336102134983,-0.845232402679053,63.49678038302955,1.5397792612636616,20.368046342638774,0.20689099899680946,0.22248012085587027,0.00020257,0.44836302756203245,0.00049835,0,0.0
805,0.32402686583500406,0.23039576790391567,-0.00032169,2.387138367997413,2.9709305229720875,64.77113061016986,-0.0023016062189381405,12.170177931293251,0.08577636837209619,-30.82266256565131,-0.845232402679053,-50.56603450283979,1.5397792612636616,0.13850319571502293,0.20689099899680946,-0.15166620354454075,0.00020257,0.36567326335663297,0.00049835,1,0.0
806,0.29378911500168103,0.013160309587971602,-0.00032169,2.387138367997413,2.9709305229720875,-34.8969032419397,-0.0023016062189381405,0.7780076224799134,0.08577636837209619,-21.537460405268625,-0.845232402679053,11.983733863360936,1.5397792612636616,34.03490570040715,0.20689099899680946,-0.011567374130869976,0.00020257,0.01216635882248646,0.00049835,1,0.0
807,1.0616108151742756,0.32155282554108666,-0.00032169,2.387138367997413,2.9709305229720875,-5.755078614656032,-0.0023016062189381405,13.02166808371388,0.08577636837209619,-46.439522900327255,-0.845232402679053,-68.14233972000173,1.5397792612636616,61.438423078125844,0.20689099899680946,-0.32189979559800674,0.00020257,0.3217552349951538,0.00049835,1,0.0
808,0.004371811657301605,0.5167907492205792,-0.00032169,2.387138367997413,2.9709305229720875,-8.909822320162197,-0.0023016062189381405,-0.888959502187376,0.08577636837209619,-6.623708326256222,-0.845232402679053,54.03025357463234,1.5397792612636616,-5.013870346352949,0.20689099899680946,-0.08310662037031458,0.00020257,0.7181583825172101,0.00049835,1,0.0
809,0.0012702278718348392,0.65037966270586,-0.00032169,2.387138367997413,2.9709305229720875,76.55422238714618,-0.0023016062189381405,1.8640753357505682,0.08577636837209619,-16.867848514628605,-0.845232402679053,73.78929116674995,1.5397792612636616,-39.84878735838318,0.20689099899680946,0.18947377076588978,0.00020257,1.5010601638142245,0.00049835,0,0.0
810,0.4803446028714207,1.525633903861341,-0.00032169,2.387138367997413,2.9709305229720875,-67.43288215735528,-0.0023016062189381405,10.471681417878257,0.08577636837209619,-11.22590263013991,-0.845232402679053,-16.25527444415624,1.5397792612636616,29.172126137200642,0.20689099899680946,-0.7536052379514939,0.00020257,0.5458213226635471,0.00049835,1,0.0
811,0.010512631003147255,0.10467203347175863,-0.00032169,2.387138367997413,2.9709305229720875,14.693233991204105,-0.0023016062189381405,7.963570383659482,0.08577636837209619,-57.111151938900264,-0.845232402679053,18.07845980290716,1.5397792612636616,23.42816167275934,0.20689099899680946,-0.14518053514016468,0.00020257,0.21636520605972462,0.00049835,1,0.0
812,-0.13646250220700162,2.042799826491222,-0.00032169,2.387138367997413,2.9709305229720875,72.05859217747494,-0.0023016062189381405,27.360282756695582,0.08577636837209619,-82.66601665911685,-0.845232402679053,23.937210146887377,1.5397792612636616,-21.933097258980762,0.20689099899680946,-0.3763438165683709,0.00020257,1.094097230202975,0.00049835,1,0.0
813,-0.0013710608500837607,0.04984335698090304,-0.00032169,2.387138367997413,2.9709305229720875,-47.53831641676788,-0.0023016062189381405,3.276773100574205,0.08577636837209619,-79.30807873379801,-0.845232402679053,79.77829486876013,1.5397792612636616,57.826783117584874,0.20689099899680946,0.01582644595206835,0.00020257,0.06186120958975937,0.00049835,0,0.0
814,0.01417692070759824,0.10421964637696907,-0.00032169,2.387138367997413,2.9709305229720875,-16.804163329474815,-0.0023016062189381405,8.601746442161868,0.08577636837209619,-90.81046781645806,-0.845232402679053,57.90546658887014,1.5397792612636616,52.16706982888354,0.20689099899680946,-0.13292937285602102,0.00020257,0.2065738528270511,0.00049835,1,0.0
815,0.7264823089044068,0.11775762207944981,-0.00032169,2.387138367997413,2.9709305229720875,-75.85946523636599,-0.0023016062189381405,8.20596917410704,0.08577636837209619,-76.52810115165305,-0.845232402679053,28.086247386225025,1.5397792612636616,88.12711684176317,0.20689099899680946,-0.1796932209044886,0.00020257,0.18175920570046647,0.00049835,1,0.0
816,0.9001747340436278,0.16976204821806704,-0.00032169,2.387138367997413,2.9709305229720875,-10.265185397496118,-0.0023016062189381405,6.1483864226628535,0.08577636837209619,-1.73963508896,-0.845232402679053,-70.31358634449411,1.5397792612636616,34.63167323572649,0.20689099899680946,-0.14439094163186267,0.00020257,0.14404315649548388,0.00049835,1,0.0
817,-0.25941569716754825,1.3391764536271253,-0.00032169,2.387138367997413,2.9709305229720875,-42.69495695764841,-0.0023016062189381405,3.1655861470812745,0.08577636837209619,-40.65078714151308,-0.845232402679053,99.51119934568388,1.5397792612636616,9.575110365095535,0.20689099899680946,-0.305183134389297,0.00020257,0.7744589712701255,0.00049835,1,0.0
818,0.23802294901709956,0.37839550108819564,-0.00032169,2.387138367997413,2.9709305229720875,-21.81409793175936,-0.0023016062189381405,-2.3680108594026366,0.08577636837209619,-43.262526877482586,-0.845232402679053,43.568582641438056,1.5397792612636616,44.487486355009764,0.20689099899680946,-0.14718853120918063,0.00020257,0.4075756148221632,0.00049835,1,0.0
819,-0.19427211014077272,2.2335369483697822,-0.00032169,2.387138367997413,2.9709305229720875,45.342534034857316,-0.0023016062189381405,25.38581759059939,0.08577636837209619,-87.71693060635553,-0.845232402679053,43.6817288591526,1.5397792612636616,-10.464734428814872,0.20689099899680946,-0.4552810251744711,0.00020257,1.058920964005611,0.00049835,1,0.0
820,1.4934260547237215,0.7514156744873322,-0.00032169,2.387138367997413,2.9709305229720875,-27.532887635721256,-0.0023016062189381405,19.306806524345944,0.08577636837209619,-51.76948188461918,-0.845232402679053,-91.46675716661184,1.5397792612636616,78.13233611005282,0.20689099899680946,-0.4245655319342905,0.00020257,0.44999752308188534,0.00049835,1,0.0
821,0.5075279030511202,0.2763724034753226,-0.00032169,2.387138367997413,2.9709305229720875,25.604386510360936,-0.0023016062189381405,9.622913518872073,0.08577636837209619,-77.31563885051975,-0.845232402679053,25.181738077485242,1.5397792612636616,43.430679196011404,0.20689099899680946,0.20984030861110312,0.00020257,0.4795438641000742,0.00049835,0,0.0
822,-0.00040910858109111103,0.1456128917711551,-0.00032169,2.387138367997413,2.9709305229720875,53.19633937649514,-0.0023016062189381405,7.990659624140874,0.08577636837209619,-47.4642379476201,-0.845232402679053,31.93536225154094,1.5397792612636616,-4.172781948566331,0.20689099899680946,0.2723401425284485,0.00020257,0.4389107256017126,0.00049835,0,0.0
823,0.8377783657913194,0.3400801565982106,-0.00032169,2.387138367997413,2.9709305229720875,29.513197473893598,-0.0023016062189381405,14.119180163217708,0.08577636837209619,-39.118784412997535,-0.845232402679053,-77.89354791260097,1.5397792612636616,36.96523005334595,0.20689099899680946,-0.3524863098454184,0.00020257,0.3786640442129575,0.00049835,1,0.0
824,0.8139373763829696,0.4536198134909462,-0.00032169,2.387138367997413,2.9709305229720875,40.27534840535573,-0.0023016062189381405,10.461306481934246,0.08577636837209619,-73.28869488696085,-0.845232402679053,9.351856507959928,1.5397792612636616,44.496477657737834,0.20689099899680946,0.2925313180297501,0.00020257,0.7007956502883465,0.00049835,0,0.0
825,0.08348492891607318,0.13708706181834862,-0.00032169,2.387138367997413,2.9709305229720875,-21.846015647779666,-0.0023016062189381405,6.304848426876341,0.08577636837209619,-95.65555472871766,-0.845232402679053,76.48630985792975,1.5397792612636616,59.34117971951434,0.20689099899680946,0.05460491113571621,0.00020257,0.22895934607794044,0.00049835,0,0.0
826,0.5029831523453551,0.18959152553798703,-0.00032169,2.387138367997413,2.9709305229720875,-26.494146678144553,-0.0023016062189381405,7.46625560476993,0.08577636837209619,-84.97442888513248,-0.845232402679053,32.588402424518385,1.5397792612636616,72.13233623559077,0.20689099899680946,-0.08329172539748544,0.00020257,0.27165890982650653,0.00049835,1,0.0
827,-0.25376386251968386,2.984421962863978,-0.00032169,2.387138367997413,2.9709305229720875,-76.22155503986251,-0.0023016062189381405,16.135210032186716,0.08577636837209619,-81.46793145658093,-0.845232402679053,96.85229596300412,1.5397792612636616,31.935077410821105,0.20689099899680946,-0.9187998739793573,0.00020257,0.9517802363499659,0.00049835,1,0.0
828,-0.0006492211534749881,0.9155940179835267,-0.00032169,2.387138367997413,2.9709305229720875,-42.21791012607294,-0.0023016062189381405,-7.256540608812417,0.08577636837209619,-2.316721024643461,-0.845232402679053,91.68313592343786,1.5397792612636616,5.779471057051097,0.20689099899680946,-0.2055383042047616,0.00020257,0.9764281383457853,0.00049835,1,0.0
829,0.16237919433782352,0.01677148360260393,-0.00032169,2.387138367997413,2.9709305229720875,1.3342578702943633,-0.0023016062189381405,2.1674567530354985,0.08577636837209619,-12.810439120492154,-0.845232402679053,-8.460312371122102,1.5397792612636616,12.713551237140736,0.20689099899680946,-0.07957824607224762,0.00020257,0.08142433003741528,0.00049835,1,0.0
830,0.44915552113369256,0.05843817869783206,-0.00032169,2.387138367997413,2.9709305229720875,-36.77472839502113,-0.0023016062189381405,6.830263239783267,0.08577636837209619,-65.91140367524959,-0.845232402679053,19.582163571836173,1.5397792612636616,62.924855125378535,0.20689099899680946,-0.1525157811402636,0.00020257,0.15142177052419598,0.00049835,1,0.0
831,0.8501178648483032,0.541457165937328,-0.00032169,2.387138367997413,2.9709305229720875,39.265063442632204,-0.0023016062189381405,11.013935567084674,0.08577636837209619,-96.37742314721889,-0.845232402679053,30.2680340611865,1.5397792612636616,58.92930069856215,0.20689099899680946,0.28383719607632735,0.00020257,0.8510817326113338,0.00049835,0,0.0
832,0.42781399408511755,0.6999937376342855,-0.00032169,2.387138367997413,2.9709305229720875,97.69712542974008,-0.0023016062189381405,24.579204612375637,0.08577636837209619,-64.60106592725569,-0.845232402679053,-74.37518360197498,1.5397792612636616,1.123513419652036,0.20689099899680946,-0.3836003415306749,0.00020257,0.636408837331513,0.00049835,1,0.0
833,0.3845246582097599,0.1527435886938177,-0.00032169,2.387138367997413,2.9709305229720875,92.44542127861503,-0.0023016062189381405,16.27367610970765,0.08577636837209619,-65.74395735424449,-0.845232402679053,-7.406877661192976,1.5397792612636616,0.6690346882535524,0.20689099899680946,0.4260308712683165,0.00020257,0.5221724426621566,0.00049835,0,0.0
834,0.7799769086041697,1.9290362974329802,-0.00032169,2.387138367997413,2.9709305229720875,23.357520487364006,-0.0023016062189381405,28.110883029039687,0.08577636837209619,-50.525426349637826,-0.845232402679053,-84.846131271571,1.5397792612636616,20.301232275129248,0.20689099899680946,-0.8102879020350765,0.00020257,0.8102130534342743,0.00049835,1,0.0
835,0.3370346244500517,0.19542174319639477,-0.00032169,2.387138367997413,2.9709305229720875,34.41990227787684,-0.0023016062189381405,12.121074664778584,0.08577636837209619,-59.65432618909664,-0.845232402679053,-10.331613930575752,1.5397792612636616,25.651079315655522,0.20689099899680946,-0.06812601393487741,0.00020257,0.3409371076999208,0.00049835,1,0.0
836,-0.0005795319544088517,0.05876184705083497,-0.00032169,2.387138367997413,2.9709305229720875,90.39149687729557,-0.0023016062189381405,12.276616449852373,0.08577636837209619,-70.38832507725797,-0.845232402679053,39.24114578467266,1.5397792612636616,-8.970325694657552,0.20689099899680946,0.42695912439033157,0.00020257,0.625894879919438,0.00049835,0,0.0
837,0.16973783629139394,1.210767812964191,-0.00032169,2.387138367997413,2.9709305229720875,-84.63622203523587,-0.0023016062189381405,6.284997501790222,0.08577636837209619,-26.026645674737495,-0.845232402679053,30.282054160157273,1.5397792612636616,36.51567190069896,0.20689099899680946,-0.6876573822788608,0.00020257,0.42863581421673863,0.00049835,1,0.0
838,0.4022862854893171,1.4393905787862862,-0.00032169,2.387138367997413,2.9709305229720875,-2.5389917897248506,-0.0023016062189381405,-9.513959167536175,0.08577636837209619,-15.177546128756514,-0.845232402679053,63.860081201680764,1.5397792612636616,25.104358615882308,0.20689099899680946,-0.14972366464470166,0.00020257,1.1726856030597248,0.00049835,1,0.0
839,-0.17200505905778313,1.5338493790266283,-0.00032169,2.387138367997413,2.9709305229720875,45.56467403908743,-0.0023016062189381405,1.8496261538165735,0.08577636837209619,-1e-20,-0.845232402679053,82.42253401384959,1.5397792612636616,-49.978900217378644,0.20689099899680946,-0.03671613223560799,0.00020257,1.520325149460532,0.00049835,1,0.0
840,0.2348746830704327,0.3205630707927555,-0.00032169,2.387138367997413,2.9709305229720875,84.53681460549961,-0.0023016062189381405,18.257033011080754,0.08577636837209619,-59.963055389528975,-0.845232402679053,-32.44033540300029,1.5397792612636616,-1.7516735386936781,0.20689099899680946,-0.06996300589017218,0.00020257,0.5034893732252101,0.00049835,1,0.0
841,1.2045224466216433,0.5175422965464638,-0.00032169,2.387138367997413,2.9709305229720875,-35.445637912665696,-0.0023016062189381405,13.162008137342148,0.08577636837209619,-26.60685568267696,-0.845232402679053,-73.92698508835213,1.5397792612636616,59.613977523220356,0.20689099899680946,-0.34355690339338585,0.00020257,0.32230215915127003,0.00049835,1,0.0
842,0.9564140698554242,1.4163310805684477,-0.00032169,2.387138367997413,2.9709305229720875,92.8801950249262,-0.0023016062189381405,3.5144677360055057,0.08577636837209619,-53.22558183962484,-0.845232402679053,36.83126933197855,1.5397792612636616,16.68166058873271,0.20689099899680946,0.29034608721237576,0.00020257,1.7913061459301327,0.00049835,0,0.0
843,0.21488092773582657,0.16386706348306188,-0.00032169,2.387138367997413,2.9709305229720875,88.23076763559857,-0.0023016062189381405,13.872483837290975,0.08577636837209619,-47.636323138520105,-0.845232402679053,-14.057028156124927,1.5397792612636616,-10.822746082959739,0.20689099899680946,0.29549958570674517,0.00020257,0.436735760822181,0.00049835,0,0.0
844,1.4976361277018773,0.4052696216999505,-0.00032169,2.387138367997413,2.9709305229720875,-54.47396874658827,-0.0023016062189381405,7.472651725771847,0.08577636837209619,-22.21184262528136,-0.845232402679053,-76.94764821377053,1.5397792612636616,82.7947707126279,0.20689099899680946,-0.15993934959234687,0.00020257,0.16202773063492779,0.00049835,1,0.0
845,-0.003964536007678765,0.13401929784177416,-0.00032169,2.387138367997413,2.9709305229720875,-81.08720495571337,-0.0023016062189381405,-7.492716808448491,0.08577636837209619,-20.492745233737026,-0.845232402679053,76.41440223909746,1.5397792612636616,41.70197649119837,0.20689099899680946,-0.22734111098250703,0.00020257,0.2365685924995225,0.00049835,1,0.0
846,-0.0007586061246593889,0.46585807056814366,-0.00032169,2.387138367997413,2.9709305229720875,43.49574550198213,-0.0023016062189381405,6.56880125036601,0.08577636837209619,-36.21321836926818,-0.845232402679053,63.55866518655522,1.5397792612636616,-17.122402850467996,0.20689099899680946,0.1391919077302759,0.00020257,1.015450125332122,0.00049835,0,0.0
847,0.002351717389606267,0.10531557520062876,-0.00032169,2.387138367997413,2.9709305229720875,46.938635314429035,-0.0023016062189381405,6.464105793466206,0.08577636837209619,-17.748643512957035,-0.845232402679053,-13.055892732921295,1.5397792612636616,-11.553448770461014,0.20689099899680946,0.030283360144464783,0.00020257,0.20049029924980885,0.00049835,0,0.0
848,1.388602148271532,0.38436990536001014,-0.00032169,2.387138367997413,2.9709305229720875,-28.606486744230132,-0.0023016062189381405,9.606450530678211,0.08577636837209619,-20.835828214706897,-0.845232402679053,-89.244171967516,1.5397792612636616,68.42928663892255,0.20689099899680946,-0.22791716413213473,0.00020257,0.2283408264373721,0.00049835,1,0.0
849,0.464578522737345,0.4549022099678094,-0.00032169,2.387138367997413,2.9709305229720875,34.22211100333542,-0.0023016062189381405,15.846346200366677,0.08577636837209619,-24.16820746166679,-0.845232402679053,-65.41286073306172,1.5397792612636616,5.5619406642984455,0.20689099899680946,-0.399291552243158,0.00020257,0.40578153189137184,0.00049835,1,0.0
850,0.00029027983478580044,0.10157007225967389,-0.00032169,2.387138367997413,2.9709305229720875,47.60938021820216,-0.0023016062189381405,10.118113910300584,0.08577636837209619,-88.73534041664296,-0.845232402679053,84.87235604813425,1.5397792612636616,14.411913275860119,0.20689099899680946,0.3437791554555777,0.00020257,0.7659086678875998,0.00049835,0,0.0
851,0.3173507873986665,0.3527132157529761,-0.00032169,2.387138367997413,2.9709305229720875,56.461344052871944,-0.0023016062189381405,15.510328274069332,0.08577636837209619,-26.800137138360625,-0.845232402679053,-66.69994570295042,1.5397792612636616,-2.783100585579493,0.20689099899680946,-0.38280771185835644,0.00020257,0.3828496619071638,0.00049835,1,0.0
852,0.13904135800905504,0.02571030563824748,-0.00032169,2.387138367997413,2.9709305229720875,-26.227639790853512,-0.0023016062189381405,3.934996154844205,0.08577636837209619,-54.74199177709007,-0.845232402679053,34.821521267118236,1.5397792612636616,43.26020658066795,0.20689099899680946,-0.08362208302033754,0.00020257,0.09528089569302751,0.00049835,1,0.0
853,0.20552595497601778,0.1351758540704246,-0.00032169,2.387138367997413,2.9709305229720875,93.24598134108616,-0.0023016062189381405,15.067946879198571,0.08577636837209619,-57.47552141126908,-0.845232402679053,-3.736392281704575,1.5397792612636616,-9.778152826001437,0.20689099899680946,0.3826955325965972,0.00020257,0.47449830182903235,0.00049835,0,0.0
854,0.5275278714247245,0.037078381401505434,-0.00032169,2.387138367997413,2.9709305229720875,-62.586796903493024,-0.0023016062189381405,2.483876120299131,0.08577636837209619,-48.02469483985687,-0.845232402679053,25.528263981453165,1.5397792612636616,65.9325731726449,0.20689099899680946,-0.030608853164686377,0.00020257,0.03024498028392426,0.00049835,1,0.0
855,0.001152039855160103,0.4352677565016874,-0.00032169,2.387138367997413,2.9709305229720875,79.64732647383791,-0.0023016062189381405,4.574248026211306,0.08577636837209619,-32.25638965783594,-0.845232402679053,73.43185994192774,1.5397792612636616,-32.91039027231121,0.20689099899680946,0.2504344053898696,0.00020257,1.383283936157159,0.00049835,0,0.0
856,0.22408722689256333,0.20075524658076346,-0.00032169,2.387138367997413,2.9709305229720875,76.87964800533916,-0.0023016062189381405,10.563008307011376,0.08577636837209619,-8.35163227153827,-0.845232402679053,-66.76341235951375,1.5397792612636616,-18.574007156746305,0.20689099899680946,-0.18249644574324336,0.00020257,0.3284306872486204,0.00049835,1,0.0
857,1.0901644499222747,0.538590434656181,-0.00032169,2.387138367997413,2.9709305229720875,17.820266910985957,-0.0023016062189381405,18.994976674310397,0.08577636837209619,-83.02534162897382,-0.845232402679053,-60.90086185092208,1.5397792612636616,71.08529805779567,0.20689099899680946,-0.3471403003621583,0.00020257,0.505146560786792,0.00049835,1,0.0
858,0.18385896204136482,0.07598684917717974,-0.00032169,2.387138367997413,2.9709305229720875,-80.07521354048792,-0.0023016062189381405,-4.944632248693402,0.08577636837209619,-35.49779685105965,-0.845232402679053,66.32905185121322,1.5397792612636616,56.77767075184841,0.20689099899680946,-0.1509343722996218,0.00020257,0.15211159486411818,0.00049835,1,0.0
859,1.456136446351726,2.284488235416537,-0.00032169,2.387138367997413,2.9709305229720875,5.58153174282938,-0.0023016062189381405,-0.7239793991209514,0.08577636837209619,-61.217013358224186,-0.845232402679053,29.67118303217782,1.5397792612636616,79.60197871995665,0.20689099899680946,0.05003657726273392,0.00020257,1.5049114098853402,0.00049835,0,0.0
860,0.5128136660278428,2.3986754405158486,-0.00032169,2.387138367997413,2.9709305229720875,9.534442193465447,-0.0023016062189381405,-13.183540857777661,0.08577636837209619,-10.019094756072194,-0.845232402679053,66.94671651206733,1.5397792612636616,25.465624579732975,0.20689099899680946,-0.24450086528654214,0.00020257,1.5176987813143856,0.00049835,1,0.0
861,-0.01574282408919392,0.4956896520786939,-0.00032169,2.387138367997413,2.9709305229720875,-7.66166344277947,-0.0023016062189381405,5.764874702726724,0.08577636837209619,-36.39729581680263,-0.845232402679053,56.18269458941969,1.5397792612636616,5.845904609820292,0.20689099899680946,-0.09358324971237658,0.00020257,0.6240180807415323,0.00049835,1,0.0
862,0.0027538466267636452,0.4148659164384887,-0.00032169,2.387138367997413,2.9709305229720875,36.15700839184114,-0.0023016062189381405,3.7219833861637843,0.08577636837209619,-52.412770560211335,-0.845232402679053,91.2206366512256,1.5397792612636616,-2.0176595987010892,0.20689099899680946,0.1833537704502997,0.00020257,1.104701903921892,0.00049835,0,0.0
863,0.1113356609828492,0.20711491711413338,-0.00032169,2.387138367997413,2.9709305229720875,7.542188033055201,-0.0023016062189381405,6.054787766257597,0.08577636837209619,-85.18215085038482,-0.845232402679053,82.3732696310005,1.5397792612636616,38.33114891058098,0.20689099899680946,0.21879180485725047,0.00020257,0.5473808651398593,0.00049835,0,0.0
864,0.1918579654111099,0.12828294191112768,-0.00032169,2.387138367997413,2.9709305229720875,23.532345715933364,-0.0023016062189381405,5.72733959678356,0.08577636837209619,-33.936291428684584,-0.845232402679053,-12.447827688143446,1.5397792612636616,17.59351360753402,0.20689099899680946,-0.17189741664624827,0.00020257,0.2427719204577228,0.00049835,1,0.0
865,0.0005175899296327446,0.39602398367285574,-0.00032169,2.387138367997413,2.9709305229720875,92.38067322878307,-0.0023016062189381405,5.298363440643567,0.08577636837209619,-42.678459619519984,-0.845232402679053,86.85798493647188,1.5397792612636616,-33.96493079484079,0.20689099899680946,0.3056366360628783,0.00020257,1.5654294904172792,0.00049835,0,0.0
866,0.009739865035878204,0.12550948553817076,-0.00032169,2.387138367997413,2.9709305229720875,77.85873426859584,-0.0023016062189381405,14.2588595009267,0.08577636837209619,-66.21014174782358,-0.845232402679053,26.520227091663582,1.5397792612636616,-8.170353600404281,0.20689099899680946,0.33106563346438533,0.00020257,0.5094993009006289,0.00049835,0,0.0
867,0.07751216965254515,1.0792349138845103,-0.00032169,2.387138367997413,2.9709305229720875,56.8982399348098,-0.0023016062189381405,19.473671355559045,0.08577636837209619,-17.69652120010669,-0.845232402679053,-59.122777359217544,1.5397792612636616,-27.511861216340925,0.20689099899680946,-0.586442087275066,0.00020257,0.5999239488367014,0.00049835,1,0.0
868,0.3085102486614896,0.32731913330836576,-0.00032169,2.387138367997413,2.9709305229720875,-9.003647473635972,-0.0023016062189381405,1.136677806007825,0.08577636837209619,-52.742782796639936,-0.845232402679053,38.671837674990606,1.5397792612636616,43.81001924204665,0.20689099899680946,-0.03502121139865927,0.00020257,0.41291554274605285,0.00049835,1,0.0
869,0.19651425577549142,0.6332020085110857,-0.00032169,2.387138367997413,2.9709305229720875,22.75770367226043,-0.0023016062189381405,-3.7310655719350256,0.08577636837209619,-9.707153120251304,-0.845232402679053,37.9684486568386,1.5397792612636616,1.3028055513818628,0.20689099899680946,-0.001840375677640449,0.00020257,0.8252287270044429,0.00049835,1,0.0
870,1.1700664371987335,0.639175039425792,-0.00032169,2.387138367997413,2.9709305229720875,20.570819648423146,-0.0023016062189381405,20.686820577109987,0.08577636837209619,-83.71998220558586,-0.845232402679053,-75.99364513694066,1.5397792612636616,73.4868244836076,0.20689099899680946,-0.45607342278202617,0.00020257,0.5383680204078818,0.00049835,1,0.0
871,0.0010889315249726361,0.1273523626133581,-0.00032169,2.387138367997413,2.9709305229720875,28.27361930269176,-0.0023016062189381405,5.350214225111586,0.08577636837209619,-39.48385130981655,-0.845232402679053,25.240257997689948,1.5397792612636616,5.737567840726294,0.20689099899680946,0.16895819727107178,0.00020257,0.22694564280105364,0.00049835,0,0.0
872,-0.015605930982462546,1.1079953855871412,-0.00032169,2.387138367997413,2.9709305229720875,99.98174622849133,-0.0023016062189381405,26.02550577240974,0.08577636837209619,-62.91077880872066,-0.845232402679053,-35.915569277261504,1.5397792612636616,-26.37103286125398,0.20689099899680946,-0.37488239608674767,0.00020257,0.7618416723273759,0.00049835,1,0.0
873,0.12205077108443252,0.1539744582078867,-0.00032169,2.387138367997413,2.9709305229720875,52.51076812918103,-0.0023016062189381405,9.731691109933005,0.08577636837209619,-38.82777910666557,-0.845232402679053,-12.800002587965293,1.5397792612636616,0.9935768290967171,0.20689099899680946,0.0009347835448137443,0.00020257,0.3005020739382533,0.00049835,0,0.0
874,0.00029218132523545215,0.23003949329369494,-0.00032169,2.387138367997413,2.9709305229720875,-0.027189491779822522,-0.0023016062189381405,3.5493361238086383,0.08577636837209619,-53.22920370931039,-0.845232402679053,69.91712271406894,1.5397792612636616,19.040700208148856,0.20689099899680946,0.10637724637689921,0.00020257,0.5156385064770972,0.00049835,0,0.0
875,0.32486251372474173,0.491275232883852,-0.00032169,2.387138367997413,2.9709305229720875,-99.5942990517189,-0.0023016062189381405,-9.68479134573791,0.08577636837209619,-51.214395681862015,-0.845232402679053,86.89013424518642,1.5397792612636616,85.44888206216442,0.20689099899680946,-0.33715837149125094,0.00020257,0.3712147490547897,0.00049835,1,0.0
876,0.006256721975027579,0.2591074332596569,-0.00032169,2.387138367997413,2.9709305229720875,45.450637347843426,-0.0023016062189381405,4.999016454250781,0.08577636837209619,-47.121575876711745,-0.845232402679053,62.44990799385166,1.5397792612636616,-4.219998825781817,0.20689099899680946,0.21936697685999978,0.00020257,0.8130037327062585,0.00049835,0,0.0
877,0.7136937037587873,1.032904189750193,-0.00032169,2.387138367997413,2.9709305229720875,11.527777246422707,-0.0023016062189381405,-1.1597225372856634,0.08577636837209619,-41.16723463134331,-0.845232402679053,39.509962611429614,1.5397792612636616,39.90925898142854,0.20689099899680946,0.05180378061250768,0.00020257,1.0410902586671553,0.00049835,0,0.0
878,1.3162619119362022,0.3874219279975287,-0.00032169,2.387138367997413,2.9709305229720875,-14.972777042642289,-0.0023016062189381405,11.073076679435028,0.08577636837209619,-27.288943783996196,-0.845232402679053,-90.35841987970491,1.5397792612636616,64.59174602045347,0.20689099899680946,-0.2769130133283712,0.00020257,0.2810923642489666,0.00049835,1,0.0
879,0.8034651448291207,2.000293649883124,-0.00032169,2.387138367997413,2.9709305229720875,-46.579142558107925,-0.0023016062189381405,15.79309630901858,0.08577636837209619,-2.474236543733024,-0.845232402679053,-76.35286744406898,1.5397792612636616,27.837543368905056,0.20689099899680946,-0.8856505506713692,0.00020257,0.5483386431398178,0.00049835,1,0.0
880,0.004277449233074382,0.14659414533889029,-0.00032169,2.387138367997413,2.9709305229720875,75.11998619989369,-0.0023016062189381405,11.612873491290618,0.08577636837209619,-73.1043414040367,-0.845232402679053,72.20283174233404,1.5397792612636616,-9.211896406502827,0.20689099899680946,0.3694868606195189,0.00020257,0.9902583074603146,0.00049835,0,0.0
881,0.9836405760477079,0.9132272223200475,-0.00032169,2.387138367997413,2.9709305229720875,-77.94373394315453,-0.0023016062189381405,-9.25732036294803,0.08577636837209619,-11.443897045401803,-0.845232402679053,-5.428941338203818,1.5397792612636616,84.09397241126727,0.20689099899680946,-0.46660696475110564,0.00020257,0.4572820809645487,0.00049835,1,0.0
882,0.03766020829364558,0.24730649766045598,-0.00032169,2.387138367997413,2.9709305229720875,83.24240209650974,-0.0023016062189381405,5.656074894747178,0.08577636837209619,-52.31371552314567,-0.845232402679053,64.86742703214857,1.5397792612636616,-15.154051294417712,0.20689099899680946,0.30913483413154497,0.00020257,1.1160072874224807,0.00049835,0,0.0
883,0.32156958817149306,0.05608231039727455,-0.00032169,2.387138367997413,2.9709305229720875,-5.652277338595331,-0.0023016062189381405,6.449141475246662,0.08577636837209619,-40.68130121130429,-0.845232402679053,-5.4306808319354385,1.5397792612636616,33.98580908643609,0.20689099899680946,-0.1615146425991424,0.00020257,0.16174530107500873,0.00049835,1,0.0
884,1.0413142629448,0.42176516372531503,-0.00032169,2.387138367997413,2.9709305229720875,-0.8545306051467787,-0.0023016062189381405,15.88661320208848,0.08577636837209619,-40.99777988587202,-0.845232402679053,-77.40656042877117,1.5397792612636616,50.90809885599817,0.20689099899680946,-0.3680748476599633,0.00020257,0.3660252950884814,0.00049835,1,0.0
885,0.6439504398789578,0.8571980558302659,-0.00032169,2.387138367997413,2.9709305229720875,-38.86873746203645,-0.0023016062189381405,11.629120365126015,0.08577636837209619,-13.305877025533661,-0.845232402679053,-35.015506693669145,1.5397792612636616,27.33987091927925,0.20689099899680946,-0.5206800213191927,0.00020257,0.4956653430473297,0.00049835,1,0.0
886,0.9954550753407378,0.14935840372699286,-0.00032169,2.387138367997413,2.9709305229720875,-80.78482307673976,-0.0023016062189381405,6.937760571060561,0.08577636837209619,-67.86028068695076,-0.845232402679053,6.990079583961796,1.5397792612636616,97.60805963373892,0.20689099899680946,-0.12453036487526759,0.00020257,0.12379586413346988,0.00049835,1,0.0
887,1.2001061746649406,0.457004894832939,-0.00032169,2.387138367997413,2.9709305229720875,-1.0094228822274096,-0.0023016062189381405,16.113084189348896,0.08577636837209619,-41.680426546194965,-0.845232402679053,-88.6548604158349,1.5397792612636616,58.219867110237374,0.20689099899680946,-0.3649226104457201,0.00020257,0.37342885450484425,0.00049835,1,0.0
888,2.0704728956271725,2.5878767060985255,-0.00032169,2.387138367997413,2.9709305229720875,45.07479677352104,-0.0023016062189381405,5.055636111172548,0.08577636837209619,-25.064142070084543,-0.845232402679053,-89.77157067128265,1.5397792612636616,70.47644723368109,0.20689099899680946,0.018469807235380054,0.00020257,1.2953724404122795,0.00049835,0,0.0
889,0.5599230664274839,1.0532080031000426,-0.00032169,2.387138367997413,2.9709305229720875,-87.95461117855521,-0.0023016062189381405,9.993232933733546,0.08577636837209619,-41.29486679561332,-0.845232402679053,19.486731273851472,1.5397792612636616,55.94170001159589,0.20689099899680946,-0.6125231245010633,0.00020257,0.5442443946281769,0.00049835,1,0.0
890,0.9181052467992702,0.9409067103178443,-0.00032169,2.387138367997413,2.9709305229720875,-64.83516562883926,-0.0023016062189381405,9.042361570384111,0.08577636837209619,-0.2884532579066214,-0.845232402679053,-46.673867257073525,1.5397792612636616,40.9185977999199,0.20689099899680946,-0.524783194218023,0.00020257,0.4545932670533251,0.00049835,1,0.0
891,0.19773949442575645,0.023314209748646956,-0.00032169,2.387138367997413,2.9709305229720875,7.957598927139413,-0.0023016062189381405,2.524121104097866,0.08577636837209619,-7.638009341850508,-0.845232402679053,-19.175314563221022,1.5397792612636616,8.890869058739042,0.20689099899680946,-0.09635819643308782,0.00020257,0.09723217164039563,0.00049835,1,0.0
892,0.010392572034912728,0.07272219644414317,-0.00032169,2.387138367997413,2.9709305229720875,38.281691196337064,-0.0023016062189381405,6.435441006281199,0.08577636837209619,-16.106891631141977,-0.845232402679053,-24.775869500568266,1.5397792612636616,-5.9879041245493845,0.20689099899680946,-0.183491661552668,0.00020257,0.18428641461135115,0.00049835,1,0.0
893,0.11671005811173074,0.03342664547070326,-0.00032169,2.387138367997413,2.9709305229720875,-17.66210745959528,-0.0023016062189381405,5.568180172679825,0.08577636837209619,-55.46149690518049,-0.845232402679053,28.468655232073232,1.5397792612636616,38.58595981118786,0.20689099899680946,-0.12279866264609932,0.00020257,0.12526144616865145,0.00049835,1,0.0
894,0.4018075391575429,0.35371787727518356,-0.00032169,2.387138367997413,2.9709305229720875,-27.76279235891742,-0.0023016062189381405,9.021493658693045,0.08577636837209619,-24.361205937980444,-0.845232402679053,-11.285480503188687,1.5397792612636616,25.807631726287834,0.20689099899680946,-0.3418945287086997,0.00020257,0.34144494973170963,0.00049835,1,0.0
895,-0.031727077753996746,0.5636070303758325,-0.00032169,2.387138367997413,2.9709305229720875,-18.563438747923993,-0.0023016062189381405,6.037541357707046,0.08577636837209619,-5.596157376874631,-0.845232402679053,9.20690256286408,1.5397792612636616,-4.455743253068282,0.20689099899680946,-0.41044887167523075,0.00020257,0.4151958938469817,0.00049835,1,0.0
896,0.1201010931132826,0.07343729088437517,-0.00032169,2.387138367997413,2.9709305229720875,36.86745272758036,-0.0023016062189381405,6.531375437040641,0.08577636837209619,-12.226352135386982,-0.845232402679053,-34.18695033915531,1.5397792612636616,-3.7223299105315255,0.20689099899680946,-0.17865855980236584,0.00020257,0.18838409326572142,0.00049835,1,0.0
897,0.45128300884817957,0.23483702836885656,-0.00032169,2.387138367997413,2.9709305229720875,-7.844472530826353,-0.0023016062189381405,4.541682410883456,0.08577636837209619,-56.52005409354952,-0.845232402679053,16.903669870182927,1.5397792612636616,49.39841939111894,0.20689099899680946,-0.038521463441300585,0.00020257,0.3075173982962845,0.00049835,1,0.0
898,0.15884002771021666,0.0708329378853588,-0.00032169,2.387138367997413,2.9709305229720875,57.463824985595444,-0.0023016062189381405,14.295106219743461,0.08577636837209619,-99.91469118863249,-0.845232402679053,59.7251410148753,1.5397792612636616,23.108759233724644,0.20689099899680946,0.45032871027491345,0.00020257,0.550062802125747,0.00049835,0,0.0
899,0.06210765350390496,0.011434229483782537,-0.00032169,2.387138367997413,2.9709305229720875,7.563133455080153,-0.0023016062189381405,2.682884142998889,0.08577636837209619,-11.524833143450357,-0.845232402679053,-6.266100838550706,1.5397792612636616,5.1003181414742045,0.20689099899680946,-0.06974310762440987,0.00020257,0.07234865086471158,0.00049835,1,0.0
900,0.23174624637006014,0.1149843307702268,-0.00032169,2.4469845184420502,3.085375171979975,43.73632374765672,-0.0023016062189381405,9.70223606035374,0.08577636837209619,-27.29781295175571,-0.845232402679053,-46.401698222161514,1.5397792612636616,6.7049777502964645,0.20689099899680946,-0.2286288108178785,0.00020257,0.23831021059862706,0.00049835,1,0.0
901,0.19929531521316285,0.20720500187646534,-0.00032169,2.4469845184420502,3.085375171979975,84.49787085597224,-0.0023016062189381405,7.2719061739895325,0.08577636837209619,-19.105464757059316,-0.845232402679053,-24.078557591796184,1.5397792612636616,-17.42155174833265,0.20689099899680946,0.16304598275238558,0.00020257,0.4015474086408737,0.00049835,0,0.0
902,0.16116472749938,0.013642077304698578,-0.00032169,2.4469845184420502,3.085375171979975,-76.8590535247027,-0.0023016062189381405,0.0974124389003719,0.08577636837209619,-68.59734630596452,-0.845232402679053,79.26331515806594,1.5397792612636616,70.18682769422315,0.20689099899680946,-0.026438005828330467,0.00020257,0.027457380595280273,0.00049835,1,0.0
903,1.2725381277487784,0.5001841781265337,-0.00032169,2.4469845184420502,3.085375171979975,-48.699971385841906,-0.0023016062189381405,13.922848474949488,0.08577636837209619,-24.623304627915193,-0.845232402679053,-87.89506231272347,1.5397792612636616,67.96742990353644,0.20689099899680946,-0.31521853641068653,0.00020257,0.3162660467381391,0.00049835,1,0.0
904,0.7597409821142375,0.3960806911605961,-0.00032169,2.4469845184420502,3.085375171979975,79.74633432580903,-0.0023016062189381405,19.250715897322046,0.08577636837209619,-60.31322894180329,-0.845232402679053,-80.64267736066367,1.5397792612636616,25.887669089131894,0.20689099899680946,-0.12971868985325957,0.00020257,0.4962770784510157,0.00049835,1,0.0
905,-0.0009057584122921236,0.20171832612336776,-0.00032169,2.4469845184420502,3.085375171979975,30.43327432732149,-0.0023016062189381405,8.549792290905698,0.08577636837209619,-56.18197857893957,-0.845232402679053,53.0718866574672,1.5397792612636616,4.983556441158662,0.20689099899680946,0.14099003738947422,0.00020257,0.45028333741286675,0.00049835,0,0.0
906,0.00737866774147089,0.23262615380781954,-0.00032169,2.4469845184420502,3.085375171979975,-36.00846394597388,-0.0023016062189381405,-3.0403226940135495,0.08577636837209619,-29.12491196735951,-0.845232402679053,74.37131545305893,1.5397792612636616,24.39434172962433,0.20689099899680946,-0.05768020805665949,0.00020257,0.3877323220695633,0.00049835,1,0.0
907,0.021811898660707707,0.019476866747320853,-0.00032169,2.4469845184420502,3.085375171979975,5.211825294286414,-0.0023016062189381405,4.072883187278112,0.08577636837209619,-29.748167408386305,-0.845232402679053,7.167869168349314,1.5397792612636616,14.2217086396782,0.20689099899680946,-0.093038030938077,0.00020257,0.093704940113295,0.00049835,1,0.0
908,-0.26143219133714335,1.4066531061191316,-0.00032169,2.4469845184420502,3.085375171979975,91.23417542845748,-0.0023016062189381405,13.844393879303501,0.08577636837209619,-11.005522440332966,-0.845232402679053,25.824684379635674,1.5397792612636616,-67.86440963029702,0.20689099899680946,-0.07069582115979234,0.00020257,0.9654288340251151,0.00049835,1,0.0
909,0.43137356642819014,0.2174069892470648,-0.00032169,2.4469845184420502,3.085375171979975,92.62399339107486,-0.0023016062189381405,17.079716585018705,0.08577636837209619,-68.03096424801255,-0.845232402679053,-23.04320892460713,1.5397792612636616,7.590584218343657,0.20689099899680946,0.23089260404022288,0.00020257,0.466929774588062,0.00049835,0,0.0
910,0.5723462412638676,0.1654931137258216,-0.00032169,2.4469845184420502,3.085375171979975,28.883729709203674,-0.0023016062189381405,11.616375341199848,0.08577636837209619,-14.194192900341914,-0.845232402679053,-79.22534753556444,1.5397792612636616,14.65284987055111,0.20689099899680946,-0.24344041063761332,0.00020257,0.2433777811521318,0.00049835,1,0.0
911,0.20945224104890392,0.4833309452411414,-0.00032169,2.4469845184420502,3.085375171979975,64.00602542127508,-0.0023016062189381405,19.767126160813188,0.08577636837209619,-43.28796543355216,-0.845232402679053,-63.220024982975964,1.5397792612636616,-4.093774290377808,0.20689099899680946,-0.4212249879503072,0.00020257,0.43027646917502055,0.00049835,1,0.0
912,0.6088672388135328,0.2701309519610944,-0.00032169,2.4469845184420502,3.085375171979975,25.40392067973907,-0.0023016062189381405,10.688020388346072,0.08577636837209619,-68.12162569846971,-0.845232402679053,-12.594335166613039,1.5397792612636616,47.69081271986779,0.20689099899680946,0.005298036906255799,0.00020257,0.36939580405389366,0.00049835,0,0.0
913,0.4093147044333755,0.19034030028161683,-0.00032169,2.4469845184420502,3.085375171979975,-44.82791533965867,-0.0023016062189381405,-4.744153439735877,0.08577636837209619,-12.974282257931451,-0.845232402679053,7.522001282809744,1.5397792612636616,46.742637818383855,0.20689099899680946,-0.21048068779864082,0.00020257,0.20161178089258897,0.00049835,1,0.0
914,0.37949002057772147,0.1437956171700345,-0.00032169,2.4469845184420502,3.085375171979975,10.3304978981857,-0.0023016062189381405,10.145266493002806,0.08577636837209619,-64.41708147041963,-0.845232402679053,-12.125859268809746,1.5397792612636616,44.925285445787,0.20689099899680946,-0.22051353184430778,0.00020257,0.2632071579849474,0.00049835,1,0.0
915,0.678821667568803,0.7326513127690983,-0.00032169,2.4469845184420502,3.085375171979975,24.301994651373594,-0.0023016062189381405,1.7351299367880224,0.08577636837209619,-43.00793990003175,-0.845232402679053,38.85236797449589,1.5397792612636616,32.21694273619675,0.20689099899680946,0.14581467639553947,0.00020257,0.916897629028256,0.00049835,0,0.0
916,0.5848658889107508,1.90689907539715,-0.00032169,2.4469845184420502,3.085375171979975,-67.08022178355881,-0.0023016062189381405,16.39752640249123,0.08577636837209619,-60.676187595459766,-0.845232402679053,-69.92618990857291,1.5397792612636616,78.19727647627181,0.20689099899680946,-1.08465850078341,0.00020257,0.215529022606197,0.00049835,1,0.0
917,-0.00045305186318783663,0.32564847257145446,-0.00032169,2.4469845184420502,3.085375171979975,-5.8514589291936705,-0.0023016062189381405,4.091956930653727,0.08577636837209619,-48.54744823529136,-0.845232402679053,80.48826849673341,1.5397792612636616,13.202907021164334,0.20689099899680946,0.02313513053832439,0.00020257,0.5864026958981255,0.00049835,0,0.0
918,1.440709623793852,1.4180065140330251,-0.00032169,2.4469845184420502,3.085375171979975,51.87530404635954,-0.0023016062189381405,8.61177173127121,0.08577636837209619,-85.27417583581256,-0.845232402679053,-3.672472444125458,1.5397792612636616,77.03983391963175,0.20689099899680946,0.19687119592622543,0.00020257,1.1896491103031848,0.00049835,0,0.0
919,0.5303851118777406,0.058120775769427674,-0.00032169,2.4469845184420502,3.085375171979975,-18.210921522114486,-0.0023016062189381405,6.1927227261785855,0.08577636837209619,-30.303142529177755,-0.845232402679053,-26.03956104037937,1.5397792612636616,41.508528897306284,0.20689099899680946,-0.122465372941912,0.00020257,0.12193407448625275,0.00049835,1,0.0
920,0.8283844646411651,0.10189175594264244,-0.00032169,2.4469845184420502,3.085375171979975,-70.55645433651178,-0.0023016062189381405,2.987245859291318,0.08577636837209619,-33.56660424420702,-0.845232402679053,-11.30881296392944,1.5397792612636616,73.9936652042111,0.20689099899680946,-0.03350999158730991,0.00020257,0.03351878973284625,0.00049835,1,0.0
921,0.014271529471928945,0.32881215229146565,-0.00032169,2.4469845184420502,3.085375171979975,-67.79448245548527,-0.0023016062189381405,5.1470553542859,0.08577636837209619,-45.89615921104147,-0.845232402679053,65.02138097790018,1.5397792612636616,35.935592753376675,0.20689099899680946,-0.34582551716135745,0.00020257,0.3547660602477415,0.00049835,1,0.0
922,0.8200767526909762,3.021371784487582,-0.00032169,2.4469845184420502,3.085375171979975,71.15478939632223,-0.0023016062189381405,-11.819601988688534,0.08577636837209619,-12.720109326730302,-0.845232402679053,65.47460175831687,1.5397792612636616,13.741060786757043,0.20689099899680946,-0.09243100755017941,0.00020257,1.950505083132109,0.00049835,1,0.0
923,0.015636696957418428,0.7502465661662133,-0.00032169,2.4469845184420502,3.085375171979975,16.457617367250492,-0.0023016062189381405,-7.018130861095015,0.08577636837209619,-21.85501749884217,-0.845232402679053,86.30141080243726,1.5397792612636616,4.2664343943511716,0.20689099899680946,-0.053204536461315954,0.00020257,0.9144587448598469,0.00049835,1,0.0
924,0.7260089668306351,0.2062818992784675,-0.00032169,2.4469845184420502,3.085375171979975,22.300742338678806,-0.0023016062189381405,12.243139290500578,0.08577636837209619,-35.86144456816166,-0.845232402679053,-75.9457441548139,1.5397792612636616,38.05146868745019,0.20689099899680946,-0.2886997702254265,0.00020257,0.28880407289927323,0.00049835,1,0.0
925,0.42209623920597883,0.11423580612209679,-0.00032169,2.4469845184420502,3.085375171979975,-33.10618096547946,-0.0023016062189381405,7.085561737978059,0.08577636837209619,-83.67806448909006,-0.845232402679053,26.484201981825155,1.5397792612636616,74.52440562819687,0.20689099899680946,-0.20225000641822702,0.00020257,0.21023986287526233,0.00049835,1,0.0
926,0.38563707860156954,0.3593851701009826,-0.00032169,2.4469845184420502,3.085375171979975,79.76114017298046,-0.0023016062189381405,4.9035221019540245,0.08577636837209619,-11.438076252458684,-0.845232402679053,-37.114269427930516,1.5397792612636616,-8.728058546812226,0.20689099899680946,0.06600771930001323,0.00020257,0.5187431537017209,0.00049835,0,0.0
927,0.21144573295289426,0.41554031185414975,-0.00032169,2.4469845184420502,3.085375171979975,19.631505323272595,-0.0023016062189381405,15.20216758546908,0.08577636837209619,-35.55697802033737,-0.845232402679053,-32.02547382032101,1.5397792612636616,6.1670960943065305,0.20689099899680946,-0.36916728541438076,0.00020257,0.3789954455085704,0.00049835,1,0.0
928,0.24599304446658843,0.09562693570264384,-0.00032169,2.4469845184420502,3.085375171979975,-18.79938262155349,-0.0023016062189381405,10.430271253372018,0.08577636837209619,-90.10010538357325,-0.845232402679053,31.054635309605306,1.5397792612636616,61.82254734336301,0.20689099899680946,-0.21672504140540846,0.00020257,0.21656058571284317,0.00049835,1,0.0
929,0.2860456224174833,0.010931091112377942,-0.00032169,2.4469845184420502,3.085375171979975,-32.71599144918334,-0.0023016062189381405,1.7543906539215388,0.08577636837209619,-23.2376556110002,-0.845232402679053,7.825549438167477,1.5397792612636616,34.0012988115136,0.20689099899680946,-0.02597409149373366,0.00020257,0.026108629755899077,0.00049835,1,0.0
930,-0.18760617107999444,1.467241676254605,-0.00032169,2.4469845184420502,3.085375171979975,10.501801112641628,-0.0023016062189381405,8.968054566850187,0.08577636837209619,-30.563246042516383,-0.845232402679053,82.6178138394403,1.5397792612636616,-24.90055355043356,0.20689099899680946,-0.21707498312819895,0.00020257,1.0013105611146371,0.00049835,1,0.0
931,0.00022421915047662888,0.39652152468357194,-0.00032169,2.4469845184420502,3.085375171979975,55.92714415979162,-0.0023016062189381405,2.9180599711800568,0.08577636837209619,-29.788415870286073,-0.845232402679053,69.34807577132321,1.5397792612636616,-20.195482522979212,0.20689099899680946,0.15366800757304017,0.00020257,0.9165140972802286,0.00049835,0,0.0
932,1.4109194988165348,0.6877090778628858,-0.00032169,2.4469845184420502,3.085375171979975,89.15345839009537,-0.0023016062189381405,25.55977003128287,0.08577636837209619,-99.87999001489243,-0.845232402679053,-87.04238579876153,1.5397792612636616,62.83191022083409,0.20689099899680946,0.14779519892588183,0.00020257,0.7186991069217497,0.00049835,0,0.0
933,1.3746009674132402,0.517043295253023,-0.00032169,2.4469845184420502,3.085375171979975,-30.836307184719153,-0.0023016062189381405,20.79731339134605,0.08577636837209619,-83.66040349365328,-0.845232402679053,-81.89805758636211,1.5397792612636616,100.0,0.20689099899680946,-0.40124170470300985,0.00020257,0.4048782562815338,0.00049835,1,0.0
934,-0.48796855433786224,2.2142500812795465,-0.00032169,2.4469845184420502,3.085375171979975,44.79876616281988,-0.0023016062189381405,13.610223788576585,0.08577636837209619,-35.00363365918603,-0.845232402679053,72.51806708507631,1.5397792612636616,-48.485671731471335,0.20689099899680946,-0.2892949681517438,0.00020257,0.9555325405603423,0.00049835,1,0.0
935,0.00024747119595625033,0.2646955334308852,-0.00032169,2.4469845184420502,3.085375171979975,85.21902430842604,-0.0023016062189381405,7.407764670850573,0.08577636837209619,-48.22535291315033,-0.845232402679053,71.65226151713664,1.5397792612636616,-24.885181143500304,0.20689099899680946,0.2703761487621311,0.00020257,0.9960881573525439,0.00049835,0,0.0
936,0.8856054880210984,1.0214742990248689,-0.00032169,2.4469845184420502,3.085375171979975,73.86050145906593,-0.0023016062189381405,1.940902964042129,0.08577636837209619,-13.641418879136364,-0.845232402679053,-33.40627901925323,1.5397792612636616,13.84503617375031,0.20689099899680946,0.07263340775004112,0.00020257,0.9627907709517313,0.00049835,0,0.0
937,0.0377703855512346,0.0062446053101713455,-0.00032169,2.4469845184420502,3.085375171979975,-62.24348175525149,-0.0023016062189381405,1.4443037185068748,0.08577636837209619,-67.42379257768278,-0.845232402679053,77.85601110449325,1.5397792612636616,58.06598941053516,0.20689099899680946,-0.026706580819493148,0.00020257,0.02721398509854614,0.00049835,1,0.0
938,0.5523597377681801,0.6784525170790965,-0.00032169,2.4469845184420502,3.085375171979975,49.15041240313769,-0.0023016062189381405,-0.058752538153804046,0.08577636837209619,-13.95324131331273,-0.845232402679053,-9.91432699118795,1.5397792612636616,11.976007166116446,0.20689099899680946,0.008118809872641075,0.00020257,0.7256856491818737,0.00049835,0,0.0
939,0.8623421629872016,0.8080458399419342,-0.00032169,2.4469845184420502,3.085375171979975,52.37085103297253,-0.0023016062189381405,4.314777925898882,0.08577636837209619,-30.717189806736982,-0.845232402679053,8.353734620888664,1.5397792612636616,19.037810581231653,0.20689099899680946,0.23041232438287257,0.00020257,1.0201650165696465,0.00049835,0,0.0
940,0.7639350427927781,0.10438450394806499,-0.00032169,2.4469845184420502,3.085375171979975,-59.288565636128446,-0.0023016062189381405,0.3296609927303394,0.08577636837209619,-11.258426168046526,-0.845232402679053,-22.918796714822903,1.5397792612636616,57.48276601569203,0.20689099899680946,-0.025193708975921204,0.00020257,0.025099364753707682,0.00049835,1,0.0
941,-0.010155329408176872,0.5943176743794708,-0.00032169,2.4469845184420502,3.085375171979975,-17.340620722309463,-0.0023016062189381405,10.980576556780726,0.08577636837209619,-61.80174475071523,-0.845232402679053,68.77099780763977,1.5397792612636616,17.30471868755124,0.20689099899680946,-0.20150973663605498,0.00020257,0.6028671898172591,0.00049835,1,0.0
942,0.00620322512463406,0.3042958097327415,-0.00032169,2.4469845184420502,3.085375171979975,-2.3563678400420693,-0.0023016062189381405,1.122904518307678,0.08577636837209619,-49.28733437082722,-0.845232402679053,87.13022802849585,1.5397792612636616,17.316892925617896,0.20689099899680946,0.06524480337131255,0.00020257,0.5965249679130955,0.00049835,0,0.0
943,0.24934492971109568,0.19917282417089902,-0.00032169,2.4469845184420502,3.085375171979975,81.19155679528399,-0.0023016062189381405,13.388308389243756,0.08577636837209619,-42.39071491892211,-0.845232402679053,-39.47787750755754,1.5397792612636616,-3.056174865288457,0.20689099899680946,-0.01239001085791383,0.00020257,0.36319510543151634,0.00049835,1,0.0
944,1.2524072351896944,0.9382013114093805,-0.00032169,2.4469845184420502,3.085375171979975,32.06830753821916,-0.0023016062189381405,5.489405139519464,0.08577636837209619,-28.132238802357197,-0.845232402679053,-69.16571246211556,1.5397792612636616,54.14290179932505,0.20689099899680946,-0.03026998199535963,0.00020257,0.6692305794714128,0.00049835,1,0.0
945,0.06711447371095414,0.16102467470688273,-0.00032169,2.4469845184420502,3.085375171979975,23.783115207835564,-0.0023016062189381405,10.070507290189038,0.08577636837209619,-23.05649700974621,-0.845232402679053,-22.585490067785926,1.5397792612636616,-1.7934174776183016,0.20689099899680946,-0.2359939097497185,0.00020257,0.23650042456841963,0.00049835,1,0.0
946,0.2774854120978567,0.20490865098799943,-0.00032169,2.4469845184420502,3.085375171979975,88.83027966365954,-0.0023016062189381405,16.368102249667768,0.08577636837209619,-65.35658455153465,-0.845232402679053,-19.986936033554436,1.5397792612636616,3.2329308637087673,0.20689099899680946,0.11927730518738203,0.00020257,0.4312797102820257,0.00049835,0,0.0
947,0.0008948638628483163,0.35162728088007256,-0.00032169,2.4469845184420502,3.085375171979975,83.35005833390562,-0.0023016062189381405,15.074981493005792,0.08577636837209619,-76.63165890401311,-0.845232402679053,88.43542975180871,1.5397792612636616,-20.443123271306746,0.20689099899680946,0.2557083885645923,0.00020257,1.1218173581067088,0.00049835,0,0.0
948,0.565356764634982,0.2017364013004262,-0.00032169,2.4469845184420502,3.085375171979975,20.942300189592856,-0.0023016062189381405,10.78275311410927,0.08577636837209619,-52.59767051963907,-0.845232402679053,-41.88066692759025,1.5397792612636616,42.59822744826767,0.20689099899680946,-0.23322344170423753,0.00020257,0.3028311713946607,0.00049835,1,0.0
949,0.10546198933508477,0.14597577010523535,-0.00032169,2.4469845184420502,3.085375171979975,84.16733191517523,-0.0023016062189381405,13.368051330415726,0.08577636837209619,-62.936985358665396,-0.845232402679053,9.29642949727336,1.5397792612636616,-3.639063805979401,0.20689099899680946,0.2666488803071766,0.00020257,0.3737356870716072,0.00049835,0,0.0
950,-0.0005407308150169321,0.5741666722243806,-0.00032169,2.4469845184420502,3.085375171979975,65.62851377550608,-0.0023016062189381405,19.125928235309534,0.08577636837209619,-42.020204821053134,-0.845232402679053,-35.49203995731369,1.5397792612636616,-17.912100290007988,0.20689099899680946,-0.3532067065971206,0.00020257,0.4764109255367629,0.00049835,1,0.0
951,0.001181797356693659,0.08306297859653924,-0.00032169,2.4469845184420502,3.085375171979975,51.632624672334266,-0.0023016062189381405,6.719796250755687,0.08577636837209619,-17.122165757797898,-0.845232402679053,-26.414099214948067,1.5397792612636616,-10.53155225278199,0.20689099899680946,-0.1060463896303411,0.00020257,0.1895720042941044,0.00049835,1,0.0
952,0.6398067652056812,0.5171885877610938,-0.00032169,2.4469845184420502,3.085375171979975,-45.54000753501614,-0.0023016062189381405,18.438481859986485,0.08577636837209619,-87.28826909917919,-0.845232402679053,-0.5075927453722674,1.5397792612636616,71.01011269483796,0.20689099899680946,-0.4300302995139365,0.00020257,0.43340600234073473,0.00049835,1,0.0
953,0.05941841319926111,0.1100195807543228,-0.00032169,2.4469845184420502,3.085375171979975,29.844661713170222,-0.0023016062189381405,9.816021327976621,0.08577636837209619,-33.25638286830075,-0.845232402679053,-16.816293228634045,1.5397792612636616,3.7721735139843924,0.20689099899680946,-0.18453304304506826,0.00020257,0.21101799368598442,0.00049835,1,0.0
954,0.9761947258437729,0.20320546760697056,-0.00032169,2.4469845184420502,3.085375171979975,-42.28191589565765,-0.0023016062189381405,12.15791766366934,0.08577636837209619,-77.1261096047074,-0.845232402679053,-29.76816704849442,1.5397792612636616,91.70542072458493,0.20689099899680946,-0.24878065952063788,0.00020257,0.24897456912085003,0.00049835,1,0.0
955,0.17209938672512254,0.21062006301718406,-0.00032169,2.4469845184420502,3.085375171979975,-48.56795301297606,-0.0023016062189381405,-5.189112674506047,0.08577636837209619,-35.45000129722334,-0.845232402679053,51.44843458287827,1.5397792612636616,50.20569002641372,0.20689099899680946,-0.19465051856686102,0.00020257,0.24810811399848412,0.00049835,1,0.0
956,-0.06437252841884925,0.5690126924663879,-0.00032169,2.4469845184420502,3.085375171979975,-90.27733181242225,-0.0023016062189381405,-1.9700459989005241,0.08577636837209619,-25.497320994968085,-0.845232402679053,94.75791774817998,1.5397792612636616,30.820945500395897,0.20689099899680946,-0.34862923042893834,0.00020257,0.471972081921349,0.00049835,1,0.0
957,0.0014412235324143818,0.15473720031956162,-0.00032169,2.4469845184420502,3.085375171979975,82.10630306317181,-0.0023016062189381405,9.14590915314385,0.08577636837209619,-49.92500046498671,-0.845232402679053,38.94589542918098,1.5397792612636616,-16.554902713253256,0.20689099899680946,0.29473982217484834,0.00020257,0.586624573525196,0.00049835,0,0.0
958,0.005287276898208626,0.44604364608585934,-0.00032169,2.4469845184420502,3.085375171979975,11.010552032564451,-0.0023016062189381405,8.379694022297372,0.08577636837209619,-1e-20,-0.845232402679053,-10.441445814312882,1.5397792612636616,-19.115939006192644,0.20689099899680946,-0.2925060438612433,0.00020257,0.411477720631995,0.00049835,1,0.0
959,0.4272014643218476,0.2589398674853887,-0.00032169,2.4469845184420502,3.085375171979975,41.204788541844025,-0.0023016062189381405,15.907912407281493,0.08577636837209619,-64.43352137700613,-0.845232402679053,-47.2909487065175,1.5397792612636616,32.54365152842703,0.20689099899680946,-0.3373835160148597,0.00020257,0.35991972588285637,0.00049835,1,0.0
960,0.9522920449432037,0.41671434234089527,-0.00032169,2.4469845184420502,3.085375171979975,98.27264509949008,-0.0023016062189381405,24.755923647149455,0.08577636837209619,-96.7997325341727,-0.845232402679053,-55.98532679034527,1.5397792612636616,37.56114645694945,0.20689099899680946,0.1876993733651318,0.00020257,0.639877238199906,0.00049835,0,0.0
961,0.183089313516862,0.02287452543832509,-0.00032169,2.4469845184420502,3.085375171979975,-15.090276358050154,-0.0023016062189381405,5.040996222969602,0.08577636837209619,-45.78924102575592,-0.845232402679053,14.810145513419721,1.5397792612636616,35.79891992126925,0.20689099899680946,-0.10188285563455075,0.00020257,0.1040652413304309,0.00049835,1,0.0
962,0.2693647398570086,0.22550122293642208,-0.00032169,2.4469845184420502,3.085375171979975,57.60969495421398,-0.0023016062189381405,6.970275995465705,0.08577636837209619,-38.672203291975364,-0.845232402679053,6.861359594141088,1.5397792612636616,3.3491000378083355,0.20689099899680946,0.20627543759023473,0.00020257,0.43696642134186314,0.00049835,0,0.0
963,0.323107217035804,0.0729933661115007,-0.00032169,2.4469845184420502,3.085375171979975,20.640714683755068,-0.0023016062189381405,8.124171064908275,0.08577636837209619,-15.714393968516255,-0.845232402679053,-44.98069164230292,1.5397792612636616,10.213157868855339,0.20689099899680946,-0.16904476169127158,0.00020257,0.17074534306341482,0.00049835,1,0.0
964,0.24176602570218675,0.18851052103146068,-0.00032169,2.4469845184420502,3.085375171979975,70.62918639965766,-0.0023016062189381405,13.659374364799081,0.08577636837209619,-54.93425502901019,-0.845232402679053,-21.402912058617346,1.5397792612636616,5.952569462638644,0.20689099899680946,0.02684000226717914,0.00020257,0.3584974679058372,0.00049835,0,0.0
965,0.3611320647825256,0.3764257874401622,-0.00032169,2.4469845184420502,3.085375171979975,21.27885705309929,-0.0023016062189381405,4.170231455624644,0.08577636837209619,-67.11700610912297,-0.845232402679053,55.8481254813395,1.5397792612636616,36.26577178245576,0.20689099899680946,0.14816049505995313,0.00020257,0.6241856953254594,0.00049835,0,0.0
966,1.143036450433722,0.6785069150013985,-0.00032169,2.4469845184420502,3.085375171979975,-45.21230024689284,-0.0023016062189381405,18.9271283295194,0.08577636837209619,-53.515958325203094,-0.845232402679053,-67.83617839872667,1.5397792612636616,72.3463393116386,0.20689099899680946,-0.4377367402699592,0.00020257,0.4415779488493154,0.00049835,1,0.0
967,0.43926865149180966,0.09343925985688917,-0.00032169,2.4469845184420502,3.085375171979975,28.34802972750838,-0.0023016062189381405,8.151910358125917,0.08577636837209619,-13.0787533430973,-0.845232402679053,-61.93292395532721,1.5397792612636616,12.931995156822232,0.20689099899680946,-0.19193399791298255,0.00020257,0.1962097535532154,0.00049835,1,0.0
968,1.6201486374398848,4.43640014851648,-0.00032169,2.4469845184420502,3.085375171979975,56.96366065587037,-0.0023016062189381405,-8.619172543811978,0.08577636837209619,-51.03911275381033,-0.845232402679053,89.23424747764493,1.5397792612636616,60.12615591340674,0.20689099899680946,0.07420970379798764,0.00020257,2.563486305390812,0.00049835,0,0.0
969,1.409939621973,2.688254553983181,-0.00032169,2.4469845184420502,3.085375171979975,50.48438666451424,-0.0023016062189381405,-0.5750629928200774,0.08577636837209619,-82.41276358950135,-0.845232402679053,47.44196413219006,1.5397792612636616,79.45912957197355,0.20689099899680946,0.04817789113320681,0.00020257,1.7471068224238198,0.00049835,0,0.0
970,-0.004766805957715448,0.7341054833440213,-0.00032169,2.4469845184420502,3.085375171979975,85.42508695437014,-0.0023016062189381405,4.679340689766427,0.08577636837209619,-21.402063042360727,-0.845232402679053,90.98520572196897,1.5397792612636616,-48.61349710258985,0.20689099899680946,0.16414200936955614,0.00020257,1.472321284737094,0.00049835,0,0.0
971,0.8004620714736594,0.1079321436935411,-0.00032169,2.4469845184420502,3.085375171979975,-33.36446380636825,-0.0023016062189381405,5.659357351151494,0.08577636837209619,-24.011777933375807,-0.845232402679053,-43.43744259347044,1.5397792612636616,54.66905353288462,0.20689099899680946,-0.11038913303731805,0.00020257,0.10979192160771671,0.00049835,1,0.0
972,0.03142690466352684,0.006148667903856257,-0.00032169,2.4469845184420502,3.085375171979975,-50.93146312364867,-0.0023016062189381405,-0.4764878606147398,0.08577636837209619,-40.57224436024426,-0.845232402679053,56.98192449023105,1.5397792612636616,40.08113793037368,0.20689099899680946,-0.046372581896359635,0.00020257,0.04649790217135766,0.00049835,1,0.0
973,0.5823456299849629,0.15276530177961573,-0.00032169,2.4469845184420502,3.085375171979975,-30.2389648269627,-0.0023016062189381405,10.830429578081596,0.08577636837209619,-94.90480774415431,-0.845232402679053,15.738098885133654,1.5397792612636616,82.61158091327744,0.20689099899680946,-0.19824433408206027,0.00020257,0.2550822227526554,0.00049835,1,0.0
974,0.3486601157072191,0.2888935978741307,-0.00032169,2.4469845184420502,3.085375171979975,-0.426108665244085,-0.0023016062189381405,12.835631029357838,0.08577636837209619,-36.78593415554603,-0.845232402679053,-28.7603427193485,1.5397792612636616,22.36509142536151,0.20689099899680946,-0.31391704089448763,0.00020257,0.2999236933278316,0.00049835,1,0.0
975,0.0006411946962242336,0.4055617734256458,-0.00032169,2.4469845184420502,3.085375171979975,21.238198053220724,-0.0023016062189381405,0.004980596381398833,0.08577636837209619,-30.212071422346224,-0.845232402679053,76.69442094469845,1.5397792612636616,-2.9548882469759707,0.20689099899680946,0.07027664541615086,0.00020257,0.7648753874977765,0.00049835,0,0.0
976,0.41408210870792195,0.028262457922374248,-0.00032169,2.4469845184420502,3.085375171979975,-31.31585246548444,-0.0023016062189381405,2.407295836704823,0.08577636837209619,-26.769763274913092,-0.845232402679053,-3.369042890849984,1.5397792612636616,41.79469475836473,0.20689099899680946,-0.05601709116460882,0.00020257,0.05584366013203981,0.00049835,1,0.0
977,0.14105358741252672,0.20222003564385332,-0.00032169,2.4469845184420502,3.085375171979975,96.07561869943696,-0.0023016062189381405,18.507960345913354,0.08577636837209619,-73.50283992361612,-0.845232402679053,-2.4028925320490337,1.5397792612636616,-5.456424081259827,0.20689099899680946,0.1724186793933121,0.00020257,0.474698755970386,0.00049835,0,0.0
978,1.2729125616927404,0.6173261564158846,-0.00032169,2.4469845184420502,3.085375171979975,-40.543536431547636,-0.0023016062189381405,22.78797241083264,0.08577636837209619,-93.35453411095745,-0.845232402679053,-63.992669427999076,1.5397792612636616,100.0,0.20689099899680946,-0.45438915930095963,0.00020257,0.4507722500184685,0.00049835,1,0.0
979,-0.00039499855405029233,0.42866521799766294,-0.00032169,2.4469845184420502,3.085375171979975,33.92559288342064,-0.0023016062189381405,-0.26898576966429,0.08577636837209619,-3.950825801607642,-0.845232402679053,48.971088527750965,1.5397792612636616,-22.38754807338944,0.20689099899680946,0.046174062504876934,0.00020257,0.7501257269273764,0.00049835,0,0.0
980,-0.0005189626570136219,0.14160732826060304,-0.00032169,2.4469845184420502,3.085375171979975,65.87132072381414,-0.0023016062189381405,5.494361581975737,0.08577636837209619,-11.59373270370449,-0.845232402679053,-7.136807745047788,1.5397792612636616,-23.575180154581094,0.20689099899680946,0.17629924887516096,0.00020257,0.2578089447288207,0.00049835,0,0.0
981,-0.127200434362865,4.5307604931226635,-0.00032169,2.4469845184420502,3.085375171979975,-16.510123966800304,-0.0023016062189381405,23.253927787235217,0.08577636837209619,-1e-20,-0.845232402679053,-15.438648741566887,1.5397792612636616,-43.53674237571294,0.20689099899680946,-1.1796956474036155,0.00020257,1.1592173706466966,0.00049835,1,0.0
982,-0.004525482011175752,0.1427389431342309,-0.00032169,2.4469845184420502,3.085375171979975,11.118214610235809,-0.0023016062189381405,5.221443061536761,0.08577636837209619,-9.60285492917337,-0.845232402679053,0.7970252800749136,1.5397792612636616,-7.2213626684065115,0.20689099899680946,-0.10544965705575232,0.00020257,0.21848091812064196,0.00049835,1,0.0
983,0.4944426066314207,0.46325963181896623,-0.00032169,2.4469845184420502,3.085375171979975,64.35431409806543,-0.0023016062189381405,21.640391892083496,0.08577636837209619,-65.20241639528432,-0.845232402679053,-77.55367837467654,1.5397792612636616,22.805042387958924,0.20689099899680946,-0.4481704807522085,0.00020257,0.46288872035389034,0.00049835,1,0.0
984,0.13176481907015863,0.019729455507182775,-0.00032169,2.4469845184420502,3.085375171979975,-54.39967740887016,-0.0023016062189381405,5.057427166906836,0.08577636837209619,-86.87419309828738,-0.845232402679053,70.96130649853858,1.5397792612636616,69.1080292992783,0.20689099899680946,-0.08369659573622076,0.00020257,0.08395998028421245,0.00049835,1,0.0
985,0.0009079126041426893,0.1132568756381054,-0.00032169,2.4469845184420502,3.085375171979975,-26.230583004284494,-0.0023016062189381405,-0.1179921539512333,0.08577636837209619,-31.33727303761391,-0.845232402679053,54.54543735879546,1.5397792612636616,21.99097645579475,0.20689099899680946,-0.016613110080520452,0.00020257,0.21995595800122109,0.00049835,1,0.0
986,0.22457522461101456,0.05074229907805024,-0.00032169,2.4469845184420502,3.085375171979975,-76.38253269093644,-0.0023016062189381405,0.3058005113697278,0.08577636837209619,-39.61763439052788,-0.845232402679053,54.529903958074414,1.5397792612636616,52.548832171044864,0.20689099899680946,-0.14373136547812398,0.00020257,0.14328536611973597,0.00049835,1,0.0
987,0.0006225675574267715,0.0013455768160887077,-0.00032169,2.4469845184420502,3.085375171979975,-19.257097775536362,-0.0023016062189381405,-0.047359817466665954,0.08577636837209619,-17.02329469910506,-0.845232402679053,23.37876001436047,1.5397792612636616,15.540138016477787,0.20689099899680946,-0.016448237811211852,0.00020257,0.016123452653887115,0.00049835,1,0.0
988,0.5888213482171825,0.6527016818734265,-0.00032169,2.4469845184420502,3.085375171979975,87.26214174995012,-0.0023016062189381405,7.775572757871396,0.08577636837209619,-92.28167562853817,-0.845232402679053,64.3975652291882,1.5397792612636616,30.29360811252893,0.20689099899680946,0.28644167031184503,0.00020257,1.208207922178073,0.00049835,0,0.0
989,0.03730963787753161,0.15809641065116317,-0.00032169,2.4469845184420502,3.085375171979975,11.759387151526864,-0.0023016062189381405,7.744127404521272,0.08577636837209619,-96.39417299152682,-0.845232402679053,88.87072958576901,1.5397792612636616,40.01335615439736,0.20689099899680946,0.21715861885240578,0.00020257,0.37801317205613044,0.00049835,0,0.0
990,0.07064318046386392,0.17847054036402552,-0.00032169,2.4469845184420502,3.085375171979975,20.01296838161118,-0.0023016062189381405,3.1209734411045185,0.08577636837209619,-46.976275056882834,-0.845232402679053,34.926182211428696,1.5397792612636616,19.517129245022726,0.20689099899680946,0.0407057697258463,0.00020257,0.30396047257699255,0.00049835,0,0.0
991,0.3263248855573262,0.12920951573013625,-0.00032169,2.4469845184420502,3.085375171979975,-37.16745125806203,-0.0023016062189381405,5.593331778974833,0.08577636837209619,-22.919921511451015,-0.845232402679053,1.0584843773167742,1.5397792612636616,29.979478091672732,0.20689099899680946,-0.20269983868542793,0.00020257,0.2034013167144548,0.00049835,1,0.0
992,0.441878009048721,0.04309090263803489,-0.00032169,2.4469845184420502,3.085375171979975,-26.16286428771584,-0.0023016062189381405,4.117529857722717,0.08577636837209619,-37.025864142475214,-0.845232402679053,-4.98313412293683,1.5397792612636616,46.51898999047656,0.20689099899680946,-0.09728513998324964,0.00020257,0.10209098228324745,0.00049835,1,0.0
993,0.7270083772269949,0.3877445259188383,-0.00032169,2.4469845184420502,3.085375171979975,54.308254792499305,-0.0023016062189381405,17.640520572001158,0.08577636837209619,-57.488730151827,-0.845232402679053,-88.23262838400157,1.5397792612636616,37.47371035177986,0.20689099899680946,-0.39351614209360986,0.00020257,0.4344650727365108,0.00049835,1,0.0
994,-0.001737741981573504,0.3679714094217603,-0.00032169,2.4469845184420502,3.085375171979975,63.08460668645934,-0.0023016062189381405,4.067661080979152,0.08577636837209619,-43.50062421046275,-0.845232402679053,81.59888862140677,1.5397792612636616,-16.681428979912535,0.20689099899680946,0.1980841019632119,0.00020257,0.9874577429969617,0.00049835,0,0.0
995,0.4266762474406065,0.2364903312760262,-0.00032169,2.4469845184420502,3.085375171979975,61.9773717551591,-0.0023016062189381405,12.158203872282023,0.08577636837209619,-63.06540282877337,-0.845232402679053,-12.363092596201852,1.5397792612636616,21.841316997816705,0.20689099899680946,0.1159083372952894,0.00020257,0.4148457783289756,0.00049835,0,0.0
996,0.0029539869282311226,0.37029208581366546,-0.00032169,2.4469845184420502,3.085375171979975,31.720102034214406,-0.0023016062189381405,9.565152705204417,0.08577636837209619,-69.3661846471553,-0.845232402679053,92.0771781180605,1.5397792612636616,2.886406237590554,0.20689099899680946,0.13901680830541513,0.00020257,0.8421465064522429,0.00049835,0,0.0
997,0.4159633540161832,0.2134470014478282,-0.00032169,2.4469845184420502,3.085375171979975,-9.940399494324133,-0.0023016062189381405,7.701886461857643,0.08577636837209619,-0.7774821927250876,-0.845232402679053,-41.756925060172065,1.5397792612636616,10.459252402622116,0.20689099899680946,-0.24148259061361307,0.00020257,0.24597283590492344,0.00049835,1,0.0
998,0.332793370999648,0.1319110052203774,-0.00032169,2.4469845184420502,3.085375171979975,11.967319286895625,-0.0023016062189381405,11.429833205682476,0.08577636837209619,-63.833206321192776,-0.845232402679053,-15.045994359855706,1.5397792612636616,40.63173007107493,0.20689099899680946,-0.25633034877722244,0.00020257,0.25616679624979205,0.00049835,1,0.0
999,1.0614197165809915,0.23965376295727744,-0.00032169,2.4469845184420502,3.085375171979975,-10.460965772482945,-0.0023016062189381405,10.130977098386102,0.08577636837209619,-26.71738631580889,-0.845232402679053,-86.94413637795242,1.5397792612636616,58.38210307832042,0.20689099899680946,-0.23150852208951384,0.00020257,0.23216708604580621,0.00049835,1,0.0
1000,0.9097019810077354,0.9102734466390376,-0.00032169,0.8719611650083201,3.0023031448610418,14.212836463319528,-0.0023016062189381405,50.62762819269063,0.08577636837209619,-52.70455957975285,-0.845232402679053,-21.070252263789463,1.5397792612636616,12.877932497458412,0.20689099899680946,0.385340678559406,0.00020257,2.7325880319628144,0.00049835,0,0.0
1001,1.3221942346609956,2.363322765914729,-0.00032169,0.8719611650083201,3.0023031448610418,-5.546679856533569,-0.0023016062189381405,33.83048976488645,0.08577636837209619,-46.903483456374104,-0.845232402679053,65.56782605361627,1.5397792612636616,20.321518096992147,0.20689099899680946,0.3169024885561724,0.00020257,2.413322643876665,0.00049835,0,0.0
1002,-0.1283305131672119,1.3227746882063065,-0.00032169,0.8719611650083201,3.0023031448610418,71.41174055077147,-0.0023016062189381405,19.37208703278039,0.08577636837209619,-28.55036230400933,-0.845232402679053,82.36788242737869,1.5397792612636616,-54.509764321578906,0.20689099899680946,1.7108363810762361,0.00020257,4.639394131684556,0.00049835,0,0.0
1003,1.8680159773084235,1.0655439179445179,-0.00032169,0.8719611650083201,3.0023031448610418,-46.90373820102929,-0.0023016062189381405,23.150783579910485,0.08577636837209619,-45.29086912875498,-0.845232402679053,-78.52244035589376,1.5397792612636616,83.85651630292888,0.20689099899680946,-0.5892056441649403,0.00020257,0.5884134835476229,0.00049835,1,0.0
1004,0.8896677613690908,0.5106555355361317,-0.00032169,0.8719611650083201,3.0023031448610418,4.356705467991297,-0.0023016062189381405,36.72779169765738,0.08577636837209619,-98.0469591368452,-0.845232402679053,16.62779488038867,1.5397792612636616,42.87798773376807,0.20689099899680946,0.28432171381577187,0.00020257,3.407457264628686,0.00049835,0,0.0
1005,0.013745702211932942,0.3563334813811071,-0.00032169,0.8719611650083201,3.0023031448610418,35.34652140003539,-0.0023016062189381405,34.23452996027291,0.08577636837209619,-30.527097921230066,-0.845232402679053,14.523530386262566,1.5397792612636616,-23.888198657573156,0.20689099899680946,0.700619557168758,0.00020257,2.391412780508582,0.00049835,0,0.0
1006,1.5776836146724675,2.735608587967152,-0.00032169,0.8719611650083201,3.0023031448610418,4.038588819963573,-0.0023016062189381405,62.56485231851773,0.08577636837209619,-100.0,-0.845232402679053,63.27362957806919,1.5397792612636616,33.64716975615334,0.20689099899680946,1.2603645193930524,0.00020257,3.425302785425721,0.00049835,0,0.0
1007,1.7813689753397284,6.855120387932643,-0.00032169,0.8719611650083201,3.0023031448610418,39.50094673076011,-0.0023016062189381405,16.31855700093486,0.08577636837209619,-37.67420950026133,-0.845232402679053,-60.69428483058752,1.5397792612636616,25.095996159901464,0.20689099899680946,0.300464155358652,0.00020257,6.888376188220492,0.00049835,0,0.0
1008,0.9013506474731914,0.46959866361695285,-0.00032169,0.8719611650083201,3.0023031448610418,50.80301799299741,-0.0023016062189381405,69.27566503761838,0.08577636837209619,-48.78034961926191,-0.845232402679053,-97.70596481823254,1.5397792612636616,-6.980067801036806,0.20689099899680946,0.2844546605991045,0.00020257,5.211898156074556,0.00049835,0,0.0
1009,-0.002467314290447442,0.6522887169742082,-0.00032169,0.8719611650083201,3.0023031448610418,90.96281462752776,-0.0023016062189381405,53.09842591517739,0.08577636837209619,-45.37869394324323,-0.845232402679053,25.63760139645047,1.5397792612636616,-61.35397666140777,0.20689099899680946,1.7462530103164875,0.00020257,6.037571727448661,0.00049835,0,0.0
1010,-0.004635484442128579,0.6865866168075433,-0.00032169,0.8719611650083201,3.0023031448610418,70.04258622591176,-0.0023016062189381405,51.20120951643322,0.08577636837209619,-83.33250008066356,-0.845232402679053,92.71918907648842,1.5397792612636616,-39.151590777887975,0.20689099899680946,1.9581644413293593,0.00020257,5.176272514447801,0.00049835,0,0.0
1011,2.24357077968861,1.8543091091268706,-0.00032169,0.8719611650083201,3.0023031448610418,-30.394155240721286,-0.0023016062189381405,15.882729597888328,0.08577636837209619,-27.07353849365824,-0.845232402679053,-76.46662822686808,1.5397792612636616,72.35867576774315,0.20689099899680946,0.2856904809388128,0.00020257,1.5829188738256648,0.00049835,0,0.0
1012,1.6216535478107934,0.8253450715217352,-0.00032169,0.8719611650083201,3.0023031448610418,-44.30600953668692,-0.0023016062189381405,21.008347585941213,0.08577636837209619,-51.433623758163236,-0.845232402679053,-55.339823718799884,1.5397792612636616,78.81385947095234,0.20689099899680946,-0.525384324946382,0.00020257,0.523026498316293,0.00049835,1,0.0
1013,-0.3371437636831899,1.3172644674295642,-0.00032169,0.8719611650083201,3.0023031448610418,-0.7258254374255894,-0.0023016062189381405,-2.891509733022678,0.08577636837209619,-30.824331009344597,-0.845232402679053,35.932431839513505,1.5397792612636616,7.052187737315692,0.20689099899680946,-0.35278774113862876,0.00020257,0.5181898018581451,0.00049835,1,0.0
1014,0.40655747939855336,0.4610678865813456,-0.00032169,0.8719611650083201,3.0023031448610418,20.751283408440997,-0.0023016062189381405,36.35525483368995,0.08577636837209619,-27.641146793774514,-0.845232402679053,-19.37577634787723,1.5397792612636616,-5.605611022232867,0.20689099899680946,0.303530713963042,0.00020257,2.098737650070746,0.00049835,0,0.0
1015,0.34564636339152277,2.775749245018113,-0.00032169,0.8719611650083201,3.0023031448610418,63.1066711120126,-0.0023016062189381405,58.03403869737636,0.08577636837209619,-4.349913081649375,-0.845232402679053,-6.330210071539096,1.5397792612636616,-57.7526179918082,0.20689099899680946,1.3041762709246203,0.00020257,3.6431914450289478,0.00049835,0,0.0
1016,-0.029779792178849185,1.00842657915468,-0.00032169,0.8719611650083201,3.0023031448610418,66.43166787100598,-0.0023016062189381405,66.53144209787578,0.08577636837209619,-99.96597062068008,-0.845232402679053,91.86705661221181,1.5397792612636616,-35.37345674163643,0.20689099899680946,1.7915169451759452,0.00020257,5.059748665309369,0.00049835,0,0.0
1017,2.083370843036769,1.6878920290505195,-0.00032169,0.8719611650083201,3.0023031448610418,-19.72474588430488,-0.0023016062189381405,20.06603754985266,0.08577636837209619,-29.304785417612475,-0.845232402679053,-78.2626846235373,1.5397792612636616,62.987092524400616,0.20689099899680946,0.28706442701543555,0.00020257,2.135843703194157,0.00049835,0,0.0
1018,1.5510162418154128,0.8864022809788485,-0.00032169,0.8719611650083201,3.0023031448610418,-57.55544114924846,-0.0023016062189381405,7.076318711922883,0.08577636837209619,-80.58672640927541,-0.845232402679053,41.270028441935075,1.5397792612636616,90.888864199585,0.20689099899680946,-0.280399272183937,0.00020257,0.2805416101420807,0.00049835,1,0.0
1019,1.309168726140289,3.244534451440053,-0.00032169,0.8719611650083201,3.0023031448610418,-18.842575982250814,-0.0023016062189381405,43.51742086116367,0.08577636837209619,-68.22749349694311,-0.845232402679053,-66.066455846236,1.5397792612636616,58.917399459974654,0.20689099899680946,-0.5781380476717384,0.00020257,2.027276849357224,0.00049835,1,0.0
1020,-0.0041188070888699135,0.38047717241924434,-0.00032169,0.8719611650083201,3.0023031448610418,63.58098792736176,-0.0023016062189381405,30.462706702876012,0.08577636837209619,-10.877145598046505,-0.845232402679053,11.100524929365731,1.5397792612636616,-49.80188725289199,0.20689099899680946,1.3012897980238647,0.00020257,3.764918963812873,0.00049835,0,0.0
1021,1.7682189219736646,7.901166572572651,-0.00032169,0.8719611650083201,3.0023031448610418,-85.12775922900096,-0.0023016062189381405,-44.15363264199355,0.08577636837209619,-1.400537604667572,-0.845232402679053,12.735351954089456,1.5397792612636616,97.6186513097016,0.20689099899680946,-3.0405256275913413,0.00020257,0.23332620013970296,0.00049835,1,0.0
1022,1.9975857745958805,1.544724526396646,-0.00032169,0.8719611650083201,3.0023031448610418,-54.244409661601004,-0.0023016062189381405,0.12786365719030426,0.08577636837209619,-33.53598022184577,-0.845232402679053,-27.554405951154045,1.5397792612636616,85.618188063386,0.20689099899680946,-0.3051715020602791,0.00020257,0.29092899885762513,0.00049835,1,0.0
1023,0.7520619621003148,0.197461157792208,-0.00032169,0.8719611650083201,3.0023031448610418,36.952929564286144,-0.0023016062189381405,63.91794091053934,0.08577636837209619,-96.02530723082826,-0.845232402679053,-32.07915476955354,1.5397792612636616,15.601394107390943,0.20689099899680946,0.2644811142966037,0.00020257,5.175139817287372,0.00049835,0,0.0
1024,-0.007461737262270507,2.148153164769804,-0.00032169,0.8719611650083201,3.0023031448610418,88.25723184482729,-0.0023016062189381405,75.68191033993666,0.08577636837209619,-82.11472423215686,-0.845232402679053,93.14523973506645,1.5397792612636616,-62.68696690001144,0.20689099899680946,2.4572187099954244,0.00020257,5.698570827611163,0.00049835,0,0.0
1025,1.2232138210572339,2.8438777728611657,-0.00032169,0.8719611650083201,3.0023031448610418,-60.57633932808999,-0.0023016062189381405,17.99696257854216,0.08577636837209619,-75.75887685369467,-0.845232402679053,-15.407393305644504,1.5397792612636616,90.41525152914356,0.20689099899680946,-1.3560321248242928,0.00020257,-0.056419672245994645,0.00049835,1,0.0
1026,2.091615043004266,1.3294095971228703,-0.00032169,0.8719611650083201,3.0023031448610418,-17.227110908989655,-0.0023016062189381405,41.32052405359397,0.08577636837209619,-79.03648573747445,-0.845232402679053,-59.9679042093394,1.5397792612636616,75.09317309628034,0.20689099899680946,0.26979965561462116,0.00020257,3.1618737537116477,0.00049835,0,0.0
1027,0.038218257178640885,0.42878009905881287,-0.00032169,0.8719611650083201,3.0023031448610418,19.333930557033113,-0.0023016062189381405,-2.89744805203325,0.08577636837209619,-6.129937615742405,-0.845232402679053,30.59206329779389,1.5397792612636616,-12.218194940827676,0.20689099899680946,0.2867828786814398,0.00020257,1.7291715870730422,0.00049835,0,0.0
1028,1.029384355871323,11.46239868842659,-0.00032169,0.8719611650083201,3.0023031448610418,-80.04546223971873,-0.0023016062189381405,27.001086676641698,0.08577636837209619,-45.95627732849735,-0.845232402679053,-36.154529995639315,1.5397792612636616,83.05315564410891,0.20689099899680946,-4.626542593361868,0.00020257,0.24316892618822283,0.00049835,1,0.0
1029,1.2245100434395282,0.4977613780987546,-0.00032169,0.8719611650083201,3.0023031448610418,25.394651768527215,-0.0023016062189381405,41.12749675806383,0.08577636837209619,-19.157381690832946,-0.845232402679053,-99.48943540885354,1.5397792612636616,11.019694346019065,0.20689099899680946,0.2692465962989472,0.00020257,3.5779092322581,0.00049835,0,0.0
1030,-0.013704124510883764,0.7336831053007115,-0.00032169,0.8719611650083201,3.0023031448610418,82.66017889302944,-0.0023016062189381405,37.36464224137206,0.08577636837209619,-15.414776549107337,-0.845232402679053,25.954870671442684,1.5397792612636616,-65.19787364521382,0.20689099899680946,1.7940563127487412,0.00020257,4.887785563988683,0.00049835,0,0.0
1031,1.65087613275352,0.6396455587072217,-0.00032169,0.8719611650083201,3.0023031448610418,-41.05189868674585,-0.0023016062189381405,15.652028783267047,0.08577636837209619,-32.794587922610724,-0.845232402679053,-53.786433761676136,1.5397792612636616,69.42213878196236,0.20689099899680946,-0.31261181305301855,0.00020257,0.3258367766272553,0.00049835,1,0.0
1032,1.326416017122671,1.970527644147571,-0.00032169,0.8719611650083201,3.0023031448610418,-11.35184329923847,-0.0023016062189381405,1.5368170360926396,0.08577636837209619,-20.023758436068356,-0.845232402679053,74.4703330645589,1.5397792612636616,23.06229671690514,0.20689099899680946,0.2819027472910758,0.00020257,2.02168136727848,0.00049835,0,0.0
1033,0.033193941213142786,0.6201648597386998,-0.00032169,0.8719611650083201,3.0023031448610418,23.316001448194847,-0.0023016062189381405,16.053071563097593,0.08577636837209619,-28.850806338997458,-0.845232402679053,96.3888768249776,1.5397792612636616,-23.22365345506312,0.20689099899680946,0.9598554091398226,0.00020257,1.739750293367318,0.00049835,0,0.0
1034,-0.002327809417444815,0.41182210492067634,-0.00032169,0.8719611650083201,3.0023031448610418,53.367005546318815,-0.0023016062189381405,42.866631929094574,0.08577636837209619,-89.51586535538755,-0.845232402679053,91.11668297222666,1.5397792612636616,-21.275076581459086,0.20689099899680946,1.4859230772311396,0.00020257,4.542339948963358,0.00049835,0,0.0
1035,1.2054210058165,0.4441597219273741,-0.00032169,0.8719611650083201,3.0023031448610418,19.520899447411097,-0.0023016062189381405,47.67243531087639,0.08577636837209619,-41.93084016186585,-0.845232402679053,-77.12987166665934,1.5397792612636616,19.55543748160001,0.20689099899680946,0.2696159778704561,0.00020257,3.507904923628038,0.00049835,0,0.0
1036,1.407648587709584,5.073239329158295,-0.00032169,0.8719611650083201,3.0023031448610418,-66.41043524702408,-0.0023016062189381405,-26.06368995333391,0.08577636837209619,-10.13661846868023,-0.845232402679053,19.70395043506662,1.5397792612636616,75.74816437493581,0.20689099899680946,-2.298468327012147,0.00020257,0.23531191723333733,0.00049835,1,0.0
1037,1.0737312762974058,0.801978995161805,-0.00032169,0.8719611650083201,3.0023031448610418,-32.218652327170695,-0.0023016062189381405,19.97883867480883,0.08577636837209619,-50.652305275457095,-0.845232402679053,-41.46398535849934,1.5397792612636616,60.924197637060175,0.20689099899680946,-0.6125997948452696,0.00020257,0.6120800746794438,0.00049835,1,0.0
1038,0.3593638770234773,0.07601863399002928,-0.00032169,0.8719611650083201,3.0023031448610418,34.42901120990745,-0.0023016062189381405,48.290780090423134,0.08577636837209619,-72.54540310297558,-0.845232402679053,-12.889553165083948,1.5397792612636616,2.6792542564709456,0.20689099899680946,0.2712346568118753,0.00020257,4.0193129512237284,0.00049835,0,0.0
1039,0.0017863493365996574,0.4130032939326727,-0.00032169,0.8719611650083201,3.0023031448610418,17.174312512789122,-0.0023016062189381405,-2.5017062933758805,0.08577636837209619,-8.549349315426715,-0.845232402679053,94.67375784026129,1.5397792612636616,-21.799603928193047,0.20689099899680946,0.40150517999683677,0.00020257,1.614024155329084,0.00049835,0,0.0
1040,1.3681558065823607,0.5216020591219256,-0.00032169,0.8719611650083201,3.0023031448610418,4.9437989131756375,-0.0023016062189381405,40.74923922653111,0.08577636837209619,-44.56031213132167,-0.845232402679053,-64.70562895180642,1.5397792612636616,33.37840438384907,0.20689099899680946,0.2777536109423504,0.00020257,2.8203611520250416,0.00049835,0,0.0
1041,1.7003064416073759,2.1538593264763115,-0.00032169,0.8719611650083201,3.0023031448610418,-15.0269851425177,-0.0023016062189381405,36.899117593880824,0.08577636837209619,-43.55379856066148,-0.845232402679053,13.440273667390922,1.5397792612636616,37.80507584393503,0.20689099899680946,0.2742239010168306,0.00020257,2.0834451930007245,0.00049835,0,0.0
1042,0.6641740064257206,0.09692032900784149,-0.00032169,0.8719611650083201,3.0023031448610418,-19.009864818940294,-0.0023016062189381405,5.601249949383302,0.08577636837209619,-20.54765139324266,-0.845232402679053,-14.347225733541224,1.5397792612636616,32.45225824567476,0.20689099899680946,-0.10064608667920097,0.00020257,0.10168521248533205,0.00049835,1,0.0
1043,1.1850058417179417,6.433914742843967,-0.00032169,0.8719611650083201,3.0023031448610418,-72.72780853455966,-0.0023016062189381405,-25.57483127984443,0.08577636837209619,-7.2508238021596725,-0.845232402679053,37.10299688525321,1.5397792612636616,71.4974695136636,0.20689099899680946,-3.288818070527642,0.00020257,0.23267809575238596,0.00049835,1,0.0
1044,0.6085804192745194,0.1753955314859626,-0.00032169,0.8719611650083201,3.0023031448610418,8.548625394397515,-0.0023016062189381405,41.2872356335413,0.08577636837209619,-97.9165646570837,-0.845232402679053,36.39064101123977,1.5397792612636616,30.427444247336847,0.20689099899680946,0.4504737700498296,0.00020257,3.0159617612399847,0.00049835,0,0.0
1045,0.8224752065950383,0.19660657532746675,-0.00032169,0.8719611650083201,3.0023031448610418,-2.5435540742980516,-0.0023016062189381405,38.41059525340797,0.08577636837209619,-87.16344550351955,-0.845232402679053,17.358435024282816,1.5397792612636616,39.37551733083907,0.20689099899680946,0.280704262413201,0.00020257,2.410095146007946,0.00049835,0,0.0
1046,0.697463253640323,0.14258625502246244,-0.00032169,0.8719611650083201,3.0023031448610418,-11.16650980452409,-0.0023016062189381405,32.622857907291184,0.08577636837209619,-98.76991438557523,-0.845232402679053,49.212390206095165,1.5397792612636616,46.13857165523017,0.20689099899680946,0.29023729868470494,0.00020257,1.9110860465995163,0.00049835,0,0.0
1047,0.25511759237720233,1.194840672816875,-0.00032169,0.8719611650083201,3.0023031448610418,28.85773321573099,-0.0023016062189381405,21.818469991188643,0.08577636837209619,-81.80915811069558,-0.845232402679053,45.91498234052757,1.5397792612636616,11.4788592094102,0.20689099899680946,0.3016735654714413,0.00020257,4.249019333233717,0.00049835,0,0.0
1048,1.4652668188096594,0.6091720515762936,-0.00032169,0.8719611650083201,3.0023031448610418,-1.2265862380674082,-0.0023016062189381405,30.078370864506187,0.08577636837209619,-17.89656645857798,-0.845232402679053,-79.5153325085444,1.5397792612636616,31.91153018468832,0.20689099899680946,0.28412822307538366,0.00020257,2.0307055969048085,0.00049835,0,0.0
1049,0.9311168271327954,0.29040146160502067,-0.00032169,0.8719611650083201,3.0023031448610418,42.99754518177297,-0.0023016062189381405,70.26325610541012,0.08577636837209619,-89.66172782586268,-0.845232402679053,-59.385574799603006,1.5397792612636616,12.967239642460706,0.20689099899680946,0.26906861679612337,0.00020257,5.67142032138985,0.00049835,0,0.0
1050,1.4332563724926368,0.6665442851026913,-0.00032169,0.8719611650083201,3.0023031448610418,-21.786134080736712,-0.0023016062189381405,19.09441112935401,0.08577636837209619,-31.728954338419477,-0.845232402679053,-21.562427465144612,1.5397792612636616,46.364939935535055,0.20689099899680946,0.3555706086463897,0.00020257,0.8780939868162461,0.00049835,0,0.0
1051,1.8690639510305203,2.4761359802072915,-0.00032169,0.8719611650083201,3.0023031448610418,12.701025687082945,-0.0023016062189381405,34.1041360475018,0.08577636837209619,-54.8486999185324,-0.845232402679053,-79.23244496206594,1.5397792612636616,47.164212216736765,0.20689099899680946,0.2692691329044892,0.00020257,4.79335517147778,0.00049835,0,0.0
1052,0.5716412022150018,0.3049215352105506,-0.00032169,0.8719611650083201,3.0023031448610418,-38.1275199232348,-0.0023016062189381405,2.2669922233164597,0.08577636837209619,-82.03995480017834,-0.845232402679053,83.48402617624954,1.5397792612636616,60.063630583277856,0.20689099899680946,-0.19030318262798138,0.00020257,0.19061145027794194,0.00049835,1,0.0
1053,0.863355095830523,0.4421061460757565,-0.00032169,0.8719611650083201,3.0023031448610418,40.17792574867673,-0.0023016062189381405,39.86156152081937,0.08577636837209619,-22.95393990262153,-0.845232402679053,-85.35584322788738,1.5397792612636616,-3.2803891705984167,0.20689099899680946,0.26344432895002434,0.00020257,4.291576234339114,0.00049835,0,0.0
1054,1.346753377136113,1.0112182607372673,-0.00032169,0.8719611650083201,3.0023031448610418,-7.866381083859313,-0.0023016062189381405,13.89108427637744,0.08577636837209619,-24.762511314314985,-0.845232402679053,-42.75942965618131,1.5397792612636616,38.99591108912653,0.20689099899680946,0.2643505999288802,0.00020257,1.858066168063841,0.00049835,0,0.0
1055,0.09957390624733609,3.6527122182043152,-0.00032169,0.8719611650083201,3.0023031448610418,-17.30607139974791,-0.0023016062189381405,-19.862085445193514,0.08577636837209619,-30.13115245330435,-0.845232402679053,27.33238700227324,1.5397792612636616,32.813696684296865,0.20689099899680946,-1.0686073555369855,0.00020257,0.9787292566691594,0.00049835,1,0.0
1056,2.1823680592507557,2.206331324948671,-0.00032169,0.8719611650083201,3.0023031448610418,-15.416140350771332,-0.0023016062189381405,42.10503227006978,0.08577636837209619,-18.352362724576302,-0.845232402679053,-72.32442307098904,1.5397792612636616,44.44316234508653,0.20689099899680946,0.29301379248124837,0.00020257,2.0110538248289633,0.00049835,0,0.0
1057,1.7230278118465479,0.7600192624832403,-0.00032169,0.8719611650083201,3.0023031448610418,-29.484744563529485,-0.0023016062189381405,30.15907469831831,0.08577636837209619,-71.21183793241669,-0.845232402679053,-18.57441481366795,1.5397792612636616,70.89135575291007,0.20689099899680946,0.29674087794067905,0.00020257,1.5496695064117523,0.00049835,0,0.0
1058,-0.12420017020766838,1.2282246079596555,-0.00032169,0.8719611650083201,3.0023031448610418,76.04283470278763,-0.0023016062189381405,29.34860298089915,0.08577636837209619,-26.2523212357799,-0.845232402679053,90.82961459367417,1.5397792612636616,-64.75722348957994,0.20689099899680946,2.295010725598623,0.00020257,4.229635886993142,0.00049835,0,0.0
1059,0.547638877219939,0.599576646829083,-0.00032169,0.8719611650083201,3.0023031448610418,8.262312726712668,-0.0023016062189381405,14.983681383236476,0.08577636837209619,-53.116012687573836,-0.845232402679053,20.04822070704437,1.5397792612636616,20.865755088758153,0.20689099899680946,0.2938258057671481,0.00020257,2.4707122681408196,0.00049835,0,0.0
1060,-0.00012782856134763154,0.025254449646958516,-0.00032169,0.8719611650083201,3.0023031448610418,10.993406712172662,-0.0023016062189381405,20.004253665207994,0.08577636837209619,-57.30865374496411,-0.845232402679053,53.007400116727716,1.5397792612636616,5.173059438615729,0.20689099899680946,0.4498547541903377,0.00020257,1.576483804726552,0.00049835,0,0.0
1061,0.051582728332813924,0.8164927137267572,-0.00032169,0.8719611650083201,3.0023031448610418,6.543610713719279,-0.0023016062189381405,-2.494437304144361,0.08577636837209619,-56.87172707202879,-0.845232402679053,97.66701897152898,1.5397792612636616,10.99796070531683,0.20689099899680946,0.3403773278026919,0.00020257,1.9965768347285526,0.00049835,0,0.0
1062,1.4509197945959034,0.606205433154489,-0.00032169,0.8719611650083201,3.0023031448610418,19.406279381126197,-0.0023016062189381405,52.76008397830394,0.08577636837209619,-43.49699512811213,-0.845232402679053,-95.13940338913424,1.5397792612636616,24.89269786075778,0.20689099899680946,0.2667746223137524,0.00020257,3.8571161274536134,0.00049835,0,0.0
1063,0.0013981033465648718,0.21293872495556726,-0.00032169,0.8719611650083201,3.0023031448610418,74.22502096471625,-0.0023016062189381405,46.345344298923614,0.08577636837209619,-28.269062264588975,-0.845232402679053,-22.49536052640527,1.5397792612636616,-48.36017434690526,0.20689099899680946,0.9281129744266776,0.00020257,5.026861722482565,0.00049835,0,0.0
1064,3.747785938254377,16.430600901449928,-0.00032169,0.8719611650083201,3.0023031448610418,-7.416102542297032,-0.0023016062189381405,65.12673864037636,0.08577636837209619,-16.54453801239082,-0.845232402679053,58.12944759207198,1.5397792612636616,27.120137827394174,0.20689099899680946,0.2574709217944089,0.00020257,5.704028571789186,0.00049835,0,0.0
1065,0.000632136030797259,0.00916831264061058,-0.00032169,0.8719611650083201,3.0023031448610418,21.58673938951886,-0.0023016062189381405,32.77165673359967,0.08577636837209619,-72.59318405051741,-0.845232402679053,34.76009231410549,1.5397792612636616,4.149834507467515,0.20689099899680946,0.2776731912545327,0.00020257,2.6873260683391433,0.00049835,0,0.0
1066,-0.0015999410915314982,0.42242747387197854,-0.00032169,0.8719611650083201,3.0023031448610418,65.67420010213013,-0.0023016062189381405,46.45950894993941,0.08577636837209619,-64.58188371873777,-0.845232402679053,54.22124742159486,1.5397792612636616,-37.373838467360834,0.20689099899680946,1.4951279836423865,0.00020257,4.812145021154582,0.00049835,0,0.0
1067,2.132660597072814,3.1628539199733168,-0.00032169,0.8719611650083201,3.0023031448610418,-20.61690756855133,-0.0023016062189381405,28.86897217858033,0.08577636837209619,-79.74966109193407,-0.845232402679053,75.04449810246061,1.5397792612636616,59.78750553887372,0.20689099899680946,1.7194630798618782,0.00020257,2.2069572828306225,0.00049835,0,0.0
1068,0.0003705628830240615,0.2239317534542068,-0.00032169,0.8719611650083201,3.0023031448610418,14.282151631010926,-0.0023016062189381405,15.77402527938294,0.08577636837209619,-70.29136863613961,-0.845232402679053,77.96769361972075,1.5397792612636616,7.651760468268483,0.20689099899680946,0.5776233146382836,0.00020257,2.1950155542480214,0.00049835,0,0.0
1069,0.0013921480750760384,0.2099393375909868,-0.00032169,0.8719611650083201,3.0023031448610418,69.0254461140128,-0.0023016062189381405,48.814217398688164,0.08577636837209619,-48.0548507678741,-0.845232402679053,0.5655626547491375,1.5397792612636616,-39.7833923287205,0.20689099899680946,0.9763933307423702,0.00020257,5.018927492366872,0.00049835,0,0.0
1070,0.5424240413901843,5.788268962029051,-0.00032169,0.8719611650083201,3.0023031448610418,-57.549733698722456,-0.0023016062189381405,-27.636004483263086,0.08577636837209619,-65.517998502345,-0.845232402679053,37.93942752263496,1.5397792612636616,84.96462018066624,0.20689099899680946,-1.8343689071571923,0.00020257,0.20180355141159123,0.00049835,1,0.0
1071,0.3033447907380753,0.7057017680746333,-0.00032169,0.8719611650083201,3.0023031448610418,72.54045134651679,-0.0023016062189381405,51.95506755455496,0.08577636837209619,-69.68906624479112,-0.845232402679053,-22.402838119993863,1.5397792612636616,-23.246131828858275,0.20689099899680946,0.6132805609973517,0.00020257,6.634648623041597,0.00049835,0,0.0
1072,2.0891538703730537,1.225358616352307,-0.00032169,0.8719611650083201,3.0023031448610418,-52.8152048832224,-0.0023016062189381405,7.390988055094928,0.08577636837209619,-29.942639155226747,-0.845232402679053,-44.458779351944735,1.5397792612636616,83.75511831663877,0.20689099899680946,-0.24221792927012192,0.00020257,0.2445909633651026,0.00049835,1,0.0
1073,1.3659688614986774,1.2044303293536767,-0.00032169,0.8719611650083201,3.0023031448610418,-44.920572664502636,-0.0023016062189381405,27.112459317720276,0.08577636837209619,-80.61162195134384,-0.845232402679053,-25.611964179458504,1.5397792612636616,82.98462529875539,0.20689099899680946,-0.6813975202529022,0.00020257,0.7738601333163461,0.00049835,1,0.0
1074,1.4330568442380511,0.5077448332626457,-0.00032169,0.8719611650083201,3.0023031448610418,-30.51654728103172,-0.0023016062189381405,8.868099498966803,0.08577636837209619,-9.453284837804146,-0.845232402679053,-76.12860468019478,1.5397792612636616,54.353316262747235,0.20689099899680946,-0.26916796058525116,0.00020257,0.27611060632507567,0.00049835,1,0.0
1075,0.0015163152096866472,0.009004863738977669,-0.00032169,0.8719611650083201,3.0023031448610418,16.92831833370506,-0.0023016062189381405,28.02985428635456,0.08577636837209619,-67.20280442120989,-0.845232402679053,38.489951770826664,1.5397792612636616,5.695633395139408,0.20689099899680946,0.2813053836364007,0.00020257,2.2726566308705642,0.00049835,0,0.0
1076,0.584330687578225,0.45317830698929706,-0.00032169,0.8719611650083201,3.0023031448610418,1.1565080053307442,-0.0023016062189381405,34.77400846798381,0.08577636837209619,-84.92546875047873,-0.845232402679053,73.48909012554726,1.5397792612636616,24.042820359652502,0.20689099899680946,0.7859190547539264,0.00020257,1.9554556188355119,0.00049835,0,0.0
1077,1.757130587654377,0.7521602970516206,-0.00032169,0.8719611650083201,3.0023031448610418,-30.426384508890283,-0.0023016062189381405,41.84375490976363,0.08577636837209619,-99.82045546969533,-0.845232402679053,1.1038039419341963,1.5397792612636616,78.36529645799827,0.20689099899680946,0.28528922519327626,0.00020257,2.0372476327285747,0.00049835,0,0.0
1078,0.9989666562233298,2.4181963955031285,-0.00032169,0.8719611650083201,3.0023031448610418,58.71501978446893,-0.0023016062189381405,51.01056243364849,0.08577636837209619,-16.531332547441902,-0.845232402679053,7.208917308921789,1.5397792612636616,-38.075240674168604,0.20689099899680946,2.3033748264746836,0.00020257,4.01653035791147,0.00049835,0,0.0
1079,0.8133414629189194,0.18761683249633535,-0.00032169,0.8719611650083201,3.0023031448610418,-15.21929675136137,-0.0023016062189381405,31.95095473153144,0.08577636837209619,-97.3613199084163,-0.845232402679053,46.22296560547149,1.5397792612636616,50.42662659121289,0.20689099899680946,0.2906299199386596,0.00020257,1.764542861114749,0.00049835,0,0.0
1080,0.9167862160135809,0.3050259914750303,-0.00032169,0.8719611650083201,3.0023031448610418,31.903690354732365,-0.0023016062189381405,45.00688747041196,0.08577636837209619,-30.458619866737028,-0.845232402679053,-79.77226823072468,1.5397792612636616,3.23703887036049,0.20689099899680946,0.2690735469630392,0.00020257,3.775397532900766,0.00049835,0,0.0
1081,-0.24548039144158784,1.3255726714665352,-0.00032169,0.8719611650083201,3.0023031448610418,74.30118109472328,-0.0023016062189381405,17.813119968085612,0.08577636837209619,-16.115170307968036,-0.845232402679053,70.74037360334236,1.5397792612636616,-61.885929558384085,0.20689099899680946,1.6295173737245732,0.00020257,4.4432949052899104,0.00049835,0,0.0
1082,0.2315827268319668,7.781295980698455,-0.00032169,0.8719611650083201,3.0023031448610418,-47.059318396006084,-0.0023016062189381405,-26.34215219515361,0.08577636837209619,-35.24049998385453,-0.845232402679053,-50.40882008652433,1.5397792612636616,72.88117330336169,0.20689099899680946,-2.5581106330259242,0.00020257,0.19751102671699683,0.00049835,1,0.0
1083,-0.0005161531627515537,0.20517392299758003,-0.00032169,0.8719611650083201,3.0023031448610418,81.35519417694907,-0.0023016062189381405,74.01736829486501,0.08577636837209619,-100.0,-0.845232402679053,13.697351819075456,1.5397792612636616,-33.638031239339426,0.20689099899680946,0.9782086685691938,0.00020257,6.79619166760626,0.00049835,0,0.0
1084,1.4462598196474712,0.5356880724705914,-0.00032169,0.8719611650083201,3.0023031448610418,4.480699332111204,-0.0023016062189381405,60.28876764602326,0.08577636837209619,-99.48943945561706,-0.845232402679053,-35.24893917496444,1.5397792612636616,49.93651172907871,0.20689099899680946,0.2671397057930358,0.00020257,3.915681007562579,0.00049835,0,0.0
1085,-0.0006192907357742694,0.1713737546502025,-0.00032169,0.8719611650083201,3.0023031448610418,30.804591455960185,-0.0023016062189381405,34.026057191578275,0.08577636837209619,-92.27376076589951,-0.845232402679053,72.85449515819028,1.5397792612636616,1.6132237882746698,0.20689099899680946,0.7247775028280523,0.00020257,3.573377982735801,0.00049835,0,0.0
1086,3.116386616486161,9.674200319229204,-0.00032169,0.8719611650083201,3.0023031448610418,-20.90428076975185,-0.0023016062189381405,-8.454965541949283,0.08577636837209619,-12.225168751062249,-0.845232402679053,-53.26913591329137,1.5397792612636616,78.49346510493923,0.20689099899680946,0.3170278607067747,0.00020257,4.288097352505943,0.00049835,0,0.0
1087,0.2329745233849354,3.704918185596295,-0.00032169,0.8719611650083201,3.0023031448610418,-28.89038450808906,-0.0023016062189381405,-30.37382595527437,0.08577636837209619,-0.27152868376971573,-0.845232402679053,14.745776974420295,1.5397792612636616,33.02602800003715,0.20689099899680946,-1.52768725977618,0.00020257,0.1956720289772158,0.00049835,1,0.0
1088,0.8295077871579886,0.14571615098169935,-0.00032169,0.8719611650083201,3.0023031448610418,-18.267371525183524,-0.0023016062189381405,5.364178676175768,0.08577636837209619,-6.902610925207284,-0.845232402679053,-38.57680448622072,1.5397792612636616,31.511734658929985,0.20689099899680946,-0.11008412189534193,0.00020257,0.10896486070594884,0.00049835,1,0.0
1089,1.36138064078523,0.5360032018607719,-0.00032169,0.8719611650083201,3.0023031448610418,33.44023526111286,-0.0023016062189381405,67.69342723635023,0.08577636837209619,-71.98801096822604,-0.845232402679053,-90.70466562134214,1.5397792612636616,22.45398111585081,0.20689099899680946,0.26250740268783535,0.00020257,5.250394094133369,0.00049835,0,0.0
1090,0.07352538998909075,0.1259253815346611,-0.00032169,0.8719611650083201,3.0023031448610418,14.308672402717567,-0.0023016062189381405,15.939188244826298,0.08577636837209619,-13.972265223579646,-0.845232402679053,10.63699536921712,1.5397792612636616,-9.640689808406478,0.20689099899680946,0.375265545458579,0.00020257,1.0201377414114972,0.00049835,0,0.0
1091,0.030769499649319076,1.3377463339434175,-0.00032169,0.8719611650083201,3.0023031448610418,50.36935716698133,-0.0023016062189381405,42.65856657046055,0.08577636837209619,-36.06346791157948,-0.845232402679053,67.28505976985477,1.5397792612636616,-43.370472423579635,0.20689099899680946,1.5756732425596631,0.00020257,2.953956836598138,0.00049835,0,0.0
1092,1.0872933328011163,5.709912055288152,-0.00032169,0.8719611650083201,3.0023031448610418,50.10324719050003,-0.0023016062189381405,69.34402569872832,0.08577636837209619,-50.079304648788984,-0.845232402679053,83.37427263500349,1.5397792612636616,-35.6719050568728,0.20689099899680946,1.9107481763159124,0.00020257,4.501885093124507,0.00049835,0,0.0
1093,0.5657577707454291,0.1584978931823769,-0.00032169,0.8719611650083201,3.0023031448610418,27.12761030522987,-0.0023016062189381405,32.99149100904804,0.08577636837209619,-20.266664100127077,-0.845232402679053,-51.99586836275897,1.5397792612636616,-3.7628947795426786,0.20689099899680946,0.2780060088208589,0.00020257,2.7697533246444834,0.00049835,0,0.0
1094,1.2351617778983317,0.583714204217712,-0.00032169,0.8719611650083201,3.0023031448610418,-10.997469226312196,-0.0023016062189381405,36.97561103943055,0.08577636837209619,-99.99003405543091,-0.845232402679053,24.827820150823737,1.5397792612636616,56.86521658441606,0.20689099899680946,0.5090537487549271,0.00020257,2.6209063397354884,0.00049835,0,0.0
1095,0.8671670228644781,0.40131638713859624,-0.00032169,0.8719611650083201,3.0023031448610418,45.27698809186179,-0.0023016062189381405,61.24927687962646,0.08577636837209619,-68.44128429296428,-0.845232402679053,-51.35593423531077,1.5397792612636616,1.9841915292396444,0.20689099899680946,0.5444067944212452,0.00020257,5.181427879838337,0.00049835,0,0.0
1096,-0.0024100864754457163,0.8716843159231773,-0.00032169,0.8719611650083201,3.0023031448610418,90.51017277990526,-0.0023016062189381405,65.34326674284675,0.08577636837209619,-58.99843242942337,-0.845232402679053,34.07501933344637,1.5397792612636616,-61.00203511955658,0.20689099899680946,1.8770722435861398,0.00020257,5.963640388217598,0.00049835,0,0.0
1097,0.89039565370632,0.31352071168610657,-0.00032169,0.8719611650083201,3.0023031448610418,25.09965158037491,-0.0023016062189381405,31.990405616881432,0.08577636837209619,-11.168619009176796,-0.845232402679053,-77.62045335968183,1.5397792612636616,2.3920726741130225,0.20689099899680946,0.2733346021663987,0.00020257,2.9647714894211723,0.00049835,0,0.0
1098,0.46759441159037074,0.7422825218403389,-0.00032169,0.8719611650083201,3.0023031448610418,81.44384501196154,-0.0023016062189381405,58.009615818464205,0.08577636837209619,-53.15730431589227,-0.845232402679053,-82.39518668956039,1.5397792612636616,-27.339088347099988,0.20689099899680946,0.27708276445099456,0.00020257,7.351035800198963,0.00049835,0,0.0
1099,0.6239432271130894,0.1783720929499536,-0.00032169,0.8719611650083201,3.0023031448610418,63.90555509931532,-0.0023016062189381405,79.06277904123581,0.08577636837209619,-93.69932405466155,-0.845232402679053,-64.5561981785048,1.5397792612636616,-5.465838681549436,0.20689099899680946,0.2605912942837856,0.00020257,6.754143374311462,0.00049835,0,0.0
1100,0.0030626376869330313,0.012029115119837484,-0.00032169,1.9464841943037883,5.142739189835587,-23.355515905272156,-0.0023016062189381405,-2.6958178362481484,0.08577636837209619,-40.36990416634034,-0.845232402679053,94.67663009135487,1.5397792612636616,24.37666583269326,0.20689099899680946,-0.012805643256872818,0.00020257,0.030437837172196433,0.00049835,1,0.0
1101,0.21430252255530938,0.021210770178880844,-0.00032169,1.9464841943037883,5.142739189835587,-94.39331200675761,-0.0023016062189381405,-11.944186461789334,0.08577636837209619,-7.54202920613282,-0.845232402679053,95.7433826605219,1.5397792612636616,55.2565587302432,0.20689099899680946,-0.06344388153775432,0.00020257,0.0634454718126039,0.00049835,1,0.0
1102,0.0002769070891276426,0.03136422272382967,-0.00032169,1.9464841943037883,5.142739189835587,31.793829598026118,-0.0023016062189381405,12.042664447835966,0.08577636837209619,-21.786864962382527,-0.845232402679053,-0.7224201725695659,1.5397792612636616,-10.956907832767554,0.20689099899680946,-0.007089902565784449,0.00020257,0.06046596089820413,0.00049835,1,0.0
1103,0.0006713212401253665,0.02135646330548044,-0.00032169,1.9464841943037883,5.142739189835587,-4.745246211787153,-0.0023016062189381405,13.391175166199064,0.08577636837209619,-78.68536777010684,-0.845232402679053,35.566806736623626,1.5397792612636616,29.673687262074996,0.20689099899680946,-0.031607155391493405,0.00020257,0.06445125979373692,0.00049835,1,0.0
1104,3.268959904717539e-05,0.031172443947820955,-0.00032169,1.9464841943037883,5.142739189835587,14.637255370705091,-0.0023016062189381405,18.14279009733249,0.08577636837209619,-74.65795573261335,-0.845232402679053,-13.914664789539433,1.5397792612636616,21.24564877153801,0.20689099899680946,-0.044255707734635934,0.00020257,0.08649750263946673,0.00049835,1,0.0
1105,0.4137712954585614,0.14358119337722966,-0.00032169,1.9464841943037883,5.142739189835587,51.434925638998244,-0.0023016062189381405,36.39837360585345,0.08577636837209619,-99.66772427067272,-0.845232402679053,-70.21126573926233,1.5397792612636616,44.49587271751417,0.20689099899680946,0.08402541278435285,0.00020257,0.21582216910078925,0.00049835,0,0.0
1106,0.4379695459627201,0.2078291098284464,-0.00032169,1.9464841943037883,5.142739189835587,86.16416176526847,-0.0023016062189381405,21.479171775758566,0.08577636837209619,-97.36284918478808,-0.845232402679053,-42.581560547548236,1.5397792612636616,48.68661646111733,0.20689099899680946,0.07943803384626412,0.00020257,0.31634164488785527,0.00049835,0,0.0
1107,0.000588578614852564,0.027964691215396992,-0.00032169,1.9464841943037883,5.142739189835587,17.369021259615792,-0.0023016062189381405,14.849106274707259,0.08577636837209619,-63.65840662259354,-0.845232402679053,-79.90149242519706,1.5397792612636616,25.499745906008638,0.20689099899680946,-0.0719460979958867,0.00020257,0.0951680825685168,0.00049835,1,0.0
1108,0.1626319145144315,0.0047176623385730004,-0.00032169,1.9464841943037883,5.142739189835587,-66.38822864280311,-0.0023016062189381405,13.179238601013198,0.08577636837209619,-86.75193823282736,-0.845232402679053,-18.753162479585775,1.5397792612636616,74.42415580441008,0.20689099899680946,-0.04823534841434087,0.00020257,0.048313634504619764,0.00049835,1,0.0
1109,0.1943013903380768,0.0022218123379678604,-0.00032169,1.9464841943037883,5.142739189835587,-75.30928737563383,-0.0023016062189381405,7.426373723751521,0.08577636837209619,-58.26979318145059,-0.845232402679053,5.701641775701454,1.5397792612636616,66.33476958406767,0.20689099899680946,-0.01934728747453973,0.00020257,0.019325611587230833,0.00049835,1,0.0
1110,0.15118852229368832,0.2089201348914706,-0.00032169,1.9464841943037883,5.142739189835587,-5.2224091485131385,-0.0023016062189381405,-14.30862764411169,0.08577636837209619,-68.87069637611293,-0.845232402679053,67.8002030102542,1.5397792612636616,65.6961019777566,0.20689099899680946,-0.09622772455939699,0.00020257,0.24266861776278487,0.00049835,1,0.0
1111,0.017273591896278667,0.0009066684542960591,-0.00032169,1.9464841943037883,5.142739189835587,-43.255512480594305,-0.0023016062189381405,6.050304643007722,0.08577636837209619,-74.71372455105552,-0.845232402679053,92.58392980202909,1.5397792612636616,42.76119088988596,0.20689099899680946,-0.018599587818925095,0.00020257,0.01858981163415252,0.00049835,1,0.0
1112,0.26104465779158104,0.15170797388583607,-0.00032169,1.9464841943037883,5.142739189835587,12.779743359705602,-0.0023016062189381405,40.3607936601748,0.08577636837209619,-69.82843720434542,-0.845232402679053,-55.52659174201509,1.5397792612636616,19.074207671440902,0.20689099899680946,-0.06167684117591664,0.00020257,0.19869999768618568,0.00049835,1,0.0
1113,0.15097033653454756,0.004707883096912311,-0.00032169,1.9464841943037883,5.142739189835587,-32.520015554212286,-0.0023016062189381405,2.0484960124387936,0.08577636837209619,-14.495611380129233,-0.845232402679053,-91.8731567477282,1.5397792612636616,40.36684070517577,0.20689099899680946,-0.03383436890622322,0.00020257,0.03397704066393,0.00049835,1,0.0
1114,0.002622912430820745,0.06316221530803039,-0.00032169,1.9464841943037883,5.142739189835587,51.411905722069214,-0.0023016062189381405,20.318245436296444,0.08577636837209619,-82.51996557370427,-0.845232402679053,47.62131860873399,1.5397792612636616,4.709460114639524,0.20689099899680946,0.01022293343898737,0.00020257,0.11829320884044117,0.00049835,0,0.0
1115,0.0494972773079317,0.011518749892510081,-0.00032169,1.9464841943037883,5.142739189835587,-16.616301160591956,-0.0023016062189381405,6.4865662641532635,0.08577636837209619,-5.148070679162186,-0.845232402679053,19.312255810788614,1.5397792612636616,2.4828410721570835,0.20689099899680946,-0.050869047766228664,0.00020257,0.05077536758282784,0.00049835,1,0.0
1116,0.12544954112628046,0.013517311549098849,-0.00032169,1.9464841943037883,5.142739189835587,-52.13695908469807,-0.0023016062189381405,5.8965406662117426,0.08577636837209619,-74.1544713712886,-0.845232402679053,-35.61851867019688,1.5397792612636616,69.79697093943881,0.20689099899680946,-0.06412689460075943,0.00020257,0.06430532835938199,0.00049835,1,0.0
1117,0.2134275973795045,0.004516009415129413,-0.00032169,1.9464841943037883,5.142739189835587,-63.30808415561365,-0.0023016062189381405,12.278294332247677,0.08577636837209619,-61.920436923772364,-0.845232402679053,-78.51275930447072,1.5397792612636616,70.65218064435811,0.20689099899680946,-0.04502202651177354,0.00020257,0.045062794265576404,0.00049835,1,0.0
1118,0.2732436715307558,0.005052802852801359,-0.00032169,1.9464841943037883,5.142739189835587,-79.75221257466785,-0.0023016062189381405,3.352088404718168,0.08577636837209619,-26.041943768404487,-0.845232402679053,-57.8179809974968,1.5397792612636616,66.99538618621675,0.20689099899680946,-0.004680839474322297,0.00020257,0.004743056598618821,0.00049835,1,0.0
1119,0.004590844839762076,0.03953564671639157,-0.00032169,1.9464841943037883,5.142739189835587,21.437306128162312,-0.0023016062189381405,20.8303419009523,0.08577636837209619,-28.14926628085533,-0.845232402679053,-47.42233546055383,1.5397792612636616,-8.345029592628908,0.20689099899680946,-0.07046908924812863,0.00020257,0.08730142107554843,0.00049835,1,0.0
1120,0.24349496143052712,0.004216445082862521,-0.00032169,1.9464841943037883,5.142739189835587,-96.84295146727685,-0.0023016062189381405,4.272416409147653,0.08577636837209619,-66.95329776897371,-0.845232402679053,13.784507204376213,1.5397792612636616,85.40943850602554,0.20689099899680946,-0.008999262550548687,0.00020257,0.008970213924704259,0.00049835,1,0.0
1121,0.0766211674985142,0.007384279735922131,-0.00032169,1.9464841943037883,5.142739189835587,-42.122649390444046,-0.0023016062189381405,13.562231436862934,0.08577636837209619,-88.21844561288552,-0.845232402679053,-7.514283462125423,1.5397792612636616,58.656520715620566,0.20689099899680946,-0.057608686105863616,0.00020257,0.05775873533744576,0.00049835,1,0.0
1122,0.0031091983094635456,0.0705738934284984,-0.00032169,1.9464841943037883,5.142739189835587,67.61079437956167,-0.0023016062189381405,21.870107969454523,0.08577636837209619,-80.69901154344139,-0.845232402679053,-2.874459727973543,1.5397792612636616,2.69230787073604,0.20689099899680946,-0.004986442976120581,0.00020257,0.1423756317951401,0.00049835,1,0.0
1123,0.14149564717439916,0.0020082924118414117,-0.00032169,1.9464841943037883,5.142739189835587,-74.03746599578922,-0.0023016062189381405,9.09832693119538,0.08577636837209619,-87.5613262929421,-0.845232402679053,40.95837058706023,1.5397792612636616,73.31487040458325,0.20689099899680946,-0.02903824014918946,0.00020257,0.029101341757544967,0.00049835,1,0.0
1124,0.8769559166474772,0.3552982728770107,-0.00032169,1.9464841943037883,5.142739189835587,40.47808912436517,-0.0023016062189381405,36.51196265489297,0.08577636837209619,-83.01474853108311,-0.845232402679053,91.41353575964149,1.5397792612636616,57.00124671862532,0.20689099899680946,0.2109218978842813,0.00020257,0.3583487567730568,0.00049835,0,0.0
1125,0.021704536118181517,0.06770953552825462,-0.00032169,1.9464841943037883,5.142739189835587,50.869393154133306,-0.0023016062189381405,16.489832399232398,0.08577636837209619,-68.82538717748342,-0.845232402679053,94.20172694836906,1.5397792612636616,-2.9352613925073308,0.20689099899680946,0.04825504862840319,0.00020257,0.10112217577819263,0.00049835,0,0.0
1126,0.0029047134186765966,0.1680988554417214,-0.00032169,1.9464841943037883,5.142739189835587,53.99886141755735,-0.0023016062189381405,40.362184331289896,0.08577636837209619,-38.60155833515247,-0.845232402679053,-57.47173703792673,1.5397792612636616,-34.53466581767188,0.20689099899680946,-0.13694424498381774,0.00020257,0.19009398727954457,0.00049835,1,0.0
1127,0.0002856038317636256,0.0321663640114292,-0.00032169,1.9464841943037883,5.142739189835587,21.3031693967696,-0.0023016062189381405,8.765795701324723,0.08577636837209619,-47.634587292989934,-0.845232402679053,37.00800260572124,1.5397792612636616,7.671969049240888,0.20689099899680946,0.00479277597141135,0.00020257,0.060698471255695066,0.00049835,0,0.0
1128,0.17450515918214246,0.0031010862259657586,-0.00032169,1.9464841943037883,5.142739189835587,-83.33881578659269,-0.0023016062189381405,9.644260557916203,0.08577636837209619,-93.71844711675249,-0.845232402679053,27.222771348522514,1.5397792612636616,83.79424894721771,0.20689099899680946,-0.03382834679927158,0.00020257,0.033784447727077165,0.00049835,1,0.0
1129,0.017983651585475297,0.006423596376420877,-0.00032169,1.9464841943037883,5.142739189835587,-4.187610506191549,-0.0023016062189381405,10.908480121564354,0.08577636837209619,-46.21108848277063,-0.845232402679053,-49.53372844318801,1.5397792612636616,24.1208562291282,0.20689099899680946,-0.05109920720867627,0.00020257,0.05112807611369458,0.00049835,1,0.0
1130,0.4263965300021993,0.17873663528442785,-0.00032169,1.9464841943037883,5.142739189835587,88.15671482143249,-0.0023016062189381405,27.803615629400998,0.08577636837209619,-100.0,-0.845232402679053,-31.00035358955882,1.5397792612636616,39.75182789189779,0.20689099899680946,0.11163571931466451,0.00020257,0.27985855516430636,0.00049835,0,0.0
1131,0.2602712156439712,0.09553901762629517,-0.00032169,1.9464841943037883,5.142739189835587,17.52707324681764,-0.0023016062189381405,28.56302696774774,0.08577636837209619,-86.29097079457352,-0.845232402679053,-13.551538200995989,1.5397792612636616,36.74358650326055,0.20689099899680946,0.03263425717406355,0.00020257,0.14750633953479625,0.00049835,0,0.0
1132,0.12602932067303801,0.05890383060662823,-0.00032169,1.9464841943037883,5.142739189835587,-12.949305768976766,-0.0023016062189381405,9.370134189596053,0.08577636837209619,-84.88441739429001,-0.845232402679053,-59.87568102509034,1.5397792612636616,62.80303674001434,0.20689099899680946,-0.0688263682140621,0.00020257,0.1306384132919777,0.00049835,1,0.0
1133,0.00042005919382117826,0.019638562579601712,-0.00032169,1.9464841943037883,5.142739189835587,11.51243010323268,-0.0023016062189381405,-1.196733663043033,0.08577636837209619,-15.260600715845145,-0.845232402679053,-24.928590548582232,1.5397792612636616,10.200307526462948,0.20689099899680946,-0.03858064025352023,0.00020257,0.060096070258724515,0.00049835,1,0.0
1134,0.0001556141691262669,0.0223964459316647,-0.00032169,1.9464841943037883,5.142739189835587,39.41536331361849,-0.0023016062189381405,11.776856091694773,0.08577636837209619,-7.092623976601144,-0.845232402679053,-74.49213416974342,1.5397792612636616,-13.272857760508085,0.20689099899680946,-0.022172352195234765,0.00020257,0.05671120326865757,0.00049835,1,0.0
1135,0.11289463053867997,0.007797883958944457,-0.00032169,1.9464841943037883,5.142739189835587,-62.048635116922824,-0.0023016062189381405,-7.060730599213962,0.08577636837209619,-15.319925215600485,-0.845232402679053,93.10898819221443,1.5397792612636616,35.80015388162244,0.20689099899680946,-0.04128777240164333,0.00020257,0.04117508735969763,0.00049835,1,0.0
1136,0.23290700639035222,0.013928277694504384,-0.00032169,1.9464841943037883,5.142739189835587,-76.28699861101539,-0.0023016062189381405,-6.6905986889502245,0.08577636837209619,-11.343917817212626,-0.845232402679053,-16.91985412746918,1.5397792612636616,60.61602932892509,0.20689099899680946,-0.03369902841075763,0.00020257,0.034331560597253216,0.00049835,1,0.0
1137,0.08460445340318312,0.0005727988226715683,-0.00032169,1.9464841943037883,5.142739189835587,-66.56093864577792,-0.0023016062189381405,5.987531480713852,0.08577636837209619,-80.97437142117376,-0.845232402679053,94.83802560069383,1.5397792612636616,59.41852588472768,0.20689099899680946,-0.014646192957997826,0.00020257,0.014636557379904946,0.00049835,1,0.0
1138,0.010112812271652782,0.06828738117774953,-0.00032169,1.9464841943037883,5.142739189835587,18.87195445430349,-0.0023016062189381405,9.958818411499282,0.08577636837209619,-90.29459694812738,-0.845232402679053,-34.59537055182019,1.5397792612636616,42.64499808393493,0.20689099899680946,-0.08113933369310172,0.00020257,0.14665248625234367,0.00049835,1,0.0
1139,0.11428619321354558,0.0022138564561782186,-0.00032169,1.9464841943037883,5.142739189835587,-30.44260623130298,-0.0023016062189381405,8.289362599991529,0.08577636837209619,-35.913900133375826,-0.845232402679053,-59.07687463267078,1.5397792612636616,38.42061545967373,0.20689099899680946,-0.03267128232608876,0.00020257,0.03274787483259074,0.00049835,1,0.0
1140,0.11268033584806186,0.03695394096306648,-0.00032169,1.9464841943037883,5.142739189835587,-68.73647146297681,-0.0023016062189381405,-18.184606035257275,0.08577636837209619,-13.918228982335327,-0.845232402679053,95.549810763482,1.5397792612636616,50.06262886076769,0.20689099899680946,-0.07705487123574531,0.00020257,0.0773608238713783,0.00049835,1,0.0
1141,0.29403861057915887,0.004588536670519705,-0.00032169,1.9464841943037883,5.142739189835587,-82.58750334671323,-0.0023016062189381405,8.838070695682253,0.08577636837209619,-43.84317690890073,-0.845232402679053,-88.96393940056835,1.5397792612636616,77.73964103176024,0.20689099899680946,-0.0246179927322601,0.00020257,0.024632286529758993,0.00049835,1,0.0
1142,0.21086601616141912,0.06071137405673875,-0.00032169,1.9464841943037883,5.142739189835587,4.355498754102697,-0.0023016062189381405,11.57388665727226,0.08577636837209619,-50.096348296616014,-0.845232402679053,-93.04284855203858,1.5397792612636616,44.35906360952717,0.20689099899680946,-0.013339501766472604,0.00020257,0.1172584162525907,0.00049835,1,0.0
1143,0.00044435304811712983,0.04040742524394596,-0.00032169,1.9464841943037883,5.142739189835587,27.934554761708203,-0.0023016062189381405,14.664519411783134,0.08577636837209619,-58.90475068209418,-0.845232402679053,42.1066649379569,1.5397792612636616,4.849170272766624,0.20689099899680946,0.002372599113455817,0.00020257,0.07608520739056088,0.00049835,0,0.0
1144,0.1823630899639619,0.012944227448669882,-0.00032169,1.9464841943037883,5.142739189835587,-50.42514068509663,-0.0023016062189381405,19.7768303079836,0.08577636837209619,-67.99656413963262,-0.845232402679053,-81.2283695033472,1.5397792612636616,59.06433540363316,0.20689099899680946,-0.0664746401281316,0.00020257,0.06653756189098782,0.00049835,1,0.0
1145,0.00047221537074784714,0.022793336722306892,-0.00032169,1.9464841943037883,5.142739189835587,21.498123243880244,-0.0023016062189381405,13.780389094575145,0.08577636837209619,-43.53866668861932,-0.845232402679053,-40.76245108170067,1.5397792612636616,8.404604274312549,0.20689099899680946,-0.03481800796546043,0.00020257,0.06780905413380832,0.00049835,1,0.0
1146,0.00031956895049117806,0.018956120603302786,-0.00032169,1.9464841943037883,5.142739189835587,-0.677528166961476,-0.0023016062189381405,5.067513450731348,0.08577636837209619,-39.10987259822505,-0.845232402679053,72.68794689624227,1.5397792612636616,9.538007540103282,0.20689099899680946,0.010926309299821692,0.00020257,0.02785736405089452,0.00049835,0,0.0
1147,0.04154163271137527,0.003018422580003525,-0.00032169,1.9464841943037883,5.142739189835587,-48.524741446880654,-0.0023016062189381405,10.244877955880844,0.08577636837209619,-90.42363214826231,-0.845232402679053,68.27858075808494,1.5397792612636616,54.00687874329023,0.20689099899680946,-0.03592535179243574,0.00020257,0.03599853280699201,0.00049835,1,0.0
1148,0.20907313784182133,0.006576696893014837,-0.00032169,1.9464841943037883,5.142739189835587,-61.298288431250384,-0.0023016062189381405,13.663936013658956,0.08577636837209619,-69.96161566893433,-0.845232402679053,-91.1241347000155,1.5397792612636616,74.44900582967045,0.20689099899680946,-0.05646006679393547,0.00020257,0.05648488053390332,0.00049835,1,0.0
1149,4.9361504964318126e-05,0.04602928038292726,-0.00032169,1.9464841943037883,5.142739189835587,37.248458095072806,-0.0023016062189381405,9.038502127521674,0.08577636837209619,-40.4629349995564,-0.845232402679053,71.59795193310921,1.5397792612636616,-6.264181585939661,0.20689099899680946,0.0384946896906343,0.00020257,0.06113775832459156,0.00049835,0,0.0
1150,0.04506423877323533,0.00557901851653986,-0.00032169,1.9464841943037883,5.142739189835587,-35.91384498949903,-0.0023016062189381405,10.199272366257714,0.08577636837209619,-79.61564802541993,-0.845232402679053,14.047942121743267,1.5397792612636616,50.208647551760976,0.20689099899680946,-0.04815242613329749,0.00020257,0.04810945704034247,0.00049835,1,0.0
1151,0.6905283588120886,0.2615158380463102,-0.00032169,1.9464841943037883,5.142739189835587,63.370223505847896,-0.0023016062189381405,23.35093207607612,0.08577636837209619,-83.11126741765112,-0.845232402679053,-23.478742726929582,1.5397792612636616,63.73013304655974,0.20689099899680946,0.16858703811771028,0.00020257,0.3180933243293945,0.00049835,0,0.0
1152,0.007342518047305194,0.10883808316638147,-0.00032169,1.9464841943037883,5.142739189835587,88.34511812386465,-0.0023016062189381405,-3.096647168188763,0.08577636837209619,-0.36773426371137574,-0.845232402679053,-75.86698596555394,1.5397792612636616,-14.298114901868324,0.20689099899680946,-0.051989964763144825,0.00020257,0.1858342881445459,0.00049835,1,0.0
1153,0.11843839386913982,0.11641248168675158,-0.00032169,1.9464841943037883,5.142739189835587,69.85145649402565,-0.0023016062189381405,-2.4565826303612415,0.08577636837209619,-6.5687890510612785,-0.845232402679053,3.7202762757307983,1.5397792612636616,-5.628988386423089,0.20689099899680946,0.007801391400689389,0.00020257,0.18176976381810128,0.00049835,0,0.0
1154,0.0005866313837284143,0.023447186071641663,-0.00032169,1.9464841943037883,5.142739189835587,-7.1855688419667825,-0.0023016062189381405,15.017712636151986,0.08577636837209619,-91.30581210824471,-0.845232402679053,-15.460375454074478,1.5397792612636616,42.3587093504133,0.20689099899680946,-0.0691860514030099,0.00020257,0.08643983686408024,0.00049835,1,0.0
1155,0.06669900034390984,0.0032606788208187675,-0.00032169,1.9464841943037883,5.142739189835587,-55.757072975803034,-0.0023016062189381405,11.141582522682791,0.08577636837209619,-95.06097540697975,-0.845232402679053,60.26054971246356,1.5397792612636616,61.13623240941113,0.20689099899680946,-0.038811470489529674,0.00020257,0.03880742719900148,0.00049835,1,0.0
1156,0.10773793579670608,0.004048150094084501,-0.00032169,1.9464841943037883,5.142739189835587,-60.57289019886888,-0.0023016062189381405,1.0684092523363002,0.08577636837209619,-59.74935111869729,-0.845232402679053,47.75203394474797,1.5397792612636616,57.92719657588239,0.20689099899680946,-0.020360632623117533,0.00020257,0.02108692122376986,0.00049835,1,0.0
1157,0.2503490498877369,0.020653855325328915,-0.00032169,1.9464841943037883,5.142739189835587,-81.52124370797948,-0.0023016062189381405,18.175682594149297,0.08577636837209619,-64.217276182335,-0.845232402679053,-25.903491203396683,1.5397792612636616,67.55557114478718,0.20689099899680946,-0.06925927476105335,0.00020257,0.06971000287492225,0.00049835,1,0.0
1158,0.001512297260379436,0.030850858342081535,-0.00032169,1.9464841943037883,5.142739189835587,18.741594595180647,-0.0023016062189381405,21.40329747741033,0.08577636837209619,-68.07808085641199,-0.845232402679053,-71.41213835254088,1.5397792612636616,18.99800091894159,0.20689099899680946,-0.06981725079304717,0.00020257,0.09403342126996224,0.00049835,1,0.0
1159,0.0009761050378277458,0.06240741519263308,-0.00032169,1.9464841943037883,5.142739189835587,75.86628979501222,-0.0023016062189381405,16.244494102701577,0.08577636837209619,-42.80187285562468,-0.845232402679053,-19.38297630054994,1.5397792612636616,-14.698808126791977,0.20689099899680946,0.013328810472588097,0.00020257,0.11681224436217405,0.00049835,0,0.0
1160,0.3140222721463901,0.12999490714217576,-0.00032169,1.9464841943037883,5.142739189835587,16.97610244765814,-0.0023016062189381405,3.003351534402166,0.08577636837209619,-27.402433369997084,-0.845232402679053,62.49806401590416,1.5397792612636616,26.696578524245645,0.20689099899680946,0.06456705859981104,0.00020257,0.16273659591368803,0.00049835,0,0.0
1161,0.06691985724167518,0.0029904146447694473,-0.00032169,1.9464841943037883,5.142739189835587,-49.82808742763862,-0.0023016062189381405,-3.597893844651434,0.08577636837209619,-26.858178504803945,-0.845232402679053,95.99607483592882,1.5397792612636616,30.696947177703436,0.20689099899680946,-0.027165458194494972,0.00020257,0.02722927376804992,0.00049835,1,0.0
1162,0.04073417953859333,0.0004664947737731249,-0.00032169,1.9464841943037883,5.142739189835587,-34.296482173934365,-0.0023016062189381405,1.004820763560049,0.08577636837209619,-31.887384706153473,-0.845232402679053,63.76940424440702,1.5397792612636616,25.034249062744347,0.20689099899680946,-0.010818164916382154,0.00020257,0.010952636020595681,0.00049835,1,0.0
1163,0.002269457393441532,0.0671021152887916,-0.00032169,1.9464841943037883,5.142739189835587,74.84464327254048,-0.0023016062189381405,22.33725206142746,0.08577636837209619,-62.89961786441271,-0.845232402679053,-71.6167231585177,1.5397792612636616,-2.9507114315649647,0.20689099899680946,-0.02702279711526616,0.00020257,0.14366513613163112,0.00049835,1,0.0
1164,0.035700462892636294,0.0026001813884758943,-0.00032169,1.9464841943037883,5.142739189835587,-30.84477701699264,-0.0023016062189381405,-4.143140524102639,0.08577636837209619,-8.277393730422322,-0.845232402679053,76.38926844934818,1.5397792612636616,13.651850604318906,0.20689099899680946,-0.02938245202120625,0.00020257,0.029361287540746017,0.00049835,1,0.0
1165,0.004176059148681341,0.03019338052553777,-0.00032169,1.9464841943037883,5.142739189835587,6.484813683208901,-0.0023016062189381405,4.278257906267014,0.08577636837209619,-52.764160347272636,-0.845232402679053,-5.5194540593844525,1.5397792612636616,26.29824272613435,0.20689099899680946,-0.045709115124409755,0.00020257,0.08173917412366213,0.00049835,1,0.0
1166,0.00024217122641412292,0.049371440520753825,-0.00032169,1.9464841943037883,5.142739189835587,30.41012368258579,-0.0023016062189381405,12.88626971416899,0.08577636837209619,-47.0768379596378,-0.845232402679053,93.18422208165377,1.5397792612636616,-7.2077674474276066,0.20689099899680946,0.015470579745494276,0.00020257,0.07910290322471061,0.00049835,0,0.0
1167,0.1520227235605045,0.0012500203225875874,-0.00032169,1.9464841943037883,5.142739189835587,-73.06033834851081,-0.0023016062189381405,6.546146021872298,0.08577636837209619,-68.22864589136668,-0.845232402679053,42.85508013547557,1.5397792612636616,64.82249113811095,0.20689099899680946,-0.016012936119603017,0.00020257,0.016002326477718414,0.00049835,1,0.0
1168,0.22960381388318526,0.0040693030494819635,-0.00032169,1.9464841943037883,5.142739189835587,-89.27374168754923,-0.0023016062189381405,3.091083685866648,0.08577636837209619,-50.184222893484666,-0.845232402679053,21.58781378419422,1.5397792612636616,72.01923175850204,0.20689099899680946,-0.010230213853999212,0.00020257,0.010352333462454838,0.00049835,1,0.0
1169,0.17596684800560916,0.03194133236123841,-0.00032169,1.9464841943037883,5.142739189835587,-87.33090768469864,-0.0023016062189381405,-16.328379651876368,0.08577636837209619,-16.04761617344874,-0.845232402679053,94.77679917302851,1.5397792612636616,60.415044730641554,0.20689099899680946,-0.06856753325528797,0.00020257,0.0694664290608166,0.00049835,1,0.0
1170,0.07861682775001906,0.0040167958702883024,-0.00032169,1.9464841943037883,5.142739189835587,-33.85976850624452,-0.0023016062189381405,3.247326043107574,0.08577636837209619,-44.203099501868,-0.845232402679053,-13.921218538342307,1.5397792612636616,42.25157070491192,0.20689099899680946,-0.03414751453986935,0.00020257,0.03419046640132892,0.00049835,1,0.0
1171,0.1082043488942762,0.0026105403356049112,-0.00032169,1.9464841943037883,5.142739189835587,-51.16539819719303,-0.0023016062189381405,9.91769172427666,0.08577636837209619,-71.36877282997553,-0.845232402679053,5.170427835888466,1.5397792612636616,56.638163442108144,0.20689099899680946,-0.03560132818017554,0.00020257,0.03572615962920972,0.00049835,1,0.0
1172,0.027344540368852685,0.00021353384500374516,-0.00032169,1.9464841943037883,5.142739189835587,-33.43031249942316,-0.0023016062189381405,3.5136955345434204,0.08577636837209619,-47.889727902521386,-0.845232402679053,61.84102662362255,1.5397792612636616,30.71126010222639,0.20689099899680946,-0.009242705780439366,0.00020257,0.009287965237307114,0.00049835,1,0.0
1173,0.07690794372191928,0.003384371230228528,-0.00032169,1.9464841943037883,5.142739189835587,-49.43775717718034,-0.0023016062189381405,10.765200940149205,0.08577636837209619,-83.32530296106448,-0.845232402679053,29.0902150842745,1.5397792612636616,56.95276824495991,0.20689099899680946,-0.04002018110109615,0.00020257,0.04001577239541289,0.00049835,1,0.0
1174,0.12848772075860912,0.04940690293931957,-0.00032169,1.9464841943037883,5.142739189835587,-33.80630376015787,-0.0023016062189381405,9.805429001825336,0.08577636837209619,-94.02719066144167,-0.845232402679053,-94.92032848501823,1.5397792612636616,78.89677895956339,0.20689099899680946,-0.1048578946893014,0.00020257,0.12548270380427684,0.00049835,1,0.0
1175,0.14673735225854284,0.0014141168064579724,-0.00032169,1.9464841943037883,5.142739189835587,-26.532314707314303,-0.0023016062189381405,3.6014045983884335,0.08577636837209619,-3.5403436902327354,-0.845232402679053,-93.16966845383024,1.5397792612636616,29.67573749076369,0.20689099899680946,-0.017332649203758176,0.00020257,0.017341615463841185,0.00049835,1,0.0
1176,0.0017276275961626009,0.038451223579801595,-0.00032169,1.9464841943037883,5.142739189835587,39.161913150768,-0.0023016062189381405,13.68608449832803,0.08577636837209619,-37.73264272301327,-0.845232402679053,-1.2680960426390906,1.5397792612636616,-5.256935393185298,0.20689099899680946,0.00039452163522348677,0.00020257,0.07320817229875559,0.00049835,0,0.0
1177,0.0878878079361129,0.002052194562339508,-0.00032169,1.9464841943037883,5.142739189835587,-40.01298343591613,-0.0023016062189381405,8.584314685370355,0.08577636837209619,-58.29537452236238,-0.845232402679053,-3.057348714553778,1.5397792612636616,45.95125114499019,0.20689099899680946,-0.03193771276763429,0.00020257,0.03193545537870924,0.00049835,1,0.0
1178,0.16791889982203484,0.043971883990324825,-0.00032169,1.9464841943037883,5.142739189835587,-94.74248248791459,-0.0023016062189381405,-11.34252920222026,0.08577636837209619,-67.4588459865116,-0.845232402679053,79.02514815396583,1.5397792612636616,89.62694224172891,0.20689099899680946,-0.07742413566644339,0.00020257,0.07928843210133009,0.00049835,1,0.0
1179,-0.00017826162845534232,0.02189776457349736,-0.00032169,1.9464841943037883,5.142739189835587,2.851101190552961,-0.0023016062189381405,1.5586007358567988,0.08577636837209619,-3.475815895145838,-0.845232402679053,83.33185881483217,1.5397792612636616,-10.612954136204461,0.20689099899680946,-0.02432870581388772,0.00020257,0.05644735703666005,0.00049835,1,0.0
1180,0.17441394752734274,0.09372425604432534,-0.00032169,1.9464841943037883,5.142739189835587,-44.62340395597545,-0.0023016062189381405,28.725901968168298,0.08577636837209619,-43.636675484557195,-0.845232402679053,-31.15825695475944,1.5397792612636616,24.87242377314974,0.20689099899680946,-0.14027447530528736,0.00020257,0.1392769157557215,0.00049835,1,0.0
1181,0.015261968424659073,0.06793569498982137,-0.00032169,1.9464841943037883,5.142739189835587,31.276287193796488,-0.0023016062189381405,16.145540738015015,0.08577636837209619,-99.49720453910118,-0.845232402679053,-26.658403698525145,1.5397792612636616,36.45873896315887,0.20689099899680946,-0.06016980211026174,0.00020257,0.15063421944614308,0.00049835,1,0.0
1182,0.2582082429539841,0.01294266472024581,-0.00032169,1.9464841943037883,5.142739189835587,-91.167651469998,-0.0023016062189381405,-4.500503198854403,0.08577636837209619,-29.546604498529927,-0.845232402679053,-3.9317786347232557,1.5397792612636616,74.45864891742131,0.20689099899680946,-0.02760290174639718,0.00020257,0.028080164147251875,0.00049835,1,0.0
1183,0.0005508442369012712,0.07073275926397812,-0.00032169,1.9464841943037883,5.142739189835587,77.10246698416013,-0.0023016062189381405,12.560114177009478,0.08577636837209619,-38.58410807466274,-0.845232402679053,66.78629705217932,1.5397792612636616,-23.616143016911646,0.20689099899680946,0.0637135475466522,0.00020257,0.0979623160436996,0.00049835,0,0.0
1184,0.0010093722730906418,0.02730581785022031,-0.00032169,1.9464841943037883,5.142739189835587,40.5490214180228,-0.0023016062189381405,10.444085112975621,0.08577636837209619,-11.900351404557481,-0.845232402679053,-45.14691504713435,1.5397792612636616,-12.516443045101411,0.20689099899680946,-0.006071290432011454,0.00020257,0.05662641058900516,0.00049835,1,0.0
1185,0.001129683074941712,0.06037416297061746,-0.00032169,1.9464841943037883,5.142739189835587,71.009469096582,-0.0023016062189381405,19.018992742973715,0.08577636837209619,-37.580625033827026,-0.845232402679053,-17.66350082733698,1.5397792612636616,-19.89126929109225,0.20689099899680946,0.010713830727733603,0.00020257,0.1058984812154346,0.00049835,0,0.0
1186,0.10997513093167484,0.005098680145393094,-0.00032169,1.9464841943037883,5.142739189835587,-23.494326704055077,-0.0023016062189381405,10.25590801403079,0.08577636837209619,-40.960921715902124,-0.845232402679053,-90.20132682349683,1.5397792612636616,40.33717988095237,0.20689099899680946,-0.049444944599741296,0.00020257,0.049679365405641364,0.00049835,1,0.0
1187,0.024582450322040872,0.0055993084043211554,-0.00032169,1.9464841943037883,5.142739189835587,3.615634568010603,-0.0023016062189381405,9.609750926898835,0.08577636837209619,-29.57182454410936,-0.845232402679053,-77.21232220991888,1.5397792612636616,16.83632062747516,0.20689099899680946,-0.0484675911060714,0.00020257,0.04854479409139827,0.00049835,1,0.0
1188,0.049157361635078084,0.02224374451958477,-0.00032169,1.9464841943037883,5.142739189835587,-27.78486783609267,-0.0023016062189381405,-6.485195178850613,0.08577636837209619,-29.445007892101383,-0.845232402679053,-0.21566511910761463,1.5397792612636616,38.80218406425881,0.20689099899680946,-0.06408083887508483,0.00020257,0.06570211278589051,0.00049835,1,0.0
1189,0.11046049034520991,0.14399305199508555,-0.00032169,1.9464841943037883,5.142739189835587,88.58954725193306,-0.0023016062189381405,5.160793217124253,0.08577636837209619,-61.1054512669806,-0.845232402679053,77.71993744774942,1.5397792612636616,3.3585092522742244,0.20689099899680946,0.03313221728015467,0.00020257,0.23024316666858122,0.00049835,0,0.0
1190,0.01844963203399172,0.0016222220932311927,-0.00032169,1.9464841943037883,5.142739189835587,-23.097521002017658,-0.0023016062189381405,-3.192094082446369,0.08577636837209619,-7.816317850929582,-0.845232402679053,68.02743243536399,1.5397792612636616,9.33745530855188,0.20689099899680946,-0.024009586639489863,0.00020257,0.024121774373632138,0.00049835,1,0.0
1191,0.021806142999805322,0.009916105654767539,-0.00032169,1.9464841943037883,5.142739189835587,-13.979787375266731,-0.0023016062189381405,15.282278482906362,0.08577636837209619,-60.40726704063008,-0.845232402679053,-12.718653894008328,1.5397792612636616,26.62762471023547,0.20689099899680946,-0.0541303605222044,0.00020257,0.05453843652179744,0.00049835,1,0.0
1192,0.16609221510377487,0.05836169166291479,-0.00032169,1.9464841943037883,5.142739189835587,-72.03741599063905,-0.0023016062189381405,-18.24990350259485,0.08577636837209619,-16.524947150187078,-0.845232402679053,20.50691874888719,1.5397792612636616,66.2344872158284,0.20689099899680946,-0.09644598415977228,0.00020257,0.09646114294560716,0.00049835,1,0.0
1193,0.6065059154875212,0.2735912541287179,-0.00032169,1.9464841943037883,5.142739189835587,63.438821511384916,-0.0023016062189381405,12.777251708501378,0.08577636837209619,-70.46966773691922,-0.845232402679053,36.06284643727419,1.5397792612636616,54.43952111737952,0.20689099899680946,0.13232144542597607,0.00020257,0.3337859808431623,0.00049835,0,0.0
1194,0.0045049070314828465,0.043119766593999735,-0.00032169,1.9464841943037883,5.142739189835587,65.82174013467662,-0.0023016062189381405,15.317849209157536,0.08577636837209619,-3.0982506789414335,-0.845232402679053,-79.28026868310113,1.5397792612636616,-27.380049572991126,0.20689099899680946,-0.0061692791662078805,0.00020257,0.08060581900270619,0.00049835,1,0.0
1195,5.314153050400838e-05,0.04415490759477964,-0.00032169,1.9464841943037883,5.142739189835587,42.968543988469115,-0.0023016062189381405,19.025332309801826,0.08577636837209619,-59.354086742217575,-0.845232402679053,-45.55781727957561,1.5397792612636616,5.606176895317961,0.20689099899680946,-0.032510271432377925,0.00020257,0.10353592662964262,0.00049835,1,0.0
1196,0.09658522178520512,0.0007004593259771854,-0.00032169,1.9464841943037883,5.142739189835587,-62.796177854665224,-0.0023016062189381405,6.437262837635399,0.08577636837209619,-73.68912166015342,-0.845232402679053,69.40281426554573,1.5397792612636616,57.25334556474396,0.20689099899680946,-0.01675275174876644,0.00020257,0.016743950333458144,0.00049835,1,0.0
1197,0.00026768237275728857,0.03177549299522814,-0.00032169,1.9464841943037883,5.142739189835587,34.908140953570324,-0.0023016062189381405,6.0645204554378385,0.08577636837209619,-11.759586396706558,-0.845232402679053,19.422109465894884,1.5397792612636616,-13.361925447251465,0.20689099899680946,0.02496482765929802,0.00020257,0.0411702217371387,0.00049835,0,0.0
1198,0.00015273118670367652,0.001273783060718546,-0.00032169,1.9464841943037883,5.142739189835587,-24.34244635410701,-0.0023016062189381405,-3.009347767087454,0.08577636837209619,-16.88101379522808,-0.845232402679053,89.3849664404821,1.5397792612636616,11.002832696749802,0.20689099899680946,-0.02257611334673673,0.00020257,0.022634157203056275,0.00049835,1,0.0
1199,0.0015644103726193126,0.04252495225774789,-0.00032169,1.9464841943037883,5.142739189835587,24.948073980629953,-0.0023016062189381405,15.745926154041399,0.08577636837209619,-79.48096637292451,-0.845232402679053,-9.522760968598222,1.5397792612636616,23.426994100492482,0.20689099899680946,-0.03794252404340803,0.00020257,0.10529370880208733,0.00049835,1,0.0
