,V,fitness,V_O,s,tau,AF3,AF3_O,AH3,AH3_O,A3N3,A3N3_O,AF5,AF5_O,AD5,AD5_O,lambda1,lambda1_O,lambda2,lambda2_O,taquiónico,taquiónico_O
0,0.5725381425251247,0.15821681599939355,0.012494,1.600149459561681,3.485910062937601,70.14466139816352,-0.09541412599521903,29.33402820301899,0.3901156796500694,-62.364693944606124,-0.6817982044692934,-38.288062593758234,-0.3631405746572389,4.624420845605668,0.46936119399453624,0.3515703516819709,-0.018514,0.85556041413476,0.044286,0,1.0
1,0.16253957709272365,0.004855633774055804,0.012494,1.600149459561681,3.485910062937601,-35.035710047385805,-0.09541412599521903,3.441130939294697,0.3901156796500694,-51.497545212934064,-0.6817982044692934,46.26354292288776,-0.3631405746572389,41.66746686404261,0.46936119399453624,-0.031182898859054974,-0.018514,0.031177558991097386,0.044286,1,1.0
2,6.576252957057882e-05,0.04573653667708259,0.012494,1.600149459561681,3.485910062937601,81.28962638221772,-0.09541412599521903,17.792553135073337,0.3901156796500694,-42.17886804562918,-0.6817982044692934,30.138112956898368,-0.3631405746572389,-30.98709732864208,0.46936119399453624,0.41481307191358274,-0.018514,0.6289098066234167,0.044286,0,1.0
3,5.378325070459766e-05,0.02919239984208735,0.012494,1.600149459561681,3.485910062937601,81.82163978562961,-0.09541412599521903,26.147751832449753,0.3901156796500694,-89.61618569884166,-0.6817982044692934,54.70399638499535,-0.3631405746572389,-12.905730458260233,0.46936119399453624,0.36356197965696196,-0.018514,0.8118477935923911,0.044286,0,1.0
4,0.07443630106830701,0.048920040385136206,0.012494,1.600149459561681,3.485910062937601,98.43895004899167,-0.09541412599521903,26.408431100771875,0.3901156796500694,-56.41408900541133,-0.6817982044692934,0.9103495227659478,-0.3631405746572389,-30.129338103086067,0.46936119399453624,0.35816479272927704,-0.018514,0.8270759106374963,0.044286,0,1.0
5,0.259661282011885,0.034475372298455924,0.012494,1.600149459561681,3.485910062937601,-30.63863759621832,-0.09541412599521903,7.747325894385044,0.3901156796500694,-54.50001211081957,-0.6817982044692934,12.673978155462791,-0.3631405746572389,46.487217688120545,0.46936119399453624,-0.1259865552640509,-0.018514,0.12707801538529162,0.044286,1,1.0
6,0.46943370627579295,0.1218018162689711,0.012494,1.600149459561681,3.485910062937601,95.75956017682262,-0.09541412599521903,35.57508158575257,0.3901156796500694,-78.79111716015488,-0.6817982044692934,-39.94955122855585,-0.3631405746572389,-4.494194105281174,0.46936119399453624,0.32733875253832306,-0.018514,1.0576605209976964,0.044286,0,1.0
7,0.00023900193350379073,0.03482761914616514,0.012494,1.600149459561681,3.485910062937601,51.658009871821285,-0.09541412599521903,20.456146766030574,0.3901156796500694,-93.44671500963531,-0.6817982044692934,96.98996667057791,-0.3631405746572389,0.41821861079732026,0.46936119399453624,0.4287374879324133,-0.018514,0.5996056235078833,0.044286,0,1.0
8,0.24753664103698525,0.07333994915690029,0.012494,1.600149459561681,3.485910062937601,-8.365852454168776,-0.09541412599521903,10.398495593951298,0.3901156796500694,-29.530716389199235,-0.6817982044692934,-38.33495088253648,-0.3631405746572389,26.83137188706116,0.46936119399453624,-0.18917965196064684,-0.018514,0.19010524857234284,0.044286,1,1.0
9,0.20534117343503747,0.008883577841560651,0.012494,1.600149459561681,3.485910062937601,-36.86852603772869,-0.09541412599521903,2.3648650853685824,0.3901156796500694,-41.8368450181764,-0.6817982044692934,42.107643788913094,-0.3631405746572389,39.101110737444436,0.46936119399453624,-0.04362777419652291,-0.018514,0.04396310932003215,0.044286,1,1.0
10,-0.002626370867954031,0.07841470072682953,0.012494,1.600149459561681,3.485910062937601,22.718001884768984,-0.09541412599521903,6.32010124195664,0.3901156796500694,-0.06279957885012064,-0.6817982044692934,-35.87505149402485,-0.3631405746572389,-9.531039922011434,0.46936119399453624,-0.07584028721094152,-0.018514,0.16664151621912046,0.044286,1,1.0
11,0.0023500472436601694,0.07347659773422903,0.012494,1.600149459561681,3.485910062937601,-10.312954498367013,-0.09541412599521903,9.558629199364892,0.3901156796500694,-58.045650111752934,-0.6817982044692934,31.479830030680258,-0.3631405746572389,27.279916034520664,0.46936119399453624,-0.1254848124884183,-0.018514,0.17351392346916517,0.044286,1,1.0
12,0.5234535520079135,0.04889219413253611,0.012494,1.600149459561681,3.485910062937601,-38.416866102323226,-0.09541412599521903,7.7087052715827316,0.3901156796500694,-39.37065272178043,-0.6817982044692934,-27.561373038360166,-0.3631405746572389,54.962796457489034,0.46936119399453624,-0.12249697929297881,-0.018514,0.12258236005901596,0.044286,1,1.0
13,0.006105013337556808,0.053364749473585424,0.012494,1.600149459561681,3.485910062937601,0.7174866148042909,-0.09541412599521903,7.466471368013803,0.3901156796500694,-30.475109439449742,-0.6817982044692934,-6.030212021801544,-0.3631405746572389,13.596295712197195,0.46936119399453624,-0.15285594475201955,-0.018514,0.15232825046296797,0.044286,1,1.0
14,0.0008255773989316317,0.048191640374218914,0.012494,1.600149459561681,3.485910062937601,98.0480781067214,-0.09541412599521903,18.108934192863074,0.3901156796500694,-24.789363522646294,-0.6817982044692934,-0.9500390510981094,-0.3631405746572389,-44.143453059916766,0.46936119399453624,0.393031731772321,-0.018514,0.6942856232491713,0.044286,0,1.0
15,0.42921039986664566,0.118774688983308,0.012494,1.600149459561681,3.485910062937601,98.62329142890025,-0.09541412599521903,32.564482973378624,0.3901156796500694,-61.18470553628102,-0.6817982044692934,-49.076834205113315,-0.3631405746572389,-13.751939313917868,0.46936119399453624,0.3329256828900973,-0.018514,0.9964465355743104,0.044286,0,1.0
16,0.0005550518007434446,0.036106006335353456,0.012494,1.600149459561681,3.485910062937601,95.59708073084448,-0.09541412599521903,23.351876309150494,0.3901156796500694,-58.73382260836944,-0.6817982044692934,20.463453287590045,-0.3631405746572389,-29.961352199241354,0.46936119399453624,0.36516146856223886,-0.018514,0.8016974427594858,0.044286,0,1.0
17,0.010200144092208263,0.034976756015423806,0.012494,1.600149459561681,3.485910062937601,99.83284066497596,-0.09541412599521903,26.11889804504622,0.3901156796500694,-66.49421516475775,-0.6817982044692934,17.803703128433952,-0.3631405746572389,-28.70306126204635,0.46936119399453624,0.3541670839213968,-0.018514,0.8602867347588572,0.044286,0,1.0
18,0.0022953373489764672,0.04858292740883188,0.012494,1.600149459561681,3.485910062937601,90.78885286940078,-0.09541412599521903,17.040065116086357,0.3901156796500694,-30.2175642897753,-0.6817982044692934,12.453288659286093,-0.3631405746572389,-38.79619340176894,0.46936119399453624,0.3991259084277776,-0.018514,0.6704910359819811,0.044286,0,1.0
19,0.35849282592953724,0.026742434446375352,0.012494,1.600149459561681,3.485910062937601,-42.901461575783024,-0.09541412599521903,6.904403891690702,0.3901156796500694,-58.95566101963581,-0.6817982044692934,21.228664969357023,-0.3631405746572389,56.785764658929615,0.46936119399453624,-0.08853172380691732,-0.018514,0.0931834976664207,0.044286,1,1.0
20,0.660641397825279,0.17451115913096713,0.012494,1.600149459561681,3.485910062937601,30.787628495025782,-0.09541412599521903,29.30198603557841,0.3901156796500694,-99.98102955326685,-0.6817982044692934,18.41738221656909,-0.3631405746572389,38.31641435812193,0.46936119399453624,0.37028065658560083,-0.018514,0.7530190717129973,0.044286,0,1.0
21,0.6325489192608933,0.18946539839343418,0.012494,1.600149459561681,3.485910062937601,72.25611069715546,-0.09541412599521903,29.375386789651873,0.3901156796500694,-46.69508338521849,-0.6817982044692934,-61.797181208033095,-0.3631405746572389,-0.6394153899185125,0.46936119399453624,0.35337789624279436,-0.018514,0.8278613622192422,0.044286,0,1.0
22,0.13139267942890534,0.046732419466111876,0.012494,1.600149459561681,3.485910062937601,-32.96437202489366,-0.09541412599521903,-4.216573831246249,0.3901156796500694,-18.54967054598713,-0.6817982044692934,51.678555265466855,-0.3631405746572389,24.82321423947852,0.46936119399453624,-0.1277776907763314,-0.018514,0.13008454771786154,0.044286,1,1.0
23,0.07185206715630787,0.043129678652632085,0.012494,1.600149459561681,3.485910062937601,94.37795109831391,-0.09541412599521903,26.975828340421234,0.3901156796500694,-71.0397219436267,-0.6817982044692934,17.348450332158695,-0.3631405746572389,-22.38491082543785,0.46936119399453624,0.3555709606857576,-0.018514,0.8604791429624874,0.044286,0,1.0
24,0.288220678601655,0.10183525022511546,0.012494,1.600149459561681,3.485910062937601,97.97666640025929,-0.09541412599521903,23.138936032155208,0.3901156796500694,-20.624063089272923,-0.6817982044692934,-52.25722530080728,-0.3631405746572389,-34.16841291792779,0.46936119399453624,0.3660959302983292,-0.018514,0.7843023381921833,0.044286,0,1.0
25,0.0007353403031974404,0.04206312537152721,0.012494,1.600149459561681,3.485910062937601,71.61420479171409,-0.09541412599521903,18.36326229938303,0.3901156796500694,-59.28813229582724,-0.6817982044692934,52.91666307101237,-0.3631405746572389,-20.32529014129927,0.46936119399453624,0.4193780352801403,-0.018514,0.6245245190469831,0.044286,0,1.0
26,0.0022637918454633255,0.11854170457335234,0.012494,1.600149459561681,3.485910062937601,17.853499734327755,-0.09541412599521903,6.6570136683339864,0.3901156796500694,-28.299661112515164,-0.6817982044692934,30.910483757763288,-0.3631405746572389,-1.5456414623118504,0.46936119399453624,0.153576728503156,-0.018514,0.1908455137488298,0.044286,0,1.0
27,0.5894138963857224,0.05060447993619166,0.012494,1.600149459561681,3.485910062937601,-47.34540756129846,-0.09541412599521903,8.648380749098507,0.3901156796500694,-44.127228932187684,-0.6817982044692934,-20.478440450048446,-0.3631405746572389,61.46355436316357,0.46936119399453624,-0.10882879439397342,-0.018514,0.10850640381669735,0.044286,1,1.0
28,0.0008286382827745742,0.1282783173720739,0.012494,1.600149459561681,3.485910062937601,13.475082776418649,-0.09541412599521903,7.8785613426941605,0.3901156796500694,-44.40268321419052,-0.6817982044692934,55.668830179215256,-0.3631405746572389,5.040816549634813,0.46936119399453624,0.1904057643550783,-0.018514,0.2183716751601031,0.044286,0,1.0
29,0.4103046211622139,0.10909990512304008,0.012494,1.600149459561681,3.485910062937601,91.14831575269078,-0.09541412599521903,32.245040408171434,0.3901156796500694,-71.35802394518282,-0.6817982044692934,-30.95425834449227,-0.3631405746572389,-7.4128885078213695,0.46936119399453624,0.336094129068497,-0.018514,0.9748907775196193,0.044286,0,1.0
30,-0.0002490040306145913,0.0904040576217147,0.012494,1.600149459561681,3.485910062937601,20.424835615120067,-0.09541412599521903,5.428171453029327,0.3901156796500694,-7.993415697074299,-0.6817982044692934,-3.5076336229095904,-0.3631405746572389,-8.442656350214438,0.46936119399453624,0.06053919973643405,-0.018514,0.15146050951239892,0.044286,0,1.0
31,0.44570719274568416,0.13172891390986136,0.012494,1.600149459561681,3.485910062937601,99.30965246049956,-0.09541412599521903,30.518436686789556,0.3901156796500694,-45.85356087532661,-0.6817982044692934,-60.851436083128405,-0.3631405746572389,-19.449570582432745,0.46936119399453624,0.3496599003944702,-0.018514,0.9463610252405432,0.044286,0,1.0
32,0.28335995423897864,0.12304210052961259,0.012494,1.600149459561681,3.485910062937601,80.88776184461294,-0.09541412599521903,16.353812578736044,0.3901156796500694,-2.6834707668623796,-0.6817982044692934,-36.196860858182745,-0.3631405746572389,-34.992909185789884,0.46936119399453624,0.43511171123660786,-0.018514,0.5844298991949319,0.044286,0,1.0
33,0.2862363681413307,0.011266276439867473,0.012494,1.600149459561681,3.485910062937601,-34.5769699765062,-0.09541412599521903,3.9945509045382663,0.3901156796500694,-40.52376147614165,-0.6817982044692934,17.42749416754408,-0.3631405746572389,42.59286091188643,0.46936119399453624,-0.0431870982325588,-0.018514,0.0428762904391576,0.044286,1,1.0
34,0.36648418625307533,0.02432738778394571,0.012494,1.600149459561681,3.485910062937601,-68.27605771758128,-0.09541412599521903,8.338519016463843,0.3901156796500694,-99.57806449613923,-0.6817982044692934,78.75087450318043,-0.3631405746572389,82.54671045746352,0.46936119399453624,-0.08727894608844577,-0.018514,0.08672538703046234,0.044286,1,1.0
35,0.00815528528403775,0.06901317474675107,0.012494,1.600149459561681,3.485910062937601,80.98389837504125,-0.09541412599521903,12.3183169505661,0.3901156796500694,-24.877265734460384,-0.6817982044692934,33.537475408997246,-0.3631405746572389,-37.07356523417353,0.46936119399453624,0.42292760884500735,-0.018514,0.6350176613761573,0.044286,0,1.0
36,0.028796928708438863,0.0614175800184831,0.012494,1.600149459561681,3.485910062937601,99.92511182397892,-0.09541412599521903,18.732555613407126,0.3901156796500694,-15.511223785833064,-0.6817982044692934,-17.44192933907243,-0.3631405746572389,-47.89230947772785,0.46936119399453624,0.39157200975908085,-0.018514,0.6681431987705233,0.044286,0,1.0
37,0.7926581914934352,0.08160819744221487,0.012494,1.600149459561681,3.485910062937601,-75.2814804631934,-0.09541412599521903,8.359056044737237,0.3901156796500694,-71.25889406247812,-0.6817982044692934,0.6517458944105773,-0.3631405746572389,93.71400290774396,0.46936119399453624,-0.09450306603722042,-0.018514,0.09577601634012106,0.044286,1,1.0
38,-4.708855024720959e-05,0.0921324615026559,0.012494,1.600149459561681,3.485910062937601,81.13704577466626,-0.09541412599521903,11.754208708313163,0.3901156796500694,-23.526683643916254,-0.6817982044692934,50.331391460995064,-0.3631405746572389,-40.94134832731922,0.46936119399453624,0.46536780113143994,-0.018514,0.6576875770019666,0.044286,0,1.0
39,0.2582118472871342,0.07456788764952248,0.012494,1.600149459561681,3.485910062937601,99.93861397979572,-0.09541412599521903,33.6983219915203,0.3901156796500694,-80.73857803598226,-0.6817982044692934,-11.866734095939622,-0.3631405746572389,-14.429624299792597,0.46936119399453624,0.33652784529353097,-0.018514,1.0044380248408684,0.044286,0,1.0
40,0.35422851678098616,0.02098824411046886,0.012494,1.600149459561681,3.485910062937601,-13.309137060333546,-0.09541412599521903,3.8823317249660203,0.3901156796500694,-0.8009669671992099,-0.6817982044692934,-48.42375855981066,-0.3631405746572389,21.54665354385655,0.46936119399453624,-0.06883504667512957,-0.018514,0.06848636524297774,0.044286,1,1.0
41,0.039701063558226724,0.014983843110812037,0.012494,1.600149459561681,3.485910062937601,-20.50990401194348,-0.09541412599521903,0.08233633448679151,0.3901156796500694,-21.577981370415614,-0.6817982044692934,40.61963260196965,-0.3631405746572389,16.458937000528003,0.46936119399453624,-0.07730311527691829,-0.018514,0.07585964775594219,0.044286,1,1.0
42,0.28700828241402687,0.013216537457630323,0.012494,1.600149459561681,3.485910062937601,-54.70883984321406,-0.09541412599521903,5.017601292494164,0.3901156796500694,-75.95529180977334,-0.6817982044692934,64.907879268276,-0.3631405746572389,64.80724166962321,0.46936119399453624,-0.04325664547033332,-0.018514,0.04310978109125022,0.044286,1,1.0
43,0.680771838756655,0.06558004843009546,0.012494,1.600149459561681,3.485910062937601,-39.39171826313629,-0.09541412599521903,7.837964648661419,0.3901156796500694,-21.452396806737745,-0.6817982044692934,-59.55914346807747,-0.3631405746572389,53.829438764813084,0.46936119399453624,-0.10794787982834016,-0.018514,0.10848636415476849,0.044286,1,1.0
44,0.0209698223997115,0.005680325742512506,0.012494,1.600149459561681,3.485910062937601,-28.20422749720517,-0.09541412599521903,0.01637150871808951,0.3901156796500694,-43.55216548768596,-0.6817982044692934,62.24727839630039,-0.3631405746572389,29.935147120394898,0.46936119399453624,-0.021750601967298958,-0.018514,0.02152325047938887,0.044286,1,1.0
45,0.1526735346677196,0.05995539356010558,0.012494,1.600149459561681,3.485910062937601,-20.84382172296742,-0.09541412599521903,9.823653833036811,0.3901156796500694,-57.121353123430715,-0.6817982044692934,12.10944302611271,-0.3631405746572389,38.904237889792135,0.46936119399453624,-0.1692807951838602,-0.018514,0.16834975771916488,0.044286,1,1.0
46,0.27349298680358464,0.019592053677013506,0.012494,1.600149459561681,3.485910062937601,-54.751210629726835,-0.09541412599521903,6.670548930998045,0.3901156796500694,-75.58226914240994,-0.6817982044692934,68.63880155337398,-0.3631405746572389,61.667416181506894,0.46936119399453624,-0.08851833175710755,-0.018514,0.08838563941679203,0.044286,1,1.0
47,0.0032652170615788956,0.05169741488290913,0.012494,1.600149459561681,3.485910062937601,91.97196289023701,-0.09541412599521903,18.041942432781205,0.3901156796500694,-34.26619750503413,-0.6817982044692934,16.693858961396348,-0.3631405746572389,-38.436633655524126,0.46936119399453624,0.4197895534883044,-0.018514,0.6836449505375665,0.044286,0,1.0
48,0.5750717719209998,0.13624223257997553,0.012494,1.600149459561681,3.485910062937601,-51.26674127869476,-0.09541412599521903,16.700551702438293,0.3901156796500694,-85.11002979564327,-0.6817982044692934,-10.754673531894326,-0.3631405746572389,79.85941616707461,0.46936119399453624,-0.2555629510210948,-0.018514,0.2555608636144296,0.044286,1,1.0
49,0.8013023986075403,0.10443364062906091,0.012494,1.600149459561681,3.485910062937601,-66.47191262173847,-0.09541412599521903,10.692060824738364,0.3901156796500694,-68.60474427967901,-0.6817982044692934,-23.678497817948685,-0.3631405746572389,90.63330989101341,0.46936119399453624,-0.1631392498758083,-0.018514,0.16325896117002547,0.044286,1,1.0
50,0.7001019340117278,0.061566459559000086,0.012494,1.600149459561681,3.485910062937601,-60.307479366044994,-0.09541412599521903,7.216441253201701,0.3901156796500694,-48.50978404090743,-0.6817982044692934,-14.008106658375342,-0.3631405746572389,73.39260788964108,0.46936119399453624,-0.0759010820568956,-0.018514,0.07494277288154332,0.044286,1,1.0
51,0.08092527165225857,0.019271105116103703,0.012494,1.600149459561681,3.485910062937601,-28.1139793938829,-0.09541412599521903,-2.258155036757927,0.3901156796500694,-24.950545853599085,-0.6817982044692934,49.79810062131919,-0.3631405746572389,23.90014852253241,0.46936119399453624,-0.08060572190469109,-0.018514,0.07976721354820362,0.044286,1,1.0
52,0.8486237306430833,0.11654320136092133,0.012494,1.600149459561681,3.485910062937601,-64.18539296570938,-0.09541412599521903,13.370812213802516,0.3901156796500694,-62.46169896147073,-0.6817982044692934,-39.70267651082676,-0.3631405746572389,87.07155313437785,0.46936119399453624,-0.18133406817356063,-0.018514,0.17993042256488045,0.044286,1,1.0
53,0.5398943799257657,0.16402084521493882,0.012494,1.600149459561681,3.485910062937601,99.98754731549332,-0.09541412599521903,33.19527145455901,0.3901156796500694,-42.224637267869184,-0.6817982044692934,-82.45312716698255,-0.3631405746572389,-18.19571428412984,0.46936119399453624,0.3342638989392483,-0.018514,0.967381621436028,0.044286,0,1.0
54,0.0015788029479730792,0.030919799699886414,0.012494,1.600149459561681,3.485910062937601,58.16092899390255,-0.09541412599521903,21.889958062089953,0.3901156796500694,-97.7365450661272,-0.6817982044692934,89.82584850390944,-0.3631405746572389,0.4476841164838146,0.46936119399453624,0.3964057353173144,-0.018514,0.676284125338177,0.044286,0,1.0
55,0.13108901158643116,0.04541952430113921,0.012494,1.600149459561681,3.485910062937601,99.75717605104748,-0.09541412599521903,33.03342153220656,0.3901156796500694,-96.9670820844602,-0.6817982044692934,19.434031112303437,-0.3631405746572389,-12.368758882489153,0.46936119399453624,0.33054862297216503,-0.018514,1.0241731351918204,0.044286,0,1.0
56,0.2279051653734579,0.009570513222143223,0.012494,1.600149459561681,3.485910062937601,-9.175797234124374,-0.09541412599521903,3.2206864017667236,0.3901156796500694,-3.5625734700361686,-0.6817982044692934,-29.732910223249583,-0.3631405746572389,15.126776963422632,0.46936119399453624,-0.05247850571592675,-0.018514,0.0526532908764216,0.044286,1,1.0
57,0.004354480161111618,0.05001704592052616,0.012494,1.600149459561681,3.485910062937601,81.24715517058742,-0.09541412599521903,16.036751610812072,0.3901156796500694,-37.73467115635526,-0.6817982044692934,30.323918594443782,-0.3631405746572389,-31.98965426348443,0.46936119399453624,0.4133329192117247,-0.018514,0.6340748119102645,0.044286,0,1.0
58,0.0008137917828320296,0.04142861306985786,0.012494,1.600149459561681,3.485910062937601,97.3952545052157,-0.09541412599521903,21.07124006506703,0.3901156796500694,-42.81046099996361,-0.6817982044692934,9.485559244375617,-0.3631405746572389,-36.89751668790785,0.46936119399453624,0.3782364898801771,-0.018514,0.7545015093523495,0.044286,0,1.0
59,0.21956587384512405,0.1445309096507064,0.012494,1.600149459561681,3.485910062937601,-9.035279528252362,-0.09541412599521903,14.210000818155239,0.3901156796500694,-49.822454181936514,-0.6817982044692934,-31.779275613307867,-0.3631405746572389,34.653795586504174,0.46936119399453624,-0.2635270773506711,-0.018514,0.2652843322532051,0.044286,1,1.0
60,0.0023192651049530055,0.11120594092844444,0.012494,1.600149459561681,3.485910062937601,91.36810038590991,-0.09541412599521903,11.922028268563865,0.3901156796500694,-12.42823310092666,-0.6817982044692934,39.76159686766009,-0.3631405746572389,-50.85239284342507,0.46936119399453624,0.489200783795525,-0.018514,0.6981752974424256,0.044286,0,1.0
61,0.38026807329129053,0.023667102865605617,0.012494,1.600149459561681,3.485910062937601,-35.87200179439787,-0.09541412599521903,6.593643002220633,0.3901156796500694,-41.74579837097321,-0.6817982044692934,-0.7550895285512484,-0.3631405746572389,47.38398320721026,0.46936119399453624,-0.08467526103760885,-0.018514,0.0854817900191082,0.044286,1,1.0
62,0.0029195626786153173,0.0636689096244527,0.012494,1.600149459561681,3.485910062937601,79.66083640710212,-0.09541412599521903,13.18184489477456,0.3901156796500694,-23.72442515715983,-0.6817982044692934,31.000702398583407,-0.3631405746572389,-37.88783423464821,0.46936119399453624,0.4418406490567012,-0.018514,0.583654718294108,0.044286,0,1.0
63,0.4624735164933609,0.051983367666329085,0.012494,1.600149459561681,3.485910062937601,-41.15163458930389,-0.09541412599521903,-0.3271135691763337,0.3901156796500694,-11.433802312787794,-0.6817982044692934,-4.226200208217572,-0.3631405746572389,39.61935129072111,0.46936119399453624,-0.0706541020276128,-0.018514,0.06943467422307581,0.044286,1,1.0
64,0.12932596814965708,0.014370978952703735,0.012494,1.600149459561681,3.485910062937601,-29.129923915131442,-0.09541412599521903,5.856402441056368,0.3901156796500694,-55.274116212170355,-0.6817982044692934,39.56820859758792,-0.3631405746572389,39.45521762435894,0.46936119399453624,-0.07592880963440643,-0.018514,0.07936798282959384,0.044286,1,1.0
65,0.003403807044931706,0.05658670570194754,0.012494,1.600149459561681,3.485910062937601,61.24666556516739,-0.09541412599521903,13.8837599321518,0.3901156796500694,-54.20697017695402,-0.6817982044692934,72.28157221463017,-0.3631405746572389,-18.208949342991236,0.46936119399453624,0.4447012800636586,-0.018514,0.5705785381203526,0.044286,0,1.0
66,0.00045058389810792576,0.06955691901615407,0.012494,1.600149459561681,3.485910062937601,86.27183681152158,-0.09541412599521903,12.859125256120643,0.3901156796500694,-8.511467068339732,-0.6817982044692934,13.031682920167864,-0.3631405746572389,-47.22262142061781,0.46936119399453624,0.4504425896111367,-0.018514,0.5604027191522295,0.044286,0,1.0
67,0.18127026255815631,0.005342344209897834,0.012494,1.600149459561681,3.485910062937601,-29.27265244852878,-0.09541412599521903,3.307026954165533,0.3901156796500694,-40.353396174906095,-0.6817982044692934,28.462883170803686,-0.3631405746572389,35.81961534192311,0.46936119399453624,-0.03415959129382838,-0.018514,0.034511681196586,0.044286,1,1.0
68,0.0370655593806328,0.009431976695755276,0.012494,1.600149459561681,3.485910062937601,-39.76987222540361,-0.09541412599521903,5.1443778616318045,0.3901156796500694,-76.23379044759866,-0.6817982044692934,85.60835633159296,-0.3631405746572389,47.33666336351752,0.46936119399453624,-0.05481755823323401,-0.018514,0.05679682769233036,0.044286,1,1.0
69,0.8820993919935345,0.12048475664758884,0.012494,1.600149459561681,3.485910062937601,-48.91412632139521,-0.09541412599521903,11.579645459861634,0.3901156796500694,-29.776151485542535,-0.6817982044692934,-82.41596160548768,-0.3631405746572389,69.66475054285378,0.46936119399453624,-0.16572539999935015,-0.018514,0.16748413775560095,0.044286,1,1.0
70,0.01209250507356359,0.02791369575285707,0.012494,1.600149459561681,3.485910062937601,-22.619983057528113,-0.09541412599521903,-3.214475909863113,0.3901156796500694,-18.119559161547603,-0.6817982044692934,53.752175622905675,-0.3631405746572389,15.23861932463513,0.46936119399453624,-0.10524811246486543,-0.018514,0.10969356474401035,0.044286,1,1.0
71,0.0017778419394905848,0.003421352880525522,0.012494,1.600149459561681,3.485910062937601,-13.989013296277323,-0.09541412599521903,-0.9048369758837265,0.3901156796500694,-18.632333289480478,-0.6817982044692934,33.06958462662557,-0.3631405746572389,13.15147100638818,0.46936119399453624,-0.02881081758746423,-0.018514,0.02846706968947568,0.044286,1,1.0
72,0.052422528537469704,0.009986818315409113,0.012494,1.600149459561681,3.485910062937601,-25.256374483090063,-0.09541412599521903,5.036661858543521,0.3901156796500694,-52.11746663072746,-0.6817982044692934,46.986539965129815,-0.3631405746572389,32.91623482445896,0.46936119399453624,-0.06457854974085793,-0.018514,0.06398622106510098,0.044286,1,1.0
73,0.021216865898223622,0.005206283849437157,0.012494,1.600149459561681,3.485910062937601,-4.799289990417382,-0.09541412599521903,3.084982426830894,0.3901156796500694,-15.30842425036594,-0.6817982044692934,6.070134515492531,-0.3631405746572389,8.488421868021796,0.46936119399453624,-0.04638513982038482,-0.018514,0.04662473688344401,0.044286,1,1.0
74,0.15183886537186986,0.08295629846602628,0.012494,1.600149459561681,3.485910062937601,98.70815034552528,-0.09541412599521903,19.028106986165376,0.3901156796500694,-6.390375217307569,-0.6817982044692934,-39.18375445788757,-0.3631405746572389,-46.12006533275536,0.46936119399453624,0.4000481841045289,-0.018514,0.6717853694048055,0.044286,0,1.0
75,0.7186069529810084,0.21111719797619935,0.012494,1.600149459561681,3.485910062937601,58.455368161401054,-0.09541412599521903,27.73597161173266,0.3901156796500694,-56.142267251289674,-0.6817982044692934,-50.810391147044676,-0.3631405746572389,13.716379681223653,0.46936119399453624,0.3551568653792423,-0.018514,0.8137484730999658,0.044286,0,1.0
76,0.5871723355543841,0.1830452080783487,0.012494,1.600149459561681,3.485910062937601,-90.07522356142823,-0.09541412599521903,-2.6816966533749236,0.3901156796500694,-58.16078800162866,-0.6817982044692934,86.91168380945597,-0.3631405746572389,80.41050839705004,0.46936119399453624,-0.2197161391345427,-0.018514,0.22037675245468225,0.044286,1,1.0
77,0.23163088015068045,0.07922541197700855,0.012494,1.600149459561681,3.485910062937601,99.79537779401285,-0.09541412599521903,27.87675806695024,0.3901156796500694,-50.39658131273235,-0.6817982044692934,-28.18058106093408,-0.3631405746572389,-26.207038555058865,0.46936119399453624,0.3465158015361479,-0.018514,0.8833663938672475,0.044286,0,1.0
78,0.6739071790565135,0.19130423260089058,0.012494,1.600149459561681,3.485910062937601,99.97541809262864,-0.09541412599521903,41.86282006493528,0.3901156796500694,-79.89512525753034,-0.6817982044692934,-74.92584508832081,-0.3631405746572389,0.31822385212083826,0.46936119399453624,0.3248660448748496,-0.018514,1.15896518088205,0.044286,0,1.0
79,0.14152756273395045,0.0028619102317003963,0.012494,1.600149459561681,3.485910062937601,-17.517667637442116,-0.09541412599521903,1.5254927232643318,0.3901156796500694,-18.037884780000567,-0.6817982044692934,9.864464723148771,-0.3631405746572389,20.128839572405585,0.46936119399453624,-0.013479194699837565,-0.018514,0.01320669417146462,0.044286,1,1.0
80,0.5876279425470691,0.05431966762424111,0.012494,1.600149459561681,3.485910062937601,-71.03148432193652,-0.09541412599521903,11.081372025041379,0.3901156796500694,-91.13201389863366,-0.6817982044692934,35.72196083211335,-0.3631405746572389,89.72714447766103,0.46936119399453624,-0.1307005464254314,-0.018514,0.13130254084409707,0.044286,1,1.0
81,0.0011355919922855784,0.04943887595867908,0.012494,1.600149459561681,3.485910062937601,-14.200474654068275,-0.09541412599521903,7.484329089043067,0.3901156796500694,-56.090909996195265,-0.6817982044692934,33.53596888423052,-0.3631405746572389,29.415890992944437,0.46936119399453624,-0.12813007111497204,-0.018514,0.1412226333754058,0.044286,1,1.0
82,0.0001689749085340697,0.03760747356551747,0.012494,1.600149459561681,3.485910062937601,66.00224999295408,-0.09541412599521903,21.352581221569388,0.3901156796500694,-81.03887172922778,-0.6817982044692934,72.97710347334421,-0.3631405746572389,-10.368580377314636,0.46936119399453624,0.4218229678651137,-0.018514,0.6551214628270173,0.044286,0,1.0
83,-0.001013469908163367,0.06818800702166714,0.012494,1.600149459561681,3.485910062937601,78.4806696403703,-0.09541412599521903,12.456972002927131,0.3901156796500694,-22.282986454575354,-0.6817982044692934,34.152004085595394,-0.3631405746572389,-38.30424486627551,0.46936119399453624,0.44025179021955196,-0.018514,0.5814402865581296,0.044286,0,1.0
84,0.7821721735240147,0.09328313584563541,0.012494,1.600149459561681,3.485910062937601,-72.66227058524076,-0.09541412599521903,3.401174651797721,0.3901156796500694,-42.77874849969879,-0.6817982044692934,-1.2325844160135482,-0.3631405746572389,78.7494324339482,0.46936119399453624,-0.04563303712657163,-0.018514,0.045058000553913846,0.044286,1,1.0
85,0.541440503867061,0.06073043838151837,0.012494,1.600149459561681,3.485910062937601,-63.27223404101842,-0.09541412599521903,1.0392536092059943,0.3901156796500694,-44.46483246900048,-0.6817982044692934,31.229641090756054,-0.3631405746572389,65.25841915072029,0.46936119399453624,-0.06451481361549917,-0.018514,0.0671871886878272,0.044286,1,1.0
86,0.03000733868881944,0.09252437091533097,0.012494,1.600149459561681,3.485910062937601,6.176736349932058,-0.09541412599521903,8.23030980647907,0.3901156796500694,-35.633433994016215,-0.6817982044692934,8.800518689970911,-0.3631405746572389,11.755041904316986,0.46936119399453624,-0.043649033418333705,-0.018514,0.19412750738967383,0.044286,1,1.0
87,0.02613714151306079,0.05397091288388311,0.012494,1.600149459561681,3.485910062937601,86.0789325387434,-0.09541412599521903,17.587473667691985,0.3901156796500694,-35.71595257845201,-0.6817982044692934,16.01493718839485,-0.3631405746572389,-33.678157364181715,0.46936119399453624,0.3955024514023552,-0.018514,0.6638021450847974,0.044286,0,1.0
88,0.677105696673704,0.10237985838646278,0.012494,1.600149459561681,3.485910062937601,-51.59189882617467,-0.09541412599521903,13.438231001595927,0.3901156796500694,-63.55392777400965,-0.6817982044692934,-31.61803693262346,-0.3631405746572389,75.91248310101638,0.46936119399453624,-0.20084083638621386,-0.018514,0.2013314161844052,0.044286,1,1.0
89,0.3896863458987293,0.026359446869408963,0.012494,1.600149459561681,3.485910062937601,-51.71891656803591,-0.09541412599521903,6.4773350088134976,0.3901156796500694,-68.36444622036468,-0.6817982044692934,34.185257669284496,-0.3631405746572389,65.73380130475947,0.46936119399453624,-0.0806428609541849,-0.018514,0.08019276502796262,0.044286,1,1.0
90,0.39931814648224984,0.024001032448421354,0.012494,1.600149459561681,3.485910062937601,-61.614015087358865,-0.09541412599521903,7.718463699310434,0.3901156796500694,-83.36589015371928,-0.6817982044692934,55.86124371540702,-0.3631405746572389,74.80521024989487,0.46936119399453624,-0.08178781357512757,-0.018514,0.0815096353221941,0.044286,1,1.0
91,0.17269791218136932,0.16152216656066648,0.012494,1.600149459561681,3.485910062937601,-10.144220090212293,-0.09541412599521903,15.587913304351625,0.3901156796500694,-98.57256465291434,-0.6817982044692934,77.13480644782405,-0.3631405746572389,44.14509769878106,0.46936119399453624,0.09166983979055046,-0.018514,0.34504243589088424,0.044286,0,1.0
92,0.0008174741554985085,0.02057212956349043,0.012494,1.600149459561681,3.485910062937601,-34.35282508719449,-0.09541412599521903,-1.4143194917351978,0.3901156796500694,-43.96897696202191,-0.6817982044692934,82.32885243271144,-0.3631405746572389,29.89058175967202,0.46936119399453624,-0.09141004155727457,-0.018514,0.08992084744161506,0.044286,1,1.0
93,0.08837934443396556,0.0352852085886578,0.012494,1.600149459561681,3.485910062937601,-22.57994984997682,-0.09541412599521903,-4.109055714952456,0.3901156796500694,-6.799051143457857,-0.6817982044692934,35.828615134658065,-0.3631405746572389,14.19463303739369,0.46936119399453624,-0.11632800290032197,-0.018514,0.11573102424367915,0.044286,1,1.0
94,0.10287408069842002,0.010896966497493178,0.012494,1.600149459561681,3.485910062937601,-23.248514302789008,-0.09541412599521903,4.537261486460649,0.3901156796500694,-43.95880055192932,-0.6817982044692934,32.862524689626945,-0.3631405746572389,31.27290238616242,0.46936119399453624,-0.05339852628947231,-0.018514,0.06133654655101228,0.044286,1,1.0
95,0.3221120821806258,0.02485185545810394,0.012494,1.600149459561681,3.485910062937601,-43.715101803577284,-0.09541412599521903,8.274446204750694,0.3901156796500694,-64.66187470989725,-0.6817982044692934,30.39117737958292,-0.3631405746572389,56.686111536497016,0.46936119399453624,-0.10396254897576797,-0.018514,0.1040740979863602,0.044286,1,1.0
96,0.0010549701661607402,0.08842345355152645,0.012494,1.600149459561681,3.485910062937601,73.7893620110104,-0.09541412599521903,17.01903132549638,0.3901156796500694,-66.36086642872394,-0.6817982044692934,93.13324517284414,-0.3631405746572389,-22.804335154608683,0.46936119399453624,0.5612780531429098,-0.018514,0.6851146636037906,0.044286,0,1.0
97,0.029888712440614196,0.03990366895632439,0.012494,1.600149459561681,3.485910062937601,48.607506688380404,-0.09541412599521903,21.727572920724654,0.3901156796500694,-98.67731696164303,-0.6817982044692934,99.83506592388436,-0.3631405746572389,4.173228529559708,0.46936119399453624,0.432591251429565,-0.018514,0.6058940538515093,0.044286,0,1.0
98,0.32254891491708193,0.03658873498082228,0.012494,1.600149459561681,3.485910062937601,-41.57075838162357,-0.09541412599521903,9.434130902000156,0.3901156796500694,-67.8114913979424,-0.6817982044692934,24.801587316164,-0.3631405746572389,57.75377696023207,0.46936119399453624,-0.12984169262908757,-0.018514,0.13112153459532094,0.044286,1,1.0
99,0.004180327061026778,0.11261342955222033,0.012494,1.600149459561681,3.485910062937601,78.7717496093295,-0.09541412599521903,7.25561378532738,0.3901156796500694,-13.257332940935276,-0.6817982044692934,54.65416767823497,-0.3631405746572389,-42.739320853589994,0.46936119399453624,0.3905259820521631,-0.018514,0.7271249419414232,0.044286,0,1.0
100,0.02626227444480711,0.12588282547004004,0.012494,2.459242111292193,3.0947272010640288,47.182296395263776,-0.09541412599521903,12.807677900953847,0.3901156796500694,-99.17073130728444,-0.6817982044692934,66.76703235532183,-0.3631405746572389,24.68541798040835,0.46936119399453624,0.3161831455939217,-0.018514,0.3376198342868313,0.044286,0,1.0
101,0.01964922174947109,0.019586773284924364,0.012494,2.459242111292193,3.0947272010640288,0.5401110219503298,-0.09541412599521903,4.017709869480559,0.3901156796500694,-34.29391493713474,-0.6817982044692934,13.277241024492078,-0.3631405746572389,18.261819578784,0.46936119399453624,-0.09026973257687917,-0.018514,0.08941813486348485,0.044286,1,1.0
102,0.0009733477615009312,0.12454629937466835,0.012494,2.459242111292193,3.0947272010640288,46.246951666436445,-0.09541412599521903,10.21689752896516,0.3901156796500694,-50.7992345777748,-0.6817982044692934,0.2788575382156919,-0.3631405746572389,6.067802731729245,0.46936119399453624,-0.08089974833178767,-0.018514,0.24502445381115287,0.044286,1,1.0
103,0.0069463377290668316,0.11998707316734443,0.012494,2.459242111292193,3.0947272010640288,57.20390729810899,-0.09541412599521903,9.429181289638986,0.3901156796500694,-36.28225208315805,-0.6817982044692934,-10.938767333207403,-0.3631405746572389,-5.728932309614574,0.46936119399453624,-0.022047037772946948,-0.018514,0.23735418133585343,0.044286,1,1.0
104,0.49820492491134344,0.04557020763141449,0.012494,2.459242111292193,3.0947272010640288,-42.3721599606226,-0.09541412599521903,0.4392133199679714,0.3901156796500694,-6.397700347349472,-0.6817982044692934,-14.134374318644964,-0.3631405746572389,37.334163829648986,0.46936119399453624,-0.02057871702027451,-0.018514,0.019584622651133966,0.044286,1,1.0
105,0.2726300871995658,0.017625155091584365,0.012494,2.459242111292193,3.0947272010640288,-37.76262386135573,-0.09541412599521903,-0.7958038587535436,0.3901156796500694,-8.776701411110109,-0.6817982044692934,6.877379269903568,-0.3631405746572389,28.479039774720455,0.46936119399453624,-0.03767471176786281,-0.018514,0.038471636260812604,0.044286,1,1.0
106,0.04786818900302847,0.13819368061823223,0.012494,2.459242111292193,3.0947272010640288,45.58893220003794,-0.09541412599521903,11.232631432071335,0.3901156796500694,-67.23098425168314,-0.6817982044692934,18.5501124197395,-0.3631405746572389,14.703411188113826,0.46936119399453624,0.03644278752997872,-0.018514,0.27946326029436913,0.044286,0,1.0
107,0.4070691983392707,0.08086691933223164,0.012494,2.459242111292193,3.0947272010640288,-5.294046778537778,-0.09541412599521903,9.325813076588247,0.3901156796500694,-53.740764809951564,-0.6817982044692934,-13.92097590715269,-0.3631405746572389,44.14611959847176,0.46936119399453624,-0.19304207165129686,-0.018514,0.1925049146228001,0.044286,1,1.0
108,0.13147708190793395,0.0539991932775563,0.012494,2.459242111292193,3.0947272010640288,-38.29872789345383,-0.09541412599521903,7.42907884224296,0.3901156796500694,-95.77297141625834,-0.6817982044692934,62.34124056191464,-0.3631405746572389,68.48801933030069,0.46936119399453624,-0.14916973201969072,-0.018514,0.14969293391568558,0.044286,1,1.0
109,0.003245142551002167,0.12854046346930373,0.012494,2.459242111292193,3.0947272010640288,71.17348409396554,-0.09541412599521903,9.138437112956304,0.3901156796500694,-28.65848377882739,-0.6817982044692934,-13.872076665928192,-0.3631405746572389,-16.20423076978961,0.46936119399453624,0.0845232037347527,-0.018514,0.248185265524484,0.044286,0,1.0
110,0.06086228192485299,0.06844385479772931,0.012494,2.459242111292193,3.0947272010640288,99.18417754177312,-0.09541412599521903,15.385741983887788,0.3901156796500694,-89.42029160114394,-0.6817982044692934,51.63611389881925,-0.3631405746572389,-3.235415852101212,0.46936119399453624,0.4336985566499043,-0.018514,0.5891450352198624,0.044286,0,1.0
111,0.004898370137551233,0.056990869180561586,0.012494,2.459242111292193,3.0947272010640288,14.670079311032007,-0.09541412599521903,5.042699235098722,0.3901156796500694,-38.73257886829991,-0.6817982044692934,14.125605211710571,-0.3631405746572389,14.215572348310085,0.46936119399453624,-0.0478460861391259,-0.018514,0.13332074321707632,0.044286,1,1.0
112,0.24180580368786425,0.03340528467105545,0.012494,2.459242111292193,3.0947272010640288,-33.907839481941494,-0.09541412599521903,7.049233451418746,0.3901156796500694,-71.0564744500813,-0.6817982044692934,34.503573506015314,-0.3631405746572389,56.62964286923406,0.46936119399453624,-0.12622495038827855,-0.018514,0.12804483053718987,0.044286,1,1.0
113,0.32499909576393704,0.17317814498257394,0.012494,2.459242111292193,3.0947272010640288,27.684363650721576,-0.09541412599521903,12.717544412675306,0.3901156796500694,-68.4507457664515,-0.6817982044692934,-16.936181560921494,-0.3631405746572389,36.569560292189124,0.46936119399453624,-0.21962849646785365,-0.018514,0.30017061922751154,0.044286,1,1.0
114,0.012807065426589825,0.01897655298360977,0.012494,2.459242111292193,3.0947272010640288,-56.58535180707545,-0.09541412599521903,2.1148480931057367,0.3901156796500694,-71.65598716914415,-0.6817982044692934,80.25808621920213,-0.3631405746572389,56.97167380440456,0.46936119399453624,-0.008203499787975608,-0.018514,0.034092065723668824,0.044286,1,1.0
115,0.013613485205616782,0.12852865934348268,0.012494,2.459242111292193,3.0947272010640288,99.36389212317069,-0.09541412599521903,12.089883706606864,0.3901156796500694,-50.86378503346741,-0.6817982044692934,12.855082388429356,-0.3631405746572389,-20.523330531526298,0.46936119399453624,0.3501436991727718,-0.018514,0.40204638070180193,0.044286,0,1.0
116,0.01996930951657999,0.024237643128132813,0.012494,2.459242111292193,3.0947272010640288,18.169759187084207,-0.09541412599521903,4.281823608426662,0.3901156796500694,-20.474834167599965,-0.6817982044692934,-7.399537584783499,-0.3631405746572389,4.937946297764385,0.46936119399453624,-0.10636402329423358,-0.018514,0.10619073999808762,0.044286,1,1.0
117,0.0797893830654397,0.12520022633963043,0.012494,2.459242111292193,3.0947272010640288,99.31102537926866,-0.09541412599521903,15.185340182127321,0.3901156796500694,-69.73955852924378,-0.6817982044692934,17.292092148382586,-0.3631405746572389,-9.993291056114026,0.46936119399453624,0.3712476999529065,-0.018514,0.41820537343543973,0.044286,0,1.0
118,0.0002745348014906446,0.15289117009335657,0.012494,2.459242111292193,3.0947272010640288,83.54069917652002,-0.09541412599521903,8.4603498053528,0.3901156796500694,-38.81886127887505,-0.6817982044692934,18.163991483400498,-0.3631405746572389,-19.449751117310484,0.46936119399453624,0.26786066870470354,-0.018514,0.43542454117849544,0.044286,0,1.0
119,0.006382411141641731,0.11542676839446546,0.012494,2.459242111292193,3.0947272010640288,99.72208823379893,-0.09541412599521903,12.668813968944558,0.3901156796500694,-59.917659686848076,-0.6817982044692934,25.12337257727647,-0.3631405746572389,-17.576325872007516,0.46936119399453624,0.36735077902474245,-0.018514,0.4651086472806376,0.044286,0,1.0
120,1.2890509319667647,0.2862665716546469,0.012494,2.459242111292193,3.0947272010640288,-55.66583630411014,-0.09541412599521903,10.177239440067506,0.3901156796500694,-55.230529428195226,-0.6817982044692934,-61.14733388971004,-0.3631405746572389,98.77330430742134,0.46936119399453624,-0.21124525463742524,-0.018514,0.21198516086261973,0.044286,1,1.0
121,0.32767189602437075,0.015134428973829403,0.012494,2.459242111292193,3.0947272010640288,-39.60509273870678,-0.09541412599521903,2.4651730903800826,0.3901156796500694,-34.724986210471364,-0.6817982044692934,14.281073031376422,-0.3631405746572389,44.450867941904875,0.46936119399453624,-0.03558873434291106,-0.018514,0.03424518768450881,0.044286,1,1.0
122,0.5072846711509116,0.2038898017938545,0.012494,2.459242111292193,3.0947272010640288,94.77397603766524,-0.09541412599521903,19.876129014385032,0.3901156796500694,-92.9318391409853,-0.6817982044692934,-5.198995490720237,-0.3631405746572389,19.815906012802298,0.46936119399453624,0.3326721286544923,-0.018514,0.5240712785643129,0.044286,0,1.0
123,0.0063928380448941,0.06350940620332063,0.012494,2.459242111292193,3.0947272010640288,99.82079777737368,-0.09541412599521903,14.254313073545626,0.3901156796500694,-89.43917475879675,-0.6817982044692934,60.399034901854805,-0.3631405746572389,-4.932284436979641,0.46936119399453624,0.42054007775204744,-0.018514,0.6305735091207023,0.044286,0,1.0
124,0.009395365520034393,0.07071999988867417,0.012494,2.459242111292193,3.0947272010640288,23.204179507221273,-0.09541412599521903,7.361877934611805,0.3901156796500694,-44.92885042236999,-0.6817982044692934,1.0973100424198123,-0.3631405746572389,15.433056216982097,0.46936119399453624,-0.17750402856983963,-0.018514,0.1787658645394208,0.044286,1,1.0
125,0.02638789788839979,0.13382357757598046,0.012494,2.459242111292193,3.0947272010640288,99.52326877238913,-0.09541412599521903,13.346684114353465,0.3901156796500694,-55.88410626371673,-0.6817982044692934,6.855793238833423,-0.3631405746572389,-16.795428571112748,0.46936119399453624,0.3110877383059902,-0.018514,0.37281611733148085,0.044286,0,1.0
126,0.21556689772593907,0.09533851206954226,0.012494,2.459242111292193,3.0947272010640288,96.08884118195333,-0.09541412599521903,17.319741956252727,0.3901156796500694,-96.99161726838561,-0.6817982044692934,37.32061076940889,-0.3631405746572389,8.607208302805065,0.46936119399453624,0.47454952683102386,-0.018514,0.5012075742479803,0.044286,0,1.0
127,0.20264431956952783,0.005464516014811987,0.012494,2.459242111292193,3.0947272010640288,-30.67003605875175,-0.09541412599521903,0.6611364887180595,0.3901156796500694,-19.568459036394014,-0.6817982044692934,13.083545709029872,-0.3631405746572389,28.69744915343639,0.46936119399453624,-0.010118663196129687,-0.018514,0.010141704323534803,0.044286,1,1.0
128,0.10239333590483524,0.16333321823260172,0.012494,2.459242111292193,3.0947272010640288,82.83621525004251,-0.09541412599521903,12.220888957607885,0.3901156796500694,-40.022673284280316,-0.6817982044692934,-24.75768335135862,-0.3631405746572389,-11.303630189707116,0.46936119399453624,0.046264362338906295,-0.018514,0.32451507839433946,0.044286,0,1.0
129,0.08816456523560823,0.04342157759453019,0.012494,2.459242111292193,3.0947272010640288,24.612424584671547,-0.09541412599521903,6.372025054690542,0.3901156796500694,-19.02013663755248,-0.6817982044692934,-21.13531700214647,-0.3631405746572389,2.4819692732815777,0.46936119399453624,-0.1281386097674653,-0.018514,0.13757070290854803,0.044286,1,1.0
130,0.36860655607881254,0.043905415292890305,0.012494,2.459242111292193,3.0947272010640288,-52.046615753856635,-0.09541412599521903,7.382868875896516,0.3901156796500694,-89.21920944364173,-0.6817982044692934,45.79794207742264,-0.3631405746572389,78.76104706847087,0.46936119399453624,-0.1367625873320901,-0.018514,0.13764908239909976,0.044286,1,1.0
131,0.23504139109600306,0.04077200495864458,0.012494,2.459242111292193,3.0947272010640288,-75.08905008892837,-0.09541412599521903,-2.1954019346151026,0.3901156796500694,-27.38928833951517,-0.6817982044692934,48.84372782220528,-0.3631405746572389,48.587895320550274,0.46936119399453624,-0.11709351599468626,-0.018514,0.11973227712590401,0.044286,1,1.0
132,0.017951898106977282,0.09367301576091008,0.012494,2.459242111292193,3.0947272010640288,0.6371954065098514,-0.09541412599521903,7.637349643342696,0.3901156796500694,-63.59521196490619,-0.6817982044692934,43.39940834021603,-0.3631405746572389,27.690128703973574,0.46936119399453624,0.015245702267354833,-0.018514,0.17968689112526487,0.044286,0,1.0
133,0.07121315050768472,0.003422829788364486,0.012494,2.459242111292193,3.0947272010640288,-43.36742694058266,-0.09541412599521903,0.04960105402612129,0.3901156796500694,-35.5185328764246,-0.6817982044692934,44.4470291183028,-0.3631405746572389,36.35229407921898,0.46936119399453624,-0.028010176148135384,-0.018514,0.028976840674618323,0.044286,1,1.0
134,0.07485001769065347,0.11139618753753215,0.012494,2.459242111292193,3.0947272010640288,68.15409115870975,-0.09541412599521903,14.263573656009042,0.3901156796500694,-99.53035426619194,-0.6817982044692934,59.65544859741254,-0.3631405746572389,17.54462400692605,0.46936119399453624,0.3866220860659664,-0.018514,0.4166406929508566,0.044286,0,1.0
135,0.03617364683541702,0.10646682467879752,0.012494,2.459242111292193,3.0947272010640288,10.427428105240484,-0.09541412599521903,9.490988478546717,0.3901156796500694,-72.35507907261797,-0.6817982044692934,38.846109749451884,-0.3631405746572389,29.67955381965127,0.46936119399453624,-0.007068565041015593,-0.018514,0.21157088894993992,0.044286,1,1.0
136,0.19516569992288113,0.1251459027478857,0.012494,2.459242111292193,3.0947272010640288,32.018043307044046,-0.09541412599521903,11.056679543873058,0.3901156796500694,-49.107455863108505,-0.6817982044692934,-24.665185906080453,-0.3631405746572389,20.192382676160566,0.46936119399453624,-0.24754894402042452,-0.018514,0.24816428120703274,0.044286,1,1.0
137,0.004890568727801747,0.18672910411505703,0.012494,2.459242111292193,3.0947272010640288,63.259830499733056,-0.09541412599521903,4.749221308311209,0.3901156796500694,-16.891860486900153,-0.6817982044692934,13.414538472981368,-0.3631405746572389,-22.01898429520536,0.46936119399453624,0.17319026833912127,-0.018514,0.42155408762376295,0.044286,0,1.0
138,0.404624992902619,0.08893420855742784,0.012494,2.459242111292193,3.0947272010640288,38.879714676869774,-0.09541412599521903,7.5478240642968375,0.3901156796500694,-3.047270727960772,-0.6817982044692934,-71.77795397219029,-0.3631405746572389,3.4428260235400847,0.46936119399453624,-0.19149381130358908,-0.018514,0.1931541698757315,0.044286,1,1.0
139,-0.0001440123214573319,0.10305821361589958,0.012494,2.459242111292193,3.0947272010640288,47.637708832525554,-0.09541412599521903,8.572174379939602,0.3901156796500694,-35.41841605368197,-0.6817982044692934,-14.986217620730644,-0.3631405746572389,-0.17409215476052106,0.46936119399453624,-0.1360335937389981,-0.018514,0.21692608381897066,0.044286,1,1.0
140,0.005869705460100988,0.05601074475668884,0.012494,2.459242111292193,3.0947272010640288,3.2920081519752733,-0.09541412599521903,2.4731104017289893,0.3901156796500694,-29.315202130577923,-0.6817982044692934,22.69042521778399,-0.3631405746572389,13.136721768032366,0.46936119399453624,0.03662963758292841,-0.018514,0.0852297395419256,0.044286,0,1.0
141,0.4219740247160925,0.1464243305179063,0.012494,2.459242111292193,3.0947272010640288,8.998393509239035,-0.09541412599521903,11.10905028001053,0.3901156796500694,-67.31418351307978,-0.6817982044692934,-15.252710029069322,-0.3631405746572389,47.93326555457227,0.46936119399453624,-0.2263805985282131,-0.018514,0.266369478843011,0.044286,1,1.0
142,0.6384596618558316,0.23416298964357976,0.012494,2.459242111292193,3.0947272010640288,1.9813612763790736,-0.09541412599521903,15.491597449701096,0.3901156796500694,-86.56185142068266,-0.6817982044692934,-27.72519615802049,-0.3631405746572389,67.33976228340147,0.46936119399453624,-0.3265775037854039,-0.018514,0.33423535350766737,0.044286,1,1.0
143,-0.0008469529811592214,0.07266506287035675,0.012494,2.459242111292193,3.0947272010640288,7.463115205422878,-0.09541412599521903,2.8453983655233666,0.3901156796500694,-29.513064286446955,-0.6817982044692934,24.069954270435264,-0.3631405746572389,10.410159714197505,0.46936119399453624,0.07153569586241144,-0.018514,0.0956158986677507,0.044286,0,1.0
144,0.008664840484720715,0.12249937621228084,0.012494,2.459242111292193,3.0947272010640288,42.50538369058765,-0.09541412599521903,9.150099563613322,0.3901156796500694,-57.75830404928394,-0.6817982044692934,23.17409397288637,-0.3631405746572389,9.57456504057533,0.46936119399453624,0.09822322685286382,-0.018514,0.2384812275824028,0.044286,0,1.0
145,0.07063491086938706,0.04780340456644974,0.012494,2.459242111292193,3.0947272010640288,47.49467741473807,-0.09541412599521903,5.739542310073837,0.3901156796500694,-0.8347479935903759,-0.6817982044692934,-45.38362869747582,-0.3631405746572389,-14.115434977044059,0.46936119399453624,-0.14467585984500575,-0.018514,0.15040629702528552,0.044286,1,1.0
146,-0.0002727815690761748,0.11896899290243707,0.012494,2.459242111292193,3.0947272010640288,99.97014762828796,-0.09541412599521903,13.690795418369905,0.3901156796500694,-62.289161286916546,-0.6817982044692934,21.003342528335526,-0.3631405746572389,-16.781714449729318,0.46936119399453624,0.3710734218310808,-0.018514,0.41017732010653923,0.044286,0,1.0
147,0.4606045019368294,0.07595191026077097,0.012494,2.459242111292193,3.0947272010640288,1.7028914036580853,-0.09541412599521903,8.291593451796333,0.3901156796500694,-33.45594609957751,-0.6817982044692934,-34.61383648968347,-0.3631405746572389,33.16957648811658,0.46936119399453624,-0.17334980299892921,-0.018514,0.1726509030040203,0.044286,1,1.0
148,0.5664625386954614,0.048890736106629175,0.012494,2.459242111292193,3.0947272010640288,-56.63150164394333,-0.09541412599521903,2.796227300566674,0.3901156796500694,-32.092042788777725,-0.6817982044692934,2.0768405934100476,-0.3631405746572389,57.374424472297186,0.46936119399453624,-0.04025730374577483,-0.018514,0.04439664920683071,0.044286,1,1.0
149,0.1875186689488595,0.028287473755874294,0.012494,2.459242111292193,3.0947272010640288,-8.436335333441791,-0.09541412599521903,5.919130064289768,0.3901156796500694,-42.61225501773569,-0.6817982044692934,6.504646786453343,-0.3631405746572389,31.14868923446988,0.46936119399453624,-0.11518361116764887,-0.018514,0.11723818112553909,0.044286,1,1.0
150,0.006538757048409005,0.05185714939502906,0.012494,2.459242111292193,3.0947272010640288,95.30502870107715,-0.09541412599521903,15.530860106219773,0.3901156796500694,-99.28715048094405,-0.6817982044692934,64.95124055672706,-0.3631405746572389,1.3775132062488784,0.46936119399453624,0.43708648495700597,-0.018514,0.5837531776696792,0.044286,0,1.0
151,0.17056048932931,0.18327421676943909,0.012494,2.459242111292193,3.0947272010640288,64.6028313421768,-0.09541412599521903,12.183963201561232,0.3901156796500694,-40.563594451456126,-0.6817982044692934,-44.06619986248245,-0.3631405746572389,3.2316986903079217,0.46936119399453624,-0.23065841309403406,-0.018514,0.3098291772920842,0.044286,1,1.0
152,0.33270856840994567,0.04844030212745768,0.012494,2.459242111292193,3.0947272010640288,-7.009860229803621,-0.09541412599521903,6.682026585254548,0.3901156796500694,-39.82153185202412,-0.6817982044692934,-9.043848262242749,-0.3631405746572389,34.78626897256825,0.46936119399453624,-0.1187279017716035,-0.018514,0.13793140341242024,0.044286,1,1.0
153,0.03304016979779123,0.11274637783400603,0.012494,2.459242111292193,3.0947272010640288,17.819894491970732,-0.09541412599521903,10.303911376619682,0.3901156796500694,-72.22323923232805,-0.6817982044692934,26.16270461614659,-0.3631405746572389,28.670904806903156,0.46936119399453624,-0.10089599738768087,-0.018514,0.22772890167223628,0.044286,1,1.0
154,8.951918703226092e-05,0.08708826037863529,0.012494,2.459242111292193,3.0947272010640288,44.69309974242114,-0.09541412599521903,3.945905185079044,0.3901156796500694,-10.535964108786422,-0.6817982044692934,-11.9424602412165,-0.3631405746572389,-12.016425505686348,0.46936119399453624,0.03299162070498492,-0.018514,0.15906619945785733,0.044286,0,1.0
155,0.3122158439720699,0.1904418814281254,0.012494,2.459242111292193,3.0947272010640288,87.14990882276746,-0.09541412599521903,16.226946503967078,0.3901156796500694,-74.39742088137744,-0.6817982044692934,-7.083487817608213,-0.3631405746572389,9.446042765174376,0.46936119399453624,0.2053649128317897,-0.018514,0.4397279191326894,0.044286,0,1.0
156,0.23788510327495613,0.00922065849052751,0.012494,2.459242111292193,3.0947272010640288,-85.89409021443792,-0.09541412599521903,1.8599719992072585,0.3901156796500694,-79.46157383429629,-0.6817982044692934,82.27340630556928,-0.3631405746572389,80.4789038694541,0.46936119399453624,-0.027295262483469505,-0.018514,0.028997440267931305,0.044286,1,1.0
157,0.21685563065318217,0.00827383434288496,0.012494,2.459242111292193,3.0947272010640288,-20.316356611783394,-0.09541412599521903,0.717993612940256,0.3901156796500694,-7.223578345402318,-0.6817982044692934,-2.921183415332512,-0.3631405746572389,18.800750726950696,0.46936119399453624,-0.017055039746211604,-0.018514,0.016766479780400096,0.044286,1,1.0
158,0.34237982590813965,0.22016100621012025,0.012494,2.459242111292193,3.0947272010640288,81.7517779416988,-0.09541412599521903,15.669460914588422,0.3901156796500694,-53.14561029757136,-0.6817982044692934,-37.42445613244325,-0.3631405746572389,3.2170034265947915,0.46936119399453624,0.03953313520109733,-0.018514,0.39332645540916145,0.044286,0,1.0
159,0.024919629569058355,0.08595459003844265,0.012494,2.459242111292193,3.0947272010640288,75.5378127391825,-0.09541412599521903,12.78966548351734,0.3901156796500694,-99.52860584742832,-0.6817982044692934,83.09687754444623,-0.3631405746572389,10.026244465566865,0.46936119399453624,0.37988827924006563,-0.018514,0.6690585453789554,0.044286,0,1.0
160,-0.0006891064473555364,0.06544169184633317,0.012494,2.459242111292193,3.0947272010640288,46.31156990315955,-0.09541412599521903,7.050065669270609,0.3901156796500694,-13.685521805228833,-0.6817982044692934,-30.930333006416312,-0.3631405746572389,-11.15170154024853,0.46936119399453624,-0.1473234108424288,-0.018514,0.1657863032199741,0.044286,1,1.0
161,0.13115474998720222,0.06279909148498768,0.012494,2.459242111292193,3.0947272010640288,15.378809176638407,-0.09541412599521903,7.450547294974575,0.3901156796500694,-43.70274876167218,-0.6817982044692934,-5.273289442464166,-0.3631405746572389,22.03435506526563,0.46936119399453624,-0.16831047654409662,-0.018514,0.17481441751380636,0.044286,1,1.0
162,0.055985241130627084,0.024359755356229487,0.012494,2.459242111292193,3.0947272010640288,-45.6592191580318,-0.09541412599521903,-2.3765361150997206,0.3901156796500694,-10.387645766684939,-0.6817982044692934,35.08150510015453,-0.3631405746572389,22.394588261629412,0.46936119399453624,-0.10635545541360629,-0.018514,0.10631052831804784,0.044286,1,1.0
163,0.1433643398384038,0.0420898805612723,0.012494,2.459242111292193,3.0947272010640288,-12.279671934215084,-0.09541412599521903,7.135394672656982,0.3901156796500694,-61.408153624495064,-0.6817982044692934,22.927325294040592,-0.3631405746572389,40.733623064653756,0.46936119399453624,-0.14254187563586984,-0.018514,0.14327440996468166,0.044286,1,1.0
164,0.6964409003832479,0.21859054278562295,0.012494,2.459242111292193,3.0947272010640288,-0.426019881881495,-0.09541412599521903,15.25926038475209,0.3901156796500694,-70.92784315825473,-0.6817982044692934,-41.28959600057638,-0.3631405746572389,60.22421119895776,0.46936119399453624,-0.30444944693641013,-0.018514,0.3082989398860783,0.044286,1,1.0
165,-8.544147920613865e-05,0.15412268873942497,0.012494,2.459242111292193,3.0947272010640288,25.795072376573735,-0.09541412599521903,1.774708332010704,0.3901156796500694,-1.167270289348219,-0.6817982044692934,9.601290991723527,-0.3631405746572389,-14.968256114361239,0.46936119399453624,0.046199299998717164,-0.018514,0.28014810761774167,0.044286,0,1.0
166,0.010139907198297465,0.007905349762971822,0.012494,2.459242111292193,3.0947272010640288,16.050149270203267,-0.09541412599521903,2.1933362084764174,0.3901156796500694,-5.256334738203529,-0.6817982044692934,-11.503225214766182,-0.3631405746572389,-2.35917468245096,0.46936119399453624,-0.06175157778116714,-0.018514,0.061746242137801284,0.044286,1,1.0
167,0.24448190623377386,0.016917998065385898,0.012494,2.459242111292193,3.0947272010640288,-59.23607204696235,-0.09541412599521903,4.803626453410285,0.3901156796500694,-82.15369294843664,-0.6817982044692934,61.220923978534735,-0.3631405746572389,73.00087885485237,0.46936119399453624,-0.07744340466931048,-0.018514,0.07758467574528737,0.044286,1,1.0
168,0.08621837064468962,0.025065791048126614,0.012494,2.459242111292193,3.0947272010640288,-67.11416143968066,-0.09541412599521903,-2.869919728242904,0.3901156796500694,-31.239853156647992,-0.6817982044692934,60.43764195455766,-0.3631405746572389,43.336630444584834,0.46936119399453624,-0.10108762492722409,-0.018514,0.10181696791172598,0.044286,1,1.0
169,0.00011407461086387904,0.10309439908886014,0.012494,2.459242111292193,3.0947272010640288,99.27165208575055,-0.09541412599521903,13.775633341975936,0.3901156796500694,-69.93129758886802,-0.6817982044692934,33.167651106494404,-0.3631405746572389,-13.395744726051555,0.46936119399453624,0.38740593824874986,-0.018514,0.47434055372400924,0.044286,0,1.0
170,0.3262402317426143,0.22147688888234585,0.012494,2.459242111292193,3.0947272010640288,59.947871676594914,-0.09541412599521903,15.031624703462239,0.3901156796500694,-58.43061002078178,-0.6817982044692934,-37.30513058523686,-0.3631405746572389,16.769285175054026,0.46936119399453624,-0.1542419684975314,-0.018514,0.35859409440094275,0.044286,1,1.0
171,0.003975515815274555,0.07609872330167555,0.012494,2.459242111292193,3.0947272010640288,85.1207666167415,-0.09541412599521903,12.628243677963532,0.3901156796500694,-96.09965031446201,-0.6817982044692934,79.91955142921714,-0.3631405746572389,4.211623832013338,0.46936119399453624,0.3874134725016941,-0.018514,0.6972221321401032,0.044286,0,1.0
172,0.281038735478444,0.053051948237583524,0.012494,2.459242111292193,3.0947272010640288,28.748739884124056,-0.09541412599521903,5.898627226586599,0.3901156796500694,-6.118494410866237,-0.6817982044692934,-48.38279954346926,-0.3631405746572389,3.464099321367297,0.46936119399453624,-0.13386674987705408,-0.018514,0.1475922124134287,0.044286,1,1.0
173,0.39145562519317334,0.08319530307945666,0.012494,2.459242111292193,3.0947272010640288,-2.6116008633967525,-0.09541412599521903,7.350747484848241,0.3901156796500694,-49.20878420745132,-0.6817982044692934,-12.433604138568992,-0.3631405746572389,42.62268768624768,0.46936119399453624,-0.17047548651386932,-0.018514,0.1885058683900198,0.044286,1,1.0
174,0.6460560995890037,0.08084963659066714,0.012494,2.459242111292193,3.0947272010640288,-27.33339944872853,-0.09541412599521903,5.636627094422556,0.3901156796500694,-24.79877029871314,-0.6817982044692934,-34.24638477398666,-0.3631405746572389,46.591859473252036,0.46936119399453624,-0.10964531765858727,-0.018514,0.10353071172962298,0.044286,1,1.0
175,0.09024129785267265,0.09033189205425136,0.012494,2.459242111292193,3.0947272010640288,6.808495519954262,-0.09541412599521903,8.70616780209895,0.3901156796500694,-68.51152335783293,-0.6817982044692934,17.995000598531764,-0.3631405746572389,36.72030089661145,0.46936119399453624,-0.19564345980418915,-0.018514,0.2042076553429177,0.044286,1,1.0
176,0.1518390223729238,0.06735721658502167,0.012494,2.459242111292193,3.0947272010640288,-0.676707910551655,-0.09541412599521903,8.558120589216534,0.3901156796500694,-60.5215193001805,-0.6817982044692934,14.4865066296168,-0.3631405746572389,35.27367535392611,0.46936119399453624,-0.14433779038637837,-0.018514,0.17596118476341646,0.044286,1,1.0
177,0.5465200471431757,0.1568683395397273,0.012494,2.459242111292193,3.0947272010640288,32.67115170478834,-0.09541412599521903,11.557950380984213,0.3901156796500694,-27.150240806290437,-0.6817982044692934,-71.54242275093091,-0.3631405746572389,22.069562232874535,0.46936119399453624,-0.25825715678761446,-0.018514,0.25987723058020756,0.044286,1,1.0
178,0.016264735816251652,0.12390896263795351,0.012494,2.459242111292193,3.0947272010640288,62.68332877932491,-0.09541412599521903,11.893127170625997,0.3901156796500694,-92.63434569128552,-0.6817982044692934,84.94796259034375,-0.3631405746572389,9.743560651384282,0.46936119399453624,0.32979006144413964,-0.018514,0.6691539791914678,0.044286,0,1.0
179,0.08657045979418443,0.006044882330545373,0.012494,2.459242111292193,3.0947272010640288,-4.701614036377075,-0.09541412599521903,2.5808888855289576,0.3901156796500694,-19.68651976773902,-0.6817982044692934,3.852453452544109,-0.3631405746572389,14.773158085592542,0.46936119399453624,-0.049510306149144076,-0.018514,0.05133161694214165,0.044286,1,1.0
180,0.6512697733844715,0.43914721824127495,0.012494,2.459242111292193,3.0947272010640288,72.45447946067547,-0.09541412599521903,21.633267928180526,0.3901156796500694,-81.06268543198439,-0.6817982044692934,-70.71030547459911,-0.3631405746572389,36.14847950239341,0.46936119399453624,-0.3025291195719848,-0.018514,0.5087250396383973,0.044286,1,1.0
181,0.21715193443498737,0.022740952421169813,0.012494,2.459242111292193,3.0947272010640288,-53.11333203242713,-0.09541412599521903,5.8961822226121985,0.3901156796500694,-85.45408466435353,-0.6817982044692934,60.08913308121086,-0.3631405746572389,70.93232551939822,0.46936119399453624,-0.09971958528231654,-0.018514,0.09994755156161876,0.044286,1,1.0
182,0.14441487424459787,0.09055385533380365,0.012494,2.459242111292193,3.0947272010640288,88.84109514089657,-0.09541412599521903,15.819619005949876,0.3901156796500694,-95.35070065847393,-0.6817982044692934,49.1969914359812,-0.3631405746572389,7.759351548933517,0.46936119399453624,0.4380878194369569,-0.018514,0.5306997744523637,0.044286,0,1.0
183,0.2925882503894277,0.23667327181286138,0.012494,2.459242111292193,3.0947272010640288,67.94450355076964,-0.09541412599521903,15.964178755476478,0.3901156796500694,-66.57460747894655,-0.6817982044692934,-30.291946022594733,-0.3631405746572389,16.176806309481908,0.46936119399453624,-0.1228016521959282,-0.018514,0.38996400062279435,0.044286,1,1.0
184,0.271835165375247,0.013179268898895155,0.012494,2.459242111292193,3.0947272010640288,-56.58214604904504,-0.09541412599521903,0.4734572336827313,0.3901156796500694,-35.05211864781867,-0.6817982044692934,33.81086079653592,-0.3631405746572389,48.161899343660316,0.46936119399453624,-0.037854337961830076,-0.018514,0.03713176698925447,0.044286,1,1.0
185,0.01733378848431799,0.12854582502472395,0.012494,2.459242111292193,3.0947272010640288,66.02785421765509,-0.09541412599521903,9.279176260580062,0.3901156796500694,-33.53405147567387,-0.6817982044692934,-8.621552660061736,-0.3631405746572389,-11.441479858323202,0.46936119399453624,0.0882026805527403,-0.018514,0.2478114802103297,0.044286,0,1.0
186,0.14608472586450277,0.015680553291262604,0.012494,2.459242111292193,3.0947272010640288,-58.43182340624359,-0.09541412599521903,4.798729977057952,0.3901156796500694,-84.83408618505206,-0.6817982044692934,71.22628625958353,-0.3631405746572389,69.62764639712987,0.46936119399453624,-0.07441746917960902,-0.018514,0.07352624626909922,0.044286,1,1.0
187,0.5872826578014977,0.07841761051233939,0.012494,2.459242111292193,3.0947272010640288,-26.165357472037243,-0.09541412599521903,7.113317427540391,0.3901156796500694,-49.62330192549171,-0.6817982044692934,-15.14506193977848,-0.3631405746572389,58.00562391447143,0.46936119399453624,-0.1476837688439796,-0.018514,0.15415462915503664,0.044286,1,1.0
188,0.26853987715865024,0.01833577169706026,0.012494,2.459242111292193,3.0947272010640288,-15.682045641871651,-0.09541412599521903,1.8319182080871454,0.3901156796500694,-4.199579020838393,-0.6817982044692934,-13.90022726788259,-0.3631405746572389,16.511267662568397,0.46936119399453624,-0.04021297148437098,-0.018514,0.04438541696204177,0.044286,1,1.0
189,0.1630486749193519,0.015247862882269337,0.012494,2.459242111292193,3.0947272010640288,6.4228578115727295,-0.09541412599521903,3.384562847128022,0.3901156796500694,-5.042581284405951,-0.6817982044692934,-21.132130450686926,-0.3631405746572389,5.1422129817842785,0.46936119399453624,-0.06990677474489404,-0.018514,0.06898959056651377,0.044286,1,1.0
190,0.02109938845049819,0.032227693096336336,0.012494,2.459242111292193,3.0947272010640288,-31.20033411632169,-0.09541412599521903,4.455395303882275,0.3901156796500694,-70.1049875969261,-0.6817982044692934,59.32966736568348,-0.3631405746572389,47.50385338145119,0.46936119399453624,-0.04625915993936751,-0.018514,0.08428219575966416,0.044286,1,1.0
191,0.6548130101246654,0.059005129549481686,0.012494,2.459242111292193,3.0947272010640288,-76.25101390025503,-0.09541412599521903,7.073762308678683,0.3901156796500694,-80.4710474884878,-0.6817982044692934,30.54132562830869,-0.3631405746572389,92.37061530799699,0.46936119399453624,-0.11198857257424476,-0.018514,0.11181443646072785,0.044286,1,1.0
192,0.2901613652641833,0.027438957589017026,0.012494,2.459242111292193,3.0947272010640288,-5.72918622749151,-0.09541412599521903,5.248741515128925,0.3901156796500694,-26.5926643587741,-0.6817982044692934,-13.827492945952699,-0.3631405746572389,25.925268181209336,0.46936119399453624,-0.10395455637175728,-0.018514,0.10431209690168049,0.044286,1,1.0
193,0.38590856431568976,0.018993936301137233,0.012494,2.459242111292193,3.0947272010640288,-47.06992013852787,-0.09541412599521903,2.19695174997609,0.3901156796500694,-37.79319740154094,-0.6817982044692934,16.362607749798226,-0.3631405746572389,51.418974799447305,0.46936119399453624,-0.028674507379141963,-0.018514,0.02859818477104232,0.044286,1,1.0
194,0.06223307071424,0.06331632673959019,0.012494,2.459242111292193,3.0947272010640288,97.07153903524987,-0.09541412599521903,15.363730437915171,0.3901156796500694,-95.80120539460583,-0.6817982044692934,56.517223611016696,-0.3631405746572389,1.8970195977564657,0.46936119399453624,0.44015022079985927,-0.018514,0.5774474973332173,0.044286,0,1.0
195,0.009778636117472095,0.026849794839416886,0.012494,2.459242111292193,3.0947272010640288,-42.16682600178573,-0.09541412599521903,-4.176617094961213,0.3901156796500694,-4.308098935268234,-0.6817982044692934,36.02757699394063,-0.3631405746572389,18.16200831462533,0.46936119399453624,-0.10820287058506478,-0.018514,0.1092182453181002,0.044286,1,1.0
196,0.08373435884859814,0.007464943701033925,0.012494,2.459242111292193,3.0947272010640288,-7.379379949930147,-0.09541412599521903,2.213197089952612,0.3901156796500694,-23.615599690031587,-0.6817982044692934,9.00332271654894,-0.3631405746572389,18.49375594721111,0.46936119399453624,-0.05068714389174042,-0.018514,0.05339052831246463,0.044286,1,1.0
197,0.016073463736809956,0.0748392098512842,0.012494,2.459242111292193,3.0947272010640288,-18.755919613853745,-0.09541412599521903,8.431172684394147,0.3901156796500694,-90.44554052588529,-0.6817982044692934,59.256976016022506,-0.3631405746572389,52.29746583494257,0.46936119399453624,-0.12153645377606687,-0.018514,0.16999181029086535,0.044286,1,1.0
198,0.0019083611948552681,0.1377522162512258,0.012494,2.459242111292193,3.0947272010640288,82.46708268571979,-0.09541412599521903,10.899377400931842,0.3901156796500694,-47.864405201053664,-0.6817982044692934,8.947690668247132,-0.3631405746572389,-13.64612042685489,0.46936119399453624,0.2587134126036821,-0.018514,0.31051993061726013,0.044286,0,1.0
199,0.5767318340732492,0.04213794869780973,0.012494,2.459242111292193,3.0947272010640288,-83.49993834856761,-0.09541412599521903,5.992320704664808,0.3901156796500694,-86.47480352342284,-0.6817982044692934,47.76970877661155,-0.3631405746572389,95.6953356381785,0.46936119399453624,-0.08885340892752264,-0.018514,0.0877548730229562,0.044286,1,1.0
200,-0.08748069384314494,0.5285934703875221,0.012494,1.053781742958659,1.4533862399266007,2.6110951871551538,-0.09541412599521903,7.61370520288542,0.3901156796500694,-27.971831973770833,-0.6817982044692934,11.40824842177361,-0.3631405746572389,7.963929418037468,0.46936119399453624,2.843231420827498,-0.018514,5.1670383840687695,0.044286,0,1.0
201,-6.607284897280904,13.237705885630891,0.012494,1.053781742958659,1.4533862399266007,62.92784055238851,-0.09541412599521903,16.246420393880417,0.3901156796500694,-30.30727416296316,-0.6817982044692934,27.21019744913057,-0.3631405746572389,-72.83361120644253,0.46936119399453624,14.772837669184977,-0.018514,29.870243022822994,0.044286,0,1.0
202,-5.61925520858272,12.309897944811418,0.012494,1.053781742958659,1.4533862399266007,63.146214804721495,-0.09541412599521903,9.518649368552916,0.3901156796500694,-0.08458098975075555,-0.6817982044692934,10.62980826056281,-0.3631405746572389,-80.41104972160484,0.46936119399453624,11.006254626671836,-0.018514,27.8000083159677,0.044286,0,1.0
203,-4.0984622711228,8.298300195852667,0.012494,1.053781742958659,1.4533862399266007,62.32710510135793,-0.09541412599521903,23.588505031203763,0.3901156796500694,-34.77564248349356,-0.6817982044692934,7.477147768888164,-0.3631405746572389,-57.01192523918249,0.46936119399453624,13.88524844424996,-0.018514,22.70216683605269,0.044286,0,1.0
204,-2.1800018542434394,4.468579695144544,0.012494,1.053781742958659,1.4533862399266007,70.57988103400945,-0.09541412599521903,44.279569257653094,0.3901156796500694,-77.65347357099853,-0.6817982044692934,-0.4160294700814038,-0.3631405746572389,-36.09651364243765,0.46936119399453624,8.374785455269516,-0.018514,30.099764527917294,0.044286,0,1.0
205,-4.263264860911251,8.900226190947977,0.012494,1.053781742958659,1.4533862399266007,19.342016033818847,-0.09541412599521903,10.346823163745977,0.3901156796500694,-63.53119609545746,-0.6817982044692934,50.84603756795548,-0.3631405746572389,-11.750581327108945,0.46936119399453624,7.667299700029906,-0.018514,25.91943408614911,0.044286,0,1.0
206,-0.3366023834050562,1.4010619017195698,0.012494,1.053781742958659,1.4533862399266007,72.24211219031963,-0.09541412599521903,41.1092952619268,0.3901156796500694,-43.182194710503516,-0.6817982044692934,-27.109795417492062,-0.3631405746572389,-43.489237802747674,0.46936119399453624,0.4501725857944283,-0.018514,29.20547854469256,0.044286,0,1.0
207,2.972564839944214,9.6583157200658,0.012494,1.053781742958659,1.4533862399266007,-38.276681594957616,-0.09541412599521903,0.8704586719045271,0.3901156796500694,-65.4886754683526,-0.6817982044692934,32.09109576945464,-0.3631405746572389,74.88111603175818,0.46936119399453624,-2.032656707359046,-0.018514,0.12339155873913654,0.044286,1,1.0
208,-2.163118815271658,4.357266543960329,0.012494,1.053781742958659,1.4533862399266007,27.96067397936673,-0.09541412599521903,5.994996134883653,0.3901156796500694,-0.005261920555087184,-0.6817982044692934,0.9037835518712167,-0.3631405746572389,-34.15239865605138,0.46936119399453624,5.243733614129798,-0.018514,10.078177581248934,0.044286,0,1.0
209,0.04590277185401348,1.0053144744259925,0.012494,1.053781742958659,1.4533862399266007,80.2797113552835,-0.09541412599521903,52.279280867599184,0.3901156796500694,-72.5519170028973,-0.6817982044692934,-24.46472272736504,-0.3631405746572389,-35.5481662257266,0.46936119399453624,0.2597243210405189,-0.018514,35.66657351569401,0.044286,0,1.0
210,-0.24757386699738237,0.588379537559691,0.012494,1.053781742958659,1.4533862399266007,21.23410628062506,-0.09541412599521903,13.422414769742575,0.3901156796500694,-22.010658501853122,-0.6817982044692934,-2.9784875644231703,-0.3631405746572389,-9.36202228525864,0.46936119399453624,1.471345526395817,-0.018514,9.506808160514188,0.044286,0,1.0
211,-1.5568729396962286,3.5662700096297617,0.012494,1.053781742958659,1.4533862399266007,5.485376012690452,-0.09541412599521903,12.379119024584657,0.3901156796500694,-59.85970277203845,-0.6817982044692934,34.177486697098146,-0.3631405746572389,11.33685660004477,0.46936119399453624,5.708130453384781,-0.018514,13.767509761904263,0.044286,0,1.0
212,3.3221323384585695,38.78339040699026,0.012494,1.053781742958659,1.4533862399266007,-68.6174000978672,-0.09541412599521903,-20.32624405960462,0.3901156796500694,-19.396786125374692,-0.6817982044692934,32.65357490189308,-0.3631405746572389,79.75442496141777,0.46936119399453624,-18.095097578435485,-0.018514,0.14875769766616287,0.044286,1,1.0
213,-1.5457233623570463,3.219482441956077,0.012494,1.053781742958659,1.4533862399266007,-0.39458431591422777,-0.09541412599521903,6.022144526438918,0.3901156796500694,-43.85260324205127,-0.6817982044692934,30.96014803885122,-0.3631405746572389,10.076247593823501,0.46936119399453624,2.2437911255931438,-0.018514,11.707098152238803,0.044286,0,1.0
214,-0.41051313525406563,1.0042551717561468,0.012494,1.053781742958659,1.4533862399266007,55.938005168157375,-0.09541412599521903,34.57739208245168,0.3901156796500694,-46.230789559922925,-0.6817982044692934,-16.073383135920626,-0.3631405746572389,-28.517054400663433,0.46936119399453624,0.6812369624191561,-0.018514,23.9016148312925,0.044286,0,1.0
215,-0.9945619311319582,1.9907514319923942,0.012494,1.053781742958659,1.4533862399266007,78.84549550660955,-0.09541412599521903,54.059644454881884,0.3901156796500694,-90.85053781864283,-0.6817982044692934,-12.413792739106796,-0.3631405746572389,-30.185723765906168,0.46936119399453624,1.4676146886670907,-0.018514,36.20754143186958,0.044286,0,1.0
216,0.12956981910503562,0.23611728882130692,0.012494,1.053781742958659,1.4533862399266007,-14.037829572242305,-0.09541412599521903,4.011313098965248,0.3901156796500694,-47.12606308874069,-0.6817982044692934,26.96188877011875,-0.3631405746572389,32.41414567095364,0.46936119399453624,0.28728768477598177,-0.018514,4.815713009559912,0.044286,0,1.0
217,-0.710897714553993,30.42605303708371,0.012494,1.053781742958659,1.4533862399266007,-39.28925559085189,-0.09541412599521903,-19.190599557991767,0.3901156796500694,-4.097337494478371,-0.6817982044692934,28.53720252130506,-0.3631405746572389,33.8783366659545,0.46936119399453624,-13.127192683580951,-0.018514,0.2512951993768624,0.044286,1,1.0
218,0.561661862184661,12.994401860657607,0.012494,1.053781742958659,1.4533862399266007,-20.8631856824377,-0.09541412599521903,-9.552722414405137,0.3901156796500694,-6.066545965342834,-0.6817982044692934,12.989942315984887,-0.3631405746572389,24.453417103616516,0.46936119399453624,-5.666990440918126,-0.018514,0.1941647751055049,0.044286,1,1.0
219,-3.3563901213520175,7.069243940123455,0.012494,1.053781742958659,1.4533862399266007,66.56718938883296,-0.09541412599521903,26.08392534159062,0.3901156796500694,-30.90857162253034,-0.6817982044692934,-2.2538414426480204,-0.3631405746572389,-58.3290304404985,0.46936119399453624,11.391190041770338,-0.018514,23.94768668518477,0.044286,0,1.0
220,0.06162144853572471,0.011781810090459434,0.012494,1.053781742958659,1.4533862399266007,17.44096055149107,-0.09541412599521903,29.909795774856327,0.3901156796500694,-91.21766831973753,-0.6817982044692934,20.059567299940095,-0.3631405746572389,25.14963335272982,0.46936119399453624,2.3661408018634322,-0.018514,16.415712956366214,0.044286,0,1.0
221,3.0748373177134427,6.551543749893027,0.012494,1.053781742958659,1.4533862399266007,-29.981847155027992,-0.09541412599521903,3.3365097419120695,0.3901156796500694,-59.63237395106011,-0.6817982044692934,24.703419111902964,-0.3631405746572389,65.57471627879357,0.46936119399453624,-0.1726720471096714,-0.018514,0.264621134794502,0.044286,1,1.0
222,0.07340838580741504,0.2682457187177877,0.012494,1.053781742958659,1.4533862399266007,35.33774168276829,-0.09541412599521903,24.559109589964514,0.3901156796500694,-39.15716885968477,-0.6817982044692934,-8.207301144161423,-0.3631405746572389,-12.248491001807343,0.46936119399453624,0.5891866265869865,-0.018514,16.579094324886974,0.044286,0,1.0
223,5.14694065366525,26.76131570041358,0.012494,1.053781742958659,1.4533862399266007,-53.15284305328244,-0.09541412599521903,0.3255344460269956,0.3901156796500694,-55.2064793145514,-0.6817982044692934,23.05510507058022,-0.3631405746572389,89.61340732997296,0.46936119399453624,-9.783310004571288,-0.018514,-0.5896205857585377,0.044286,1,1.0
224,-8.227325927096361,16.795710545413648,0.012494,1.053781742958659,1.4533862399266007,20.529612277078407,-0.09541412599521903,0.18172018282558666,0.3901156796500694,-64.44664085837854,-0.6817982044692934,85.36267102267199,-0.3631405746572389,-33.3945729514449,0.46936119399453624,2.7182195092710053,-0.018514,45.454573742477706,0.044286,0,1.0
225,2.322390245957059,20.11085163996784,0.012494,1.053781742958659,1.4533862399266007,-47.052396180763175,-0.09541412599521903,-8.861383654423506,0.3901156796500694,-44.24932433498561,-0.6817982044692934,33.382936842563396,-0.3631405746572389,70.16279020008133,0.46936119399453624,-8.114198840761762,-0.018514,0.2802455027584543,0.044286,1,1.0
226,0.011500508024851364,0.015723844421493986,0.012494,1.053781742958659,1.4533862399266007,12.91964649634892,-0.09541412599521903,13.405921911905034,0.3901156796500694,-31.217129467640866,-0.6817982044692934,2.583018915123827,-0.3631405746572389,2.6294422047745125,0.46936119399453624,0.6911284295550235,-0.018514,7.891015664222172,0.044286,0,1.0
227,-4.818717852176027,9.860959962175595,0.012494,1.053781742958659,1.4533862399266007,26.052684244540163,-0.09541412599521903,4.640904173310042,0.3901156796500694,-30.386249434193306,-0.6817982044692934,38.20723614823975,-0.3631405746572389,-34.32341437740268,0.46936119399453624,5.44651807186634,-0.018514,25.446439057053052,0.044286,0,1.0
228,-6.4705524732687945,13.030567524312712,0.012494,1.053781742958659,1.4533862399266007,16.01256238268638,-0.09541412599521903,7.419481747662262,0.3901156796500694,-79.60776417362645,-0.6817982044692934,76.55550624334573,-0.3631405746572389,-13.576988970241198,0.46936119399453624,5.399566677545243,-0.018514,36.21935683816522,0.044286,0,1.0
229,-0.04276188408492665,0.8346485651033568,0.012494,1.053781742958659,1.4533862399266007,55.56037111076314,-0.09541412599521903,32.54668469067825,0.3901156796500694,-34.21175380800408,-0.6817982044692934,-21.613696107528455,-0.3631405746572389,-32.416705047456745,0.46936119399453624,0.36999565697472825,-0.018514,22.676851381576128,0.044286,0,1.0
230,0.05429399768988219,0.5915318808980318,0.012494,1.053781742958659,1.4533862399266007,46.34687098184615,-0.09541412599521903,29.30428999948491,0.3901156796500694,-41.22249457562157,-0.6817982044692934,-13.70499286583175,-0.3631405746572389,-20.47255391274711,0.46936119399453624,0.5314025700853051,-0.018514,20.706424175405523,0.044286,0,1.0
231,7.398756318986673,45.774063472298344,0.012494,1.053781742958659,1.4533862399266007,-10.141163426653447,-0.09541412599521903,19.557693388161663,0.3901156796500694,-44.078283483419824,-0.6817982044692934,-11.181410465569728,-0.3631405746572389,54.070367859848844,0.46936119399453624,0.01878335167764611,-0.018514,9.022488952737215,0.044286,0,1.0
232,-0.3832143805333992,1.857210315688483,0.012494,1.053781742958659,1.4533862399266007,11.166340994298817,-0.09541412599521903,17.124408331277436,0.3901156796500694,-63.93394238657768,-0.6817982044692934,24.106359002808585,-0.3631405746572389,14.926192849645998,0.46936119399453624,9.48480571831297,-0.018514,10.087456966694617,0.044286,0,1.0
233,-7.127594050560104,135.13013024055982,0.012494,1.053781742958659,1.4533862399266007,-45.46480695515206,-0.09541412599521903,-28.839755255571887,0.3901156796500694,-43.66006371870806,-0.6817982044692934,73.70349433212175,-0.3631405746572389,37.97842547618801,0.46936119399453624,-16.35968753615608,-0.018514,0.5761291031352105,0.044286,1,1.0
234,0.025435421606623265,0.45062674064789127,0.012494,1.053781742958659,1.4533862399266007,6.034315058608366,-0.09541412599521903,23.68494077542837,0.3901156796500694,-95.08284692847427,-0.6817982044692934,32.74486648449237,-0.3631405746572389,35.71684719136459,0.46936119399453624,6.703498956741443,-0.018514,12.800457964209953,0.044286,0,1.0
235,0.1952863119656314,0.25886644933483716,0.012494,1.053781742958659,1.4533862399266007,34.66493409459107,-0.09541412599521903,26.60777864690467,0.3901156796500694,-47.733148739668344,-0.6817982044692934,-5.770496776485443,-0.3631405746572389,-7.3496993982651375,0.46936119399453624,0.49892128040422534,-0.018514,17.43794853267856,0.044286,0,1.0
236,-0.11997827816635276,52.717061645730624,0.012494,1.053781742958659,1.4533862399266007,-84.624882533837,-0.09541412599521903,-22.617084182467803,0.3901156796500694,-60.69835345361067,-0.6817982044692934,68.86903056589234,-0.3631405746572389,99.69719533704117,0.46936119399453624,-22.46952544536197,-0.018514,0.21163248174480387,0.044286,1,1.0
237,0.19469497655178003,0.021745959183267098,0.012494,1.053781742958659,1.4533862399266007,18.781935303794583,-0.09541412599521903,27.824981933430635,0.3901156796500694,-78.6487955494088,-0.6817982044692934,14.248950691936667,-0.3631405746572389,18.98652156989802,0.46936119399453624,1.8786226009189022,-0.018514,15.508780014353079,0.044286,0,1.0
238,2.154048632618853,5.030973736214298,0.012494,1.053781742958659,1.4533862399266007,-26.40314965492137,-0.09541412599521903,1.181456180715236,0.3901156796500694,-46.89950770974437,-0.6817982044692934,22.23567779286047,-0.3631405746572389,52.813375622815336,0.46936119399453624,-1.127777674819586,-0.018514,0.10029512386804751,0.044286,1,1.0
239,0.015314050633471243,0.007438746729682483,0.012494,1.053781742958659,1.4533862399266007,0.6186266686765896,-0.09541412599521903,2.8420388245252854,0.3901156796500694,-10.052538553134678,-0.6817982044692934,3.193025987493772,-0.3631405746572389,3.679038614234528,0.46936119399453624,0.4533276042774027,-0.018514,1.4734840677444931,0.044286,0,1.0
240,0.02420052104527315,0.09624494046227286,0.012494,1.053781742958659,1.4533862399266007,55.82690140023969,-0.09541412599521903,46.131249422282174,0.3901156796500694,-90.48432036960777,-0.6817982044692934,-4.2918211519462055,-0.3631405746572389,-6.878710042110346,0.46936119399453624,0.5290231951990059,-0.018514,29.316732477690994,0.044286,0,1.0
241,1.1663557462933678,14.608900029044442,0.012494,1.053781742958659,1.4533862399266007,-31.262091904361032,-0.09541412599521903,-8.782531675239992,0.3901156796500694,-19.230552362879223,-0.6817982044692934,20.540417562474552,-0.3631405746572389,40.53136974946723,0.46936119399453624,-6.951335821028555,-0.018514,0.2243656493834303,0.044286,1,1.0
242,-3.466974553960254,7.568639370422383,0.012494,1.053781742958659,1.4533862399266007,79.99061690850526,-0.09541412599521903,41.10238791538328,0.3901156796500694,-65.67038413526836,-0.6817982044692934,3.1890304921991124,-0.3631405746572389,-56.529949618471804,0.46936119399453624,15.591555476872882,-0.018514,30.617992441682155,0.044286,0,1.0
243,-3.040239438175904,6.992242284124547,0.012494,1.053781742958659,1.4533862399266007,9.540183628524684,-0.09541412599521903,10.75047108443927,0.3901156796500694,-61.35862175153428,-0.6817982044692934,45.48567497404663,-0.3631405746572389,0.29522237960005304,0.46936119399453624,5.271143524529869,-0.018514,21.27927917497186,0.044286,0,1.0
244,-0.05522319156006006,1.297594547483861,0.012494,1.053781742958659,1.4533862399266007,84.22748668197147,-0.09541412599521903,51.886936985455456,0.3901156796500694,-66.27232597423415,-0.6817982044692934,-28.06606862876679,-0.3631405746572389,-41.887585537375,0.46936119399453624,0.26042415845283173,-0.018514,36.32564242531275,0.044286,0,1.0
245,2.049600509894506,14.824608522659338,0.012494,1.053781742958659,1.4533862399266007,-39.30971379229584,-0.09541412599521903,-5.321498284931853,0.3901156796500694,-39.3875774456831,-0.6817982044692934,27.26642474632123,-0.3631405746572389,59.46066502419202,0.46936119399453624,-6.931215165681629,-0.018514,0.20021080216768805,0.044286,1,1.0
246,-3.6000479482043053,7.500270628139282,0.012494,1.053781742958659,1.4533862399266007,48.00321573139318,-0.09541412599521903,20.85731930078888,0.3901156796500694,-42.435318902334096,-0.6817982044692934,16.9410669439709,-0.3631405746572389,-40.70645419907085,0.46936119399453624,14.568010136876484,-0.018514,19.52538615233752,0.044286,0,1.0
247,-6.392512594254704,122.39262380839727,0.012494,1.053781742958659,1.4533862399266007,-63.3601296230728,-0.09541412599521903,-39.975333593943226,0.3901156796500694,-0.680232653643203,-0.6817982044692934,65.58590361578666,-0.3631405746572389,32.5106514230477,0.46936119399453624,-26.939749703502198,-0.018514,0.2847675385881523,0.044286,1,1.0
248,8.742580134425909,82.72537507607498,0.012494,1.053781742958659,1.4533862399266007,68.89406548090217,-0.09541412599521903,71.4090608271541,0.3901156796500694,-87.46638121647483,-0.6817982044692934,-52.048887393027655,-0.3631405746572389,8.081637118049604,0.46936119399453624,0.37475166925417724,-0.018514,40.798251617295676,0.044286,0,1.0
249,-0.7481850073087335,2.04532216760897,0.012494,1.053781742958659,1.4533862399266007,36.79981988025026,-0.09541412599521903,13.508767914091706,0.3901156796500694,-0.8248265584540181,-0.6817982044692934,-14.699665489974132,-0.3631405746572389,-34.498544241967004,0.46936119399453624,2.897803497382238,-0.018514,12.253289248845736,0.044286,0,1.0
250,0.6700317056684479,1.628648809336811,0.012494,1.053781742958659,1.4533862399266007,30.852674525836743,-0.09541412599521903,18.564515886610042,0.3901156796500694,-13.182896115070179,-0.6817982044692934,-16.994669608223283,-0.3631405746572389,-18.654607218615496,0.46936119399453624,0.3491268633199889,-0.018514,12.36821839232509,0.044286,0,1.0
251,-0.05991551635396064,1.5888251931601778,0.012494,1.053781742958659,1.4533862399266007,62.92966746054519,-0.09541412599521903,31.828049077608636,0.3901156796500694,-22.43000665576548,-0.6817982044692934,-28.677435885691626,-0.3631405746572389,-43.66512655433857,0.46936119399453624,0.6107868667594758,-0.018514,24.15977146765414,0.044286,0,1.0
252,-0.06338610118756183,0.4386628755798385,0.012494,1.053781742958659,1.4533862399266007,26.913962836785707,-0.09541412599521903,12.570605058591784,0.3901156796500694,-3.7571075923493122,-0.6817982044692934,-14.159990191550769,-0.3631405746572389,-21.697730078305455,0.46936119399453624,0.2659040136320012,-0.018514,9.503103532815777,0.044286,0,1.0
253,-0.036271111380607124,0.16464317902787065,0.012494,1.053781742958659,1.4533862399266007,23.67116265493026,-0.09541412599521903,15.89259400601266,0.3901156796500694,-24.61166462887302,-0.6817982044692934,-5.540058442615507,-0.3631405746572389,-9.279860233312771,0.46936119399453624,0.49870508839917527,-0.018514,10.835212880066942,0.044286,0,1.0
254,0.141102186501064,0.0007538244148956445,0.012494,1.053781742958659,1.4533862399266007,-0.04550395688171405,-0.09541412599521903,6.9030891153422305,0.3901156796500694,-27.712023230901053,-0.6817982044692934,8.966185865301677,-0.3631405746572389,12.555265383975033,0.46936119399453624,0.791381632104343,-0.018514,3.44960377375851,0.044286,0,1.0
255,-9.820506379556164,19.89487282835732,0.012494,1.053781742958659,1.4533862399266007,76.72955727729709,-0.09541412599521903,13.918744262842376,0.3901156796500694,-38.24503070193571,-0.6817982044692934,50.980675164096745,-0.3631405746572389,-97.46465153401283,0.46936119399453624,15.993526450239765,-0.018514,46.388599036975684,0.044286,0,1.0
256,0.22335033761553014,0.0013247083502382333,0.012494,1.053781742958659,1.4533862399266007,32.32639797039895,-0.09541412599521903,35.00221024337711,0.3901156796500694,-83.3634715958775,-0.6817982044692934,6.121147784891724,-0.3631405746572389,10.453247566066931,0.46936119399453624,0.2882174444435037,-0.018514,20.721243233824858,0.044286,0,1.0
257,-0.33105989202740593,1.2521051993534134,0.012494,1.053781742958659,1.4533862399266007,-17.665504959369706,-0.09541412599521903,9.61493444741306,0.3901156796500694,-86.23001467607257,-0.6817982044692934,48.35989090293245,-0.3631405746572389,49.87371611077762,0.46936119399453624,2.69592010792259,-0.018514,10.168100412887412,0.044286,0,1.0
258,-8.669873530264086,17.433339884471994,0.012494,1.053781742958659,1.4533862399266007,34.85067873322829,-0.09541412599521903,2.1617301145889543,0.3901156796500694,-48.09449020639133,-0.6817982044692934,71.51765481186654,-0.3631405746572389,-53.71256957952869,0.46936119399453624,5.305225502516741,-0.018514,43.283662852121964,0.044286,0,1.0
259,-8.812463177273195,17.655039743310912,0.012494,1.053781742958659,1.4533862399266007,64.84356065109756,-0.09541412599521903,6.836138539889441,0.3901156796500694,-14.810069641889097,-0.6817982044692934,40.15808274845113,-0.3631405746572389,-92.48411956917397,0.46936119399453624,10.984596757403239,-0.018514,39.676255077568,0.044286,0,1.0
260,0.10644359139103265,0.03781398427535922,0.012494,1.053781742958659,1.4533862399266007,30.883329821186116,-0.09541412599521903,29.939170947457622,0.3901156796500694,-67.17386381111281,-0.6817982044692934,3.1095409352961756,-0.3631405746572389,3.8357043025041433,0.46936119399453624,0.9833531692826885,-0.018514,18.18745502864182,0.044286,0,1.0
261,-0.7264813533800218,1.4986473433263283,0.012494,1.053781742958659,1.4533862399266007,53.580193272491,-0.09541412599521903,29.90599372730654,0.3901156796500694,-35.191870859667766,-0.6817982044692934,-16.66352800821078,-0.3631405746572389,-32.30009381908253,0.46936119399453624,0.4984742243525062,-0.018514,21.724995030917988,0.044286,0,1.0
262,-0.01789279435984259,0.14517998580055094,0.012494,1.053781742958659,1.4533862399266007,-5.20631328005247,-0.09541412599521903,20.44242417006022,0.3901156796500694,-98.64022671755032,-0.6817982044692934,41.241713446649484,-0.3631405746572389,45.64701459640948,0.46936119399453624,5.786836147469453,-0.018514,11.146282011567349,0.044286,0,1.0
263,-0.49652622530635426,1.249994193434296,0.012494,1.053781742958659,1.4533862399266007,64.79151754484533,-0.09541412599521903,44.25430028849054,0.3901156796500694,-72.58303411017107,-0.6817982044692934,-11.352867566538212,-0.3631405746572389,-24.90564341906546,0.46936119399453624,2.096697051737195,-0.018514,29.740698009806238,0.044286,0,1.0
264,3.055220075901998,9.722666456123516,0.012494,1.053781742958659,1.4533862399266007,-26.732130829637814,-0.09541412599521903,2.82599345428662,0.3901156796500694,-38.54958527797843,-0.6817982044692934,13.225299508153402,-0.3631405746572389,52.1283331732088,0.46936119399453624,-3.5990981032301157,-0.018514,0.08617520018622149,0.044286,1,1.0
265,-0.17980759818159697,1.062155475941357,0.012494,1.053781742958659,1.4533862399266007,78.62247683395226,-0.09541412599521903,49.62876667572309,0.3901156796500694,-67.0407313826086,-0.6817982044692934,-24.079423065275858,-0.3631405746572389,-37.339306463678895,0.46936119399453624,0.3199234319188555,-0.018514,34.31999375258755,0.044286,0,1.0
266,-0.5239411005980017,1.7540206201733792,0.012494,1.053781742958659,1.4533862399266007,97.09339136019896,-0.09541412599521903,58.728700765909686,0.3901156796500694,-72.50058895529254,-0.6817982044692934,-31.990109826314512,-0.3631405746572389,-52.04579813883511,0.46936119399453624,0.2717795657188766,-0.018514,40.83773241301158,0.044286,0,1.0
267,-0.00020149622688325763,0.08976720784729188,0.012494,1.053781742958659,1.4533862399266007,11.862897671982118,-0.09541412599521903,15.589373641087986,0.3901156796500694,-42.91540148591492,-0.6817982044692934,8.501640693808367,-0.3631405746572389,7.9870673892300985,0.46936119399453624,2.4105071140673635,-0.018514,8.771470074038827,0.044286,0,1.0
268,-0.06364816299959664,0.4867260029274919,0.012494,1.053781742958659,1.4533862399266007,60.497941591746375,-0.09541412599521903,42.84366440281522,0.3901156796500694,-72.17042582250123,-0.6817982044692934,-12.168144219424812,-0.3631405746572389,-18.91258051926917,0.46936119399453624,0.3120762944831057,-0.018514,28.92324773155495,0.044286,0,1.0
269,-0.029382510279221563,0.33813407914585186,0.012494,1.053781742958659,1.4533862399266007,54.123121390692724,-0.09541412599521903,39.46284154356916,0.3901156796500694,-68.88383282725572,-0.6817982044692934,-9.580735136854939,-0.3631405746572389,-14.952712554378401,0.46936119399453624,0.4064392108398689,-0.018514,26.363209672813063,0.044286,0,1.0
270,3.224481754574235,41.90083291761066,0.012494,1.053781742958659,1.4533862399266007,-69.18825589959671,-0.09541412599521903,-20.534061765699995,0.3901156796500694,-42.659044947412255,-0.6817982044692934,43.07545204707958,-0.3631405746572389,93.84882304642935,0.46936119399453624,-14.376476986636112,-0.018514,-0.25032174531114926,0.044286,1,1.0
271,-0.24650063799554545,1.9484090814344455,0.012494,1.053781742958659,1.4533862399266007,96.57945741442849,-0.09541412599521903,56.224163545816424,0.3901156796500694,-62.384099401098425,-0.6817982044692934,-35.83458704213041,-0.3631405746572389,-55.019758236277575,0.46936119399453624,0.2549631028739121,-0.018514,39.86337200818038,0.044286,0,1.0
272,-7.350068229277832,15.405069308605126,0.012494,1.053781742958659,1.4533862399266007,38.07719250998322,-0.09541412599521903,8.729563914739064,0.3901156796500694,-60.70574538346835,-0.6817982044692934,65.58555772300407,-0.3631405746572389,-44.54892283993189,0.46936119399453624,9.339737273210503,-0.018514,40.48214776904025,0.044286,0,1.0
273,-2.5275595589896334,5.273571540546245,0.012494,1.053781742958659,1.4533862399266007,49.487903829530794,-0.09541412599521903,36.56865286976964,0.3901156796500694,-86.29933736620467,-0.6817982044692934,18.126558595047907,-0.3631405746572389,-16.544547266086145,0.46936119399453624,10.760837098549462,-0.018514,23.279830071156535,0.044286,0,1.0
274,-0.19946946408099464,0.9242348864053769,0.012494,1.053781742958659,1.4533862399266007,85.66202474923168,-0.09541412599521903,57.779371207142106,0.3901156796500694,-87.92519869179912,-0.6817982044692934,-21.722939841450813,-0.3631405746572389,-33.989929292575475,0.46936119399453624,0.28382659706009505,-0.018514,39.05764495904867,0.044286,0,1.0
275,-4.912870911704889,10.106561037525768,0.012494,1.053781742958659,1.4533862399266007,6.089107654984219,-0.09541412599521903,1.170445829983002,0.3901156796500694,-59.36350279802111,-0.6817982044692934,62.768360951498295,-0.3631405746572389,-5.039669404025098,0.46936119399453624,2.020982127604263,-0.018514,28.400951664684424,0.044286,0,1.0
276,-2.2266034882153978,5.809926886138816,0.012494,1.053781742958659,1.4533862399266007,29.771580028470538,-0.09541412599521903,17.330127939856975,0.3901156796500694,-47.80545029105569,-0.6817982044692934,22.1887533396685,-0.3631405746572389,-17.721029414638878,0.46936119399453624,11.847429729253115,-0.018514,16.762976365875573,0.044286,0,1.0
277,4.093103377402532,35.58251232215211,0.012494,1.053781742958659,1.4533862399266007,-67.25312315730619,-0.09541412599521903,-15.267728647812385,0.3901156796500694,-35.195209638557664,-0.6817982044692934,33.72381852665444,-0.3631405746572389,88.95380573261004,0.46936119399453624,-14.955459881953834,-0.018514,0.019254761381274577,0.044286,1,1.0
278,0.32081281209730905,0.13093257016002574,0.012494,1.053781742958659,1.4533862399266007,5.911691361749975,-0.09541412599521903,7.806106451775299,0.3901156796500694,-21.084504106114696,-0.6817982044692934,2.40577068758971,-0.3631405746572389,5.60135146330904,0.46936119399453624,0.5662495117566979,-0.018514,4.7398531935915695,0.044286,0,1.0
279,-0.4918733461021212,1.6322236913603936,0.012494,1.053781742958659,1.4533862399266007,56.07330506452687,-0.09541412599521903,24.721848332138418,0.3901156796500694,-6.380369786973748,-0.6817982044692934,-28.1984789174752,-0.3631405746572389,-46.82460816325839,0.46936119399453624,0.4370959130994194,-0.018514,19.512281482391465,0.044286,0,1.0
280,0.17355398814432998,0.0036134971930498853,0.012494,1.053781742958659,1.4533862399266007,-20.081166679084962,-0.09541412599521903,13.324238526439473,0.3901156796500694,-91.69142732547394,-0.6817982044692934,45.65080595270374,-0.3631405746572389,56.05403532956403,0.46936119399453624,1.018187586368616,-0.018514,9.027465138745164,0.044286,0,1.0
281,-6.473385185344736,13.814590238202067,0.012494,1.053781742958659,1.4533862399266007,23.141157901303668,-0.09541412599521903,0.45789090342447386,0.3901156796500694,-42.407611020674516,-0.6817982044692934,61.825202374785064,-0.3631405746572389,-36.14384650809392,0.46936119399453624,3.3706953150467953,-0.018514,37.149280425604516,0.044286,0,1.0
282,0.056240363714195496,0.4882732623460927,0.012494,1.053781742958659,1.4533862399266007,65.51436825899138,-0.09541412599521903,50.01918713883426,0.3901156796500694,-86.69808092801466,-0.6817982044692934,-11.195282079375591,-0.3631405746572389,-17.290896449133847,0.46936119399453624,0.9806362122396717,-0.018514,32.018781041701644,0.044286,0,1.0
283,-6.558106018098428,13.240790936053946,0.012494,1.053781742958659,1.4533862399266007,69.46911208985152,-0.09541412599521903,22.53267283009028,0.3901156796500694,-42.05903945491495,-0.6817982044692934,26.687823047256206,-0.3631405746572389,-73.31862449289387,0.46936119399453624,18.173554141503214,-0.018514,30.10730975160679,0.044286,0,1.0
284,1.2236158915328337,2.1295230844026123,0.012494,1.053781742958659,1.4533862399266007,-16.66862133868313,-0.09541412599521903,0.6444531234346578,0.3901156796500694,-31.239240789024848,-0.6817982044692934,15.782406323066235,-0.3631405746572389,33.443115903138526,0.46936119399453624,-0.6446546269601376,-0.018514,0.6693685709581294,0.044286,1,1.0
285,3.2801754319728404,19.80810549202762,0.012494,1.053781742958659,1.4533862399266007,-43.13104937949248,-0.09541412599521903,-4.07424530352787,0.3901156796500694,-36.003427403789615,-0.6817982044692934,21.50532241143712,-0.3631405746572389,65.13987186078715,0.46936119399453624,-8.492623927919386,-0.018514,-0.14025569089801948,0.044286,1,1.0
286,-1.646395093308234,3.9784756595239745,0.012494,1.053781742958659,1.4533862399266007,46.24323058653747,-0.09541412599521903,18.44345608239899,0.3901156796500694,-13.758993575737875,-0.6817982044692934,-8.186672750531548,-0.3631405746572389,-41.70747766178571,0.46936119399453624,7.3715088923649414,-0.018514,15.842823847503679,0.044286,0,1.0
287,-1.3190897597890832,3.2959840315926625,0.012494,1.053781742958659,1.4533862399266007,65.49865902168959,-0.09541412599521903,38.84847399193999,0.3901156796500694,-60.00590453797964,-0.6817982044692934,-7.575090395967338,-0.3631405746572389,-35.69944085609589,0.46936119399453624,6.8079837854551215,-0.018514,27.520838216981744,0.044286,0,1.0
288,-1.3170646513201039,2.7758553270313255,0.012494,1.053781742958659,1.4533862399266007,50.74334488212207,-0.09541412599521903,30.593977614914415,0.3901156796500694,-52.582665434575965,-0.6817982044692934,-3.5689971314703013,-0.3631405746572389,-25.032459205966827,0.46936119399453624,3.9156373648704257,-0.018514,22.0882747955781,0.044286,0,1.0
289,2.6855959397285325,10.95418560316351,0.012494,1.053781742958659,1.4533862399266007,50.792236462486926,-0.09541412599521903,41.22576086028638,0.3901156796500694,-50.0941483343599,-0.6817982044692934,-26.305965234747905,-0.3631405746572389,-12.946311890474238,0.46936119399453624,0.5064771718452512,-0.018514,24.973568505397534,0.044286,0,1.0
290,-9.77484769806874,19.655497286146886,0.012494,1.053781742958659,1.4533862399266007,25.130516619014042,-0.09541412599521903,-4.024044200889549,0.3901156796500694,-57.80904016157894,-0.6817982044692934,92.52258125209431,-0.3631405746572389,-47.230635408503936,0.46936119399453624,1.5830264959794427,-0.018514,51.005783262891214,0.044286,0,1.0
291,-2.0683582174537714,4.501754999861449,0.012494,1.053781742958659,1.4533862399266007,24.488714828417397,-0.09541412599521903,7.32868135253189,0.3901156796500694,-11.272403785531345,-0.6817982044692934,8.40127169766526,-0.3631405746572389,-27.09450517053654,0.46936119399453624,6.226241707488155,-0.018514,11.734427905236023,0.044286,0,1.0
292,-0.25265147289917067,1.2607924656712028,0.012494,1.053781742958659,1.4533862399266007,79.70026301227716,-0.09541412599521903,48.68716220630226,0.3901156796500694,-59.76945590378437,-0.6817982044692934,-26.938202568682534,-0.3631405746572389,-42.07234017120387,0.46936119399453624,0.290464538726237,-0.018514,33.67197696379213,0.044286,0,1.0
293,-3.3333663753768343,6.943692742617794,0.012494,1.053781742958659,1.4533862399266007,4.957821208221798,-0.09541412599521903,-0.8514123672485386,0.3901156796500694,-33.54793522957322,-0.6817982044692934,40.26555250909777,-0.3631405746572389,-6.980467688577061,0.46936119399453624,0.8514166926794005,-0.018514,19.454298444013943,0.044286,0,1.0
294,0.25568650327141285,0.4153992630651754,0.012494,1.053781742958659,1.4533862399266007,27.170112984441396,-0.09541412599521903,28.872780227879197,0.3901156796500694,-72.84419348900806,-0.6817982044692934,8.482121050096222,-0.3631405746572389,9.863785350413641,0.46936119399453624,2.8457346951194538,-0.018514,17.675458041793675,0.044286,0,1.0
295,0.04043912794724136,0.0012121500231861342,0.012494,1.053781742958659,1.4533862399266007,36.55822585730358,-0.09541412599521903,39.06831428575861,0.3901156796500694,-95.16810523955884,-0.6817982044692934,9.109832406674421,-0.3631405746572389,11.207758425889166,0.46936119399453624,1.3473312296493276,-0.018514,23.26660362893101,0.044286,0,1.0
296,-1.7099051363582483,3.5721925128996577,0.012494,1.053781742958659,1.4533862399266007,89.6789953753644,-0.09541412599521903,40.642833730830546,0.3901156796500694,-26.193327219285006,-0.6817982044692934,-35.57355153423631,-0.3631405746572389,-70.2577595109095,0.46936119399453624,0.6280985392621758,-0.018514,32.58828235270811,0.044286,0,1.0
297,0.4568514565377324,0.03932757564620146,0.012494,1.053781742958659,1.4533862399266007,26.647657279435393,-0.09541412599521903,35.55781878470245,0.3901156796500694,-92.26883573403686,-0.6817982044692934,11.234329664189877,-0.3631405746572389,19.74101226402913,0.46936119399453624,0.3796925360578616,-0.018514,20.06805352576886,0.044286,0,1.0
298,0.32234166665806185,0.0003917835677838324,0.012494,1.053781742958659,1.4533862399266007,21.683414812968493,-0.09541412599521903,28.59231142341692,0.3901156796500694,-75.58254506670954,-0.6817982044692934,9.63964537639913,-0.3631405746572389,16.376723535341434,0.46936119399453624,0.31420144350115287,-0.018514,16.36304750607176,0.044286,0,1.0
299,0.08985164067156504,0.0018763113921789606,0.012494,1.053781742958659,1.4533862399266007,15.056883313555327,-0.09541412599521903,16.609425763346998,0.3901156796500694,-40.49106240978643,-0.6817982044692934,3.733313614089428,-0.3631405746572389,5.4556248999095605,0.46936119399453624,0.4553483592022953,-0.018514,9.804902107952005,0.044286,0,1.0
300,0.24707049694362745,0.009052721474848684,0.012494,1.1211449964209517,4.787338469101568,-47.09524017253522,-0.09541412599521903,12.632304915843251,0.3901156796500694,-59.080269292131604,-0.6817982044692934,-35.989641177530174,-0.3631405746572389,58.82188237870779,0.46936119399453624,-0.05880451337758892,-0.018514,0.058997434861725484,0.044286,1,1.0
301,0.3615013764301261,0.015044392021741047,0.012494,1.1211449964209517,4.787338469101568,-66.00178584656382,-0.09541412599521903,16.646131383136638,0.3901156796500694,-78.71502566462169,-0.6817982044692934,-41.65928401068009,-0.3631405746572389,80.95585887215263,0.46936119399453624,-0.06749560783035109,-0.018514,0.06889991889340517,0.044286,1,1.0
302,0.035283925886167015,0.0007513565009150039,0.012494,1.1211449964209517,4.787338469101568,-21.848919854601046,-0.09541412599521903,4.466377537589975,0.3901156796500694,-48.60112748126823,-0.6817982044692934,67.10065912346572,-0.3631405746572389,25.617760491541688,0.46936119399453624,-0.013551927211579955,-0.018514,0.013467552043194725,0.044286,1,1.0
303,0.09179220871494809,0.0011691531042883096,0.012494,1.1211449964209517,4.787338469101568,-24.640893337001792,-0.09541412599521903,6.001714395332297,0.3901156796500694,-41.59273597834427,-0.6817982044692934,32.99485232601925,-0.3631405746572389,29.046303247598477,0.46936119399453624,-0.020279530973460514,-0.018514,0.020375443116304345,0.044286,1,1.0
304,0.12044743424489515,0.0072721881886294686,0.012494,1.1211449964209517,4.787338469101568,-21.853150253466225,-0.09541412599521903,11.253238534153418,0.3901156796500694,-30.810879176760423,-0.6817982044692934,-45.95407344513079,-0.3631405746572389,29.278168956491754,0.46936119399453624,-0.05755752129726095,-0.018514,0.05823733158069304,0.044286,1,1.0
305,0.29097546546039676,0.013926821761922248,0.012494,1.1211449964209517,4.787338469101568,-42.202435343918054,-0.09541412599521903,4.553823510708305,0.3901156796500694,-31.560703129294396,-0.6817982044692934,-15.85441794979254,-0.3631405746572389,48.07122547141298,0.46936119399453624,-0.007922724509016169,-0.018514,0.015673571128190098,0.044286,1,1.0
306,0.14759077488723865,0.002223752348544605,0.012494,1.1211449964209517,4.787338469101568,-31.774752879426472,-0.09541412599521903,6.266817956584671,0.3901156796500694,-43.86116869263944,-0.6817982044692934,18.154389430912417,-0.3631405746572389,37.54236622051855,0.46936119399453624,-0.01897385469724288,-0.018514,0.018931955452449897,0.044286,1,1.0
307,0.042922666164339665,0.0009776268558446116,0.012494,1.1211449964209517,4.787338469101568,-24.929042130044035,-0.09541412599521903,5.79844157098531,0.3901156796500694,-55.359884163079435,-0.6817982044692934,70.98666570282421,-0.3631405746572389,29.50809027414068,0.46936119399453624,-0.019281662292206937,-0.018514,0.0192660687126762,0.044286,1,1.0
308,0.029140277336323486,0.0008677360275798585,0.012494,1.1211449964209517,4.787338469101568,-19.0860794378692,-0.09541412599521903,1.703579978219521,0.3901156796500694,-41.22996943012071,-0.6817982044692934,74.86857555408197,-0.3631405746572389,21.245616327933803,0.46936119399453624,-0.008754109393062131,-0.018514,0.008896721433383256,0.044286,1,1.0
309,0.10122759403366619,0.0015671821797124566,0.012494,1.1211449964209517,4.787338469101568,-32.06922242322645,-0.09541412599521903,5.89719696813797,0.3901156796500694,-57.21124700736299,-0.6817982044692934,62.70012931773545,-0.3631405746572389,37.36587266635925,0.46936119399453624,-0.01634144593145275,-0.018514,0.016305944230057372,0.044286,1,1.0
310,0.35420784173124353,0.01540563937087885,0.012494,1.1211449964209517,4.787338469101568,-64.39251970716485,-0.09541412599521903,18.455025723453918,0.3901156796500694,-78.45206583233984,-0.6817982044692934,-47.454592430656845,-0.3631405746572389,79.35111262074065,0.46936119399453624,-0.07644314030555248,-0.018514,0.07724544528802775,0.044286,1,1.0
311,0.32012330344653117,0.01036908334924225,0.012494,1.1211449964209517,4.787338469101568,-60.02447660240677,-0.09541412599521903,10.598444732940523,0.3901156796500694,-70.19385764961208,-0.6817982044692934,-0.9795949017210615,-0.3631405746572389,71.22419944193786,0.46936119399453624,-0.03115686461296942,-0.018514,0.03187583186249826,0.044286,1,1.0
312,0.5042760513906236,0.14745546098427326,0.012494,1.1211449964209517,4.787338469101568,99.71236968163002,-0.09541412599521903,43.80978555135116,0.3901156796500694,-0.7857215410584634,-0.6817982044692934,-17.157196131000997,-0.3631405746572389,-37.91930530849981,0.46936119399453624,0.351299518553947,-0.018514,0.8662527290251307,0.044286,0,1.0
313,0.08314499711911211,0.00692447977515316,0.012494,1.1211449964209517,4.787338469101568,-23.542542535884785,-0.09541412599521903,-2.5205946281234133,0.3901156796500694,-33.01646897814157,-0.6817982044692934,63.226970930683024,-0.3631405746572389,25.530554874658264,0.46936119399453624,-0.026252080699354342,-0.018514,0.025999260165473714,0.044286,1,1.0
314,0.09422249020998427,0.0018718703830380786,0.012494,1.1211449964209517,4.787338469101568,-28.781094585072168,-0.09541412599521903,5.63896072008579,0.3901156796500694,-50.658069696490934,-0.6817982044692934,46.22271846155844,-0.3631405746572389,34.20908723342683,0.46936119399453624,-0.01704359435102452,-0.018514,0.017878178348364835,0.044286,1,1.0
315,0.12583904130173057,0.008798632853376698,0.012494,1.1211449964209517,4.787338469101568,-23.33557586043444,-0.09541412599521903,-0.8325446036675354,0.3901156796500694,-24.519178212844928,-0.6817982044692934,61.50265730486974,-0.3631405746572389,22.854459303004518,0.46936119399453624,-0.045026503322130346,-0.018514,0.04573350761879291,0.044286,1,1.0
316,0.30361732488235216,0.009693710465818711,0.012494,1.1211449964209517,4.787338469101568,-59.86815896596075,-0.09541412599521903,14.827539492076475,0.3901156796500694,-78.03632203650399,-0.6817982044692934,-6.963366726868079,-0.3631405746572389,72.38587855233742,0.46936119399453624,-0.0552826925253302,-0.018514,0.05535661700238665,0.044286,1,1.0
317,0.1269787691849625,0.0019082712177455386,0.012494,1.1211449964209517,4.787338469101568,-27.909536046119477,-0.09541412599521903,6.666734764601235,0.3901156796500694,-40.20670986324621,-0.6817982044692934,9.97119620530573,-0.3631405746572389,33.62127496113349,0.46936119399453624,-0.024101030255915926,-0.018514,0.02423354477986216,0.044286,1,1.0
318,0.14751373192872197,0.01072407913330553,0.012494,1.1211449964209517,4.787338469101568,-36.4646440995127,-0.09541412599521903,11.499945621289674,0.3901156796500694,-58.22387438280723,-0.6817982044692934,-18.926433958757382,-0.3631405746572389,47.42225557274102,0.46936119399453624,-0.06627395685181198,-0.018514,0.06552589912789591,0.044286,1,1.0
319,0.14788913157791472,0.002232014262524837,0.012494,1.1211449964209517,4.787338469101568,-22.98343652845589,-0.09541412599521903,6.38896905743385,0.3901156796500694,-21.721600485164835,-0.6817982044692934,-35.96434306881561,-0.3631405746572389,28.453843809105376,0.46936119399453624,-0.02764383679571829,-0.018514,0.027648577654638486,0.044286,1,1.0
320,0.299548715124374,0.014838953797898333,0.012494,1.1211449964209517,4.787338469101568,-56.0529438164775,-0.09541412599521903,18.56076176477763,0.3901156796500694,-75.46277317865925,-0.6817982044692934,-2.2305494960879786,-0.3631405746572389,66.77372037118074,0.46936119399453624,-0.07081370854728922,-0.018514,0.07317348604188129,0.044286,1,1.0
321,0.4285759184553557,0.12437039953392173,0.012494,1.1211449964209517,4.787338469101568,91.64445741831723,-0.09541412599521903,56.12769516602362,0.3901156796500694,-68.9072202322922,-0.6817982044692934,81.51200867459228,-0.3631405746572389,-22.14736666776333,0.46936119399453624,0.33771408624368077,-0.018514,0.9365303868492885,0.044286,0,1.0
322,0.1573205454185226,0.004680223848575551,0.012494,1.1211449964209517,4.787338469101568,-41.30215929606279,-0.09541412599521903,11.953829853279258,0.3901156796500694,-70.38687568805038,-0.6817982044692934,44.13868869166485,-0.3631405746572389,49.29584897066247,0.46936119399453624,-0.044513269063062334,-0.018514,0.04428775487036734,0.044286,1,1.0
323,0.26913637372050836,0.007159839254999465,0.012494,1.1211449964209517,4.787338469101568,-39.64874600127495,-0.09541412599521903,11.96388034400645,0.3901156796500694,-34.84064153537149,-0.6817982044692934,-70.04029508754627,-0.3631405746572389,48.853671667647674,0.46936119399453624,-0.04972756056850555,-0.018514,0.04976934571206931,0.044286,1,1.0
324,0.4884151460365608,0.02605761301492755,0.012494,1.1211449964209517,4.787338469101568,-64.26691772412602,-0.09541412599521903,6.3843540583785385,0.3901156796500694,-31.528641067164436,-0.6817982044692934,-73.14542975585081,-0.3631405746572389,72.86112855234052,0.46936119399453624,-0.015344711570706826,-0.018514,0.015370238922444171,0.044286,1,1.0
325,0.28057058697173887,0.007263595971981649,0.012494,1.1211449964209517,4.787338469101568,-37.48139610662799,-0.09541412599521903,9.59612449657019,0.3901156796500694,-23.602483547127807,-0.6817982044692934,-92.29647772970361,-0.3631405746572389,46.62120019284476,0.46936119399453624,-0.04405982164734726,-0.018514,0.044207420757979274,0.044286,1,1.0
326,0.023980817157078282,0.01251529505213025,0.012494,1.1211449964209517,4.787338469101568,-26.576098859478535,-0.09541412599521903,13.685218773807577,0.3901156796500694,-73.54103439844258,-0.6817982044692934,99.05293670047712,-0.3631405746572389,30.895582760722544,0.46936119399453624,-0.06386789707679515,-0.018514,0.06316776603881323,0.044286,1,1.0
327,0.09666003275474414,0.0011627574913722577,0.012494,1.1211449964209517,4.787338469101568,-22.305019210074498,-0.09541412599521903,3.15903298796803,0.3901156796500694,-31.681203276424917,-0.6817982044692934,25.814046722754977,-0.3631405746572389,25.768202425775414,0.46936119399453624,-0.0064533117530191945,-0.018514,0.006457332681269307,0.044286,1,1.0
328,0.0679690770030045,0.007632876898026412,0.012494,1.1211449964209517,4.787338469101568,-30.825843245042112,-0.09541412599521903,13.171361481425665,0.3901156796500694,-69.96633746296091,-0.6817982044692934,54.53013245917662,-0.3631405746572389,38.115075703822875,0.46936119399453624,-0.056773568014077756,-0.018514,0.05639607746528106,0.044286,1,1.0
329,0.15393154973293713,0.0027041233825769286,0.012494,1.1211449964209517,4.787338469101568,-22.903178569417804,-0.09541412599521903,5.159464312466594,0.3901156796500694,-18.352721176278603,-0.6817982044692934,-43.43360407977699,-0.3631405746572389,28.531838362984903,0.46936119399453624,-0.025867790546720205,-0.018514,0.025778916142029207,0.044286,1,1.0
330,0.3774982958044354,0.012021885938422155,0.012494,1.1211449964209517,4.787338469101568,-55.475168824043905,-0.09541412599521903,9.91698856438558,0.3901156796500694,-43.265356176128776,-0.6817982044692934,-48.942348693953825,-0.3631405746572389,64.49347733177882,0.46936119399453624,-0.026764307312655392,-0.018514,0.026834720222943833,0.044286,1,1.0
331,0.007243090466899734,0.0011069238396749673,0.012494,1.1211449964209517,4.787338469101568,-12.645888072857497,-0.09541412599521903,-0.32773277551361507,0.3901156796500694,-29.610851220585545,-0.6817982044692934,71.75830708963942,-0.3631405746572389,13.096755731963176,0.46936119399453624,-0.01650197984045588,-0.018514,0.016605712610736123,0.044286,1,1.0
332,0.3357740441446514,0.029762259853133702,0.012494,1.1211449964209517,4.787338469101568,-66.93441022574684,-0.09541412599521903,24.674338713724786,0.3901156796500694,-94.25081251869963,-0.6817982044692934,-69.44409410264466,-0.3631405746572389,85.96352463482926,0.46936119399453624,-0.12084738857849864,-0.018514,0.12115318890235507,0.044286,1,1.0
333,0.14271389561087322,0.008334423095469286,0.012494,1.1211449964209517,4.787338469101568,-28.280508093546068,-0.09541412599521903,-1.4172264031209583,0.3901156796500694,-28.902530602238265,-0.6817982044692934,23.262496831465228,-0.3631405746572389,32.188886447162595,0.46936119399453624,-0.021122273168543974,-0.018514,0.021256761573625035,0.044286,1,1.0
334,0.022549381593140655,0.03752940367603528,0.012494,1.1211449964209517,4.787338469101568,-29.730208539685638,-0.09541412599521903,21.82141935349208,0.3901156796500694,-85.78338367029185,-0.6817982044692934,19.60942328830308,-0.3631405746572389,41.721724630427616,0.46936119399453624,-0.11597933155641818,-0.018514,0.11368344797279012,0.044286,1,1.0
335,0.015011413526632208,0.0038604826632933024,0.012494,1.1211449964209517,4.787338469101568,-9.929769504595253,-0.09541412599521903,-2.4863027569365608,0.3901156796500694,-19.40267755206045,-0.6817982044692934,75.23452845048675,-0.3631405746572389,8.216536044998106,0.46936119399453624,-0.036468882042811845,-0.018514,0.036274834820562485,0.044286,1,1.0
336,0.19738803040627823,0.027241907274424132,0.012494,1.1211449964209517,4.787338469101568,-30.019896092995136,-0.09541412599521903,-7.708539934850365,0.3901156796500694,-14.34379207077435,-0.6817982044692934,51.43015770145085,-0.3631405746572389,29.36330337772273,0.46936119399453624,-0.06870694112492531,-0.018514,0.06948204412990694,0.044286,1,1.0
337,0.008601126178440735,0.0025658473047458167,0.012494,1.1211449964209517,4.787338469101568,-6.605260549902041,-0.09541412599521903,-1.505182552474547,0.3901156796500694,-13.995748049064478,-0.6817982044692934,60.17417482169415,-0.3631405746572389,4.814668989465817,0.46936119399453624,-0.0313345717007172,-0.018514,0.03163476574269067,0.044286,1,1.0
338,0.07464730987503776,0.0011074962777187511,0.012494,1.1211449964209517,4.787338469101568,-28.636140709757935,-0.09541412599521903,5.9723787115091795,0.3901156796500694,-56.18813375699316,-0.6817982044692934,67.83597931211861,-0.3631405746572389,33.41762691028187,0.46936119399453624,-0.018354241853458242,-0.018514,0.018397089290866205,0.044286,1,1.0
339,0.2868743637183338,0.03396442309012668,0.012494,1.1211449964209517,4.787338469101568,-47.12207193492891,-0.09541412599521903,-1.0639698678099845,0.3901156796500694,-40.50457198417887,-0.6817982044692934,90.99992609493835,-0.3631405746572389,46.55173344992984,0.46936119399453624,-0.0864767657800979,-0.018514,0.08643785347293544,0.044286,1,1.0
340,0.13450142791784153,0.0021066375428863446,0.012494,1.1211449964209517,4.787338469101568,-25.371194786823004,-0.09541412599521903,6.783921125717024,0.3901156796500694,-32.12565804464253,-0.6817982044692934,-7.544682148708518,-0.3631405746572389,30.721401049473027,0.46936119399453624,-0.025392564137433734,-0.018514,0.02581419409656283,0.044286,1,1.0
341,0.061447945275200797,0.0018866593668084373,0.012494,1.1211449964209517,4.787338469101568,-32.33430542439197,-0.09541412599521903,8.110476539833174,0.3901156796500694,-70.95209714649255,-0.6817982044692934,89.48169185200463,-0.3631405746572389,38.10969686728135,0.46936119399453624,-0.028028516182667957,-0.018514,0.027905690039586286,0.044286,1,1.0
342,0.12451048556055477,0.0028590858349952686,0.012494,1.1211449964209517,4.787338469101568,-31.504084949583703,-0.09541412599521903,8.97162825492587,0.3901156796500694,-52.005188340955144,-0.6817982044692934,21.79092503620223,-0.3631405746572389,38.30608225451831,0.46936119399453624,-0.03469316194526287,-0.018514,0.03502693014659694,0.044286,1,1.0
343,0.17604657391846912,0.004822824542491784,0.012494,1.1211449964209517,4.787338469101568,-33.07709505649968,-0.09541412599521903,3.005001984973763,0.3901156796500694,-37.05564063260722,-0.6817982044692934,31.228919338229122,-0.3631405746572389,36.770079395742016,0.46936119399453624,-0.015889500118953542,-0.018514,0.015973780236188048,0.044286,1,1.0
344,0.5752299441803146,0.1474012526830537,0.012494,1.1211449964209517,4.787338469101568,99.99297227569554,-0.09541412599521903,64.17341598751923,0.3901156796500694,-48.03350174132369,-0.6817982044692934,-42.444523422210224,-0.3631405746572389,-19.90058213838988,0.46936119399453624,0.3261279858717388,-0.018514,1.0697633170830478,0.044286,0,1.0
345,0.07322361846779066,0.001076248045708917,0.012494,1.1211449964209517,4.787338469101568,-22.46051700416285,-0.09541412599521903,5.784323380820947,0.3901156796500694,-40.79855731811087,-0.6817982044692934,31.55878049498276,-0.3631405746572389,26.998022313988635,0.46936119399453624,-0.021002016814374296,-0.018514,0.021076864657078406,0.044286,1,1.0
346,0.44059707179291013,0.018552388595425504,0.012494,1.1211449964209517,4.787338469101568,-76.72487976599908,-0.09541412599521903,17.96533407001472,0.3901156796500694,-86.14239137481556,-0.6817982044692934,-34.62786312628197,-0.3631405746572389,91.95190331545014,0.46936119399453624,-0.06053203608406529,-0.018514,0.06352220173094969,0.044286,1,1.0
347,0.09608959950269083,0.0014205731375325527,0.012494,1.1211449964209517,4.787338469101568,-23.0014350498229,-0.09541412599521903,3.9590419840691884,0.3901156796500694,-34.47804531438818,-0.6817982044692934,26.560333435603205,-0.3631405746572389,26.88250570037674,0.46936119399453624,-0.009757978475811753,-0.018514,0.010497253568923582,0.044286,1,1.0
348,0.5232142487381594,0.13422537751282493,0.012494,1.1211449964209517,4.787338469101568,98.26608061332232,-0.09541412599521903,60.25034025130781,0.3901156796500694,-63.04583723530098,-0.6817982044692934,8.579919454792062,-0.3631405746572389,-17.681446364770274,0.46936119399453624,0.32604843949209694,-0.018514,1.073189777244787,0.044286,0,1.0
349,0.31834341590533194,0.010157045496384562,0.012494,1.1211449964209517,4.787338469101568,-62.858487326534224,-0.09541412599521903,14.226848632169233,0.3901156796500694,-82.0382714511152,-0.6817982044692934,16.18312302508142,-0.3631405746572389,74.38132878055914,0.46936119399453624,-0.04540933843628205,-0.018514,0.0469907816679438,0.044286,1,1.0
350,0.006616879865530639,0.13570567782640647,0.012494,1.1211449964209517,4.787338469101568,42.768333063273545,-0.09541412599521903,13.514309548220647,0.3901156796500694,-14.80776676892275,-0.6817982044692934,79.3303176238236,-0.3631405746572389,-26.29470873575526,0.46936119399453624,0.1263840959286894,-0.018514,0.257740060815025,0.044286,0,1.0
351,0.1948912889501303,0.0066179886308046,0.012494,1.1211449964209517,4.787338469101568,-35.791270221452805,-0.09541412599521903,11.664856417572041,0.3901156796500694,-45.15954816869493,-0.6817982044692934,-37.495503902865295,-0.3631405746572389,45.11254034684228,0.46936119399453624,-0.05346065978206259,-0.018514,0.05410219206184527,0.044286,1,1.0
352,0.13948396428587811,0.008068192784002677,0.012494,1.1211449964209517,4.787338469101568,-48.26883687363209,-0.09541412599521903,15.447070808376779,0.3901156796500694,-95.38555256487882,-0.6817982044692934,68.46695579156696,-0.3631405746572389,59.0990096331228,0.46936119399453624,-0.06220828979942065,-0.018514,0.06267977520111828,0.044286,1,1.0
353,0.08630832892156827,0.024303459147387636,0.012494,1.1211449964209517,4.787338469101568,-21.938338747953377,-0.09541412599521903,18.51961679889762,0.3901156796500694,-47.66507434299394,-0.6817982044692934,-43.636289964847826,-0.3631405746572389,31.481824754799213,0.46936119399453624,-0.09533841123372358,-0.018514,0.09745995999566628,0.044286,1,1.0
354,0.13400289700808954,0.0066516312242355284,0.012494,1.1211449964209517,4.787338469101568,-29.25971153586053,-0.09541412599521903,0.6118429207161962,0.3901156796500694,-37.47541811812965,-0.6817982044692934,67.36244575214856,-0.3631405746572389,30.73895570447934,0.46936119399453624,-0.03308003376354383,-0.018514,0.032872793304665034,0.044286,1,1.0
355,0.4528689083396337,0.019631296305787103,0.012494,1.1211449964209517,4.787338469101568,-77.14748884177861,-0.09541412599521903,19.957120455670918,0.3901156796500694,-84.26093889149976,-0.6817982044692934,-64.65355293926454,-0.3631405746572389,93.82992594816776,0.46936119399453624,-0.07739355471218046,-0.018514,0.07747798810821627,0.044286,1,1.0
356,0.20893947928924334,0.006182248613052129,0.012494,1.1211449964209517,4.787338469101568,-38.447306541793466,-0.09541412599521903,11.205847146880824,0.3901156796500694,-47.19510385039822,-0.6817982044692934,-35.4278347303437,-0.3631405746572389,48.02999953567241,0.46936119399453624,-0.05084293375452104,-0.018514,0.05085190414684542,0.044286,1,1.0
357,0.36466754802085183,0.01058382172353591,0.012494,1.1211449964209517,4.787338469101568,-47.245018205498134,-0.09541412599521903,9.044726995148723,0.3901156796500694,-25.385615231204405,-0.6817982044692934,-81.70206908967715,-0.3631405746572389,55.391966263570126,0.46936119399453624,-0.02593837058916044,-0.018514,0.026005300164964554,0.044286,1,1.0
358,0.02564331189676075,0.0005628764455720994,0.012494,1.1211449964209517,4.787338469101568,-4.0208595646122545,-0.09541412599521903,-0.2095739835129894,0.3901156796500694,-3.282197572057064,-0.6817982044692934,11.33170079356047,-0.3631405746572389,3.6537280192333474,0.46936119399453624,-0.010999775697828071,-0.018514,0.01124836946724918,0.044286,1,1.0
359,0.2921449945145208,0.008286042604027962,0.012494,1.1211449964209517,4.787338469101568,-50.7651794525157,-0.09541412599521903,10.115821040640828,0.3901156796500694,-54.90771749030318,-0.6817982044692934,-19.718758634929713,-0.3631405746572389,60.500630475152235,0.46936119399453624,-0.03145593411997459,-0.018514,0.032973584206702725,0.044286,1,1.0
360,0.30848983993629087,0.013882006745115676,0.012494,1.1211449964209517,4.787338469101568,-60.64042776597596,-0.09541412599521903,18.41590305365298,0.3901156796500694,-81.5901899708021,-0.6817982044692934,-28.933732337283452,-0.3631405746572389,74.97175979316685,0.46936119399453624,-0.07774373513403526,-0.018514,0.0779321313880697,0.044286,1,1.0
361,0.15245779080862115,0.029373562338284222,0.012494,1.1211449964209517,4.787338469101568,-24.20020460225609,-0.09541412599521903,20.457352007518796,0.3901156796500694,-38.90439479413184,-0.6817982044692934,-57.06749130213913,-0.3631405746572389,32.0372466951497,0.46936119399453624,-0.095795933441606,-0.018514,0.09912840392151934,0.044286,1,1.0
362,0.18399731622947307,0.004370125226681608,0.012494,1.1211449964209517,4.787338469101568,-45.32819105869792,-0.09541412599521903,10.973562883505705,0.3901156796500694,-71.87710935820824,-0.6817982044692934,39.60504515901926,-0.3631405746572389,54.16139939021038,0.46936119399453624,-0.03799902544807829,-0.018514,0.038334527150049064,0.044286,1,1.0
363,0.3766288275427966,0.11118561396000966,0.012494,1.1211449964209517,4.787338469101568,99.98065372719623,-0.09541412599521903,50.91495444519998,0.3901156796500694,-61.016557438988976,-0.6817982044692934,93.21788591103048,-0.3631405746572389,-30.677442111865705,0.46936119399453624,0.33970269029043315,-0.018514,0.9498738160178077,0.044286,0,1.0
364,0.07902402075629934,0.0013284710297811015,0.012494,1.1211449964209517,4.787338469101568,-30.162517597730208,-0.09541412599521903,5.846180890576265,0.3901156796500694,-58.651753009592625,-0.6817982044692934,71.6780422775498,-0.3631405746572389,35.181175707532,0.46936119399453624,-0.016785163764181654,-0.018514,0.01703736525103544,0.044286,1,1.0
365,0.2721443224858192,0.008820997645303152,0.012494,1.1211449964209517,4.787338469101568,-56.59508034238861,-0.09541412599521903,14.937512968284961,0.3901156796500694,-79.12217834409455,-0.6817982044692934,12.564404339823337,-0.3631405746572389,67.79381300003358,0.46936119399453624,-0.05439530378336224,-0.018514,0.0539647760259855,0.044286,1,1.0
366,0.22230057036000608,0.004831344100742346,0.012494,1.1211449964209517,4.787338469101568,-42.10465086498506,-0.09541412599521903,8.803322891623642,0.3901156796500694,-51.55616296637634,-0.6817982044692934,2.875616339756293,-0.3631405746572389,49.8601143868948,0.46936119399453624,-0.027109660243090986,-0.018514,0.027939780439381376,0.044286,1,1.0
367,0.011552241006310512,0.022545517455090824,0.012494,1.1211449964209517,4.787338469101568,-2.6234657020998418,-0.09541412599521903,12.433980629058125,0.3901156796500694,-17.240415451299103,-0.6817982044692934,5.68343705807923,-0.3631405746572389,2.768295440785964,0.46936119399453624,-0.07103942213785377,-0.018514,0.0706462835812118,0.044286,1,1.0
368,0.0037990963343728923,0.07204754400812771,0.012494,1.1211449964209517,4.787338469101568,13.060109932401504,-0.09541412599521903,14.477043793528939,0.3901156796500694,-10.972819838722033,-0.6817982044692934,30.10870305468412,-0.3631405746572389,-11.023644115989555,0.46936119399453624,-0.02351918612849256,-0.018514,0.12001027675789848,0.044286,1,1.0
369,0.5786692470862806,0.14557738596825417,0.012494,1.1211449964209517,4.787338469101568,99.82669237449909,-0.09541412599521903,63.64922781060953,0.3901156796500694,-53.850181972868896,-0.6817982044692934,-37.32321401817502,-0.3631405746572389,-17.064608572170755,0.46936119399453624,0.32345999219151833,-0.018514,1.0997799215355832,0.044286,0,1.0
370,0.24490149345620343,0.005829628667030413,0.012494,1.1211449964209517,4.787338469101568,-41.34257388987301,-0.09541412599521903,10.055614743624771,0.3901156796500694,-44.18807702865658,-0.6817982044692934,-32.59770639117524,-0.3631405746572389,50.071959028569474,0.46936119399453624,-0.03726299592765786,-0.018514,0.03802532192750864,0.044286,1,1.0
371,0.22564428256990504,0.004351081273258097,0.012494,1.1211449964209517,4.787338469101568,-30.496944913870315,-0.09541412599521903,6.39746240058434,0.3901156796500694,-19.872669182756955,-0.6817982044692934,-40.61902391437686,-0.3631405746572389,35.3966643152455,0.46936119399453624,-0.020176055038793137,-0.018514,0.02009113581700989,0.044286,1,1.0
372,0.2594568379637713,0.011695270649592953,0.012494,1.1211449964209517,4.787338469101568,-32.10998005407721,-0.09541412599521903,1.3788934029588154,0.3901156796500694,-11.079397355180499,-0.6817982044692934,-20.36643695435029,-0.3631405746572389,34.30851897090495,0.46936119399453624,-0.029973865253722975,-0.018514,0.030865351998466274,0.044286,1,1.0
373,0.3599944251244983,0.012022856592197508,0.012494,1.1211449964209517,4.787338469101568,-58.33073401426016,-0.09541412599521903,15.03409268717771,0.3901156796500694,-59.011788226599826,-0.6817982044692934,-61.172498293315314,-0.3631405746572389,70.87682379667486,0.46936119399453624,-0.057553860884822006,-0.018514,0.05808050515161234,0.044286,1,1.0
374,0.10956216447118275,0.0025211807972177437,0.012494,1.1211449964209517,4.787338469101568,-21.57986775008045,-0.09541412599521903,1.5990378968450234,0.3901156796500694,-24.840215195274947,-0.6817982044692934,18.39291158477084,-0.3631405746572389,24.42624454381331,0.46936119399453624,-0.004642131384677576,-0.018514,0.004353346269790121,0.044286,1,1.0
375,0.1359195782466155,0.0038930964839278947,0.012494,1.1211449964209517,4.787338469101568,-25.046324169760393,-0.09541412599521903,9.466774781315314,0.3901156796500694,-33.797203292135,-0.6817982044692934,-14.847147610948154,-0.3631405746572389,30.747958885577603,0.46936119399453624,-0.038854012270952615,-0.018514,0.03959502579669062,0.044286,1,1.0
376,0.024678495809312237,0.01027931834455818,0.012494,1.1211449964209517,4.787338469101568,-17.495332414944635,-0.09541412599521903,12.139550079787654,0.3901156796500694,-46.980772292684364,-0.6817982044692934,4.477097291078496,-0.3631405746572389,24.55853439630116,0.46936119399453624,-0.06449562624150804,-0.018514,0.06448099089801726,0.044286,1,1.0
377,0.13654521223437555,0.002071571050871111,0.012494,1.1211449964209517,4.787338469101568,-25.18807880756424,-0.09541412599521903,5.819730470057633,0.3901156796500694,-30.008224150272003,-0.6817982044692934,-10.51964116166175,-0.3631405746572389,30.550040345020296,0.46936119399453624,-0.021850382895479668,-0.018514,0.02226568977861498,0.044286,1,1.0
378,0.16711348462359416,0.003092258512420074,0.012494,1.1211449964209517,4.787338469101568,-34.44121012405452,-0.09541412599521903,8.01178638611238,0.3901156796500694,-46.36458300381539,-0.6817982044692934,1.6367032770273684,-0.3631405746572389,41.6643423698446,0.46936119399453624,-0.02991624512124846,-0.018514,0.029941460701295563,0.044286,1,1.0
379,0.04019737624738741,0.0024141646371506334,0.012494,1.1211449964209517,4.787338469101568,-19.09311329235096,-0.09541412599521903,4.776175885156191,0.3901156796500694,-42.25869989827006,-0.6817982044692934,78.00637117675862,-0.3631405746572389,20.349335554772097,0.46936119399453624,-0.030747631127428447,-0.018514,0.030995601172495786,0.044286,1,1.0
380,0.10160496372567991,0.0015893857720296954,0.012494,1.1211449964209517,4.787338469101568,-27.36774664300363,-0.09541412599521903,3.940724913057723,0.3901156796500694,-43.97316490523837,-0.6817982044692934,52.811248160812575,-0.3631405746572389,31.011361666446682,0.46936119399453624,-0.012167492571210577,-0.018514,0.012132994619524013,0.044286,1,1.0
381,0.08145803305847778,0.0008102884427551244,0.012494,1.1211449964209517,4.787338469101568,-19.983318109752805,-0.09541412599521903,4.7987693497905335,0.3901156796500694,-31.671799552793715,-0.6817982044692934,20.121707921443846,-0.3631405746572389,23.640101271671153,0.46936119399453624,-0.016150260679345885,-0.018514,0.016211663582456425,0.044286,1,1.0
382,0.15265399952248102,0.002114322145836175,0.012494,1.1211449964209517,4.787338469101568,-18.57280324890907,-0.09541412599521903,5.589006972308376,0.3901156796500694,-9.027295166577217,-0.6817982044692934,-52.86191290503586,-0.3631405746572389,22.801989049696203,0.46936119399453624,-0.022923251998342026,-0.018514,0.022826177848432154,0.044286,1,1.0
383,0.11656149180716971,0.002112360013166818,0.012494,1.1211449964209517,4.787338469101568,-22.559429660428023,-0.09541412599521903,4.851175064330984,0.3901156796500694,-29.349689288348987,-0.6817982044692934,21.159746315633935,-0.3631405746572389,25.35882113411948,0.46936119399453624,-0.020001664919035315,-0.018514,0.020535067993021232,0.044286,1,1.0
384,0.36545254936372007,0.011446284743590825,0.012494,1.1211449964209517,4.787338469101568,-60.04776930731374,-0.09541412599521903,11.91925952825704,0.3901156796500694,-59.84985351016447,-0.6817982044692934,-21.13769571338922,-0.3631405746572389,69.95636887020663,0.46936119399453624,-0.0354268494620737,-0.018514,0.03532128864842821,0.044286,1,1.0
385,0.1702718014393631,0.003864144556156644,0.012494,1.1211449964209517,4.787338469101568,-34.034432679086564,-0.09541412599521903,9.092534207264645,0.3901156796500694,-45.28228392534339,-0.6817982044692934,-11.963441916395974,-0.3631405746572389,41.92111045167429,0.46936119399453624,-0.038218861789014555,-0.018514,0.03832112387803542,0.044286,1,1.0
386,0.10316739578774917,0.002036968027877791,0.012494,1.1211449964209517,4.787338469101568,-13.608047706083015,-0.09541412599521903,-0.19221002854245892,0.3901156796500694,-4.963011439616202,-0.6817982044692934,-16.681411953068235,-0.3631405746572389,15.543908591156384,0.46936119399453624,-0.00753307597212538,-0.018514,0.0076086343304540074,0.044286,1,1.0
387,0.35327239644387537,0.01213974583140709,0.012494,1.1211449964209517,4.787338469101568,-69.11100416383651,-0.09541412599521903,11.639073301750182,0.3901156796500694,-85.4284540680735,-0.6817982044692934,36.32943392654238,-0.3631405746572389,79.94290389974596,0.46936119399453624,-0.030168118973307675,-0.018514,0.03019575239482634,0.044286,1,1.0
388,0.06353728957179734,0.001412832370100372,0.012494,1.1211449964209517,4.787338469101568,-32.16173324773607,-0.09541412599521903,5.649594780958151,0.3901156796500694,-67.47658817574789,-0.6817982044692934,91.98929732963865,-0.3631405746572389,37.545923012529926,0.46936119399453624,-0.014913851025153744,-0.018514,0.014953857487114698,0.044286,1,1.0
389,0.022198500252871817,0.0005229599888634268,0.012494,1.1211449964209517,4.787338469101568,-15.612128813371491,-0.09541412599521903,3.64292393212797,0.3901156796500694,-35.83836027330112,-0.6817982044692934,44.97900110455051,-0.3631405746572389,18.737568719157714,0.46936119399453624,-0.012794925100790392,-0.018514,0.012888994142061884,0.044286,1,1.0
390,0.12450334826840267,0.002757084772610445,0.012494,1.1211449964209517,4.787338469101568,-29.231506917598868,-0.09541412599521903,3.869339159919683,0.3901156796500694,-42.60263233088503,-0.6817982044692934,52.514458438104604,-0.3631405746572389,32.437149090268576,0.46936119399453624,-0.018583634717956952,-0.018514,0.018448277786565735,0.044286,1,1.0
391,0.20993970169127704,0.006374712708683252,0.012494,1.1211449964209517,4.787338469101568,-46.186398940045635,-0.09541412599521903,12.014484331236485,0.3901156796500694,-67.22109978685529,-0.6817982044692934,5.598586834259788,-0.3631405746572389,56.52890498640694,0.46936119399453624,-0.04817173626902974,-0.018514,0.04867278823758651,0.044286,1,1.0
392,0.009687175508558356,0.0004557260415393863,0.012494,1.1211449964209517,4.787338469101568,-4.857100213349388,-0.09541412599521903,0.14943997098690637,0.3901156796500694,-9.964747135679954,-0.6817982044692934,26.525837320496336,-0.3631405746572389,4.670667866409034,0.46936119399453624,-0.010623953854941014,-0.018514,0.010510523308574013,0.044286,1,1.0
393,0.16873494477113066,0.00399169814900468,0.012494,1.1211449964209517,4.787338469101568,-38.412030985813296,-0.09541412599521903,6.32018295625292,0.3901156796500694,-55.59544123993139,-0.6817982044692934,49.349753627401014,-0.3631405746572389,44.02619024356481,0.46936119399453624,-0.017028434311462417,-0.018514,0.01848161926938927,0.044286,1,1.0
394,0.46327979315223583,0.12758284193142116,0.012494,1.1211449964209517,4.787338469101568,99.97111375695181,-0.09541412599521903,56.166912802904534,0.3901156796500694,-49.80036103405082,-0.6817982044692934,28.157691235077046,-0.3631405746572389,-27.773161164005195,0.46936119399453624,0.3352463146093637,-0.018514,0.981221497147518,0.044286,0,1.0
395,0.33459813530307836,0.009934341874560257,0.012494,1.1211449964209517,4.787338469101568,-49.49936062068308,-0.09541412599521903,9.04787701358685,0.3901156796500694,-38.22882106941244,-0.6817982044692934,-67.19710800605765,-0.3631405746572389,59.515727435119125,0.46936119399453624,-0.03237920162731642,-0.018514,0.03250913738742464,0.044286,1,1.0
396,0.40978876987174834,0.12513151103951559,0.012494,1.1211449964209517,4.787338469101568,99.99905334954676,-0.09541412599521903,46.66245329843585,0.3901156796500694,-30.13185899303563,-0.6817982044692934,53.95960588437171,-0.3631405746572389,-37.59510609000827,0.46936119399453624,0.3498146149022369,-0.018514,0.87201082657016,0.044286,0,1.0
397,0.19949823142124834,0.008726075285378776,0.012494,1.1211449964209517,4.787338469101568,-44.49714352957528,-0.09541412599521903,14.419482039176842,0.3901156796500694,-67.87084481484621,-0.6817982044692934,-5.510773485257895,-0.3631405746572389,55.37792859849988,0.46936119399453624,-0.06291958340911952,-0.018514,0.06256097961758436,0.044286,1,1.0
398,0.018470459733466907,0.0063477461043058864,0.012494,1.1211449964209517,4.787338469101568,-19.76368165019195,-0.09541412599521903,8.592469955771158,0.3901156796500694,-50.46187650659938,-0.6817982044692934,23.257293171195393,-0.3631405746572389,26.918721042452617,0.46936119399453624,-0.05118178614055476,-0.018514,0.051275466753334865,0.044286,1,1.0
399,0.009099395562026213,0.034307246953909236,0.012494,1.1211449964209517,4.787338469101568,-26.31877271074959,-0.09541412599521903,20.44681818186653,0.3901156796500694,-80.27593997009926,-0.6817982044692934,9.329395998861628,-0.3631405746572389,38.65480202349171,0.46936119399453624,-0.11376724744184058,-0.018514,0.11545022110621075,0.044286,1,1.0
400,0.9184716872152825,0.31678410207464563,0.012494,2.1555968919717063,3.134572259162862,99.46798518636359,-0.09541412599521903,26.20340598676305,0.3901156796500694,-79.1090571389872,-0.6817982044692934,-58.893645491091995,-0.3631405746572389,19.535327731916244,0.46936119399453624,0.3718990173628425,-0.018514,0.7684770161115104,0.044286,0,1.0
401,0.01010370285736939,0.11435024559814154,0.012494,2.1555968919717063,3.134572259162862,92.3944024212281,-0.09541412599521903,9.686491718473375,0.3901156796500694,-52.55747883058549,-0.6817982044692934,49.67771780893051,-0.3631405746572389,-22.160012884376588,0.46936119399453624,0.38548787721292643,-0.018514,0.7917821439363621,0.044286,0,1.0
402,-0.000979317592385176,0.39841722591647766,0.012494,2.1555968919717063,3.134572259162862,57.63403878594061,-0.09541412599521903,2.1544060398489577,0.3901156796500694,-23.20851905355536,-0.6817982044692934,74.33476766747457,-0.3631405746572389,-26.467802115248357,0.46936119399453624,0.18585191762367986,-0.018514,0.9890389909355037,0.044286,0,1.0
403,0.5954710445271241,0.05202547028846054,0.012494,2.1555968919717063,3.134572259162862,-42.81053119826118,-0.09541412599521903,2.9705923598642334,0.3901156796500694,-25.536041930878344,-0.6817982044692934,-13.172881670936523,-0.3631405746572389,51.02906114832001,0.46936119399453624,-0.04560580027144004,-0.018514,0.04583087314633508,0.044286,1,1.0
404,0.44419411871617626,0.05708648883718314,0.012494,2.1555968919717063,3.134572259162862,-30.221077377723685,-0.09541412599521903,7.579204682310325,0.3901156796500694,-53.07426855577132,-0.6817982044692934,0.625770117451958,-0.3631405746572389,53.270004191444926,0.46936119399453624,-0.15129737508615065,-0.018514,0.14990177835418234,0.044286,1,1.0
405,0.019533039367421567,0.0808368768877806,0.012494,2.1555968919717063,3.134572259162862,12.277428158687394,-0.09541412599521903,7.7785641763997315,0.3901156796500694,-42.09440424114648,-0.6817982044692934,9.182619639420356,-0.3631405746572389,14.349214207255239,0.46936119399453624,-0.09616783106652455,-0.018514,0.1819137519616238,0.044286,1,1.0
406,0.6799908603246574,0.2085521010071473,0.012494,2.1555968919717063,3.134572259162862,1.5782850368318277,-0.09541412599521903,13.22792133302022,0.3901156796500694,-41.80705834043492,-0.6817982044692934,-63.895110694401545,-0.3631405746572389,44.68736878044048,0.46936119399453624,-0.29714080438805196,-0.018514,0.3026484433338797,0.044286,1,1.0
407,0.2830410657075868,0.011638564608802759,0.012494,2.1555968919717063,3.134572259162862,-29.0045265265145,-0.09541412599521903,1.9202133277708249,0.3901156796500694,-23.786868012008775,-0.6817982044692934,7.337247874020859,-0.3631405746572389,32.73923892427373,0.46936119399453624,-0.022953277935353383,-0.018514,0.02537239687797067,0.044286,1,1.0
408,0.7302105233857297,0.09797083404022608,0.012494,2.1555968919717063,3.134572259162862,-22.152746372204305,-0.09541412599521903,5.029122141162433,0.3901156796500694,-3.517895629409929,-0.6817982044692934,-60.06617055911369,-0.3631405746572389,36.99040957989175,0.46936119399453624,-0.10080363419385717,-0.018514,0.0971224975749597,0.044286,1,1.0
409,0.3645691759862164,0.04541224810425453,0.012494,2.1555968919717063,3.134572259162862,-36.80050144673318,-0.09541412599521903,6.5205084950151395,0.3901156796500694,-64.20636092220721,-0.6817982044692934,22.2612760603007,-0.3631405746572389,59.16766154088708,0.46936119399453624,-0.1347785731583072,-0.018514,0.13684068880151556,0.044286,1,1.0
410,1.039806724515694,0.18300753740721742,0.012494,2.1555968919717063,3.134572259162862,-79.22798154853963,-0.09541412599521903,1.7564725166709025,0.3901156796500694,-20.291006677944075,-0.6817982044692934,-28.250331066050265,-0.3631405746572389,78.1971708648574,0.46936119399453624,-0.02660538803404827,-0.018514,0.026082993254018996,0.044286,1,1.0
411,0.26159044754638516,0.01297983000892971,0.012494,2.1555968919717063,3.134572259162862,-68.19116522516408,-0.09541412599521903,4.807132386544868,0.3901156796500694,-86.83579572072911,-0.6817982044692934,74.73917904013035,-0.3631405746572389,76.55898153270192,0.46936119399453624,-0.06577123993296491,-0.018514,0.06581253408839993,0.044286,1,1.0
412,0.7517833820642646,0.28901396457029455,0.012494,2.1555968919717063,3.134572259162862,96.87811653954559,-0.09541412599521903,21.885984922028555,0.3901156796500694,-52.81989394688842,-0.6817982044692934,-62.5671128416187,-0.3631405746572389,3.163121677515032,0.46936119399453624,0.34922837288655895,-0.018514,0.6483643470755784,0.044286,0,1.0
413,0.04617246794984564,0.1524600592912436,0.012494,2.1555968919717063,3.134572259162862,25.71526754062231,-0.09541412599521903,11.751367862018542,0.3901156796500694,-63.1617534695757,-0.6817982044692934,16.71100461651719,-0.3631405746572389,18.23714712878493,0.46936119399453624,-0.050101187224181,-0.018514,0.29321394193572703,0.044286,1,1.0
414,0.8966053183940894,0.16478621516821654,0.012494,2.1555968919717063,3.134572259162862,-96.83887997507054,-0.09541412599521903,0.5147405815677244,0.3901156796500694,-33.54357182497558,-0.6817982044692934,10.781655555585328,-0.3631405746572389,84.19820700432973,0.46936119399453624,-0.10979322394520752,-0.018514,0.10959433157088724,0.044286,1,1.0
415,0.09976946024931,0.0482397010978179,0.012494,2.1555968919717063,3.134572259162862,82.61410760068674,-0.09541412599521903,19.229323568615598,0.3901156796500694,-96.60402756966482,-0.6817982044692934,45.815456624689595,-0.3631405746572389,4.3823238368497295,0.46936119399453624,0.44992727562379553,-0.018514,0.5648653885360106,0.044286,0,1.0
416,0.3750148674566097,0.13180561412018207,0.012494,2.1555968919717063,3.134572259162862,31.23493345820631,-0.09541412599521903,9.820253380190548,0.3901156796500694,-8.926600650380143,-0.6817982044692934,-72.72535916361826,-0.3631405746572389,6.64991347013925,0.46936119399453624,-0.24617684481211044,-0.018514,0.24924547857606683,0.044286,1,1.0
417,-0.0003179474176669417,0.11610237779228805,0.012494,2.1555968919717063,3.134572259162862,3.627964556051725,-0.09541412599521903,4.576350772465328,0.3901156796500694,-51.09741561838724,-0.6817982044692934,50.64954719565125,-0.3631405746572389,19.389477277074473,0.46936119399453624,0.1339306841469225,-0.018514,0.18779325671655372,0.044286,0,1.0
418,0.2327389656585006,0.07807449798141801,0.012494,2.1555968919717063,3.134572259162862,71.74318828276722,-0.09541412599521903,19.704414757910232,0.3901156796500694,-99.98494990380472,-0.6817982044692934,41.825711766808745,-0.3631405746572389,14.970461770700908,0.46936119399453624,0.4383357989160956,-0.018514,0.5645148795257995,0.044286,0,1.0
419,0.09330300313560042,0.052880726741978315,0.012494,2.1555968919717063,3.134572259162862,-63.71107221998205,-0.09541412599521903,-4.366733252409732,0.3901156796500694,-31.529534346604194,-0.6817982044692934,68.8502525537535,-0.3631405746572389,42.63048041926227,0.46936119399453624,-0.1448211542206157,-0.018514,0.14369564817905262,0.044286,1,1.0
420,0.24357720899929813,0.046576715736732964,0.012494,2.1555968919717063,3.134572259162862,-13.277926927545641,-0.09541412599521903,7.29345652687218,0.3901156796500694,-46.07067107741025,-0.6817982044692934,2.964729462145669,-0.3631405746572389,35.71219772779824,0.46936119399453624,-0.15110127440932666,-0.018514,0.1506916107573724,0.044286,1,1.0
421,0.7370927716247423,0.1128127197150281,0.012494,2.1555968919717063,3.134572259162862,-28.96330636926462,-0.09541412599521903,8.674703324841463,0.3901156796500694,-37.87349644095788,-0.6817982044692934,-39.95343205468055,-0.3631405746572389,56.43857146352674,0.46936119399453624,-0.17625967096705936,-0.018514,0.17749191242319123,0.044286,1,1.0
422,0.00022945275882024774,0.09736392976483174,0.012494,2.1555968919717063,3.134572259162862,72.68128931282475,-0.09541412599521903,10.759587165962962,0.3901156796500694,-63.95837449803305,-0.6817982044692934,69.6386634527489,-0.3631405746572389,-12.573096008559999,0.46936119399453624,0.38177624240510144,-0.018514,0.7604028083186976,0.044286,0,1.0
423,0.2047605172191504,0.023802629274556418,0.012494,2.1555968919717063,3.134572259162862,-61.89495457857041,-0.09541412599521903,6.4527580124704915,0.3901156796500694,-94.97766162352241,-0.6817982044692934,77.69050369831355,-0.3631405746572389,75.71466798760045,0.46936119399453624,-0.09988684522041907,-0.018514,0.10183070792247167,0.044286,1,1.0
424,0.007594987437729128,0.1226174725552193,0.012494,2.1555968919717063,3.134572259162862,36.006982615559906,-0.09541412599521903,9.290047830132709,0.3901156796500694,-34.36061014480264,-0.6817982044692934,-4.124435895624804,-0.3631405746572389,-0.6793623759118977,0.46936119399453624,-0.02757189562265172,-0.018514,0.240010331493827,0.044286,1,1.0
425,0.0026977421348297614,0.13957760070842823,0.012494,2.1555968919717063,3.134572259162862,64.35328688938411,-0.09541412599521903,8.58048701631885,0.3901156796500694,-17.213962224655575,-0.6817982044692934,-17.231935808622207,-0.3631405746572389,-21.192499433061577,0.46936119399453624,0.13173454845796242,-0.018514,0.2839786770467774,0.044286,0,1.0
426,0.007132076196465553,0.0669996248041788,0.012494,2.1555968919717063,3.134572259162862,-2.7240786788256584,-0.09541412599521903,6.999059817214501,0.3901156796500694,-53.4626192753173,-0.6817982044692934,30.99841383161619,-0.3631405746572389,24.85285646891879,0.46936119399453624,-0.06676790250976535,-0.018514,0.15444786235140145,0.044286,1,1.0
427,0.0008983236124292526,0.1379270267267615,0.012494,2.1555968919717063,3.134572259162862,28.074414622753796,-0.09541412599521903,7.097840078162691,0.3901156796500694,-49.41790884130633,-0.6817982044692934,42.537170530778766,-0.3631405746572389,6.261967851394905,0.46936119399453624,0.21895506788012925,-0.018514,0.2813790358510944,0.044286,0,1.0
428,0.382768492966981,0.02471153170305011,0.012494,2.1555968919717063,3.134572259162862,-33.603560000200076,-0.09541412599521903,1.3238099791607099,0.3901156796500694,-14.805817927952369,-0.6817982044692934,-3.0644002936481933,-0.3631405746572389,33.42582420602808,0.46936119399453624,-0.02390286723910962,-0.018514,0.02602544113368065,0.044286,1,1.0
429,0.00661204674087168,0.10084815650023136,0.012494,2.1555968919717063,3.134572259162862,11.79374750402232,-0.09541412599521903,8.40958702247701,0.3901156796500694,-54.870795368002234,-0.6817982044692934,22.320407519194312,-0.3631405746572389,20.196659485941318,0.46936119399453624,-0.07001455937292828,-0.018514,0.20886977177116833,0.044286,1,1.0
430,0.33107247615050434,0.015891022627058812,0.012494,2.1555968919717063,3.134572259162862,-40.53682670420776,-0.09541412599521903,1.6725541116864908,0.3901156796500694,-32.73425007175256,-0.6817982044692934,17.382214174642154,-0.3631405746572389,43.6075431993294,0.46936119399453624,-0.01564392738324041,-0.018514,0.014605023285060827,0.044286,1,1.0
431,0.6568458447861572,0.09086182514209226,0.012494,2.1555968919717063,3.134572259162862,-34.373588749197644,-0.09541412599521903,8.094438178592773,0.3901156796500694,-48.236145555508806,-0.6817982044692934,-20.688242871675236,-0.3631405746572389,61.00434732258703,0.46936119399453624,-0.1670668962707384,-0.018514,0.16741827481871302,0.044286,1,1.0
432,0.5503650387864154,0.06415728929767846,0.012494,2.1555968919717063,3.134572259162862,-67.16965970636156,-0.09541412599521903,9.163697723610165,0.3901156796500694,-95.069435146919,-0.6817982044692934,43.46620667237528,-0.3631405746572389,90.85512085346568,0.46936119399453624,-0.15734913301763667,-0.018514,0.15814784696175668,0.044286,1,1.0
433,0.0012575166985981934,0.06667916896296518,0.012494,2.1555968919717063,3.134572259162862,93.52895143679766,-0.09541412599521903,15.122556527417451,0.3901156796500694,-69.34031500363328,-0.6817982044692934,44.93871332581666,-0.3631405746572389,-17.368553058881204,0.46936119399453624,0.489006436680526,-0.018514,0.613074967440774,0.044286,0,1.0
434,-0.0048800005630667,0.22736685642547405,0.012494,2.1555968919717063,3.134572259162862,26.27983028608449,-0.09541412599521903,3.6135007418070164,0.3901156796500694,-13.84120522829554,-0.6817982044692934,30.311724447034273,-0.3631405746572389,-13.235038679912517,0.46936119399453624,0.08362562453417063,-0.018514,0.42419734231746586,0.044286,0,1.0
435,0.12226937559572981,0.013396940052730018,0.012494,2.1555968919717063,3.134572259162862,-62.2320291923543,-0.09541412599521903,4.603365299786766,0.3901156796500694,-88.82196105338967,-0.6817982044692934,85.3535857924726,-0.3631405746572389,69.911358169623,0.46936119399453624,-0.06361910611039544,-0.018514,0.0657415453302616,0.044286,1,1.0
436,0.16108164284612425,0.12073650410579272,0.012494,2.1555968919717063,3.134572259162862,25.47033219965048,-0.09541412599521903,10.145949012926298,0.3901156796500694,-30.472842584606564,-0.6817982044692934,-34.514483672604804,-0.3631405746572389,10.58012610936915,0.46936119399453624,-0.2412384549023892,-0.018514,0.24185465331098427,0.044286,1,1.0
437,0.6029135970288653,0.046103156198395945,0.012494,2.1555968919717063,3.134572259162862,-78.73604333162339,-0.09541412599521903,5.260146109715887,0.3901156796500694,-78.65132536978645,-0.6817982044692934,44.201777095606005,-0.3631405746572389,89.81512978629145,0.46936119399453624,-0.06663205460076291,-0.018514,0.0697208702699196,0.044286,1,1.0
438,0.05556508742669386,0.03752810304736154,0.012494,2.1555968919717063,3.134572259162862,-37.55313300258766,-0.09541412599521903,6.496670064563533,0.3901156796500694,-83.38478895443377,-0.6817982044692934,65.0705892031357,-0.3631405746572389,56.18631334818779,0.46936119399453624,-0.12015858673171886,-0.018514,0.12076484102942497,0.044286,1,1.0
439,0.4411495544807764,0.08606151688225885,0.012494,2.1555968919717063,3.134572259162862,-15.702728895188944,-0.09541412599521903,8.992314515587612,0.3901156796500694,-49.474615417290494,-0.6817982044692934,-14.265875097766502,-0.3631405746572389,46.03553251511771,0.46936119399453624,-0.18469192053228178,-0.018514,0.19608435248153377,0.044286,1,1.0
440,0.9005961155359989,0.2433800130293742,0.012494,2.1555968919717063,3.134572259162862,-26.271761196854442,-0.09541412599521903,13.93485893111476,0.3901156796500694,-63.30415138074249,-0.6817982044692934,-51.78876626170562,-0.3631405746572389,74.39611755529845,0.46936119399453624,-0.3083812687462768,-0.018514,0.3078564077156962,0.044286,1,1.0
441,0.09227628150126188,0.040604735913137006,0.012494,2.1555968919717063,3.134572259162862,-41.68915912437034,-0.09541412599521903,7.422650006191016,0.3901156796500694,-87.36652490430109,-0.6817982044692934,65.92645515025157,-0.3631405746572389,60.13533267351777,0.46936119399453624,-0.1326192515688936,-0.018514,0.13227799147180613,0.044286,1,1.0
442,0.009208425510588647,0.11298832916870574,0.012494,2.1555968919717063,3.134572259162862,-0.7294111767267822,-0.09541412599521903,8.911693850961306,0.3901156796500694,-78.20607861780444,-0.6817982044692934,58.4579720493306,-0.3631405746572389,33.97394630720907,0.46936119399453624,0.05598734585829357,-0.018514,0.21826417963010647,0.044286,0,1.0
443,0.2813782857706462,0.05720035721875342,0.012494,2.1555968919717063,3.134572259162862,-1.1562182798635368,-0.09541412599521903,7.395341653338273,0.3901156796500694,-32.56574431168764,-0.6817982044692934,-18.915488554113928,-0.3631405746572389,26.421585546300744,0.46936119399453624,-0.16463511907868675,-0.018514,0.16605522172154416,0.044286,1,1.0
444,0.014763709394353619,0.01725236815787653,0.012494,2.1555968919717063,3.134572259162862,-50.54294680131161,-0.09541412599521903,4.194450794951075,0.3901156796500694,-82.86582406329693,-0.6817982044692934,83.52653197960682,-0.3631405746572389,58.943856198927854,0.46936119399453624,-0.057634197001174226,-0.018514,0.06156035985848307,0.044286,1,1.0
445,0.014108838664332601,0.12509827459856307,0.012494,2.1555968919717063,3.134572259162862,8.738369696347869,-0.09541412599521903,5.150328685422911,0.3901156796500694,-41.04556947203866,-0.6817982044692934,40.96492218956497,-0.3631405746572389,10.992375138825365,0.46936119399453624,0.12124469797030187,-0.018514,0.22523533648234872,0.044286,0,1.0
446,0.057285693491198275,0.06845390956394254,0.012494,2.1555968919717063,3.134572259162862,99.78954260077141,-0.09541412599521903,15.016279387541267,0.3901156796500694,-54.5779008402439,-0.6817982044692934,14.450539220128,-0.3631405746572389,-22.332248328739247,0.46936119399453624,0.45255036695422446,-0.018514,0.5343330434198462,0.044286,0,1.0
447,0.6475810185057319,0.0733842477274678,0.012494,2.1555968919717063,3.134572259162862,-39.75632186609197,-0.09541412599521903,7.210426070873212,0.3901156796500694,-41.70255379713748,-0.6817982044692934,-17.476212638428112,-0.3631405746572389,58.15085556576572,0.46936119399453624,-0.12935621945037087,-0.018514,0.1295060950726896,0.044286,1,1.0
448,0.3238250267899262,0.10952764341587765,0.012494,2.1555968919717063,3.134572259162862,92.20518866597756,-0.09541412599521903,18.660781224200246,0.3901156796500694,-71.39451809669754,-0.6817982044692934,1.8452609529225885,-0.3631405746572389,-1.8414881944529067,0.46936119399453624,0.4313582939088673,-0.018514,0.5896938089483359,0.044286,0,1.0
449,0.006047157730627223,0.2359337272307631,0.012494,2.1555968919717063,3.134572259162862,39.93842024092049,-0.09541412599521903,3.233981408452503,0.3901156796500694,-19.488487683906236,-0.6817982044692934,39.32651535091798,-0.3631405746572389,-15.2338587189868,0.46936119399453624,0.15437202706967737,-0.018514,0.5446311714716678,0.044286,0,1.0
450,0.0005225686716811007,0.19207570205814628,0.012494,2.1555968919717063,3.134572259162862,73.85219742409367,-0.09541412599521903,8.524187556230354,0.3901156796500694,-54.68130933926174,-0.6817982044692934,90.13328549804235,-0.3631405746572389,-22.13526566492742,0.46936119399453624,0.332318286047456,-0.018514,1.054064247548885,0.044286,0,1.0
451,0.45731649216710435,0.033672922065346035,0.012494,2.1555968919717063,3.134572259162862,-33.75166707957064,-0.09541412599521903,2.9719968916397534,0.3901156796500694,-18.151717688731715,-0.6817982044692934,-10.955435048389333,-0.3631405746572389,37.30281202726807,0.46936119399453624,-0.05081568273521289,-0.018514,0.050764290760905745,0.044286,1,1.0
452,0.000649998282723302,0.2811929332576674,0.012494,2.1555968919717063,3.134572259162862,13.10631589510587,-0.09541412599521903,3.3143106735904433,0.3901156796500694,-52.772344619325345,-0.6817982044692934,90.60129034254714,-0.3631405746572389,8.843338377964015,0.46936119399453624,0.13624315810568488,-0.018514,0.6549887774031943,0.044286,0,1.0
453,0.020961573694570246,0.01573554767781849,0.012494,2.1555968919717063,3.134572259162862,-57.75160797927191,-0.09541412599521903,4.017269072049254,0.3901156796500694,-88.7951480910896,-0.6817982044692934,92.4460959847529,-0.3631405746572389,64.7493583830604,0.46936119399453624,-0.0533617905346475,-0.018514,0.054850248183563696,0.044286,1,1.0
454,0.47102615656454067,0.055732923695001366,0.012494,2.1555968919717063,3.134572259162862,-19.573970092112138,-0.09541412599521903,6.941973036754316,0.3901156796500694,-32.772378570982994,-0.6817982044692934,-21.4231813510354,-0.3631405746572389,39.995881848324906,0.46936119399453624,-0.13577437461378894,-0.018514,0.13824385341330192,0.044286,1,1.0
455,0.938640450058721,0.16609649861757228,0.012494,2.1555968919717063,3.134572259162862,-40.242136609764856,-0.09541412599521903,10.036576115689677,0.3901156796500694,-41.30782872336922,-0.6817982044692934,-50.69049831487925,-0.3631405746572389,69.17930499362537,0.46936119399453624,-0.19430851336545713,-0.018514,0.19352987400085425,0.044286,1,1.0
456,0.1422282948084811,0.00647212185325601,0.012494,2.1555968919717063,3.134572259162862,-24.970385836896345,-0.09541412599521903,3.036007713050211,0.3901156796500694,-38.06849707128407,-0.6817982044692934,24.565053733197445,-0.3631405746572389,32.88188598368622,0.46936119399453624,-0.050531165586952254,-0.018514,0.05147800309939887,0.044286,1,1.0
457,0.16810795830146397,0.10221795334436991,0.012494,2.1555968919717063,3.134572259162862,98.23238948714233,-0.09541412599521903,14.28653630905216,0.3901156796500694,-44.3237944402778,-0.6817982044692934,-0.5666740695242667,-0.3631405746572389,-22.128798555070208,0.46936119399453624,0.439128740947636,-0.018514,0.5450068266329237,0.044286,0,1.0
458,-0.0045754181172087405,0.27565583875143007,0.012494,2.1555968919717063,3.134572259162862,-29.76620119059,-0.09541412599521903,-4.081093701972905,0.3901156796500694,-17.961985979668903,-0.6817982044692934,72.03661569107129,-0.3631405746572389,14.467181706099021,0.46936119399453624,-0.10359708241303664,-0.018514,0.41663208318132094,0.044286,1,1.0
459,0.3481378349738996,0.03260911221409436,0.012494,2.1555968919717063,3.134572259162862,-33.37400915231643,-0.09541412599521903,5.99192494438638,0.3901156796500694,-50.70283204762381,-0.6817982044692934,13.83858390976496,-0.3631405746572389,49.40491847839172,0.46936119399453624,-0.11079389538233968,-0.018514,0.10870619300289723,0.044286,1,1.0
460,0.004533743070012641,0.0422906214872621,0.012494,2.1555968919717063,3.134572259162862,29.282636852932885,-0.09541412599521903,5.015617189380996,0.3901156796500694,-5.142702548660051,-0.6817982044692934,-29.502998353490252,-0.3631405746572389,-8.045263662628118,0.46936119399453624,-0.1402900478437183,-0.018514,0.14020210986672166,0.044286,1,1.0
461,1.1917375609607557,0.277432710926069,0.012494,2.1555968919717063,3.134572259162862,-30.515977267129447,-0.09541412599521903,11.343822741473922,0.3901156796500694,-20.024387528865095,-0.6817982044692934,-98.57869878563615,-0.3631405746572389,64.58445554083053,0.46936119399453624,-0.23022529810352313,-0.018514,0.2282051889736987,0.044286,1,1.0
462,0.6321800422368371,0.18646434422610603,0.012494,2.1555968919717063,3.134572259162862,-40.02868097451102,-0.09541412599521903,14.901120824718435,0.3901156796500694,-97.00814087914297,-0.6817982044692934,5.950533446229531,-0.3631405746572389,83.78011349779071,0.46936119399453624,-0.2901599281744219,-0.018514,0.29735920441763924,0.044286,1,1.0
463,0.011651017649997708,0.018646053223259372,0.012494,2.1555968919717063,3.134572259162862,12.986897745671914,-0.09541412599521903,3.920912268771139,0.3901156796500694,-9.776751640242837,-0.6817982044692934,-11.953961858048462,-0.3631405746572389,-0.437408775834015,0.46936119399453624,-0.08944335202428362,-0.018514,0.08995395498507304,0.044286,1,1.0
464,0.4040217471345347,0.09921525493948688,0.012494,2.1555968919717063,3.134572259162862,-12.119594959969385,-0.09541412599521903,10.304736585158714,0.3901156796500694,-53.02673641816064,-0.6817982044692934,-13.43822380819986,-0.3631405746572389,44.089479735659246,0.46936119399453624,-0.20736537005675532,-0.018514,0.2165284094080588,0.044286,1,1.0
465,0.3941238585620663,0.018170739743894056,0.012494,2.1555968919717063,3.134572259162862,-65.47289484532394,-0.09541412599521903,3.6162483623625707,0.3901156796500694,-65.87206435752495,-0.6817982044692934,48.76896195093508,-0.3631405746572389,70.51302181075212,0.46936119399453624,-0.04435694887039997,-0.018514,0.044950757389511084,0.044286,1,1.0
466,0.2204586336085066,0.018521343958500063,0.012494,2.1555968919717063,3.134572259162862,-58.74719478021744,-0.09541412599521903,-0.08079732389660083,0.3901156796500694,-42.91237538864225,-0.6817982044692934,52.75125236014949,-0.3631405746572389,50.00557378502545,0.46936119399453624,-0.07063584954497566,-0.018514,0.07230846622247143,0.044286,1,1.0
467,0.006568953821744522,0.011612050336036933,0.012494,2.1555968919717063,3.134572259162862,-24.819660298973943,-0.09541412599521903,-1.8581260771620693,0.3901156796500694,-12.729730109869962,-0.6817982044692934,30.78690760559431,-0.3631405746572389,15.44904290871765,0.46936119399453624,-0.06338072978646421,-0.018514,0.0676958636843993,0.044286,1,1.0
468,0.29073778793447114,0.11374345447826875,0.012494,2.1555968919717063,3.134572259162862,34.01381646671009,-0.09541412599521903,9.072197682235146,0.3901156796500694,-6.831126572735885,-0.6817982044692934,-65.99257638197605,-0.3631405746572389,1.2466837644211353,0.46936119399453624,-0.2222070148971372,-0.018514,0.2329756849079608,0.044286,1,1.0
469,0.43005105553537915,0.06280135597985109,0.012494,2.1555968919717063,3.134572259162862,6.374861801345,-0.09541412599521903,6.0900940484393145,0.3901156796500694,-6.6765432884208,-0.6817982044692934,-53.38541371014387,-0.3631405746572389,17.3048673416921,0.46936119399453624,-0.15062852915414227,-0.018514,0.15219310176654965,0.044286,1,1.0
470,0.007522099973720331,0.1151381877262077,0.012494,2.1555968919717063,3.134572259162862,21.172152048185954,-0.09541412599521903,8.539172644628794,0.3901156796500694,-52.34617184134925,-0.6817982044692934,22.91429876233447,-0.3631405746572389,14.12964169113487,0.46936119399453624,0.017258207377267645,-0.018514,0.22875079669281134,0.044286,0,1.0
471,0.015177701057024033,0.004863318920617135,0.012494,2.1555968919717063,3.134572259162862,-42.904551811494834,-0.09541412599521903,0.848610238933822,0.3901156796500694,-49.719902667074244,-0.6817982044692934,62.39080667756729,-0.3631405746572389,40.101550283729864,0.46936119399453624,-0.03357543673144794,-0.018514,0.03422111636530931,0.044286,1,1.0
472,-4.3912116054478645e-08,0.10625046830533522,0.012494,2.1555968919717063,3.134572259162862,15.333499529041617,-0.09541412599521903,8.19693552838353,0.3901156796500694,-54.06439351375844,-0.6817982044692934,27.006943347700002,-0.3631405746572389,17.137583678718734,0.46936119399453624,0.002001480088184182,-0.018514,0.21153754836756006,0.044286,0,1.0
473,0.5346068092010862,0.08494353016456177,0.012494,2.1555968919717063,3.134572259162862,-26.178272002062805,-0.09541412599521903,9.136738864351816,0.3901156796500694,-51.676300655307934,-0.6817982044692934,-14.768302958033765,-0.3631405746572389,54.153002673583856,0.46936119399453624,-0.18540702547294527,-0.018514,0.18495864206428,0.044286,1,1.0
474,0.0009521616314664971,0.0404323177439364,0.012494,2.1555968919717063,3.134572259162862,-70.97014784132169,-0.09541412599521903,-1.1994310818863207,0.3901156796500694,-60.228744849474744,-0.6817982044692934,97.43442278088578,-0.3631405746572389,53.63985838188066,0.46936119399453624,-0.13034772124623462,-0.018514,0.13743817100920103,0.044286,1,1.0
475,0.0039095348547060205,0.1261402502366852,0.012494,2.1555968919717063,3.134572259162862,62.136677966674256,-0.09541412599521903,10.141709483976978,0.3901156796500694,-51.23318723269261,-0.6817982044692934,37.525471885552314,-0.3631405746572389,-9.374920985106607,0.46936119399453624,0.3338951902828155,-0.018514,0.4523732369702875,0.044286,0,1.0
476,0.6423937872050824,0.3704836272680883,0.012494,2.1555968919717063,3.134572259162862,19.24951588838683,-0.09541412599521903,18.606208683139172,0.3901156796500694,-66.99439812701739,-0.6817982044692934,-61.099973145791736,-0.3631405746572389,47.46244906459388,0.46936119399453624,-0.3596536797102231,-0.018514,0.43898228504494086,0.044286,1,1.0
477,1.9098189266597565e-05,0.053043360009429066,0.012494,2.1555968919717063,3.134572259162862,8.745813560815717,-0.09541412599521903,6.5516015370039105,0.3901156796500694,-35.28553990559328,-0.6817982044692934,5.882258204188244,-0.3631405746572389,12.629481053165811,0.46936119399453624,-0.12492725100046334,-0.018514,0.14751370150354606,0.044286,1,1.0
478,0.13823947811373072,0.015921885272639585,0.012494,2.1555968919717063,3.134572259162862,-46.91458003286391,-0.09541412599521903,5.186537490773976,0.3901156796500694,-74.52815160624704,-0.6817982044692934,61.69927029816235,-0.3631405746572389,57.78857606564359,0.46936119399453624,-0.08149027496626188,-0.018514,0.08331711434853212,0.044286,1,1.0
479,0.7051311196199295,0.12738245775603482,0.012494,2.1555968919717063,3.134572259162862,-30.192667380086966,-0.09541412599521903,8.229405902626377,0.3901156796500694,-49.0165764212674,-0.6817982044692934,-28.035960374170145,-0.3631405746572389,62.978958299201885,0.46936119399453624,-0.1909015236956277,-0.018514,0.20226733797913563,0.044286,1,1.0
480,0.654678942565109,0.05728503816582405,0.012494,2.1555968919717063,3.134572259162862,-67.59361752629627,-0.09541412599521903,4.252385340899104,0.3901156796500694,-52.81052797111486,-0.6817982044692934,16.13295572971898,-0.3631405746572389,74.64896323472995,0.46936119399453624,-0.05299121763091512,-0.018514,0.05538393487040237,0.044286,1,1.0
481,0.0010674134567225657,0.15033976033614982,0.012494,2.1555968919717063,3.134572259162862,98.604990687153,-0.09541412599521903,9.692052961429788,0.3901156796500694,-0.29939859225313253,-0.6817982044692934,-38.36187871445263,-0.3631405746572389,-44.834576409615046,0.46936119399453624,0.24801127064964903,-0.018514,0.36634196919993206,0.044286,0,1.0
482,0.045635983935138735,0.03566124393003421,0.012494,2.1555968919717063,3.134572259162862,27.242658150942095,-0.09541412599521903,4.749593292656152,0.3901156796500694,-1.7893268427397524,-0.6817982044692934,-33.42293864782108,-0.3631405746572389,-7.478972330249802,0.46936119399453624,-0.13075927734781256,-0.018514,0.13082918379102743,0.044286,1,1.0
483,0.0009601003809119324,0.07093806299272655,0.012494,2.1555968919717063,3.134572259162862,21.747685797394297,-0.09541412599521903,6.476215571893077,0.3901156796500694,-27.315596694715545,-0.6817982044692934,-5.454619157532031,-0.3631405746572389,4.176410984386139,0.46936119399453624,-0.10134838932617912,-0.018514,0.1698194402390748,0.044286,1,1.0
484,0.041850224029824745,0.14952955601424392,0.012494,2.1555968919717063,3.134572259162862,25.76538742910101,-0.09541412599521903,11.56366530092261,0.3901156796500694,-62.11203645541141,-0.6817982044692934,16.842184351400682,-0.3631405746572389,17.537803823981832,0.46936119399453624,-0.0451191529268207,-0.018514,0.2890218263586384,0.044286,1,1.0
485,0.01893888748163497,0.10017705540652078,0.012494,2.1555968919717063,3.134572259162862,99.96093434970412,-0.09541412599521903,13.366792763608833,0.3901156796500694,-32.961471464617524,-0.6817982044692934,3.756837796111268,-0.3631405746572389,-35.525740619509094,0.46936119399453624,0.42336740227353026,-0.018514,0.5150936706322967,0.044286,0,1.0
486,0.7366382736673884,0.323023770962984,0.012494,2.1555968919717063,3.134572259162862,29.216440308844167,-0.09541412599521903,18.486562538030192,0.3901156796500694,-79.95918019031345,-0.6817982044692934,-26.29132632431957,-0.3631405746572389,47.79151989242687,0.46936119399453624,0.05649736255919838,-0.018514,0.4939356827567637,0.044286,0,1.0
487,0.011031769121191859,0.14972432011675907,0.012494,2.1555968919717063,3.134572259162862,25.24692371226587,-0.09541412599521903,4.761831112446337,0.3901156796500694,-28.50527935062628,-0.6817982044692934,30.062902132209626,-0.3631405746572389,-2.2577302266321664,0.46936119399453624,0.14927506395082576,-0.018514,0.2963941343494708,0.044286,0,1.0
488,0.29384769661827237,0.10566787239759359,0.012494,2.1555968919717063,3.134572259162862,-11.149205747687695,-0.09541412599521903,10.774706339218039,0.3901156796500694,-64.43136861452037,-0.6817982044692934,2.7439009813384114,-0.3631405746572389,45.2385885592222,0.46936119399453624,-0.2192798382842726,-0.018514,0.22903384080659922,0.044286,1,1.0
489,0.12689417691678362,0.18686909137935548,0.012494,2.1555968919717063,3.134572259162862,84.56851710935476,-0.09541412599521903,11.602045996718712,0.3901156796500694,-4.6551319689335,-0.6817982044692934,-60.30872202217077,-0.3631405746572389,-30.21702423649033,0.46936119399453624,0.03708589462615075,-0.018514,0.3579137730394968,0.044286,0,1.0
490,0.7008284198849086,0.0782356268298005,0.012494,2.1555968919717063,3.134572259162862,-55.16477773760703,-0.09541412599521903,2.1689826017593603,0.3901156796500694,-29.183737026654814,-0.6817982044692934,-9.93533589116324,-0.3631405746572389,62.07400990361142,0.46936119399453624,-0.03433789081331457,-0.018514,0.03720526124414967,0.044286,1,1.0
491,1.1716936765674149,0.234184470842057,0.012494,2.1555968919717063,3.134572259162862,-40.141202553396035,-0.09541412599521903,7.438208814980001,0.3901156796500694,-9.064408300593511,-0.6817982044692934,-89.31687869874925,-0.3631405746572389,63.217917502143194,0.46936119399453624,-0.1470709791806102,-0.018514,0.14534191020183987,0.044286,1,1.0
492,0.025652766072983946,0.12569064789907003,0.012494,2.1555968919717063,3.134572259162862,99.4733895926351,-0.09541412599521903,10.834296056461659,0.3901156796500694,-16.95908013372317,-0.6817982044692934,-9.29635789697267,-0.3631405746572389,-40.45666968093725,0.46936119399453624,0.3766414690661799,-0.018514,0.4894687319210732,0.044286,0,1.0
493,0.15012149591095647,0.08378828114063444,0.012494,2.1555968919717063,3.134572259162862,99.5106494450902,-0.09541412599521903,18.80772776013011,0.3901156796500694,-66.44152578231284,-0.6817982044692934,7.348434006889887,-0.3631405746572389,-14.914331936757701,0.46936119399453624,0.43233128605616966,-0.018514,0.5570385662969729,0.044286,0,1.0
494,0.13347026889358993,0.0073698134715956395,0.012494,2.1555968919717063,3.134572259162862,-27.041104212019977,-0.09541412599521903,-0.39043544441379724,0.3901156796500694,-15.050598668819848,-0.6817982044692934,18.68156964288645,-0.3631405746572389,22.048322542395322,0.46936119399453624,-0.03710004536805639,-0.018514,0.03614452611546634,0.044286,1,1.0
495,0.46108934753358427,0.11240821881062389,0.012494,2.1555968919717063,3.134572259162862,-43.077128100760056,-0.09541412599521903,10.632776783629662,0.3901156796500694,-94.31712917694783,-0.6817982044692934,37.89457766529594,-0.3631405746572389,77.53053751512591,0.46936119399453624,-0.13084616917471875,-0.018514,0.2201769109854556,0.044286,1,1.0
496,0.017956505159095526,0.07818190674062556,0.012494,2.1555968919717063,3.134572259162862,-4.128118589539105,-0.09541412599521903,8.388125848394612,0.3901156796500694,-62.70733506579416,-0.6817982044692934,26.628641757837343,-0.3631405746572389,32.00879850046157,0.46936119399453624,-0.1770584977988024,-0.018514,0.18455024526366276,0.044286,1,1.0
497,0.003660910740351686,0.12027217410739198,0.012494,2.1555968919717063,3.134572259162862,56.380564988096154,-0.09541412599521903,8.012043423494681,0.3901156796500694,-0.25331788332698807,-0.6817982044692934,-58.39130414188131,-0.3631405746572389,-20.260612941461808,0.46936119399453624,-0.2263461866198896,-0.018514,0.2382397084170189,0.044286,1,1.0
498,0.6531023597374352,0.0639880173192159,0.012494,2.1555968919717063,3.134572259162862,-51.89943649761116,-0.09541412599521903,4.802174093394645,0.3901156796500694,-45.647230688619445,-0.6817982044692934,-2.4517653038586564,-0.3631405746572389,66.56468874475942,0.46936119399453624,-0.08628379271559898,-0.018514,0.08536930217309861,0.044286,1,1.0
499,0.1418347166143733,0.015058649022456131,0.012494,2.1555968919717063,3.134572259162862,11.089220796812434,-0.09541412599521903,3.195551401745268,0.3901156796500694,-0.27395008747098537,-0.6817982044692934,-28.06643571758754,-0.3631405746572389,1.2964988968214868,0.46936119399453624,-0.08180428083536809,-0.018514,0.08161979599516375,0.044286,1,1.0
500,-0.013053882948497852,0.18413611117990203,0.012494,0.7631940241558249,2.47659447396597,30.254308334669386,-0.09541412599521903,39.24616533216991,0.3901156796500694,-58.16139803681588,-0.6817982044692934,15.798452402856315,-0.3631405746572389,-9.997859163751823,0.46936119399453624,1.1421573740688653,-0.018514,7.4424375682290815,0.044286,0,1.0
501,0.033762992392152524,0.04302758368444343,0.012494,0.7631940241558249,2.47659447396597,31.059895782016955,-0.09541412599521903,36.1413133148436,0.3901156796500694,-37.02492511214842,-0.6817982044692934,-16.273115733825367,-0.3631405746572389,-13.418194552937948,0.46936119399453624,0.33020156048412685,-0.018514,7.1652947405423895,0.044286,0,1.0
502,-0.0033503090307268613,0.02273835509170318,0.012494,0.7631940241558249,2.47659447396597,-2.714831538750498,-0.09541412599521903,12.35994405339771,0.3901156796500694,-44.568299213137074,-0.6817982044692934,37.04801777389449,-0.3631405746572389,13.146619466217354,0.46936119399453624,0.329940344417627,-0.018514,1.3252691638025755,0.044286,0,1.0
503,1.369677760676774,0.6400090441956827,0.012494,0.7631940241558249,2.47659447396597,11.631615827333093,-0.09541412599521903,55.02097568938887,0.3901156796500694,-91.1622667503588,-0.6817982044692934,-10.336050693198166,-0.3631405746572389,32.701863430872784,0.46936119399453624,0.25996984050801064,-0.018514,8.44512915286571,0.044286,0,1.0
504,0.0005334362792228653,0.1364757011333917,0.012494,0.7631940241558249,2.47659447396597,40.18448112985523,-0.09541412599521903,55.92087079718803,0.3901156796500694,-76.14298285386587,-0.6817982044692934,6.521728336842475,-0.3631405746572389,-12.10934695624942,0.46936119399453624,0.9871321852240476,-0.018514,10.053825325246851,0.044286,0,1.0
505,-0.35190612638684904,1.3757300584799603,0.012494,0.7631940241558249,2.47659447396597,38.43429448973973,-0.09541412599521903,18.30973926580845,0.3901156796500694,-0.5688652903456829,-0.6817982044692934,19.156077227309105,-0.3631405746572389,-42.658616673778326,0.46936119399453624,2.5658419045111036,-0.018514,4.960036769756082,0.044286,0,1.0
506,0.023302294188174644,0.00023101421328059426,0.012494,0.7631940241558249,2.47659447396597,3.076394451226339,-0.09541412599521903,34.97751229160756,0.3901156796500694,-97.87492652351591,-0.6817982044692934,54.05107225825018,-0.3631405746572389,25.357267660642368,0.46936119399453624,0.2941189864275584,-0.018514,4.815273282061784,0.044286,0,1.0
507,0.009728012310898204,0.11287831106363255,0.012494,0.7631940241558249,2.47659447396597,-12.157050089246454,-0.09541412599521903,9.02619954029566,0.3901156796500694,-73.56895169698058,-0.6817982044692934,88.0212806347671,-0.3631405746572389,26.210679574585317,0.46936119399453624,0.30512277463727233,-0.018514,1.52027608455239,0.044286,0,1.0
508,0.02761738309839068,0.011650520303514867,0.012494,0.7631940241558249,2.47659447396597,-6.180351847502667,-0.09541412599521903,12.562821674847193,0.3901156796500694,-55.80285657645261,-0.6817982044692934,49.57493682336681,-0.3631405746572389,19.271201866663922,0.46936119399453624,0.4022852407579816,-0.018514,1.271762660433568,0.044286,0,1.0
509,-0.0004694137900270734,0.11223114187337226,0.012494,0.7631940241558249,2.47659447396597,19.624845452608717,-0.09541412599521903,16.59054356047022,0.3901156796500694,-7.5130265653139325,-0.6817982044692934,-5.778579184914701,-0.3631405746572389,-15.841423979372667,0.46936119399453624,0.7885117478758208,-0.018514,3.3992362307846937,0.044286,0,1.0
510,-0.006981799335019634,0.08900728567932095,0.012494,0.7631940241558249,2.47659447396597,15.818588153722988,-0.09541412599521903,28.156787866992865,0.3901156796500694,-51.539855844806915,-0.6817982044692934,24.210039222026634,-0.3631405746572389,-0.3095659459365855,0.46936119399453624,0.8423222526097307,-0.018514,4.640775092995994,0.044286,0,1.0
511,0.0024264646198277617,0.02991106228000876,0.012494,0.7631940241558249,2.47659447396597,41.76044308721293,-0.09541412599521903,55.298409932568774,0.3901156796500694,-67.17658130811249,-0.6817982044692934,-14.40713278711114,-0.3631405746572389,-13.262274124374285,0.46936119399453624,0.33146510674065865,-0.018514,10.350750654519057,0.044286,0,1.0
512,0.16001094227936385,0.0911426193535457,0.012494,0.7631940241558249,2.47659447396597,35.58454877451496,-0.09541412599521903,38.097428275408255,0.3901156796500694,-22.05450375237611,-0.6817982044692934,-36.0418077539921,-0.3631405746572389,-20.35277441902975,0.46936119399453624,0.3344315118090053,-0.018514,7.439646264632132,0.044286,0,1.0
513,1.1760188770805864,0.45922130623327534,0.012494,0.7631940241558249,2.47659447396597,-2.4840639078287308,-0.09541412599521903,40.68836097173482,0.3901156796500694,-80.74355947466083,-0.6817982044692934,11.541043272466219,-0.3631405746572389,36.72103169489383,0.46936119399453624,0.2851882222025526,-0.018514,4.979857127960136,0.044286,0,1.0
514,1.8073234340757747,1.0842249388260694,0.012494,0.7631940241558249,2.47659447396597,18.01927817603254,-0.09541412599521903,68.11247888386296,0.3901156796500694,-95.34006584236185,-0.6817982044692934,-33.16861755357312,-0.3631405746572389,33.636737785510235,0.46936119399453624,0.2618932103204994,-0.018514,10.48375317914567,0.044286,0,1.0
515,0.003507999552556873,0.2065632770537405,0.012494,0.7631940241558249,2.47659447396597,8.153334020402722,-0.09541412599521903,29.033747158558178,0.3901156796500694,-75.09172959256038,-0.6817982044692934,59.79987363373998,-0.3631405746572389,10.079637927621722,0.46936119399453624,1.381898764669908,-0.018514,4.0189118198359495,0.044286,0,1.0
516,0.15067369761538263,0.0387430519372178,0.012494,0.7631940241558249,2.47659447396597,23.186218844482894,-0.09541412599521903,33.558448077506235,0.3901156796500694,-40.70366845845962,-0.6817982044692934,-9.930937396544904,-0.3631405746572389,-4.990429415322512,0.46936119399453624,0.26210648117916735,-0.018514,6.107290073902643,0.044286,0,1.0
517,0.0005370283490950811,0.0016717889199859522,0.012494,0.7631940241558249,2.47659447396597,17.295776517017227,-0.09541412599521903,43.71347119362098,0.3901156796500694,-89.76371396786051,-0.6817982044692934,30.346075364504582,-0.3631405746572389,11.932117149563844,0.46936119399453624,0.2983880328571784,-0.018514,6.949735586007316,0.044286,0,1.0
518,-0.024108388121694135,0.4624446484685064,0.012494,0.7631940241558249,2.47659447396597,24.641182795985692,-0.09541412599521903,20.166352972013776,0.3901156796500694,-15.986311916781435,-0.6817982044692934,13.940369362222427,-0.3631405746572389,-20.920684421650524,0.46936119399453624,1.7441668184543722,-0.018514,4.110323033737558,0.044286,0,1.0
519,1.063077512301965,0.4361437697517904,0.012494,0.7631940241558249,2.47659447396597,4.474897476986074,-0.09541412599521903,29.053307090434913,0.3901156796500694,-38.23733584339822,-0.6817982044692934,-17.25641905578822,-0.3631405746572389,18.494984661212698,0.46936119399453624,0.30267341037592144,-0.018514,4.166287538149194,0.044286,0,1.0
520,0.5767548315788225,0.2304267229703419,0.012494,0.7631940241558249,2.47659447396597,38.62645033141151,-0.09541412599521903,57.1541853161248,0.3901156796500694,-52.556435318628616,-0.6817982044692934,-41.43452050064689,-0.3631405746572389,-8.98378486937962,0.46936119399453624,0.2562914834253167,-0.018514,10.068758034194795,0.044286,0,1.0
521,-0.042096515359985376,0.8111047970084456,0.012494,0.7631940241558249,2.47659447396597,9.31673503321854,-0.09541412599521903,4.411614041693581,0.3901156796500694,-21.494268988017723,-0.6817982044692934,60.34935576551572,-0.3631405746572389,-10.595953268682344,0.46936119399453624,1.1358830244518925,-0.018514,2.6813918452322225,0.044286,0,1.0
522,0.019840708930708106,0.003477614628568,0.012494,0.7631940241558249,2.47659447396597,-8.398494158546145,-0.09541412599521903,15.706439271728536,0.3901156796500694,-71.75706225702697,-0.6817982044692934,60.11163343771611,-0.3631405746572389,25.981968305408827,0.46936119399453624,0.37043417592344363,-0.018514,1.5997760181457048,0.044286,0,1.0
523,0.9442531183978053,0.46385044708631196,0.012494,0.7631940241558249,2.47659447396597,16.67420871634812,-0.09541412599521903,32.232283659363,0.3901156796500694,-17.574894265007035,-0.6817982044692934,-41.627739658506854,-0.3631405746572389,1.2653347057965358,0.46936119399453624,0.3172668152190088,-0.018514,5.139197980587049,0.044286,0,1.0
524,0.0018630076391570327,0.21801215722424552,0.012494,0.7631940241558249,2.47659447396597,49.84143300921518,-0.09541412599521903,38.47201625001852,0.3901156796500694,-7.237657910523606,-0.6817982044692934,-43.90546016102161,-0.3631405746572389,-38.67763916895898,0.46936119399453624,0.8466641510682926,-0.018514,8.921312930964557,0.044286,0,1.0
525,-0.001581255010727034,0.20694758415934691,0.012494,0.7631940241558249,2.47659447396597,26.72248657093799,-0.09541412599521903,39.939266926750086,0.3901156796500694,-74.02237030204451,-0.6817982044692934,32.547511058842176,-0.3631405746572389,-2.575285130363876,0.46936119399453624,1.2753578850815201,-0.018514,7.533320251726545,0.044286,0,1.0
526,0.009637485564798265,0.023713098329486794,0.012494,0.7631940241558249,2.47659447396597,44.36856100542458,-0.09541412599521903,68.90653690697755,0.3901156796500694,-94.55382537861864,-0.6817982044692934,-6.580612314418524,-0.3631405746572389,-7.420385599399611,0.46936119399453624,0.25697990624741696,-0.018514,12.008136104431411,0.044286,0,1.0
527,0.004915553015510277,0.07518610685500755,0.012494,0.7631940241558249,2.47659447396597,58.766595928543644,-0.09541412599521903,55.26745912667195,0.3901156796500694,-22.859916170670623,-0.6817982044692934,-63.24067554869196,-0.3631405746572389,-39.253226904567605,0.46936119399453624,0.25550586613478643,-0.018514,11.439841072966113,0.044286,0,1.0
528,-0.008959038328272495,0.18857472526399877,0.012494,0.7631940241558249,2.47659447396597,61.82555298023732,-0.09541412599521903,47.7699991626748,0.3901156796500694,-4.04809932238618,-0.6817982044692934,-69.15280374434224,-0.3631405746572389,-47.536486123274216,0.46936119399453624,0.49063546858590623,-0.018514,11.134253964681971,0.044286,0,1.0
529,-0.001548900896686689,0.23475624744179485,0.012494,0.7631940241558249,2.47659447396597,9.458563402731336,-0.09541412599521903,35.81962850764988,0.3901156796500694,-99.55093894338873,-0.6817982044692934,78.91386453923691,-0.3631405746572389,15.506184972567794,0.46936119399453624,1.7239667649351433,-0.018514,5.203868063160664,0.044286,0,1.0
530,-0.015617079921722343,0.29258989361766546,0.012494,0.7631940241558249,2.47659447396597,35.73674896126161,-0.09541412599521903,25.614385616856726,0.3901156796500694,-0.8350911945930701,-0.6817982044692934,-21.996752461806906,-0.3631405746572389,-31.58337927869569,0.46936119399453624,1.1611729432820264,-0.018514,5.792123269946287,0.044286,0,1.0
531,0.030852707205882623,0.0669318461922635,0.012494,0.7631940241558249,2.47659447396597,71.4355201702321,-0.09541412599521903,82.7804818865025,0.3901156796500694,-72.73073205977491,-0.6817982044692934,-55.286386817664166,-0.3631405746572389,-34.00432120470616,0.46936119399453624,0.2636044511130171,-0.018514,15.982264843651748,0.044286,0,1.0
532,0.5178729381760134,0.17133239772904235,0.012494,0.7631940241558249,2.47659447396597,25.817162375863077,-0.09541412599521903,53.00464784694894,0.3901156796500694,-72.06891442494356,-0.6817982044692934,-10.293572494542763,-0.3631405746572389,5.446464642525329,0.46936119399453624,0.3054746512985931,-0.018514,8.486878411452704,0.044286,0,1.0
533,0.5406840494988767,0.2679906730908108,0.012494,0.7631940241558249,2.47659447396597,37.39343815415198,-0.09541412599521903,38.9698762822924,0.3901156796500694,-6.237119454961543,-0.6817982044692934,-61.682758288331286,-0.3631405746572389,-21.861357987534838,0.46936119399453624,0.2811089380767662,-0.018514,7.7489546072488995,0.044286,0,1.0
534,0.04873006255741319,0.007178048703642854,0.012494,0.7631940241558249,2.47659447396597,18.81951394493432,-0.09541412599521903,40.41013150648602,0.3901156796500694,-74.53330554860503,-0.6817982044692934,17.89686814181061,-0.3631405746572389,6.9654012859498815,0.46936119399453624,0.2765829132644,-0.018514,6.639195934928569,0.044286,0,1.0
535,0.017715817248479038,0.6229718191352484,0.012494,0.7631940241558249,2.47659447396597,99.34337967372457,-0.09541412599521903,79.20703169386387,0.3901156796500694,-15.704738030496756,-0.6817982044692934,-97.8572742141833,-0.3631405746572389,-75.01478331809638,0.46936119399453624,1.238241350748675,-0.018514,18.08654143950512,0.044286,0,1.0
536,0.01465374637700001,0.0687990125706067,0.012494,0.7631940241558249,2.47659447396597,9.335022186803336,-0.09541412599521903,30.095405320530773,0.3901156796500694,-79.15269391083754,-0.6817982044692934,50.38452001766377,-0.3631405746572389,13.229083150756981,0.46936119399453624,0.942392482264687,-0.018514,4.786799493931452,0.044286,0,1.0
537,0.011108067172371783,0.30735578558014387,0.012494,0.7631940241558249,2.47659447396597,84.57798753558646,-0.09541412599521903,65.20475311390496,0.3901156796500694,-2.5761663735266795,-0.6817982044692934,-98.4273398064462,-0.3631405746572389,-65.55850580223907,0.46936119399453624,0.6223974422355614,-0.018514,15.146188800346147,0.044286,0,1.0
538,-0.22176875374678584,1.4225806405559427,0.012494,0.7631940241558249,2.47659447396597,44.75677126723822,-0.09541412599521903,25.930905529986457,0.3901156796500694,-15.740319142782866,-0.6817982044692934,23.316876755730693,-0.3631405746572389,-41.899450038795216,0.46936119399453624,2.85774554326744,-0.018514,7.007830477266706,0.044286,0,1.0
539,-0.0030069989924437213,0.4585713884865532,0.012494,0.7631940241558249,2.47659447396597,26.533751312702616,-0.09541412599521903,22.690381920995197,0.3901156796500694,-29.747419184256415,-0.6817982044692934,22.513345313002695,-0.3631405746572389,-17.47118802268407,0.46936119399453624,1.8117705416541068,-0.018514,5.25175752504924,0.044286,0,1.0
540,0.03716371673836316,0.22029389545415573,0.012494,0.7631940241558249,2.47659447396597,22.215110776268528,-0.09541412599521903,25.511844691981793,0.3901156796500694,-37.747049897704,-0.6817982044692934,17.39170508626722,-0.3631405746572389,-9.59777069739358,0.46936119399453624,1.2620028959567098,-0.018514,5.130957202431041,0.044286,0,1.0
541,0.014559746361923587,0.016637471162080402,0.012494,0.7631940241558249,2.47659447396597,29.19291195212267,-0.09541412599521903,40.834723711294956,0.3901156796500694,-51.82754736085291,-0.6817982044692934,-7.437285157163808,-0.3631405746572389,-7.973826571993451,0.46936119399453624,0.26983705934860636,-0.018514,7.430702514962066,0.044286,0,1.0
542,0.005141086740814593,0.04033144904651091,0.012494,0.7631940241558249,2.47659447396597,38.5316451377655,-0.09541412599521903,40.019664786089116,0.3901156796500694,-25.840268311296303,-0.6817982044692934,-34.0505052479283,-0.3631405746572389,-22.961504218688532,0.46936119399453624,0.26186283834754764,-0.018514,7.916713095421357,0.044286,0,1.0
543,0.0025045219687078735,0.09449102347679764,0.012494,0.7631940241558249,2.47659447396597,68.12524362706071,-0.09541412599521903,62.90301297705124,0.3901156796500694,-22.692779294019832,-0.6817982044692934,-75.99333543348911,-0.3631405746572389,-46.549984075033755,0.46936119399453624,0.26124482093501644,-0.018514,13.103418926482536,0.044286,0,1.0
544,0.018733739344237943,0.05649972076932557,0.012494,0.7631940241558249,2.47659447396597,45.03778903944948,-0.09541412599521903,44.27006064346779,0.3901156796500694,-22.994158518770888,-0.6817982044692934,-44.36462020767363,-0.3631405746572389,-28.648063299795467,0.46936119399453624,0.2812536413447617,-0.018514,8.982326747926827,0.044286,0,1.0
545,0.005957853834629212,0.04121128265110356,0.012494,0.7631940241558249,2.47659447396597,61.57728784829717,-0.09541412599521903,75.20607969944624,0.3901156796500694,-75.35114882007005,-0.6817982044692934,-39.55186060236496,-0.3631405746572389,-25.906850557053506,0.46936119399453624,0.25680559708493167,-0.018514,14.293691742204107,0.044286,0,1.0
546,0.36126039469052085,0.19316284787167262,0.012494,0.7631940241558249,2.47659447396597,66.52910454425023,-0.09541412599521903,80.56246987328237,0.3901156796500694,-66.95398630452853,-0.6817982044692934,-62.83755920759178,-0.3631405746572389,-28.2239217646487,0.46936119399453624,0.28704915807074105,-0.018514,15.409685466106453,0.044286,0,1.0
547,-0.001997777757690722,0.29176156370869577,0.012494,0.7631940241558249,2.47659447396597,-7.058841358121694,-0.09541412599521903,5.641228796158596,0.3901156796500694,-60.27871641149943,-0.6817982044692934,86.07289364777918,-0.3631405746572389,16.896620676247977,0.46936119399453624,0.4836024827039771,-0.018514,1.9243306726712968,0.044286,0,1.0
548,0.06495334873590686,0.05398325920787698,0.012494,0.7631940241558249,2.47659447396597,34.00723832133207,-0.09541412599521903,32.47602036107351,0.3901156796500694,-12.647051104047081,-0.6817982044692934,-36.86013997185835,-0.3631405746572389,-22.664325570662,0.46936119399453624,0.2601725725966184,-0.018514,6.624663937148236,0.044286,0,1.0
549,0.2897416495170586,0.044475971544563224,0.012494,0.7631940241558249,2.47659447396597,-3.305205760454133,-0.09541412599521903,20.88905271756803,0.3901156796500694,-65.0351480034009,-0.6817982044692934,35.823278387136064,-0.3631405746572389,24.07018626527491,0.46936119399453624,0.274425727454346,-0.018514,2.7184956120234385,0.044286,0,1.0
550,0.007644900041345215,0.0035729404689025237,0.012494,0.7631940241558249,2.47659447396597,5.707026552700807,-0.09541412599521903,18.673746784630474,0.3901156796500694,-43.50188022452467,-0.6817982044692934,21.166076181591983,-0.3631405746572389,7.406494491147889,0.46936119399453624,0.2770592373300853,-0.018514,2.827622207007781,0.044286,0,1.0
551,0.043120123772845353,0.07759874521987721,0.012494,0.7631940241558249,2.47659447396597,73.69279278766979,-0.09541412599521903,85.77355581710796,0.3901156796500694,-74.83661415208394,-0.6817982044692934,-57.61398279836809,-0.3631405746572389,-35.1200634173365,0.46936119399453624,0.27858164214032577,-0.018514,16.478893154015587,0.044286,0,1.0
552,0.03804150067508283,0.016267493693623233,0.012494,0.7631940241558249,2.47659447396597,-6.352389552865582,-0.09541412599521903,8.05325730513892,0.3901156796500694,-45.2664590916516,-0.6817982044692934,43.71221713364161,-0.3631405746572389,16.859903260837356,0.46936119399453624,0.40546448409360625,-0.018514,0.8180761936952085,0.044286,0,1.0
553,0.02818803343096321,0.00012829757297285212,0.012494,0.7631940241558249,2.47659447396597,-4.445128423138908,-0.09541412599521903,25.197828559551823,0.3901156796500694,-86.532935865959,-0.6817982044692934,58.70512463322647,-0.3631405746572389,27.6733164984352,0.46936119399453624,0.27548128740721056,-0.018514,2.985203557949653,0.044286,0,1.0
554,0.002827790060908386,0.010633263379887205,0.012494,0.7631940241558249,2.47659447396597,-1.8503850317032773,-0.09541412599521903,9.95365942147958,0.3901156796500694,-40.21282961365541,-0.6817982044692934,32.36169151805262,-0.3631405746572389,12.222013754030062,0.46936119399453624,0.3514188637408269,-0.018514,1.3263483327521273,0.044286,0,1.0
555,0.005383631185437832,0.0055092782570336975,0.012494,0.7631940241558249,2.47659447396597,14.244785936842808,-0.09541412599521903,33.882007409397744,0.3901156796500694,-68.31944473228663,-0.6817982044692934,23.89753833141302,-0.3631405746572389,7.898651850055775,0.46936119399453624,0.3393053873928653,-0.018514,5.42862016173199,0.044286,0,1.0
556,0.0037827296730328364,0.12689328894580545,0.012494,0.7631940241558249,2.47659447396597,32.91883983242222,-0.09541412599521903,45.99262198427484,0.3901156796500694,-64.51874321258516,-0.6817982044692934,10.106214355827676,-0.3631405746572389,-9.84721756040682,0.46936119399453624,0.9759469775961152,-0.018514,8.24696155625311,0.044286,0,1.0
557,-0.0007592044201585324,0.024496295158775175,0.012494,0.7631940241558249,2.47659447396597,25.41351676255098,-0.09541412599521903,38.38952108657674,0.3901156796500694,-52.14327431364483,-0.6817982044692934,-0.9759868611898375,-0.3631405746572389,-5.591054300728585,0.46936119399453624,0.31593829455915934,-0.018514,6.673373547053953,0.044286,0,1.0
558,1.2306871947064442,0.5947063655962876,0.012494,0.7631940241558249,2.47659447396597,-16.700945494444014,-0.09541412599521903,14.60331528920416,0.3901156796500694,-50.52578525858035,-0.6817982044692934,14.843076444063101,-0.3631405746572389,41.05957097136231,0.46936119399453624,0.29070864961983134,-0.018514,1.3748433798598514,0.044286,0,1.0
559,0.00505354261513169,0.03044641692977165,0.012494,0.7631940241558249,2.47659447396597,33.17382484214184,-0.09541412599521903,36.276771950951016,0.3901156796500694,-31.395886426229417,-0.6817982044692934,-22.65645040967416,-0.3631405746572389,-16.949285047990127,0.46936119399453624,0.27475297059016146,-0.018514,7.252061348017832,0.044286,0,1.0
560,0.02143807334405201,0.13396556591980713,0.012494,0.7631940241558249,2.47659447396597,79.21304761628292,-0.09541412599521903,68.94827091873472,0.3901156796500694,-14.251114317037176,-0.6817982044692934,-96.04871085943111,-0.3631405746572389,-57.207232125072714,0.46936119399453624,0.25551552088721063,-0.018514,14.777203577149013,0.044286,0,1.0
561,0.06782209124920291,0.009825657352605655,0.012494,0.7631940241558249,2.47659447396597,14.043387297892073,-0.09541412599521903,30.639895738505995,0.3901156796500694,-56.302031745173096,-0.6817982044692934,13.888311690525507,-0.3631405746572389,5.517624979127634,0.46936119399453624,0.2658588024262398,-0.018514,5.003586038212762,0.044286,0,1.0
562,0.1857371165715026,0.05513216930672324,0.012494,0.7631940241558249,2.47659447396597,13.253526894082949,-0.09541412599521903,14.159516774685674,0.3901156796500694,-7.4151990719156595,-0.6817982044692934,-14.455269581410123,-0.3631405746572389,-6.716436403851389,0.46936119399453624,0.27467428115614934,-0.018514,2.9094632077549862,0.044286,0,1.0
563,0.00876805180666751,0.0524921636300585,0.012494,0.7631940241558249,2.47659447396597,43.86059403513232,-0.09541412599521903,39.759968479709464,0.3901156796500694,-14.528056587483828,-0.6817982044692934,-46.81906564213049,-0.3631405746572389,-30.11464145309958,0.46936119399453624,0.2587961767664888,-0.018514,8.419735256760028,0.044286,0,1.0
564,0.0047127190582809675,0.004218362044155256,0.012494,0.7631940241558249,2.47659447396597,6.416847833592917,-0.09541412599521903,20.45196940948065,0.3901156796500694,-47.633867608865664,-0.6817982044692934,23.227854369009567,-0.3631405746572389,7.943713547251798,0.46936119399453624,0.30940721902264245,-0.018514,3.1195330139031383,0.044286,0,1.0
565,1.355288620872509,0.6194089041788797,0.012494,0.7631940241558249,2.47659447396597,-16.229114359331355,-0.09541412599521903,20.236141188826707,0.3901156796500694,-59.1374183935982,-0.6817982044692934,14.588943187381313,-0.3631405746572389,44.2181166404344,0.46936119399453624,0.2967867546008601,-0.018514,2.0273129098953726,0.044286,0,1.0
566,0.01971691613597537,0.10766322309442371,0.012494,0.7631940241558249,2.47659447396597,48.30626848440859,-0.09541412599521903,45.16443981601394,0.3901156796500694,-21.159233565262817,-0.6817982044692934,-44.20929765737306,-0.3631405746572389,-32.44951031428294,0.46936119399453624,0.5201668908049539,-0.018514,9.377186520980182,0.044286,0,1.0
567,0.0040357735431237884,0.058730974710430726,0.012494,0.7631940241558249,2.47659447396597,60.59384631444772,-0.09541412599521903,66.76012309849835,0.3901156796500694,-51.52611991349393,-0.6817982044692934,-50.733138742824245,-0.3631405746572389,-32.349040590572805,0.46936119399453624,0.2668282202055492,-0.018514,13.022062980352754,0.044286,0,1.0
568,0.8210530124930824,0.416827173691479,0.012494,0.7631940241558249,2.47659447396597,30.617895967743756,-0.09541412599521903,44.23135102232579,0.3901156796500694,-28.50759099197604,-0.6817982044692934,-48.84902611992549,-0.3631405746572389,-7.311731154632933,0.46936119399453624,0.37109048075856643,-0.018514,7.95310857211666,0.044286,0,1.0
569,0.0011340610188876887,0.058116031489060783,0.012494,0.7631940241558249,2.47659447396597,53.952443255348896,-0.09541412599521903,54.745278122554105,0.3901156796500694,-36.562607920355426,-0.6817982044692934,-48.249967655115704,-0.3631405746572389,-31.315661189780705,0.46936119399453624,0.26796434532452373,-0.018514,11.227131852054963,0.044286,0,1.0
570,2.0093755113850165,1.6263005926795824,0.012494,0.7631940241558249,2.47659447396597,26.056458934091303,-0.09541412599521903,52.86847204607499,0.3901156796500694,-21.017092969154266,-0.6817982044692934,-91.00770839087862,-0.3631405746572389,7.658979393461152,0.46936119399453624,0.29444223755249865,-0.018514,8.887272420697425,0.044286,0,1.0
571,0.09140663818760975,0.01855308103377537,0.012494,0.7631940241558249,2.47659447396597,15.708370455751156,-0.09541412599521903,34.436731110792365,0.3901156796500694,-60.303419622059785,-0.6817982044692934,12.5773198006492,-0.3631405746572389,5.411970813890964,0.46936119399453624,0.2692030771468472,-0.018514,5.48457701432921,0.044286,0,1.0
572,0.040728549827680594,0.03804998774487989,0.012494,0.7631940241558249,2.47659447396597,24.939675275464445,-0.09541412599521903,26.22812899048675,0.3901156796500694,-20.156152055061778,-0.6817982044692934,-17.348666131743826,-0.3631405746572389,-13.831082398449949,0.46936119399453624,0.3358204028513887,-0.018514,5.286204586759987,0.044286,0,1.0
573,1.5780535083347509,1.25048502565763,0.012494,0.7631940241558249,2.47659447396597,43.854401791574894,-0.09541412599521903,76.97781953415259,0.3901156796500694,-78.55012484459806,-0.6817982044692934,-66.75405309428922,-0.3631405746572389,7.363403762716769,0.46936119399453624,0.2961033704782441,-0.018514,14.127524078400377,0.044286,0,1.0
574,0.023924776486103916,0.03305339722716526,0.012494,0.7631940241558249,2.47659447396597,45.54796428820699,-0.09541412599521903,57.10867103513616,0.3901156796500694,-61.759294018431014,-0.6817982044692934,-24.851426301781327,-0.3631405746572389,-17.269063554071188,0.46936119399453624,0.2602184175742739,-0.018514,10.86369208808062,0.044286,0,1.0
575,0.00249953430967631,0.03848246511078899,0.012494,0.7631940241558249,2.47659447396597,49.219125659005776,-0.09541412599521903,56.259340435446,0.3901156796500694,-49.78053064573407,-0.6817982044692934,-35.56736615470825,-0.3631405746572389,-24.007929812087596,0.46936119399453624,0.2675368954854722,-0.018514,10.924699145152388,0.044286,0,1.0
576,0.011481233088801446,0.05779072430574216,0.012494,0.7631940241558249,2.47659447396597,13.551063725229714,-0.09541412599521903,28.92767538950893,0.3901156796500694,-56.617918806309916,-0.6817982044692934,26.587734767198032,-0.3631405746572389,3.4548499445897356,0.46936119399453624,0.7186456339250691,-0.018514,4.5496839396767825,0.044286,0,1.0
577,0.0002821870907241397,0.08262893634116067,0.012494,0.7631940241558249,2.47659447396597,62.7908399417212,-0.09541412599521903,56.880604713545765,0.3901156796500694,-21.032038781395634,-0.6817982044692934,-68.69057731181674,-0.3631405746572389,-42.6959603199378,0.46936119399453624,0.25900485579157007,-0.018514,12.120869768886212,0.044286,0,1.0
578,0.04070529611495122,0.09557855537530997,0.012494,0.7631940241558249,2.47659447396597,61.44423587067291,-0.09541412599521903,56.65518793156637,0.3901156796500694,-22.283970805984723,-0.6817982044692934,-67.24612144110276,-0.3631405746572389,-40.90890783720019,0.46936119399453624,0.2784845906599509,-0.018514,11.99230238005866,0.044286,0,1.0
579,0.018822728239852538,0.015147777094279669,0.012494,0.7631940241558249,2.47659447396597,37.89026937924468,-0.09541412599521903,63.96463528982454,0.3901156796500694,-96.12172157573355,-0.6817982044692934,3.1137104338399184,-0.3631405746572389,-1.8396849373222346,0.46936119399453624,0.2600705079960708,-0.018514,10.94185336997038,0.044286,0,1.0
580,0.23216832007136468,0.05859618383932295,0.012494,0.7631940241558249,2.47659447396597,36.48380558584733,-0.09541412599521903,57.53233731635923,0.3901156796500694,-76.46699919654633,-0.6817982044692934,-12.384628839756886,-0.3631405746572389,-3.7293664373985256,0.46936119399453624,0.2578751613836303,-0.018514,10.237734666753955,0.044286,0,1.0
581,0.0004968739884458895,0.0003614168480685738,0.012494,0.7631940241558249,2.47659447396597,1.0245608786800735,-0.09541412599521903,33.28137176312456,0.3901156796500694,-99.29404744424816,-0.6817982044692934,60.95372906201922,-0.3631405746572389,26.616572606897858,0.46936119399453624,0.3960000177937375,-0.018514,4.413537745336397,0.044286,0,1.0
582,0.049071282092021384,0.06838410429339835,0.012494,0.7631940241558249,2.47659447396597,73.77260137493086,-0.09541412599521903,89.21702343424143,0.3901156796500694,-87.90441250431715,-0.6817982044692934,-50.82548253637913,-0.3631405746572389,-30.854196313336793,0.46936119399453624,0.25370396241249793,-0.018514,17.15775085843692,0.044286,0,1.0
583,0.0043760807813719715,0.0064468051810897,0.012494,0.7631940241558249,2.47659447396597,9.070925698491978,-0.09541412599521903,18.544367965741397,0.3901156796500694,-36.39266320995301,-0.6817982044692934,12.932799437558176,-0.3631405746572389,2.8859227131411345,0.46936119399453624,0.2755652952557528,-0.018514,3.127373015009823,0.044286,0,1.0
584,0.009023663822467443,0.03183094560334899,0.012494,0.7631940241558249,2.47659447396597,30.10995621522229,-0.09541412599521903,29.920548345885045,0.3901156796500694,-19.666472158519976,-0.6817982044692934,-24.875757258861302,-0.3631405746572389,-18.00814451337917,0.46936119399453624,0.2689910935492703,-0.018514,6.186028788320364,0.044286,0,1.0
585,0.01894569825346193,0.05191864983064452,0.012494,0.7631940241558249,2.47659447396597,19.53849643393468,-0.09541412599521903,39.42401643341511,0.3901156796500694,-74.68067326012172,-0.6817982044692934,28.316349472320987,-0.3631405746572389,4.35536445556421,0.46936119399453624,0.7422920478598689,-0.018514,6.454872147124509,0.044286,0,1.0
586,0.0011480082953405635,0.2613597389336988,0.012494,0.7631940241558249,2.47659447396597,-4.043004088781784,-0.09541412599521903,3.384434829286962,0.3901156796500694,-43.4230948905857,-0.6817982044692934,69.04803673972177,-0.3631405746572389,10.1447786815354,0.46936119399453624,0.351080553340537,-0.018514,1.759254863127834,0.044286,0,1.0
587,0.0014294585468150878,0.012449261366841338,0.012494,0.7631940241558249,2.47659447396597,41.935885630704156,-0.09541412599521903,65.15337686551304,0.3901156796500694,-91.97656941173922,-0.6817982044692934,-3.8725117463653023,-0.3631405746572389,-6.167766796912287,0.46936119399453624,0.2557586184773104,-0.018514,11.479234839857556,0.044286,0,1.0
588,0.048338914981828074,0.1560911915255392,0.012494,0.7631940241558249,2.47659447396597,-3.768697739393672,-0.09541412599521903,25.161318097227788,0.3901156796500694,-97.94916808542212,-0.6817982044692934,90.56569379951823,-0.3631405746572389,26.562629138418075,0.46936119399453624,1.4370366789282087,-0.018514,3.068234894408419,0.044286,0,1.0
589,0.1107952707317188,0.059455585490840034,0.012494,0.7631940241558249,2.47659447396597,51.88231877571598,-0.09541412599521903,66.0056055834924,0.3901156796500694,-68.16839777280896,-0.6817982044692934,-33.23644270692994,-0.3631405746572389,-19.475954240557147,0.46936119399453624,0.2802187816451962,-0.018514,12.400752017344104,0.044286,0,1.0
590,-0.0007476213482719984,0.20507484972199963,0.012494,0.7631940241558249,2.47659447396597,66.70017201897146,-0.09541412599521903,82.14743983541919,0.3901156796500694,-87.47649107552841,-0.6817982044692934,-24.92494853548814,-0.3631405746572389,-29.177977605426463,0.46936119399453624,0.961872108499966,-0.018514,15.305992448405297,0.044286,0,1.0
591,1.4068124182450057,0.8603332963449367,0.012494,0.7631940241558249,2.47659447396597,-30.774958179171467,-0.09541412599521903,11.77096307135354,0.3901156796500694,-67.59945671401579,-0.6817982044692934,25.2687001315732,-0.3631405746572389,61.1228449682173,0.46936119399453624,-0.415080180300696,-0.018514,0.4211095285708574,0.044286,1,1.0
592,0.030907370179497295,0.1384212832919869,0.012494,0.7631940241558249,2.47659447396597,76.71069311543305,-0.09541412599521903,64.55867531185689,0.3901156796500694,-9.385352227677522,-0.6817982044692934,-94.8446711394013,-0.3631405746572389,-56.41850272582824,0.46936119399453624,0.254980212300735,-0.018514,14.167731091793312,0.044286,0,1.0
593,-0.003509421477676966,0.5143503625765399,0.012494,0.7631940241558249,2.47659447396597,34.64499968541238,-0.09541412599521903,38.59803141784558,0.3901156796500694,-61.228196923635686,-0.6817982044692934,30.180752267806444,-0.3631405746572389,-14.357749399750192,0.46936119399453624,1.8946351891453324,-0.018514,8.115937247178014,0.044286,0,1.0
594,0.038129969562655575,0.19084573081147443,0.012494,0.7631940241558249,2.47659447396597,43.86335270228678,-0.09541412599521903,56.32644140798329,0.3901156796500694,-73.85237649522512,-0.6817982044692934,2.2184410707623945,-0.3631405746572389,-14.947038094707105,0.46936119399453624,1.0786533099626432,-0.018514,10.72128341558626,0.044286,0,1.0
595,0.011266207618500168,0.37596985242285313,0.012494,0.7631940241558249,2.47659447396597,63.542525619146666,-0.09541412599521903,70.34447817768074,0.3901156796500694,-67.75180141301907,-0.6817982044692934,-20.04345886581185,-0.3631405746572389,-33.823192451368506,0.46936119399453624,1.4368387678611727,-0.018514,13.671105766010147,0.044286,0,1.0
596,-0.0004720148507626476,0.1116551000954497,0.012494,0.7631940241558249,2.47659447396597,88.61389846426161,-0.09541412599521903,89.19811390874492,0.3901156796500694,-53.819003245210354,-0.6817982044692934,-87.04811341864999,-0.3631405746572389,-52.86145840521726,0.46936119399453624,0.26018981996006474,-0.018514,18.216611047446307,0.044286,0,1.0
597,0.0036271414715407513,0.03162994001029158,0.012494,0.7631940241558249,2.47659447396597,-1.457871155265604,-0.09541412599521903,21.389759350964432,0.3901156796500694,-73.2564912608788,-0.6817982044692934,58.813943627519336,-0.3631405746572389,19.512257314621213,0.46936119399453624,0.7422077074938178,-0.018514,2.6256065986531296,0.044286,0,1.0
598,0.0029903060403753123,0.0492656634563293,0.012494,0.7631940241558249,2.47659447396597,40.676382452315764,-0.09541412599521903,51.651358677943435,0.3901156796500694,-59.11529595718307,-0.6817982044692934,-14.142848089706348,-0.3631405746572389,-15.45812258189715,0.46936119399453624,0.4807225037800551,-0.018514,9.693356162056045,0.044286,0,1.0
599,0.02188611757594927,0.0708644764511055,0.012494,0.7631940241558249,2.47659447396597,74.37126970685385,-0.09541412599521903,91.96314463510076,0.3901156796500694,-90.59749133090409,-0.6817982044692934,-49.50808004631601,-0.3631405746572389,-31.48262983557885,0.46936119399453624,0.29613022927456356,-0.018514,17.2286563223967,0.044286,0,1.0
