,V,fitness,V_O,s,tau,AF3,AF3_O,AH3,AH3_O,A3N3,A3N3_O,AF5,AF5_O,AD5,AD5_O,lambda1,lambda1_O,lambda2,lambda2_O,taquiónico,taquiónico_O
0,0.042150394639274044,0.013522360089779238,-0.00032169,1.600149459561681,3.485910062937601,6.357485954314092,-0.0023016062189381405,2.8751875823334188,0.08577636837209619,-0.08924813921611624,-0.845232402679053,-24.733135989473254,1.5397792612636616,0.2683617913971099,0.20689099899680946,-0.07138412618165048,0.00020257,0.07623618031658284,0.00049835,1,0.0
1,0.25631197554140617,0.013485443108484003,-0.00032169,1.600149459561681,3.485910062937601,-66.1501298799578,-0.0023016062189381405,4.75974559881966,0.08577636837209619,-94.69115829005149,-0.845232402679053,99.20152075547013,1.5397792612636616,75.07882035668116,0.20689099899680946,-0.03573217005089201,0.00020257,0.0354349799386214,0.00049835,1,0.0
2,0.42800422937086036,0.04459262854621937,-0.00032169,1.600149459561681,3.485910062937601,-12.279718955690429,-0.0023016062189381405,4.904350231544366,0.08577636837209619,-0.09949821498507666,-0.845232402679053,-68.42385951739547,1.5397792612636616,25.53204367029395,0.20689099899680946,-0.12036600918674067,0.00020257,0.1190998423893172,0.00049835,1,0.0
3,0.28410662033652717,0.015260740472116986,-0.00032169,1.600149459561681,3.485910062937601,-54.58796931220031,-0.0023016062189381405,6.665235063779194,0.08577636837209619,-78.78337853719225,-0.845232402679053,65.78806729981363,1.5397792612636616,64.63154602412948,0.20689099899680946,-0.06930216706285114,0.00020257,0.07145123243806184,0.00049835,1,0.0
4,0.30981125637854723,0.013490844301423385,-0.00032169,1.600149459561681,3.485910062937601,-19.664143083846177,-0.0023016062189381405,2.6954346887887732,0.08577636837209619,-9.355472656753195,-0.845232402679053,-22.95690112643772,1.5397792612636616,25.095563307118013,0.20689099899680946,-0.033757543834037756,0.00020257,0.033004390661590846,0.00049835,1,0.0
5,0.06825692629918867,0.04504429760536215,-0.00032169,1.600149459561681,3.485910062937601,99.64319680085586,-0.0023016062189381405,26.29487119842644,0.08577636837209619,-61.68364513595056,-0.845232402679053,6.39336208865533,1.5397792612636616,-28.18890418919324,0.20689099899680946,0.3559970029749246,0.00020257,0.8631866179678422,0.00049835,0,0.0
6,0.48809522147493256,0.12277703554192489,-0.00032169,1.600149459561681,3.485910062937601,69.02388841680245,-0.0023016062189381405,31.486969667989406,0.08577636837209619,-98.02105944632582,-0.845232402679053,2.706579317609631,1.5397792612636616,16.531644643700155,0.20689099899680946,0.3378194324636241,0.00020257,0.9663451448505846,0.00049835,0,0.0
7,0.04225154586962146,0.002528592284344792,-0.00032169,1.600149459561681,3.485910062937601,-6.200364726941447,-0.0023016062189381405,1.2373582821401008,0.08577636837209619,-12.419293530916311,-0.845232402679053,4.74232491572847,1.5397792612636616,9.989030920371695,0.20689099899680946,-0.03044162827229706,0.00020257,0.03071875874099991,0.00049835,1,0.0
8,0.008633181424826608,0.0476498341621555,-0.00032169,1.600149459561681,3.485910062937601,99.94038406781742,-0.0023016062189381405,19.017498997871854,0.08577636837209619,-26.16669971171701,-0.845232402679053,-4.782942192115731,1.5397792612636616,-44.027473806306226,0.20689099899680946,0.3850551139651224,0.00020257,0.7147929429108308,0.00049835,0,0.0
9,0.3662509813531006,0.022309261984968555,-0.00032169,1.600149459561681,3.485910062937601,-31.573585094483718,-0.0023016062189381405,6.013779768026276,0.08577636837209619,-34.95038124238706,-0.845232402679053,-7.633343125329474,1.5397792612636616,42.52318026112236,0.20689099899680946,-0.07967533467600305,0.00020257,0.08119521204275543,0.00049835,1,0.0
10,0.20863729406279008,0.007367931185811348,-0.00032169,1.600149459561681,3.485910062937601,-7.949557081563774,-0.0023016062189381405,2.193423173686969,0.08577636837209619,-0.852036114962645,-0.845232402679053,-28.243844847820814,1.5397792612636616,13.042433015148163,0.20689099899680946,-0.041840710943342664,0.00020257,0.04190909570703972,0.00049835,1,0.0
11,0.005832299779982231,0.027225158060124415,-0.00032169,1.600149459561681,3.485910062937601,84.94072580260392,-0.0023016062189381405,28.233510380537815,0.08577636837209619,-99.99473045281901,-0.845232402679053,57.08666503138339,1.5397792612636616,-9.753207501869074,0.20689099899680946,0.35006750064199804,0.00020257,0.880412579020003,0.00049835,0,0.0
12,0.004682777739639987,0.04420551947177686,-0.00032169,1.600149459561681,3.485910062937601,69.24308336247185,-0.0023016062189381405,17.465501604729344,0.08577636837209619,-58.47637215183451,-0.845232402679053,55.7220600416711,1.5397792612636616,-19.329991148554562,0.20689099899680946,0.4225100224610259,0.00020257,0.6113570473107787,0.00049835,0,0.0
13,0.004921707596672098,0.04041063569046175,-0.00032169,1.600149459561681,3.485910062937601,94.8589231365046,-0.0023016062189381405,21.27781944419536,0.08577636837209619,-54.32581962371942,-0.845232402679053,20.94390937816328,1.5397792612636616,-30.354826233450847,0.20689099899680946,0.3645294974675517,0.00020257,0.7999282294108387,0.00049835,0,0.0
14,0.2726150715883312,0.012891979970801293,-0.00032169,1.600149459561681,3.485910062937601,-12.789830618091019,-0.0023016062189381405,2.1617845598530443,0.08577636837209619,-2.888809523139674,-0.845232402679053,-30.48124570003352,1.5397792612636616,18.77708642586621,0.20689099899680946,-0.041692476899888996,0.00020257,0.04427337153484789,0.00049835,1,0.0
15,0.4717034748706269,0.028752694895231225,-0.00032169,1.600149459561681,3.485910062937601,-61.25194540760248,-0.0023016062189381405,5.437356446505109,0.08577636837209619,-65.7916302443069,-0.845232402679053,40.345142689027234,1.5397792612636616,70.31112511149863,0.20689099899680946,-0.04754800522531393,0.00020257,0.049758878088392126,0.00049835,1,0.0
16,0.4827546881479823,0.1252125413562171,-0.00032169,1.600149459561681,3.485910062937601,99.92022232399619,-0.0023016062189381405,37.34365915437502,0.08577636837209619,-82.61075432825123,-0.845232402679053,-43.883510419633325,1.5397792612636616,-4.438450194764916,0.20689099899680946,0.3224393132490516,0.00020257,1.1061716034942237,0.00049835,0,0.0
17,0.12860337576778158,0.061412923705059144,-0.00032169,1.600149459561681,3.485910062937601,99.9363439337682,-0.0023016062189381405,24.39833148662624,0.08577636837209619,-40.429707719714855,-0.845232402679053,-18.10718041179959,1.5397792612636616,-34.1630792418948,0.20689099899680946,0.362527004306477,0.00020257,0.805092206095257,0.00049835,0,0.0
18,1.161973968004253,0.20895212687884668,-0.00032169,1.600149459561681,3.485910062937601,-69.99868945557594,-0.0023016062189381405,14.411957587544752,0.08577636837209619,-49.92251513076614,-0.845232402679053,-96.34091088110966,1.5397792612636616,99.90977958513716,0.20689099899680946,-0.22375753706517354,0.00020257,0.22366844169493583,0.00049835,1,0.0
19,0.33149109564406776,0.018206947237883006,-0.00032169,1.600149459561681,3.485910062937601,-22.78702271871858,-0.0023016062189381405,2.201478724272162,0.08577636837209619,-13.624943473964414,-0.845232402679053,-20.634221523307573,1.5397792612636616,30.016750134980597,0.20689099899680946,-0.04525435673710363,0.00020257,0.044644150838570644,0.00049835,1,0.0
20,0.0006888326404801415,0.038074628635251954,-0.00032169,1.600149459561681,3.485910062937601,98.38806905456494,-0.0023016062189381405,22.510697826901296,0.08577636837209619,-50.064822352696794,-0.845232402679053,11.661082568549315,1.5397792612636616,-34.3898935211327,0.20689099899680946,0.3659523122365579,0.00020257,0.7900275435458736,0.00049835,0,0.0
21,0.024497917523608387,0.004025652499666808,-0.00032169,1.600149459561681,3.485910062937601,-7.227892069662613,-0.0023016062189381405,2.684056366780739,0.08577636837209619,-18.078276342797718,-0.845232402679053,11.488035029093046,1.5397792612636616,10.869148090337164,0.20689099899680946,-0.037143265963883,0.00020257,0.03890386082456442,0.00049835,1,0.0
22,0.0038824751432802174,0.03939740686836371,-0.00032169,1.600149459561681,3.485910062937601,87.35933087960326,-0.0023016062189381405,21.819955150227752,0.08577636837209619,-54.32666083683217,-0.845232402679053,25.69621562957099,1.5397792612636616,-28.72007910418307,0.20689099899680946,0.38406107640170417,0.00020257,0.7155842919385659,0.00049835,0,0.0
23,0.000422432009960505,0.045659201806081406,-0.00032169,1.600149459561681,3.485910062937601,99.9593819573911,-0.0023016062189381405,19.05940895214637,0.08577636837209619,-28.968628569978133,-0.845232402679053,-1.4575499129999998,1.5397792612636616,-43.064554940598555,0.20689099899680946,0.3806197224029075,0.00020257,0.7270195288309995,0.00049835,0,0.0
24,0.15605296385624176,0.008250646648702903,-0.00032169,1.600149459561681,3.485910062937601,-41.58565157809021,-0.0023016062189381405,5.3982586220191955,0.08577636837209619,-68.52746046025106,-0.845232402679053,62.90743357086782,1.5397792612636616,50.43604232895851,0.20689099899680946,-0.05791323846923491,0.00020257,0.058007282472444605,0.00049835,1,0.0
25,0.0006478566136216557,0.029287664528284407,-0.00032169,1.600149459561681,3.485910062937601,99.16478308905765,-0.0023016062189381405,28.96078056494895,0.08577636837209619,-85.2039634795616,-0.845232402679053,31.669065584614692,1.5397792612636616,-21.793957861462694,0.20689099899680946,0.3435537298807932,0.00020257,0.9217166249568371,0.00049835,0,0.0
26,0.031756951153649154,0.003120578566700026,-0.00032169,1.600149459561681,3.485910062937601,-30.120658437283666,-0.0023016062189381405,1.5084089838479977,0.08577636837209619,-48.74125201987517,-0.845232402679053,64.52128766355617,1.5397792612636616,32.512333951375915,0.20689099899680946,-0.021846461348960754,0.00020257,0.022611878888658364,0.00049835,1,0.0
27,0.0006910133890112302,0.028787164028884718,-0.00032169,1.600149459561681,3.485910062937601,98.97480324240863,-0.0023016062189381405,31.060023533480237,0.08577636837209619,-93.77467763944027,-0.845232402679053,36.53839004930201,1.5397792612636616,-19.127708143767734,0.20689099899680946,0.34180545894561776,0.00020257,0.945393499860325,0.00049835,0,0.0
28,0.9352643413937937,0.11811177808697924,-0.00032169,1.600149459561681,3.485910062937601,-46.37051165514587,-0.0023016062189381405,6.448023853283359,0.08577636837209619,-0.006321288552857039,-0.845232402679053,-98.63562051003963,1.5397792612636616,58.65970273524522,0.20689099899680946,-0.07485733643153786,0.00020257,0.07635175400212182,0.00049835,1,0.0
29,0.0008663292356303476,0.054402842055714835,-0.00032169,1.600149459561681,3.485910062937601,99.77412349915873,-0.0023016062189381405,16.03239702828914,0.08577636837209619,-13.629818013000952,-0.845232402679053,-7.722745329678577,1.5397792612636616,-48.86634182735181,0.20689099899680946,0.39410269173639334,0.00020257,0.6787596662929644,0.00049835,0,0.0
30,0.008759496672749747,0.0021807417779672145,-0.00032169,1.600149459561681,3.485910062937601,-9.837563011820471,-0.0023016062189381405,0.10271858617889704,0.08577636837209619,-12.637908667482382,-0.845232402679053,21.676761222197015,1.5397792612636616,8.65470845639532,0.20689099899680946,-0.0280323589982361,0.00020257,0.027639692132703505,0.00049835,1,0.0
31,-0.003812397295515975,0.015744548255002995,-0.00032169,1.600149459561681,3.485910062937601,3.042324039803619,-0.0023016062189381405,1.1311921138098133,0.08577636837209619,-0.007626885885466951,-0.845232402679053,-3.35207837464168,1.5397792612636616,-1.967252151604197,0.20689099899680946,-0.008844067438874524,0.00020257,0.023448172472087574,0.00049835,1,0.0
32,0.0001453372633519745,0.027498124468746818,-0.00032169,1.600149459561681,3.485910062937601,95.85729282610366,-0.0023016062189381405,29.50640127530434,0.08577636837209619,-99.62573714287156,-0.845232402679053,46.90850079415829,1.5397792612636616,-14.190368334150412,0.20689099899680946,0.3374609356269263,0.00020257,0.9638886963506503,0.00049835,0,0.0
33,0.014270283625300584,0.028171895889107224,-0.00032169,1.600149459561681,3.485910062937601,98.99699227480839,-0.0023016062189381405,31.085741925027577,0.08577636837209619,-99.9775822983621,-0.845232402679053,40.421561071455116,1.5397792612636616,-15.327409340597738,0.20689099899680946,0.33534349304442124,0.00020257,0.9862055566808308,0.00049835,0,0.0
34,0.21120191148444917,0.00679581983926378,-0.00032169,1.600149459561681,3.485910062937601,-27.7184428816783,-0.0023016062189381405,3.634450348978767,0.08577636837209619,-35.80003353987907,-0.845232402679053,18.0984941042646,1.5397792612636616,34.595016087064565,0.20689099899680946,-0.04066299258937024,0.00020257,0.04118755664273312,0.00049835,1,0.0
35,0.0058603434101093255,0.03481863291603953,-0.00032169,1.600149459561681,3.485910062937601,87.69590504007189,-0.0023016062189381405,23.352187826843075,0.08577636837209619,-67.43560110569254,-0.845232402679053,33.82332539371714,1.5397792612636616,-23.16498073241737,0.20689099899680946,0.3684225889442537,0.00020257,0.7782175685830278,0.00049835,0,0.0
36,0.007438518204169853,0.03348981574798974,-0.00032169,1.600149459561681,3.485910062937601,88.94170374735465,-0.0023016062189381405,25.337319934450665,0.08577636837209619,-73.45100652976403,-0.845232402679053,34.38363125226443,1.5397792612636616,-21.832663348800814,0.20689099899680946,0.36315480205416845,0.00020257,0.803080350062626,0.00049835,0,0.0
37,0.649239905330061,0.06127606447805091,-0.00032169,1.600149459561681,3.485910062937601,-79.92915227941496,-0.0023016062189381405,11.13848809238619,0.08577636837209619,-99.95184194991882,-0.845232402679053,43.61885859586115,1.5397792612636616,99.6415798889725,0.20689099899680946,-0.12391501592808005,0.00020257,0.12682821919892281,0.00049835,1,0.0
38,0.5382917563504919,0.047438059168655705,-0.00032169,1.600149459561681,3.485910062937601,-70.35422211631428,-0.0023016062189381405,10.48505940212665,0.08577636837209619,-93.40311563639747,-0.845232402679053,45.89562868770056,1.5397792612636616,88.23232190107106,0.20689099899680946,-0.11857448515689965,0.00020257,0.12229406953943282,0.00049835,1,0.0
39,0.48861109777121337,0.030494146784880046,-0.00032169,1.600149459561681,3.485910062937601,-56.1161157918109,-0.0023016062189381405,7.15932790349484,0.08577636837209619,-63.3603453082127,-0.845232402679053,23.192270418392958,1.5397792612636616,68.44153139474626,0.20689099899680946,-0.07658456715704534,0.00020257,0.07654169232741417,0.00049835,1,0.0
40,0.0009559588538643471,0.03052922465454639,-0.00032169,1.600149459561681,3.485910062937601,95.83166779919507,-0.0023016062189381405,27.38362356080241,0.08577636837209619,-79.97368762764143,-0.845232402679053,32.11418512918129,1.5397792612636616,-22.294121166241236,0.20689099899680946,0.350184714158994,0.00020257,0.878520277358007,0.00049835,0,0.0
41,0.40227655891024877,0.09031213273070164,-0.00032169,1.600149459561681,3.485910062937601,0.42815972596602936,-0.0023016062189381405,9.736361237384475,0.08577636837209619,-0.14029207951955064,-0.845232402679053,-94.12425598129597,1.5397792612636616,19.197242027361597,0.20689099899680946,-0.20617004898737118,0.00020257,0.20573569764733457,0.00049835,1,0.0
42,0.738937708868167,0.08120474472894722,-0.00032169,1.600149459561681,3.485910062937601,-43.563386379641486,-0.0023016062189381405,7.737279739097967,0.08577636837209619,-25.953169406839777,-0.845232402679053,-62.83403779973939,1.5397792612636616,61.06011136701407,0.20689099899680946,-0.1222553024741412,0.00020257,0.12397322618871133,0.00049835,1,0.0
43,0.0007063288955280189,0.03115185076627704,-0.00032169,1.600149459561681,3.485910062937601,98.15224281754988,-0.0023016062189381405,27.826042468134652,0.08577636837209619,-77.59554500482167,-0.845232402679053,27.23208738036324,1.5397792612636616,-24.425839188897637,0.20689099899680946,0.34877186573178826,0.00020257,0.8827706364326613,0.00049835,0,0.0
44,0.11125907926571678,0.002690084409585289,-0.00032169,1.600149459561681,3.485910062937601,-27.263330628974423,-0.0023016062189381405,1.618880922076557,0.08577636837209619,-37.47713469194417,-0.845232402679053,39.70161336372948,1.5397792612636616,30.656673518306164,0.20689099899680946,-0.009968095233842882,0.00020257,0.00986586608967448,0.00049835,1,0.0
45,-0.00011694791605953991,0.043722003708144344,-0.00032169,1.600149459561681,3.485910062937601,98.29400614636582,-0.0023016062189381405,20.04114639469344,0.08577636837209619,-33.98081142804475,-0.845232402679053,2.336493116187509,1.5397792612636616,-40.78078555788678,0.20689099899680946,0.38153378310951125,0.00020257,0.7253229900637718,0.00049835,0,0.0
46,0.0014949318190906058,0.07006611083182436,-0.00032169,1.600149459561681,3.485910062937601,85.58775272241812,-0.0023016062189381405,11.889778925079048,0.08577636837209619,-9.900201363012455,-0.845232402679053,17.65049769188705,1.5397792612636616,-45.80891586568237,0.20689099899680946,0.43284357836485465,0.00020257,0.5929969967336345,0.00049835,0,0.0
47,0.005811975463762997,0.0393004081134049,-0.00032169,1.600149459561681,3.485910062937601,76.4473265751721,-0.0023016062189381405,20.092986012385524,0.08577636837209619,-64.18457058884331,-0.845232402679053,48.12736023315755,1.5397792612636616,-19.852957945775714,0.20689099899680946,0.39861469601349553,0.00020257,0.6850633172945071,0.00049835,0,0.0
48,0.09329360850980795,0.006925344307621462,-0.00032169,1.600149459561681,3.485910062937601,-24.412824721793868,-0.0023016062189381405,4.515042407397252,0.08577636837209619,-45.43330498676428,-0.845232402679053,36.08367026466936,1.5397792612636616,31.887965442559594,0.20689099899680946,-0.05726313901317358,0.00020257,0.0572300105736417,0.00049835,1,0.0
49,0.23919448244229125,0.07789912960610242,-0.00032169,1.600149459561681,3.485910062937601,93.28530689758047,-0.0023016062189381405,29.60992484859458,0.08577636837209619,-65.84871972672106,-0.845232402679053,-12.81660622840391,1.5397792612636616,-17.629522018591363,0.20689099899680946,0.34335957274784584,0.00020257,0.8950803906700397,0.00049835,0,0.0
50,0.10727275146213397,0.0017545351742686004,-0.00032169,1.600149459561681,3.485910062937601,-9.87048609107797,-0.0023016062189381405,1.7329519353019058,0.08577636837209619,-10.871131494631543,-0.845232402679053,-0.8045710741392005,1.5397792612636616,12.90095142877223,0.20689099899680946,-0.021980406054223744,0.00020257,0.02202564129049149,0.00049835,1,0.0
51,1.0964709544837954,0.17917812264062138,-0.00032169,1.600149459561681,3.485910062937601,-86.25007657868905,-0.0023016062189381405,3.8002941822365606,0.08577636837209619,-36.01133512055059,-0.845232402679053,-39.40371912314345,1.5397792612636616,95.92396442855097,0.20689099899680946,-0.019713360196773742,0.00020257,0.017979894055026,0.00049835,1,0.0
52,0.25825432408076154,0.013672549802707946,-0.00032169,1.600149459561681,3.485910062937601,-10.855500126624335,-0.0023016062189381405,1.8545123982963179,0.08577636837209619,-0.5842090380342216,-0.845232402679053,-32.79602684002707,1.5397792612636616,16.767538527078646,0.20689099899680946,-0.04798827702092933,0.00020257,0.046575395255053394,0.00049835,1,0.0
53,0.059308491010760314,0.002487685094345169,-0.00032169,1.600149459561681,3.485910062937601,-15.296148572425292,-0.0023016062189381405,2.454544719254352,0.08577636837209619,-27.909163240521657,-0.845232402679053,22.41569530086438,1.5397792612636616,20.06991947196615,0.20689099899680946,-0.032009530149216654,0.00020257,0.032052004619784684,0.00049835,1,0.0
54,0.0095409048493178,0.047969391369829126,-0.00032169,1.600149459561681,3.485910062937601,94.74447008445026,-0.0023016062189381405,18.288972400109625,0.08577636837209619,-33.18604242849632,-0.845232402679053,7.3856825518628115,1.5397792612636616,-38.62094147669208,0.20689099899680946,0.3826395003430231,0.00020257,0.7172781350698688,0.00049835,0,0.0
55,-0.00010307853571800418,0.038505851448009616,-0.00032169,1.600149459561681,3.485910062937601,99.26644048553344,-0.0023016062189381405,23.290238250904803,0.08577636837209619,-50.56813496187483,-0.845232402679053,10.328219177312741,1.5397792612636616,-35.02959910241154,0.20689099899680946,0.3683849444010041,0.00020257,0.7904250450790349,0.00049835,0,0.0
56,0.1740365609566592,0.013958199354029569,-0.00032169,1.600149459561681,3.485910062937601,-11.701427523882826,-0.0023016062189381405,3.8851903040488267,0.08577636837209619,-18.34511126211424,-0.845232402679053,-11.166001749485321,1.5397792612636616,20.336564852949948,0.20689099899680946,-0.06863280332339372,0.00020257,0.07390867148213437,0.00049835,1,0.0
57,0.029288262933568843,0.004287808217419972,-0.00032169,1.600149459561681,3.485910062937601,-37.70414745782363,-0.0023016062189381405,2.887596417020543,0.08577636837209619,-66.08646483930703,-0.845232402679053,82.52076804597463,1.5397792612636616,42.41054866966214,0.20689099899680946,-0.026747967113383585,0.00020257,0.026716117188270723,0.00049835,1,0.0
58,0.04555813914268779,0.006784846152162877,-0.00032169,1.600149459561681,3.485910062937601,-46.31367149106898,-0.0023016062189381405,2.2162801322002874,0.08577636837209619,-74.69866534945852,-0.845232402679053,99.78039454921098,1.5397792612636616,49.73100629011094,0.20689099899680946,-0.03558753459148217,0.00020257,0.03585394329128855,0.00049835,1,0.0
59,0.003000747430195516,0.0632673723536949,-0.00032169,1.600149459561681,3.485910062937601,65.27213273615118,-0.0023016062189381405,12.655168441616196,0.08577636837209619,-44.2642435408164,-0.845232402679053,64.8044356260725,1.5397792612636616,-23.87612872854679,0.20689099899680946,0.4370218923594632,0.00020257,0.5858845760773804,0.00049835,0,0.0
60,0.006034945883392706,0.029688450231509005,-0.00032169,1.600149459561681,3.485910062937601,78.09531749932437,-0.0023016062189381405,26.433219422083035,0.08577636837209619,-93.68327602840168,-0.845232402679053,60.51734916272877,1.5397792612636616,-9.840141927965226,0.20689099899680946,0.36740375857477847,0.00020257,0.799609310867039,0.00049835,0,0.0
61,0.00408088490234737,0.04888271405141199,-0.00032169,1.600149459561681,3.485910062937601,99.99774252152835,-0.0023016062189381405,18.406165831291677,0.08577636837209619,-22.366203622783143,-0.845232402679053,-6.089094513149608,1.5397792612636616,-45.84069005685031,0.20689099899680946,0.3911615284079098,0.00020257,0.6974199841434205,0.00049835,0,0.0
62,0.4054005463945072,0.02831808586371293,-0.00032169,1.600149459561681,3.485910062937601,-37.039567699855944,-0.0023016062189381405,5.715821227014567,0.08577636837209619,-39.54635756858503,-0.845232402679053,-4.338558012583758,1.5397792612636616,48.75761838952146,0.20689099899680946,-0.07911382538328597,0.00020257,0.07652591425545326,0.00049835,1,0.0
63,0.21322226453597382,0.0087535134155079,-0.00032169,1.600149459561681,3.485910062937601,-7.713185498458959,-0.0023016062189381405,3.017290702410846,0.08577636837209619,-0.4097668605810437,-0.845232402679053,-29.511527183157366,1.5397792612636616,12.127493668976177,0.20689099899680946,-0.0438546471710396,0.00020257,0.044711087820541444,0.00049835,1,0.0
64,-0.00012997272901016377,0.05346884305359621,-0.00032169,1.600149459561681,3.485910062937601,96.41460433137185,-0.0023016062189381405,16.326736636669896,0.08577636837209619,-17.40686869996131,-0.845232402679053,-0.9636062824814033,1.5397792612636616,-46.546258459784035,0.20689099899680946,0.4079455370076523,0.00020257,0.6574121872573726,0.00049835,0,0.0
65,0.4213590183036249,0.13049425853228763,-0.00032169,1.600149459561681,3.485910062937601,99.98261262678112,-0.0023016062189381405,36.30961981763143,0.08577636837209619,-67.4270165493638,-0.845232402679053,-48.83793048891265,1.5397792612636616,-14.430189122194637,0.20689099899680946,0.32803011746291155,0.00020257,1.0097168381256112,0.00049835,0,0.0
66,0.01782132091168165,0.046663930130550785,-0.00032169,1.600149459561681,3.485910062937601,99.66761406221757,-0.0023016062189381405,19.722283192720663,0.08577636837209619,-35.2330174316241,-0.845232402679053,1.0446962669235489,1.5397792612636616,-39.40241240276868,0.20689099899680946,0.3713216133311994,0.00020257,0.7645422242473157,0.00049835,0,0.0
67,0.6034227268326673,0.046471772762933884,-0.00032169,1.600149459561681,3.485910062937601,-84.63586425252309,-0.0023016062189381405,7.31614485302539,0.08577636837209619,-99.05369972994771,-0.845232402679053,65.3385269662055,1.5397792612636616,99.63352653460349,0.20689099899680946,-0.0590274297447004,0.00020257,0.05928614393500705,0.00049835,1,0.0
68,0.001053383750727721,0.04303083613085905,-0.00032169,1.600149459561681,3.485910062937601,96.85592385296344,-0.0023016062189381405,19.838160290878037,0.08577636837209619,-40.10719729021069,-0.845232402679053,10.009121598887761,1.5397792612636616,-37.25873418572947,0.20689099899680946,0.37738613445098335,0.00020257,0.7513871633516146,0.00049835,0,0.0
69,0.0003499143495566681,0.029364572417929453,-0.00032169,1.600149459561681,3.485910062937601,65.98745680246732,-0.0023016062189381405,23.745032135124024,0.08577636837209619,-96.07780621773196,-0.845232402679053,78.24530910152573,1.5397792612636616,-3.785605889924914,0.20689099899680946,0.38408523050452614,0.00020257,0.7221956222528296,0.00049835,0,0.0
70,0.0043953106998975144,0.04449411397364624,-0.00032169,1.600149459561681,3.485910062937601,53.46728472106666,-0.0023016062189381405,17.59425648398552,0.08577636837209619,-76.21659272878082,-0.845232402679053,87.94383579554045,1.5397792612636616,-7.04144526373752,0.20689099899680946,0.46040022479375015,0.00020257,0.5459473128349126,0.00049835,0,0.0
71,0.0006632957676875328,0.03243772616932737,-0.00032169,1.600149459561681,3.485910062937601,84.73517247018724,-0.0023016062189381405,24.346510247770777,0.08577636837209619,-76.16060480691448,-0.845232402679053,43.33580570076066,1.5397792612636616,-19.075981551392104,0.20689099899680946,0.36963648576386077,0.00020257,0.7837913475710421,0.00049835,0,0.0
72,0.48257670749056747,0.029557150972401136,-0.00032169,1.600149459561681,3.485910062937601,-55.16497533553529,-0.0023016062189381405,5.740359410480922,0.08577636837209619,-58.724912208773944,-0.845232402679053,23.002501247225744,1.5397792612636616,66.30026150885132,0.20689099899680946,-0.053040519488758514,0.00020257,0.055253783812261426,0.00049835,1,0.0
73,-0.00017495247059129415,0.04480740868829053,-0.00032169,1.600149459561681,3.485910062937601,77.61758682504157,-0.0023016062189381405,18.313293890782035,0.08577636837209619,-48.523063574130774,-0.845232402679053,38.213825521691895,1.5397792612636616,-27.275050279066722,0.20689099899680946,0.4195496098041261,0.00020257,0.6209181380643202,0.00049835,0,0.0
74,0.2296161626378328,0.007176870267701254,-0.00032169,1.600149459561681,3.485910062937601,-36.524668945509845,-0.0023016062189381405,3.0172789171379844,0.08577636837209619,-45.08098719884356,-0.845232402679053,35.209003936286415,1.5397792612636616,42.48367710637471,0.20689099899680946,-0.022778141224828023,0.00020257,0.02329102030976921,0.00049835,1,0.0
75,0.08931966213922404,0.0016790211005780734,-0.00032169,1.600149459561681,3.485910062937601,-20.939608781136226,-0.0023016062189381405,1.5272650033796318,0.08577636837209619,-29.924089096073136,-0.845232402679053,29.493551057742703,1.5397792612636616,24.31551675396186,0.20689099899680946,-0.010059738258512262,0.00020257,0.010027478862970462,0.00049835,1,0.0
76,0.49278670566727567,0.0312613673911455,-0.00032169,1.600149459561681,3.485910062937601,-79.11643296416042,-0.0023016062189381405,7.39088084683384,0.08577636837209619,-98.82445667478808,-0.845232402679053,77.17035913703165,1.5397792612636616,91.58539842189933,0.20689099899680946,-0.06673318281178288,0.00020257,0.06695459174353398,0.00049835,1,0.0
77,0.3788839425170012,0.11347686721282003,-0.00032169,1.600149459561681,3.485910062937601,99.47353687925725,-0.0023016062189381405,27.698509932232486,0.08577636837209619,-42.710495763969526,-0.845232402679053,-52.40260853890139,1.5397792612636616,-22.151162619612528,0.20689099899680946,0.34198430817299663,0.00020257,0.9252083562506245,0.00049835,0,0.0
78,0.08469025160180019,0.006846755358109572,-0.00032169,1.600149459561681,3.485910062937601,-39.60921925375202,-0.0023016062189381405,4.495409405829519,0.08577636837209619,-69.47767542087917,-0.845232402679053,74.14871840850378,1.5397792612636616,46.98889004562273,0.20689099899680946,-0.045508094261869456,0.00020257,0.044967583627558746,0.00049835,1,0.0
79,0.14736600954416407,0.016518148243630692,-0.00032169,1.600149459561681,3.485910062937601,-55.62632421291105,-0.0023016062189381405,6.104742593700843,0.08577636837209619,-96.8417947824767,-0.845232402679053,97.42793447805273,1.5397792612636616,67.83991843746382,0.20689099899680946,-0.0634010609182975,0.00020257,0.062463014026590435,0.00049835,1,0.0
80,0.19400020998925727,0.0057925717960943535,-0.00032169,1.600149459561681,3.485910062937601,-33.314221946058275,-0.0023016062189381405,2.0839080792364664,0.08577636837209619,-40.01731433496489,-0.845232402679053,35.79035483733515,1.5397792612636616,37.570355797835866,0.20689099899680946,-0.013049942325580323,0.00020257,0.013621428117781388,0.00049835,1,0.0
81,0.05355682558765132,0.0061752022881677235,-0.00032169,1.600149459561681,3.485910062937601,-37.94791354589102,-0.0023016062189381405,3.9377917777839695,0.08577636837209619,-68.96755739471905,-0.845232402679053,77.46996471436483,1.5397792612636616,45.005369986012695,0.20689099899680946,-0.03625044492796941,0.00020257,0.03715793307745271,0.00049835,1,0.0
82,0.020165182843316143,0.05634127105240538,-0.00032169,1.600149459561681,3.485910062937601,99.73253342165744,-0.0023016062189381405,18.249002622594098,0.08577636837209619,-14.32237994422044,-0.845232402679053,-14.606694329729256,1.5397792612636616,-48.89077928561474,0.20689099899680946,0.40428375523910254,0.00020257,0.6564433996630077,0.00049835,0,0.0
83,0.09046832195694077,0.00166067423880834,-0.00032169,1.600149459561681,3.485910062937601,-3.3243298798886918,-0.0023016062189381405,1.3446606355827375,0.08577636837209619,-0.41243414704056347,-0.845232402679053,-12.44600323894877,1.5397792612636616,5.244571392579871,0.20689099899680946,-0.019681156099057098,0.00020257,0.01987314934673119,0.00049835,1,0.0
84,0.09050962842794594,0.004044025750623838,-0.00032169,1.600149459561681,3.485910062937601,-7.653453778725072,-0.0023016062189381405,2.0981725933355224,0.08577636837209619,-12.221575040934258,-0.845232402679053,-2.8300428096015215,1.5397792612636616,12.393822004867147,0.20689099899680946,-0.03929624923592196,0.00020257,0.03885580770173574,0.00049835,1,0.0
85,0.2260523186395697,0.00875547262557827,-0.00032169,1.600149459561681,3.485910062937601,-32.11769588437879,-0.0023016062189381405,4.679168273331035,0.08577636837209619,-43.51603142614681,-0.845232402679053,25.293061824830655,1.5397792612636616,39.580698488423096,0.20689099899680946,-0.052242250751316895,0.00020257,0.05323543856671862,0.00049835,1,0.0
86,0.4206480318586183,0.0246991420870431,-0.00032169,1.600149459561681,3.485910062937601,-19.658257459543293,-0.0023016062189381405,3.98578323573965,0.08577636837209619,-2.161502584642517,-0.845232402679053,-47.630947698711225,1.5397792612636616,26.79667347378737,0.20689099899680946,-0.05427994830442021,0.00020257,0.05454765839315102,0.00049835,1,0.0
87,0.20009891534497046,0.010914447577540495,-0.00032169,1.600149459561681,3.485910062937601,-57.479580831497124,-0.0023016062189381405,5.6769182283694555,0.08577636837209619,-90.53427820248865,-0.845232402679053,90.95115033645331,1.5397792612636616,67.58717684074368,0.20689099899680946,-0.051055435991160664,0.00020257,0.05173456380727626,0.00049835,1,0.0
88,0.08153375848922051,0.003557405279163609,-0.00032169,1.600149459561681,3.485910062937601,-23.777847091215282,-0.0023016062189381405,1.1933330180685011,0.08577636837209619,-32.73370815368358,-0.845232402679053,38.982898282094375,1.5397792612636616,25.7150614490137,0.20689099899680946,-0.016301516896596376,0.00020257,0.019423051274081726,0.00049835,1,0.0
89,-0.00038564303009203105,0.039449373158967634,-0.00032169,1.600149459561681,3.485910062937601,70.77424018982215,-0.0023016062189381405,19.861938065275087,0.08577636837209619,-66.61319722932565,-0.845232402679053,56.633421474575265,1.5397792612636616,-17.38608513507354,0.20689099899680946,0.411950419495123,0.00020257,0.6403441254319554,0.00049835,0,0.0
90,0.2976252951587461,0.014941939950554598,-0.00032169,1.600149459561681,3.485910062937601,-55.73746215893599,-0.0023016062189381405,3.7900496514267363,0.08577636837209619,-72.35924922410292,-0.845232402679053,65.23005415312252,1.5397792612636616,64.37929243670143,0.20689099899680946,-0.022573209394007972,0.00020257,0.022113980464636137,0.00049835,1,0.0
91,0.003756273806145516,0.029011393308359692,-0.00032169,1.600149459561681,3.485910062937601,76.34660817911373,-0.0023016062189381405,25.756987820918187,0.08577636837209619,-93.17231403332795,-0.845232402679053,62.442344139141326,1.5397792612636616,-9.15231922816048,0.20689099899680946,0.36711382192788355,0.00020257,0.786689864210625,0.00049835,0,0.0
92,0.46912671705014874,0.12624162321267357,-0.00032169,1.600149459561681,3.485910062937601,98.07227985997498,-0.0023016062189381405,35.22502041293131,0.08577636837209619,-71.46934507346955,-0.845232402679053,-47.40999319965117,1.5397792612636616,-8.613360497607449,0.20689099899680946,0.33213408869915517,0.00020257,1.0422968229346803,0.00049835,0,0.0
93,0.0025101688871022043,0.0564535497331817,-0.00032169,1.600149459561681,3.485910062937601,90.16730110574485,-0.0023016062189381405,14.77234016473962,0.08577636837209619,-18.975621492051005,-0.845232402679053,9.911710992529024,1.5397792612636616,-43.19100212973453,0.20689099899680946,0.4157715900698366,0.00020257,0.6316644739569497,0.00049835,0,0.0
94,0.44493422889145995,0.1294913747031167,-0.00032169,1.600149459561681,3.485910062937601,99.98379990414021,-0.0023016062189381405,32.22515691665397,0.08577636837209619,-51.71683082524109,-0.845232402679053,-59.0215403824172,1.5397792612636616,-17.990682186331146,0.20689099899680946,0.343888395384091,0.00020257,0.968590855715826,0.00049835,0,0.0
95,0.5887751567481669,0.18775296816275733,-0.00032169,1.600149459561681,3.485910062937601,99.97867871785338,-0.0023016062189381405,36.945945717247184,0.08577636837209619,-49.37875933196432,-0.845232402679053,-85.72434469012097,1.5397792612636616,-15.372494314162452,0.20689099899680946,0.3334449193406813,0.00020257,1.00428906687592,0.00049835,0,0.0
96,0.2788201492057595,0.010558334295719032,-0.00032169,1.600149459561681,3.485910062937601,-45.400394942770454,-0.0023016062189381405,4.358344852455327,0.08577636837209619,-58.26070918020338,-0.845232402679053,44.93418536789896,1.5397792612636616,53.23932063051498,0.20689099899680946,-0.038962201178596265,0.00020257,0.038683645755494336,0.00049835,1,0.0
97,0.0022793153655350507,0.034425920890674415,-0.00032169,1.600149459561681,3.485910062937601,99.91006665746843,-0.0023016062189381405,26.288084710149075,0.08577636837209619,-67.70989511743751,-0.845232402679053,20.20287553978008,1.5397792612636616,-28.78915700772699,0.20689099899680946,0.35832028362037355,0.00020257,0.8598218873379826,0.00049835,0,0.0
98,-4.0339522123788996e-05,0.027466779153428232,-0.00032169,1.600149459561681,3.485910062937601,96.98273122717677,-0.0023016062189381405,30.173277438246373,0.08577636837209619,-95.09897843303679,-0.845232402679053,40.73418876675899,1.5397792612636616,-17.262135488920062,0.20689099899680946,0.34165851324936497,0.00020257,0.9422238381482895,0.00049835,0,0.0
99,0.0002496172471009306,0.03203742968220431,-0.00032169,1.600149459561681,3.485910062937601,99.99907041852424,-0.0023016062189381405,27.097454342229927,0.08577636837209619,-78.76602757571519,-0.845232402679053,28.341753026499184,1.5397792612636616,-23.85367466076614,0.20689099899680946,0.34322888487893427,0.00020257,0.9146003285981312,0.00049835,0,0.0
100,0.06882516358987756,0.10104931394633346,-0.00032169,2.459242111292193,3.0947272010640288,-76.93360404101531,-0.0023016062189381405,-8.112634125628878,0.08577636837209619,-0.8939238332663644,-0.845232402679053,57.59091525073044,1.5397792612636616,31.69840894110751,0.20689099899680946,-0.20550876234096674,0.00020257,0.20882174280273705,0.00049835,1,0.0
101,0.34539490111011556,0.04711626690085803,-0.00032169,2.459242111292193,3.0947272010640288,-6.043592858894894,-0.0023016062189381405,5.991939045708868,0.08577636837209619,-31.293432492232835,-0.845232402679053,-14.356161666288738,1.5397792612636616,30.212017776306958,0.20689099899680946,-0.0940055608462172,0.00020257,0.12239100717917079,0.00049835,1,0.0
102,0.06927789479854335,0.04353076076723111,-0.00032169,2.459242111292193,3.0947272010640288,42.61179370807062,-0.0023016062189381405,5.515148421330099,0.08577636837209619,-4.070400205776479,-0.845232402679053,-39.81402823833588,1.5397792612636616,-10.609344901700748,0.20689099899680946,-0.1403963254989934,0.00020257,0.14441910360153565,0.00049835,1,0.0
103,-0.0007452032784196483,0.06821723182118801,-0.00032169,2.459242111292193,3.0947272010640288,14.301669277234902,-0.0023016062189381405,5.656254207881281,0.08577636837209619,-42.43898270491694,-0.845232402679053,20.19259636580943,1.5397792612636616,14.411358359608544,0.20689099899680946,-0.0045218560880940645,0.00020257,0.13490787430002837,0.00049835,1,0.0
104,0.3101596728685866,0.09335269221675967,-0.00032169,2.459242111292193,3.0947272010640288,-11.884918234748671,-0.0023016062189381405,9.290746814672305,0.08577636837209619,-76.9489958495116,-0.845232402679053,17.73687307195177,1.5397792612636616,55.62117777721542,0.20689099899680946,-0.1655730647687392,0.00020257,0.20848465455497564,0.00049835,1,0.0
105,0.04322300915411137,0.007270308263450178,-0.00032169,2.459242111292193,3.0947272010640288,-65.42556231102033,-0.0023016062189381405,0.45438839728892333,0.08577636837209619,-62.612282407668665,-0.845232402679053,77.97672890645626,1.5397792612636616,57.21515824263606,0.20689099899680946,-0.031084862620698598,0.00020257,0.03221643513374384,0.00049835,1,0.0
106,0.025290957806803904,0.04096200680733776,-0.00032169,2.459242111292193,3.0947272010640288,44.06789341183323,-0.0023016062189381405,5.585065740870882,0.08577636837209619,-0.09815517640608395,-0.845232402679053,-39.260420621402695,1.5397792612636616,-16.153094670231926,0.20689099899680946,-0.12637781909783605,0.00020257,0.1321154897886719,0.00049835,1,0.0
107,0.0075397866097894894,0.13428023858423557,-0.00032169,2.459242111292193,3.0947272010640288,37.68564000693729,-0.0023016062189381405,10.572627541960049,0.08577636837209619,-99.99707966957517,-0.845232402679053,90.47155669895584,1.5397792612636616,26.44147984508077,0.20689099899680946,0.29259131070416033,0.00020257,0.49622345286783454,0.00049835,0,0.0
108,0.23089342887619607,0.006910417423222127,-0.00032169,2.459242111292193,3.0947272010640288,-48.85847187696165,-0.0023016062189381405,2.8991272193412083,0.08577636837209619,-53.306947675180375,-0.845232402679053,40.433271764947655,1.5397792612636616,53.32817544944956,0.20689099899680946,-0.03867703909567003,0.00020257,0.03990064381819384,0.00049835,1,0.0
109,0.5018563923501734,0.11991875514706218,-0.00032169,2.459242111292193,3.0947272010640288,-38.32880937036913,-0.0023016062189381405,9.913467857684562,0.08577636837209619,-63.34006792999129,-0.845232402679053,8.459633884225976,1.5397792612636616,59.44722798826728,0.20689099899680946,-0.15754308392071228,0.00020257,0.20500342221883253,0.00049835,1,0.0
110,0.3346612451614811,0.025250689379948503,-0.00032169,2.459242111292193,3.0947272010640288,-30.914497517060493,-0.0023016062189381405,5.209424570014372,0.08577636837209619,-45.82459007966916,-0.845232402679053,10.727206661331767,1.5397792612636616,46.38750487581448,0.20689099899680946,-0.0929771736859507,0.00020257,0.09167232728633366,0.00049835,1,0.0
111,0.30115027347960666,0.027986203222974203,-0.00032169,2.459242111292193,3.0947272010640288,-75.56684150551511,-0.0023016062189381405,0.948054626299973,0.08577636837209619,-46.56912735602904,-0.845232402679053,50.4681354915663,1.5397792612636616,60.24618701667283,0.20689099899680946,-0.08813441801085314,0.00020257,0.09121600676908354,0.00049835,1,0.0
112,0.009907601116519116,0.1364240067970672,-0.00032169,2.459242111292193,3.0947272010640288,97.15589709149822,-0.0023016062189381405,11.358246355417107,0.08577636837209619,-43.376375982122624,-0.845232402679053,7.82683350210274,1.5397792612636616,-23.44309987006839,0.20689099899680946,0.32953916531068206,0.00020257,0.38599578814711677,0.00049835,0,0.0
113,0.04406461323401223,0.00813071840454425,-0.00032169,2.459242111292193,3.0947272010640288,-30.520077953503204,-0.0023016062189381405,-1.4364811602091314,0.08577636837209619,-12.798411038231048,-0.845232402679053,26.668382910325658,1.5397792612636616,19.103536273405197,0.20689099899680946,-0.048807563162992035,0.00020257,0.05271823549824184,0.00049835,1,0.0
114,0.6428520908334464,0.06328232987130804,-0.00032169,2.459242111292193,3.0947272010640288,-45.885375096423665,-0.0023016062189381405,3.3288520983889716,0.08577636837209619,-30.466414010985847,-0.845232402679053,-13.938568534717076,1.5397792612636616,57.49389396298346,0.20689099899680946,-0.05988789056087899,0.00020257,0.06167479501002652,0.00049835,1,0.0
115,0.004634531718190504,0.015294723847957709,-0.00032169,2.459242111292193,3.0947272010640288,-30.78070196610134,-0.0023016062189381405,4.29279812181242,0.08577636837209619,-60.835574640870234,-0.845232402679053,51.599415184318666,1.5397792612636616,41.23679277544207,0.20689099899680946,-0.07389487504374256,0.00020257,0.07387166910689855,0.00049835,1,0.0
116,0.06312191022643265,0.023544419524893907,-0.00032169,2.459242111292193,3.0947272010640288,4.935897261577576,-0.0023016062189381405,4.814136003963386,0.08577636837209619,-32.81072257699239,-0.845232402679053,4.349941734643881,1.5397792612636616,17.320398220250805,0.20689099899680946,-0.10629101378217279,0.00020257,0.10622734523770497,0.00049835,1,0.0
117,0.1606132636062959,0.024961448320272608,-0.00032169,2.459242111292193,3.0947272010640288,-66.06942979365091,-0.0023016062189381405,6.072870932819128,0.08577636837209619,-99.96673353606116,-0.845232402679053,83.4230749762487,1.5397792612636616,79.96326337283315,0.20689099899680946,-0.08732278609359899,0.00020257,0.0968210401108731,0.00049835,1,0.0
118,0.028848140285223756,0.08327152756235048,-0.00032169,2.459242111292193,3.0947272010640288,67.3116560089907,-0.0023016062189381405,7.427945272646016,0.08577636837209619,-0.3779007839425737,-0.845232402679053,-57.717689481537406,1.5397792612636616,-22.95866516472703,0.20689099899680946,-0.19578772208076933,0.00020257,0.1988189442887326,0.00049835,1,0.0
119,0.5239955660054532,0.044329710123023475,-0.00032169,2.459242111292193,3.0947272010640288,-48.73312117241759,-0.0023016062189381405,1.7920190187438985,0.08577636837209619,-22.312276294782865,-0.845232402679053,-3.7724975349774237,1.5397792612636616,48.55770964753981,0.20689099899680946,-0.018047514516509527,0.00020257,0.023399524777356944,0.00049835,1,0.0
120,0.2518887903023058,0.014201811137530386,-0.00032169,2.459242111292193,3.0947272010640288,-76.95733124250759,-0.0023016062189381405,3.9621255799901616,0.08577636837209619,-82.27180822531685,-0.845232402679053,74.2284442977483,1.5397792612636616,77.8235082089746,0.20689099899680946,-0.05906405426639853,0.00020257,0.0672364788713155,0.00049835,1,0.0
121,0.0021173218160166485,0.054007429615212516,-0.00032169,2.459242111292193,3.0947272010640288,93.92967226265668,-0.0023016062189381405,15.166638176131285,0.08577636837209619,-98.29110937365037,-0.845232402679053,66.49143815129453,1.5397792612636616,1.226144627144087,0.20689099899680946,0.42955985809102076,0.00020257,0.5947596663935389,0.00049835,0,0.0
122,0.02731115328949968,0.004268530288017098,-0.00032169,2.459242111292193,3.0947272010640288,-3.9900387350230884,-0.0023016062189381405,2.2610975399897524,0.08577636837209619,-19.454300823481713,-0.845232402679053,8.93678375058828,1.5397792612636616,11.979024285862204,0.20689099899680946,-0.04367375101081045,0.00020257,0.04354681376376924,0.00049835,1,0.0
123,0.5231541163963103,0.06784383742162327,-0.00032169,2.459242111292193,3.0947272010640288,-58.23865178526454,-0.0023016062189381405,-0.674562229131677,0.08577636837209619,-4.973848170542584,-0.845232402679053,-5.393268543276982,1.5397792612636616,42.399234333111686,0.20689099899680946,-0.07166055783754591,0.00020257,0.06826392408369619,0.00049835,1,0.0
124,0.005472552919762674,0.13474563131522346,-0.00032169,2.459242111292193,3.0947272010640288,92.00062692217271,-0.0023016062189381405,11.43221678146326,0.08577636837209619,-48.579251050397374,-0.845232402679053,10.458716865103703,1.5397792612636616,-17.973832179148065,0.20689099899680946,0.3210963747550101,0.00020257,0.344886194827344,0.00049835,0,0.0
125,0.5764314233622752,0.06896228800119156,-0.00032169,2.459242111292193,3.0947272010640288,-29.95744688183511,-0.0023016062189381405,6.362129845112741,0.08577636837209619,-45.2370756490202,-0.845232402679053,-12.546872355043504,1.5397792612636616,56.08184098653751,0.20689099899680946,-0.11420821603847871,0.00020257,0.12921790255126736,0.00049835,1,0.0
126,0.21774053286550815,0.021015091618651935,-0.00032169,2.459242111292193,3.0947272010640288,16.683219003734557,-0.0023016062189381405,3.5232572648916283,0.08577636837209619,-0.02362047177229476,-0.845232402679053,-35.91040378815943,1.5397792612636616,2.346785430459206,0.20689099899680946,-0.08497524171104759,0.00020257,0.08733766548812683,0.00049835,1,0.0
127,0.2731509733541732,0.0117803622070968,-0.00032169,2.459242111292193,3.0947272010640288,-42.23848409486819,-0.0023016062189381405,3.765216009207699,0.08577636837209619,-50.83019438234843,-0.845232402679053,29.41382024628775,1.5397792612636616,51.11264262818533,0.20689099899680946,-0.0572122425942325,0.00020257,0.05912374124998213,0.00049835,1,0.0
128,0.17929684366458212,0.004657629815773272,-0.00032169,2.459242111292193,3.0947272010640288,-58.735829812686575,-0.0023016062189381405,1.7862381286734514,0.08577636837209619,-58.01886645288911,-0.845232402679053,56.27766659200062,1.5397792612636616,57.621430179026525,0.20689099899680946,-0.017666306815652483,0.00020257,0.018727781419789674,0.00049835,1,0.0
129,0.36479955039961276,0.019403024545828474,-0.00032169,2.459242111292193,3.0947272010640288,-70.01253875808102,-0.0023016062189381405,4.883328664738083,0.08577636837209619,-82.68322063001641,-0.845232402679053,57.54173773259107,1.5397792612636616,81.44323513944994,0.20689099899680946,-0.07242731721728567,0.00020257,0.07212058570264611,0.00049835,1,0.0
130,0.21824582925790298,0.023146025026392927,-0.00032169,2.459242111292193,3.0947272010640288,9.996321039005979,-0.0023016062189381405,3.7937028566475988,0.08577636837209619,-11.52907905714462,-0.845232402679053,-24.739276440609466,1.5397792612636616,11.229666442651663,0.20689099899680946,-0.09606558714768722,0.00020257,0.09805960325290021,0.00049835,1,0.0
131,0.3731693459793785,0.01740900101529143,-0.00032169,2.459242111292193,3.0947272010640288,-62.80814300513993,-0.0023016062189381405,1.6680266249254054,0.08577636837209619,-44.907996530179396,-0.845232402679053,33.133980655878496,1.5397792612636616,59.4581618374789,0.20689099899680946,-0.025389592480945085,0.00020257,0.025160264521433946,0.00049835,1,0.0
132,0.09502800162787894,0.015037683322593191,-0.00032169,2.459242111292193,3.0947272010640288,-33.74911402906684,-0.0023016062189381405,4.520176153833973,0.08577636837209619,-63.74272000501192,-0.845232402679053,46.90052312581438,1.5397792612636616,48.14769204650168,0.20689099899680946,-0.07857958166012276,0.00020257,0.07923417228624026,0.00049835,1,0.0
133,0.311946070581865,0.020462914282770178,-0.00032169,2.459242111292193,3.0947272010640288,-57.262594670956574,-0.0023016062189381405,5.2032644322444135,0.08577636837209619,-78.26189271501026,-0.845232402679053,50.73902070626391,1.5397792612636616,72.74194059196218,0.20689099899680946,-0.08591240727743722,0.00020257,0.08619283893146525,0.00049835,1,0.0
134,0.07555786434119514,0.0076023232007493636,-0.00032169,2.459242111292193,3.0947272010640288,-74.60533473073687,-0.0023016062189381405,0.8839053871937188,0.08577636837209619,-69.50711981733306,-0.845232402679053,84.66791450183418,1.5397792612636616,64.67430100363727,0.20689099899680946,-0.04624211969372239,0.00020257,0.046382805220169195,0.00049835,1,0.0
135,0.028164887624106127,0.009047136648635238,-0.00032169,2.459242111292193,3.0947272010640288,-47.06428363653977,-0.0023016062189381405,2.9867438183374446,0.08577636837209619,-66.10420522860633,-0.845232402679053,65.77561083627909,1.5397792612636616,51.237423017198694,0.20689099899680946,-0.04059527799455227,0.00020257,0.04377029605891254,0.00049835,1,0.0
136,0.026208603010114517,0.01599127343742976,-0.00032169,2.459242111292193,3.0947272010640288,0.154010453865419,-0.0023016062189381405,4.14610924896593,0.08577636837209619,-29.407107585087868,-0.845232402679053,9.934740123677795,1.5397792612636616,14.900135764704276,0.20689099899680946,-0.0798632980002343,0.00020257,0.08243724404307469,0.00049835,1,0.0
137,-0.0019622414200634597,0.0331890001928676,-0.00032169,2.459242111292193,3.0947272010640288,10.620984234344457,-0.0023016062189381405,4.41663981997927,0.08577636837209619,-25.058553832540575,-0.845232402679053,4.8969593680339525,1.5397792612636616,7.343324199708348,0.20689099899680946,-0.06385746409614698,0.00020257,0.0943323991054221,0.00049835,1,0.0
138,0.054450520163455085,0.028887387907330395,-0.00032169,2.459242111292193,3.0947272010640288,1.4133382375796626,-0.0023016062189381405,5.566757708558061,0.08577636837209619,-38.5420247265423,-0.845232402679053,10.483086070790215,1.5397792612636616,20.06065111111655,0.20689099899680946,-0.10593140886640372,0.00020257,0.11254059386405789,0.00049835,1,0.0
139,0.013115134387334138,0.01108665988649718,-0.00032169,2.459242111292193,3.0947272010640288,-14.777032759149124,-0.0023016062189381405,3.4172203447471694,0.08577636837209619,-37.75824829293098,-0.845232402679053,27.005967964025523,1.5397792612636616,24.09148953830365,0.20689099899680946,-0.06314716393681669,0.00020257,0.06212694437107397,0.00049835,1,0.0
140,0.16603436324535456,0.004112161159821961,-0.00032169,2.459242111292193,3.0947272010640288,-19.6734973945043,-0.0023016062189381405,1.0338861308595475,0.08577636837209619,-16.148807813466608,-0.845232402679053,6.4176239033066125,1.5397792612636616,21.798656421403347,0.20689099899680946,-0.014301139283098794,0.00020257,0.013864297171850304,0.00049835,1,0.0
141,0.003388986665144089,0.14776597834194669,-0.00032169,2.459242111292193,3.0947272010640288,99.85137061702359,-0.0023016062189381405,10.614654684024273,0.08577636837209619,-19.109077415937815,-0.845232402679053,-29.39380639236448,1.5397792612636616,-33.87357667991023,0.20689099899680946,0.16910180749199724,0.00020257,0.2965489746966754,0.00049835,0,0.0
142,0.15848517980075494,0.011950446105162327,-0.00032169,2.459242111292193,3.0947272010640288,-32.149452667377965,-0.0023016062189381405,-0.5357582170111129,0.08577636837209619,-8.33241240217799,-0.845232402679053,12.866620439987173,1.5397792612636616,20.737146458679412,0.20689099899680946,-0.05568741380823909,0.00020257,0.05656919173830685,0.00049835,1,0.0
143,0.013372091866571068,0.01384186168153275,-0.00032169,2.459242111292193,3.0947272010640288,4.594190346605294,-0.0023016062189381405,3.7501755733903406,0.08577636837209619,-24.809050572963542,-0.845232402679053,5.726220220108012,1.5397792612636616,10.93286693913208,0.20689099899680946,-0.07746897039315032,0.00020257,0.07811154423433841,0.00049835,1,0.0
144,0.02581248537093392,0.002886371884932071,-0.00032169,2.459242111292193,3.0947272010640288,8.145354666422543,-0.0023016062189381405,1.3904609588540917,0.08577636837209619,-0.6529057101754461,-0.845232402679053,-9.289320014274619,1.5397792612636616,-2.0609892738199713,0.20689099899680946,-0.029361380616384866,0.00020257,0.03086082300144312,0.00049835,1,0.0
145,0.30378782092970047,0.022334159680282066,-0.00032169,2.459242111292193,3.0947272010640288,-26.758899675384903,-0.0023016062189381405,5.152762151039364,0.08577636837209619,-45.8976274915794,-0.845232402679053,11.124605123372543,1.5397792612636616,44.140305012445765,0.20689099899680946,-0.09339744017313507,0.00020257,0.09419642000222668,0.00049835,1,0.0
146,0.24817779828413655,0.0521204155000992,-0.00032169,2.459242111292193,3.0947272010640288,-49.05772240685241,-0.0023016062189381405,8.91360987740492,0.08577636837209619,-99.52174195724712,-0.845232402679053,59.267170991476696,1.5397792612636616,76.44417780050112,0.20689099899680946,-0.15408448756267926,0.00020257,0.15918011204608798,0.00049835,1,0.0
147,0.33671370527175226,0.09829493320662196,-0.00032169,2.459242111292193,3.0947272010640288,-22.11314997037898,-0.0023016062189381405,10.831061744534095,0.08577636837209619,-90.43697953930568,-0.845232402679053,24.56644569706049,1.5397792612636616,66.70997747665176,0.20689099899680946,-0.21927812186341167,0.00020257,0.22087782576491244,0.00049835,1,0.0
148,0.02951179267623738,0.022753500792411657,-0.00032169,2.459242111292193,3.0947272010640288,-23.342248000678776,-0.0023016062189381405,5.089660421649847,0.08577636837209619,-62.817042288444256,-0.845232402679053,44.49694227764351,1.5397792612636616,41.263057815112774,0.20689099899680946,-0.09493820307147768,0.00020257,0.09493930478151333,0.00049835,1,0.0
149,0.13041205195869698,0.015389081942212085,-0.00032169,2.459242111292193,3.0947272010640288,-74.66248647461751,-0.0023016062189381405,4.4888505611420895,0.08577636837209619,-99.77489297215577,-0.845232402679053,93.44148670999725,1.5397792612636616,82.69590690465229,0.20689099899680946,-0.05996356978243959,0.00020257,0.061597935360351776,0.00049835,1,0.0
150,0.048409433705567634,0.00987385706628091,-0.00032169,2.459242111292193,3.0947272010640288,13.314238549397247,-0.0023016062189381405,2.8353730238034887,0.08577636837209619,-7.707319332190154,-0.845232402679053,-12.677002794238838,1.5397792612636616,0.7591748269933745,0.20689099899680946,-0.06650503626731831,0.00020257,0.06593390447601873,0.00049835,1,0.0
151,0.14738775169477222,0.004059489595204467,-0.00032169,2.459242111292193,3.0947272010640288,-59.582749998573185,-0.0023016062189381405,2.060062271284242,0.08577636837209619,-63.18950027212417,-0.845232402679053,62.477045098417825,1.5397792612636616,59.30860235676532,0.20689099899680946,-0.02245007256764968,0.00020257,0.022393310566276622,0.00049835,1,0.0
152,0.0296706771932016,0.0932006158848322,-0.00032169,2.459242111292193,3.0947272010640288,38.77574936503297,-0.0023016062189381405,7.375100615651338,0.08577636837209619,-29.53875429421495,-0.845232402679053,-4.551766574509265,1.5397792612636616,-1.796714129128843,0.20689099899680946,0.0074181672049952185,0.00020257,0.1788715417550687,0.00049835,0,0.0
153,0.27000960029074167,0.041130774414199905,-0.00032169,2.459242111292193,3.0947272010640288,-2.890383817087164,-0.0023016062189381405,6.83948222215149,0.08577636837209619,-36.14065378784582,-0.845232402679053,-10.064545405646172,1.5397792612636616,28.30399640546891,0.20689099899680946,-0.13277289388403074,0.00020257,0.13564169091961725,0.00049835,1,0.0
154,0.06977211723062043,0.01114528157602096,-0.00032169,2.459242111292193,3.0947272010640288,-34.263586498717174,-0.0023016062189381405,-1.7873113215440504,0.08577636837209619,-8.703912244973539,-0.845232402679053,24.44978982364502,1.5397792612636616,18.897921065691648,0.20689099899680946,-0.06740248687800134,0.00020257,0.06801159236245681,0.00049835,1,0.0
155,0.2912009009368899,0.013790034549438055,-0.00032169,2.459242111292193,3.0947272010640288,-37.45349061087395,-0.0023016062189381405,0.30256279523463403,0.08577636837209619,-16.428124357806194,-0.845232402679053,8.073002672633478,1.5397792612636616,32.92609784843819,0.20689099899680946,-0.017224117714200803,0.00020257,0.017336956914927124,0.00049835,1,0.0
156,0.14013155389127613,0.09593984502189634,-0.00032169,2.459242111292193,3.0947272010640288,48.141713511852345,-0.0023016062189381405,5.960690674850994,0.08577636837209619,-14.11424973654059,-0.845232402679053,-39.12912159878958,1.5397792612636616,-2.962387276397064,0.20689099899680946,-0.14895054319155673,0.00020257,0.21075386118415604,0.00049835,1,0.0
157,0.08550624514244118,0.008231404239497515,-0.00032169,2.459242111292193,3.0947272010640288,14.334046427667722,-0.0023016062189381405,2.077422467551548,0.08577636837209619,-0.005382599570634028,-0.845232402679053,-20.421375202337238,1.5397792612636616,-1.6037276404762597,0.20689099899680946,-0.05823729611770216,0.00020257,0.05750628043578902,0.00049835,1,0.0
158,0.04000980973108298,0.0009678238913019045,-0.00032169,2.459242111292193,3.0947272010640288,-17.85167909938292,-0.0023016062189381405,0.6574833164872763,0.08577636837209619,-19.442934538785956,-0.845232402679053,19.465045363329963,1.5397792612636616,17.811892385255423,0.20689099899680946,-0.006969768800402994,0.00020257,0.008204111795510394,0.00049835,1,0.0
159,0.03817736204821983,0.003987950292011872,-0.00032169,2.459242111292193,3.0947272010640288,-43.93432104753602,-0.0023016062189381405,-0.1629382003431426,0.08577636837209619,-37.08574681416999,-0.845232402679053,49.021506058422766,1.5397792612636616,36.23026337812688,0.20689099899680946,-0.030117612435713627,0.00020257,0.02977230332749297,0.00049835,1,0.0
160,0.001824423300155531,0.1328301476322453,-0.00032169,2.459242111292193,3.0947272010640288,56.68144711148788,-0.0023016062189381405,10.78381415513811,0.08577636837209619,-70.50373306762908,-0.845232402679053,40.044245645243215,1.5397792612636616,7.176004147372247,0.20689099899680946,0.2746369229600475,0.00020257,0.2909897128730229,0.00049835,0,0.0
161,0.42355483239500424,0.03016088457725557,-0.00032169,2.459242111292193,3.0947272010640288,-81.45498110686259,-0.0023016062189381405,6.948355567027427,0.08577636837209619,-98.97675900180988,-0.845232402679053,66.83428145028773,1.5397792612636616,94.46417887647814,0.20689099899680946,-0.10933565605776045,0.00020257,0.10923758110118957,0.00049835,1,0.0
162,0.23625291263863746,0.008372621141814893,-0.00032169,2.459242111292193,3.0947272010640288,-36.45005044115695,-0.0023016062189381405,0.7523975051570255,0.08577636837209619,-25.129670556402065,-0.845232402679053,17.36983587813338,1.5397792612636616,35.20332139618996,0.20689099899680946,-0.0021354964164475424,0.00020257,0.00405661321060259,0.00049835,1,0.0
163,0.11260923765296042,0.001562936391411329,-0.00032169,2.459242111292193,3.0947272010640288,-23.740930873696485,-0.0023016062189381405,0.7576071290108222,0.08577636837209619,-20.95302268369984,-0.845232402679053,17.46996188605353,1.5397792612636616,23.566161165018748,0.20689099899680946,-0.006988955965304571,0.00020257,0.007403257664215798,0.00049835,1,0.0
164,0.30266110954764236,0.016305681737043727,-0.00032169,2.459242111292193,3.0947272010640288,-69.87881208664122,-0.0023016062189381405,0.06532070802597921,0.08577636837209619,-45.027987752179115,-0.845232402679053,46.71548873682082,1.5397792612636616,59.866588265241,0.20689099899680946,-0.036902183112269824,0.00020257,0.0366026753635849,0.00049835,1,0.0
165,0.15440262360854656,0.027603939816866832,-0.00032169,2.459242111292193,3.0947272010640288,-3.7712931645346135,-0.0023016062189381405,4.997902046716591,0.08577636837209619,-37.118408848235305,-0.845232402679053,5.554149665846405,1.5397792612636616,25.978666094719806,0.20689099899680946,-0.09215648548118646,0.00020257,0.10736226310494998,0.00049835,1,0.0
166,5.5245399742998025e-05,0.13166175072278294,-0.00032169,2.459242111292193,3.0947272010640288,98.75441172484578,-0.0023016062189381405,11.099151344548147,0.08577636837209619,-46.23145684288299,-0.845232402679053,15.946908348282626,1.5397792612636616,-23.50871211262165,0.20689099899680946,0.33230171689669263,0.00020257,0.4526218675573409,0.00049835,0,0.0
167,0.13741993465449376,0.07504849813302526,-0.00032169,2.459242111292193,3.0947272010640288,57.561101906547805,-0.0023016062189381405,6.862824122319117,0.08577636837209619,-0.005442431027964746,-0.845232402679053,-60.8274969900052,1.5397792612636616,-14.75298211158547,0.20689099899680946,-0.19233230647744104,0.00020257,0.19196689313992654,0.00049835,1,0.0
168,0.007067672809502712,0.06346335310882958,-0.00032169,2.459242111292193,3.0947272010640288,37.92204301902837,-0.0023016062189381405,7.026585934925124,0.08577636837209619,-21.582646429271755,-0.845232402679053,-19.520563901969048,1.5397792612636616,-4.101026454330976,0.20689099899680946,-0.12531030790676156,0.00020257,0.16187145501289224,0.00049835,1,0.0
169,0.0610093715279717,0.010223394744102058,-0.00032169,2.459242111292193,3.0947272010640288,-71.58182958275134,-0.0023016062189381405,3.06309195798547,0.08577636837209619,-87.37826668905069,-0.845232402679053,92.05794479184493,1.5397792612636616,72.21887242187132,0.20689099899680946,-0.03993950755078971,0.00020257,0.041379324090247284,0.00049835,1,0.0
170,0.0713039015127355,0.0012191164918798894,-0.00032169,2.459242111292193,3.0947272010640288,-3.501995888353017,-0.0023016062189381405,0.7349963131344631,0.08577636837209619,-4.017342097913087,-0.845232402679053,-2.710822853193524,1.5397792612636616,5.904118125558473,0.20689099899680946,-0.012776021330273892,0.00020257,0.013424274208877098,0.00049835,1,0.0
171,0.012368054957721752,0.018346648676229406,-0.00032169,2.459242111292193,3.0947272010640288,12.319952165700201,-0.0023016062189381405,3.9887238626476105,0.08577636837209619,-21.29005127755738,-0.845232402679053,-1.6705180582899093,1.5397792612636616,6.576588871424625,0.20689099899680946,-0.08720961685590578,0.00020257,0.08978935352836959,0.00049835,1,0.0
172,0.7078485611357475,0.10053027016835517,-0.00032169,2.459242111292193,3.0947272010640288,-33.92610597272147,-0.0023016062189381405,7.944163789370908,0.08577636837209619,-52.77634885833652,-0.845232402679053,-21.014768386859092,1.5397792612636616,66.68436723345319,0.20689099899680946,-0.16349169631500876,0.00020257,0.16163291898063997,0.00049835,1,0.0
173,0.20189989753502163,0.007016127935189331,-0.00032169,2.459242111292193,3.0947272010640288,-56.90146988621421,-0.0023016062189381405,3.470219089416684,0.08577636837209619,-64.17695594804373,-0.845232402679053,54.2344684650643,1.5397792612636616,59.940073339251136,0.20689099899680946,-0.05371052632318109,0.00020257,0.053911698201905014,0.00049835,1,0.0
174,0.3919656045290678,0.05629293913084882,-0.00032169,2.459242111292193,3.0947272010640288,-77.49363177538373,-0.0023016062189381405,-2.80139686783955,0.08577636837209619,-20.525421620489144,-0.845232402679053,32.36586038427119,1.5397792612636616,53.561928506725835,0.20689099899680946,-0.10033731769450191,0.00020257,0.09809112005473233,0.00049835,1,0.0
175,0.46896861492130804,0.06742947398276034,-0.00032169,2.459242111292193,3.0947272010640288,10.736734532389084,-0.0023016062189381405,6.64204220519395,0.08577636837209619,-5.759266048863702,-0.845232402679053,-55.925998548429966,1.5397792612636616,15.181363991455047,0.20689099899680946,-0.13326153986706613,0.00020257,0.13654922458969143,0.00049835,1,0.0
176,0.19096930103447396,0.03322753980359591,-0.00032169,2.459242111292193,3.0947272010640288,-40.18471740039958,-0.0023016062189381405,6.634789533936624,0.08577636837209619,-82.35348158478124,-0.845232402679053,51.03417510998456,1.5397792612636616,63.779210628128745,0.20689099899680946,-0.12113576764019353,0.00020257,0.12305120922492065,0.00049835,1,0.0
177,0.07466475388667426,0.06407066711614168,-0.00032169,2.459242111292193,3.0947272010640288,99.992495763419,-0.0023016062189381405,17.181546975879836,0.08577636837209619,-98.05222590131109,-0.845232402679053,50.603747971309275,1.5397792612636616,0.8915807540340535,0.20689099899680946,0.4550522792331598,0.00020257,0.5457165327905162,0.00049835,0,0.0
178,0.21220523778041245,0.07557661770212781,-0.00032169,2.459242111292193,3.0947272010640288,-90.07509747027963,-0.0023016062189381405,-4.976728791135339,0.08577636837209619,-22.03993538099805,-0.845232402679053,61.6992774897498,1.5397792612636616,51.04246598831218,0.20689099899680946,-0.1692365158272694,0.00020257,0.17233806711494204,0.00049835,1,0.0
179,0.038024607525264154,0.06615035690702646,-0.00032169,2.459242111292193,3.0947272010640288,99.99948324165227,-0.0023016062189381405,16.082527969874832,0.08577636837209619,-92.57695648721942,-0.845232402679053,50.87124456316459,1.5397792612636616,-2.62760613575332,0.20689099899680946,0.44133149328297305,0.00020257,0.5446774701780623,0.00049835,0,0.0
180,0.22697489611207725,0.009217172427134008,-0.00032169,2.459242111292193,3.0947272010640288,-39.39993845986908,-0.0023016062189381405,0.7302497467863962,0.08577636837209619,-29.43929530386411,-0.845232402679053,22.63549048174987,1.5397792612636616,38.40100116109401,0.20689099899680946,-0.0033213027174912872,0.00020257,0.00212548814300724,0.00049835,1,0.0
181,0.17608459280542837,0.005474445529921226,-0.00032169,2.459242111292193,3.0947272010640288,-66.61441666120906,-0.0023016062189381405,2.7664005127592404,0.08577636837209619,-72.68003721014371,-0.845232402679053,69.42316919202823,1.5397792612636616,67.52656975886836,0.20689099899680946,-0.03408215461645075,0.00020257,0.034359236725953916,0.00049835,1,0.0
182,0.001380449966968511,0.07399984574195986,-0.00032169,2.459242111292193,3.0947272010640288,80.47069687572562,-0.0023016062189381405,14.548081579512228,0.08577636837209619,-99.99918484580776,-0.845232402679053,81.37678017302844,1.5397792612636616,4.676286424826275,0.20689099899680946,0.38658396471727524,0.00020257,0.6831866679993417,0.00049835,0,0.0
183,0.20675969047632103,0.0746232375388643,-0.00032169,2.459242111292193,3.0947272010640288,-34.26271276726515,-0.0023016062189381405,8.976036463874241,0.08577636837209619,-99.52881070508265,-0.845232402679053,55.7799298568267,1.5397792612636616,70.8608499399459,0.20689099899680946,-0.14760652591029647,0.00020257,0.18167715951138377,0.00049835,1,0.0
184,0.12609728865667685,0.014057589629859814,-0.00032169,2.459242111292193,3.0947272010640288,-70.2266778791838,-0.0023016062189381405,4.5928933857267396,0.08577636837209619,-87.9055350423639,-0.845232402679053,83.13502537056304,1.5397792612636616,73.13392436638136,0.20689099899680946,-0.0790245850223987,0.00020257,0.07945006324255979,0.00049835,1,0.0
185,0.28609092036070305,0.02480338957908302,-0.00032169,2.459242111292193,3.0947272010640288,-29.116099395153256,-0.0023016062189381405,4.964052747565505,0.08577636837209619,-52.93140107766408,-0.845232402679053,19.267194586507205,1.5397792612636616,48.865552119972186,0.20689099899680946,-0.09502444371288352,0.00020257,0.09859648953990904,0.00049835,1,0.0
186,0.015506701543360035,0.03627605011610913,-0.00032169,2.459242111292193,3.0947272010640288,17.17508202281509,-0.0023016062189381405,3.883719873677584,0.08577636837209619,-24.52610162096608,-0.845232402679053,-0.4964109806406373,1.5397792612636616,7.676333750976115,0.20689099899680946,-0.08461043031410871,0.00020257,0.11487928531146642,0.00049835,1,0.0
187,0.0021105840145342336,0.12919799481468214,-0.00032169,2.459242111292193,3.0947272010640288,52.9682328261949,-0.0023016062189381405,10.616955490027866,0.08577636837209619,-99.11367822662591,-0.845232402679053,96.04197969235454,1.5397792612636616,18.269115590060462,0.20689099899680946,0.3174932943201067,0.00020257,0.6511860022352636,0.00049835,0,0.0
188,0.3910194640194048,0.049010456250417826,-0.00032169,2.459242111292193,3.0947272010640288,8.384639683677314,-0.0023016062189381405,5.477400531427717,0.08577636837209619,-14.08290831246883,-0.845232402679053,-40.58159649235826,1.5397792612636616,19.52765508568993,0.20689099899680946,-0.13102265231457064,0.00020257,0.13028543100458753,0.00049835,1,0.0
189,0.11939390473517038,0.008376293891290385,-0.00032169,2.459242111292193,3.0947272010640288,-51.38130809413382,-0.0023016062189381405,-0.8579079745226332,0.08577636837209619,-36.33558660472045,-0.845232402679053,47.23803735171704,1.5397792612636616,42.44408963778578,0.20689099899680946,-0.03666149964787281,0.00020257,0.03740748570565405,0.00049835,1,0.0
190,0.24960895895120783,0.12269087949684752,-0.00032169,2.459242111292193,3.0947272010640288,99.99245573697368,-0.0023016062189381405,18.62668084475533,0.08577636837209619,-95.60584122461862,-0.845232402679053,21.754374720020845,1.5397792612636616,8.475029430350059,0.20689099899680946,0.3993628384459935,0.00020257,0.49607976086638894,0.00049835,0,0.0
191,0.007685294576683099,0.04654279466123609,-0.00032169,2.459242111292193,3.0947272010640288,3.646443578846635,-0.0023016062189381405,6.514057947989383,0.08577636837209619,-51.16949148398904,-0.845232402679053,19.098218872427452,1.5397792612636616,24.713835967146252,0.20689099899680946,-0.13965352371782855,0.00020257,0.13833068980475569,0.00049835,1,0.0
192,0.048154261132326404,0.02881894142303204,-0.00032169,2.459242111292193,3.0947272010640288,-18.66991094324162,-0.0023016062189381405,5.294434767269566,0.08577636837209619,-61.8813977998482,-0.845232402679053,38.79623563592406,1.5397792612636616,40.42107645432761,0.20689099899680946,-0.10796315919729309,0.00020257,0.10746847893587501,0.00049835,1,0.0
193,0.022459661865214586,0.0046892891260586446,-0.00032169,2.459242111292193,3.0947272010640288,-49.69880121243761,-0.0023016062189381405,1.6361632395448935,0.08577636837209619,-58.57099075608044,-0.845232402679053,65.08284395091056,1.5397792612636616,48.48665007011291,0.20689099899680946,-0.020877424138703544,0.00020257,0.021061285537408953,0.00049835,1,0.0
194,0.20244958338102687,0.009026592334741956,-0.00032169,2.459242111292193,3.0947272010640288,-13.850504196616603,-0.0023016062189381405,2.4513950512345315,0.08577636837209619,-20.82906341337381,-0.845232402679053,0.3320888626569999,1.5397792612636616,23.467598537236174,0.20689099899680946,-0.04563035861174831,0.00020257,0.04821839805246576,0.00049835,1,0.0
195,0.1790552763647874,0.008656380130863419,-0.00032169,2.459242111292193,3.0947272010640288,-38.43014555741728,-0.0023016062189381405,-0.3244619445755441,0.08577636837209619,-19.165096386053058,-0.845232402679053,21.488962343979964,1.5397792612636616,30.2670379632298,0.20689099899680946,-0.03356084304692697,0.00020257,0.03257366037974817,0.00049835,1,0.0
196,0.280444211458486,0.011553491493542819,-0.00032169,2.459242111292193,3.0947272010640288,-71.32557667882526,-0.0023016062189381405,4.1388998906317305,0.08577636837209619,-78.86874589118382,-0.845232402679053,65.01156839996432,1.5397792612636616,75.7703408106334,0.20689099899680946,-0.05768886218790417,0.00020257,0.05998953636059237,0.00049835,1,0.0
197,0.0678771145875326,0.00755106041394994,-0.00032169,2.459242111292193,3.0947272010640288,-40.230535724023454,-0.0023016062189381405,3.3759148522889904,0.08577636837209619,-59.76100680086989,-0.845232402679053,52.85791393786373,1.5397792612636616,47.02278511532784,0.20689099899680946,-0.051690402168632,0.00020257,0.0523399174197303,0.00049835,1,0.0
198,0.16869332716289054,0.07576250778044935,-0.00032169,2.459242111292193,3.0947272010640288,-99.64898957107333,-0.0023016062189381405,-4.185673425365752,0.08577636837209619,-66.94369211730081,-0.845232402679053,99.07337222632668,1.5397792612636616,80.89217339461862,0.20689099899680946,-0.12370382059261661,0.00020257,0.12592932003996118,0.00049835,1,0.0
199,0.2976664810409117,0.01252280684389097,-0.00032169,2.459242111292193,3.0947272010640288,-71.70718298508619,-0.0023016062189381405,1.0096754148237106,0.08577636837209619,-52.866947510006206,-0.845232402679053,51.87531556678458,1.5397792612636616,63.828746438471164,0.20689099899680946,-0.035238859156250975,0.00020257,0.035083379082104564,0.00049835,1,0.0
200,-8.902802638172941,19.53576457616985,-0.00032169,1.053781742958659,1.4533862399266007,70.39043027300298,-0.0023016062189381405,24.33375585777478,0.08577636837209619,-90.5321256608404,-0.845232402679053,69.8928199952567,1.5397792612636616,-65.84635447475407,0.20689099899680946,20.951331432484075,0.00020257,48.727319861792544,0.00049835,0,0.0
201,2.3803707791951925,5.830271257973376,-0.00032169,1.053781742958659,1.4533862399266007,-37.996649137650536,-0.0023016062189381405,6.111905662938118,0.08577636837209619,-94.38203727359158,-0.845232402679053,46.09372208953435,1.5397792612636616,84.80257683433956,0.20689099899680946,0.5681568070078111,0.00020257,2.923588722422175,0.00049835,0,0.0
202,0.06921210184646576,0.09739354502408756,-0.00032169,1.053781742958659,1.4533862399266007,40.28010416719215,-0.0023016062189381405,33.207687205506545,0.08577636837209619,-64.18444828789612,-0.845232402679053,-3.54290644395983,1.5397792612636616,-5.435437079798469,0.20689099899680946,0.5785894262867739,0.00020257,21.026808392713754,0.00049835,0,0.0
203,3.1604592063754766,20.998982141326245,-0.00032169,1.053781742958659,1.4533862399266007,-30.87188830712022,-0.0023016062189381405,-7.674896514739094,0.08577636837209619,-0.07211645863203314,-0.845232402679053,4.378745047268788,1.5397792612636616,37.59032708968558,0.20689099899680946,-7.907524561001365,0.00020257,-0.020702279302728055,0.00049835,1,0.0
204,1.683512921445205,1.7902432146997151,-0.00032169,1.053781742958659,1.4533862399266007,-15.958154465973799,-0.0023016062189381405,6.554373460558253,0.08577636837209619,-51.34711972975661,-0.845232402679053,19.57759806418718,1.5397792612636616,43.66667987478403,0.20689099899680946,0.38627274900514674,0.00020257,2.492142319583391,0.00049835,0,0.0
205,-0.6324549937311073,2.6326580467760903,-0.00032169,1.053781742958659,1.4533862399266007,75.61505581566055,-0.0023016062189381405,31.287920789617793,0.08577636837209619,-0.4390035056874025,-0.845232402679053,-40.77986887593107,1.5397792612636616,-66.562351359542,0.20689099899680946,0.329592043197243,0.00020257,25.538735467378302,0.00049835,0,0.0
206,-0.9470947055679106,2.6953311728392237,-0.00032169,1.053781742958659,1.4533862399266007,12.633017466613804,-0.0023016062189381405,7.644649533542636,0.08577636837209619,-27.79691545220284,-0.845232402679053,14.107680916488238,1.5397792612636616,-4.139588646632292,0.20689099899680946,5.539505379442781,0.00020257,9.454585205666769,0.00049835,0,0.0
207,0.23347729620369684,0.5324173784244173,-0.00032169,1.053781742958659,1.4533862399266007,22.902980892299748,-0.0023016062189381405,32.451831842806506,0.08577636837209619,-87.60889440555451,-0.845232402679053,15.79800028660165,1.5397792612636616,18.328252790813252,0.20689099899680946,3.5905642957687585,0.00020257,17.843604247336245,0.00049835,0,0.0
208,0.16325683925490697,0.028855261817785555,-0.00032169,1.053781742958659,1.4533862399266007,-23.144753426680417,-0.0023016062189381405,13.597942607758505,0.08577636837209619,-99.789213772785,-0.845232402679053,50.28562742851061,1.5397792612636616,62.436880875155516,0.20689099899680946,0.9696256118166211,0.00020257,9.138386521550231,0.00049835,0,0.0
209,0.4700611438627105,0.0015115340768293967,-0.00032169,1.053781742958659,1.4533862399266007,-5.999051084178473,-0.0023016062189381405,22.192441005936292,0.08577636837209619,-99.49014122335483,-0.845232402679053,36.096851006807505,1.5397792612636616,49.73081584825409,0.20689099899680946,2.694969581019226,0.00020257,10.853436114701527,0.00049835,0,0.0
210,0.17123147665254201,0.33864168328908834,-0.00032169,1.053781742958659,1.4533862399266007,38.06758136275619,-0.0023016062189381405,28.348439718378003,0.08577636837209619,-49.14577997097736,-0.845232402679053,-7.01238580197077,1.5397792612636616,-9.793506853851712,0.20689099899680946,0.7363973462649263,0.00020257,18.71096454613428,0.00049835,0,0.0
211,0.5923171059615591,0.07461730998527027,-0.00032169,1.053781742958659,1.4533862399266007,14.152385016830015,-0.0023016062189381405,26.91864313013595,0.08577636837209619,-82.23908298682188,-0.845232402679053,15.770168971524877,1.5397792612636616,26.745975500094,0.20689099899680946,0.9086472187808283,0.00020257,14.889303128357469,0.00049835,0,0.0
212,-4.360281730581489,9.648112214499761,-0.00032169,1.053781742958659,1.4533862399266007,1.8821065316648158,-0.0023016062189381405,11.184197135583085,0.08577636837209619,-99.6350201815518,-0.845232402679053,78.21376851789854,1.5397792612636616,16.061171013821703,0.20689099899680946,5.128446129089841,0.00020257,32.23311994964287,0.00049835,0,0.0
213,-0.37383443314836917,5.054105324718842,-0.00032169,1.053781742958659,1.4533862399266007,96.9716886507295,-0.0023016062189381405,43.6240059733307,0.08577636837209619,-4.873530088703081,-0.845232402679053,-53.48573391941147,1.5397792612636616,-82.99243159434373,0.20689099899680946,0.9426297090676279,0.00020257,32.925020066478396,0.00049835,0,0.0
214,-0.029148398726523084,0.5825033166823582,-0.00032169,1.053781742958659,1.4533862399266007,72.65469702957677,-0.0023016062189381405,50.413965350725576,0.08577636837209619,-80.60044475223816,-0.845232402679053,-16.973895669273904,1.5397792612636616,-25.444638403045282,0.20689099899680946,0.26521113343339664,0.00020257,34.01175769544629,0.00049835,0,0.0
215,-3.542658653744766,9.567616600706259,-0.00032169,1.053781742958659,1.4533862399266007,53.948905436385125,-0.0023016062189381405,11.97144023274112,0.08577636837209619,-1.4304952114438627,-0.845232402679053,2.8070727395593016,1.5397792612636616,-64.0224302540125,0.20689099899680946,11.077111843880605,0.00020257,22.35441340883182,0.00049835,0,0.0
216,-0.946512038345503,2.6487907450177133,-0.00032169,1.053781742958659,1.4533862399266007,99.65529612264838,-0.0023016062189381405,51.63428672822901,0.08577636837209619,-43.03223619271618,-0.845232402679053,-40.55465012016564,1.5397792612636616,-68.9293728483869,0.20689099899680946,0.3191811739094632,0.00020257,38.12138756561075,0.00049835,0,0.0
217,-0.05536771477060043,0.6436339853145019,-0.00032169,1.053781742958659,1.4533862399266007,52.48344483719251,-0.0023016062189381405,32.535712853371805,0.08577636837209619,-43.497270596454555,-0.845232402679053,-16.252166516860974,1.5397792612636616,-25.18808357067211,0.20689099899680946,0.528244079374435,0.00020257,22.89797327268622,0.00049835,0,0.0
218,-1.0321164511068694,2.9847559898163682,-0.00032169,1.053781742958659,1.4533862399266007,97.31174004445371,-0.0023016062189381405,45.75678187413646,0.08577636837209619,-24.29198321555296,-0.845232402679053,-44.52189765070143,1.5397792612636616,-75.61862965933928,0.20689099899680946,0.2519460079386633,0.00020257,35.23901418453622,0.00049835,0,0.0
219,-3.4700102569662663,7.0687439562699925,-0.00032169,1.053781742958659,1.4533862399266007,23.187972667293536,-0.0023016062189381405,0.48905542802256596,0.08577636837209619,-0.08719404489890131,-0.845232402679053,16.232816608451085,1.5397792612636616,-37.682895333332965,0.20689099899680946,2.889727782396852,0.00020257,16.527785337955926,0.00049835,0,0.0
220,0.6507070576415925,6.360495280254293e-05,-0.00032169,1.053781742958659,1.4533862399266007,-6.682760549599335,-0.0023016062189381405,17.633572129982024,0.08577636837209619,-78.93540307394346,-0.845232402679053,27.4601963889309,1.5397792612636616,42.40378733519128,0.20689099899680946,0.9236495254187145,0.00020257,8.358975946836285,0.00049835,0,0.0
221,0.13534581595683903,0.13971810181265376,-0.00032169,1.053781742958659,1.4533862399266007,20.49309335177237,-0.0023016062189381405,14.81439004490535,0.08577636837209619,-24.009839435673122,-0.845232402679053,-4.756579233348655,1.5397792612636616,-6.267222189791823,0.20689099899680946,0.39453483042519455,0.00020257,9.81528255158554,0.00049835,0,0.0
222,-2.9234246766255794,5.892911777105572,-0.00032169,1.053781742958659,1.4533862399266007,75.20014423521164,-0.0023016062189381405,25.871697601843426,0.08577636837209619,-0.07459345332114045,-0.845232402679053,-26.078848092982874,1.5397792612636616,-76.27926778625604,0.20689099899680946,5.059524538804595,0.00020257,23.249684601162826,0.00049835,0,0.0
223,-0.937635801907426,3.2208711130811167,-0.00032169,1.053781742958659,1.4533862399266007,99.92958610058277,-0.0023016062189381405,50.79587007500712,0.08577636837209619,-44.531818943116285,-0.845232402679053,-38.586041614445485,1.5397792612636616,-68.25195976491194,0.20689099899680946,1.397443974796996,0.00020257,38.6935191178717,0.00049835,0,0.0
224,0.5152141960435106,0.002962025505970221,-0.00032169,1.053781742958659,1.4533862399266007,13.186220294559972,-0.0023016062189381405,26.826355434310138,0.08577636837209619,-81.7042743538072,-0.845232402679053,15.776830572006675,1.5397792612636616,26.94863692292244,0.20689099899680946,0.2658335177669109,0.00020257,14.494955735605469,0.00049835,0,0.0
225,0.4625141396286807,0.001021432751397969,-0.00032169,1.053781742958659,1.4533862399266007,6.080816231159365,-0.0023016062189381405,27.602813963347383,0.08577636837209619,-99.3761980336587,-0.845232402679053,27.772567764316072,1.5397792612636616,39.875292243243294,0.20689099899680946,2.217877577928528,0.00020257,14.201391687405083,0.00049835,0,0.0
226,0.5963097342718848,0.00011695532792141166,-0.00032169,1.053781742958659,1.4533862399266007,-9.660707438902953,-0.0023016062189381405,15.065996580861988,0.08577636837209619,-74.45062592146252,-0.845232402679053,28.407207835408382,1.5397792612636616,42.598148714167635,0.20689099899680946,0.9070774278293676,0.00020257,7.148288018078432,0.00049835,0,0.0
227,0.031773670917130126,0.07274952292226564,-0.00032169,1.053781742958659,1.4533862399266007,13.98134117178711,-0.0023016062189381405,12.65136265576379,0.08577636837209619,-25.44575073878933,-0.845232402679053,0.04269267923933806,1.5397792612636616,-0.9244139805519798,0.20689099899680946,0.7448564844284804,0.00020257,7.560782798819181,0.00049835,0,0.0
228,-0.20315285017040097,1.7339580556643421,-0.00032169,1.053781742958659,1.4533862399266007,86.54659833626768,-0.0023016062189381405,50.180445232236984,0.08577636837209619,-53.276404467298626,-0.845232402679053,-33.15314537308295,1.5397792612636616,-50.70265513457671,0.20689099899680946,0.31653136389122594,0.00020257,35.31308506860607,0.00049835,0,0.0
229,-0.3855615998358175,1.498177626728381,-0.00032169,1.053781742958659,1.4533862399266007,64.10433049595377,-0.0023016062189381405,37.325536632341375,0.08577636837209619,-42.1165668819078,-0.845232402679053,-21.675901009284964,1.5397792612636616,-37.73735823869784,0.20689099899680946,1.4689474408838734,0.00020257,26.09112893720222,0.00049835,0,0.0
230,0.11486891335445293,0.02743273832107884,-0.00032169,1.053781742958659,1.4533862399266007,39.97745124752749,-0.0023016062189381405,36.75363360244585,0.08577636837209619,-78.29023319229519,-0.845232402679053,0.6470299129516643,1.5397792612636616,1.3030187587048792,0.20689099899680946,0.4344048047651974,0.00020257,22.593243455081033,0.00049835,0,0.0
231,0.03374521323235058,0.9293578573139203,-0.00032169,1.053781742958659,1.4533862399266007,73.50367578492846,-0.0023016062189381405,47.25728358943643,0.08577636837209619,-62.4492922079986,-0.845232402679053,-23.77568780659725,1.5397792612636616,-34.60448369079334,0.20689099899680946,0.26083536761375825,0.00020257,32.09730597142428,0.00049835,0,0.0
232,-0.46692691241545603,2.3556891226178056,-0.00032169,1.053781742958659,1.4533862399266007,74.4814658803976,-0.0023016062189381405,33.13222232145094,0.08577636837209619,-7.585688305139422,-0.845232402679053,-38.91036637851039,1.5397792612636616,-61.878420794343405,0.20689099899680946,0.25392251235617813,0.00020257,25.963864602692617,0.00049835,0,0.0
233,-0.0008916698632077669,0.05607411539439881,-0.00032169,1.053781742958659,1.4533862399266007,32.375106816974025,-0.0023016062189381405,25.081542072881053,0.08577636837209619,-45.47072584856997,-0.845232402679053,-4.6478692591792905,1.5397792612636616,-7.22694374778991,0.20689099899680946,0.2886931548355136,0.00020257,16.17126589951745,0.00049835,0,0.0
234,-0.07584851859301622,0.7404740752342583,-0.00032169,1.053781742958659,1.4533862399266007,86.34241152482734,-0.0023016062189381405,60.029452952583355,0.08577636837209619,-93.9714610402602,-0.845232402679053,-20.940254578037695,1.5397792612636616,-31.54569721925651,0.20689099899680946,0.2538945150887528,0.00020257,40.02589821677021,0.00049835,0,0.0
235,0.0005051714781956207,0.26963447343226854,-0.00032169,1.053781742958659,1.4533862399266007,65.45207712960314,-0.0023016062189381405,48.80166815548469,0.08577636837209619,-83.45626521541014,-0.845232402679053,-12.337111061591937,1.5397792612636616,-18.38522747314528,0.20689099899680946,0.3150354775991353,0.00020257,31.725242507766193,0.00049835,0,0.0
236,-0.5492280652935122,1.8079962736811999,-0.00032169,1.053781742958659,1.4533862399266007,88.79693638397605,-0.0023016062189381405,50.674206440239765,0.08577636837209619,-55.89110704317126,-0.845232402679053,-31.892920762033544,1.5397792612636616,-52.380672550366775,0.20689099899680946,0.32515902739635294,0.00020257,36.21498724164874,0.00049835,0,0.0
237,-0.8410127703002317,2.386970897643802,-0.00032169,1.053781742958659,1.4533862399266007,99.01724833713729,-0.0023016062189381405,53.42553171312108,0.08577636837209619,-51.35055085806081,-0.845232402679053,-38.034993326246656,1.5397792612636616,-64.1384422405723,0.20689099899680946,0.2684990427852689,0.00020257,38.97290451858606,0.00049835,0,0.0
238,-7.502064557460144,15.576319483918668,-0.00032169,1.053781742958659,1.4533862399266007,4.872506127759896,-0.0023016062189381405,-0.8375630999529153,0.08577636837209619,-82.72488636684162,-0.845232402679053,97.3245270899723,1.5397792612636616,-9.37663968383688,0.20689099899680946,0.282435374080638,0.00020257,45.51640466666602,0.00049835,0,0.0
239,-1.1986448376285672,3.3370721215098964,-0.00032169,1.053781742958659,1.4533862399266007,77.66825313485913,-0.0023016062189381405,50.12865213316239,0.08577636837209619,-86.06590279825073,-0.845232402679053,-6.786025028981852,1.5397792612636616,-33.611978091846616,0.20689099899680946,6.923989190109998,0.00020257,34.84457418692521,0.00049835,0,0.0
240,-0.27118991399274267,0.7815585875067999,-0.00032169,1.053781742958659,1.4533862399266007,-4.493729582263774,-0.0023016062189381405,1.0267167378387052,0.08577636837209619,-20.91232621997713,-0.845232402679053,15.307621646904344,1.5397792612636616,10.839453010849077,0.20689099899680946,0.29863449017254995,0.00020257,5.072895599693318,0.00049835,0,0.0
241,0.032193205606351416,0.2119569794772385,-0.00032169,1.053781742958659,1.4533862399266007,18.110716357053473,-0.0023016062189381405,10.15372275784975,0.08577636837209619,-11.63560685472133,-0.845232402679053,-6.272584575607208,1.5397792612636616,-10.078295445253799,0.20689099899680946,0.6463878857447685,0.00020257,7.622750304592325,0.00049835,0,0.0
242,-0.11475397046195468,1.1145795729517816,-0.00032169,1.053781742958659,1.4533862399266007,97.97816731901086,-0.0023016062189381405,65.86826682832022,0.08577636837209619,-97.95764844635757,-0.845232402679053,-26.304739251493586,1.5397792612636616,-39.751577906167846,0.20689099899680946,0.26041617345210355,0.00020257,44.43240664848135,0.00049835,0,0.0
243,-0.3086842993491814,1.4041571071489396,-0.00032169,1.053781742958659,1.4533862399266007,92.69814946719166,-0.0023016062189381405,59.305785800906726,0.08577636837209619,-82.07553583643495,-0.845232402679053,-27.00258272163641,1.5397792612636616,-43.21835103161693,0.20689099899680946,0.572544068173201,0.00020257,40.63149615578995,0.00049835,0,0.0
244,0.40102865507023466,0.009519102246231523,-0.00032169,1.053781742958659,1.4533862399266007,2.2248103431606934,-0.0023016062189381405,25.400286185785706,0.08577636837209619,-98.71023289550651,-0.845232402679053,30.73376601466701,1.5397792612636616,42.504738580198634,0.20689099899680946,2.711579324614643,0.00020257,12.8569032008438,0.00049835,0,0.0
245,-0.037771473539072176,1.2833095596073476,-0.00032169,1.053781742958659,1.4533862399266007,63.72353847198734,-0.0023016062189381405,34.59827555122857,0.08577636837209619,-29.30047435884553,-0.845232402679053,-27.750522428375216,1.5397792612636616,-41.42728069393893,0.20689099899680946,0.3799461394314356,0.00020257,25.006198272785557,0.00049835,0,0.0
246,-0.03505674717194118,0.8287485886794093,-0.00032169,1.053781742958659,1.4533862399266007,65.95415070575353,-0.0023016062189381405,41.211029753156126,0.08577636837209619,-54.43073203884576,-0.845232402679053,-21.037507163780315,1.5397792612636616,-31.690762405005312,0.20689099899680946,0.403131479736059,0.00020257,28.723248007335684,0.00049835,0,0.0
247,0.06708677342940028,0.24202647191894752,-0.00032169,1.053781742958659,1.4533862399266007,39.25452731950262,-0.0023016062189381405,34.04167991332561,0.08577636837209619,-72.76929711283191,-0.845232402679053,1.0388396947567284,1.5397792612636616,-0.7349429399511824,0.20689099899680946,1.6742942658510653,0.00020257,21.68494363873004,0.00049835,0,0.0
248,0.1259423337947485,0.008595914815262376,-0.00032169,1.053781742958659,1.4533862399266007,29.634603944087186,-0.0023016062189381405,32.52524257430063,0.08577636837209619,-79.72622605160244,-0.845232402679053,7.199816437810748,1.5397792612636616,10.867186531105755,0.20689099899680946,0.4156062101393445,0.00020257,19.320806033763283,0.00049835,0,0.0
249,1.2086183173765548,1.7002008899964103,-0.00032169,1.053781742958659,1.4533862399266007,-6.281982989934101,-0.0023016062189381405,0.0811141104601689,0.08577636837209619,-6.526548523899348,-0.845232402679053,0.8039499404193022,1.5397792612636616,13.249161418616822,0.20689099899680946,-0.4537591000480028,0.00020257,0.1300644667757771,0.00049835,1,0.0
250,0.10573938059467292,0.1151287472735832,-0.00032169,1.053781742958659,1.4533862399266007,9.926047381697387,-0.0023016062189381405,5.609362618415679,0.08577636837209619,-4.4727643916885835,-0.845232402679053,-4.5985845502777485,1.5397792612636616,-6.274757222091068,0.20689099899680946,0.36844611138571737,0.00020257,3.9269135922815943,0.00049835,0,0.0
251,-8.246207826255796,16.612929595403845,-0.00032169,1.053781742958659,1.4533862399266007,97.37765375780903,-0.0023016062189381405,32.41414940181134,0.08577636837209619,-56.27004743335431,-0.845232402679053,28.50216116452692,1.5397792612636616,-98.11173343221269,0.20689099899680946,24.73903713228449,0.00020257,39.21569446676788,0.00049835,0,0.0
252,-0.5642672592773224,2.658732566861471,-0.00032169,1.053781742958659,1.4533862399266007,77.69619476910941,-0.0023016062189381405,33.358954861444495,0.08577636837209619,-3.240574105906293,-0.845232402679053,-41.731620578532414,1.5397792612636616,-66.98093321587749,0.20689099899680946,0.26184900905006536,0.00020257,26.482826167287,0.00049835,0,0.0
253,-0.5707546525641902,1.76083412532101,-0.00032169,1.053781742958659,1.4533862399266007,88.5525899690378,-0.0023016062189381405,51.02777883908127,0.08577636837209619,-58.05214909803571,-0.845232402679053,-30.998425318530288,1.5397792612636616,-51.24069568634316,0.20689099899680946,0.2983210756385688,0.00020257,36.366327360102915,0.00049835,0,0.0
254,0.4823747230472364,0.2883661613636672,-0.00032169,1.053781742958659,1.4533862399266007,-5.179570490181486,-0.0023016062189381405,14.66399998922537,0.08577636837209619,-70.83221594635091,-0.845232402679053,27.44289648013738,1.5397792612636616,36.52395551332175,0.20689099899680946,3.6605797303933056,0.00020257,7.429447832296759,0.00049835,0,0.0
255,-4.723997512809543,9.805236980442576,-0.00032169,1.053781742958659,1.4533862399266007,99.88975675223672,-0.0023016062189381405,53.773318718096604,0.08577636837209619,-99.20769503649025,-0.845232402679053,12.307816111224914,1.5397792612636616,-64.05031729557821,0.20689099899680946,20.30865417184568,0.00020257,40.061255397628706,0.00049835,0,0.0
256,-1.0201455662518004,3.237593989583258,-0.00032169,1.053781742958659,1.4533862399266007,97.68781142934608,-0.0023016062189381405,43.96136132144096,0.08577636837209619,-15.780391654000587,-0.845232402679053,-47.43789415914575,1.5397792612636616,-79.81941316986058,0.20689099899680946,0.26736823722356107,0.00020257,34.41297142060107,0.00049835,0,0.0
257,0.0378214639756731,0.001481871575332802,-0.00032169,1.053781742958659,1.4533862399266007,36.29260430209091,-0.0023016062189381405,34.989429029261814,0.08577636837209619,-78.44513662773038,-0.845232402679053,3.125052172947772,1.5397792612636616,4.342224713355904,0.20689099899680946,0.3099054154999905,0.00020257,21.328416252219334,0.00049835,0,0.0
258,-0.13441451496821522,0.5948014124918853,-0.00032169,1.053781742958659,1.4533862399266007,-20.578870951173595,-0.0023016062189381405,15.304033722088667,0.08577636837209619,-99.90719650817502,-0.845232402679053,51.254904775851095,1.5397792612636616,57.587106769216795,0.20689099899680946,0.6470069677838097,0.00020257,11.622540288433335,0.00049835,0,0.0
259,0.006279156943092001,0.007748921855692672,-0.00032169,1.053781742958659,1.4533862399266007,12.448106073167285,-0.0023016062189381405,11.207886763024527,0.08577636837209619,-23.25437400801143,-0.845232402679053,0.055658356603851544,1.5397792612636616,-0.3304709417033236,0.20689099899680946,0.2758389425483987,0.00020257,6.846274635180343,0.00049835,0,0.0
260,0.272056209298821,0.004927967998802981,-0.00032169,1.053781742958659,1.4533862399266007,17.34705383074997,-0.0023016062189381405,30.574803161754662,0.08577636837209619,-92.54668878441893,-0.845232402679053,18.94236238957932,1.5397792612636616,26.965112592266916,0.20689099899680946,1.5754279735148886,0.00020257,16.801860354055353,0.00049835,0,0.0
261,0.013509551846514256,0.3021320488803461,-0.00032169,1.053781742958659,1.4533862399266007,19.67373511171842,-0.0023016062189381405,33.14411104916472,0.08577636837209619,-96.43391258183311,-0.845232402679053,19.273143191654736,1.5397792612636616,25.219927983428413,0.20689099899680946,1.2082570994354978,0.00020257,17.852575629609575,0.00049835,0,0.0
262,-0.15514061064285478,1.8847000835511722,-0.00032169,1.053781742958659,1.4533862399266007,60.7677599186526,-0.0023016062189381405,26.012708730864347,0.08577636837209619,-1.505896955089704,-0.845232402679053,-33.91091979991344,1.5397792612636616,-51.6997932630356,0.20689099899680946,0.26884295661283986,0.00020257,20.968055695901963,0.00049835,0,0.0
263,0.33653266602230714,0.2733308807586279,-0.00032169,1.053781742958659,1.4533862399266007,-6.8340645075191455,-0.0023016062189381405,4.149074161467556,0.08577636837209619,-31.545774962679612,-0.845232402679053,13.95523682541209,1.5397792612636616,21.364245457791952,0.20689099899680946,1.0787266803781064,0.00020257,1.819144028597358,0.00049835,0,0.0
264,-1.0335401925032173,3.1387059519383382,-0.00032169,1.053781742958659,1.4533862399266007,98.01584124490842,-0.0023016062189381405,49.16137513478418,0.08577636837209619,-32.319517255126485,-0.845232402679053,-43.0552992430402,1.5397792612636616,-73.27001449954861,0.20689099899680946,0.376359205661732,0.00020257,35.9678306739862,0.00049835,0,0.0
265,1.3660172283504801,0.6465949190528897,-0.00032169,1.053781742958659,1.4533862399266007,-19.9181429596059,-0.0023016062189381405,9.348123719483592,0.08577636837209619,-68.09184045191357,-0.845232402679053,29.938239786569177,1.5397792612636616,51.71783319684372,0.20689099899680946,0.2927077818246415,0.00020257,4.713035234411234,0.00049835,0,0.0
266,-0.14597795936298846,0.4265280504063064,-0.00032169,1.053781742958659,1.4533862399266007,2.4133354185713642,-0.0023016062189381405,-0.0916927747354872,0.08577636837209619,-0.11377162588330525,-0.845232402679053,1.4177813957777832,1.5397792612636616,-2.9831716430167448,0.20689099899680946,0.3736060318495352,0.00020257,2.32910004317836,0.00049835,0,0.0
267,0.49227845119135605,0.01706795168853671,-0.00032169,1.053781742958659,1.4533862399266007,-20.16022575362714,-0.0023016062189381405,14.372575334002084,0.08577636837209619,-93.77469936358122,-0.845232402679053,43.49808977932663,1.5397792612636616,59.045565080797054,0.20689099899680946,1.0318737419603323,0.00020257,7.965395386166396,0.00049835,0,0.0
268,2.6664752783191505,5.437893302211977,-0.00032169,1.053781742958659,1.4533862399266007,-34.63515265811263,-0.0023016062189381405,4.059378524902693,0.08577636837209619,-74.33272949718975,-0.845232402679053,33.9602858112548,1.5397792612636616,74.71264968959771,0.20689099899680946,-0.3632694635864401,0.00020257,0.38462484399064134,0.00049835,1,0.0
269,0.0009827935447308533,0.09751790358029769,-0.00032169,1.053781742958659,1.4533862399266007,22.86856417221344,-0.0023016062189381405,15.020015721045407,0.08577636837209619,-21.385518657247946,-0.845232402679053,-6.47894540517434,1.5397792612636616,-9.94797479016449,0.20689099899680946,0.31944981402635175,0.00020257,10.202971118393439,0.00049835,0,0.0
270,0.10634837518001472,1.0883632304836046,-0.00032169,1.053781742958659,1.4533862399266007,19.39152063943266,-0.0023016062189381405,12.174764004036911,0.08577636837209619,-17.176821166812886,-0.845232402679053,-3.099586418002348,1.5397792612636616,-9.873488624279101,0.20689099899680946,3.73486507167649,0.00020257,8.29419279754717,0.00049835,0,0.0
271,-0.104022002576599,1.6136241275898455,-0.00032169,1.053781742958659,1.4533862399266007,98.60971412863428,-0.0023016062189381405,61.78599716848502,0.08577636837209619,-79.74773025991335,-0.845232402679053,-32.343633702504405,1.5397792612636616,-48.53856109290629,0.20689099899680946,0.3085408974645709,0.00020257,42.5725060262712,0.00049835,0,0.0
272,-0.3923635107673995,1.8786829665735894,-0.00032169,1.053781742958659,1.4533862399266007,74.17163656628351,-0.0023016062189381405,36.79237224812186,0.08577636837209619,-24.842621767442477,-0.845232402679053,-33.432839556941,1.5397792612636616,-53.23223571265116,0.20689099899680946,0.2614035990326844,0.00020257,28.001826307852916,0.00049835,0,0.0
273,-0.014272411224288462,0.11927485480179104,-0.00032169,1.053781742958659,1.4533862399266007,50.875038249199285,-0.0023016062189381405,42.45159445753152,0.08577636837209619,-83.90788407716975,-0.845232402679053,-3.0028346866197952,1.5397792612636616,-6.031250791810525,0.20689099899680946,0.9143681128796395,0.00020257,26.770293844500397,0.00049835,0,0.0
274,0.07473327959372478,5.168771589241558e-06,-0.00032169,1.053781742958659,1.4533862399266007,-18.941848088113364,-0.0023016062189381405,9.943668484858478,0.08577636837209619,-76.92421518925111,-0.845232402679053,40.34291346503953,1.5397792612636616,48.44392437049162,0.20689099899680946,0.3812158074912353,0.00020257,7.7448552302893585,0.00049835,0,0.0
275,0.41390163088176024,14.481407836476375,-0.00032169,1.053781742958659,1.4533862399266007,-33.42619461120674,-0.0023016062189381405,-6.613044182109973,0.08577636837209619,-41.871432952729684,-0.845232402679053,32.67278828726503,1.5397792612636616,50.537052651817504,0.20689099899680946,-5.552025979678513,0.00020257,0.33967114716730373,0.00049835,1,0.0
276,0.04923158210310419,0.24776881373183146,-0.00032169,1.053781742958659,1.4533862399266007,46.10566303717593,-0.0023016062189381405,33.236553615842254,0.08577636837209619,-55.204603099218176,-0.845232402679053,-9.68535782235008,1.5397792612636616,-14.268511272490533,0.20689099899680946,0.3991730517952412,0.00020257,22.03889120585966,0.00049835,0,0.0
277,3.573964074565044,56.538230247527785,-0.00032169,1.053781742958659,1.4533862399266007,-90.97597493225447,-0.0023016062189381405,-32.33366964916192,0.08577636837209619,-4.91959477398784,-0.845232402679053,39.80497814515297,1.5397792612636616,92.73648216035205,0.20689099899680946,-27.404402869153962,0.00020257,0.2247102568846966,0.00049835,1,0.0
278,0.048269332612039584,0.1571571153381775,-0.00032169,1.053781742958659,1.4533862399266007,31.869346977312357,-0.0023016062189381405,23.326131203795082,0.08577636837209619,-37.453345606976164,-0.845232402679053,-7.183471280457135,1.5397792612636616,-10.455892696853207,0.20689099899680946,0.32262517891819353,0.00020257,15.04903512126841,0.00049835,0,0.0
279,-9.124658888673107,19.384940089607035,-0.00032169,1.053781742958659,1.4533862399266007,69.93064148960491,-0.0023016062189381405,24.351315624794104,0.08577636837209619,-89.5124682941736,-0.845232402679053,71.05090029648692,1.5397792612636616,-67.6172710432672,0.20689099899680946,20.60865653188309,0.00020257,49.12140391638728,0.00049835,0,0.0
280,0.31760396182416617,0.004703596335207291,-0.00032169,1.053781742958659,1.4533862399266007,-13.009109217387012,-0.0023016062189381405,13.264691760208308,0.08577636837209619,-77.08439360803477,-0.845232402679053,34.02616515699373,1.5397792612636616,45.14218403427443,0.20689099899680946,1.5630759386906297,0.00020257,6.97418240262622,0.00049835,0,0.0
281,0.6039644751134645,0.019277927411739948,-0.00032169,1.053781742958659,1.4533862399266007,18.390281277201773,-0.0023016062189381405,29.56643630135624,0.08577636837209619,-83.62646133146245,-0.845232402679053,12.945200372129277,1.5397792612636616,23.812597631263216,0.20689099899680946,0.29712178430851033,0.00020257,16.497083017144433,0.00049835,0,0.0
282,-0.027228737175164497,0.0733936132407104,-0.00032169,1.053781742958659,1.4533862399266007,22.218086039679687,-0.0023016062189381405,18.45959020825208,0.08577636837209619,-35.82666765947092,-0.845232402679053,-1.5666833448141004,1.5397792612636616,-3.163744960698712,0.20689099899680946,0.37732972156081335,0.00020257,11.552053846874372,0.00049835,0,0.0
283,-0.054512167293548686,1.0346927922774707,-0.00032169,1.053781742958659,1.4533862399266007,74.9797021438308,-0.0023016062189381405,48.284305713938394,0.08577636837209619,-65.02114342022068,-0.845232402679053,-23.086197140383206,1.5397792612636616,-35.16345665441908,0.20689099899680946,0.671178766067186,0.00020257,32.77711861924005,0.00049835,0,0.0
284,4.839601743178925,58.177551797000035,-0.00032169,1.053781742958659,1.4533862399266007,-90.75301559429741,-0.0023016062189381405,-29.654762765123692,0.08577636837209619,-8.074305965097997,-0.845232402679053,35.346106594029976,1.5397792612636616,98.75966946946701,0.20689099899680946,-25.703450444820206,0.00020257,0.06434822050817424,0.00049835,1,0.0
285,0.18846219837906153,0.4495049862573723,-0.00032169,1.053781742958659,1.4533862399266007,16.77238537495873,-0.0023016062189381405,10.648958448321396,0.08577636837209619,-8.93961532509406,-0.845232402679053,-7.9732386632204495,1.5397792612636616,-10.332001523418846,0.20689099899680946,0.37558445152527087,0.00020257,6.676498045938963,0.00049835,0,0.0
286,-4.811316503626232,10.066792529739901,-0.00032169,1.053781742958659,1.4533862399266007,67.64455872399851,-0.0023016062189381405,15.636182527188492,0.08577636837209619,-0.00045692717554745893,-0.845232402679053,-0.4262636812945124,1.5397792612636616,-81.01725002608316,0.20689099899680946,12.956527179691408,0.00020257,23.759691503732377,0.00049835,0,0.0
287,0.7514224540970575,0.012346276945926113,-0.00032169,1.053781742958659,1.4533862399266007,-2.657614608843325,-0.0023016062189381405,20.064164895206357,0.08577636837209619,-79.56140646740384,-0.845232402679053,24.107919595896433,1.5397792612636616,39.73067432347885,0.20689099899680946,0.4737137818057011,0.00020257,9.659196400921628,0.00049835,0,0.0
288,0.0636799674956281,0.7207983714070461,-0.00032169,1.053781742958659,1.4533862399266007,38.87658168562052,-0.0023016062189381405,19.922501882003246,0.08577636837209619,-15.603415816049674,-0.845232402679053,-17.475077333883405,1.5397792612636616,-25.59933268783109,0.20689099899680946,0.28195258362866316,0.00020257,15.34317889498801,0.00049835,0,0.0
289,-2.639119521377067,5.615717148039653,-0.00032169,1.053781742958659,1.4533862399266007,45.99964365769981,-0.0023016062189381405,11.634786240820704,0.08577636837209619,-0.09185097137853385,-0.845232402679053,-5.757682041752174,1.5397792612636616,-51.05703289871525,0.20689099899680946,7.054197080194951,0.00020257,15.53387030592179,0.00049835,0,0.0
290,-4.412298771967647,8.979394316724711,-0.00032169,1.053781742958659,1.4533862399266007,3.1257074700201777,-0.0023016062189381405,11.46562450556314,0.08577636837209619,-99.86438796897635,-0.845232402679053,75.42208758037681,1.5397792612636616,16.49866398845064,0.20689099899680946,5.983764415057797,0.00020257,29.260601304998197,0.00049835,0,0.0
291,0.04310912740099049,0.7470975953032994,-0.00032169,1.053781742958659,1.4533862399266007,25.67862970892061,-0.0023016062189381405,29.95793015866534,0.08577636837209619,-86.18560407722495,-0.845232402679053,15.503784696414243,1.5397792612636616,16.785970523113022,0.20689099899680946,3.497259083701949,0.00020257,18.660225726550955,0.00049835,0,0.0
292,1.6239698758746535,8.030919383746639,-0.00032169,1.053781742958659,1.4533862399266007,-19.110533028425966,-0.0023016062189381405,-3.9816340427299237,0.08577636837209619,-13.212447238832189,-0.845232402679053,9.518950591493986,1.5397792612636616,28.933602009379253,0.20689099899680946,-3.1694196991962347,0.00020257,0.28169848814336684,0.00049835,1,0.0
293,-7.310352300606078,15.05134611860715,-0.00032169,1.053781742958659,1.4533862399266007,55.54807896483185,-0.0023016062189381405,2.6037285180289036,0.08577636837209619,-0.187893794855339,-0.845232402679053,30.26622345085752,1.5397792612636616,-83.90394419144546,0.20689099899680946,7.98180305060292,0.00020257,34.808124890377556,0.00049835,0,0.0
294,0.3812480932346745,0.1877660110448588,-0.00032169,1.053781742958659,1.4533862399266007,-3.890662762700501,-0.0023016062189381405,1.1109963018019566,0.08577636837209619,-11.453429257531127,-0.845232402679053,4.9928940086035185,1.5397792612636616,9.970957201404293,0.20689099899680946,0.4092809631696126,0.00020257,0.5361085350298727,0.00049835,0,0.0
295,-0.7639950446216606,2.7398304180131228,-0.00032169,1.053781742958659,1.4533862399266007,87.23927787561529,-0.0023016062189381405,40.70691415147668,0.08577636837209619,-17.502809006267558,-0.845232402679053,-42.1170716488647,1.5397792612636616,-69.43743185270233,0.20689099899680946,0.30988004295560323,0.00020257,31.096922453192832,0.00049835,0,0.0
296,-0.00801236870211497,1.1358770548209727,-0.00032169,1.053781742958659,1.4533862399266007,77.83982198746594,-0.0023016062189381405,48.94800619034583,0.08577636837209619,-63.6144142382315,-0.845232402679053,-25.32216480889151,1.5397792612636616,-37.83636982573527,0.20689099899680946,0.5547184725187471,0.00020257,33.73473201988418,0.00049835,0,0.0
297,-0.205520802330323,0.4918032936093549,-0.00032169,1.053781742958659,1.4533862399266007,60.57131889904205,-0.0023016062189381405,47.03333224439994,0.08577636837209619,-88.78841924871865,-0.845232402679053,-6.586971567525333,1.5397792612636616,-12.221750584313433,0.20689099899680946,0.3841386387881407,0.00020257,30.61404036470064,0.00049835,0,0.0
298,1.0961419588974923,25.138427898917467,-0.00032169,1.053781742958659,1.4533862399266007,-48.62994609941663,-0.0023016062189381405,-14.900933526093223,0.08577636837209619,-27.982333792496462,-0.845232402679053,34.03421220392387,1.5397792612636616,59.41828769320818,0.20689099899680946,-11.785681638682348,0.00020257,0.2078824543133555,0.00049835,1,0.0
299,0.009899804286179759,0.12327452439067392,-0.00032169,1.053781742958659,1.4533862399266007,54.36118264689401,-0.0023016062189381405,42.579656494690624,0.08577636837209619,-77.8955080063817,-0.845232402679053,-7.549162103830247,1.5397792612636616,-11.355891183602237,0.20689099899680946,0.3119138488133366,0.00020257,27.350151802381045,0.00049835,0,0.0
300,0.652248068953625,0.16371663650202176,-0.00032169,1.1211449964209517,4.787338469101568,99.99584782516797,-0.0023016062189381405,80.0116514273222,0.08577636837209619,-75.48718732033701,-0.845232402679053,-69.37616314233937,1.5397792612636616,-8.397472913061977,0.20689099899680946,0.31607293051729574,0.00020257,1.2008294159852517,0.00049835,0,0.0
301,0.18582983766199854,0.004735831568261199,-0.00032169,1.1211449964209517,4.787338469101568,-48.669469705835105,-0.0023016062189381405,10.63868590999337,0.08577636837209619,-78.9921980943324,-0.845232402679053,51.80126792291273,1.5397792612636616,58.09297199274054,0.20689099899680946,-0.03584637194680662,0.00020257,0.03570838315685282,0.00049835,1,0.0
302,0.34210506766232807,0.01149595374491997,-0.00032169,1.1211449964209517,4.787338469101568,-61.09303146997053,-0.0023016062189381405,16.457568350889566,0.08577636837209619,-72.44000367180486,-0.845232402679053,-28.9105668389534,1.5397792612636616,73.58407850229989,0.20689099899680946,-0.061024902675327015,0.00020257,0.06108696494352602,0.00049835,1,0.0
303,0.047663745908567735,0.0009372183292619418,-0.00032169,1.1211449964209517,4.787338469101568,-6.101540525777819,-0.0023016062189381405,0.15666202150519865,0.08577636837209619,-2.120660506801052,-0.845232402679053,-6.707555378062899,1.5397792612636616,6.783745156172989,0.20689099899680946,-0.002932757877364934,0.00020257,0.002624107558740369,0.00049835,1,0.0
304,0.11132471356525919,0.0012237436933102783,-0.00032169,1.1211449964209517,4.787338469101568,-16.38962745798313,-0.0023016062189381405,4.234992680932279,0.08577636837209619,-14.318997827673222,-0.845232402679053,-14.318145810180159,1.5397792612636616,19.064428318368755,0.20689099899680946,-0.015149113713418379,0.00020257,0.015246558463665249,0.00049835,1,0.0
305,0.42970578502828727,0.11724507727131347,-0.00032169,1.1211449964209517,4.787338469101568,99.99064230476182,-0.0023016062189381405,56.83683945693543,0.08577636837209619,-68.33095881167485,-0.845232402679053,62.64640027066927,1.5397792612636616,-24.446504201035687,0.20689099899680946,0.3311758442618509,0.00020257,1.0193837066110796,0.00049835,0,0.0
306,0.020445369748415307,0.0006396407157621452,-0.00032169,1.1211449964209517,4.787338469101568,-2.8888189257736805,-0.0023016062189381405,0.3246001074652946,0.08577636837209619,-2.578486602372087,-0.845232402679053,11.565958558424034,1.5397792612636616,2.2350528385830333,0.20689099899680946,-0.013292214265416909,0.00020257,0.013464148264648498,0.00049835,1,0.0
307,0.25171003381120743,0.007357341829259138,-0.00032169,1.1211449964209517,4.787338469101568,-32.75555227571158,-0.0023016062189381405,4.8166518341195745,0.08577636837209619,-17.213472747790806,-0.845232402679053,-33.937801004345786,1.5397792612636616,36.65100715668035,0.20689099899680946,-0.019655870523758955,0.00020257,0.01918967879343669,0.00049835,1,0.0
308,0.15811341343023608,0.004616883753689184,-0.00032169,1.1211449964209517,4.787338469101568,-15.809759407939138,-0.0023016062189381405,6.017856927703621,0.08577636837209619,-0.5455100098389388,-0.845232402679053,-93.65323146845631,1.5397792612636616,21.685364455841466,0.20689099899680946,-0.03893997320278533,0.00020257,0.04076739089369516,0.00049835,1,0.0
309,0.10452989555987302,0.0013991365074090879,-0.00032169,1.1211449964209517,4.787338469101568,-20.7998210183805,-0.0023016062189381405,5.853719152845101,0.08577636837209619,-28.232709015893846,-0.845232402679053,-1.3139297631494804,1.5397792612636616,25.14775454466076,0.20689099899680946,-0.02204590673548936,0.00020257,0.02229701465645851,0.00049835,1,0.0
310,0.5746623926010043,0.14168603296949847,-0.00032169,1.1211449964209517,4.787338469101568,99.73379341002348,-0.0023016062189381405,67.88496758567824,0.08577636837209619,-70.4017994063352,-0.845232402679053,-23.167287182378278,1.5397792612636616,-12.956505117941477,0.20689099899680946,0.32000593920881015,0.00020257,1.1445350421608163,0.00049835,0,0.0
311,0.07352711337307394,0.0004925003860894666,-0.00032169,1.1211449964209517,4.787338469101568,-10.502603119416044,-0.0023016062189381405,2.533912858825797,0.08577636837209619,-8.075567198655886,-0.845232402679053,-17.25590807365613,1.5397792612636616,12.714935950630395,0.20689099899680946,-0.009433173182039768,0.00020257,0.009540770125815608,0.00049835,1,0.0
312,0.496520316410192,0.022964933218861075,-0.00032169,1.1211449964209517,4.787338469101568,-81.11690949248799,-0.0023016062189381405,20.665611636486673,0.08577636837209619,-82.67580252340137,-0.845232402679053,-85.21027277811366,1.5397792612636616,98.78752274781955,0.20689099899680946,-0.08057504140771317,0.00020257,0.08098100253959352,0.00049835,1,0.0
313,0.2689104836936539,0.007386137658240409,-0.00032169,1.1211449964209517,4.787338469101568,-47.031060017531104,-0.0023016062189381405,12.698567455310814,0.08577636837209619,-53.86622931438312,-0.845232402679053,-35.32010431872523,1.5397792612636616,57.32693775677838,0.20689099899680946,-0.04988297296188773,0.00020257,0.04997931129671091,0.00049835,1,0.0
314,0.6709019844353925,0.16174638464626276,-0.00032169,1.1211449964209517,4.787338469101568,99.94630759090788,-0.0023016062189381405,72.01769157206395,0.08577636837209619,-61.93619674436303,-0.845232402679053,-85.39250995259289,1.5397792612636616,-7.987176397618233,0.20689099899680946,0.3157949244058455,0.00020257,1.2031050006185868,0.00049835,0,0.0
315,0.08258763347454093,0.0008304876104036977,-0.00032169,1.1211449964209517,4.787338469101568,-15.783583749104666,-0.0023016062189381405,4.57700360511119,0.08577636837209619,-20.552688042846544,-0.845232402679053,-5.433838844846798,1.5397792612636616,19.210037603382496,0.20689099899680946,-0.017915715835220794,0.00020257,0.01795719738621955,0.00049835,1,0.0
316,0.0025115056680586074,0.0004912356858422124,-0.00032169,1.1211449964209517,4.787338469101568,-5.1833043427688,-0.0023016062189381405,0.38527274711629333,0.08577636837209619,-12.917693228776525,-0.845232402679053,32.40008412208244,1.5397792612636616,5.137735799520633,0.20689099899680946,-0.0098552335932061,0.00020257,0.009670266763273885,0.00049835,1,0.0
317,0.04768817847936738,0.0025506861757766154,-0.00032169,1.1211449964209517,4.787338469101568,-17.616077676667654,-0.0023016062189381405,5.529551150117175,0.08577636837209619,-34.85431317931394,-0.845232402679053,10.884252649055535,1.5397792612636616,22.902644239683713,0.20689099899680946,-0.031025717904390144,0.00020257,0.031569076387824344,0.00049835,1,0.0
318,0.008145651111059131,0.0017042291503346692,-0.00032169,1.1211449964209517,4.787338469101568,-5.804357609488886,-0.0023016062189381405,-0.40773310215873204,0.08577636837209619,-13.027938471021818,-0.845232402679053,49.54920002239829,1.5397792612636616,4.455033071619006,0.20689099899680946,-0.025415148811601708,0.00020257,0.02569471557687674,0.00049835,1,0.0
319,0.22884492513021581,0.008038204620138467,-0.00032169,1.1211449964209517,4.787338469101568,-32.306071272406925,-0.0023016062189381405,11.037734472935197,0.08577636837209619,-26.193485163648212,-0.845232402679053,-89.32250639999496,1.5397792612636616,41.81195258524544,0.20689099899680946,-0.05758509998600676,0.00020257,0.058368109456769166,0.00049835,1,0.0
320,0.28720484723593365,0.00886188929312902,-0.00032169,1.1211449964209517,4.787338469101568,-66.43964057550957,-0.0023016062189381405,13.301114630647469,0.08577636837209619,-98.00106726046556,-0.845232402679053,59.686144288881735,1.5397792612636616,78.10337799391007,0.20689099899680946,-0.039927494921792824,0.00020257,0.03967916611269073,0.00049835,1,0.0
321,0.17388713330600872,0.004921932698947459,-0.00032169,1.1211449964209517,4.787338469101568,-53.38129626685494,-0.0023016062189381405,11.116380879022026,0.08577636837209619,-94.63649743660301,-0.845232402679053,86.10149247445877,1.5397792612636616,63.33699942683333,0.20689099899680946,-0.03504832510058181,0.00020257,0.035429080158952395,0.00049835,1,0.0
322,0.4897483600207311,0.13995935623910896,-0.00032169,1.1211449964209517,4.787338469101568,99.89493357566853,-0.0023016062189381405,46.924208948183484,0.08577636837209619,-16.76688004220254,-0.845232402679053,-1.1117087202939042,1.5397792612636616,-34.347414943710326,0.20689099899680946,0.345207331447852,0.00020257,0.9083624936769851,0.00049835,0,0.0
323,0.1809955507137455,0.00340745518707316,-0.00032169,1.1211449964209517,4.787338469101568,-29.83114093495216,-0.0023016062189381405,7.436314481328359,0.08577636837209619,-30.515746827742866,-0.845232402679053,-33.797243022465345,1.5397792612636616,36.63588175932659,0.20689099899680946,-0.03083426219388856,0.00020257,0.03113326148762345,0.00049835,1,0.0
324,0.3746961198802915,0.01407801429222069,-0.00032169,1.1211449964209517,4.787338469101568,-63.45425405475139,-0.0023016062189381405,16.409301159343457,0.08577636837209619,-68.55641918276724,-0.845232402679053,-54.62201370668751,1.5397792612636616,77.07960813816975,0.20689099899680946,-0.06368230786063114,0.00020257,0.06312580143851065,0.00049835,1,0.0
325,0.2948803561567804,0.007481125574616471,-0.00032169,1.1211449964209517,4.787338469101568,-45.28273552164319,-0.0023016062189381405,11.083097385491396,0.08577636837209619,-41.16408620925938,-0.845232402679053,-51.5829971451616,1.5397792612636616,54.32466537893517,0.20689099899680946,-0.03967308317521931,0.00020257,0.03945401893616139,0.00049835,1,0.0
326,0.17166867214359594,0.0025529303896822055,-0.00032169,1.1211449964209517,4.787338469101568,-28.569766220092795,-0.0023016062189381405,6.59313540874711,0.08577636837209619,-29.573113692627274,-0.845232402679053,-19.483022592971537,1.5397792612636616,34.150536817851446,0.20689099899680946,-0.022730000288120285,0.00020257,0.02268219721635014,0.00049835,1,0.0
327,0.14371777366317906,0.008142164370747048,-0.00032169,1.1211449964209517,4.787338469101568,-40.306299648514134,-0.0023016062189381405,7.259471219440927,0.08577636837209619,-68.05281472671557,-0.845232402679053,48.634004575794286,1.5397792612636616,49.10675659584082,0.20689099899680946,-0.025108959872539947,0.00020257,0.032009888245829066,0.00049835,1,0.0
328,0.2964008607961112,0.008379160712110176,-0.00032169,1.1211449964209517,4.787338469101568,-41.4043582715469,-0.0023016062189381405,8.17363065126233,0.08577636837209619,-27.703239151564528,-0.845232402679053,-80.04866990452527,1.5397792612636616,50.67323253174497,0.20689099899680946,-0.03560532049082719,0.00020257,0.036150773972888205,0.00049835,1,0.0
329,0.47512580437273255,0.02011883166446912,-0.00032169,1.1211449964209517,4.787338469101568,-78.48625592521317,-0.0023016062189381405,19.57606743231199,0.08577636837209619,-81.36196734891863,-0.845232402679053,-67.58283804526064,1.5397792612636616,94.68950451159958,0.20689099899680946,-0.0723056993725748,0.00020257,0.07214409132408092,0.00049835,1,0.0
330,0.11832816404618143,0.001520790612529458,-0.00032169,1.1211449964209517,4.787338469101568,-13.586397977778303,-0.0023016062189381405,2.6676532490761113,0.08577636837209619,-2.8749398068053065,-0.845232402679053,-50.7141245158422,1.5397792612636616,17.217645194869746,0.20689099899680946,-0.017788959850156452,0.00020257,0.01780490568517084,0.00049835,1,0.0
331,0.04055457922287564,0.0009332741053841166,-0.00032169,1.1211449964209517,4.787338469101568,-26.314561018815805,-0.0023016062189381405,4.691552456994676,0.08577636837209619,-58.58859689170175,-0.845232402679053,88.24790397579308,1.5397792612636616,30.398561005451477,0.20689099899680946,-0.01313051501009222,0.00020257,0.013052891336260882,0.00049835,1,0.0
332,0.2828239553001447,0.007336242175359027,-0.00032169,1.1211449964209517,4.787338469101568,-47.60592645891451,-0.0023016062189381405,12.57383411329926,0.08577636837209619,-51.891761680049235,-0.845232402679053,-31.915574662680577,1.5397792612636616,57.08184933094552,0.20689099899680946,-0.045578106042951455,0.00020257,0.04568643890081875,0.00049835,1,0.0
333,0.26180756904471525,0.0058539577803631455,-0.00032169,1.1211449964209517,4.787338469101568,-37.85839223782207,-0.0023016062189381405,8.534409627388232,0.08577636837209619,-29.43415604899447,-0.845232402679053,-58.205268088080274,1.5397792612636616,45.7397127890691,0.20689099899680946,-0.031082276857957558,0.00020257,0.03163295043481862,0.00049835,1,0.0
334,0.10680333506015523,0.0024785491011073556,-0.00032169,1.1211449964209517,4.787338469101568,-39.90413171339896,-0.0023016062189381405,9.351979415057944,0.08577636837209619,-78.60582232046545,-0.845232402679053,91.28235645028363,1.5397792612636616,46.633623927780484,0.20689099899680946,-0.03124500554063006,0.00020257,0.031174734098730256,0.00049835,1,0.0
335,0.22384263667053467,0.005129517040022863,-0.00032169,1.1211449964209517,4.787338469101568,-31.98448005541139,-0.0023016062189381405,8.445455105251797,0.08577636837209619,-24.666961596509026,-0.845232402679053,-67.94857466372765,1.5397792612636616,39.914665290975414,0.20689099899680946,-0.03917551668114787,0.00020257,0.039449352036308255,0.00049835,1,0.0
336,0.09659124854488246,0.0010974287071780933,-0.00032169,1.1211449964209517,4.787338469101568,-14.237201805115454,-0.0023016062189381405,4.570800099537406,0.08577636837209619,-12.741030293666737,-0.845232402679053,-27.583726451511655,1.5397792612636616,17.748196087126956,0.20689099899680946,-0.01991979665091372,0.00020257,0.020052755434658644,0.00049835,1,0.0
337,0.03712952910426234,0.0010245291346649167,-0.00032169,1.1211449964209517,4.787338469101568,-28.227671759842917,-0.0023016062189381405,5.21048466997303,0.08577636837209619,-64.62275866564082,-0.845232402679053,95.71280193697767,1.5397792612636616,32.926454160685445,0.20689099899680946,-0.014451813904650043,0.00020257,0.01445179447488195,0.00049835,1,0.0
338,0.03562829581590171,0.0028702980163087897,-0.00032169,1.1211449964209517,4.787338469101568,-12.122691185197034,-0.0023016062189381405,-0.5951862701987618,0.08577636837209619,-21.148402085478793,-0.845232402679053,61.61981360459492,1.5397792612636616,11.452799458440897,0.20689099899680946,-0.028140913323694793,0.00020257,0.0290534190623036,0.00049835,1,0.0
339,0.19187004959256584,0.003205432984219732,-0.00032169,1.1211449964209517,4.787338469101568,-24.346714117190324,-0.0023016062189381405,5.645390413909379,0.08577636837209619,-12.110099294304844,-0.845232402679053,-65.62299686957614,1.5397792612636616,30.12771613852751,0.20689099899680946,-0.02593082582982143,0.00020257,0.025960017985173438,0.00049835,1,0.0
340,0.17894637009968486,0.0036265460651250096,-0.00032169,1.1211449964209517,4.787338469101568,-38.723860108737064,-0.0023016062189381405,9.755268601085053,0.08577636837209619,-55.686462724092046,-0.845232402679053,13.890615235185209,1.5397792612636616,46.46770857817715,0.20689099899680946,-0.034966887140605266,0.00020257,0.035085039997464484,0.00049835,1,0.0
341,0.012447414800570964,0.0006796016257635746,-0.00032169,1.1211449964209517,4.787338469101568,-13.38830882638217,-0.0023016062189381405,2.5613899894382737,0.08577636837209619,-32.93885626459679,-0.845232402679053,65.5443540801642,1.5397792612636616,14.364699440533656,0.20689099899680946,-0.017132170342169926,0.00020257,0.017090515577710838,0.00049835,1,0.0
342,0.2475514389103784,0.005655146979997189,-0.00032169,1.1211449964209517,4.787338469101568,-25.200747022543993,-0.0023016062189381405,5.749416262926125,0.08577636837209619,-0.30607948117070116,-0.845232402679053,-89.18121553621262,1.5397792612636616,30.06546308661852,0.20689099899680946,-0.01796338149196367,0.00020257,0.019911257166576553,0.00049835,1,0.0
343,0.17040907099209074,0.006450420046684126,-0.00032169,1.1211449964209517,4.787338469101568,-19.511470178281662,-0.0023016062189381405,-1.2561212302274916,0.08577636837209619,-0.9575399383273011,-0.845232402679053,-19.83347917779173,1.5397792612636616,20.61985244801477,0.20689099899680946,-0.022508304664060393,0.00020257,0.022821047049027512,0.00049835,1,0.0
344,0.052104778782915716,0.001433388708399231,-0.00032169,1.1211449964209517,4.787338469101568,-22.332943491218668,-0.0023016062189381405,3.351965613896695,0.08577636837209619,-45.18723702432203,-0.845232402679053,79.59514872351588,1.5397792612636616,24.409343033888508,0.20689099899680946,-0.01984905861324031,0.00020257,0.020262029339636646,0.00049835,1,0.0
345,0.331935694456728,0.012134428896501865,-0.00032169,1.1211449964209517,4.787338469101568,-59.79343023177184,-0.0023016062189381405,13.803005619137695,0.08577636837209619,-68.30338758150491,-0.845232402679053,-41.58762128915756,1.5397792612636616,73.20304231298957,0.20689099899680946,-0.05746964917771956,0.00020257,0.05732853129386138,0.00049835,1,0.0
346,0.08777038875027171,0.0006108268809051909,-0.00032169,1.1211449964209517,4.787338469101568,-11.27824783039079,-0.0023016062189381405,2.431373050618246,0.08577636837209619,-5.916512295549141,-0.845232402679053,-25.138546854741122,1.5397792612636616,13.613625363293474,0.20689099899680946,-0.00894004006986425,0.00020257,0.008932969083342887,0.00049835,1,0.0
347,0.10189871038685198,0.001651590630056482,-0.00032169,1.1211449964209517,4.787338469101568,-26.69604939622831,-0.0023016062189381405,4.941183848544711,0.08577636837209619,-42.3640332203677,-0.845232402679053,29.265371505124413,1.5397792612636616,31.795662525888872,0.20689099899680946,-0.01576276383924269,0.00020257,0.015642032625483727,0.00049835,1,0.0
348,0.15132314273821112,0.0033986166479085377,-0.00032169,1.1211449964209517,4.787338469101568,-35.539408491465444,-0.0023016062189381405,8.731110581241426,0.08577636837209619,-55.34375935648161,-0.845232402679053,35.43567163593718,1.5397792612636616,41.8383954673904,0.20689099899680946,-0.02873318249073651,0.00020257,0.030237701238918904,0.00049835,1,0.0
349,0.22221338717278666,0.007553792809951972,-0.00032169,1.1211449964209517,4.787338469101568,-36.52980371041983,-0.0023016062189381405,9.794355613139668,0.08577636837209619,-37.56113010630188,-0.845232402679053,-56.936267709278795,1.5397792612636616,46.18495375118248,0.20689099899680946,-0.04876468643713107,0.00020257,0.050426900892553986,0.00049835,1,0.0
350,0.024212076821244016,0.0017469020363243314,-0.00032169,1.1211449964209517,4.787338469101568,-26.706690826131265,-0.0023016062189381405,6.898174981611476,0.08577636837209619,-65.69773649604863,-0.845232402679053,85.49556088668297,1.5397792612636616,32.22142913150739,0.20689099899680946,-0.025508345854128884,0.00020257,0.025588897642347497,0.00049835,1,0.0
351,0.22027522892982046,0.004454907590897152,-0.00032169,1.1211449964209517,4.787338469101568,-33.05403478005091,-0.0023016062189381405,9.484855839019305,0.08577636837209619,-30.208963713410412,-0.845232402679053,-43.13614275234083,1.5397792612636616,39.79674392807532,0.20689099899680946,-0.03567254215206215,0.00020257,0.035722750670785695,0.00049835,1,0.0
352,0.030779947256915297,0.0008466738822049328,-0.00032169,1.1211449964209517,4.787338469101568,-25.632136962059587,-0.0023016062189381405,4.612967886034686,0.08577636837209619,-59.39434181150633,-0.845232402679053,90.0958885598579,1.5397792612636616,29.830757218873234,0.20689099899680946,-0.012525681150647472,0.00020257,0.01252100556602232,0.00049835,1,0.0
353,0.5592431210788819,0.1388946773058238,-0.00032169,1.1211449964209517,4.787338469101568,99.99477388146158,-0.0023016062189381405,67.08052778609292,0.08577636837209619,-70.08697720604138,-0.845232402679053,-15.476712303603842,1.5397792612636616,-14.381169558127064,0.20689099899680946,0.3208563518263932,0.00020257,1.1318928674936364,0.00049835,0,0.0
354,0.021792122793458907,0.00125815155926998,-0.00032169,1.1211449964209517,4.787338469101568,-10.960632879374234,-0.0023016062189381405,3.0146763558281933,0.08577636837209619,-25.088349469029296,-0.845232402679053,49.135265744321686,1.5397792612636616,11.426671491912943,0.20689099899680946,-0.021514599439680537,0.00020257,0.02169328270813145,0.00049835,1,0.0
355,0.02359092279704505,0.0030922771373878125,-0.00032169,1.1211449964209517,4.787338469101568,-17.309456752705568,-0.0023016062189381405,1.7442310521748432,0.08577636837209619,-39.88806599464988,-0.845232402679053,98.31855384509075,1.5397792612636616,17.142200676285615,0.20689099899680946,-0.03399389596923815,0.00020257,0.03464166368856204,0.00049835,1,0.0
356,0.03919981818804336,0.004152019899430939,-0.00032169,1.1211449964209517,4.787338469101568,-5.685218230528241,-0.0023016062189381405,-3.8763242451864746,0.08577636837209619,-0.4737447677450765,-0.845232402679053,30.26504159185685,1.5397792612636616,3.808369641024888,0.20689099899680946,-0.033391834394365064,0.00020257,0.033117101455306025,0.00049835,1,0.0
357,0.558403397548846,0.13654380411861497,-0.00032169,1.1211449964209517,4.787338469101568,99.95631066233078,-0.0023016062189381405,77.41401719152647,0.08577636837209619,-99.98018472075648,-0.845232402679053,4.8477892824918785,1.5397792612636616,-7.603917572511193,0.20689099899680946,0.3153958602593392,0.00020257,1.2079822555290805,0.00049835,0,0.0
358,0.4074036203691215,0.015257208751536522,-0.00032169,1.1211449964209517,4.787338469101568,-72.13373478010229,-0.0023016062189381405,17.918170026390055,0.08577636837209619,-83.2368705499896,-0.845232402679053,-31.334004947830113,1.5397792612636616,86.494276851152,0.20689099899680946,-0.06359967050550203,0.00020257,0.0640303025790405,0.00049835,1,0.0
359,0.03271436302374805,0.0006453044938166295,-0.00032169,1.1211449964209517,4.787338469101568,-11.289721712207182,-0.0023016062189381405,1.1849579531077372,0.08577636837209619,-20.496048364512855,-0.845232402679053,32.329818730615564,1.5397792612636616,12.617811185647522,0.20689099899680946,-0.004986284673204336,0.00020257,0.0056633285436471234,0.00049835,1,0.0
360,0.07531528354387734,0.003990752711263416,-0.00032169,1.1211449964209517,4.787338469101568,-7.286752009672722,-0.0023016062189381405,4.774665428836543,0.08577636837209619,-0.14882264531032235,-0.845232402679053,-75.57244617480416,1.5397792612636616,12.265020687325753,0.20689099899680946,-0.044038017956612996,0.00020257,0.044070140874970645,0.00049835,1,0.0
361,0.08761788363923365,0.0018807629990940996,-0.00032169,1.1211449964209517,4.787338469101568,-31.24904017746504,-0.0023016062189381405,8.210907228165974,0.08577636837209619,-61.15579810656358,-0.845232402679053,61.30412179150791,1.5397792612636616,37.08390861143257,0.20689099899680946,-0.028993332462419284,0.00020257,0.02909760317656691,0.00049835,1,0.0
362,0.15679221627396528,0.002916566690833692,-0.00032169,1.1211449964209517,4.787338469101568,-39.67679666562379,-0.0023016062189381405,8.595653984224016,0.08577636837209619,-63.6990799491245,-0.845232402679053,53.75934706426361,1.5397792612636616,46.179281798098366,0.20689099899680946,-0.02730061630061165,0.00020257,0.027516630133947274,0.00049835,1,0.0
363,0.26921001219476104,0.008236767282184273,-0.00032169,1.1211449964209517,4.787338469101568,-51.32214084283737,-0.0023016062189381405,10.747987073545772,0.08577636837209619,-64.69016254850864,-0.845232402679053,25.535187942977505,1.5397792612636616,59.339789020196584,0.20689099899680946,-0.03313806169464353,0.00020257,0.03557152893065812,0.00049835,1,0.0
364,0.06496294961270672,0.0005565785182239603,-0.00032169,1.1211449964209517,4.787338469101568,-9.22765652669889,-0.0023016062189381405,3.1453109653853843,0.08577636837209619,-7.994684232120777,-0.845232402679053,-16.52701775035835,1.5397792612636616,11.265349386380514,0.20689099899680946,-0.012594868803562299,0.00020257,0.012775643909983259,0.00049835,1,0.0
365,0.06402070390327615,0.0009241841604711882,-0.00032169,1.1211449964209517,4.787338469101568,-23.401886319864868,-0.0023016062189381405,4.379964893147468,0.08577636837209619,-44.248371415474544,-0.845232402679053,47.41647876448626,1.5397792612636616,27.74414435679457,0.20689099899680946,-0.013245212768836504,0.00020257,0.013255062186718281,0.00049835,1,0.0
366,0.034156240431349516,0.00028381563222191385,-0.00032169,1.1211449964209517,4.787338469101568,-15.134851413396582,-0.0023016062189381405,2.9012641615762083,0.08577636837209619,-30.942285427280076,-0.845232402679053,41.72765782851856,1.5397792612636616,17.528163897429913,0.20689099899680946,-0.008539959105010934,0.00020257,0.008547104151594369,0.00049835,1,0.0
367,0.00310050826790529,0.0005448514873403209,-0.00032169,1.1211449964209517,4.787338469101568,-3.147792228218359,-0.0023016062189381405,-1.61930617510768,0.08577636837209619,-5.443558833243881,-0.845232402679053,20.130810977548332,1.5397792612636616,3.0012790113027807,0.20689099899680946,-0.010706611725448324,0.00020257,0.010702992032429873,0.00049835,1,0.0
368,0.12743988021807834,0.002378637328293994,-0.00032169,1.1211449964209517,4.787338469101568,-26.43250002300935,-0.0023016062189381405,3.1971418894552595,0.08577636837209619,-34.04024107750127,-0.845232402679053,33.08340322133216,1.5397792612636616,29.57020145421539,0.20689099899680946,-0.012917934910880467,0.00020257,0.013051461769778592,0.00049835,1,0.0
369,0.09692816146068493,0.0028965164181247094,-0.00032169,1.1211449964209517,4.787338469101568,-12.851948711020396,-0.0023016062189381405,6.64064572761861,0.08577636837209619,-10.60665010871737,-0.845232402679053,-53.044231527052,1.5397792612636616,17.585943158464428,0.20689099899680946,-0.03686220049553807,0.00020257,0.03677996598285052,0.00049835,1,0.0
370,0.27690060546878303,0.009965076372240126,-0.00032169,1.1211449964209517,4.787338469101568,-56.036630376440776,-0.0023016062189381405,14.65500771071529,0.08577636837209619,-75.22044176647324,-0.845232402679053,-14.988874294026528,1.5397792612636616,68.85565023154405,0.20689099899680946,-0.06087586700065241,0.00020257,0.06094531578388068,0.00049835,1,0.0
371,0.5755021465199757,0.027990934678792427,-0.00032169,1.1211449964209517,4.787338469101568,-86.08084802979106,-0.0023016062189381405,15.955156424790829,0.08577636837209619,-70.68508216346291,-0.845232402679053,-66.60300089491554,1.5397792612636616,99.99589736820904,0.20689099899680946,-0.04468583321984179,0.00020257,0.04495544360071213,0.00049835,1,0.0
372,0.09539838319552245,0.001678912704605421,-0.00032169,1.1211449964209517,4.787338469101568,-26.759014779142998,-0.0023016062189381405,6.94734969344496,0.08577636837209619,-46.34831108237256,-0.845232402679053,29.166253046641422,1.5397792612636616,32.32737284599603,0.20689099899680946,-0.02582755337765572,0.00020257,0.025978052842949313,0.00049835,1,0.0
373,0.03132627264330224,0.0014397256629168037,-0.00032169,1.1211449964209517,4.787338469101568,-15.560401052141126,-0.0023016062189381405,2.5158480406370742,0.08577636837209619,-32.83347206067561,-0.845232402679053,45.81657953925243,1.5397792612636616,18.272570283095746,0.20689099899680946,-0.004714484913056481,0.00020257,0.006829924906518443,0.00049835,1,0.0
374,0.1377405495824805,0.002696633872878738,-0.00032169,1.1211449964209517,4.787338469101568,-23.324711464276593,-0.0023016062189381405,6.423919903733537,0.08577636837209619,-25.149406426367694,-0.845232402679053,-32.51338125094288,1.5397792612636616,29.353314560432246,0.20689099899680946,-0.03115027974981969,0.00020257,0.031425885766093044,0.00049835,1,0.0
375,0.12765679374307365,0.0022329956502565897,-0.00032169,1.1211449964209517,4.787338469101568,-36.132885080214436,-0.0023016062189381405,6.367056386957659,0.08577636837209619,-60.78955852734474,-0.845232402679053,66.25960038968374,1.5397792612636616,41.6401326716941,0.20689099899680946,-0.017799250689847883,0.00020257,0.01802115627671224,0.00049835,1,0.0
376,0.0626682284335879,0.0026718700543569814,-0.00032169,1.1211449964209517,4.787338469101568,-18.803701443652542,-0.0023016062189381405,2.4106054057733655,0.08577636837209619,-30.47305457444781,-0.845232402679053,12.764856616219811,1.5397792612636616,23.592535307821418,0.20689099899680946,-0.022128385007788166,0.00020257,0.02231333469528212,0.00049835,1,0.0
377,0.2700979565678958,0.013618112084200232,-0.00032169,1.1211449964209517,4.787338469101568,-46.01380486039934,-0.0023016062189381405,16.45735711711842,0.08577636837209619,-53.52317031183112,-0.845232402679053,-76.5915729944749,1.5397792612636616,58.91747929117539,0.20689099899680946,-0.08036679505120901,0.00020257,0.08044204229863737,0.00049835,1,0.0
378,0.003992694152990918,0.0010704792945999643,-0.00032169,1.1211449964209517,4.787338469101568,-4.84575505856658,-0.0023016062189381405,1.1752630525174186,0.08577636837209619,-11.096465072064404,-0.845232402679053,-1.3771789695836558,1.5397792612636616,7.175115384542924,0.20689099899680946,-0.01819521954783843,0.00020257,0.018159266291953666,0.00049835,1,0.0
379,0.1590634852257284,0.004215148485872337,-0.00032169,1.1211449964209517,4.787338469101568,-35.70963055110875,-0.0023016062189381405,10.137173999016639,0.08577636837209619,-53.50212406305868,-0.845232402679053,1.9924446536410934,1.5397792612636616,44.049392191705294,0.20689099899680946,-0.042623505899218234,0.00020257,0.04269565166127372,0.00049835,1,0.0
380,0.016525693487018232,0.000890615467839508,-0.00032169,1.1211449964209517,4.787338469101568,-16.811944124089035,-0.0023016062189381405,2.380293698618249,0.08577636837209619,-39.14905934840306,-0.845232402679053,58.084208695825815,1.5397792612636616,19.916702592195975,0.20689099899680946,-0.006477369780235225,0.00020257,0.006892188065949756,0.00049835,1,0.0
381,0.19634154591207703,0.00496109684877934,-0.00032169,1.1211449964209517,4.787338469101568,-36.99647474864722,-0.0023016062189381405,10.8367430942276,0.08577636837209619,-47.33459134354038,-0.845232402679053,-17.641867269050806,1.5397792612636616,45.204710943081636,0.20689099899680946,-0.04345400431202237,0.00020257,0.04324897736523499,0.00049835,1,0.0
382,0.15072713059970838,0.005351936424474481,-0.00032169,1.1211449964209517,4.787338469101568,-19.784516264744862,-0.0023016062189381405,8.666042630519865,0.08577636837209619,-14.31540700483732,-0.845232402679053,-80.23292598098327,1.5397792612636616,26.8791363793896,0.20689099899680946,-0.0509448192050526,0.00020257,0.050904390054194185,0.00049835,1,0.0
383,0.30107277590399295,0.012687546564584174,-0.00032169,1.1211449964209517,4.787338469101568,-50.8476488402903,-0.0023016062189381405,13.418023112576684,0.08577636837209619,-54.21614790235504,-0.845232402679053,-69.55011343170499,1.5397792612636616,63.92119282879632,0.20689099899680946,-0.06522212822019707,0.00020257,0.06653567459217588,0.00049835,1,0.0
384,0.18272901812468248,0.004145637971391262,-0.00032169,1.1211449964209517,4.787338469101568,-40.23071920068979,-0.0023016062189381405,8.045730406028042,0.08577636837209619,-58.01857161381597,-0.845232402679053,48.69790363648664,1.5397792612636616,45.85655963834851,0.20689099899680946,-0.02787333883691794,0.00020257,0.0283764684465965,0.00049835,1,0.0
385,0.243388212312884,0.007549106526120165,-0.00032169,1.1211449964209517,4.787338469101568,-56.87157761853344,-0.0023016062189381405,13.593814673469446,0.08577636837209619,-85.9909414588551,-0.845232402679053,30.14902594338772,1.5397792612636616,68.66180039539545,0.20689099899680946,-0.050056855946855404,0.00020257,0.0501150896476845,0.00049835,1,0.0
386,0.006828081819871164,0.004302968962875746,-0.00032169,1.1211449964209517,4.787338469101568,-7.29924284879844,-0.0023016062189381405,-3.302061975011344,0.08577636837209619,-14.656993514508013,-0.845232402679053,72.68420350810462,1.5397792612636616,5.05039982026939,0.20689099899680946,-0.03846154098364114,0.00020257,0.03918976510339835,0.00049835,1,0.0
387,0.22751801811358968,0.005075071119554678,-0.00032169,1.1211449964209517,4.787338469101568,-47.30182361606077,-0.0023016062189381405,9.010434759583998,0.08577636837209619,-63.00012697723058,-0.845232402679053,25.210744133085484,1.5397792612636616,55.54841420066724,0.20689099899680946,-0.025966334519975723,0.00020257,0.025876866958438313,0.00049835,1,0.0
388,0.140209094202021,0.003472323670248794,-0.00032169,1.1211449964209517,4.787338469101568,-43.212546017061335,-0.0023016062189381405,6.80065943083336,0.08577636837209619,-75.62886971499476,-0.845232402679053,95.48961807670956,1.5397792612636616,49.353701696246,0.20689099899680946,-0.01893439305756881,0.00020257,0.019659525936918762,0.00049835,1,0.0
389,0.30805820441155407,0.012328910672589862,-0.00032169,1.1211449964209517,4.787338469101568,-54.29651752010183,-0.0023016062189381405,16.17848252416499,0.08577636837209619,-63.63816482497739,-0.845232402679053,-56.5920477448062,1.5397792612636616,67.53279345702795,0.20689099899680946,-0.07109012950601226,0.00020257,0.07100167919647554,0.00049835,1,0.0
390,0.4116838467509697,0.11495612068488546,-0.00032169,1.1211449964209517,4.787338469101568,99.9998406534816,-0.0023016062189381405,55.79928942486041,0.08577636837209619,-66.54818210248325,-0.845232402679053,71.88668072502527,1.5397792612636616,-26.641248638380052,0.20689099899680946,0.33394045687485363,0.00020257,0.9946405384242456,0.00049835,0,0.0
391,0.2917659366829762,0.007650298488020639,-0.00032169,1.1211449964209517,4.787338469101568,-36.59251000628439,-0.0023016062189381405,8.281082433764855,0.08577636837209619,-17.061559937985702,-0.845232402679053,-98.98839638270499,1.5397792612636616,45.0565398340978,0.20689099899680946,-0.036980062050401274,0.00020257,0.0366358303580538,0.00049835,1,0.0
392,0.4521521998617309,0.025016523829532587,-0.00032169,1.1211449964209517,4.787338469101568,-80.72397686461836,-0.0023016062189381405,22.763824091957375,0.08577636837209619,-95.05766941289106,-0.845232402679053,-73.40038597449706,1.5397792612636616,99.92188709670621,0.20689099899680946,-0.09825683099906747,0.00020257,0.09808065068769935,0.00049835,1,0.0
393,0.19453617699260606,0.003234458741084141,-0.00032169,1.1211449964209517,4.787338469101568,-32.602952357518824,-0.0023016062189381405,7.434318563333955,0.08577636837209619,-34.09186122587719,-0.845232402679053,-20.451905331895563,1.5397792612636616,38.93392217160086,0.20689099899680946,-0.025285574579829915,0.00020257,0.025376800114458437,0.00049835,1,0.0
394,0.13393739347933684,0.003855578106598337,-0.00032169,1.1211449964209517,4.787338469101568,-44.84855242784575,-0.0023016062189381405,10.927959734673873,0.08577636837209619,-84.27729234827731,-0.845232402679053,77.23064513312676,1.5397792612636616,53.518529997740025,0.20689099899680946,-0.038128667528230895,0.00020257,0.037953863274150304,0.00049835,1,0.0
395,0.38867465554170094,0.01601815345455334,-0.00032169,1.1211449964209517,4.787338469101568,-78.16779945166965,-0.0023016062189381405,15.215315918613241,0.08577636837209619,-99.98225283090893,-0.845232402679053,8.515749750179197,1.5397792612636616,93.64620930260972,0.20689099899680946,-0.05151734754437292,0.00020257,0.05184310993318871,0.00049835,1,0.0
396,0.04129486058302488,0.0003538480604284672,-0.00032169,1.1211449964209517,4.787338469101568,-7.647533226552079,-0.0023016062189381405,1.5928225717979982,0.08577636837209619,-9.392235856209163,-0.845232402679053,4.871033187055731,1.5397792612636616,8.682207009374517,0.20689099899680946,-0.005800611667105984,0.00020257,0.006118334381608333,0.00049835,1,0.0
397,0.005742757418272725,0.0015670169082209907,-0.00032169,1.1211449964209517,4.787338469101568,-15.114824357681965,-0.0023016062189381405,-0.5142884002446692,0.08577636837209619,-35.99193052041259,-0.845232402679053,87.50083486884618,1.5397792612636616,15.680663363024088,0.20689099899680946,-0.0195338039636107,0.00020257,0.01951410689357326,0.00049835,1,0.0
398,0.20422188650355838,0.004611167175144631,-0.00032169,1.1211449964209517,4.787338469101568,-34.7811833461829,-0.0023016062189381405,8.529789509146559,0.08577636837209619,-37.03679063230974,-0.845232402679053,-37.31498675437864,1.5397792612636616,42.92381663295437,0.20689099899680946,-0.03739677549039108,0.00020257,0.037358635733741874,0.00049835,1,0.0
399,0.09892938442211618,0.0029626391216926386,-0.00032169,1.1211449964209517,4.787338469101568,-42.810780213533455,-0.0023016062189381405,9.511824561428716,0.08577636837209619,-87.54716556486235,-0.845232402679053,99.18848778485668,1.5397792612636616,50.911246246448144,0.20689099899680946,-0.03137412527601583,0.00020257,0.03148360176505229,0.00049835,1,0.0
400,0.3336547446138049,0.021854286785624913,-0.00032169,2.1555968919717063,3.134572259162862,-36.63589262118145,-0.0023016062189381405,5.054550973137927,0.08577636837209619,-49.81079862698172,-0.845232402679053,19.139322454311323,1.5397792612636616,49.82341956528926,0.20689099899680946,-0.08668742219198652,0.00020257,0.08769376189344388,0.00049835,1,0.0
401,0.11637412441613938,0.01686343981604653,-0.00032169,2.1555968919717063,3.134572259162862,-55.22016586316555,-0.0023016062189381405,-0.3199966475678512,0.08577636837209619,-44.02901556387119,-0.845232402679053,60.932029527487416,1.5397792612636616,45.17965017457386,0.20689099899680946,-0.07934245058198289,0.00020257,0.07775839964694276,0.00049835,1,0.0
402,0.055196319314093856,0.04866846749940732,-0.00032169,2.1555968919717063,3.134572259162862,99.909691975374,-0.0023016062189381405,17.784261597253995,0.08577636837209619,-77.58935094183725,-0.845232402679053,26.5677346078,1.5397792612636616,-11.502806225822507,0.20689099899680946,0.43314105691359206,0.00020257,0.5823515285376784,0.00049835,0,0.0
403,0.18350238276289565,0.008956256241014527,-0.00032169,2.1555968919717063,3.134572259162862,-8.855939891320075,-0.0023016062189381405,2.68734366974672,0.08577636837209619,-11.911302347787913,-0.845232402679053,-7.644378020559785,1.5397792612636616,15.18987265163955,0.20689099899680946,-0.049259701686368125,0.00020257,0.05076057967893111,0.00049835,1,0.0
404,0.0006296928449041062,0.04566827648767304,-0.00032169,2.1555968919717063,3.134572259162862,59.133973793085126,-0.0023016062189381405,14.506442719856027,0.08577636837209619,-99.95235416058838,-0.845232402679053,83.24838340140194,1.5397792612636616,12.19919835627401,0.20689099899680946,0.4490771025137313,0.00020257,0.5562730392138429,0.00049835,0,0.0
405,0.013890648495758467,0.059031962984562286,-0.00032169,2.1555968919717063,3.134572259162862,-57.73079565663558,-0.0023016062189381405,0.9356647623444286,0.08577636837209619,-48.7493362040892,-0.845232402679053,75.44388798496392,1.5397792612636616,41.35866280379635,0.20689099899680946,-0.16088193634582798,0.00020257,0.16558379500288956,0.00049835,1,0.0
406,0.12062562811971742,0.0024138208205613555,-0.00032169,2.1555968919717063,3.134572259162862,-26.326512087134486,-0.0023016062189381405,1.7932052627894586,0.08577636837209619,-32.66213737474895,-0.845232402679053,26.45059440830992,1.5397792612636616,30.09129460651506,0.20689099899680946,-0.02373191777195735,0.00020257,0.023910080276622725,0.00049835,1,0.0
407,0.2041640346555668,0.007706205422642788,-0.00032169,2.1555968919717063,3.134572259162862,-25.499869376767624,-0.0023016062189381405,2.678552916507993,0.08577636837209619,-32.997004786448024,-0.845232402679053,16.281709121790943,1.5397792612636616,33.292203396810834,0.20689099899680946,-0.04624420920625946,0.00020257,0.046820349225857844,0.00049835,1,0.0
408,0.592040665943522,0.04650369132944937,-0.00032169,2.1555968919717063,3.134572259162862,-92.5873485421327,-0.0023016062189381405,6.001467359011273,0.08577636837209619,-92.19117923502873,-0.845232402679053,64.16163255571752,1.5397792612636616,99.48860220267585,0.20689099899680946,-0.08695770353566627,0.00020257,0.09115624070980126,0.00049835,1,0.0
409,0.00017780393399791095,0.031698837359782066,-0.00032169,2.1555968919717063,3.134572259162862,89.9005721447594,-0.0023016062189381405,19.527660263751102,0.08577636837209619,-97.859868601365,-0.845232402679053,50.1664613359017,1.5397792612636616,-1.6073814896981504,0.20689099899680946,0.44185393881472446,0.00020257,0.5749604175515672,0.00049835,0,0.0
410,0.0013748934668491586,0.04532316583354809,-0.00032169,2.1555968919717063,3.134572259162862,61.58369662786045,-0.0023016062189381405,14.622848914043113,0.08577636837209619,-95.54576432444581,-0.845232402679053,79.2736974100145,1.5397792612636616,8.465010687819765,0.20689099899680946,0.44958827095416204,0.00020257,0.5637945100066302,0.00049835,0,0.0
411,-0.00016325481971712907,0.11061753934692652,-0.00032169,2.1555968919717063,3.134572259162862,90.26858354771903,-0.0023016062189381405,9.218767955893602,0.08577636837209619,-39.36024939693334,-0.845232402679053,41.02405068279968,1.5397792612636616,-29.422997402933984,0.20689099899680946,0.36900759189646326,0.00020257,0.7571200375865539,0.00049835,0,0.0
412,0.11974419918481226,0.008792273661241034,-0.00032169,2.1555968919717063,3.134572259162862,-15.222724121095776,-0.0023016062189381405,0.016267318528263103,0.08577636837209619,-3.1045600910143665,-0.845232402679053,3.1376466791333115,1.5397792612636616,10.629926338900985,0.20689099899680946,-0.040048688650898244,0.00020257,0.0435742018639468,0.00049835,1,0.0
413,0.40867552027655507,0.02034911625863335,-0.00032169,2.1555968919717063,3.134572259162862,-90.76151720125692,-0.0023016062189381405,3.6483454466060428,0.08577636837209619,-93.23900949755168,-0.845232402679053,84.36310296086532,1.5397792612636616,93.83384707036399,0.20689099899680946,-0.04096537588194712,0.00020257,0.040927501157539035,0.00049835,1,0.0
414,0.07909551455088035,0.002365429306318099,-0.00032169,2.1555968919717063,3.134572259162862,-7.168652508865875,-0.0023016062189381405,1.3566250793845696,0.08577636837209619,-8.353033913993164,-0.845232402679053,1.1578778251506625,1.5397792612636616,8.973470445994757,0.20689099899680946,-0.02684239886371714,0.00020257,0.0272272311897775,0.00049835,1,0.0
415,0.24725147753849736,0.020454311193120356,-0.00032169,2.1555968919717063,3.134572259162862,-0.6284530678465348,-0.0023016062189381405,3.13807757747494,0.08577636837209619,-0.07672300990165257,-0.845232402679053,-27.872383164349422,1.5397792612636616,8.384582878224146,0.20689099899680946,-0.057475646341917944,0.00020257,0.06470344656679168,0.00049835,1,0.0
416,0.10299551163111109,0.029992736462822467,-0.00032169,2.1555968919717063,3.134572259162862,22.470955276007974,-0.0023016062189381405,4.2246699729618955,0.08577636837209619,-0.20224158462326086,-0.845232402679053,-35.08932924969479,1.5397792612636616,-4.115216761110365,0.20689099899680946,-0.11734287621596023,0.00020257,0.12017085786071496,0.00049835,1,0.0
417,0.08015560416278968,0.007885701925777948,-0.00032169,2.1555968919717063,3.134572259162862,-12.367573119700317,-0.0023016062189381405,1.362814075121245,0.08577636837209619,-21.8908398258341,-0.845232402679053,12.776397672308146,1.5397792612636616,19.142251698602184,0.20689099899680946,-0.04442877100589992,0.00020257,0.04295962003962698,0.00049835,1,0.0
418,1.585919996782703e-05,0.04847916537832598,-0.00032169,2.1555968919717063,3.134572259162862,62.64629669834778,-0.0023016062189381405,13.803253019161902,0.08577636837209619,-96.231881470242,-0.845232402679053,80.66422794312219,1.5397792612636616,9.687697996276995,0.20689099899680946,0.436707873518603,0.00020257,0.5855237986004669,0.00049835,0,0.0
419,0.1095514467567657,0.003972663704480813,-0.00032169,2.1555968919717063,3.134572259162862,-32.80774733345669,-0.0023016062189381405,1.4592793300410363,0.08577636837209619,-40.96028053609343,-0.845232402679053,38.20385622419486,1.5397792612636616,36.670721876244095,0.20689099899680946,-0.01893821355723565,0.00020257,0.019066975727054507,0.00049835,1,0.0
420,0.37343258272046836,0.019846733351517893,-0.00032169,2.1555968919717063,3.134572259162862,-35.35336859854061,-0.0023016062189381405,1.4895787018384976,0.08577636837209619,-21.42390180802109,-0.845232402679053,2.638083135113664,1.5397792612636616,37.54375660508383,0.20689099899680946,-0.013329977328451174,0.00020257,0.013492878392059314,0.00049835,1,0.0
421,0.177731134279074,0.013276707209558812,-0.00032169,2.1555968919717063,3.134572259162862,-45.62634336509154,-0.0023016062189381405,2.191412719758045,0.08577636837209619,-57.159454124835506,-0.845232402679053,51.34094219701174,1.5397792612636616,51.9926610185626,0.20689099899680946,-0.02348868526375721,0.00020257,0.03297283366006852,0.00049835,1,0.0
422,0.10017346135275762,0.023957067162339498,-0.00032169,2.1555968919717063,3.134572259162862,16.48831271967937,-0.0023016062189381405,4.175224402649977,0.08577636837209619,-0.013740878461490802,-0.845232402679053,-29.11216116744901,1.5397792612636616,-3.534966132151395,0.20689099899680946,-0.08910382758279639,0.00020257,0.09626045684683832,0.00049835,1,0.0
423,0.3224521037272974,0.01563751647147567,-0.00032169,2.1555968919717063,3.134572259162862,-53.32041349684783,-0.0023016062189381405,1.9296868510643077,0.08577636837209619,-44.37527259530693,-0.845232402679053,35.59081900423221,1.5397792612636616,52.68197373980652,0.20689099899680946,-0.037566002883220775,0.00020257,0.036512888504650245,0.00049835,1,0.0
424,0.03389929319629048,0.0714319224204806,-0.00032169,2.1555968919717063,3.134572259162862,45.473691499143044,-0.0023016062189381405,12.620591380593934,0.08577636837209619,-99.90546640059107,-0.845232402679053,98.09508838178571,1.5397792612636616,17.70851919152423,0.20689099899680946,0.39997998947993785,0.00020257,0.6461198754806075,0.00049835,0,0.0
425,0.042124721952995575,0.010703813255890208,-0.00032169,2.1555968919717063,3.134572259162862,-59.63339877973582,-0.0023016062189381405,2.831124139597776,0.08577636837209619,-82.41882361265692,-0.845232402679053,89.8521857488968,1.5397792612636616,63.53267580194477,0.20689099899680946,-0.029501203910348477,0.00020257,0.0308278378754538,0.00049835,1,0.0
426,0.036039256747064874,0.09621177993686462,-0.00032169,2.1555968919717063,3.134572259162862,46.33834002001994,-0.0023016062189381405,5.209975004176695,0.08577636837209619,-0.07483370589205852,-0.845232402679053,-33.0563938164419,1.5397792612636616,-17.411976849769538,0.20689099899680946,-0.011643418978391176,0.00020257,0.1927530486334697,0.00049835,1,0.0
427,0.0430233862501858,0.001971786826492405,-0.00032169,2.1555968919717063,3.134572259162862,-12.865948846618945,-0.0023016062189381405,0.6084867015149953,0.08577636837209619,-16.236929005372144,-0.845232402679053,15.309680635709764,1.5397792612636616,14.37521605421867,0.20689099899680946,-0.004565341062349061,0.00020257,0.007491106267523762,0.00049835,1,0.0
428,0.001763091425351082,0.08469540340350307,-0.00032169,2.1555968919717063,3.134572259162862,45.714343501990754,-0.0023016062189381405,7.08623360322975,0.08577636837209619,-2.02662547772627,-0.845232402679053,-45.35301096267475,1.5397792612636616,-16.52959831563394,0.20689099899680946,-0.1695085775721099,0.00020257,0.19515333704394988,0.00049835,1,0.0
429,0.12095411127751855,0.017561551271487695,-0.00032169,2.1555968919717063,3.134572259162862,10.9753979325031,-0.0023016062189381405,3.4759043009048485,0.08577636837209619,-4.946886140110909,-0.845232402679053,-23.412663505345236,1.5397792612636616,2.9497705253112914,0.20689099899680946,-0.08891822856928983,0.00020257,0.09077985434612929,0.00049835,1,0.0
430,0.002639825856852407,0.12780783209025762,-0.00032169,2.1555968919717063,3.134572259162862,99.97358666670064,-0.0023016062189381405,10.497417608746417,0.08577636837209619,-15.47782289308716,-0.845232402679053,-13.57803956741785,1.5397792612636616,-40.7302843870747,0.20689099899680946,0.3544336139206785,0.00020257,0.4525174098939244,0.00049835,0,0.0
431,0.0001451072327348646,0.06553086392076897,-0.00032169,2.1555968919717063,3.134572259162862,99.63283658292771,-0.0023016062189381405,12.553686106977905,0.08577636837209619,-47.09909630934968,-0.845232402679053,23.799784956436167,1.5397792612636616,-28.004634487164687,0.20689099899680946,0.42898017421100576,0.00020257,0.6035644827423532,0.00049835,0,0.0
432,0.1870369872200482,0.021873534010090956,-0.00032169,2.1555968919717063,3.134572259162862,12.15835807883236,-0.0023016062189381405,3.9179882200895366,0.08577636837209619,-0.2624581275739518,-0.845232402679053,-34.45205291134032,1.5397792612636616,2.4281007082049975,0.20689099899680946,-0.0963176763675514,0.00020257,0.09691207097146698,0.00049835,1,0.0
433,0.001312125416693899,0.14045155748271398,-0.00032169,2.1555968919717063,3.134572259162862,99.4710810181177,-0.0023016062189381405,10.247792331143591,0.08577636837209619,-6.570059855883189,-0.845232402679053,-26.14023401704044,1.5397792612636616,-44.188180622854695,0.20689099899680946,0.33212513868966226,0.00020257,0.38692990833429547,0.00049835,0,0.0
434,0.03725745220291579,0.01637569016773594,-0.00032169,2.1555968919717063,3.134572259162862,-23.72752790296041,-0.0023016062189381405,-2.720005457864911,0.08577636837209619,-4.184630988156887,-0.845232402679053,22.44972349033115,1.5397792612636616,12.472834082923097,0.20689099899680946,-0.07675280233398432,0.00020257,0.07505050014381082,0.00049835,1,0.0
435,0.1988911162692285,0.004980226304915297,-0.00032169,2.1555968919717063,3.134572259162862,-31.129134627227657,-0.0023016062189381405,1.5976913124694319,0.08577636837209619,-31.471415789783745,-0.845232402679053,22.215238712404155,1.5397792612636616,34.42037743032028,0.20689099899680946,-0.017677875507168577,0.00020257,0.017879053486165402,0.00049835,1,0.0
436,0.0004934601231649793,0.054720000430250715,-0.00032169,2.1555968919717063,3.134572259162862,52.2878214516113,-0.0023016062189381405,14.082179540457412,0.08577636837209619,-99.41661282821592,-0.845232402679053,93.74666955627147,1.5397792612636616,12.36621267069371,0.20689099899680946,0.4171328185100658,0.00020257,0.6310979897418278,0.00049835,0,0.0
437,0.09601750502638155,0.016506311777407617,-0.00032169,2.1555968919717063,3.134572259162862,-38.5379329353476,-0.0023016062189381405,0.16694341035292348,0.08577636837209619,-30.440497493552932,-0.845232402679053,41.62821631103309,1.5397792612636616,31.209975404012766,0.20689099899680946,-0.06327166659278434,0.00020257,0.07481215581015081,0.00049835,1,0.0
438,0.004489357096382651,0.0987691699959802,-0.00032169,2.1555968919717063,3.134572259162862,-22.506032768694578,-0.0023016062189381405,9.747427397364369,0.08577636837209619,-94.25486071531033,-0.845232402679053,65.57292771493215,1.5397792612636616,52.16348477541616,0.20689099899680946,-0.13497346675558583,0.00020257,0.2016670926694953,0.00049835,1,0.0
439,0.004589995602872099,0.05545915278643535,-0.00032169,2.1555968919717063,3.134572259162862,56.75080934119331,-0.0023016062189381405,14.674600521449113,0.08577636837209619,-94.99657708768355,-0.845232402679053,85.16188339429642,1.5397792612636616,8.300675799661347,0.20689099899680946,0.41903125904271554,0.00020257,0.617694511567738,0.00049835,0,0.0
440,0.022173439158144848,0.0020613615893208077,-0.00032169,2.1555968919717063,3.134572259162862,-23.606185170531344,-0.0023016062189381405,1.3865941136582574,0.08577636837209619,-33.018910592255715,-0.845232402679053,34.951811790595976,1.5397792612636616,25.303917726702355,0.20689099899680946,-0.018275592231561905,0.00020257,0.01929273105598889,0.00049835,1,0.0
441,0.6024390412975755,0.19068142967822932,-0.00032169,2.1555968919717063,3.134572259162862,92.2517430404913,-0.0023016062189381405,26.356326026318442,0.08577636837209619,-99.5375999861848,-0.845232402679053,-14.0376713850465,1.5397792612636616,19.040302859921354,0.20689099899680946,0.35932286355631127,0.00020257,0.7298820149739644,0.00049835,0,0.0
442,0.07741382752633526,0.0023335690759259844,-0.00032169,2.1555968919717063,3.134572259162862,-38.47330392528763,-0.0023016062189381405,1.4321170732908444,0.08577636837209619,-45.302370795558616,-0.845232402679053,48.91212204973199,1.5397792612636616,38.8458558967391,0.20689099899680946,-0.02078930392547834,0.00020257,0.0208241589860363,0.00049835,1,0.0
443,0.0014086551166941907,0.15288140203282347,-0.00032169,2.1555968919717063,3.134572259162862,98.60132479282763,-0.0023016062189381405,10.369518634668161,0.08577636837209619,-0.08829682994696239,-0.845232402679053,-41.747372877666734,1.5397792612636616,-45.3148751571555,0.20689099899680946,0.23581415037702036,0.00020257,0.3535646190939846,0.00049835,0,0.0
444,0.3557651426851365,0.01877834040846141,-0.00032169,2.1555968919717063,3.134572259162862,-51.67321548845907,-0.0023016062189381405,2.117929343607612,0.08577636837209619,-42.111735236526656,-0.845232402679053,29.185975016387705,1.5397792612636616,52.37998246817653,0.20689099899680946,-0.03298823272471844,0.00020257,0.03128548242236132,0.00049835,1,0.0
445,0.00824623533490465,0.03293318863841835,-0.00032169,2.1555968919717063,3.134572259162862,87.42230884927363,-0.0023016062189381405,19.567198370133948,0.08577636837209619,-99.78699450539942,-0.845232402679053,52.85330041592513,1.5397792612636616,0.3686974846184699,0.20689099899680946,0.4475143028157755,0.00020257,0.5726433840885283,0.00049835,0,0.0
446,-8.530091848824028e-05,0.06853878085766744,-0.00032169,2.1555968919717063,3.134572259162862,55.425609608720364,-0.0023016062189381405,11.845034063393323,0.08577636837209619,-92.91791891073414,-0.845232402679053,92.81638945913883,1.5397792612636616,10.000311143712956,0.20689099899680946,0.4002823391991893,0.00020257,0.675427506806057,0.00049835,0,0.0
447,0.016715426721425453,0.10217187314873041,-0.00032169,2.1555968919717063,3.134572259162862,42.100776189098205,-0.0023016062189381405,4.664031738270985,0.08577636837209619,-6.205900132296877,-0.845232402679053,-18.99357486928098,1.5397792612636616,-13.935496502910254,0.20689099899680946,0.032356118425145644,0.00020257,0.19322924868758373,0.00049835,0,0.0
448,0.01601840025722579,0.006116751349988876,-0.00032169,2.1555968919717063,3.134572259162862,-34.93534073009884,-0.0023016062189381405,-0.7092579687202587,0.08577636837209619,-30.838362126649226,-0.845232402679053,46.78400188802248,1.5397792612636616,28.31303929448864,0.20689099899680946,-0.0480091802129122,0.00020257,0.04789521874701817,0.00049835,1,0.0
449,0.5296138301711975,0.11756224223319056,-0.00032169,2.1555968919717063,3.134572259162862,0.42542790349846815,-0.0023016062189381405,9.773105527983658,0.08577636837209619,-29.43098885785319,-0.845232402679053,-49.385588904826825,1.5397792612636616,33.364243467858245,0.20689099899680946,-0.2100471753215907,0.00020257,0.2218786420786142,0.00049835,1,0.0
450,0.041088654518692334,0.004624316247394006,-0.00032169,2.1555968919717063,3.134572259162862,-35.949380282932914,-0.0023016062189381405,-0.15545490688166513,0.08577636837209619,-36.507881980640406,-0.845232402679053,47.615612481389874,1.5397792612636616,32.83503341453444,0.20689099899680946,-0.025657789670449557,0.00020257,0.026615737906336027,0.00049835,1,0.0
451,0.35145894292980034,0.01581257504432641,-0.00032169,2.1555968919717063,3.134572259162862,-79.53238635389725,-0.0023016062189381405,4.374144347220937,0.08577636837209619,-90.37908767077322,-0.845232402679053,77.93971385541883,1.5397792612636616,86.08289871070562,0.20689099899680946,-0.05252286863091647,0.00020257,0.052631481878491856,0.00049835,1,0.0
452,0.15422621617264964,0.005181958768841772,-0.00032169,2.1555968919717063,3.134572259162862,-44.94591703378996,-0.0023016062189381405,2.175260513926435,0.08577636837209619,-50.123262590021604,-0.845232402679053,48.69100721898535,1.5397792612636616,46.0256130762378,0.20689099899680946,-0.03364096149644827,0.00020257,0.036049103765190244,0.00049835,1,0.0
453,0.32038713200790414,0.08893114140048815,-0.00032169,2.1555968919717063,3.134572259162862,99.97128367333772,-0.0023016062189381405,23.387165167387955,0.08577636837209619,-99.80700053443334,-0.845232402679053,11.741317862422761,1.5397792612636616,7.577824682000206,0.20689099899680946,0.392139443937081,0.00020257,0.6960636483655557,0.00049835,0,0.0
454,0.10823032372883157,0.002193901759520863,-0.00032169,2.1555968919717063,3.134572259162862,-10.288933255050493,-0.0023016062189381405,1.450902733692501,0.08577636837209619,-12.745026968059818,-0.845232402679053,3.1724081968124107,1.5397792612636616,13.858628617340568,0.20689099899680946,-0.024561824488259637,0.00020257,0.024895610096583837,0.00049835,1,0.0
455,0.004693589845929935,0.052936854654482744,-0.00032169,2.1555968919717063,3.134572259162862,77.88008381269246,-0.0023016062189381405,13.737398181903897,0.08577636837209619,-76.6004040747037,-0.845232402679053,55.36254264409765,1.5397792612636616,-5.521667064702233,0.20689099899680946,0.44162906788187706,0.00020257,0.5725471601741985,0.00049835,0,0.0
456,0.18512828088048483,0.0049720778521757025,-0.00032169,2.1555968919717063,3.134572259162862,-48.87675690164058,-0.0023016062189381405,1.6759904710392568,0.08577636837209619,-51.41452031922406,-0.845232402679053,50.05056019872964,1.5397792612636616,49.930678113212494,0.20689099899680946,-0.017232852523680425,0.00020257,0.017468457946644866,0.00049835,1,0.0
457,0.028149194742476236,0.15688622993468107,-0.00032169,2.1555968919717063,3.134572259162862,99.1434500749102,-0.0023016062189381405,8.880338956873004,0.08577636837209619,-15.102944808815721,-0.845232402679053,17.277744579438853,1.5397792612636616,-45.3427027801839,0.20689099899680946,0.34801480547349717,0.00020257,0.7755241865838619,0.00049835,0,0.0
458,0.1545838063337685,0.03516847416489719,-0.00032169,2.1555968919717063,3.134572259162862,-5.177142962612425,-0.0023016062189381405,4.894927835938173,0.08577636837209619,-33.975634705656546,-0.845232402679053,1.1131965509994415,1.5397792612636616,25.070196231696777,0.20689099899680946,-0.12660212215265415,0.00020257,0.12497662688782868,0.00049835,1,0.0
459,0.40798309965154367,0.028391626203963263,-0.00032169,2.1555968919717063,3.134572259162862,-13.067120705649607,-0.0023016062189381405,2.2591720330416956,0.08577636837209619,-0.9373648459384932,-0.845232402679053,-32.65019822255887,1.5397792612636616,20.823759385863315,0.20689099899680946,-0.0472610006051119,0.00020257,0.047367936223848495,0.00049835,1,0.0
460,0.020230374290069797,0.015799808583105215,-0.00032169,2.1555968919717063,3.134572259162862,-63.49790463563833,-0.0023016062189381405,4.034323515721428,0.08577636837209619,-93.46128361601866,-0.845232402679053,99.94014916486006,1.5397792612636616,68.79770596071701,0.20689099899680946,-0.05683870495940835,0.00020257,0.05653732536207984,0.00049835,1,0.0
461,0.009578243521207175,0.0609552318683932,-0.00032169,2.1555968919717063,3.134572259162862,99.98226669334755,-0.0023016062189381405,14.24261575182601,0.08577636837209619,-49.73682428622807,-0.845232402679053,19.60603524546277,1.5397792612636616,-27.620348143227787,0.20689099899680946,0.4640924601804192,0.00020257,0.5443211409688519,0.00049835,0,0.0
462,0.01540553269896816,0.08085285448943828,-0.00032169,2.1555968919717063,3.134572259162862,43.25876921994533,-0.0023016062189381405,5.714453706189891,0.08577636837209619,-1.3552705978994624,-0.845232402679053,-34.72403819207293,1.5397792612636616,-16.153028818292306,0.20689099899680946,-0.06495812982380338,0.00020257,0.17848932921876737,0.00049835,1,0.0
463,0.33358990628455437,0.028115828139934483,-0.00032169,2.1555968919717063,3.134572259162862,-50.532086822469765,-0.0023016062189381405,-0.20006802449025907,0.08577636837209619,-24.40706460425347,-0.845232402679053,23.75627661936989,1.5397792612636616,42.27274035770375,0.20689099899680946,-0.06563634779302953,0.00020257,0.06547869694795265,0.00049835,1,0.0
464,0.0045521996496175055,0.05889248580258309,-0.00032169,2.1555968919717063,3.134572259162862,92.80856392288938,-0.0023016062189381405,13.586548851210026,0.08577636837209619,-58.02055883220156,-0.845232402679053,33.077180284860596,1.5397792612636616,-20.510628339106464,0.20689099899680946,0.4477555022606133,0.00020257,0.5744776413632336,0.00049835,0,0.0
465,-0.00013624985577065374,0.0396135962582896,-0.00032169,2.1555968919717063,3.134572259162862,99.94536077604273,-0.0023016062189381405,18.051114725398957,0.08577636837209619,-77.10008091729368,-0.845232402679053,31.011755861160363,1.5397792612636616,-14.988192405078987,0.20689099899680946,0.4554757604518211,0.00020257,0.5532617791997787,0.00049835,0,0.0
466,0.05704948316400826,0.0287536924298181,-0.00032169,2.1555968919717063,3.134572259162862,23.088060746616396,-0.0023016062189381405,4.639157377096697,0.08577636837209619,-0.09029701578962057,-0.845232402679053,-31.522493634880984,1.5397792612636616,-7.30348545153897,0.20689099899680946,-0.11010889379565757,0.00020257,0.11204709207219958,0.00049835,1,0.0
467,-0.0017700764035979422,0.05371871334057161,-0.00032169,2.1555968919717063,3.134572259162862,55.28475462896257,-0.0023016062189381405,14.221039621382602,0.08577636837209619,-99.92511517027825,-0.845232402679053,90.49272545209949,1.5397792612636616,12.189778370095766,0.20689099899680946,0.43392824788552264,0.00020257,0.6046949771476648,0.00049835,0,0.0
468,0.21816647276022216,0.07988353067627219,-0.00032169,2.1555968919717063,3.134572259162862,99.88025079445197,-0.0023016062189381405,19.349859625267925,0.08577636837209619,-80.54388524747799,-0.845232402679053,11.786569163072954,1.5397792612636616,-3.7672166158174156,0.20689099899680946,0.40746964885144776,0.00020257,0.6309124414825849,0.00049835,0,0.0
469,0.08763278250581039,0.03850064881907769,-0.00032169,2.1555968919717063,3.134572259162862,26.55883039091895,-0.0023016062189381405,4.253925102764587,0.08577636837209619,-0.16633598277561182,-0.845232402679053,-36.89599859986531,1.5397792612636616,-5.684318931545322,0.20689099899680946,-0.13059600348567163,0.00020257,0.1363320030222256,0.00049835,1,0.0
470,-0.001853651867622541,0.06135404922091791,-0.00032169,2.1555968919717063,3.134572259162862,50.95309828702655,-0.0023016062189381405,12.825365730905347,0.08577636837209619,-99.466815148935,-0.845232402679053,96.27295393194403,1.5397792612636616,14.43966757450276,0.20689099899680946,0.4112365045796832,0.00020257,0.6330311269226928,0.00049835,0,0.0
471,0.17455039551824017,0.01504892460044979,-0.00032169,2.1555968919717063,3.134572259162862,7.41083083768586,-0.0023016062189381405,3.112174099863307,0.08577636837209619,-2.075786413702813,-0.845232402679053,-27.0853590023122,1.5397792612636616,4.930864194200364,0.20689099899680946,-0.07993157259605974,0.00020257,0.080029295574337,0.00049835,1,0.0
472,0.00025210582360624123,0.06003902321228185,-0.00032169,2.1555968919717063,3.134572259162862,99.97629213674283,-0.0023016062189381405,14.732824040309517,0.08577636837209619,-50.66385552070188,-0.845232402679053,19.954776340643022,1.5397792612636616,-28.056028266303137,0.20689099899680946,0.4699412308864625,0.00020257,0.5328738014046984,0.00049835,0,0.0
473,0.38677536629397613,0.022091249168215785,-0.00032169,2.1555968919717063,3.134572259162862,-72.4754837899698,-0.0023016062189381405,2.395396411171836,0.08577636837209619,-62.044222334024425,-0.845232402679053,55.013583476178326,1.5397792612636616,70.37526571027549,0.20689099899680946,-0.055459317281695064,0.00020257,0.055257857498232754,0.00049835,1,0.0
474,0.19619151386552922,0.008741529723221557,-0.00032169,2.1555968919717063,3.134572259162862,-53.49713002597833,-0.0023016062189381405,0.532854428077291,0.08577636837209619,-48.64196996414063,-0.845232402679053,52.880500751782094,1.5397792612636616,50.986286432988294,0.20689099899680946,-0.025117035879525042,0.00020257,0.025776348032412837,0.00049835,1,0.0
475,0.24357819430631028,0.020564238989718257,-0.00032169,2.1555968919717063,3.134572259162862,-41.403265210744266,-0.0023016062189381405,-1.1439402663466913,0.08577636837209619,-19.594143863435157,-0.845232402679053,23.78086301430142,1.5397792612636616,34.151429674661806,0.20689099899680946,-0.05293468910245478,0.00020257,0.056090266545004534,0.00049835,1,0.0
476,0.09270036272221727,0.015341160989701182,-0.00032169,2.1555968919717063,3.134572259162862,-68.4072930255505,-0.0023016062189381405,4.406292056986337,0.08577636837209619,-98.44007304316683,-0.845232402679053,99.08367263334314,1.5397792612636616,76.2277041184036,0.20689099899680946,-0.05709307421652854,0.00020257,0.05697849674520872,0.00049835,1,0.0
477,0.002958292664868356,0.12650102765703813,-0.00032169,2.1555968919717063,3.134572259162862,21.68796499135375,-0.0023016062189381405,8.576459266251183,0.08577636837209619,-60.42372631620355,-0.845232402679053,44.10947705817138,1.5397792612636616,14.839149957832943,0.20689099899680946,0.17985459130168244,0.00020257,0.2379745637159242,0.00049835,0,0.0
478,0.1499471940822628,0.00378595195986167,-0.00032169,2.1555968919717063,3.134572259162862,-38.063770602037216,-0.0023016062189381405,2.514195588360974,0.08577636837209619,-47.146934730103524,-0.845232402679053,40.7911750223684,1.5397792612636616,42.28463416948723,0.20689099899680946,-0.03341254355556407,0.00020257,0.03339506715956579,0.00049835,1,0.0
479,0.007469025948831143,0.07440006514385908,-0.00032169,2.1555968919717063,3.134572259162862,96.77826754441443,-0.0023016062189381405,13.504539798111672,0.08577636837209619,-46.083311215430285,-0.845232402679053,18.324333444561827,1.5397792612636616,-27.812925134051444,0.20689099899680946,0.4432141852856438,0.00020257,0.532318559830616,0.00049835,0,0.0
480,0.2990451896282178,0.0882100641657833,-0.00032169,2.1555968919717063,3.134572259162862,90.85204856290702,-0.0023016062189381405,22.11191857510537,0.08577636837209619,-95.8786450544057,-0.845232402679053,18.09550297610581,1.5397792612636616,7.881847624351982,0.20689099899680946,0.4135258610667069,0.00020257,0.6410634756544489,0.00049835,0,0.0
481,0.04163309233965526,0.009503215255761716,-0.00032169,2.1555968919717063,3.134572259162862,-64.75123645309436,-0.0023016062189381405,2.4670218788019525,0.08577636837209619,-83.47797696281522,-0.845232402679053,95.32119052215073,1.5397792612636616,65.57129827415277,0.20689099899680946,-0.035098673776319325,0.00020257,0.03525050254159341,0.00049835,1,0.0
482,0.0396494710764535,0.007266219866717148,-0.00032169,2.1555968919717063,3.134572259162862,-0.3473460143361575,-0.0023016062189381405,2.5764992342503237,0.08577636837209619,-14.798673082867968,-0.845232402679053,1.4405738295538406,1.5397792612636616,8.431576527635992,0.20689099899680946,-0.05298979792324163,0.00020257,0.0554006748506877,0.00049835,1,0.0
483,0.007921003304317553,0.05153038903171739,-0.00032169,2.1555968919717063,3.134572259162862,96.18921776418293,-0.0023016062189381405,14.943097268703998,0.08577636837209619,-63.27436947225446,-0.845232402679053,29.02904721230196,1.5397792612636616,-18.722290903783012,0.20689099899680946,0.45761792607018364,0.00020257,0.5446475862841859,0.00049835,0,0.0
484,0.02096970317667375,0.010732591584075198,-0.00032169,2.1555968919717063,3.134572259162862,-35.513213812370864,-0.0023016062189381405,-1.6551248693953247,0.08577636837209619,-25.210078474835186,-0.845232402679053,44.92223420908666,1.5397792612636616,26.177796039444733,0.20689099899680946,-0.06490145264782388,0.00020257,0.06554543927724366,0.00049835,1,0.0
485,0.6379781060265626,0.06049219843070645,-0.00032169,2.1555968919717063,3.134572259162862,-91.67008610431449,-0.0023016062189381405,1.913519831124309,0.08577636837209619,-66.34677644664414,-0.845232402679053,49.167619289619104,1.5397792612636616,90.15129236985223,0.20689099899680946,-0.031220443721025365,0.00020257,0.03293068775232694,0.00049835,1,0.0
486,0.377277825662548,0.017689837183530573,-0.00032169,2.1555968919717063,3.134572259162862,-64.59270805152622,-0.0023016062189381405,3.3589967165515042,0.08577636837209619,-66.18369673010994,-0.845232402679053,50.06109661875308,1.5397792612636616,70.1205939437425,0.20689099899680946,-0.03810170602046945,0.00020257,0.03732757705581056,0.00049835,1,0.0
487,0.33819974060673297,0.02649923690835495,-0.00032169,2.1555968919717063,3.134572259162862,-75.69115749889583,-0.0023016062189381405,5.68957592022721,0.08577636837209619,-99.67666886847235,-0.845232402679053,79.21192223044879,1.5397792612636616,89.28870561012205,0.20689099899680946,-0.08362639916450061,0.00020257,0.08191648613952097,0.00049835,1,0.0
488,0.00410886646650277,0.031206625843934438,-0.00032169,2.1555968919717063,3.134572259162862,95.15408214653266,-0.0023016062189381405,19.137037504991184,0.08577636837209619,-99.96095872952638,-0.845232402679053,49.47769639709788,1.5397792612636616,-0.9051820675572855,0.20689099899680946,0.4273148671393516,0.00020257,0.6178950861308165,0.00049835,0,0.0
489,0.010184752227625493,0.054387812911475,-0.00032169,2.1555968919717063,3.134572259162862,97.98553015602464,-0.0023016062189381405,14.973669655167075,0.08577636837209619,-60.024765949769915,-0.845232402679053,26.903632154846473,1.5397792612636616,-21.54267379290104,0.20689099899680946,0.47344468143868546,0.00020257,0.5440085878734979,0.00049835,0,0.0
490,0.09844024298778481,0.0026909899079282738,-0.00032169,2.1555968919717063,3.134572259162862,-38.560105816927376,-0.0023016062189381405,1.9619539692306767,0.08577636837209619,-46.191088749987614,-0.845232402679053,46.67681952244603,1.5397792612636616,39.79750147330783,0.20689099899680946,-0.030622446241081104,0.00020257,0.030611804417419154,0.00049835,1,0.0
491,0.018966219391733596,0.11190308312846449,-0.00032169,2.1555968919717063,3.134572259162862,96.06290793824544,-0.0023016062189381405,11.192755596542494,0.08577636837209619,-28.825738632946,-0.845232402679053,2.961837015917683,1.5397792612636616,-33.35852621890857,0.20689099899680946,0.38305900372964397,0.00020257,0.509087701169704,0.00049835,0,0.0
492,0.0075941614599166485,0.04016032971256458,-0.00032169,2.1555968919717063,3.134572259162862,97.90220284431587,-0.0023016062189381405,17.5496571005861,0.08577636837209619,-93.7800549698399,-0.845232402679053,46.52812812408456,1.5397792612636616,-3.38113071002694,0.20689099899680946,0.41002582869224513,0.00020257,0.6487998919267688,0.00049835,0,0.0
493,0.3968621177961229,0.06241816973144064,-0.00032169,2.1555968919717063,3.134572259162862,-34.840940324007114,-0.0023016062189381405,8.506862466783737,0.08577636837209619,-67.6408962514301,-0.845232402679053,16.354422821861117,1.5397792612636616,60.09868567141519,0.20689099899680946,-0.1676768374268133,0.00020257,0.16589224737640854,0.00049835,1,0.0
494,0.10874127921336074,0.007113694514583123,-0.00032169,2.1555968919717063,3.134572259162862,-60.201591829766095,-0.0023016062189381405,2.8159748194231273,0.08577636837209619,-76.373925011928,-0.845232402679053,80.07310278640763,1.5397792612636616,63.05403281167262,0.20689099899680946,-0.03456745637965453,0.00020257,0.03426927338687178,0.00049835,1,0.0
495,0.5539424966713116,0.03960878330939986,-0.00032169,2.1555968919717063,3.134572259162862,-98.57921940877492,-0.0023016062189381405,3.8063071020402433,0.08577636837209619,-89.123020732063,-0.845232402679053,73.78423280687268,1.5397792612636616,99.65461586608387,0.20689099899680946,-0.056964434277849585,0.00020257,0.05584032143167067,0.00049835,1,0.0
496,0.9098114881974169,0.1294250925036793,-0.00032169,2.1555968919717063,3.134572259162862,-52.669197847479055,-0.0023016062189381405,5.141218235244453,0.08577636837209619,-25.488974691426883,-0.845232402679053,-39.71601905281671,1.5397792612636616,65.95310333439056,0.20689099899680946,-0.0852594897032359,0.00020257,0.08265339975693227,0.00049835,1,0.0
497,0.005035489734939169,0.03156239658443489,-0.00032169,2.1555968919717063,3.134572259162862,88.8243081739535,-0.0023016062189381405,18.671996811556983,0.08577636837209619,-99.46310003126095,-0.845232402679053,53.557186201834305,1.5397792612636616,0.8927585996400274,0.20689099899680946,0.44330443165162287,0.00020257,0.5844827366178965,0.00049835,0,0.0
498,0.37410008118657284,0.04993264579821235,-0.00032169,2.1555968919717063,3.134572259162862,-33.803008399572384,-0.0023016062189381405,-1.024306881729843,0.08577636837209619,-9.64948712040982,-0.845232402679053,-3.2649761830609365,1.5397792612636616,33.25565800675081,0.20689099899680946,-0.05196439427284858,0.00020257,0.041643894331922594,0.00049835,1,0.0
499,0.19859138400385748,0.008045694477293239,-0.00032169,2.1555968919717063,3.134572259162862,-30.585637761484918,-0.0023016062189381405,0.3406228440962782,0.08577636837209619,-18.284270120030207,-0.845232402679053,16.090661190927502,1.5397792612636616,27.135347874737658,0.20689099899680946,-0.032616210841520055,0.00020257,0.032629735295179874,0.00049835,1,0.0
500,0.03828046988750322,0.004988251533668679,-0.00032169,0.7631940241558249,2.47659447396597,2.6476340902542,-0.0023016062189381405,20.188638268637693,0.08577636837209619,-53.58827456824007,-0.845232402679053,30.145435638622835,1.5397792612636616,12.834819834565813,0.20689099899680946,0.28990677497365547,0.00020257,2.767688905916189,0.00049835,0,0.0
501,0.006013575141349481,0.03796446483080673,-0.00032169,0.7631940241558249,2.47659447396597,52.609038135047044,-0.0023016062189381405,63.2977000936807,0.08577636837209619,-60.81038831704254,-0.845232402679053,-35.110273315837944,1.5397792612636616,-23.405457194139228,0.20689099899680946,0.2565336684480535,0.00020257,12.016599410210786,0.00049835,0,0.0
502,0.004710947925661291,0.1223503817523934,-0.00032169,0.7631940241558249,2.47659447396597,70.4263478711107,-0.0023016062189381405,55.87834335392578,0.08577636837209619,-0.11294628452386427,-0.845232402679053,-89.98210185559621,1.5397792612636616,-54.62806038487028,0.20689099899680946,0.255871881469508,0.00020257,12.58374967358087,0.00049835,0,0.0
503,0.5770521742842969,0.22608408859324974,-0.00032169,0.7631940241558249,2.47659447396597,32.45363520548741,-0.0023016062189381405,68.88218649082928,0.08577636837209619,-96.53144605584326,-0.845232402679053,-9.98029023966398,1.5397792612636616,7.901046914502338,0.20689099899680946,0.26893886476299134,0.00020257,10.83624235233259,0.00049835,0,0.0
504,-0.0003794416586888616,0.1082931652600437,-0.00032169,0.7631940241558249,2.47659447396597,92.93380258168736,-0.0023016062189381405,99.18921608411877,0.08577636837209619,-73.80713788029252,-0.845232402679053,-82.18262108650322,1.5397792612636616,-50.23044499800196,0.20689099899680946,0.26727902039831086,0.00020257,19.894302430064783,0.00049835,0,0.0
505,0.004652311628732697,0.13408907122016325,-0.00032169,0.7631940241558249,2.47659447396597,90.1312718413529,-0.0023016062189381405,84.65072736477488,0.08577636837209619,-34.50038012657794,-0.845232402679053,-99.9870206861818,1.5397792612636616,-59.819359631085895,0.20689099899680946,0.25481285713625823,0.00020257,17.607586638978212,0.00049835,0,0.0
506,0.0005432976829893299,0.029202626523628986,-0.00032169,0.7631940241558249,2.47659447396597,33.995854943289395,-0.0023016062189381405,36.79788173469397,0.08577636837209619,-28.60842109203538,-0.845232402679053,-25.896309953208306,1.5397792612636616,-18.62719487145979,0.20689099899680946,0.2640708603268913,0.00020257,7.234283404251528,0.00049835,0,0.0
507,0.03173736942921134,0.015154515566811133,-0.00032169,0.7631940241558249,2.47659447396597,-2.961670536736748,-0.0023016062189381405,0.8564289152630168,0.08577636837209619,-10.425314459026149,-0.845232402679053,9.102356279638418,1.5397792612636616,5.80607857028447,0.20689099899680946,-0.007390564214501787,0.00020257,0.029613918999882437,0.00049835,1,0.0
508,0.004101268144819592,0.060579929110971396,-0.00032169,0.7631940241558249,2.47659447396597,68.0603751908687,-0.0023016062189381405,76.7041092313734,0.08577636837209619,-64.6817252807974,-0.845232402679053,-53.52049003670132,1.5397792612636616,-34.064583364334766,0.20689099899680946,0.27385981566255246,0.00020257,14.975819413424212,0.00049835,0,0.0
509,0.0036046321421705496,3.179384597283882e-05,-0.00032169,0.7631940241558249,2.47659447396597,-9.446309599986103,-0.0023016062189381405,20.285466790002395,0.08577636837209619,-86.39164066884935,-0.845232402679053,68.23655693224563,1.5397792612636616,30.970042384238084,0.20689099899680946,0.2855674730733534,0.00020257,2.0724642015118206,0.00049835,0,0.0
510,0.010388787279835388,0.00518029107522462,-0.00032169,0.7631940241558249,2.47659447396597,19.329995098779268,-0.0023016062189381405,37.55847471157789,0.08577636837209619,-66.25396790456162,-0.845232402679053,13.929754556187783,1.5397792612636616,3.7720969454936215,0.20689099899680946,0.2657862523908263,0.00020257,6.3016776980385725,0.00049835,0,0.0
511,0.30477965317874856,0.05849720737835441,-0.00032169,0.7631940241558249,2.47659447396597,3.1108470668537094,-0.0023016062189381405,14.243751751817772,0.08577636837209619,-25.949686224449795,-0.845232402679053,4.996117166887906,1.5397792612636616,7.558121309751527,0.20689099899680946,0.28689490427678455,0.00020257,2.083178945950187,0.00049835,0,0.0
512,0.014719676912811175,0.005815660406821518,-0.00032169,0.7631940241558249,2.47659447396597,-13.582580139753968,-0.0023016062189381405,14.790253147138488,0.08577636837209619,-83.71451620164284,-0.845232402679053,76.5201082962111,1.5397792612636616,33.05763041605228,0.20689099899680946,0.32131216025638487,0.00020257,1.308161162313928,0.00049835,0,0.0
513,0.016781701873618382,0.004150092032110967,-0.00032169,0.7631940241558249,2.47659447396597,3.5644635732882897,-0.0023016062189381405,16.325377505772014,0.08577636837209619,-41.48242673632765,-0.845232402679053,22.99419153353558,1.5397792612636616,8.506086751737893,0.20689099899680946,0.2851464878233545,0.00020257,2.3650125410998832,0.00049835,0,0.0
514,0.025359218178740872,0.06294798133315493,-0.00032169,0.7631940241558249,2.47659447396597,-11.359778963658012,-0.0023016062189381405,6.979227172192792,0.08577636837209619,-62.33060083410865,-0.845232402679053,68.1457005737408,1.5397792612636616,24.84620944540887,0.20689099899680946,0.373625995459964,0.00020257,0.9067824211512717,0.00049835,0,0.0
515,0.04170489100441477,0.043981727652457364,-0.00032169,0.7631940241558249,2.47659447396597,-11.438575926812963,-0.0023016062189381405,11.592910869374757,0.08577636837209619,-68.00857978962928,-0.845232402679053,64.16410137958725,1.5397792612636616,27.13114181878284,0.20689099899680946,0.30741772838402587,0.00020257,1.0489156614835924,0.00049835,0,0.0
516,9.551825267717362e-05,0.3352314452551585,-0.00032169,0.7631940241558249,2.47659447396597,99.54508583655847,-0.0023016062189381405,88.44121748471512,0.08577636837209619,-33.89152827458738,-0.845232402679053,-99.94213315824508,1.5397792612636616,-68.65906220453158,0.20689099899680946,0.7716600366214994,0.00020257,19.077243727831288,0.00049835,0,0.0
517,0.05079420906740556,0.020892241363854216,-0.00032169,0.7631940241558249,2.47659447396597,-3.3618476993685573,-0.0023016062189381405,5.587184591406577,0.08577636837209619,-29.84219276941254,-0.845232402679053,29.68792104572248,1.5397792612636616,10.418144579428187,0.20689099899680946,0.4271331400485602,0.00020257,0.6420089618488324,0.00049835,0,0.0
518,0.00018264386454680537,0.004632869668357536,-0.00032169,0.7631940241558249,2.47659447396597,1.2811271576106544,-0.0023016062189381405,11.468931083151222,0.08577636837209619,-35.010688725532574,-0.845232402679053,24.0237617238511,1.5397792612636616,8.261069132997939,0.20689099899680946,0.3079161724173559,0.00020257,1.6471596173578669,0.00049835,0,0.0
519,0.14180434213841586,0.1222041046392176,-0.00032169,0.7631940241558249,2.47659447396597,76.00934577434067,-0.0023016062189381405,87.73293369708753,0.08577636837209619,-71.14198571639236,-0.845232402679053,-66.20124676739765,1.5397792612636616,-36.92918403245899,0.20689099899680946,0.28681857996384785,0.00020257,16.889556573981437,0.00049835,0,0.0
520,0.01585802411879439,0.26258326990758935,-0.00032169,0.7631940241558249,2.47659447396597,0.9729423148744053,-0.0023016062189381405,-1.3882814647007302,0.08577636837209619,-17.452944126535506,-0.845232402679053,40.82840719628919,1.5397792612636616,0.5511406710140624,0.20689099899680946,0.2982937435845241,0.00020257,1.4859703292092934,0.00049835,0,0.0
521,0.009099403285738106,0.07167988888681083,-0.00032169,0.7631940241558249,2.47659447396597,75.14361457899201,-0.0023016062189381405,83.4037586214722,0.08577636837209619,-66.41572920630715,-0.845232402679053,-62.99777097022683,1.5397792612636616,-38.92608940766896,0.20689099899680946,0.25841143502233344,0.00020257,16.333537505892487,0.00049835,0,0.0
522,0.044088424705096774,0.11349851389366977,-0.00032169,0.7631940241558249,2.47659447396597,69.54684281708876,-0.0023016062189381405,65.00018345858194,0.08577636837209619,-24.51699585316201,-0.845232402679053,-77.96236468751256,1.5397792612636616,-46.667838934819905,0.20689099899680946,0.2808880702264025,0.00020257,13.507328860379104,0.00049835,0,0.0
523,0.010459846540086748,0.04375883966884349,-0.00032169,0.7631940241558249,2.47659447396597,-0.991837311154182,-0.0023016062189381405,3.785851399280756,0.08577636837209619,-22.439234151136045,-0.845232402679053,29.38675515472388,1.5397792612636616,5.07526470170797,0.20689099899680946,0.4748197514350674,0.00020257,0.7268053250485804,0.00049835,0,0.0
524,0.0033723092589877934,0.0009593803050242482,-0.00032169,0.7631940241558249,2.47659447396597,-12.613748784644127,-0.0023016062189381405,19.649653407149803,0.08577636837209619,-94.21821181440122,-0.845232402679053,80.70480206129163,1.5397792612636616,35.09133911284272,0.20689099899680946,0.3660046835254044,0.00020257,1.856057529945585,0.00049835,0,0.0
525,0.01104780116050691,0.020048594736670387,-0.00032169,0.7631940241558249,2.47659447396597,-2.8288734649832685,-0.0023016062189381405,4.764021178895055,0.08577636837209619,-27.800063466972023,-0.845232402679053,30.329754343500603,1.5397792612636616,8.766561721425806,0.20689099899680946,0.4311469394177032,0.00020257,0.5919295663293418,0.00049835,0,0.0
526,0.06668937835112232,0.027079993123434433,-0.00032169,0.7631940241558249,2.47659447396597,-12.881153920483523,-0.0023016062189381405,10.730034067773866,0.08577636837209619,-70.6772409431645,-0.845232402679053,68.71226260731022,1.5397792612636616,29.218658725915688,0.20689099899680946,0.33358501126889817,0.00020257,0.9896371505626455,0.00049835,0,0.0
527,0.003955869226024866,0.1340862169340793,-0.00032169,0.7631940241558249,2.47659447396597,94.19904770774988,-0.0023016062189381405,97.20314972118717,0.08577636837209619,-58.016662571697175,-0.845232402679053,-94.2183498254746,1.5397792612636616,-56.34064303993071,0.20689099899680946,0.2537172815424551,0.00020257,19.324732666228783,0.00049835,0,0.0
528,0.03523058488206576,0.002297980816025294,-0.00032169,0.7631940241558249,2.47659447396597,-11.261776602383616,-0.0023016062189381405,19.40713347036293,0.08577636837209619,-89.07032271220224,-0.845232402679053,73.55745038369666,1.5397792612636616,33.223696092109904,0.20689099899680946,0.36142464155392484,0.00020257,1.9077664932291774,0.00049835,0,0.0
529,0.0011268274682842971,0.06485255602458032,-0.00032169,0.7631940241558249,2.47659447396597,83.06614648734359,-0.0023016062189381405,99.73965190354292,0.08577636837209619,-95.58480857475658,-0.845232402679053,-58.08500063923231,1.5397792612636616,-36.5856415925582,0.20689099899680946,0.27120852335417744,0.00020257,19.03230809938792,0.00049835,0,0.0
530,0.04962350789076084,0.14771873182588155,-0.00032169,0.7631940241558249,2.47659447396597,-9.83789172083753,-0.0023016062189381405,1.0784430687591633,0.08577636837209619,-35.258378871909265,-0.845232402679053,32.70185088910887,1.5397792612636616,19.360044278311054,0.20689099899680946,-0.05820959048843345,0.00020257,0.11499434366052648,0.00049835,1,0.0
531,0.001995213024988507,0.002375244567884486,-0.00032169,0.7631940241558249,2.47659447396597,-14.45922919396787,-0.0023016062189381405,17.94342473206645,0.08577636837209619,-94.53118033232921,-0.845232402679053,82.76660545533426,1.5397792612636616,36.856533236517905,0.20689099899680946,0.29910876753707305,0.00020257,1.6037660282760817,0.00049835,0,0.0
532,7.411682274938158e-05,0.012675787837299005,-0.00032169,0.7631940241558249,2.47659447396597,37.84663624091727,-0.0023016062189381405,58.799938630433594,0.08577636837209619,-83.3065364270866,-0.845232402679053,-2.4963375444513893,1.5397792612636616,-5.634466761108823,0.20689099899680946,0.2673967660587211,0.00020257,10.349413994107195,0.00049835,0,0.0
533,0.05421252457094228,0.007365152542803342,-0.00032169,0.7631940241558249,2.47659447396597,-8.468603977168293,-0.0023016062189381405,11.783104462978041,0.08577636837209619,-59.20033543145716,-0.845232402679053,51.69009332690179,1.5397792612636616,22.902123807397558,0.20689099899680946,0.3215655180435609,0.00020257,1.1263872203188923,0.00049835,0,0.0
534,0.019297094341402143,0.010204343097016544,-0.00032169,0.7631940241558249,2.47659447396597,-7.1204671780945565,-0.0023016062189381405,10.52449110382938,0.08577636837209619,-52.786075966219514,-0.845232402679053,49.626688027057774,1.5397792612636616,19.06213922877348,0.20689099899680946,0.3399814099629164,0.00020257,1.022349326230134,0.00049835,0,0.0
535,3.249351112793744,3.291921921485833,-0.00032169,0.7631940241558249,2.47659447396597,-34.60472307921535,-0.0023016062189381405,11.158001157168174,0.08577636837209619,-11.397648028058384,-0.845232402679053,-68.21157163781508,1.5397792612636616,69.45979442840378,0.20689099899680946,-0.41435999034862714,0.00020257,0.39909523190352025,0.00049835,1,0.0
536,0.0052366334313511675,0.010268520923607022,-0.00032169,0.7631940241558249,2.47659447396597,20.406494191052982,-0.0023016062189381405,30.669681810986585,0.08577636837209619,-44.043038076190705,-0.845232402679053,0.8821711516940802,1.5397792612636616,-3.541033881239711,0.20689099899680946,0.2623953220263622,0.00020257,5.50429277757339,0.00049835,0,0.0
537,0.001379840457132353,0.012568378088538574,-0.00032169,0.7631940241558249,2.47659447396597,31.775505847277408,-0.0023016062189381405,48.85268489938235,0.08577636837209619,-70.184406120063,-0.845232402679053,-0.3419538355852755,1.5397792612636616,-4.760485801150534,0.20689099899680946,0.28919435480143196,0.00020257,8.685235228227132,0.00049835,0,0.0
538,-0.01314593865808289,0.4983613753940731,-0.00032169,0.7631940241558249,2.47659447396597,-3.293530937667178,-0.0023016062189381405,1.6514655919499621,0.08577636837209619,-45.165535676904895,-0.845232402679053,82.13916823809417,1.5397792612636616,8.246222048654769,0.20689099899680946,0.28166968672012294,0.00020257,2.305950653083235,0.00049835,0,0.0
539,0.013245254010931795,0.11554633383617119,-0.00032169,0.7631940241558249,2.47659447396597,74.33066912637972,-0.0023016062189381405,67.81730944245939,0.08577636837209619,-25.315635422066357,-0.845232402679053,-82.04795060495182,1.5397792612636616,-50.24193602020971,0.20689099899680946,0.28954592866342566,0.00020257,14.392392716515232,0.00049835,0,0.0
540,0.012893670054781925,0.05336950912077974,-0.00032169,0.7631940241558249,2.47659447396597,34.48373418639748,-0.0023016062189381405,32.59783886664057,0.08577636837209619,-18.265769473337922,-0.845232402679053,-29.416897850433884,1.5397792612636616,-22.050819478069588,0.20689099899680946,0.36719778794197033,0.00020257,6.870107887369885,0.00049835,0,0.0
541,1.912105476311663,1.2770859070840568,-0.00032169,0.7631940241558249,2.47659447396597,26.35034162301033,-0.0023016062189381405,79.13849311482473,0.08577636837209619,-99.74547086946443,-0.845232402679053,-45.734171267838185,1.5397792612636616,29.051277307172718,0.20689099899680946,0.31468777611179455,0.00020257,12.25577010831954,0.00049835,0,0.0
542,0.06269915534732506,0.007089885584039649,-0.00032169,0.7631940241558249,2.47659447396597,6.074574822565994,-0.0023016062189381405,22.113812924825826,0.08577636837209619,-51.328484753680975,-0.845232402679053,23.11659917382091,1.5397792612636616,10.053480874797316,0.20689099899680946,0.285659373733828,0.00020257,3.341083521975462,0.00049835,0,0.0
543,0.006484842683448483,0.0274353333751951,-0.00032169,0.7631940241558249,2.47659447396597,6.27593641482267,-0.0023016062189381405,4.585793626757655,0.08577636837209619,-0.3134023299967263,-0.845232402679053,-1.4657463526148535,1.5397792612636616,-5.950570860901137,0.20689099899680946,0.3346165794993871,0.00020257,0.9513512964325059,0.00049835,0,0.0
544,0.0068300408440933325,0.10059025731646608,-0.00032169,0.7631940241558249,2.47659447396597,78.04363290482937,-0.0023016062189381405,76.83093305840416,0.08577636837209619,-41.329964435816755,-0.845232402679053,-79.43780637650103,1.5397792612636616,-48.51062663161016,0.20689099899680946,0.27072067625845175,0.00020257,15.744457758262076,0.00049835,0,0.0
545,0.05804271815889181,0.35539143041674304,-0.00032169,0.7631940241558249,2.47659447396597,5.423468202462044,-0.0023016062189381405,-2.4089730684134527,0.08577636837209619,-2.1387618177074197,-0.845232402679053,29.402057767095243,1.5397792612636616,-7.837956930902333,0.20689099899680946,0.3304587376850243,0.00020257,1.7044931690114695,0.00049835,0,0.0
546,0.006039276887484735,0.00261789729150554,-0.00032169,0.7631940241558249,2.47659447396597,-3.2816731616650543,-0.0023016062189381405,11.857169933943766,0.08577636837209619,-46.98248961104727,-0.845232402679053,37.250145050174716,1.5397792612636616,15.145977784273963,0.20689099899680946,0.3100010195087849,0.00020257,1.3823634075371332,0.00049835,0,0.0
547,-0.0003115501410402288,0.11259139227255896,-0.00032169,0.7631940241558249,2.47659447396597,93.16603939018546,-0.0023016062189381405,96.09166035119324,0.08577636837209619,-61.06415164254234,-0.845232402679053,-90.14304237520541,1.5397792612636616,-54.37608559339329,0.20689099899680946,0.25493206415066716,0.00020257,19.32704062691535,0.00049835,0,0.0
548,0.001717106192637985,0.07249785965225873,-0.00032169,0.7631940241558249,2.47659447396597,79.51206586360988,-0.0023016062189381405,89.46205037247147,0.08577636837209619,-73.85500196146938,-0.845232402679053,-64.8570508210396,1.5397792612636616,-40.186045668679974,0.20689099899680946,0.25892712355505765,0.00020257,17.434756499909593,0.00049835,0,0.0
549,0.08240155930484028,0.11568318372385805,-0.00032169,0.7631940241558249,2.47659447396597,27.294684158904847,-0.0023016062189381405,21.45424084542552,0.08577636837209619,-2.504880035826829,-0.845232402679053,-25.059376364256558,1.5397792612636616,-21.24040111860213,0.20689099899680946,0.5965173882111894,0.00020257,4.8714051886608445,0.00049835,0,0.0
550,0.0012053616858600513,0.025243368471225085,-0.00032169,0.7631940241558249,2.47659447396597,27.499019831070207,-0.0023016062189381405,28.45815034622719,0.08577636837209619,-21.61263016104268,-0.845232402679053,-20.20047641407302,1.5397792612636616,-15.522982805359504,0.20689099899680946,0.26339303350299703,0.00020257,5.78843041009652,0.00049835,0,0.0
551,-0.00011747852032772954,0.10101029216338013,-0.00032169,0.7631940241558249,2.47659447396597,62.90879877789868,-0.0023016062189381405,50.448185817815165,0.08577636837209619,-2.2903980068348884,-0.845232402679053,-78.34632482188923,1.5397792612636616,-48.29954173876827,0.20689099899680946,0.260021902470851,0.00020257,11.315691138860462,0.00049835,0,0.0
552,0.0021174877608745035,0.05649579212329896,-0.00032169,0.7631940241558249,2.47659447396597,75.1232197481577,-0.0023016062189381405,90.29706951333978,0.08577636837209619,-86.06955939226478,-0.845232402679053,-52.73687741083118,1.5397792612636616,-33.28024699986427,0.20689099899680946,0.2536765783491397,0.00020257,17.181667362748502,0.00049835,0,0.0
553,0.005192109732381045,0.07725172016336763,-0.00032169,0.7631940241558249,2.47659447396597,61.20419286465492,-0.0023016062189381405,57.64723852366763,0.08577636837209619,-26.28437327680519,-0.845232402679053,-63.916311542907565,1.5397792612636616,-39.97972227283284,0.20689099899680946,0.27076680296613365,0.00020257,12.058387716057762,0.00049835,0,0.0
554,0.0026093453978059955,0.0838419277887581,-0.00032169,0.7631940241558249,2.47659447396597,74.99006301929833,-0.0023016062189381405,82.45766742685471,0.08577636837209619,-61.8367474783863,-0.845232402679053,-65.28414072930383,1.5397792612636616,-40.4977172457268,0.20689099899680946,0.26960284251939903,0.00020257,16.043670401838604,0.00049835,0,0.0
555,0.00047421848676876266,0.01107508004289872,-0.00032169,0.7631940241558249,2.47659447396597,25.20532066612991,-0.0023016062189381405,40.55951964356137,0.08577636837209619,-59.84801774493894,-0.845232402679053,2.52020866380829,1.5397792612636616,-2.855152996292554,0.20689099899680946,0.2677071277382379,0.00020257,7.029421280209885,0.00049835,0,0.0
556,0.002342018327523121,0.0009642691520554013,-0.00032169,0.7631940241558249,2.47659447396597,-0.20246675780452905,-0.0023016062189381405,17.761248755834213,0.08577636837209619,-55.86872036330234,-0.845232402679053,36.92442514809537,1.5397792612636616,15.37968440285172,0.20689099899680946,0.29003052730014,0.00020257,2.3168179233446544,0.00049835,0,0.0
557,0.00910942206304155,0.025488463440713382,-0.00032169,0.7631940241558249,2.47659447396597,13.471606641735418,-0.0023016062189381405,10.984145962524074,0.08577636837209619,-0.8243937561071983,-0.845232402679053,-12.366949553967531,1.5397792612636616,-11.145974986090486,0.20689099899680946,0.28499810141936943,0.00020257,2.29252305249536,0.00049835,0,0.0
558,0.4089033370625893,0.1556290882269472,-0.00032169,0.7631940241558249,2.47659447396597,-6.372406217259503,-0.0023016062189381405,12.348550460828863,0.08577636837209619,-39.12143433031796,-0.845232402679053,28.941081410918414,1.5397792612636616,18.081639686324046,0.20689099899680946,0.31937401716527297,0.00020257,1.2214792275107105,0.00049835,0,0.0
559,0.007401952479042517,0.004923999791360929,-0.00032169,0.7631940241558249,2.47659447396597,23.919947265855686,-0.0023016062189381405,47.9719997943986,0.08577636837209619,-85.98893556318066,-0.845232402679053,18.782537556406425,1.5397792612636616,5.8640615420784945,0.20689099899680946,0.2961274870556414,0.00020257,7.981195536858821,0.00049835,0,0.0
560,-0.00011387533643780756,0.11325623129429094,-0.00032169,0.7631940241558249,2.47659447396597,75.37534184647942,-0.0023016062189381405,66.98443008369782,0.08577636837209619,-17.825547698109308,-0.845232402679053,-88.34224136170393,1.5397792612636616,-53.50865989232097,0.20689099899680946,0.25532523468551105,0.00020257,14.198111613135456,0.00049835,0,0.0
561,-0.002564445607539767,0.14537753363548583,-0.00032169,0.7631940241558249,2.47659447396597,91.39065120521154,-0.0023016062189381405,84.68223370952936,0.08577636837209619,-35.34349530538014,-0.845232402679053,-99.97492721748873,1.5397792612636616,-60.34427425083845,0.20689099899680946,0.2607739452083475,0.00020257,17.91376283194623,0.00049835,0,0.0
562,0.0016607986002645792,0.026632077086761956,-0.00032169,0.7631940241558249,2.47659447396597,29.536123820055902,-0.0023016062189381405,33.245461495100116,0.08577636837209619,-28.02167954886239,-0.845232402679053,-20.248153028886648,1.5397792612636616,-15.46059303123205,0.20689099899680946,0.267440647867514,0.00020257,6.392583283197297,0.00049835,0,0.0
563,0.704623766089687,0.20661020231152896,-0.00032169,0.7631940241558249,2.47659447396597,14.312539275655418,-0.0023016062189381405,55.90753526506603,0.08577636837209619,-99.3586957624025,-0.845232402679053,12.830030923169298,1.5397792612636616,24.1255890636442,0.20689099899680946,0.25937013392399555,0.00020257,7.971122680059523,0.00049835,0,0.0
564,0.001523351136287765,0.021886917054762818,-0.00032169,0.7631940241558249,2.47659447396597,31.427886071418918,-0.0023016062189381405,37.83015178324229,0.08577636837209619,-37.69686333399975,-0.845232402679053,-17.73655498602139,1.5397792612636616,-13.972188690503746,0.20689099899680946,0.2607890401607622,0.00020257,7.180103104877549,0.00049835,0,0.0
565,0.03672446973346011,0.0238299542451636,-0.00032169,0.7631940241558249,2.47659447396597,30.438589212855373,-0.0023016062189381405,58.03904765528242,0.08577636837209619,-97.19217227415061,-0.845232402679053,16.525177441791662,1.5397792612636616,3.829951171038184,0.20689099899680946,0.40131780984880283,0.00020257,9.6030333880278,0.00049835,0,0.0
566,3.0392726635628513,3.0653365376409836,-0.00032169,0.7631940241558249,2.47659447396597,-39.21008278899905,-0.0023016062189381405,14.180618902659333,0.08577636837209619,-39.37086254078493,-0.845232402679053,-41.62813903379547,1.5397792612636616,79.32750497437749,0.20689099899680946,-0.5548640107398426,0.00020257,0.5729493152926246,0.00049835,1,0.0
567,0.0008850740235866184,0.042706565736237455,-0.00032169,0.7631940241558249,2.47659447396597,59.41493064479146,-0.0023016062189381405,71.7207604101622,0.08577636837209619,-69.1284534706057,-0.845232402679053,-39.94322532192637,1.5397792612636616,-26.266822098473902,0.20689099899680946,0.2579614756323876,0.00020257,13.596240832204103,0.00049835,0,0.0
568,0.04710477460460247,0.02202601182645371,-0.00032169,0.7631940241558249,2.47659447396597,4.251871378185653,-0.0023016062189381405,4.859096535121552,0.08577636837209619,-7.579268034364435,-0.845232402679053,4.532649337808941,1.5397792612636616,-1.5626634916472077,0.20689099899680946,0.33987155812263875,0.00020257,1.0283458629648448,0.00049835,0,0.0
569,0.00558552157070058,0.0012344267553204313,-0.00032169,0.7631940241558249,2.47659447396597,-9.887511512592543,-0.0023016062189381405,16.228496060015082,0.08577636837209619,-76.26714661272406,-0.845232402679053,65.24542274287333,1.5397792612636616,28.076576160429234,0.20689099899680946,0.3177889427847651,0.00020257,1.54972577263894,0.00049835,0,0.0
570,1.5513755588948035,0.9007405476674618,-0.00032169,0.7631940241558249,2.47659447396597,-14.283484077011483,-0.0023016062189381405,8.607400386595167,0.08577636837209619,-0.5229822600722029,-0.845232402679053,-42.08918502671905,1.5397792612636616,29.549153770115986,0.20689099899680946,-0.4290067105817571,0.00020257,0.4297674935296598,0.00049835,1,0.0
571,0.006035891003798977,0.04332285812006056,-0.00032169,0.7631940241558249,2.47659447396597,40.027576948017895,-0.0023016062189381405,41.3491372315144,0.08577636837209619,-25.922687272604332,-0.845232402679053,-36.14495786033699,1.5397792612636616,-24.090087608348217,0.20689099899680946,0.2615256331696889,0.00020257,8.18783864068481,0.00049835,0,0.0
572,0.03490054284024602,0.02564230701642601,-0.00032169,0.7631940241558249,2.47659447396597,12.28388721724523,-0.0023016062189381405,9.62293451794757,0.08577636837209619,-0.11747188720612986,-0.845232402679053,-11.624024189060684,1.5397792612636616,-10.046835136535753,0.20689099899680946,0.2877847419607412,0.00020257,2.1129413798223498,0.00049835,0,0.0
573,-0.5346692013661416,2.0826854974188174,-0.00032169,0.7631940241558249,2.47659447396597,98.97434026177973,-0.0023016062189381405,92.83435977686997,0.08577636837209619,-99.57409880764281,-0.845232402679053,11.87361779521498,1.5397792612636616,-63.215855485214874,0.20689099899680946,3.2516930844416745,0.00020257,19.747766402444405,0.00049835,0,0.0
574,0.011053369498256638,0.0035390849271871383,-0.00032169,0.7631940241558249,2.47659447396597,4.202407275000465,-0.0023016062189381405,23.093657926381375,0.08577636837209619,-60.27739081624285,-0.845232402679053,33.47467334635376,1.5397792612636616,13.21061842152122,0.20689099899680946,0.33399269539507737,0.00020257,3.2800282322102956,0.00049835,0,0.0
575,2.1466553967373567,1.6252956275646722,-0.00032169,0.7631940241558249,2.47659447396597,-23.104510596572098,-0.0023016062189381405,11.127852236718784,0.08577636837209619,-12.214532234353168,-0.845232402679053,-47.556768199594586,1.5397792612636616,47.63295349746245,0.20689099899680946,-0.5438842904748283,0.00020257,0.5321238679510841,0.00049835,1,0.0
576,0.010293755394740423,0.05012413715788591,-0.00032169,0.7631940241558249,2.47659447396597,63.467368521755816,-0.0023016062189381405,76.10151451494917,0.08577636837209619,-75.85604967259997,-0.845232402679053,-41.456597193617746,1.5397792612636616,-26.9172159224796,0.20689099899680946,0.25623769985877853,0.00020257,14.705721449824317,0.00049835,0,0.0
577,0.0013611715989974016,0.06866715077300362,-0.00032169,0.7631940241558249,2.47659447396597,75.07526578468907,-0.0023016062189381405,86.33027414254227,0.08577636837209619,-74.69390912689865,-0.845232402679053,-58.035906833884404,1.5397792612636616,-36.69827200032303,0.20689099899680946,0.28027395033843483,0.00020257,16.64851753472827,0.00049835,0,0.0
578,0.018926130094877536,0.08250689279745974,-0.00032169,0.7631940241558249,2.47659447396597,79.53519148630978,-0.0023016062189381405,89.55186400298653,0.08577636837209619,-76.44310307055801,-0.845232402679053,-63.07776462997282,1.5397792612636616,-39.057909643992524,0.20689099899680946,0.27732239002616055,0.00020257,17.619944440838292,0.00049835,0,0.0
579,0.08617249375583125,0.02629567252927013,-0.00032169,0.7631940241558249,2.47659447396597,27.998323092314063,-0.0023016062189381405,41.73255325201955,0.08577636837209619,-56.00746688672083,-0.845232402679053,-5.932506445821337,1.5397792612636616,-4.8983474748506985,0.20689099899680946,0.26869402342086035,0.00020257,7.546675169853023,0.00049835,0,0.0
580,0.010965384858077964,0.08726102685471976,-0.00032169,0.7631940241558249,2.47659447396597,66.04085330488546,-0.0023016062189381405,76.74076917595474,0.08577636837209619,-69.8874464580016,-0.845232402679053,-44.66144638125999,1.5397792612636616,-31.649212147535213,0.20689099899680946,0.4482304112064526,0.00020257,14.740926833020499,0.00049835,0,0.0
581,0.05452861577487145,0.13507438042713824,-0.00032169,0.7631940241558249,2.47659447396597,92.27693303161858,-0.0023016062189381405,94.73370204308384,0.08577636837209619,-59.49825438540809,-0.845232402679053,-91.18320861398074,1.5397792612636616,-53.32773208458926,0.20689099899680946,0.25382639492850245,0.00020257,19.230244301592684,0.00049835,0,0.0
582,0.030007987404839787,0.0140636641257707,-0.00032169,0.7631940241558249,2.47659447396597,18.568986814671014,-0.0023016062189381405,29.432278145828327,0.08577636837209619,-42.214996125579034,-0.845232402679053,1.292011548756721,1.5397792612636616,-2.5780109051904696,0.20689099899680946,0.26548986097427907,0.00020257,5.106171876713227,0.00049835,0,0.0
583,1.1923049199901599,0.534136444538606,-0.00032169,0.7631940241558249,2.47659447396597,20.576501484267833,-0.0023016062189381405,62.98255252005271,0.08577636837209619,-99.9812682759257,-0.845232402679053,-11.052241001787223,1.5397792612636616,26.383048079469713,0.20689099899680946,0.28977921120281014,0.00020257,10.124971427897275,0.00049835,0,0.0
584,0.010680915038453698,0.017487931881333924,-0.00032169,0.7631940241558249,2.47659447396597,36.842977331515435,-0.0023016062189381405,51.378583970230046,0.08577636837209619,-64.59937475630541,-0.845232402679053,-11.349934370840822,1.5397792612636616,-10.071086623215859,0.20689099899680946,0.2575225104097507,0.00020257,9.377132163907369,0.00049835,0,0.0
585,0.005718206495953546,0.06684704127235236,-0.00032169,0.7631940241558249,2.47659447396597,4.644832059470891,-0.0023016062189381405,0.42962811881848284,0.08577636837209619,-1.3668739915469992,-0.845232402679053,10.096140634434397,1.5397792612636616,-5.016556348692249,0.20689099899680946,0.4321922537314232,0.00020257,0.8539589700848017,0.00049835,0,0.0
586,0.6443023525024367,0.17122155561006042,-0.00032169,0.7631940241558249,2.47659447396597,13.975356946748983,-0.0023016062189381405,51.94728162646573,0.08577636837209619,-92.3973314326259,-0.845232402679053,12.128591051942017,1.5397792612636616,21.832822709047164,0.20689099899680946,0.2720366730542927,0.00020257,7.510220758583845,0.00049835,0,0.0
587,0.0023854116780864243,0.020413839662368597,-0.00032169,0.7631940241558249,2.47659447396597,-4.472570022618262,-0.0023016062189381405,5.976562345671451,0.08577636837209619,-36.933571112744445,-0.845232402679053,36.32083919504374,1.5397792612636616,13.102716106594817,0.20689099899680946,0.425574022780874,0.00020257,0.691087704139693,0.00049835,0,0.0
588,0.011432593964353366,0.004661539567919052,-0.00032169,0.7631940241558249,2.47659447396597,10.594058150223644,-0.0023016062189381405,25.691801522196222,0.08577636837209619,-53.24871552992418,-0.845232402679053,19.522958081732043,1.5397792612636616,6.689440281574958,0.20689099899680946,0.2774908225255732,0.00020257,4.160654264862042,0.00049835,0,0.0
589,0.006773790209776642,0.010494328539135673,-0.00032169,0.7631940241558249,2.47659447396597,23.704056004362815,-0.0023016062189381405,38.84717179005892,0.08577636837209619,-61.03379715965015,-0.845232402679053,5.655108090373279,1.5397792612636616,-1.0290193109850652,0.20689099899680946,0.2733034454052863,0.00020257,6.864288522414169,0.00049835,0,0.0
590,0.07862927393114072,0.005208521622195774,-0.00032169,0.7631940241558249,2.47659447396597,-10.328086736895857,-0.0023016062189381405,15.567380992230715,0.08577636837209619,-73.13727997629489,-0.845232402679053,61.10118557248869,1.5397792612636616,28.48452797988009,0.20689099899680946,0.30255745960715275,0.00020257,1.4703499050738496,0.00049835,0,0.0
591,0.021302880700464266,0.03722114561932507,-0.00032169,0.7631940241558249,2.47659447396597,26.090889136536106,-0.0023016062189381405,21.022318996747703,0.08577636837209619,-1.8598618756956502,-0.845232402679053,-29.28503646019226,1.5397792612636616,-20.107910120781032,0.20689099899680946,0.2667532859532331,0.00020257,4.680349789385464,0.00049835,0,0.0
592,0.0037960204258272734,0.012866330768929814,-0.00032169,0.7631940241558249,2.47659447396597,10.559427667817245,-0.0023016062189381405,12.311915048954722,0.08577636837209619,-13.8836806566351,-0.845232402679053,-0.9110321515447973,1.5397792612636616,-4.953380898056517,0.20689099899680946,0.2843750495732913,0.00020257,2.3738717544578183,0.00049835,0,0.0
593,6.237377490347917e-05,0.0020906897352545454,-0.00032169,0.7631940241558249,2.47659447396597,-12.744586392119604,-0.0023016062189381405,21.052063138637003,0.08577636837209619,-99.99390361974552,-0.845232402679053,84.96303315510254,1.5397792612636616,36.816191034215535,0.20689099899680946,0.4295332576509182,0.00020257,2.04993450899907,0.00049835,0,0.0
594,0.008612631699024487,0.037017358155778425,-0.00032169,0.7631940241558249,2.47659447396597,30.152844381798005,-0.0023016062189381405,25.984216658884453,0.08577636837209619,-7.841394416467947,-0.845232402679053,-31.207661668603937,1.5397792612636616,-21.520211168558948,0.20689099899680946,0.26193630110758015,0.00020257,5.669851501088898,0.00049835,0,0.0
595,0.02320441425876618,0.049121532908051914,-0.00032169,0.7631940241558249,2.47659447396597,55.775303621742204,-0.0023016062189381405,63.35724549745294,0.08577636837209619,-54.98283300195039,-0.845232402679053,-42.631804120548146,1.5397792612636616,-27.137847192300864,0.20689099899680946,0.2554946361128456,0.00020257,12.39289202247593,0.00049835,0,0.0
596,0.0006732265899493939,4.978094761109876e-05,-0.00032169,0.7631940241558249,2.47659447396597,9.708948909546693,-0.0023016062189381405,38.968601681596496,0.08577636837209619,-93.79787711255723,-0.845232402679053,42.48190629421707,1.5397792612636616,18.98117574227497,0.20689099899680946,0.2662247791421217,0.00020257,5.789270345819188,0.00049835,0,0.0
597,0.17213564053559915,0.04950792043721859,-0.00032169,0.7631940241558249,2.47659447396597,31.703608923816816,-0.0023016062189381405,45.01604122646816,0.08577636837209619,-52.75999475419475,-0.845232402679053,-16.104457288280525,1.5397792612636616,-7.782410391802562,0.20689099899680946,0.2649713121309998,0.00020257,8.20419123122646,0.00049835,0,0.0
598,0.0066507308695289424,0.06944387219503502,-0.00032169,0.7631940241558249,2.47659447396597,60.875566555916336,-0.0023016062189381405,64.02452959761943,0.08577636837209619,-43.9162591778419,-0.845232402679053,-54.17286101484879,1.5397792612636616,-34.82633236925255,0.20689099899680946,0.303265874865871,0.00020257,12.73231162427981,0.00049835,0,0.0
599,0.0007330973208568015,0.07513586278646492,-0.00032169,0.7631940241558249,2.47659447396597,45.287929484544975,-0.0023016062189381405,37.14595665080431,0.08577636837209619,-1.0921285101365494,-0.845232402679053,-55.54109056282467,1.5397792612636616,-35.61670570773495,0.20689099899680946,0.28811827477113017,0.00020257,8.0006239362366,0.00049835,0,0.0
600,3.3907013035773103e-06,2.776533090078036e-07,-0.00032169,4.121352885726401,32.50711697721612,59.613229277585255,-0.0023016062189381405,15.803667068467645,0.08577636837209619,-36.629165083797275,-0.845232402679053,-53.77321969214635,1.5397792612636616,-14.668904122063665,0.20689099899680946,-4.435338850698049e-05,0.00020257,4.434141545168034e-05,0.00049835,1,0.0
601,1.7611438585268964e-05,6.205296206374947e-08,-0.00032169,4.121352885726401,32.50711697721612,17.757744132454807,-0.0023016062189381405,4.758579676113926,0.08577636837209619,-9.730842609999454,-0.845232402679053,-45.120616136992446,1.5397792612636616,-4.342822274126042,0.20689099899680946,-1.328349430625314e-05,0.00020257,1.3361116948772914e-05,0.00049835,1,0.0
602,2.312557160807048e-06,7.686035460499053e-08,-0.00032169,4.121352885726401,32.50711697721612,40.67843096369871,-0.0023016062189381405,6.4010136925057015,0.08577636837209619,-10.230795066661178,-0.845232402679053,92.65333970580292,1.5397792612636616,-10.251505734084288,0.20689099899680946,-1.882903292453173e-05,0.00020257,1.8885523931544833e-05,0.00049835,1,0.0
603,3.840716406034372e-05,3.9526611066563686e-07,-0.00032169,4.121352885726401,32.50711697721612,30.935968787455888,-0.0023016062189381405,20.27839392963755,0.08577636837209619,-69.68207395666214,-0.845232402679053,71.13472559282435,1.5397792612636616,-7.928730553042283,0.20689099899680946,-5.5701806929113976e-05,0.00020257,5.5720637118209585e-05,0.00049835,1,0.0
604,0.0015423638932781912,5.9086251135796495e-08,-0.00032169,4.121352885726401,32.50711697721612,-89.33424431527135,-0.0023016062189381405,6.611087952485638,0.08577636837209619,-1.3210252703468388,-0.845232402679053,48.98120807268951,1.5397792612636616,16.81515834747101,0.20689099899680946,-2.3411904461931616e-05,0.00020257,2.343392333911158e-05,0.00049835,1,0.0
605,4.2814314151015166e-05,2.5138696270075e-08,-0.00032169,4.121352885726401,32.50711697721612,-2.252558925966053,-0.0023016062189381405,5.289190370727841,0.08577636837209619,-21.301137369379934,-0.845232402679053,14.269346363564576,1.5397792612636616,0.38484187221700816,0.20689099899680946,-1.4280056647245448e-05,0.00020257,1.4282044288136589e-05,0.00049835,1,0.0
606,0.00040727499237714796,3.757925849484879e-09,-0.00032169,4.121352885726401,32.50711697721612,-39.82885872301351,-0.0023016062189381405,0.9555842717988472,0.08577636837209619,-4.335139255447389,-0.845232402679053,8.50971118178619,1.5397792612636616,8.47054934460568,0.20689099899680946,-3.502641162301398e-06,0.00020257,3.5083405812576493e-06,0.00049835,1,0.0
607,0.0001936118837372804,6.37500171132432e-09,-0.00032169,4.121352885726401,32.50711697721612,-21.089533357406623,-0.0023016062189381405,1.775657449986464,0.08577636837209619,-8.09530017048333,-0.845232402679053,-11.603554626071158,1.5397792612636616,4.593958966188443,0.20689099899680946,-4.696639581215907e-06,0.00020257,4.705450511647271e-06,0.00049835,1,0.0
608,5.605431249763187e-05,6.834316315833433e-09,-0.00032169,4.121352885726401,32.50711697721612,-20.912301156090567,-0.0023016062189381405,-1.5338287242945117,0.08577636837209619,-1.3137985114429498,-0.845232402679053,24.601326236779766,1.5397792612636616,4.941517446565923,0.20689099899680946,-4.600502337581528e-06,0.00020257,4.607398460561788e-06,0.00049835,1,0.0
609,1.368340187155048e-05,3.1088585827168355e-08,-0.00032169,4.121352885726401,32.50711697721612,-18.60041326700908,-0.0023016062189381405,6.361092437681116,0.08577636837209619,-36.37591054561636,-0.845232402679053,93.09086674158648,1.5397792612636616,4.372176064994386,0.20689099899680946,-1.669930551599158e-05,0.00020257,1.670002311501992e-05,0.00049835,1,0.0
610,1.7591416696364332e-05,5.7610891541246146e-08,-0.00032169,4.121352885726401,32.50711697721612,11.290155341598368,-0.0023016062189381405,6.6490829645304155,0.08577636837209619,-20.452071670237526,-0.845232402679053,-43.615341633560604,1.5397792612636616,-2.7575831020358836,0.20689099899680946,-1.81743678075119e-05,0.00020257,1.820697733350446e-05,0.00049835,1,0.0
611,2.1872922319706432e-05,2.536545065467293e-08,-0.00032169,4.121352885726401,32.50711697721612,-42.05334033247581,-0.0023016062189381405,4.504919637508158,0.08577636837209619,-36.815379452714765,-0.845232402679053,5.568954863936909,1.5397792612636616,10.33760465358225,0.20689099899680946,-1.110056726506758e-05,0.00020257,1.113029560805113e-05,0.00049835,1,0.0
612,2.3663832705756067e-06,2.837924166695173e-07,-0.00032169,4.121352885726401,32.50711697721612,13.172987277300958,-0.0023016062189381405,16.48344623931228,0.08577636837209619,-61.55136404908131,-0.845232402679053,-15.200963015944673,1.5397792612636616,-3.2153148635355295,0.20689099899680946,-4.4618876556905266e-05,0.00020257,4.4699873219679535e-05,0.00049835,1,0.0
613,3.508482581417443e-05,8.591047079326472e-08,-0.00032169,4.121352885726401,32.50711697721612,37.778608140388485,-0.0023016062189381405,8.041187233727317,0.08577636837209619,-12.063290770130768,-0.845232402679053,-96.59795160103981,1.5397792612636616,-9.281594843888636,0.20689099899680946,-2.2808004697682587e-05,0.00020257,2.27992909514598e-05,0.00049835,1,0.0
614,9.638186705190552e-06,3.166910673192974e-07,-0.00032169,4.121352885726401,32.50711697721612,-28.466033081575794,-0.0023016062189381405,19.7746759600965,0.08577636837209619,-95.68204410421153,-0.845232402679053,68.41031164432984,1.5397792612636616,6.878199383887136,0.20689099899680946,-5.23961622706117e-05,0.00020257,5.2394982596161385e-05,0.00049835,1,0.0
615,3.5957198738843614e-05,6.978387807161266e-08,-0.00032169,4.121352885726401,32.50711697721612,49.39311901286569,-0.0023016062189381405,7.604950927943149,0.08577636837209619,-7.038473177036243,-0.845232402679053,-14.331743036290742,1.5397792612636616,-12.32446899244707,0.20689099899680946,-2.228355068962742e-05,0.00020257,2.228263090245581e-05,0.00049835,1,0.0
616,7.328519458029478e-05,6.206857858367839e-08,-0.00032169,4.121352885726401,32.50711697721612,-13.419728544414426,-0.0023016062189381405,8.18491288939558,0.08577636837209619,-37.99338343732616,-0.845232402679053,55.80107516061374,1.5397792612636616,2.9615557735531945,0.20689099899680946,-2.1860351262703997e-05,0.00020257,2.1856216191730973e-05,0.00049835,1,0.0
617,0.00133771369739756,1.5422803658988306e-07,-0.00032169,4.121352885726401,32.50711697721612,-98.83436122744455,-0.0023016062189381405,10.697869515391785,0.08577636837209619,-31.489814974258103,-0.845232402679053,47.596040173446454,1.5397792612636616,19.892835543766044,0.20689099899680946,-3.0950695468489e-05,0.00020257,3.1074651302090135e-05,0.00049835,1,0.0
618,8.3438925975024e-05,2.5070761349879316e-07,-0.00032169,4.121352885726401,32.50711697721612,-36.369486093634144,-0.0023016062189381405,17.352117171700414,0.08577636837209619,-83.29277400212648,-0.845232402679053,-42.22048754402614,1.5397792612636616,8.81912256765407,0.20689099899680946,-4.5654790428924875e-05,0.00020257,4.5687013775019914e-05,0.00049835,1,0.0
619,2.479499415270121e-05,2.7594636071602565e-07,-0.00032169,4.121352885726401,32.50711697721612,64.29289926136822,-0.0023016062189381405,15.887844010856618,0.08577636837209619,-34.03594705165045,-0.845232402679053,-50.24814424720458,1.5397792612636616,-15.896904431074786,0.20689099899680946,-4.480299301132331e-05,0.00020257,4.482576373298254e-05,0.00049835,1,0.0
620,1.6313465381253937e-05,2.426299807790132e-07,-0.00032169,4.121352885726401,32.50711697721612,13.10472301129247,-0.0023016062189381405,16.418066790488783,0.08577636837209619,-60.469648940344065,-0.845232402679053,-21.779899400009057,1.5397792612636616,-3.255985983221248,0.20689099899680946,-4.452770952296423e-05,0.00020257,4.452910961743695e-05,0.00049835,1,0.0
621,6.024023178889822e-05,1.0879585965329775e-07,-0.00032169,4.121352885726401,32.50711697721612,-17.129397793570124,-0.0023016062189381405,11.321283832478345,0.08577636837209619,-50.63509798460259,-0.845232402679053,-45.803962450118604,1.5397792612636616,4.134171906763778,0.20689099899680946,-2.9973409513903263e-05,0.00020257,2.99852441477053e-05,0.00049835,1,0.0
622,0.0004098502998313901,1.2525809438232936e-07,-0.00032169,4.121352885726401,32.50711697721612,-20.79867324059522,-0.0023016062189381405,10.880817337432944,0.08577636837209619,-36.96721241696462,-0.845232402679053,27.329387461572352,1.5397792612636616,3.7059385485500296,0.20689099899680946,-2.995838964536224e-05,0.00020257,2.994615160744392e-05,0.00049835,1,0.0
623,0.0005553924875824519,1.955715383594058e-07,-0.00032169,4.121352885726401,32.50711697721612,-99.57216103440447,-0.0023016062189381405,15.531401475449542,0.08577636837209619,-83.82322045469024,-0.845232402679053,-39.22778801706997,1.5397792612636616,22.880011087701,0.20689099899680946,-3.998866320567613e-05,0.00020257,4.005908156180951e-05,0.00049835,1,0.0
624,1.0495378338700118e-05,2.3122631588809722e-08,-0.00032169,4.121352885726401,32.50711697721612,-88.15013290785016,-0.0023016062189381405,7.228804372132395,0.08577636837209619,-67.18758925704866,-0.845232402679053,-82.17706061107168,1.5397792612636616,21.959407062266784,0.20689099899680946,-1.764961671878791e-05,0.00020257,1.764894220455402e-05,0.00049835,1,0.0
625,4.792881581753769e-06,6.065078703047086e-07,-0.00032169,4.121352885726401,32.50711697721612,56.928151993997965,-0.0023016062189381405,25.097077710415448,0.08577636837209619,-76.34909734441692,-0.845232402679053,-43.67603692695334,1.5397792612636616,-14.025292264005458,0.20689099899680946,-6.919854108022947e-05,0.00020257,6.919937017135381e-05,0.00049835,1,0.0
626,1.2775015103814492e-05,6.573290893423152e-08,-0.00032169,4.121352885726401,32.50711697721612,-26.47825294738374,-0.0023016062189381405,8.529765755819053,0.08577636837209619,-46.58949127527602,-0.845232402679053,-0.6167152123466941,1.5397792612636616,6.522337441017803,0.20689099899680946,-2.2168290931782156e-05,0.00020257,2.21928069565752e-05,0.00049835,1,0.0
627,2.4656836915720824e-05,5.806024925759947e-07,-0.00032169,4.121352885726401,32.50711697721612,74.40159276974252,-0.0023016062189381405,22.265902482359508,0.08577636837209619,-54.91970060846137,-0.845232402679053,-81.16587264715142,1.5397792612636616,-18.356921387318426,0.20689099899680946,-6.223016068479259e-05,0.00020257,6.21870611251373e-05,0.00049835,1,0.0
628,0.00024349588406685256,9.448946679180596e-09,-0.00032169,4.121352885726401,32.50711697721612,-48.218178527148496,-0.0023016062189381405,0.1570218645360555,0.08577636837209619,-9.958812286650133,-0.845232402679053,-74.19382186736658,1.5397792612636616,11.27230833413732,0.20689099899680946,-7.915113018092194e-07,0.00020257,8.09118442376419e-07,0.00049835,1,0.0
629,8.308251196846514e-05,3.0212185225693744e-09,-0.00032169,4.121352885726401,32.50711697721612,-38.602216147183,-0.0023016062189381405,-0.00732070816122965,0.08577636837209619,-14.117562686072601,-0.845232402679053,12.391229593954467,1.5397792612636616,9.253049424902542,0.20689099899680946,-1.6229281870312657e-06,0.00020257,1.6217578299582281e-06,0.00049835,1,0.0
630,2.7425814429321918e-05,1.0138624807543313e-06,-0.00032169,4.121352885726401,32.50711697721612,84.63567307643333,-0.0023016062189381405,32.10119841476767,0.08577636837209619,-91.0695460757244,-0.845232402679053,-68.05519493456055,1.5397792612636616,-20.912146478113385,0.20689099899680946,-8.89524258198223e-05,0.00020257,8.895949353146114e-05,0.00049835,1,0.0
631,2.5143613072203287e-05,2.0432003857095119e-07,-0.00032169,4.121352885726401,32.50711697721612,-0.6717458212350016,-0.0023016062189381405,15.008462096365712,0.08577636837209619,-62.55376922070313,-0.845232402679053,59.84699068733612,1.5397792612636616,-0.04121473555068671,0.20689099899680946,-4.046889191962192e-05,0.00020257,4.0463048559726995e-05,0.00049835,1,0.0
632,1.3514932582728116e-05,7.60317351949528e-07,-0.00032169,4.121352885726401,32.50711697721612,45.519411479891,-0.0023016062189381405,28.24459451178943,0.08577636837209619,-95.5896460462137,-0.845232402679053,14.572060170106031,1.5397792612636616,-11.338959947990274,0.20689099899680946,-7.738002162743809e-05,0.00020257,7.740833073412065e-05,0.00049835,1,0.0
633,8.304160909108058e-05,7.139715080563833e-08,-0.00032169,4.121352885726401,32.50711697721612,1.6967301529071377,-0.0023016062189381405,8.96325079754814,0.08577636837209619,-30.35773312289913,-0.845232402679053,-86.59935992448543,1.5397792612636616,-0.5263122993812825,0.20689099899680946,-2.4219250328047655e-05,0.00020257,2.42186568429624e-05,0.00049835,1,0.0
634,2.9023629333664374e-05,1.9026090561008645e-08,-0.00032169,4.121352885726401,32.50711697721612,19.90383865766201,-0.0023016062189381405,3.7591578201129767,0.08577636837209619,-7.157400173000654,-0.845232402679053,77.77494827146305,1.5397792612636616,-5.184475597446616,0.20689099899680946,-1.1118889372157081e-05,0.00020257,1.111747290331566e-05,0.00049835,1,0.0
635,1.4333367953526209e-05,3.944451613865659e-07,-0.00032169,4.121352885726401,32.50711697721612,87.30144684652197,-0.0023016062189381405,18.810633269894794,0.08577636837209619,-37.60250813642269,-0.845232402679053,9.804895595257932,1.5397792612636616,-21.68967174277622,0.20689099899680946,-5.358072041570178e-05,0.00020257,5.357274901446968e-05,0.00049835,1,0.0
636,1.015076763168695e-05,4.068709323141357e-07,-0.00032169,4.121352885726401,32.50711697721612,52.27381943772823,-0.0023016062189381405,19.644870349256855,0.08577636837209619,-57.31366090936427,-0.845232402679053,16.810011722593725,1.5397792612636616,-12.997079738430912,0.20689099899680946,-5.450825257087616e-05,0.00020257,5.456229677614681e-05,0.00049835,1,0.0
637,3.167417237701737e-05,4.5257023003353967e-07,-0.00032169,4.121352885726401,32.50711697721612,33.259818875818866,-0.0023016062189381405,21.95516770941656,0.08577636837209619,-72.51345041122863,-0.845232402679053,-60.522448882803545,1.5397792612636616,-8.222213050326774,0.20689099899680946,-6.0032246313065725e-05,0.00020257,6.002909199743615e-05,0.00049835,1,0.0
638,0.00046624620872702874,4.011205129404337e-09,-0.00032169,4.121352885726401,32.50711697721612,-34.2139341923111,-0.0023016062189381405,1.48741734090774,0.08577636837209619,-0.6386527072720839,-0.845232402679053,-21.558160258698603,1.5397792612636616,6.93943202401094,0.20689099899680946,-5.340300651591118e-06,0.00020257,5.339411253870548e-06,0.00049835,1,0.0
639,0.00016115186097371333,5.548966539164002e-08,-0.00032169,4.121352885726401,32.50711697721612,-5.5411223671024015,-0.0023016062189381405,7.223215416528088,0.08577636837209619,-26.677075043620135,-0.845232402679053,58.52306198720557,1.5397792612636616,0.707684088573433,0.20689099899680946,-1.985147711869818e-05,0.00020257,1.984648646597305e-05,0.00049835,1,0.0
640,0.0001600890248472269,1.4395372564417657e-08,-0.00032169,4.121352885726401,32.50711697721612,-13.839162632361662,-0.0023016062189381405,-0.15956018821627627,0.08577636837209619,-0.4705640742292142,-0.845232402679053,75.17950617128223,1.5397792612636616,2.7319328841938684,0.20689099899680946,-1.6793507122558447e-06,0.00020257,1.6722751290464667e-06,0.00049835,1,0.0
641,5.175452070520746e-05,6.717922824353888e-07,-0.00032169,4.121352885726401,32.50711697721612,82.06515923126561,-0.0023016062189381405,25.35584389993701,0.08577636837209619,-67.04626724869051,-0.845232402679053,77.67960090330598,1.5397792612636616,-20.644044480246865,0.20689099899680946,-7.115058593224356e-05,0.00020257,7.118450098465891e-05,0.00049835,1,0.0
642,1.5337906966318704e-05,3.8211782896771385e-07,-0.00032169,4.121352885726401,32.50711697721612,18.727255015884356,-0.0023016062189381405,20.35340618196108,0.08577636837209619,-75.76718884790778,-0.845232402679053,41.45460750942055,1.5397792612636616,-4.774390490849217,0.20689099899680946,-5.5388926052126006e-05,0.00020257,5.538458302997678e-05,0.00049835,1,0.0
643,5.7849994902756975e-06,7.105755632388199e-08,-0.00032169,4.121352885726401,32.50711697721612,-31.486431522703306,-0.0023016062189381405,9.679425963506569,0.08577636837209619,-56.179468431754195,-0.845232402679053,90.83029311573193,1.5397792612636616,7.595431822737464,0.20689099899680946,-2.5219362850233987e-05,0.00020257,2.5223223180441906e-05,0.00049835,1,0.0
644,1.3345219156445272e-05,6.111380125609241e-07,-0.00032169,4.121352885726401,32.50711697721612,43.64351865709177,-0.0023016062189381405,24.833748172083734,0.08577636837209619,-84.3120439638412,-0.845232402679053,90.28925798037308,1.5397792612636616,-11.018577328554343,0.20689099899680946,-6.828341430579975e-05,0.00020257,6.833897757805516e-05,0.00049835,1,0.0
645,0.0002867272102785517,6.18368902119724e-08,-0.00032169,4.121352885726401,32.50711697721612,-29.138359660381212,-0.0023016062189381405,7.461027949838631,0.08577636837209619,-32.03826978351926,-0.845232402679053,25.30279125208685,1.5397792612636616,6.206138321343669,0.20689099899680946,-1.9986851113192783e-05,0.00020257,2.0023645539666557e-05,0.00049835,1,0.0
646,3.081738197817634e-05,4.359081142605353e-07,-0.00032169,4.121352885726401,32.50711697721612,25.858980877434945,-0.0023016062189381405,21.66730034792768,0.08577636837209619,-77.91398418129438,-0.845232402679053,66.60226869227233,1.5397792612636616,-6.640367064828761,0.20689099899680946,-5.9235488377591444e-05,0.00020257,5.924190298165547e-05,0.00049835,1,0.0
647,0.00025088954326039984,8.779356509757656e-09,-0.00032169,4.121352885726401,32.50711697721612,-87.34962681901135,-0.0023016062189381405,-0.45224081427764046,0.08577636837209619,-26.346817272910556,-0.845232402679053,-13.651075532935272,1.5397792612636616,20.809657112927464,0.20689099899680946,-4.104471937660058e-06,0.00020257,4.1025286568329755e-06,0.00049835,1,0.0
648,0.0009789766851495978,2.584328734841431e-07,-0.00032169,4.121352885726401,32.50711697721612,-99.98197875244364,-0.0023016062189381405,18.615372848498257,0.08577636837209619,-76.69898373793825,-0.845232402679053,-94.63823952651383,1.5397792612636616,21.640913868008273,0.20689099899680946,-4.957347940014002e-05,0.00020257,4.957593198571289e-05,0.00049835,1,0.0
649,0.00011202690366340104,3.469996843945226e-08,-0.00032169,4.121352885726401,32.50711697721612,22.866029807296854,-0.0023016062189381405,5.613174892556167,0.08577636837209619,-6.813867292932794,-0.845232402679053,-41.97076080725212,1.5397792612636616,-5.9565829956133305,0.20689099899680946,-1.619951417079344e-05,0.00020257,1.6199315526088332e-05,0.00049835,1,0.0
650,0.00028148433765642813,5.888974345636794e-08,-0.00032169,4.121352885726401,32.50711697721612,-88.15788249130154,-0.0023016062189381405,9.503813120866882,0.08577636837209619,-68.92569297544384,-0.845232402679053,86.23184840242507,1.5397792612636616,20.71027279508933,0.20689099899680946,-2.3714023665701252e-05,0.00020257,2.3730670899803226e-05,0.00049835,1,0.0
651,7.499066873748185e-05,2.033297211965119e-09,-0.00032169,4.121352885726401,32.50711697721612,-36.114600120773936,-0.0023016062189381405,1.6537559377500453,0.08577636837209619,-19.020800162388056,-0.845232402679053,-34.287310490190904,1.5397792612636616,8.75874073075571,0.20689099899680946,-3.817934142770025e-06,0.00020257,3.817198446346101e-06,0.00049835,1,0.0
652,3.610401673411791e-05,1.1514146816347741e-07,-0.00032169,4.121352885726401,32.50711697721612,26.791835309880867,-0.0023016062189381405,10.675739591622166,0.08577636837209619,-30.014116073994476,-0.845232402679053,-10.933459056438226,1.5397792612636616,-6.7327029294103315,0.20689099899680946,-2.9645930438124836e-05,0.00020257,2.9652449964646648e-05,0.00049835,1,0.0
653,4.2148585171715436e-05,2.1678316552016384e-07,-0.00032169,4.121352885726401,32.50711697721612,56.24892745917384,-0.0023016062189381405,13.078478430000157,0.08577636837209619,-28.60912790653811,-0.845232402679053,81.40230119810724,1.5397792612636616,-14.241353971212918,0.20689099899680946,-3.7399050470844754e-05,0.00020257,3.738151046518669e-05,0.00049835,1,0.0
654,5.338021376760757e-05,1.6729320553798e-07,-0.00032169,4.121352885726401,32.50711697721612,49.60970650696507,-0.0023016062189381405,12.321053590262519,0.08577636837209619,-27.88806250523644,-0.845232402679053,75.94420242669378,1.5397792612636616,-12.615840519995885,0.20689099899680946,-3.5136288164861084e-05,0.00020257,3.5146814464787475e-05,0.00049835,1,0.0
655,0.0005377251727772149,7.66398559857776e-09,-0.00032169,4.121352885726401,32.50711697721612,-53.08159368008185,-0.0023016062189381405,0.8676159614699478,0.08577636837209619,-5.802841687895963,-0.845232402679053,70.51970694500605,1.5397792612636616,11.183541414290842,0.20689099899680946,-4.3678021991858305e-06,0.00020257,4.364687562388495e-06,0.00049835,1,0.0
656,0.0001755194647847032,4.0030259905572686e-08,-0.00032169,4.121352885726401,32.50711697721612,6.743417252882425,-0.0023016062189381405,5.2010031185035634,0.08577636837209619,-9.051542965213754,-0.845232402679053,-64.88768107377349,1.5397792612636616,-2.1344457663057983,0.20689099899680946,-1.4688190634901505e-05,0.00020257,1.468128580480362e-05,0.00049835,1,0.0
657,6.239770744999665e-05,4.150859854586707e-08,-0.00032169,4.121352885726401,32.50711697721612,-57.28789067164438,-0.0023016062189381405,8.231228536953429,0.08577636837209619,-56.53913854114334,-0.845232402679053,-23.62063259771457,1.5397792612636616,14.023891950710615,0.20689099899680946,-2.0692284381420072e-05,0.00020257,2.0694305676360077e-05,0.00049835,1,0.0
658,1.7638503181844657e-06,2.707133703160521e-07,-0.00032169,4.121352885726401,32.50711697721612,35.70588706277311,-0.0023016062189381405,16.524944466457214,0.08577636837209619,-50.51212882222199,-0.845232402679053,-53.44402801448191,1.5397792612636616,-8.74212522014691,0.20689099899680946,-4.5458770308653606e-05,0.00020257,4.545219581411948e-05,0.00049835,1,0.0
659,1.4443838719620933e-05,2.1292004351127017e-07,-0.00032169,4.121352885726401,32.50711697721612,83.27566405336755,-0.0023016062189381405,12.959237731689896,0.08577636837209619,-16.207420576835883,-0.845232402679053,44.48083768253573,1.5397792612636616,-20.751627753415665,0.20689099899680946,-3.7885683066064954e-05,0.00020257,3.791628266491122e-05,0.00049835,1,0.0
660,7.460534699974984e-05,2.653591684449677e-07,-0.00032169,4.121352885726401,32.50711697721612,79.65386399297132,-0.0023016062189381405,14.74171759870625,0.08577636837209619,-20.566762514828476,-0.845232402679053,-35.14912887246888,1.5397792612636616,-19.89418213351945,0.20689099899680946,-4.2530505002749654e-05,0.00020257,4.257193824386238e-05,0.00049835,1,0.0
661,3.5351979702715093e-06,8.714986888298971e-07,-0.00032169,4.121352885726401,32.50711697721612,97.06041644798142,-0.0023016062189381405,29.210030715878933,0.08577636837209619,-75.43884783848215,-0.845232402679053,-33.904363195059034,1.5397792612636616,-23.974715516008036,0.20689099899680946,-8.16138164278482e-05,0.00020257,8.162899189842961e-05,0.00049835,1,0.0
662,0.00019714193888130285,9.090581393661643e-08,-0.00032169,4.121352885726401,32.50711697721612,-53.881309141510435,-0.0023016062189381405,10.67955020278564,0.08577636837209619,-59.9462214275134,-0.845232402679053,6.205828527882565,1.5397792612636616,12.67124527939996,0.20689099899680946,-2.7551433915200538e-05,0.00020257,2.7576115756213163e-05,0.00049835,1,0.0
663,4.024247992858712e-06,1.6230777097462582e-07,-0.00032169,4.121352885726401,32.50711697721612,51.27889955983707,-0.0023016062189381405,11.935499965292593,0.08577636837209619,-25.819211914354337,-0.845232402679053,0.3158708894007143,1.5397792612636616,-12.70619371229475,0.20689099899680946,-3.3791792621985755e-05,0.00020257,3.381391968889198e-05,0.00049835,1,0.0
664,2.4313132670832852e-05,1.2549451464625248e-07,-0.00032169,4.121352885726401,32.50711697721612,-27.724747856642328,-0.0023016062189381405,12.232398526492624,0.08577636837209619,-63.329667476045515,-0.845232402679053,56.22232420908929,1.5397792612636616,6.675659349284867,0.20689099899680946,-3.2163748788789433e-05,0.00020257,3.218286987247125e-05,0.00049835,1,0.0
665,5.183511456618738e-05,6.7345846587525465e-09,-0.00032169,4.121352885726401,32.50711697721612,-4.181789390115538,-0.0023016062189381405,1.0142399882871689,0.08577636837209619,-1.7486135739243507,-0.845232402679053,-82.1890682795299,1.5397792612636616,1.0297963897884914,0.20689099899680946,-2.6052159601479914e-06,0.00020257,2.617252608374434e-06,0.00049835,1,0.0
666,6.926557868244744e-07,7.742533358159458e-09,-0.00032169,4.121352885726401,32.50711697721612,-81.60810744082777,-0.0023016062189381405,2.203780686345051,0.08577636837209619,-47.19207500902922,-0.845232402679053,46.728649411744136,1.5397792612636616,20.11670826557345,0.20689099899680946,-5.875832866521232e-06,0.00020257,5.889992352423812e-06,0.00049835,1,0.0
667,4.7279619086488785e-05,1.4993551800476813e-07,-0.00032169,4.121352885726401,32.50711697721612,83.93266900449319,-0.0023016062189381405,10.747937469390733,0.08577636837209619,-4.4288660227771,-0.845232402679053,8.635080294263634,1.5397792612636616,-20.9630542569799,0.20689099899680946,-3.2133155736744585e-05,0.00020257,3.2129950697744206e-05,0.00049835,1,0.0
668,4.872679762617672e-06,5.269241156289894e-07,-0.00032169,4.121352885726401,32.50711697721612,17.077130604790003,-0.0023016062189381405,23.994592897602715,0.08577636837209619,-89.95717843439667,-0.845232402679053,-40.21170659038037,1.5397792612636616,-4.156070889920346,0.20689099899680946,-6.49251851991946e-05,0.00020257,6.495257705358705e-05,0.00049835,1,0.0
669,0.00014940688455666743,5.0338989579219484e-08,-0.00032169,4.121352885726401,32.50711697721612,14.252994744619837,-0.0023016062189381405,5.874448045894253,0.08577636837209619,-9.147659075926578,-0.845232402679053,-83.02549027778488,1.5397792612636616,-3.8579922471028456,0.20689099899680946,-1.6587550541874837e-05,0.00020257,1.661824986200054e-05,0.00049835,1,0.0
670,7.385248423282431e-06,1.8254552190852097e-08,-0.00032169,4.121352885726401,32.50711697721612,-98.7779988230212,-0.0023016062189381405,6.259156525904616,0.08577636837209619,-70.83651966086745,-0.845232402679053,24.914875739323044,1.5397792612636616,24.388730071672402,0.20689099899680946,-1.5030101628206844e-05,0.00020257,1.5039965345041906e-05,0.00049835,1,0.0
671,1.8843123929528256e-05,1.6707775731566883e-07,-0.00032169,4.121352885726401,32.50711697721612,29.849068542636235,-0.0023016062189381405,12.558851998259481,0.08577636837209619,-39.14171738002009,-0.845232402679053,69.00632404288741,1.5397792612636616,-7.596962083303547,0.20689099899680946,-3.4915233461087546e-05,0.00020257,3.4907754581555636e-05,0.00049835,1,0.0
672,5.7911725263713894e-05,4.544561090225238e-08,-0.00032169,4.121352885726401,32.50711697721612,-13.243315160595941,-0.0023016062189381405,5.8905322678683625,0.08577636837209619,-25.577149757382784,-0.845232402679053,-87.24087088702404,1.5397792612636616,3.271031256238965,0.20689099899680946,-1.5425805260753683e-05,0.00020257,1.5463423257299913e-05,0.00049835,1,0.0
673,1.992710947951626e-05,2.0398790221890148e-07,-0.00032169,4.121352885726401,32.50711697721612,-11.111675886490701,-0.0023016062189381405,15.457723689608876,0.08577636837209619,-68.33601398690575,-0.845232402679053,18.4748796551985,1.5397792612636616,2.6496945272692907,0.20689099899680946,-4.1262126023555604e-05,0.00020257,4.1271215716703335e-05,0.00049835,1,0.0
674,0.0008757389063812088,1.8437739342176832e-08,-0.00032169,4.121352885726401,32.50711697721612,-94.93591635080669,-0.0023016062189381405,0.5342907928287279,0.08577636837209619,-6.8458105734795325,-0.845232402679053,2.2809137312913834,1.5397792612636616,20.541813602940344,0.20689099899680946,-4.865626103042944e-06,0.00020257,4.858247314737868e-06,0.00049835,1,0.0
675,6.499540706070826e-06,9.341628789221489e-08,-0.00032169,4.121352885726401,32.50711697721612,69.89179794999893,-0.0023016062189381405,8.14911793845548,0.08577636837209619,-0.3816481301430321,-0.845232402679053,-51.14783707503497,1.5397792612636616,-17.221318172676806,0.20689099899680946,-2.4306382032242054e-05,0.00020257,2.4323790018954187e-05,0.00049835,1,0.0
676,0.00014517610666679097,6.933774826534005e-08,-0.00032169,4.121352885726401,32.50711697721612,-2.6774114176226442,-0.0023016062189381405,8.476289688931999,0.08577636837209619,-29.300247741951495,-0.845232402679053,-19.549263169104478,1.5397792612636616,0.2152038595288366,0.20689099899680946,-2.307192386793512e-05,0.00020257,2.3083939045322867e-05,0.00049835,1,0.0
677,7.331558193321062e-06,4.321753245970043e-08,-0.00032169,4.121352885726401,32.50711697721612,-28.59116961672484,-0.0023016062189381405,6.833961836360606,0.08577636837209619,-39.41828570216428,-0.845232402679053,-55.452472783575224,1.5397792612636616,7.174071830940628,0.20689099899680946,-1.7525934021058534e-05,0.00020257,1.754843434382814e-05,0.00049835,1,0.0
678,9.257518865935172e-06,6.687841448565888e-08,-0.00032169,4.121352885726401,32.50711697721612,-59.7724113307304,-0.0023016062189381405,9.98286506970947,0.08577636837209619,-68.17083177918596,-0.845232402679053,14.697529827638347,1.5397792612636616,14.740032831368797,0.20689099899680946,-2.527540131842221e-05,0.00020257,2.527258003367306e-05,0.00049835,1,0.0
679,6.760020341247536e-06,1.9872352570963692e-07,-0.00032169,4.121352885726401,32.50711697721612,73.92279087239689,-0.0023016062189381405,12.498469583030616,0.08577636837209619,-16.133736020132055,-0.845232402679053,-65.39212552378325,1.5397792612636616,-18.184143347733336,0.20689099899680946,-3.598028956907201e-05,0.00020257,3.602296523233345e-05,0.00049835,1,0.0
680,3.63555787251692e-05,1.1789625768913692e-07,-0.00032169,4.121352885726401,32.50711697721612,43.899754034801376,-0.0023016062189381405,10.231390718692511,0.08577636837209619,-20.1365621916868,-0.845232402679053,-22.063329148350817,1.5397792612636616,-10.950753501917598,0.20689099899680946,-2.9057010609771054e-05,0.00020257,2.9053055914842053e-05,0.00049835,1,0.0
681,2.532805720679922e-05,4.948089102360747e-08,-0.00032169,4.121352885726401,32.50711697721612,42.107796743635504,-0.0023016062189381405,5.925198393868527,0.08577636837209619,-3.516344768875093,-0.845232402679053,-28.75773614324752,1.5397792612636616,-10.456158825281008,0.20689099899680946,-1.7450606301128563e-05,0.00020257,1.744678930640727e-05,0.00049835,1,0.0
682,3.6736508799980984e-05,7.264025073257251e-08,-0.00032169,4.121352885726401,32.50711697721612,-7.379355563047351,-0.0023016062189381405,7.234364405299676,0.08577636837209619,-29.636724626766366,-0.845232402679053,-75.58737768899017,1.5397792612636616,1.8512071408484152,0.20689099899680946,-1.9206728828552162e-05,0.00020257,1.9191398918046992e-05,0.00049835,1,0.0
683,0.0001552472882180465,1.096313387943537e-07,-0.00032169,4.121352885726401,32.50711697721612,-11.866038009517574,-0.0023016062189381405,10.956977217363725,0.08577636837209619,-43.07644117890606,-0.845232402679053,-25.630928506730825,1.5397792612636616,2.4637476150301225,0.20689099899680946,-2.94534182226672e-05,0.00020257,2.9448230599517905e-05,0.00049835,1,0.0
684,1.0034718901546168e-05,3.5963167786989256e-08,-0.00032169,4.121352885726401,32.50711697721612,-26.338245056836865,-0.0023016062189381405,6.082626098113489,0.08577636837209619,-35.285242983288484,-0.845232402679053,-51.350592914839275,1.5397792612636616,6.598491454796455,0.20689099899680946,-1.5580104968904198e-05,0.00020257,1.5601753691369544e-05,0.00049835,1,0.0
685,0.0007089255458383456,5.10940695466262e-09,-0.00032169,4.121352885726401,32.50711697721612,-74.65219778300224,-0.0023016062189381405,1.1937169847020987,0.08577636837209619,-6.561935936395908,-0.845232402679053,-42.963845996090946,1.5397792612636616,16.175897885188945,0.20689099899680946,-4.56074595043945e-06,0.00020257,4.559157353190708e-06,0.00049835,1,0.0
686,0.002901645622389233,2.3277848701306764e-06,-0.00032169,4.121352885726401,32.50711697721612,-25.128598593259504,-0.0023016062189381405,42.508943231316934,0.08577636837209619,-58.451084535732164,-0.845232402679053,-69.20343997708258,1.5397792612636616,-3.1489502797074955,0.20689099899680946,-0.0001244532289766696,0.00020257,0.00012545907212298761,0.00049835,1,0.0
687,2.3274627699071317e-06,2.4805429798926807e-07,-0.00032169,4.121352885726401,32.50711697721612,58.509171127976686,-0.0023016062189381405,15.072210270601314,0.08577636837209619,-36.59044310241304,-0.845232402679053,42.87365909362297,1.5397792612636616,-14.585536615374671,0.20689099899680946,-4.255601311789524e-05,0.00020257,4.254895221643801e-05,0.00049835,1,0.0
688,6.545528109998147e-05,1.0244970599320275e-07,-0.00032169,4.121352885726401,32.50711697721612,66.20677600678705,-0.0023016062189381405,8.449293344360175,0.08577636837209619,-0.8756384991789853,-0.845232402679053,-44.51408201388125,1.5397792612636616,-16.51912376688049,0.20689099899680946,-2.52359720920799e-05,0.00020257,2.5261363322661772e-05,0.00049835,1,0.0
689,2.183972095990295e-06,5.532945045986794e-07,-0.00032169,4.121352885726401,32.50711697721612,16.682163787606473,-0.0023016062189381405,24.241060516845145,0.08577636837209619,-92.4238075379467,-0.845232402679053,7.314024325257778,1.5397792612636616,-4.158807483960342,0.20689099899680946,-6.567952618529418e-05,0.00020257,6.566091034885782e-05,0.00049835,1,0.0
690,0.00038522059381239685,5.4090542551045785e-08,-0.00032169,4.121352885726401,32.50711697721612,-58.20369137455149,-0.0023016062189381405,8.028161294131333,0.08577636837209619,-43.38104388337619,-0.845232402679053,33.187019365074235,1.5397792612636616,13.04209906159852,0.20689099899680946,-2.087096895362742e-05,0.00020257,2.0864954104291316e-05,0.00049835,1,0.0
691,0.00011789555641547925,2.7542021747587783e-07,-0.00032169,4.121352885726401,32.50711697721612,24.48724815486879,-0.0023016062189381405,16.845762194057066,0.08577636837209619,-54.70690551182244,-0.845232402679053,60.82990869787165,1.5397792612636616,-6.581337026394244,0.20689099899680946,-4.652311436448327e-05,0.00020257,4.6536617340370545e-05,0.00049835,1,0.0
692,5.139507573378565e-05,2.876971586981525e-07,-0.00032169,4.121352885726401,32.50711697721612,19.456715584324506,-0.0023016062189381405,17.46724628540304,0.08577636837209619,-59.48942370222986,-0.845232402679053,-57.79067801407757,1.5397792612636616,-4.8699074692151205,0.20689099899680946,-4.757711894359905e-05,0.00020257,4.759527278634559e-05,0.00049835,1,0.0
693,1.2530545991742449e-05,1.1320437551884397e-07,-0.00032169,4.121352885726401,32.50711697721612,-46.839105907398356,-0.0023016062189381405,12.488868158626069,0.08577636837209619,-72.90651975236453,-0.845232402679053,30.709565495639154,1.5397792612636616,11.496022540386404,0.20689099899680946,-3.2290126788985924e-05,0.00020257,3.229449283586434e-05,0.00049835,1,0.0
694,5.978014671653123e-05,1.5105804531128956e-07,-0.00032169,4.121352885726401,32.50711697721612,81.53673801427097,-0.0023016062189381405,10.633724349721946,0.08577636837209619,-6.29861249319076,-0.845232402679053,79.8526519142261,1.5397792612636616,-20.54988354916451,0.20689099899680946,-3.1982318907803085e-05,0.00020257,3.199885943554294e-05,0.00049835,1,0.0
695,9.059809755007468e-07,6.333284555095465e-07,-0.00032169,4.121352885726401,32.50711697721612,34.89474590728897,-0.0023016062189381405,25.726196894711556,0.08577636837209619,-88.33303710869767,-0.845232402679053,-75.51884267020978,1.5397792612636616,-8.47659876264494,0.20689099899680946,-7.005630081874994e-05,0.00020257,7.010748251334528e-05,0.00049835,1,0.0
696,5.322768988800901e-05,3.117510226586626e-07,-0.00032169,4.121352885726401,32.50711697721612,83.20566962588022,-0.0023016062189381405,16.86313311661292,0.08577636837209619,-27.5247249503264,-0.845232402679053,-78.15282720990292,1.5397792612636616,-20.62710203464554,0.20689099899680946,-4.8167532193521445e-05,0.00020257,4.8167142296691386e-05,0.00049835,1,0.0
697,0.00011309926711198506,6.189680662408491e-08,-0.00032169,4.121352885726401,32.50711697721612,-98.95153348352487,-0.0023016062189381405,10.738164028846628,0.08577636837209619,-83.06375694939511,-0.845232402679053,-41.50476059838791,1.5397792612636616,24.205126467207222,0.20689099899680946,-2.6528450996369523e-05,0.00020257,2.652750048437709e-05,0.00049835,1,0.0
698,1.5300798420451274e-05,2.1246657153365717e-07,-0.00032169,4.121352885726401,32.50711697721612,84.6785255667706,-0.0023016062189381405,12.657073987432055,0.08577636837209619,-13.927675629257044,-0.845232402679053,29.625250765736613,1.5397792612636616,-21.067949099831576,0.20689099899680946,-3.7092925134703934e-05,0.00020257,3.713691911725973e-05,0.00049835,1,0.0
699,1.657306778227543e-05,1.8027145481854375e-07,-0.00032169,4.121352885726401,32.50711697721612,55.601084039720774,-0.0023016062189381405,12.879903251706537,0.08577636837209619,-28.843095282718217,-0.845232402679053,66.21994259811626,1.5397792612636616,-13.95718882050159,0.20689099899680946,-3.6688399628722473e-05,0.00020257,3.6693070193043593e-05,0.00049835,1,0.0
700,0.22479537665921767,0.07318344858019964,-0.00032169,1.2158541232221989,2.735354949826481,-25.023324888830974,-0.0023016062189381405,5.791348209315841,0.08577636837209619,-57.32823357421213,-0.845232402679053,41.979711801355755,1.5397792612636616,40.08320642601491,0.20689099899680946,-0.1582717221192043,0.00020257,0.17445794095744097,0.00049835,1,0.0
701,0.2303518469679051,0.035875137496471574,-0.00032169,1.2158541232221989,2.735354949826481,-28.622810595288172,-0.0023016062189381405,3.506307030894702,0.08577636837209619,-56.67324410119979,-0.845232402679053,50.39128099033161,1.5397792612636616,41.49818015603502,0.20689099899680946,-0.08446544313301699,0.00020257,0.08208457602638361,0.00049835,1,0.0
702,0.12054101446770615,0.011011353914138497,-0.00032169,1.2158541232221989,2.735354949826481,-2.0153273551445543,-0.0023016062189381405,20.80756917253066,0.08577636837209619,-99.08602588434653,-0.845232402679053,68.09598240068627,1.5397792612636616,35.346636337121886,0.20689099899680946,0.3168718058623353,0.00020257,1.2564725381736621,0.00049835,0,0.0
703,0.10930302399964856,0.006710782374844607,-0.00032169,1.2158541232221989,2.735354949826481,-12.400633426344486,-0.0023016062189381405,1.5008878241585164,0.08577636837209619,-24.121715537903246,-0.845232402679053,21.054122043687606,1.5397792612636616,18.02502408937434,0.20689099899680946,-0.03386366773628047,0.00020257,0.03347281472247296,0.00049835,1,0.0
704,0.0006189265115670306,0.030264801287714114,-0.00032169,1.2158541232221989,2.735354949826481,34.553518164686565,-0.0023016062189381405,10.378280795945354,0.08577636837209619,-2.0916676263916774,-0.845232402679053,-17.882837795544056,1.5397792612636616,-21.59832130648711,0.20689099899680946,0.3331243925549916,0.00020257,1.0894301824176582,0.00049835,0,0.0
705,0.002369926258758648,0.020075844932781837,-0.00032169,1.2158541232221989,2.735354949826481,51.45045862579749,-0.0023016062189381405,26.426547027568972,0.08577636837209619,-48.937722720690196,-0.845232402679053,-9.415782793340956,1.5397792612636616,-14.679954003432497,0.20689099899680946,0.290268232553588,0.00020257,2.2524602008415444,0.00049835,0,0.0
706,0.00718162513531484,0.004725037310332874,-0.00032169,1.2158541232221989,2.735354949826481,-4.176806382362316,-0.0023016062189381405,15.248314108168463,0.08577636837209619,-84.33736402312182,-0.845232402679053,69.47261484661452,1.5397792612636616,29.32295176226351,0.20689099899680946,0.3541067647680096,0.00020257,0.9139924670503439,0.00049835,0,0.0
707,0.0010477545480716,0.02114454099287581,-0.00032169,1.2158541232221989,2.735354949826481,62.201136310506975,-0.0023016062189381405,30.79471129456634,0.08577636837209619,-53.74864372222212,-0.845232402679053,-17.204887352932623,1.5397792612636616,-19.02800704373654,0.20689099899680946,0.27611278178769205,0.00020257,2.6769732341824373,0.00049835,0,0.0
708,0.12441937667818509,0.08442221524245008,-0.00032169,1.2158541232221989,2.735354949826481,-44.934748193721056,-0.0023016062189381405,4.966884011267496,0.08577636837209619,-99.92527166231442,-0.845232402679053,99.33570870426938,1.5397792612636616,64.72012000336072,0.20689099899680946,-0.11820866641623239,0.00020257,0.11805535132768273,0.00049835,1,0.0
709,-6.48357162595925e-05,0.00588420734368173,-0.00032169,1.2158541232221989,2.735354949826481,10.303891969221702,-0.0023016062189381405,17.481513585588758,0.08577636837209619,-72.29350989345103,-0.845232402679053,46.559399705352256,1.5397792612636616,17.028494808797497,0.20689099899680946,0.33668905633808577,0.00020257,1.203710149372949,0.00049835,0,0.0
710,1.6805971687651322,0.6128043578088502,-0.00032169,1.2158541232221989,2.735354949826481,-66.54383262817153,-0.0023016062189381405,9.0963858926104,0.08577636837209619,-78.35634107469384,-0.845232402679053,20.123386386961847,1.5397792612636616,99.38278499504763,0.20689099899680946,-0.18444549473627167,0.00020257,0.17777283133550567,0.00049835,1,0.0
711,0.0005588134084886232,0.07069694523393631,-0.00032169,1.2158541232221989,2.735354949826481,62.90698352926712,-0.0023016062189381405,20.16029100339721,0.08577636837209619,-1.5993856481274566,-0.845232402679053,-42.65966798330757,1.5397792612636616,-39.36522167486892,0.20689099899680946,0.43049522791035655,0.00020257,1.9652622084406057,0.00049835,0,0.0
712,0.6008645491074489,0.09106656942733256,-0.00032169,1.2158541232221989,2.735354949826481,-32.74421029150512,-0.0023016062189381405,5.270948472735191,0.08577636837209619,-50.80742774699098,-0.845232402679053,29.211777070953598,1.5397792612636616,48.63477963699208,0.20689099899680946,-0.1319154658199395,0.00020257,0.13335639571028565,0.00049835,1,0.0
713,0.014140962297849224,0.5326373371871761,-0.00032169,1.2158541232221989,2.735354949826481,98.65366021107008,-0.0023016062189381405,19.8753578733934,0.08577636837209619,-0.743037034828442,-0.845232402679053,-44.554494493071964,1.5397792612636616,-58.659460475143135,0.20689099899680946,0.714303584643216,0.00020257,3.5073440066383954,0.00049835,0,0.0
714,0.00033118191463987756,0.008799423851690967,-0.00032169,1.2158541232221989,2.735354949826481,4.87494294401931,-0.0023016062189381405,12.096468172363968,0.08577636837209619,-55.825041511515735,-0.845232402679053,43.37584621571119,1.5397792612636616,14.172364159616995,0.20689099899680946,0.36248239173285407,0.00020257,0.8073133448379362,0.00049835,0,0.0
715,-3.074648831602467e-05,0.03811463161814916,-0.00032169,1.2158541232221989,2.735354949826481,63.13181048789198,-0.0023016062189381405,22.193547879144358,0.08577636837209619,-12.677940893639414,-0.845232402679053,-40.70022521291417,1.5397792612636616,-34.23619594967945,0.20689099899680946,0.29935956430824284,0.00020257,2.1725286491279787,0.00049835,0,0.0
716,0.8448125776421822,0.42622556383382226,-0.00032169,1.2158541232221989,2.735354949826481,98.97390903003571,-0.0023016062189381405,61.0501758110974,0.08577636837209619,-82.96970387938582,-0.845232402679053,-82.3111051415683,1.5397792612636616,-16.853887568968677,0.20689099899680946,0.3144514946715886,0.00020257,4.759314731912173,0.00049835,0,0.0
717,0.968821505289084,0.2527924143645664,-0.00032169,1.2158541232221989,2.735354949826481,-45.686705087599485,-0.0023016062189381405,9.409149253775487,0.08577636837209619,-71.42558386209149,-0.845232402679053,28.902107632388645,1.5397792612636616,71.21971491066871,0.20689099899680946,-0.25537568680160855,0.00020257,0.2581601425018077,0.00049835,1,0.0
718,0.9162482777276961,0.24281065165513555,-0.00032169,1.2158541232221989,2.735354949826481,-60.645224259368185,-0.0023016062189381405,8.36421441329395,0.08577636837209619,-99.90359524196091,-0.845232402679053,70.58195475541109,1.5397792612636616,88.37934258172949,0.20689099899680946,-0.215827829210407,0.00020257,0.20883472136557368,0.00049835,1,0.0
719,0.21358238837425764,0.018418890515366045,-0.00032169,1.2158541232221989,2.735354949826481,-17.819877897444353,-0.0023016062189381405,2.3385203025672503,0.08577636837209619,-33.31504912030586,-0.845232402679053,25.548445231555643,1.5397792612636616,26.774341961306575,0.20689099899680946,-0.03916143783071105,0.00020257,0.04400835710381415,0.00049835,1,0.0
720,0.35514027563301676,0.039719061038134676,-0.00032169,1.2158541232221989,2.735354949826481,-24.185905706438678,-0.0023016062189381405,3.188195776086998,0.08577636837209619,-41.127019082135135,-0.845232402679053,29.643693136159552,1.5397792612636616,35.7180335653114,0.20689099899680946,-0.05822853536547681,0.00020257,0.07004378190163793,0.00049835,1,0.0
721,0.0017409498327547457,0.003183682836522664,-0.00032169,1.2158541232221989,2.735354949826481,9.618531925917516,-0.0023016062189381405,23.13155524327271,0.08577636837209619,-99.55420029462496,-0.845232402679053,63.510153398256904,1.5397792612636616,26.892263344253443,0.20689099899680946,0.3406236992653978,0.00020257,1.5419011422768811,0.00049835,0,0.0
722,0.18424953170201563,0.06145376783800033,-0.00032169,1.2158541232221989,2.735354949826481,30.557183929633425,-0.0023016062189381405,19.183937374176416,0.08577636837209619,-49.78607283395308,-0.845232402679053,5.036886128110158,1.5397792612636616,2.1724227066041086,0.20689099899680946,0.30896692128642633,0.00020257,1.755689217038719,0.00049835,0,0.0
723,0.04421644991642326,0.024265314825659308,-0.00032169,1.2158541232221989,2.735354949826481,53.29773827132983,-0.0023016062189381405,27.644737427111743,0.08577636837209619,-52.63396513114326,-0.845232402679053,-10.883075870066794,1.5397792612636616,-13.287447629730144,0.20689099899680946,0.28266861761326223,0.00020257,2.4070303960903665,0.00049835,0,0.0
724,0.0055693199537592,0.004994732910036622,-0.00032169,1.2158541232221989,2.735354949826481,23.392542024149215,-0.0023016062189381405,24.631589337085927,0.08577636837209619,-84.08201630886911,-0.845232402679053,38.44767006984248,1.5397792612636616,13.96891552799066,0.20689099899680946,0.29348505629399146,0.00020257,1.7962685107950322,0.00049835,0,0.0
725,0.010841579286795522,0.018383282171158772,-0.00032169,1.2158541232221989,2.735354949826481,47.576860747560254,-0.0023016062189381405,24.532561928380904,0.08577636837209619,-47.67586071228623,-0.845232402679053,-6.575421372330325,1.5397792612636616,-12.438590992339678,0.20689099899680946,0.2852968133921845,0.00020257,2.126652640766234,0.00049835,0,0.0
726,0.012086918707634009,0.011684190697646943,-0.00032169,1.2158541232221989,2.735354949826481,25.142382136151472,-0.0023016062189381405,18.23016141700895,0.08577636837209619,-52.51131948556153,-0.845232402679053,18.72002270455169,1.5397792612636616,2.0474313423814867,0.20689099899680946,0.3116667147698292,0.00020257,1.4431440793958301,0.00049835,0,0.0
727,1.006181138866589,0.2776036737446515,-0.00032169,1.2158541232221989,2.735354949826481,-55.1901468590209,-0.0023016062189381405,6.6031129012075604,0.08577636837209619,-83.81389944010576,-0.845232402679053,48.23946569811965,1.5397792612636616,82.76139427274411,0.20689099899680946,-0.1270147260350765,0.00020257,0.10407865620563564,0.00049835,1,0.0
728,0.26931779055228056,0.10633582994339566,-0.00032169,1.2158541232221989,2.735354949826481,99.96420998751931,-0.0023016062189381405,47.89183973748184,0.08577636837209619,-62.02103323026212,-0.845232402679053,-63.53154907107529,1.5397792612636616,-33.12705051064518,0.20689099899680946,0.2677707543588088,0.00020257,4.208490477113238,0.00049835,0,0.0
729,-0.00035612221251091203,0.007099559517432777,-0.00032169,1.2158541232221989,2.735354949826481,7.007355793465848,-0.0023016062189381405,14.471950114355423,0.08577636837209619,-63.16023302722849,-0.845232402679053,44.477837367162735,1.5397792612636616,15.689903011879462,0.20689099899680946,0.33673002657384604,0.00020257,0.9770612378608696,0.00049835,0,0.0
730,0.3175821742879399,0.09566155190811895,-0.00032169,1.2158541232221989,2.735354949826481,-20.305999382125474,-0.0023016062189381405,6.271376343368154,0.08577636837209619,-43.74908850478946,-0.845232402679053,22.501109747276207,1.5397792612636616,34.06780926715077,0.20689099899680946,-0.19537223954355368,0.00020257,0.21265397047170911,0.00049835,1,0.0
731,0.544196852449045,0.15071284155311196,-0.00032169,1.2158541232221989,2.735354949826481,-6.321810541034575,-0.0023016062189381405,3.5850541827176583,0.08577636837209619,-0.12609567432780444,-0.845232402679053,-30.131224872557556,1.5397792612636616,15.414149957320957,0.20689099899680946,-0.19339062730028977,0.00020257,0.2294372031715068,0.00049835,1,0.0
732,0.0001343508990847564,0.007088010559586412,-0.00032169,1.2158541232221989,2.735354949826481,16.914736866417307,-0.0023016062189381405,17.132848586761988,0.08577636837209619,-60.905354384169556,-0.845232402679053,32.37794345155576,1.5397792612636616,9.55282701103354,0.20689099899680946,0.31268175038415486,0.00020257,1.2766269370085075,0.00049835,0,0.0
733,0.012264260249173153,0.005688119595329888,-0.00032169,1.2158541232221989,2.735354949826481,10.214775187774823,-0.0023016062189381405,18.03991875523008,0.08577636837209619,-73.24658024738385,-0.845232402679053,45.591681116556735,1.5397792612636616,17.664225258666157,0.20689099899680946,0.3146566750760336,0.00020257,1.2255884986814598,0.00049835,0,0.0
734,0.010357183904521672,0.015030464875824075,-0.00032169,1.2158541232221989,2.735354949826481,14.548250077768314,-0.0023016062189381405,11.334164074362455,0.08577636837209619,-37.079071123334394,-0.845232402679053,21.881536778737473,1.5397792612636616,2.3637198749689725,0.20689099899680946,0.35885212831421986,0.00020257,0.87927405691237,0.00049835,0,0.0
735,0.3472862957267383,0.032424027583903905,-0.00032169,1.2158541232221989,2.735354949826481,-22.482601551938558,-0.0023016062189381405,2.721039320948406,0.08577636837209619,-36.18610745972817,-0.845232402679053,25.763397661111743,1.5397792612636616,32.707192158667084,0.20689099899680946,-0.05949407097690626,0.00020257,0.06110738673927382,0.00049835,1,0.0
736,0.010597396667762826,0.013960981159995197,-0.00032169,1.2158541232221989,2.735354949826481,37.52221978593036,-0.0023016062189381405,22.05688437025924,0.08577636837209619,-51.932224856032235,-0.845232402679053,5.800966623984697,1.5397792612636616,-5.100539200976299,0.20689099899680946,0.2892449314283665,0.00020257,1.8512793340007807,0.00049835,0,0.0
737,-6.692040326061743e-05,0.0051450011582726985,-0.00032169,1.2158541232221989,2.735354949826481,17.992883204546573,-0.0023016062189381405,23.754263255885714,0.08577636837209619,-87.14295277349211,-0.845232402679053,46.111814814276876,1.5397792612636616,17.7367618103274,0.20689099899680946,0.30287497105658956,0.00020257,1.6507964790004155,0.00049835,0,0.0
738,0.10764249886857546,0.03292927298173476,-0.00032169,1.2158541232221989,2.735354949826481,-18.973671319466106,-0.0023016062189381405,2.9423189433961485,0.08577636837209619,-41.98653463064505,-0.845232402679053,38.91625967406412,1.5397792612636616,27.995116693869722,0.20689099899680946,-0.05771382676394675,0.00020257,0.09176220013090162,0.00049835,1,0.0
739,2.081859189920055,0.9700892503043819,-0.00032169,1.2158541232221989,2.735354949826481,-61.759499170240495,-0.0023016062189381405,7.290784667179766,0.08577636837209619,-43.753643488814085,-0.845232402679053,-24.21379769406188,1.5397792612636616,91.43499649879051,0.20689099899680946,-0.1133984306570454,0.00020257,0.12109577010868582,0.00049835,1,0.0
740,0.010053436842023755,0.04862741834864858,-0.00032169,1.2158541232221989,2.735354949826481,89.49230760680089,-0.0023016062189381405,32.807269809308536,0.08577636837209619,-24.454859805860536,-0.845232402679053,-59.62445949157981,1.5397792612636616,-44.692594671920546,0.20689099899680946,0.2778608119176733,0.00020257,3.2260199991439293,0.00049835,0,0.0
741,2.508601353465587,1.522381403562282,-0.00032169,1.2158541232221989,2.735354949826481,-48.83572651720838,-0.0023016062189381405,11.689676634726212,0.08577636837209619,-12.01998712929861,-0.845232402679053,-94.74227039078511,1.5397792612636616,82.6387888273016,0.20689099899680946,-0.4338401095790329,0.00020257,0.43453753816447643,0.00049835,1,0.0
742,-0.0005362855067843064,0.03119514601378502,-0.00032169,1.2158541232221989,2.735354949826481,94.09706798704121,-0.0023016062189381405,44.22600385664629,0.08577636837209619,-70.60368019890055,-0.845232402679053,-37.465451140015965,1.5397792612636616,-31.251585868745682,0.20689099899680946,0.2696190831756573,0.00020257,3.9627240081873385,0.00049835,0,0.0
743,0.0010193199079959747,0.022159583542125338,-0.00032169,1.2158541232221989,2.735354949826481,91.80082238941172,-0.0023016062189381405,48.8507252626688,0.08577636837209619,-97.27633076211707,-0.845232402679053,-19.657113848791376,1.5397792612636616,-20.27784514170526,0.20689099899680946,0.26594440410961706,0.00020257,4.242857175132027,0.00049835,0,0.0
744,0.6566664587405768,0.1407876972213855,-0.00032169,1.2158541232221989,2.735354949826481,-49.660564213249636,-0.0023016062189381405,7.176905933015833,0.08577636837209619,-89.80485414068986,-0.845232402679053,66.67508964242185,1.5397792612636616,73.99578656559231,0.20689099899680946,-0.14078159782032768,0.00020257,0.1631440644292354,0.00049835,1,0.0
745,0.00022229205220913872,0.0029653609371959096,-0.00032169,1.2158541232221989,2.735354949826481,-9.037834395959273,-0.0023016062189381405,15.903622413312577,0.08577636837209619,-96.90289991079453,-0.845232402679053,82.24345829548125,1.5397792612636616,36.627090129446664,0.20689099899680946,0.34908876430217306,0.00020257,0.9265348174073315,0.00049835,0,0.0
746,0.002729044987286544,0.03593924111008122,-0.00032169,1.2158541232221989,2.735354949826481,55.86178912410477,-0.0023016062189381405,21.144054047573846,0.08577636837209619,-19.370336895692116,-0.845232402679053,-28.740818108997154,1.5397792612636616,-27.814421058399837,0.20689099899680946,0.3314209792714422,0.00020257,2.0123903958153253,0.00049835,0,0.0
747,-0.004515270864988263,0.07400337733451055,-0.00032169,1.2158541232221989,2.735354949826481,87.01558580965026,-0.0023016062189381405,35.49505880883837,0.08577636837209619,-47.78218795330734,-0.845232402679053,-35.1640123972623,1.5397792612636616,-36.12150362029625,0.20689099899680946,0.4485211469795807,0.00020257,3.4103442018386207,0.00049835,0,0.0
748,0.20196897844404077,0.04718017204095969,-0.00032169,1.2158541232221989,2.735354949826481,-22.113136844297742,-0.0023016062189381405,0.9927666437352863,0.08577636837209619,-39.322689873657296,-0.845232402679053,38.61647991254186,1.5397792612636616,30.881116960717474,0.20689099899680946,-0.05418502794072769,0.00020257,0.07853727726002638,0.00049835,1,0.0
749,2.445662584338315e-05,0.007190720007434623,-0.00032169,1.2158541232221989,2.735354949826481,15.531576816687885,-0.0023016062189381405,17.045152592559393,0.08577636837209619,-62.80374940063334,-0.845232402679053,35.31493523753677,1.5397792612636616,10.930680119751745,0.20689099899680946,0.32393189759870683,0.00020257,1.2534626218625857,0.00049835,0,0.0
750,0.010248209716195777,0.015251969809089926,-0.00032169,1.2158541232221989,2.735354949826481,55.89927764795011,-0.0023016062189381405,33.552189571512145,0.08577636837209619,-74.79175731683826,-0.845232402679053,0.3338327415408662,1.5397792612636616,-7.927410203612257,0.20689099899680946,0.2751269774492484,0.00020257,2.7444297239502373,0.00049835,0,0.0
751,0.008556925193959675,0.015451019069163558,-0.00032169,1.2158541232221989,2.735354949826481,69.33134307966333,-0.0023016062189381405,41.196649613518105,0.08577636837209619,-92.39904568072087,-0.845232402679053,-1.5256052611004667,1.5397792612636616,-9.32050867022444,0.20689099899680946,0.2805286612815645,0.00020257,3.4236286163564045,0.00049835,0,0.0
752,0.009842915170949151,0.1046885802147038,-0.00032169,1.2158541232221989,2.735354949826481,81.62593759399532,-0.0023016062189381405,27.26762041516678,0.08577636837209619,-17.202729751779042,-0.845232402679053,-43.71460706700176,1.5397792612636616,-44.60430856625568,0.20689099899680946,0.568045033606309,0.00020257,2.812150674187494,0.00049835,0,0.0
753,0.003969588932394075,0.03532465171605138,-0.00032169,1.2158541232221989,2.735354949826481,93.90857639430284,-0.0023016062189381405,43.09000995125033,0.08577636837209619,-68.71991364149947,-0.845232402679053,-37.44731063825749,1.5397792612636616,-31.426228295232114,0.20689099899680946,0.27718322868199596,0.00020257,3.9515509922658225,0.00049835,0,0.0
754,0.010369136153198566,0.052239223073309755,-0.00032169,1.2158541232221989,2.735354949826481,5.204215856800445,-0.0023016062189381405,10.440106917890029,0.08577636837209619,-61.327048989301964,-0.845232402679053,59.14748950234411,1.5397792612636616,15.295547016896945,0.20689099899680946,0.646916949938774,0.00020257,0.8641071544928481,0.00049835,0,0.0
755,0.19589581226079705,0.03786643050156295,-0.00032169,1.2158541232221989,2.735354949826481,-11.068140612483397,-0.0023016062189381405,1.8949814883428817,0.08577636837209619,-20.59972261646047,-0.845232402679053,9.532580818604101,1.5397792612636616,18.61655096578591,0.20689099899680946,-0.09691991280377264,0.00020257,0.09096785039070505,0.00049835,1,0.0
756,0.003623541997430646,0.04359016908220637,-0.00032169,1.2158541232221989,2.735354949826481,98.17833577849679,-0.0023016062189381405,40.96848333858338,0.08577636837209619,-45.92180998230281,-0.845232402679053,-56.594558301834844,1.5397792612636616,-42.58523603704917,0.20689099899680946,0.27012879813347834,0.00020257,3.7648206406006652,0.00049835,0,0.0
757,0.0008332333022322835,0.01619001927835051,-0.00032169,1.2158541232221989,2.735354949826481,28.671324204293086,-0.0023016062189381405,16.172481790339788,0.08577636837209619,-36.76045774683655,-0.845232402679053,6.796518958170828,1.5397792612636616,-5.968200129447108,0.20689099899680946,0.321061921040509,0.00020257,1.3369694098248632,0.00049835,0,0.0
758,1.5229300004157729,0.5307470264792702,-0.00032169,1.2158541232221989,2.735354949826481,-64.7510223553296,-0.0023016062189381405,7.466600400085161,0.08577636837209619,-77.4241947446609,-0.845232402679053,30.55155610821809,1.5397792612636616,94.40627469663237,0.20689099899680946,-0.14248976929833304,0.00020257,0.15297238247797254,0.00049835,1,0.0
759,0.008183234417658447,0.031049897502889442,-0.00032169,1.2158541232221989,2.735354949826481,84.04156445630231,-0.0023016062189381405,38.15145532365242,0.08577636837209619,-57.90527042961076,-0.845232402679053,-35.408304434877074,1.5397792612636616,-29.66211087382739,0.20689099899680946,0.27039998189461634,0.00020257,3.477018141658152,0.00049835,0,0.0
760,0.0010686779141524383,0.048203730251553556,-0.00032169,1.2158541232221989,2.735354949826481,82.01167983153559,-0.0023016062189381405,27.522482935607925,0.08577636837209619,-11.021093372959829,-0.845232402679053,-59.650657733952805,1.5397792612636616,-45.379283935153325,0.20689099899680946,0.2823043777943308,0.00020257,2.796285972847016,0.00049835,0,0.0
761,0.0024795098163751805,0.042621248710555636,-0.00032169,1.2158541232221989,2.735354949826481,-10.49136139148415,-0.0023016062189381405,7.1870548175670885,0.08577636837209619,-69.66399894542866,-0.845232402679053,81.52114075721236,1.5397792612636616,26.5364498552522,0.20689099899680946,0.41234273946575384,0.00020257,0.720115806494353,0.00049835,0,0.0
762,0.00029098142149508455,0.016035090200309726,-0.00032169,1.2158541232221989,2.735354949826481,33.453729132226336,-0.0023016062189381405,20.056349485820764,0.08577636837209619,-48.00646153368095,-0.845232402679053,9.189755020700257,1.5397792612636616,-4.831873268057711,0.20689099899680946,0.3297772237637432,0.00020257,1.639180051940281,0.00049835,0,0.0
763,0.01339908006289603,0.019057645663371307,-0.00032169,1.2158541232221989,2.735354949826481,58.377150764537745,-0.0023016062189381405,33.89937749021166,0.08577636837209619,-73.55525493052345,-0.845232402679053,-1.665034544883225,1.5397792612636616,-9.861763543001253,0.20689099899680946,0.303310151773434,0.00020257,2.8074963874107377,0.00049835,0,0.0
764,-2.5399512917800848e-05,0.019473086720202887,-0.00032169,1.2158541232221989,2.735354949826481,66.17843311372833,-0.0023016062189381405,33.79053190150323,0.08577636837209619,-63.4908677745558,-0.845232402679053,-14.971229150198166,1.5397792612636616,-17.701266313677092,0.20689099899680946,0.2737183621120538,0.00020257,2.9436404604551223,0.00049835,0,0.0
765,0.00024810483440473874,0.00673494214600668,-0.00032169,1.2158541232221989,2.735354949826481,20.4965340977806,-0.0023016062189381405,19.191213771659136,0.08577636837209619,-64.8240839016773,-0.845232402679053,30.766258820407558,1.5397792612636616,8.927244415924093,0.20689099899680946,0.30244990272318695,0.00020257,1.4476499456578655,0.00049835,0,0.0
766,0.004144012793955043,0.011973096964644889,-0.00032169,1.2158541232221989,2.735354949826481,-17.247662231355363,-0.0023016062189381405,12.633428577508836,0.08577636837209619,-99.58331625685605,-0.845232402679053,94.72497708301177,1.5397792612636616,42.57812621775721,0.20689099899680946,0.39381341405246223,0.00020257,0.7119555760177891,0.00049835,0,0.0
767,0.00010210057426895958,0.05104863954722909,-0.00032169,1.2158541232221989,2.735354949826481,92.17500292967156,-0.0023016062189381405,34.76437443159185,0.08577636837209619,-26.594735659991166,-0.845232402679053,-60.7926321311272,1.5397792612636616,-46.17448712361073,0.20689099899680946,0.2947627629879801,0.00020257,3.3087752638459325,0.00049835,0,0.0
768,0.0030725163276961176,0.03509980571299353,-0.00032169,1.2158541232221989,2.735354949826481,88.2119295074111,-0.0023016062189381405,38.37739753646723,0.08577636837209619,-50.01866263843567,-0.845232402679053,-44.389742802804214,1.5397792612636616,-35.270730915991415,0.20689099899680946,0.2709687918048842,0.00020257,3.493457727164717,0.00049835,0,0.0
769,0.0024902432234257255,0.04191400075598639,-0.00032169,1.2158541232221989,2.735354949826481,96.52638848036543,-0.0023016062189381405,39.88574377463249,0.08577636837209619,-46.78052141439411,-0.845232402679053,-53.28641859647005,1.5397792612636616,-41.05098583701495,0.20689099899680946,0.2775876668195112,0.00020257,3.7371177016047907,0.00049835,0,0.0
770,0.008914261796199474,0.03091123881508952,-0.00032169,1.2158541232221989,2.735354949826481,62.343627971035694,-0.0023016062189381405,25.300605211923468,0.08577636837209619,-28.09345394347095,-0.845232402679053,-32.17887650783889,1.5397792612636616,-27.999936010010902,0.20689099899680946,0.28249934729796666,0.00020257,2.3569823316401513,0.00049835,0,0.0
771,0.0062828779431818305,0.03955548883995955,-0.00032169,1.2158541232221989,2.735354949826481,57.03834964341228,-0.0023016062189381405,17.7515844287012,0.08577636837209619,-0.8724966878402731,-0.845232402679053,-42.15193750629602,1.5397792612636616,-34.724927492924785,0.20689099899680946,0.29357697443770536,0.00020257,1.826807172477083,0.00049835,0,0.0
772,0.009741922954811244,0.005130759622941321,-0.00032169,1.2158541232221989,2.735354949826481,0.7094046116803705,-0.0023016062189381405,18.521873373729072,0.08577636837209619,-89.68917339447268,-0.845232402679053,66.52189170269611,1.5397792612636616,28.31224400336014,0.20689099899680946,0.3384092737342923,0.00020257,1.1376897145839246,0.00049835,0,0.0
773,0.6665121690563673,0.1045321274997109,-0.00032169,1.2158541232221989,2.735354949826481,-25.261041719927768,-0.0023016062189381405,2.309463666192037,0.08577636837209619,-26.01385028883942,-0.845232402679053,5.485496324047859,1.5397792612636616,37.08077501600142,0.20689099899680946,-0.019727742735266136,0.00020257,0.018365705383418213,0.00049835,1,0.0
774,0.00588054730505827,0.0023235565263504104,-0.00032169,1.2158541232221989,2.735354949826481,14.201654431732535,-0.0023016062189381405,24.892104447873596,0.08577636837209619,-99.9483178117597,-0.845232402679053,57.25817757011659,1.5397792612636616,24.79508818009092,0.20689099899680946,0.30039199738787303,0.00020257,1.7073265568137055,0.00049835,0,0.0
775,0.4576629854343196,0.05747445632409658,-0.00032169,1.2158541232221989,2.735354949826481,-23.644547102410463,-0.0023016062189381405,2.8952833079674596,0.08577636837209619,-35.15743806282106,-0.845232402679053,19.79482904973762,1.5397792612636616,35.47812434252639,0.20689099899680946,-0.035153881565778096,0.00020257,0.05144382602053222,0.00049835,1,0.0
776,0.0031559413903095024,0.012354036530797538,-0.00032169,1.2158541232221989,2.735354949826481,10.064753213765426,-0.0023016062189381405,11.172078786695028,0.08577636837209619,-45.324908067286465,-0.845232402679053,32.2005247952637,1.5397792612636616,7.8377734586192,0.20689099899680946,0.3698659103606599,0.00020257,0.8393074384936463,0.00049835,0,0.0
777,0.02490693498975438,0.05205270464905371,-0.00032169,1.2158541232221989,2.735354949826481,71.94739342110353,-0.0023016062189381405,22.018765506927718,0.08577636837209619,-0.44929264572554634,-0.845232402679053,-57.08721417865987,1.5397792612636616,-42.747003547305276,0.20689099899680946,0.2796583210054313,0.00020257,2.3530237535204446,0.00049835,0,0.0
778,-0.00015697913170886757,0.008337723777309234,-0.00032169,1.2158541232221989,2.735354949826481,42.8946436501066,-0.0023016062189381405,32.504602391676315,0.08577636837209619,-90.45982336173641,-0.845232402679053,23.06527956370746,1.5397792612636616,4.816307445381313,0.20689099899680946,0.2856269243835785,0.00020257,2.51250177860131,0.00049835,0,0.0
779,0.11527984838818783,0.03635693692240527,-0.00032169,1.2158541232221989,2.735354949826481,42.32610460382683,-0.0023016062189381405,24.06544113552176,0.08577636837209619,-46.64697339865521,-0.845232402679053,-7.354261281063004,1.5397792612636616,-8.25178729900736,0.20689099899680946,0.30693114054517845,0.00020257,1.994559772968812,0.00049835,0,0.0
780,0.34604033073698104,0.08919192475764819,-0.00032169,1.2158541232221989,2.735354949826481,-10.889379277542647,-0.0023016062189381405,10.314749271123528,0.08577636837209619,-63.104978519557,-0.845232402679053,50.618365078419075,1.5397792612636616,32.06643715305069,0.20689099899680946,0.4694315556421964,0.00020257,0.6317607070308706,0.00049835,0,0.0
781,-1.0599803415445308e-05,0.04207120535812777,-0.00032169,1.2158541232221989,2.735354949826481,96.60228070674057,-0.0023016062189381405,41.10801785198564,0.08577636837209619,-50.19432667224638,-0.845232402679053,-51.528976296934744,1.5397792612636616,-40.26987079280387,0.20689099899680946,0.28738228374863284,0.00020257,3.7651808528517066,0.00049835,0,0.0
782,0.016980552864254927,0.05071336412470188,-0.00032169,1.2158541232221989,2.735354949826481,-6.209881536179749,-0.0023016062189381405,6.656324742207164,0.08577636837209619,-58.75179902697176,-0.845232402679053,70.89441556426037,1.5397792612636616,20.13171294309888,0.20689099899680946,0.40865802212555913,0.00020257,0.7426229126177453,0.00049835,0,0.0
783,0.0032396812214376958,0.026007881121254132,-0.00032169,1.2158541232221989,2.735354949826481,36.095369218562446,-0.0023016062189381405,13.371086254096959,0.08577636837209619,-13.494974199149864,-0.845232402679053,-13.471351174735178,1.5397792612636616,-18.3066362612247,0.20689099899680946,0.32265564324053214,0.00020257,1.289787902520644,0.00049835,0,0.0
784,0.0006106316996530303,0.03735285005606821,-0.00032169,1.2158541232221989,2.735354949826481,79.87903879675841,-0.0023016062189381405,33.82848256172912,0.08577636837209619,-43.58019350786607,-0.845232402679053,-37.999828261487735,1.5397792612636616,-32.897630462188076,0.20689099899680946,0.3113547919591402,0.00020257,3.1308109213932025,0.00049835,0,0.0
785,0.003424069917875805,0.030362329015578643,-0.00032169,1.2158541232221989,2.735354949826481,96.20741908238487,-0.0023016062189381405,45.967410016100736,0.08577636837209619,-75.17468483673045,-0.845232402679053,-37.102629305685944,1.5397792612636616,-30.8072754640594,0.20689099899680946,0.269486938314041,0.00020257,4.0932493341557965,0.00049835,0,0.0
786,0.009339430445578278,0.003147689267844586,-0.00032169,1.2158541232221989,2.735354949826481,-6.329916471473584,-0.0023016062189381405,17.493442715021327,0.08577636837209619,-97.59136955538361,-0.845232402679053,79.18044342618157,1.5397792612636616,35.183465547870874,0.20689099899680946,0.34413400546152895,0.00020257,1.0271156696900747,0.00049835,0,0.0
787,0.5456232499478806,0.20800802763121715,-0.00032169,1.2158541232221989,2.735354949826481,15.595019059860647,-0.0023016062189381405,11.338514826905215,0.08577636837209619,-4.8277196923352275,-0.845232402679053,-28.80596601593008,1.5397792612636616,-0.05782823965761874,0.20689099899680946,0.32307213115603645,0.00020257,0.8494071690963423,0.00049835,0,0.0
788,0.013467695155859216,0.010993063046330449,-0.00032169,1.2158541232221989,2.735354949826481,12.31454555194978,-0.0023016062189381405,13.401051714271007,0.08577636837209619,-49.24508590812606,-0.845232402679053,30.240612234102827,1.5397792612636616,8.02928274213034,0.20689099899680946,0.3394945481010218,0.00020257,0.9721260157577518,0.00049835,0,0.0
789,0.0017467019619430424,0.023456684088942466,-0.00032169,1.2158541232221989,2.735354949826481,60.3699166001738,-0.0023016062189381405,28.347777633653788,0.08577636837209619,-46.382521816576386,-0.845232402679053,-18.95659814851402,1.5397792612636616,-20.5148854808723,0.20689099899680946,0.2889383071330125,0.00020257,2.5243012208460653,0.00049835,0,0.0
790,0.003517331777970867,0.05368747830602069,-0.00032169,1.2158541232221989,2.735354949826481,99.27370201652353,-0.0023016062189381405,36.37217373987903,0.08577636837209619,-24.602121001851312,-0.845232402679053,-69.11442166467306,1.5397792612636616,-50.623882119799255,0.20689099899680946,0.2770582920112816,0.00020257,3.535168272547047,0.00049835,0,0.0
791,0.019459602312345448,0.01731132380380263,-0.00032169,1.2158541232221989,2.735354949826481,7.848567748227056,-0.0023016062189381405,9.047743904384637,0.08577636837209619,-38.5421246507518,-0.845232402679053,30.614519316791693,1.5397792612636616,6.861937968275913,0.20689099899680946,0.3970239617156087,0.00020257,0.6822978899725535,0.00049835,0,0.0
792,-0.00024676481650542925,0.04734235686865556,-0.00032169,1.2158541232221989,2.735354949826481,99.66351464612096,-0.0023016062189381405,40.42905630168955,0.08577636837209619,-40.47581994312719,-0.845232402679053,-61.211989237579736,1.5397792612636616,-45.520600605004724,0.20689099899680946,0.2688848749185193,0.00020257,3.7367178205363794,0.00049835,0,0.0
793,0.01791014041172634,0.005134622040200696,-0.00032169,1.2158541232221989,2.735354949826481,32.31537342448647,-0.0023016062189381405,30.71160275291471,0.08577636837209619,-99.16974720148619,-0.845232402679053,37.76137993374187,1.5397792612636616,14.542318390778082,0.20689099899680946,0.28429122089748793,0.00020257,2.3003316605994573,0.00049835,0,0.0
794,0.008103233241012475,0.048707884539191774,-0.00032169,1.2158541232221989,2.735354949826481,98.0732129112599,-0.0023016062189381405,38.81841120157364,0.08577636837209619,-38.03577032439473,-0.845232402679053,-60.175015410357155,1.5397792612636616,-45.108560296635055,0.20689099899680946,0.283650189862686,0.00020257,3.670891195512046,0.00049835,0,0.0
795,0.002379502922960519,0.033125126155565676,-0.00032169,1.2158541232221989,2.735354949826481,91.55088432694194,-0.0023016062189381405,41.88648857059311,0.08577636837209619,-60.83281447703998,-0.845232402679053,-41.499569604245984,1.5397792612636616,-33.450194724402344,0.20689099899680946,0.2693192220418723,0.00020257,3.7404637988911205,0.00049835,0,0.0
796,0.0004838365158912339,0.0024446648353416713,-0.00032169,1.2158541232221989,2.735354949826481,17.209969321514592,-0.0023016062189381405,25.088692674253036,0.08577636837209619,-96.91831072935959,-0.845232402679053,52.603694690137075,1.5397792612636616,22.026848036714707,0.20689099899680946,0.2953759797147245,0.00020257,1.7635439643581878,0.00049835,0,0.0
797,0.043450822721535026,0.038423937244446565,-0.00032169,1.2158541232221989,2.735354949826481,-28.556874254181952,-0.0023016062189381405,2.7150340844333813,0.08577636837209619,-64.35619552223201,-0.845232402679053,66.37897506320394,1.5397792612636616,40.77865334377837,0.20689099899680946,-0.06731058352308786,0.00020257,0.07025919091391516,0.00049835,1,0.0
798,0.04298021488967119,0.07089719575909889,-0.00032169,1.2158541232221989,2.735354949826481,91.10755142047118,-0.0023016062189381405,29.35860580672882,0.08577636837209619,-0.002987228711998219,-0.845232402679053,-78.24984635193178,1.5397792612636616,-54.09598141513968,0.20689099899680946,0.27502984041526246,0.00020257,2.9634644261095753,0.00049835,0,0.0
799,0.01801261322923642,0.004125984674112898,-0.00032169,1.2158541232221989,2.735354949826481,3.000487333505889,-0.0023016062189381405,17.87825412755612,0.08577636837209619,-85.18458751642267,-0.845232402679053,60.28382989510209,1.5397792612636616,26.207737617426808,0.20689099899680946,0.3259652173694518,0.00020257,1.1575655715073057,0.00049835,0,0.0
800,0.48818059309444295,0.033906033566591304,-0.00032169,2.387138367997413,2.9709305229720875,-52.399627220290476,-0.0023016062189381405,4.424591274561365,0.08577636837209619,-54.15735481487541,-0.845232402679053,23.007874317863237,1.5397792612636616,63.28729855833149,0.20689099899680946,-0.07799486671613157,0.00020257,0.07855795588175421,0.00049835,1,0.0
801,1.0526543276538631,0.26315879341206705,-0.00032169,2.387138367997413,2.9709305229720875,-15.336040754195896,-0.0023016062189381405,10.649783701000585,0.08577636837209619,-27.448182026954974,-0.845232402679053,-69.42531524211341,1.5397792612636616,53.264533899745906,0.20689099899680946,-0.23986539581637548,0.00020257,0.24117361977771615,0.00049835,1,0.0
802,0.7066076237633798,0.09197223929021221,-0.00032169,2.387138367997413,2.9709305229720875,-33.00596690154208,-0.0023016062189381405,5.6831873233070285,0.08577636837209619,-34.66213203190646,-0.845232402679053,-19.694167503706435,1.5397792612636616,53.854809547761846,0.20689099899680946,-0.11825827539549906,0.00020257,0.12266336547055547,0.00049835,1,0.0
803,0.2088115388546224,0.01871615003278573,-0.00032169,2.387138367997413,2.9709305229720875,-10.197465298436333,-0.0023016062189381405,3.8746966159809624,0.08577636837209619,-22.379402060016943,-0.845232402679053,-1.3889719590116436,1.5397792612636616,20.92594360606275,0.20689099899680946,-0.08577231626780088,0.00020257,0.08569536998771518,0.00049835,1,0.0
804,0.2375730399105812,0.008546595053654904,-0.00032169,2.387138367997413,2.9709305229720875,-51.44287188885139,-0.0023016062189381405,3.10976273385201,0.08577636837209619,-57.29522186331093,-0.845232402679053,45.42291961860371,1.5397792612636616,55.900539332890325,0.20689099899680946,-0.05386749827990247,0.00020257,0.054212986536655704,0.00049835,1,0.0
805,0.002575397434489979,0.10744223575456689,-0.00032169,2.387138367997413,2.9709305229720875,99.30294523210898,-0.0023016062189381405,10.15190377896307,0.08577636837209619,-34.98691836320645,-0.845232402679053,15.355593495456791,1.5397792612636616,-32.22248636954908,0.20689099899680946,0.37164994269136953,0.00020257,0.6916171276364251,0.00049835,0,0.0
806,0.10700093969062802,0.03292830886161712,-0.00032169,2.387138367997413,2.9709305229720875,-22.963626736939332,-0.0023016062189381405,5.040164442278662,0.08577636837209619,-57.53056116351351,-0.845232402679053,34.24064429557347,1.5397792612636616,41.591486636851016,0.20689099899680946,-0.11410126973994375,0.00020257,0.11053893437816922,0.00049835,1,0.0
807,0.015370428195127073,0.018033533853526046,-0.00032169,2.387138367997413,2.9709305229720875,-13.463087881505038,-0.0023016062189381405,3.803517360886568,0.08577636837209619,-41.22425625939432,-0.845232402679053,27.588602258086354,1.5397792612636616,25.906705010741778,0.20689099899680946,-0.07670862336200109,0.00020257,0.08232366635525747,0.00049835,1,0.0
808,0.19198540772551875,0.008785002775886251,-0.00032169,2.387138367997413,2.9709305229720875,-36.82715652442446,-0.0023016062189381405,2.9781771194357867,0.08577636837209619,-46.64052604215995,-0.845232402679053,33.09810779312888,1.5397792612636616,43.79022109589169,0.20689099899680946,-0.05334109979387158,0.00020257,0.05216478487846038,0.00049835,1,0.0
809,0.07636875800792581,0.0046913894296405235,-0.00032169,2.387138367997413,2.9709305229720875,-37.82117975381963,-0.0023016062189381405,1.486201010902501,0.08577636837209619,-45.871638369483634,-0.845232402679053,44.53530396279969,1.5397792612636616,40.49834386500788,0.20689099899680946,-0.015235182767574185,0.00020257,0.017495384865182873,0.00049835,1,0.0
810,0.009791516772410191,0.012434728212723598,-0.00032169,2.387138367997413,2.9709305229720875,2.02030603719267,-0.0023016062189381405,2.857590382184864,0.08577636837209619,-21.864897442063516,-0.845232402679053,7.29174007179688,1.5397792612636616,10.756123113007284,0.20689099899680946,-0.0720720675428502,0.00020257,0.07327820991447834,0.00049835,1,0.0
811,0.3625724424079698,0.027097460043582766,-0.00032169,2.387138367997413,2.9709305229720875,-91.39596208889024,-0.0023016062189381405,0.5332143431218254,0.08577636837209619,-71.9442762862745,-0.845232402679053,74.44741708599061,1.5397792612636616,83.72847610376593,0.20689099899680946,-0.04477649586248636,0.00020257,0.04862481784924021,0.00049835,1,0.0
812,0.009371716681259135,0.060942997389518194,-0.00032169,2.387138367997413,2.9709305229720875,-37.82008774737343,-0.0023016062189381405,6.597346702132547,0.08577636837209619,-93.22167218597076,-0.845232402679053,71.11945658625244,1.5397792612636616,62.409145623763216,0.20689099899680946,-0.1436521958400252,0.00020257,0.1435714660266313,0.00049835,1,0.0
813,0.5663566729888952,0.06173736981323942,-0.00032169,2.387138367997413,2.9709305229720875,-43.7046018193009,-0.0023016062189381405,4.040640890390252,0.08577636837209619,-44.8008661724568,-0.845232402679053,7.746626635797411,1.5397792612636616,58.899024159660115,0.20689099899680946,-0.06311464733188701,0.00020257,0.08533288678079401,0.00049835,1,0.0
814,0.08953489944450294,0.009935682428906027,-0.00032169,2.387138367997413,2.9709305229720875,-5.913400583076554,-0.0023016062189381405,2.5279123935729375,0.08577636837209619,-20.60177095982483,-0.845232402679053,5.754063466921933,1.5397792612636616,15.646815913879678,0.20689099899680946,-0.059924862665383445,0.00020257,0.05794589241383503,0.00049835,1,0.0
815,0.021453107386165238,0.11706303935770032,-0.00032169,2.387138367997413,2.9709305229720875,45.87950860365582,-0.0023016062189381405,10.567881590197151,0.08577636837209619,-78.70182092474724,-0.845232402679053,60.72922930471221,1.5397792612636616,12.88706693259665,0.20689099899680946,0.32939855128937345,0.00020257,0.5338256167962082,0.00049835,0,0.0
816,0.6908010536437483,0.19918970733605584,-0.00032169,2.387138367997413,2.9709305229720875,-86.89001362831074,-0.0023016062189381405,10.980877118249492,0.08577636837209619,-99.65981924193088,-0.845232402679053,48.72938373516147,1.5397792612636616,99.99916139773593,0.20689099899680946,-0.26238005634997713,0.00020257,0.27475506683118417,0.00049835,1,0.0
817,0.01888760107112586,0.10472713496256401,-0.00032169,2.387138367997413,2.9709305229720875,20.709114576176447,-0.0023016062189381405,6.00649542817766,0.08577636837209619,-45.60406835343396,-0.845232402679053,20.553356693739996,1.5397792612636616,14.49230240235689,0.20689099899680946,0.03592039305981877,0.00020257,0.19911879060593674,0.00049835,0,0.0
818,0.0515767707900322,0.07965591428632071,-0.00032169,2.387138367997413,2.9709305229720875,-23.81067817268458,-0.0023016062189381405,7.934947173683618,0.08577636837209619,-86.59306488502612,-0.845232402679053,53.64923922152316,1.5397792612636616,54.60773480174726,0.20689099899680946,-0.1706138469245329,0.00020257,0.18173649398966368,0.00049835,1,0.0
819,0.2760226488897484,0.0187824029439738,-0.00032169,2.387138367997413,2.9709305229720875,-85.19926051088692,-0.0023016062189381405,3.5807154745164285,0.08577636837209619,-96.23956231446762,-0.845232402679053,88.01321798611521,1.5397792612636616,90.53098459734525,0.20689099899680946,-0.037170724529666826,0.00020257,0.04744941460697896,0.00049835,1,0.0
820,0.003431231795512968,0.03807262029516403,-0.00032169,2.387138367997413,2.9709305229720875,95.63356101349974,-0.0023016062189381405,15.076617485381895,0.08577636837209619,-81.53089558134381,-0.845232402679053,34.99346401696381,1.5397792612636616,-5.566283700700858,0.20689099899680946,0.47786795557957806,0.00020257,0.5261484990117508,0.00049835,0,0.0
821,0.19571922233798325,0.019777495117193896,-0.00032169,2.387138367997413,2.9709305229720875,-96.96971794682865,-0.0023016062189381405,0.5135274401861171,0.08577636837209619,-84.77716781039443,-0.845232402679053,98.40702323731239,1.5397792612636616,86.21573070717494,0.20689099899680946,-0.06733964048885052,0.00020257,0.0668050176605536,0.00049835,1,0.0
822,0.28754356726728536,0.022088554801005654,-0.00032169,2.387138367997413,2.9709305229720875,-23.81001313199178,-0.0023016062189381405,-0.940434199794469,0.08577636837209619,-0.23956315973348805,-0.845232402679053,-5.135304689934568,1.5397792612636616,19.47610343702035,0.20689099899680946,-0.032260745624824304,0.00020257,0.03390861211578391,0.00049835,1,0.0
823,0.051570969997585286,0.001105676056833735,-0.00032169,2.387138367997413,2.9709305229720875,-16.206683921476213,-0.0023016062189381405,0.3602675428399744,0.08577636837209619,-15.01494149261348,-0.845232402679053,15.21426411408368,1.5397792612636616,15.39568829522733,0.20689099899680946,-0.008914872611538591,0.00020257,0.010198146163122392,0.00049835,1,0.0
824,0.0148615788170402,0.03280510893182415,-0.00032169,2.387138367997413,2.9709305229720875,24.820742453994004,-0.0023016062189381405,3.721975412706691,0.08577636837209619,-10.802398633080767,-0.845232402679053,-15.817658627847385,1.5397792612636616,-2.4796720411789743,0.20689099899680946,-0.1251110109488134,0.00020257,0.12541676703077684,0.00049835,1,0.0
825,0.20152484373765783,0.013062652049673266,-0.00032169,2.387138367997413,2.9709305229720875,-56.389782162884465,-0.0023016062189381405,3.7507249702225316,0.08577636837209619,-72.21316133394116,-0.845232402679053,59.4536216469647,1.5397792612636616,64.67812290248315,0.20689099899680946,-0.0626139669414441,0.00020257,0.061097191704519035,0.00049835,1,0.0
826,0.7798490031355696,0.14643648817339788,-0.00032169,2.387138367997413,2.9709305229720875,-60.84412134905918,-0.0023016062189381405,10.273042624313744,0.08577636837209619,-99.04108781787471,-0.845232402679053,26.43065000750181,1.5397792612636616,99.99984104758964,0.20689099899680946,-0.20636511878261482,0.00020257,0.22640737914372627,0.00049835,1,0.0
827,0.6419510252361327,0.07634626758670597,-0.00032169,2.387138367997413,2.9709305229720875,-41.26023826874912,-0.0023016062189381405,4.627517673742544,0.08577636837209619,-45.6204088806,-0.845232402679053,-1.4360336519486143,1.5397792612636616,62.00743897082193,0.20689099899680946,-0.11555463932718842,0.00020257,0.11613205714077875,0.00049835,1,0.0
828,0.2995729948108199,0.1386044688305611,-0.00032169,2.387138367997413,2.9709305229720875,-91.52999662813511,-0.0023016062189381405,-6.496939948050425,0.08577636837209619,-13.674794377724309,-0.845232402679053,53.5616602823226,1.5397792612636616,51.41093674894283,0.20689099899680946,-0.22598170894575464,0.00020257,0.22573447040440708,0.00049835,1,0.0
829,0.00378899159601942,0.056934324160776206,-0.00032169,2.387138367997413,2.9709305229720875,99.89049586694259,-0.0023016062189381405,13.036860314767058,0.08577636837209619,-58.336197129163864,-0.845232402679053,21.83391771560488,1.5397792612636616,-19.61255121577279,0.20689099899680946,0.4447252857881017,0.00020257,0.5719293917924143,0.00049835,0,0.0
830,0.3434379335954218,0.014749026551959529,-0.00032169,2.387138367997413,2.9709305229720875,-67.7652044555928,-0.0023016062189381405,3.663031653018337,0.08577636837209619,-71.74576894712851,-0.845232402679053,55.7987549138792,1.5397792612636616,73.15680498641693,0.20689099899680946,-0.0586829211812124,0.00020257,0.05845987094074958,0.00049835,1,0.0
831,0.5007760656090146,0.0503891682835898,-0.00032169,2.387138367997413,2.9709305229720875,-54.30762099780468,-0.0023016062189381405,-0.17378192955432037,0.08577636837209619,-18.35149738019171,-0.845232402679053,7.940372566779285,1.5397792612636616,46.589792731837925,0.20689099899680946,-0.04498058183750353,0.00020257,0.04474265942512348,0.00049835,1,0.0
832,0.007834158920739798,0.06396231491196956,-0.00032169,2.387138367997413,2.9709305229720875,99.97202267666836,-0.0023016062189381405,14.213996925919119,0.08577636837209619,-59.81679663012493,-0.845232402679053,21.19582717519463,1.5397792612636616,-20.547196509769453,0.20689099899680946,0.44065339664078923,0.00020257,0.5839421257827487,0.00049835,0,0.0
833,0.26713756156529156,0.06832362876606302,-0.00032169,2.387138367997413,2.9709305229720875,-50.95933711980685,-0.0023016062189381405,7.144808893004065,0.08577636837209619,-99.9295280854319,-0.845232402679053,64.08632067017855,1.5397792612636616,80.36527324381196,0.20689099899680946,-0.15104201588915397,0.00020257,0.165174022170097,0.00049835,1,0.0
834,0.18131732133025874,0.07055274295998723,-0.00032169,2.387138367997413,2.9709305229720875,39.23805761816082,-0.0023016062189381405,6.597432021627253,0.08577636837209619,-0.03940944222233045,-0.845232402679053,-48.46222585619513,1.5397792612636616,-9.93197488303045,0.20689099899680946,-0.17360452991164443,0.00020257,0.17627138610233173,0.00049835,1,0.0
835,0.0915984970062389,0.08000649373984865,-0.00032169,2.387138367997413,2.9709305229720875,99.94656357906663,-0.0023016062189381405,13.066060853424897,0.08577636837209619,-52.82103287094725,-0.845232402679053,11.256266985151168,1.5397792612636616,-19.384307194131917,0.20689099899680946,0.4454789647001466,0.00020257,0.5655122964202691,0.00049835,0,0.0
836,0.25998397319975447,0.0823075214671711,-0.00032169,2.387138367997413,2.9709305229720875,-99.71435449011608,-0.0023016062189381405,-4.300808191858914,0.08577636837209619,-46.52977429813323,-0.845232402679053,79.01641629328877,1.5397792612636616,70.62482384042193,0.20689099899680946,-0.1650087559170439,0.00020257,0.167795049885621,0.00049835,1,0.0
837,0.16499534235802327,0.00346075874511804,-0.00032169,2.387138367997413,2.9709305229720875,-34.26819484971503,-0.0023016062189381405,1.0082511812137178,0.08577636837209619,-31.658465085328178,-0.845232402679053,27.315188702833545,1.5397792612636616,34.72529633347254,0.20689099899680946,-0.010006663365930975,0.00020257,0.010448120601390217,0.00049835,1,0.0
838,0.08515592747679124,0.04098231682160324,-0.00032169,2.387138367997413,2.9709305229720875,99.6082007250212,-0.0023016062189381405,18.009363575716986,0.08577636837209619,-99.64208814414044,-0.845232402679053,34.74983156716748,1.5397792612636616,4.8947914429040225,0.20689099899680946,0.44153843668684417,0.00020257,0.5877409383644856,0.00049835,0,0.0
839,0.45951610584119423,0.0508273471403092,-0.00032169,2.387138367997413,2.9709305229720875,-79.41815724124737,-0.0023016062189381405,-1.0235414255877924,0.08577636837209619,-43.33165815797176,-0.845232402679053,43.671018656149215,1.5397792612636616,68.47855995824868,0.20689099899680946,-0.06397163878498167,0.00020257,0.06221988486631931,0.00049835,1,0.0
840,0.0005124638561720407,0.045305791574505413,-0.00032169,2.387138367997413,2.9709305229720875,19.839958555015166,-0.0023016062189381405,5.447484439542196,0.08577636837209619,-24.48801593112749,-0.845232402679053,-5.649145290398824,1.5397792612636616,4.560641413404783,0.20689099899680946,-0.14263312147334478,0.00020257,0.14294108752959028,0.00049835,1,0.0
841,0.12297432800252757,0.004378215601828102,-0.00032169,2.387138367997413,2.9709305229720875,-1.7528795933003636,-0.0023016062189381405,0.8711541261164404,0.08577636837209619,-2.0549913175171413,-0.845232402679053,-8.14699873202756,1.5397792612636616,5.984852347675643,0.20689099899680946,-0.021351474590371643,0.00020257,0.023688896306645897,0.00049835,1,0.0
842,0.0003524878379530527,0.10179357736024038,-0.00032169,2.387138367997413,2.9709305229720875,96.06997544340037,-0.0023016062189381405,13.27612705836502,0.08577636837209619,-75.16512433710638,-0.845232402679053,52.264541990102956,1.5397792612636616,-12.867000542295367,0.20689099899680946,0.4616642659647382,0.00020257,0.8150339269709687,0.00049835,0,0.0
843,0.009388511152846113,0.09120661741328029,-0.00032169,2.387138367997413,2.9709305229720875,99.95907132497565,-0.0023016062189381405,10.946675183673314,0.08577636837209619,-40.584576304300946,-0.845232402679053,14.080256929438427,1.5397792612636616,-28.606934556673842,0.20689099899680946,0.39354512932959024,0.00020257,0.631433387761943,0.00049835,0,0.0
844,0.004225846295889735,0.11609251054803921,-0.00032169,2.387138367997413,2.9709305229720875,63.43939818977429,-0.0023016062189381405,5.994377795145999,0.08577636837209619,-2.222996084702918,-0.845232402679053,-29.247514105014663,1.5397792612636616,-25.731989319073612,0.20689099899680946,0.06839565329994274,0.00020257,0.2117830079985809,0.00049835,0,0.0
845,0.10598912971787355,0.05581037819610726,-0.00032169,2.387138367997413,2.9709305229720875,-50.25655090601753,-0.0023016062189381405,7.427569202173969,0.08577636837209619,-93.02554964387039,-0.845232402679053,71.13983266472508,1.5397792612636616,67.39168893315097,0.20689099899680946,-0.14428067527662922,0.00020257,0.15591175416768097,0.00049835,1,0.0
846,0.0002484733145925455,0.1486917973284954,-0.00032169,2.387138367997413,2.9709305229720875,92.08863810524043,-0.0023016062189381405,7.6766742347466,0.08577636837209619,-1.7511677049361585,-0.845232402679053,-33.6397049375639,1.5397792612636616,-39.28088451614845,0.20689099899680946,0.2120476594028678,0.00020257,0.3086340885526166,0.00049835,0,0.0
847,0.31181741271565044,0.027855629142562423,-0.00032169,2.387138367997413,2.9709305229720875,-26.312747961397434,-0.0023016062189381405,4.577692248995368,0.08577636837209619,-46.62792119287866,-0.845232402679053,14.974034713619083,1.5397792612636616,44.69315693837217,0.20689099899680946,-0.103714057736838,0.00020257,0.10446162195892456,0.00049835,1,0.0
848,0.05956134360461396,0.029591008932327176,-0.00032169,2.387138367997413,2.9709305229720875,-20.215767233447096,-0.0023016062189381405,4.421803269878289,0.08577636837209619,-56.33819436667844,-0.845232402679053,36.477482524199885,1.5397792612636616,39.02401337966569,0.20689099899680946,-0.10690649074064504,0.00020257,0.10612123838350315,0.00049835,1,0.0
849,0.8778207680808606,0.1710603173686473,-0.00032169,2.387138367997413,2.9709305229720875,-15.970503887358156,-0.0023016062189381405,7.78759469480514,0.08577636837209619,-22.133859835073515,-0.845232402679053,-55.00065310859058,1.5397792612636616,46.40186641520496,0.20689099899680946,-0.1834562348988914,0.00020257,0.1804072176584579,0.00049835,1,0.0
850,0.0015003848397039388,0.021837414628882754,-0.00032169,2.387138367997413,2.9709305229720875,19.93981437280027,-0.0023016062189381405,3.0234447153468698,0.08577636837209619,-8.435231804464593,-0.845232402679053,-11.52902377012188,1.5397792612636616,-2.8820565690118745,0.20689099899680946,-0.08700275216978633,0.00020257,0.09572147262589421,0.00049835,1,0.0
851,0.5836405146623957,0.056825862734874666,-0.00032169,2.387138367997413,2.9709305229720875,-93.74578467570727,-0.0023016062189381405,1.5183055397797316,0.08577636837209619,-61.495980950258016,-0.845232402679053,51.093097226174265,1.5397792612636616,85.38003169114064,0.20689099899680946,-0.0698196181034628,0.00020257,0.07271487891229253,0.00049835,1,0.0
852,0.32142298645644574,0.07430147381955331,-0.00032169,2.387138367997413,2.9709305229720875,30.110789765243467,-0.0023016062189381405,5.90634057226134,0.08577636837209619,-2.693743260129423,-0.845232402679053,-50.97286190692773,1.5397792612636616,1.4041946563281078,0.20689099899680946,-0.17853935018734537,0.00020257,0.17719757726068133,0.00049835,1,0.0
853,0.004369442249027022,0.08882731408400506,-0.00032169,2.387138367997413,2.9709305229720875,99.8219879923532,-0.0023016062189381405,11.447288794012179,0.08577636837209619,-42.29249567289518,-0.845232402679053,12.639933818612288,1.5397792612636616,-27.77912416281622,0.20689099899680946,0.4006882524139359,0.00020257,0.5916086120504587,0.00049835,0,0.0
854,0.0024633135601397904,0.07915031752907682,-0.00032169,2.387138367997413,2.9709305229720875,-90.28943316252284,-0.0023016062189381405,-1.7737179382292452,0.08577636837209619,-56.1911578390148,-0.845232402679053,94.8063933954404,1.5397792612636616,59.52130700601501,0.20689099899680946,-0.19752623137780084,0.00020257,0.1985102901719451,0.00049835,1,0.0
855,0.020637915168778942,0.01383497007158655,-0.00032169,2.387138367997413,2.9709305229720875,20.309741412149144,-0.0023016062189381405,2.7317969959849675,0.08577636837209619,-0.06496728459105694,-0.845232402679053,-18.34467568813562,1.5397792612636616,-7.393609697807237,0.20689099899680946,-0.07329929605767935,0.00020257,0.07622772798764824,0.00049835,1,0.0
856,0.12770628284493357,0.04986118746864898,-0.00032169,2.387138367997413,2.9709305229720875,99.93234118979332,-0.0023016062189381405,19.202565144095193,0.08577636837209619,-99.61131621368962,-0.845232402679053,29.099813808605592,1.5397792612636616,4.897173191769984,0.20689099899680946,0.4306730919995094,0.00020257,0.592515990150555,0.00049835,0,0.0
857,0.2754366257879076,0.011528618844300363,-0.00032169,2.387138367997413,2.9709305229720875,-29.454313835278196,-0.0023016062189381405,2.299683268047149,0.08577636837209619,-31.08751065782976,-0.845232402679053,13.61998346511292,1.5397792612636616,36.370543180518695,0.20689099899680946,-0.03964593036244863,0.00020257,0.041336370909526805,0.00049835,1,0.0
858,0.12970498423550963,0.006416228703025512,-0.00032169,2.387138367997413,2.9709305229720875,-64.22578195623431,-0.0023016062189381405,1.263008730191989,0.08577636837209619,-63.6009723088132,-0.845232402679053,68.43150972735639,1.5397792612636616,60.82700481638862,0.20689099899680946,-0.032922147829332456,0.00020257,0.03304106616191569,0.00049835,1,0.0
859,0.1996987974820934,0.006904976849489084,-0.00032169,2.387138367997413,2.9709305229720875,-54.97963744626303,-0.0023016062189381405,1.516180348180395,0.08577636837209619,-55.074407302564296,-0.845232402679053,51.64640148718299,1.5397792612636616,55.879852723491084,0.20689099899680946,-0.01073532708081227,0.00020257,0.012371815666505227,0.00049835,1,0.0
860,0.17108049315669277,0.024375442767149636,-0.00032169,2.387138367997413,2.9709305229720875,-69.31491746280325,-0.0023016062189381405,5.0404769579583135,0.08577636837209619,-99.54549243623173,-0.845232402679053,85.11154199249862,1.5397792612636616,82.81490608187269,0.20689099899680946,-0.08525012987472184,0.00020257,0.0858240177402209,0.00049835,1,0.0
861,-0.00017731016501298935,0.27938158953444103,-0.00032169,2.387138367997413,2.9709305229720875,99.72107837322636,-0.0023016062189381405,5.183375344534988,0.08577636837209619,-36.71828530666825,-0.845232402679053,59.9760184003292,1.5397792612636616,-33.72340341586965,0.20689099899680946,0.31638976469575975,0.00020257,1.2797080307426345,0.00049835,0,0.0
862,0.039558895374244674,0.03017111731917198,-0.00032169,2.387138367997413,2.9709305229720875,-66.25639011787534,-0.0023016062189381405,4.817408557465418,0.08577636837209619,-96.80674157213357,-0.845232402679053,91.65824966994067,1.5397792612636616,74.62203150289535,0.20689099899680946,-0.0889471273587574,0.00020257,0.0864907266019129,0.00049835,1,0.0
863,0.26476744208583114,0.03818306546060479,-0.00032169,2.387138367997413,2.9709305229720875,-9.744320469483844,-0.0023016062189381405,5.815581404429189,0.08577636837209619,-39.15686614103958,-0.845232402679053,1.5459994779387625,1.5397792612636616,32.07144814745976,0.20689099899680946,-0.13384076963569574,0.00020257,0.1343393610058577,0.00049835,1,0.0
864,0.0019727041498808218,0.12651935178004137,-0.00032169,2.387138367997413,2.9709305229720875,99.77626947991433,-0.0023016062189381405,9.928984277326267,0.08577636837209619,-24.948703153742237,-0.845232402679053,-0.8852972645950539,1.5397792612636616,-36.0352960281166,0.20689099899680946,0.3553217041756343,0.00020257,0.5592089229625298,0.00049835,0,0.0
865,0.19429289348302853,0.008598546425033392,-0.00032169,2.387138367997413,2.9709305229720875,-65.57778232354221,-0.0023016062189381405,3.1468812685652847,0.08577636837209619,-74.32748876607356,-0.845232402679053,68.2194699952582,1.5397792612636616,68.50079708727533,0.20689099899680946,-0.05269642137419105,0.00020257,0.05333737585072439,0.00049835,1,0.0
866,0.052250551617859964,0.02135475418853905,-0.00032169,2.387138367997413,2.9709305229720875,-9.338055380831785,-0.0023016062189381405,4.049712516961835,0.08577636837209619,-38.08704016036632,-0.845232402679053,20.20637056601384,1.5397792612636616,24.11302543874618,0.20689099899680946,-0.0805660228606491,0.00020257,0.09161843457127464,0.00049835,1,0.0
867,0.2035894768350246,0.012305818520850923,-0.00032169,2.387138367997413,2.9709305229720875,-75.10711808857776,-0.0023016062189381405,0.5055456563764109,0.08577636837209619,-65.38537293830643,-0.845232402679053,71.91030303034093,1.5397792612636616,68.82038669123632,0.20689099899680946,-0.03742137782268957,0.00020257,0.03699476011928594,0.00049835,1,0.0
868,0.02746948117428727,0.05716464238370846,-0.00032169,2.387138367997413,2.9709305229720875,73.18372662581201,-0.0023016062189381405,12.616755315155071,0.08577636837209619,-81.07379507896353,-0.845232402679053,53.05522883616689,1.5397792612636616,2.833053400839228,0.20689099899680946,0.4214432438839949,0.00020257,0.614970530142683,0.00049835,0,0.0
869,0.226803361186648,0.1607085572811213,-0.00032169,2.387138367997413,2.9709305229720875,34.614637743108275,-0.0023016062189381405,9.916808535320198,0.08577636837209619,-49.30392109966906,-0.845232402679053,-10.000370975767053,1.5397792612636616,18.325720591136662,0.20689099899680946,-0.0953495366514494,0.00020257,0.29697503488842436,0.00049835,1,0.0
870,0.0040727658277429635,0.0457465292143151,-0.00032169,2.387138367997413,2.9709305229720875,41.09484684980543,-0.0023016062189381405,4.751007837047302,0.08577636837209619,-0.06362601667569998,-0.845232402679053,-33.551618917580335,1.5397792612636616,-15.321562727213433,0.20689099899680946,-0.1461906395393584,0.00020257,0.14601661584849968,0.00049835,1,0.0
871,-0.001249135215163344,0.07962059088390488,-0.00032169,2.387138367997413,2.9709305229720875,-41.082498255506465,-0.0023016062189381405,4.812510774730575,0.08577636837209619,-89.73275599695015,-0.845232402679053,85.13822177993542,1.5397792612636616,59.84661140379052,0.20689099899680946,0.04778792648956276,0.00020257,0.10828983289847571,0.00049835,0,0.0
872,0.061848259252865745,0.03889381364903893,-0.00032169,2.387138367997413,2.9709305229720875,-42.951201136989866,-0.0023016062189381405,5.838762433458608,0.08577636837209619,-85.9231272882603,-0.845232402679053,67.5181109848451,1.5397792612636616,61.73690941954731,0.20689099899680946,-0.1101544261111484,0.00020257,0.11751674888621294,0.00049835,1,0.0
873,0.004445353007488384,0.04876980671846198,-0.00032169,2.387138367997413,2.9709305229720875,96.49421499855775,-0.0023016062189381405,13.836765219743468,0.08577636837209619,-68.34560140801187,-0.845232402679053,28.439832666633794,1.5397792612636616,-13.054309643205185,0.20689099899680946,0.46217534424796347,0.00020257,0.5471708789054726,0.00049835,0,0.0
874,0.00600770987542476,0.11234537770758041,-0.00032169,2.387138367997413,2.9709305229720875,99.48976825207099,-0.0023016062189381405,12.361729159420426,0.08577636837209619,-40.04454467256408,-0.845232402679053,-0.8086854630036591,1.5397792612636616,-27.529912177054108,0.20689099899680946,0.40022512639906804,0.00020257,0.43346449198835146,0.00049835,0,0.0
875,0.522720079048534,0.13615859323299412,-0.00032169,2.387138367997413,2.9709305229720875,-77.64763930555277,-0.0023016062189381405,-2.900427622210937,0.08577636837209619,-6.583786611499317,-0.845232402679053,18.39784541009561,1.5397792612636616,48.0007626620751,0.20689099899680946,-0.17470065216847097,0.00020257,0.18089422046678655,0.00049835,1,0.0
876,0.13283475458887978,0.010839344399697429,-0.00032169,2.387138367997413,2.9709305229720875,-71.28164350806723,-0.0023016062189381405,0.7974163266730686,0.08577636837209619,-65.33039505900071,-0.845232402679053,74.62337421902082,1.5397792612636616,64.2283753862612,0.20689099899680946,-0.050238626268488795,0.00020257,0.05285172263419237,0.00049835,1,0.0
877,0.00656844233672893,0.06589857597158846,-0.00032169,2.387138367997413,2.9709305229720875,99.97037656812813,-0.0023016062189381405,12.742808832405885,0.08577636837209619,-53.31432147044149,-0.845232402679053,19.831696711414686,1.5397792612636616,-22.845415808317814,0.20689099899680946,0.43149339536572884,0.00020257,0.5986345234588301,0.00049835,0,0.0
878,0.005792440713649816,0.036541350964941884,-0.00032169,2.387138367997413,2.9709305229720875,99.4651687752468,-0.0023016062189381405,15.37112378577075,0.08577636837209619,-86.54938279546653,-0.845232402679053,35.83803150670764,1.5397792612636616,-3.3360926427327646,0.20689099899680946,0.44473128975827314,0.00020257,0.5713562746103555,0.00049835,0,0.0
879,0.0597225197490695,0.05948973957740274,-0.00032169,2.387138367997413,2.9709305229720875,27.756450707330757,-0.0023016062189381405,6.363087440407636,0.08577636837209619,-18.43299999251379,-0.845232402679053,-20.35061984194322,1.5397792612636616,0.02862192053830348,0.20689099899680946,-0.16619302281686393,0.00020257,0.1659650604568475,0.00049835,1,0.0
880,0.0007533847748547595,0.1493064263913745,-0.00032169,2.387138367997413,2.9709305229720875,96.19183569642543,-0.0023016062189381405,8.865042724200352,0.08577636837209619,-5.950981197456722,-0.845232402679053,-32.74647838139395,1.5397792612636616,-39.85750747656012,0.20689099899680946,0.24310016024727815,0.00020257,0.31747009097375173,0.00049835,0,0.0
881,0.14623311014431345,0.005839648754089201,-0.00032169,2.387138367997413,2.9709305229720875,-57.79722106340333,-0.0023016062189381405,1.0094684427004026,0.08577636837209619,-53.590346694861765,-0.845232402679053,57.30808273523484,1.5397792612636616,53.72687285125466,0.20689099899680946,-0.03518103805714308,0.00020257,0.03587020248114624,0.00049835,1,0.0
882,0.27706186792520693,0.011092625679285689,-0.00032169,2.387138367997413,2.9709305229720875,-63.25119036037765,-0.0023016062189381405,2.502597586692153,0.08577636837209619,-67.12346528641204,-0.845232402679053,56.91869708502619,1.5397792612636616,67.90339790418018,0.20689099899680946,-0.02876025062374139,0.00020257,0.02951310197117941,0.00049835,1,0.0
883,0.002445960097628097,0.028846994576400675,-0.00032169,2.387138367997413,2.9709305229720875,95.64546843057468,-0.0023016062189381405,17.172925657584333,0.08577636837209619,-98.24558275192882,-0.845232402679053,42.49041097527376,1.5397792612636616,2.6412038677341867,0.20689099899680946,0.4560439529285325,0.00020257,0.5513071596819294,0.00049835,0,0.0
884,0.05687152302859147,0.007028124166115011,-0.00032169,2.387138367997413,2.9709305229720875,-13.349492630258831,-0.0023016062189381405,2.4475885239771804,0.08577636837209619,-30.219169938640935,-0.845232402679053,19.30353353904848,1.5397792612636616,22.375950404843472,0.20689099899680946,-0.05135018381263477,0.00020257,0.05317442994429471,0.00049835,1,0.0
885,0.011314704126378678,0.004029592785062957,-0.00032169,2.387138367997413,2.9709305229720875,-26.24143697447456,-0.0023016062189381405,-0.11491759517819602,0.08577636837209619,-27.018750334441958,-0.845232402679053,32.68226081422271,1.5397792612636616,24.72391975760794,0.20689099899680946,-0.01529636631252904,0.00020257,0.014916893124213699,0.00049835,1,0.0
886,0.0680161410728678,0.01957053673280216,-0.00032169,2.387138367997413,2.9709305229720875,-69.78403856114545,-0.0023016062189381405,3.005763605060185,0.08577636837209619,-90.9266337517368,-0.845232402679053,91.4180812658285,1.5397792612636616,75.29375927894093,0.20689099899680946,-0.03175530186701738,0.00020257,0.038653515348160826,0.00049835,1,0.0
887,-0.00020706423625238557,0.03984985532513971,-0.00032169,2.387138367997413,2.9709305229720875,70.45300395001418,-0.0023016062189381405,14.821858619817489,0.08577636837209619,-97.23817229393879,-0.845232402679053,62.691963985864746,1.5397792612636616,10.07132158795073,0.20689099899680946,0.44843040214948227,0.00020257,0.5743026833161113,0.00049835,0,0.0
888,-0.0004700646763583505,0.04605032924112873,-0.00032169,2.387138367997413,2.9709305229720875,-88.081255610696,-0.0023016062189381405,-2.805716102977124,0.08577636837209619,-64.12771411839569,-0.845232402679053,99.88285160097912,1.5397792612636616,66.41395238047323,0.20689099899680946,-0.12246640585429736,0.00020257,0.12152506541823827,0.00049835,1,0.0
889,0.19647228484943943,0.00780106129471734,-0.00032169,2.387138367997413,2.9709305229720875,-48.18325190138779,-0.0023016062189381405,2.179242277346257,0.08577636837209619,-47.00919189031276,-0.845232402679053,41.57882232605983,1.5397792612636616,47.64118700854124,0.20689099899680946,-0.0518636051376675,0.00020257,0.05301911877077701,0.00049835,1,0.0
890,0.3233349734820677,0.023328029620578235,-0.00032169,2.387138367997413,2.9709305229720875,-66.04570343640665,-0.0023016062189381405,4.553684533858227,0.08577636837209619,-85.18270684661158,-0.845232402679053,63.19681501466455,1.5397792612636616,79.94527982413604,0.20689099899680946,-0.08062514115567572,0.00020257,0.08045221331937887,0.00049835,1,0.0
891,0.21726846407759567,0.01783227947199799,-0.00032169,2.387138367997413,2.9709305229720875,9.728740733868547,-0.0023016062189381405,2.705250712912403,0.08577636837209619,-0.18709859674279183,-0.845232402679053,-26.67580531631817,1.5397792612636616,3.8814315822944065,0.20689099899680946,-0.07633470402073278,0.00020257,0.0768509670484267,0.00049835,1,0.0
892,0.17386464391399664,0.012947692378098266,-0.00032169,2.387138367997413,2.9709305229720875,-52.87931033582128,-0.0023016062189381405,-0.8551032961134415,0.08577636837209619,-35.79173787849085,-0.845232402679053,43.847196504810505,1.5397792612636616,44.626501977975565,0.20689099899680946,-0.04770551077463005,0.00020257,0.04852981510820155,0.00049835,1,0.0
893,0.2791634290680837,0.0181082863730593,-0.00032169,2.387138367997413,2.9709305229720875,-29.130030210117283,-0.0023016062189381405,0.8175085674278139,0.08577636837209619,-19.571694660234286,-0.845232402679053,8.890616633445614,1.5397792612636616,30.612283807541,0.20689099899680946,0.003135958486512017,0.00020257,0.008377586235219158,0.00049835,0,0.0
894,0.00454919011020212,0.0031552982633606956,-0.00032169,2.387138367997413,2.9709305229720875,6.3588783332749745,-0.0023016062189381405,0.8629047836508794,0.08577636837209619,-0.10496460658639976,-0.845232402679053,-5.33565580279821,1.5397792612636616,-2.423338657257097,0.20689099899680946,-0.019632629372145365,0.00020257,0.023787314823808522,0.00049835,1,0.0
895,0.0635064264565573,0.01536742908559486,-0.00032169,2.387138367997413,2.9709305229720875,5.228410953978773,-0.0023016062189381405,3.4348432446866313,0.08577636837209619,-17.760283566470033,-0.845232402679053,-2.177639314157851,1.5397792612636616,8.756643603250712,0.20689099899680946,-0.08225757353765444,0.00020257,0.0844370797601877,0.00049835,1,0.0
896,0.019358256073949753,0.01813449535071799,-0.00032169,2.387138367997413,2.9709305229720875,-69.49033864251756,-0.0023016062189381405,3.2167661993142627,0.08577636837209619,-90.36713276144009,-0.845232402679053,93.92492039919614,1.5397792612636616,72.33036174770166,0.20689099899680946,-0.05247548883277173,0.00020257,0.05386077408942605,0.00049835,1,0.0
897,0.10728233375645349,0.00457262867603497,-0.00032169,2.387138367997413,2.9709305229720875,-24.51014754716759,-0.0023016062189381405,1.686471139023316,0.08577636837209619,-26.09155060010776,-0.845232402679053,21.122483290058263,1.5397792612636616,25.131657920686955,0.20689099899680946,-0.04160776882902245,0.00020257,0.04281608306979928,0.00049835,1,0.0
898,0.031525275294377986,0.012506689900182827,-0.00032169,2.387138367997413,2.9709305229720875,16.226336339580662,-0.0023016062189381405,2.270812141929635,0.08577636837209619,-3.429451665675108,-0.845232402679053,-13.742665534199048,1.5397792612636616,-2.990598088901033,0.20689099899680946,-0.07017689948391696,0.00020257,0.07423378185795824,0.00049835,1,0.0
899,0.1315515910043527,0.013442909059497816,-0.00032169,2.387138367997413,2.9709305229720875,-35.531024239590984,-0.0023016062189381405,3.4057461067887553,0.08577636837209619,-56.57490536946123,-0.845232402679053,42.76137524285893,1.5397792612636616,46.9574963001479,0.20689099899680946,-0.06215452783833546,0.00020257,0.06662593010652733,0.00049835,1,0.0
900,0.17968135043132158,0.004456479400706173,-0.00032169,2.4469845184420502,3.085375171979975,-46.801946702213385,-0.0023016062189381405,1.6627552768441891,0.08577636837209619,-44.2380853923914,-0.845232402679053,40.15029791505287,1.5397792612636616,45.917205102437784,0.20689099899680946,-0.022257954955035967,0.00020257,0.024145459454831156,0.00049835,1,0.0
901,0.11105238348155838,0.016127475896270036,-0.00032169,2.4469845184420502,3.085375171979975,-71.65667261040828,-0.0023016062189381405,4.826218536463886,0.08577636837209619,-98.75942874982731,-0.845232402679053,92.00755177637924,1.5397792612636616,79.8603509576662,0.20689099899680946,-0.07037767066510249,0.00020257,0.07065101941575426,0.00049835,1,0.0
902,0.16039533502069497,0.007999524160993313,-0.00032169,2.4469845184420502,3.085375171979975,-60.819533439195,-0.0023016062189381405,3.599242970564768,0.08577636837209619,-73.16198971244796,-0.845232402679053,66.3546008566422,1.5397792612636616,64.48917805471311,0.20689099899680946,-0.05252061886237753,0.00020257,0.05448654232710449,0.00049835,1,0.0
903,0.7328025024508757,0.11413145446205453,-0.00032169,2.4469845184420502,3.085375171979975,-61.96657742626721,-0.0023016062189381405,11.098496963610838,0.08577636837209619,-97.12198330062051,-0.845232402679053,19.15775005078426,1.5397792612636616,98.49733578914179,0.20689099899680946,-0.2035415548923486,0.00020257,0.20302864630477246,0.00049835,1,0.0
904,0.26800815960861,0.013958495629394885,-0.00032169,2.4469845184420502,3.085375171979975,-46.15137786070705,-0.0023016062189381405,4.020497483530764,0.08577636837209619,-58.55851887754176,-0.845232402679053,36.92960484930075,1.5397792612636616,56.535620930106184,0.20689099899680946,-0.06521344070229375,0.00020257,0.06385393004437519,0.00049835,1,0.0
905,0.06846748628837712,0.004028612545090927,-0.00032169,2.4469845184420502,3.085375171979975,3.135847809896329,-0.0023016062189381405,0.7394190044975554,0.08577636837209619,-1.6544218648859015,-0.845232402679053,-7.983463291772096,1.5397792612636616,2.815994296150463,0.20689099899680946,-0.026570752822235286,0.00020257,0.030147770976673486,0.00049835,1,0.0
906,0.6291370528845373,0.07354678576187036,-0.00032169,2.4469845184420502,3.085375171979975,-72.10353699935152,-0.0023016062189381405,1.4376370277495694,0.08577636837209619,-27.840122835486984,-0.845232402679053,6.747920749015411,1.5397792612636616,62.410281663748854,0.20689099899680946,-0.06173234328962396,0.00020257,0.06655456102224877,0.00049835,1,0.0
907,0.19089232065608852,0.06058982031794262,-0.00032169,2.4469845184420502,3.085375171979975,-29.711251975343185,-0.0023016062189381405,8.5656543005578,0.08577636837209619,-88.13041622236165,-0.845232402679053,44.966436261933126,1.5397792612636616,62.64629468978519,0.20689099899680946,-0.16801653795063662,0.00020257,0.1698855273485916,0.00049835,1,0.0
908,0.011387836519686223,0.05352362114748005,-0.00032169,2.4469845184420502,3.085375171979975,99.23718517110296,-0.0023016062189381405,14.805928691492621,0.08577636837209619,-94.36248773937176,-0.845232402679053,58.13920828300258,1.5397792612636616,-0.829361468344946,0.20689099899680946,0.43524869953986234,0.00020257,0.5863092028467722,0.00049835,0,0.0
909,0.10959671881984745,0.0092192131212784,-0.00032169,2.4469845184420502,3.085375171979975,-84.47774184001877,-0.0023016062189381405,2.4698455827417165,0.08577636837209619,-91.80707865096198,-0.845232402679053,99.84162206234785,1.5397792612636616,81.17066584788708,0.20689099899680946,-0.03494993842848309,0.00020257,0.03562458117198602,0.00049835,1,0.0
910,0.28568354666340035,0.06769354707605535,-0.00032169,2.4469845184420502,3.085375171979975,40.46989224192321,-0.0023016062189381405,6.942380536484647,0.08577636837209619,-0.5301800107543796,-0.845232402679053,-62.14268023133506,1.5397792612636616,-3.975837289211726,0.20689099899680946,-0.1671655536184605,0.00020257,0.171945294934817,0.00049835,1,0.0
911,0.03453083766348301,0.001275171035714671,-0.00032169,2.4469845184420502,3.085375171979975,-19.364703845505126,-0.0023016062189381405,0.05787029473927141,0.08577636837209619,-17.30365550636132,-0.845232402679053,20.560876573165157,1.5397792612636616,17.29994449920696,0.20689099899680946,-0.00717034532917586,0.00020257,0.008415357829902496,0.00049835,1,0.0
912,0.8344645882202235,0.10672818385002232,-0.00032169,2.4469845184420502,3.085375171979975,-90.68323753198943,-0.0023016062189381405,2.0521528440152323,0.08577636837209619,-50.931107891532996,-0.845232402679053,14.179588602735897,1.5397792612636616,91.62254179275833,0.20689099899680946,-0.015893192816964077,0.00020257,0.02071842915475727,0.00049835,1,0.0
913,0.01632454095639789,0.009978120814003556,-0.00032169,2.4469845184420502,3.085375171979975,-67.26431801034944,-0.0023016062189381405,-0.056697599985228136,0.08577636837209619,-59.166853619391134,-0.845232402679053,80.15933728271396,1.5397792612636616,54.58516855703231,0.20689099899680946,-0.056762472129458556,0.00020257,0.05702558497722702,0.00049835,1,0.0
914,0.06526145281792387,0.004286673092480951,-0.00032169,2.4469845184420502,3.085375171979975,-55.08359711122109,-0.0023016062189381405,1.469249865143751,0.08577636837209619,-58.896565716481554,-0.845232402679053,65.19986172124568,1.5397792612636616,52.18400211876175,0.20689099899680946,-0.023793432124846137,0.00020257,0.0234695201175886,0.00049835,1,0.0
915,0.9011427888062464,0.2262514352157983,-0.00032169,2.4469845184420502,3.085375171979975,-37.064786328042224,-0.0023016062189381405,15.024065028304584,0.08577636837209619,-92.95663996731678,-0.845232402679053,-20.419397425915225,1.5397792612636616,92.9973012361626,0.20689099899680946,-0.29015249385827413,0.00020257,0.296004825438399,0.00049835,1,0.0
916,0.5379700586599248,0.10102998058833357,-0.00032169,2.4469845184420502,3.085375171979975,-99.63014524577672,-0.0023016062189381405,-3.5386790529517222,0.08577636837209619,-23.085412340256898,-0.845232402679053,37.252295376671746,1.5397792612636616,67.84890525712375,0.20689099899680946,-0.1381832562826746,0.00020257,0.13809496756906423,0.00049835,1,0.0
917,0.00238808081344849,0.014955378345048231,-0.00032169,2.4469845184420502,3.085375171979975,-24.878816114758784,-0.0023016062189381405,3.9069829200128834,0.08577636837209619,-48.30561843778777,-0.845232402679053,40.703056788747894,1.5397792612636616,31.873303916344895,0.20689099899680946,-0.07382837567758463,0.00020257,0.07528992510587931,0.00049835,1,0.0
918,0.04873522594115398,0.09457994118119484,-0.00032169,2.4469845184420502,3.085375171979975,99.80079103841294,-0.0023016062189381405,13.336557527790244,0.08577636837209619,-69.68913964267581,-0.845232402679053,41.18684892147989,1.5397792612636616,-13.935488964408162,0.20689099899680946,0.3949707437410333,0.00020257,0.62738053068387,0.00049835,0,0.0
919,0.0076062182304285075,0.03768882354359376,-0.00032169,2.4469845184420502,3.085375171979975,35.26521147871314,-0.0023016062189381405,4.857766221837877,0.08577636837209619,-9.93363251802193,-0.845232402679053,-24.07087823805819,1.5397792612636616,-7.427188675347871,0.20689099899680946,-0.11736414881621285,0.00020257,0.12899873771617068,0.00049835,1,0.0
920,0.0009665776621826105,0.007289456187121575,-0.00032169,2.4469845184420502,3.085375171979975,11.101890049362973,-0.0023016062189381405,2.4422453173634335,0.08577636837209619,-9.84955238937351,-0.845232402679053,-4.924243369721263,1.5397792612636616,0.8556761537550395,0.20689099899680946,-0.05736184833665309,0.00020257,0.05743980535634008,0.00049835,1,0.0
921,0.3102686243757169,0.11537932083735128,-0.00032169,2.4469845184420502,3.085375171979975,99.99981942116717,-0.0023016062189381405,19.407763107484385,0.08577636837209619,-98.07692025440164,-0.845232402679053,21.965254264239757,1.5397792612636616,10.4317417197696,0.20689099899680946,0.45004788850719946,0.00020257,0.5232990142015468,0.00049835,0,0.0
922,0.3654181975368962,0.06153653655736577,-0.00032169,2.4469845184420502,3.085375171979975,-7.466405575849964,-0.0023016062189381405,7.3412480875756225,0.08577636837209619,-47.69190011291319,-0.845232402679053,-8.158162913881664,1.5397792612636616,41.10472987976175,0.20689099899680946,-0.1533709469343978,0.00020257,0.16398177779956857,0.00049835,1,0.0
923,0.0005721781267604698,0.10730690909957327,-0.00032169,2.4469845184420502,3.085375171979975,99.87755702708358,-0.0023016062189381405,12.512420251686075,0.08577636837209619,-61.06311995225974,-0.845232402679053,28.749902341170962,1.5397792612636616,-17.519462736481557,0.20689099899680946,0.3742532599324083,0.00020257,0.5020246513302812,0.00049835,0,0.0
924,0.06417596843243245,0.0038134562105341303,-0.00032169,2.4469845184420502,3.085375171979975,-22.081363373006173,-0.0023016062189381405,2.1086464502714164,0.08577636837209619,-35.009437081015584,-0.845232402679053,27.702743711253856,1.5397792612636616,28.301651892196354,0.20689099899680946,-0.034026237801545886,0.00020257,0.035332744589782736,0.00049835,1,0.0
925,0.11524089946654051,0.017850121187740795,-0.00032169,2.4469845184420502,3.085375171979975,23.005200569842916,-0.0023016062189381405,3.656116511225648,0.08577636837209619,-0.06065231289243224,-0.845232402679053,-30.896250735368955,1.5397792612636616,-4.353666744596899,0.20689099899680946,-0.08706763655355652,0.00020257,0.08871238334720837,0.00049835,1,0.0
926,-9.255117315842831e-05,0.0500428234167142,-0.00032169,2.4469845184420502,3.085375171979975,99.51315807667116,-0.0023016062189381405,16.59682364707305,0.08577636837209619,-98.6904733024073,-0.845232402679053,56.25211760296327,1.5397792612636616,-0.7337669744116797,0.20689099899680946,0.45875665031191176,0.00020257,0.5313222228057899,0.00049835,0,0.0
927,0.4202663828305063,0.11721644639294668,-0.00032169,2.4469845184420502,3.085375171979975,49.222897909941175,-0.0023016062189381405,9.086378406824197,0.08577636837209619,-0.327589939621217,-0.845232402679053,-82.97880414612665,1.5397792612636616,-2.479620040923744,0.20689099899680946,-0.21195151346692215,0.00020257,0.22147354630390187,0.00049835,1,0.0
928,0.15741639074286584,0.029874889243304743,-0.00032169,2.4469845184420502,3.085375171979975,-41.14302377575527,-0.0023016062189381405,6.500203359465984,0.08577636837209619,-81.59858048326234,-0.845232402679053,54.355162471238636,1.5397792612636616,61.90522641515318,0.20689099899680946,-0.1171138675943477,0.00020257,0.11684581434060291,0.00049835,1,0.0
929,0.6120447891446482,0.05238706539304393,-0.00032169,2.4469845184420502,3.085375171979975,-71.37061023784659,-0.0023016062189381405,6.554280733029091,0.08577636837209619,-79.42396722213934,-0.845232402679053,32.016065858454546,1.5397792612636616,89.19137302838689,0.20689099899680946,-0.10665295694436726,0.00020257,0.10635345583217957,0.00049835,1,0.0
930,0.007251727838808453,0.10027936473022557,-0.00032169,2.4469845184420502,3.085375171979975,65.1202798880218,-0.0023016062189381405,11.741162082889469,0.08577636837209619,-99.99455871993531,-0.845232402679053,95.59931589286043,1.5397792612636616,12.360914095371406,0.20689099899680946,0.3553457229936089,0.00020257,0.740829905204493,0.00049835,0,0.0
931,0.89745119836752,0.11566474802330624,-0.00032169,2.4469845184420502,3.085375171979975,-84.6372954201521,-0.0023016062189381405,3.8204394080343596,0.08577636837209619,-55.15415233857783,-0.845232402679053,4.023019059872107,1.5397792612636616,93.90873165928446,0.20689099899680946,-0.05710722905102761,0.00020257,0.05635073386573897,0.00049835,1,0.0
932,0.15768156946409084,0.14991091197783837,-0.00032169,2.4469845184420502,3.085375171979975,84.52269058515564,-0.0023016062189381405,9.600852544111024,0.08577636837209619,-0.00281053374217044,-0.845232402679053,-79.19759374950588,1.5397792612636616,-24.69680497472205,0.20689099899680946,-0.2134183287836294,0.00020257,0.27464469429953253,0.00049835,1,0.0
933,0.1765972074978212,0.005218518802216936,-0.00032169,2.4469845184420502,3.085375171979975,-27.82239672760012,-0.0023016062189381405,0.2286830901686815,0.08577636837209619,-14.568464844462033,-0.845232402679053,11.283637980081089,1.5397792612636616,23.963741500554175,0.20689099899680946,-0.017497338470069134,0.00020257,0.017421376250306316,0.00049835,1,0.0
934,0.0033005366625561416,0.11747704582443798,-0.00032169,2.4469845184420502,3.085375171979975,55.71380602699784,-0.0023016062189381405,11.941664552505472,0.08577636837209619,-92.11754344254977,-0.845232402679053,70.12588152484597,1.5397792612636616,15.581703483390061,0.20689099899680946,0.33245891794490284,0.00020257,0.4521780899097099,0.00049835,0,0.0
935,0.022140590729877244,0.0013454673837727939,-0.00032169,2.4469845184420502,3.085375171979975,-29.23255965508215,-0.0023016062189381405,0.8078266228153571,0.08577636837209619,-31.84991621379187,-0.845232402679053,36.07913896650242,1.5397792612636616,27.407987891787318,0.20689099899680946,-0.015523246569466624,0.00020257,0.015669779434015686,0.00049835,1,0.0
936,0.07483259575959902,0.011334463253710186,-0.00032169,2.4469845184420502,3.085375171979975,-67.08966055255515,-0.0023016062189381405,-0.5745717453292626,0.08577636837209619,-49.99990381555219,-0.845232402679053,69.85501008927234,1.5397792612636616,51.99106265818576,0.20689099899680946,-0.06681900031278885,0.00020257,0.06752657367619637,0.00049835,1,0.0
937,0.24379599403664687,0.051684650129878155,-0.00032169,2.4469845184420502,3.085375171979975,4.522721367028446,-0.0023016062189381405,7.2407825764461045,0.08577636837209619,-38.606515028874924,-0.845232402679053,-10.702005226782337,1.5397792612636616,26.42227697849493,0.20689099899680946,-0.1445016048862954,0.00020257,0.15525638746516593,0.00049835,1,0.0
938,0.28866965861321486,0.060204083648550365,-0.00032169,2.4469845184420502,3.085375171979975,-63.368818680172346,-0.0023016062189381405,-4.152201120940455,0.08577636837209619,-1.6036541138269889,-0.845232402679053,23.297931047978402,1.5397792612636616,34.36503416698452,0.20689099899680946,-0.130021592807752,0.00020257,0.13148407159511627,0.00049835,1,0.0
939,0.4303739647392196,0.04091513212317091,-0.00032169,2.4469845184420502,3.085375171979975,-84.24896404400052,-0.0023016062189381405,-0.5810712257066243,0.08577636837209619,-45.14060214268048,-0.845232402679053,45.844366618119935,1.5397792612636616,70.15293880227632,0.20689099899680946,-0.055661074108919364,0.00020257,0.052062710844092294,0.00049835,1,0.0
940,0.5002225915208759,0.05215086483792408,-0.00032169,2.4469845184420502,3.085375171979975,-16.428759269589264,-0.0023016062189381405,5.629151762842714,0.08577636837209619,-29.697227966931546,-0.845232402679053,-23.895143030241055,1.5397792612636616,40.14053090553099,0.20689099899680946,-0.11723735381025521,0.00020257,0.11815732816075439,0.00049835,1,0.0
941,0.026353599972498865,0.08939724749400065,-0.00032169,2.4469845184420502,3.085375171979975,69.64454682791549,-0.0023016062189381405,12.646783031923038,0.08577636837209619,-99.11903121809036,-0.845232402679053,85.56838935019299,1.5397792612636616,11.356085654853594,0.20689099899680946,0.37325269440888253,0.00020257,0.6833102095715087,0.00049835,0,0.0
942,0.012938627042453299,0.004024237486267564,-0.00032169,2.4469845184420502,3.085375171979975,-12.417479545610835,-0.0023016062189381405,1.908674160632686,0.08577636837209619,-27.580754532341892,-0.845232402679053,21.566426778382056,1.5397792612636616,19.03565170044071,0.20689099899680946,-0.03405843584145636,0.00020257,0.03535369877099391,0.00049835,1,0.0
943,0.3726156542974907,0.02492868349978042,-0.00032169,2.4469845184420502,3.085375171979975,-21.825193019463768,-0.0023016062189381405,2.372742449963297,0.08577636837209619,-13.87338809318235,-0.845232402679053,-13.406008005446083,1.5397792612636616,28.743421105539166,0.20689099899680946,-0.034026767089616015,0.00020257,0.040460929855764376,0.00049835,1,0.0
944,0.0024861994509650653,0.048639607869907495,-0.00032169,2.4469845184420502,3.085375171979975,99.96436606124742,-0.0023016062189381405,16.347829382914195,0.08577636837209619,-96.91676386776781,-0.845232402679053,57.24244964549671,1.5397792612636616,-2.1533613667944307,0.20689099899680946,0.45422265987448784,0.00020257,0.562118468968313,0.00049835,0,0.0
945,0.24192119527425882,0.04671517957635634,-0.00032169,2.4469845184420502,3.085375171979975,10.674128241725654,-0.0023016062189381405,6.4527164299346325,0.08577636837209619,-29.425487325198194,-0.845232402679053,-19.760373538821117,1.5397792612636616,20.290192460981405,0.20689099899680946,-0.14546363967710235,0.00020257,0.14911327315398876,0.00049835,1,0.0
946,0.14144903959410413,0.004326738380438581,-0.00032169,2.4469845184420502,3.085375171979975,-3.2560248495559794,-0.0023016062189381405,1.0800461315200784,0.08577636837209619,-2.296561837466246,-0.845232402679053,-10.789973797879313,1.5397792612636616,7.690864328339029,0.20689099899680946,-0.022716952035567593,0.00020257,0.022276692939553023,0.00049835,1,0.0
947,0.21906271095596902,0.01200027774890812,-0.00032169,2.4469845184420502,3.085375171979975,-45.663609271093556,-0.0023016062189381405,4.448670082720806,0.08577636837209619,-63.671277884631024,-0.845232402679053,43.73906407779001,1.5397792612636616,56.73251143338342,0.20689099899680946,-0.07134771934969233,0.00020257,0.07207643994994398,0.00049835,1,0.0
948,0.011743415607897933,0.06536894414502176,-0.00032169,2.4469845184420502,3.085375171979975,99.70069476892549,-0.0023016062189381405,13.903506721203398,0.08577636837209619,-85.21336307304395,-0.845232402679053,55.96829664566389,1.5397792612636616,-6.543419167782441,0.20689099899680946,0.41972054069676357,0.00020257,0.6315259103072796,0.00049835,0,0.0
949,0.14269524683385618,0.00831001922723397,-0.00032169,2.4469845184420502,3.085375171979975,-81.2760821848078,-0.0023016062189381405,2.8536553703401673,0.08577636837209619,-90.24942656335674,-0.845232402679053,93.18265152671839,1.5397792612636616,80.56967044599475,0.20689099899680946,-0.03449282781485318,0.00020257,0.03498437426131728,0.00049835,1,0.0
950,0.15950512861123317,0.0359124676687995,-0.00032169,2.4469845184420502,3.085375171979975,-86.4474016519866,-0.0023016062189381405,-2.727633543958469,0.08577636837209619,-44.61264329990004,-0.845232402679053,75.00150342967652,1.5397792612636616,59.659667103288385,0.20689099899680946,-0.11649668099838188,0.00020257,0.11833223026792498,0.00049835,1,0.0
951,0.022544850750234158,0.08689513314810932,-0.00032169,2.4469845184420502,3.085375171979975,79.94042407946162,-0.0023016062189381405,14.204790587328773,0.08577636837209619,-95.55128127832998,-0.845232402679053,60.95699940769845,1.5397792612636616,8.040697686558673,0.20689099899680946,0.40398468666147036,0.00020257,0.4947901404521716,0.00049835,0,0.0
952,0.000157005116698139,0.08741668755783219,-0.00032169,2.4469845184420502,3.085375171979975,19.833029283498963,-0.0023016062189381405,7.837973319045138,0.08577636837209619,-52.68679720771976,-0.845232402679053,20.722181249194957,1.5397792612636616,16.645093939322933,0.20689099899680946,-0.03447027066263378,0.00020257,0.18146055920262974,0.00049835,1,0.0
953,0.10249581602684898,0.0636458957158045,-0.00032169,2.4469845184420502,3.085375171979975,22.815209744909083,-0.0023016062189381405,7.2016881857805215,0.08577636837209619,-34.20081951993196,-0.845232402679053,-10.370940204441343,1.5397792612636616,12.135044477182184,0.20689099899680946,-0.12963995060695377,0.00020257,0.1684221723273337,0.00049835,1,0.0
954,0.03172340241153215,0.0033875718689635095,-0.00032169,2.4469845184420502,3.085375171979975,-21.6270093571707,-0.0023016062189381405,1.9599299912027768,0.08577636837209619,-32.038834939560246,-0.845232402679053,28.511800460299522,1.5397792612636616,24.73250215204805,0.20689099899680946,-0.03354600255439474,0.00020257,0.03305191255752934,0.00049835,1,0.0
955,0.10504303746001763,0.009858287671994377,-0.00032169,2.4469845184420502,3.085375171979975,-41.35689585331855,-0.0023016062189381405,0.06249520539066156,0.08577636837209619,-31.0549786547429,-0.845232402679053,38.21921496573239,1.5397792612636616,34.28755829904002,0.20689099899680946,-0.03068913121470989,0.00020257,0.04198930378495513,0.00049835,1,0.0
956,0.08626704281004388,0.027746892634326527,-0.00032169,2.4469845184420502,3.085375171979975,32.31933222150915,-0.0023016062189381405,3.8809262589250113,0.08577636837209619,-0.375259526524128,-0.845232402679053,-34.790520750427426,1.5397792612636616,-7.58701196187889,0.20689099899680946,-0.11487760287830995,0.00020257,0.11389098384274787,0.00049835,1,0.0
957,0.1723150268718976,0.031957813972829374,-0.00032169,2.4469845184420502,3.085375171979975,14.480296947778234,-0.0023016062189381405,5.115193628483635,0.08577636837209619,-17.336963763450516,-0.845232402679053,-20.8658433151343,1.5397792612636616,9.552559962773856,0.20689099899680946,-0.10477736916237666,0.00020257,0.11685157806515077,0.00049835,1,0.0
958,0.01133625222923662,0.06337493140919241,-0.00032169,2.4469845184420502,3.085375171979975,99.99590681517905,-0.0023016062189381405,16.146019925770187,0.08577636837209619,-88.7549267744305,-0.845232402679053,52.36653876763902,1.5397792612636616,-7.354777758896745,0.20689099899680946,0.4248515635482168,0.00020257,0.6005574815060675,0.00049835,0,0.0
959,-0.00035342104509172856,0.048416284860922094,-0.00032169,2.4469845184420502,3.085375171979975,99.38385121747079,-0.0023016062189381405,16.62069338750536,0.08577636837209619,-99.53423182908082,-0.845232402679053,57.32091500243846,1.5397792612636616,-0.3026276869839746,0.20689099899680946,0.46033443742722985,0.00020257,0.5351633892050176,0.00049835,0,0.0
960,0.09602242414985945,0.012836243425149168,-0.00032169,2.4469845184420502,3.085375171979975,-69.7216791059138,-0.0023016062189381405,4.276399695217174,0.08577636837209619,-92.26976284363919,-0.845232402679053,88.81731889398823,1.5397792612636616,75.10255210046054,0.20689099899680946,-0.06270891998946886,0.00020257,0.06276027707638647,0.00049835,1,0.0
961,0.25929165163958035,0.012814347820537426,-0.00032169,2.4469845184420502,3.085375171979975,-42.54197250681635,-0.0023016062189381405,0.10896363496503193,0.08577636837209619,-21.577938332681338,-0.845232402679053,18.314822775721094,1.5397792612636616,35.9575747536253,0.20689099899680946,-0.02779971965159653,0.00020257,0.02964987992402344,0.00049835,1,0.0
962,0.02775058600922481,0.009963850326514355,-0.00032169,2.4469845184420502,3.085375171979975,-24.45617932485503,-0.0023016062189381405,2.9387858592288323,0.08577636837209619,-45.28751683282629,-0.845232402679053,38.31944745365271,1.5397792612636616,32.49297664976212,0.20689099899680946,-0.04231032225476542,0.00020257,0.050482152184602926,0.00049835,1,0.0
963,0.2628616456831916,0.038298435382099955,-0.00032169,2.4469845184420502,3.085375171979975,23.913980800054013,-0.0023016062189381405,4.783746766577032,0.08577636837209619,-2.9862419542742025,-0.845232402679053,-44.639738614549614,1.5397792612636616,3.2918760841718164,0.20689099899680946,-0.1256887012664485,0.00020257,0.12701384640909363,0.00049835,1,0.0
964,0.7390614074744171,0.1513156500224301,-0.00032169,2.4469845184420502,3.085375171979975,-91.61637743795266,-0.0023016062189381405,-3.5936861616097895,0.08577636837209619,-3.996738077158483,-0.845232402679053,2.1162361641973364,1.5397792612636616,63.454214984185775,0.20689099899680946,-0.12272809096804466,0.00020257,0.12385434749466206,0.00049835,1,0.0
965,-0.00014988137041271887,0.13893142994002028,-0.00032169,2.4469845184420502,3.085375171979975,93.87780815074461,-0.0023016062189381405,8.78966940765158,0.08577636837209619,-8.33856778486586,-0.845232402679053,-37.72278657326691,1.5397792612636616,-35.00991678776381,0.20689099899680946,0.10668809318779632,0.00020257,0.2688962038216088,0.00049835,0,0.0
966,0.4563528000431851,0.06033293315783897,-0.00032169,2.4469845184420502,3.085375171979975,-52.20185346611313,-0.0023016062189381405,-0.6450081735386541,0.08577636837209619,-22.755781143612467,-0.845232402679053,10.866067587018575,1.5397792612636616,49.46966674940058,0.20689099899680946,-0.036970612080898906,0.00020257,0.06160276915286044,0.00049835,1,0.0
967,0.0014114937293560614,0.015185374551671824,-0.00032169,2.4469845184420502,3.085375171979975,7.710253922701307,-0.0023016062189381405,2.780780297134956,0.08577636837209619,-7.440032912123091,-0.845232402679053,-4.099145842286154,1.5397792612636616,-1.0200291828544694,0.20689099899680946,-0.05802336853729546,0.00020257,0.06605118635326535,0.00049835,1,0.0
968,0.33460246989822506,0.12056772737857678,-0.00032169,2.4469845184420502,3.085375171979975,-93.44730953453802,-0.0023016062189381405,-6.178483600168432,0.08577636837209619,-5.266238685172632,-0.845232402679053,44.242946113154346,1.5397792612636616,48.14511548525951,0.20689099899680946,-0.2038722437461621,0.00020257,0.20380979917012867,0.00049835,1,0.0
969,0.0974394781357192,0.0014290906737710783,-0.00032169,2.4469845184420502,3.085375171979975,-30.96054208414302,-0.0023016062189381405,1.1130941893078794,0.08577636837209619,-31.796107584657246,-0.845232402679053,29.938262232868208,1.5397792612636616,31.06579165477926,0.20689099899680946,-0.012480737166456401,0.00020257,0.012342307011258899,0.00049835,1,0.0
970,0.47282936814303367,0.024189656368641486,-0.00032169,2.4469845184420502,3.085375171979975,-90.94969960104504,-0.0023016062189381405,4.121917787870648,0.08577636837209619,-86.0358823312894,-0.845232402679053,65.41905293993689,1.5397792612636616,94.22302394582364,0.20689099899680946,-0.05041870157378024,0.00020257,0.05181922177342678,0.00049835,1,0.0
971,0.4518247072203785,0.05070488981914348,-0.00032169,2.4469845184420502,3.085375171979975,-94.18695551419381,-0.0023016062189381405,-0.6032975520378652,0.08577636837209619,-45.444899766553995,-0.845232402679053,51.08775783123351,1.5397792612636616,73.13684752573322,0.20689099899680946,-0.09527669744272002,0.00020257,0.09649922952056278,0.00049835,1,0.0
972,0.09609825615172843,0.001417094086273709,-0.00032169,2.4469845184420502,3.085375171979975,-27.292223190520744,-0.0023016062189381405,1.36828941641023,0.08577636837209619,-29.954310760462104,-0.845232402679053,26.138892610396635,1.5397792612636616,28.595961769301873,0.20689099899680946,-0.017928606822349397,0.00020257,0.01832380792049601,0.00049835,1,0.0
973,0.1971989987216986,0.018899258928425023,-0.00032169,2.4469845184420502,3.085375171979975,-5.631650967611948,-0.0023016062189381405,4.498184615639331,0.08577636837209619,-24.499625580994053,-0.845232402679053,-5.229052461334135,1.5397792612636616,20.732955635316888,0.20689099899680946,-0.08553757005246347,0.00020257,0.08812902518824099,0.00049835,1,0.0
974,0.02334363678311019,0.006602628132932855,-0.00032169,2.4469845184420502,3.085375171979975,-29.00507038404835,-0.0023016062189381405,-1.6304251118293365,0.08577636837209619,-11.699050428521701,-0.845232402679053,26.82825241692127,1.5397792612636616,17.394717249814132,0.20689099899680946,-0.05163601022623872,0.00020257,0.05131309281443831,0.00049835,1,0.0
975,0.4960225015240329,0.029382655547750387,-0.00032169,2.4469845184420502,3.085375171979975,-76.3580219294598,-0.0023016062189381405,2.4775238813541995,0.08577636837209619,-59.13653814735211,-0.845232402679053,39.228377501210836,1.5397792612636616,76.70684178339681,0.20689099899680946,-0.02217839411568263,0.00020257,0.02249557233874878,0.00049835,1,0.0
976,0.023765603993531337,0.01834742714542794,-0.00032169,2.4469845184420502,3.085375171979975,-64.90905179337709,-0.0023016062189381405,-2.0303877533551713,0.08577636837209619,-41.65134022339259,-0.845232402679053,70.06602050225274,1.5397792612636616,45.538406336321785,0.20689099899680946,-0.08366096950142597,0.00020257,0.08540775970087026,0.00049835,1,0.0
977,0.0319190219011698,0.09019195226872337,-0.00032169,2.4469845184420502,3.085375171979975,98.20233888877895,-0.0023016062189381405,13.762973278820233,0.08577636837209619,-74.50351218121223,-0.845232402679053,39.44657958289078,1.5397792612636616,-9.933062454941991,0.20689099899680946,0.40427539012613634,0.00020257,0.5402369302271747,0.00049835,0,0.0
978,0.2855817733349256,0.03668518067497927,-0.00032169,2.4469845184420502,3.085375171979975,-62.301384580930225,-0.0023016062189381405,7.531553824726298,0.08577636837209619,-99.65758896966767,-0.845232402679053,67.36851220624924,1.5397792612636616,83.03694197721049,0.20689099899680946,-0.1194988350197959,0.00020257,0.12851680421396489,0.00049835,1,0.0
979,0.008405458832748347,0.13763337776533655,-0.00032169,2.4469845184420502,3.085375171979975,81.43538899692345,-0.0023016062189381405,9.175043936579431,0.08577636837209619,-25.231214699094963,-0.845232402679053,-17.801005760365832,1.5397792612636616,-21.80395884708646,0.20689099899680946,0.12960847637332393,0.00020257,0.27455181671249307,0.00049835,0,0.0
980,0.0655930820838126,0.002245837438381584,-0.00032169,2.4469845184420502,3.085375171979975,-28.694631885766587,-0.0023016062189381405,1.1591002266791777,0.08577636837209619,-29.65937923607001,-0.845232402679053,30.061517703470564,1.5397792612636616,27.36942396277199,0.20689099899680946,-0.02303077158241479,0.00020257,0.024966442189271507,0.00049835,1,0.0
981,0.13362011233992507,0.0047240259719111295,-0.00032169,2.4469845184420502,3.085375171979975,-61.56701789219304,-0.0023016062189381405,2.408450605832793,0.08577636837209619,-68.40419923425277,-0.845232402679053,67.93288652273007,1.5397792612636616,61.96317560245613,0.20689099899680946,-0.02968259477632357,0.00020257,0.029932507923598643,0.00049835,1,0.0
982,0.21889053324714866,0.023080937982765424,-0.00032169,2.4469845184420502,3.085375171979975,-11.093313591259582,-0.0023016062189381405,4.108475119846365,0.08577636837209619,-30.707704071609616,-0.845232402679053,2.3373773872857693,1.5397792612636616,27.481991532153973,0.20689099899680946,-0.06487214738057712,0.00020257,0.08382095829982983,0.00049835,1,0.0
983,0.0810859995052639,0.05258510989739228,-0.00032169,2.4469845184420502,3.085375171979975,16.993407797172996,-0.0023016062189381405,6.257020339341359,0.08577636837209619,-36.94577037152019,-0.845232402679053,-4.25098281280205,1.5397792612636616,16.430502388247657,0.20689099899680946,-0.15193286404183307,0.00020257,0.15792796883258567,0.00049835,1,0.0
984,0.20695240887796496,0.014671041392758474,-0.00032169,2.4469845184420502,3.085375171979975,-21.160422822731313,-0.0023016062189381405,-0.7349165296839976,0.08577636837209619,-0.030490034568981486,-0.845232402679053,-2.8861026082243884,1.5397792612636616,15.576066364383028,0.20689099899680946,-0.02439031552456268,0.00020257,0.031448955124109584,0.00049835,1,0.0
985,0.6688420888811272,0.07408754681407839,-0.00032169,2.4469845184420502,3.085375171979975,-55.608229230026964,-0.0023016062189381405,7.811737859467269,0.08577636837209619,-68.08096705195435,-0.845232402679053,7.581542343508436,1.5397792612636616,79.15136745917121,0.20689099899680946,-0.13614651312372772,0.00020257,0.137070958904275,0.00049835,1,0.0
986,0.06923150417733556,0.00971210159462586,-0.00032169,2.4469845184420502,3.085375171979975,-6.223284533483643,-0.0023016062189381405,3.1531442839893162,0.08577636837209619,-28.860213099221845,-0.845232402679053,11.35118288307154,1.5397792612636616,19.62979418651919,0.20689099899680946,-0.06529671038692093,0.00020257,0.06669945446081572,0.00049835,1,0.0
987,0.17951779523494585,0.004980418520806553,-0.00032169,2.4469845184420502,3.085375171979975,-52.55842336877016,-0.0023016062189381405,0.9084976346980868,0.08577636837209619,-43.502832800063594,-0.845232402679053,44.56113929518314,1.5397792612636616,47.723683224691676,0.20689099899680946,-0.024186107285783087,0.00020257,0.025090618864976332,0.00049835,1,0.0
988,0.29577077638648497,0.02318286724419378,-0.00032169,2.4469845184420502,3.085375171979975,-21.47026084535827,-0.0023016062189381405,3.8989406035620324,0.08577636837209619,-38.44158508908826,-0.845232402679053,5.859457058603335,1.5397792612636616,39.596995629973364,0.20689099899680946,-0.08969547336431612,0.00020257,0.08988040530154313,0.00049835,1,0.0
989,0.10699459363604163,0.011914138712544708,-0.00032169,2.4469845184420502,3.085375171979975,-82.29409913924505,-0.0023016062189381405,-0.0060490995681865695,0.08577636837209619,-71.96925809420394,-0.845232402679053,89.96754265492311,1.5397792612636616,70.88663286822964,0.20689099899680946,-0.04342862743313086,0.00020257,0.04438651438341769,0.00049835,1,0.0
990,0.003525287387563747,0.06806688807384308,-0.00032169,2.4469845184420502,3.085375171979975,56.78011920466573,-0.0023016062189381405,6.444923101096652,0.08577636837209619,-4.527736725278304,-0.845232402679053,-44.263111979198605,1.5397792612636616,-17.808787389111004,0.20689099899680946,-0.17400505449339654,0.00020257,0.1790205367672768,0.00049835,1,0.0
991,0.015955466115773198,0.058375910746472234,-0.00032169,2.4469845184420502,3.085375171979975,8.366789773562981,-0.0023016062189381405,5.1417689089999685,0.08577636837209619,-42.41464707900498,-0.845232402679053,20.99265094485752,1.5397792612636616,17.880871329754076,0.20689099899680946,-0.01940328368425935,0.00020257,0.12531642846878804,0.00049835,1,0.0
992,0.041383312325161126,0.06978793085107829,-0.00032169,2.4469845184420502,3.085375171979975,-19.731037295528466,-0.0023016062189381405,7.593648103863567,0.08577636837209619,-85.85398671919617,-0.845232402679053,57.50436629845748,1.5397792612636616,51.575365751926654,0.20689099899680946,-0.09240920485064338,0.00020257,0.15994925500476384,0.00049835,1,0.0
993,0.031699296497422536,0.06747239491923482,-0.00032169,2.4469845184420502,3.085375171979975,98.98152386375955,-0.0023016062189381405,15.322274360960602,0.08577636837209619,-85.1710542920893,-0.845232402679053,50.471459677528614,1.5397792612636616,-7.302530669383115,0.20689099899680946,0.42482332610708323,0.00020257,0.6035346978371947,0.00049835,0,0.0
994,0.010459495795319684,0.12903946722988874,-0.00032169,2.4469845184420502,3.085375171979975,87.55982928733684,-0.0023016062189381405,11.274961647377197,0.08577636837209619,-55.581746472247474,-0.845232402679053,23.180049308653246,1.5397792612636616,-13.35508070681172,0.20689099899680946,0.33300876845170696,0.00020257,0.4124228534882271,0.00049835,0,0.0
995,0.04620305919804993,0.0054083682372165496,-0.00032169,2.4469845184420502,3.085375171979975,-19.11632033440655,-0.0023016062189381405,2.4934136712446904,0.08577636837209619,-36.85336367076091,-0.845232402679053,27.867053285704728,1.5397792612636616,27.508656618511946,0.20689099899680946,-0.044655199342477525,0.00020257,0.04516212796626912,0.00049835,1,0.0
996,0.13941783542749062,0.00425619094455561,-0.00032169,2.4469845184420502,3.085375171979975,-27.900925973685542,-0.0023016062189381405,-0.2923452139513113,0.08577636837209619,-14.066033728462166,-0.845232402679053,15.155565443230694,1.5397792612636616,22.590210535631435,0.20689099899680946,-0.021549563340495674,0.00020257,0.02149797384940355,0.00049835,1,0.0
997,0.02751856478650666,0.013772396944572544,-0.00032169,2.4469845184420502,3.085375171979975,-37.287555212292894,-0.0023016062189381405,3.9785125708852487,0.08577636837209619,-65.24355088011382,-0.845232402679053,57.27463159703635,1.5397792612636616,47.19180845077814,0.20689099899680946,-0.06333984048766461,0.00020257,0.06590292549512344,0.00049835,1,0.0
998,0.17002889309362423,0.09214920110718616,-0.00032169,2.4469845184420502,3.085375171979975,99.87640399973375,-0.0023016062189381405,18.586679725203876,0.08577636837209619,-93.93095078300944,-0.845232402679053,36.965769630065545,1.5397792612636616,0.5757730056651991,0.20689099899680946,0.43584107868920463,0.00020257,0.5807024377428613,0.00049835,0,0.0
999,0.21829747126857968,0.17236587565439304,-0.00032169,2.4469845184420502,3.085375171979975,43.38060172829386,-0.0023016062189381405,10.686256548342035,0.08577636837209619,-77.57870787719793,-0.845232402679053,29.514455777849093,1.5397792612636616,27.20400416659221,0.20689099899680946,0.17250475607552898,0.00020257,0.3531827677428755,0.00049835,0,0.0
1000,0.01707553692566921,0.01182039982769573,-0.00032169,0.8719611650083201,3.0023031448610418,16.286824093264617,-0.0023016062189381405,25.17645415471034,0.08577636837209619,-57.53605966054488,-0.845232402679053,32.28470241662112,1.5397792612636616,3.5641643522032895,0.20689099899680946,0.2870079443043684,0.00020257,2.05690400569331,0.00049835,0,0.0
1001,0.009087441014649755,0.009709446991609154,-0.00032169,0.8719611650083201,3.0023031448610418,31.387799580076663,-0.0023016062189381405,46.10620097017481,0.08577636837209619,-95.83848948351383,-0.845232402679053,34.44767335457333,1.5397792612636616,4.532859219849871,0.20689099899680946,0.27607518312679,0.00020257,3.8057718548640738,0.00049835,0,0.0
1002,0.016635227756010118,0.04241693580894788,-0.00032169,0.8719611650083201,3.0023031448610418,52.17710985768811,-0.0023016062189381405,29.330721010993102,0.08577636837209619,-0.9268171087837127,-0.845232402679053,-54.60954936263735,1.5397792612636616,-35.48646592559075,0.20689099899680946,0.2763092970768042,0.00020257,3.4428401916049545,0.00049835,0,0.0
1003,0.002100997895425394,0.044014127104284304,-0.00032169,0.8719611650083201,3.0023031448610418,99.99434648506436,-0.0023016062189381405,81.24202177689838,0.08577636837209619,-67.7894901796758,-0.845232402679053,-84.57116768508217,1.5397792612636616,-48.23424595298886,0.20689099899680946,0.2613683504710078,0.00020257,7.894478482528616,0.00049835,0,0.0
1004,0.14954171829667795,0.007977414479266236,-0.00032169,0.8719611650083201,3.0023031448610418,-8.021321892327633,-0.0023016062189381405,2.2243255809327174,0.08577636837209619,-17.12873776980878,-0.845232402679053,11.492069600428929,1.5397792612636616,13.26141844890521,0.20689099899680946,-0.03784440577538745,0.00020257,0.037394539633591815,0.00049835,1,0.0
1005,0.00029741263315830047,0.01637713869801451,-0.00032169,0.8719611650083201,3.0023031448610418,35.21168022711208,-0.0023016062189381405,34.152785225317395,0.08577636837209619,-48.63350791328148,-0.845232402679053,-0.7749573314306478,1.5397792612636616,-11.458648359811194,0.20689099899680946,0.2733216746224887,0.00020257,3.1520680522284863,0.00049835,0,0.0
1006,0.004844297592254021,0.03753886708157608,-0.00032169,0.8719611650083201,3.0023031448610418,75.89557878963527,-0.0023016062189381405,56.152858050933155,0.08577636837209619,-37.42073495967172,-0.845232402679053,-67.82219539659687,1.5397792612636616,-40.882896856984814,0.20689099899680946,0.26250365829646816,0.00020257,5.7090367811143,0.00049835,0,0.0
1007,0.010355246062508261,0.020820130787848286,-0.00032169,0.8719611650083201,3.0023031448610418,50.1570529660541,-0.0023016062189381405,48.60436258338534,0.08577636837209619,-64.739832562534,-0.845232402679053,-13.140260036903358,1.5397792612636616,-16.44041670011642,0.20689099899680946,0.2741753078275271,0.00020257,4.481768129396876,0.00049835,0,0.0
1008,0.011805950736513804,0.015433670360631853,-0.00032169,0.8719611650083201,3.0023031448610418,9.581580889996161,-0.0023016062189381405,14.88727254877203,0.08577636837209619,-41.27908296814762,-0.845232402679053,34.52945664558601,1.5397792612636616,3.302438299482591,0.20689099899680946,0.31068167315801,0.00020257,1.29204114964119,0.00049835,0,0.0
1009,0.0013393282205167445,0.038269551239445004,-0.00032169,0.8719611650083201,3.0023031448610418,81.2232041324421,-0.0023016062189381405,61.388460075956985,0.08577636837209619,-43.5881814238896,-0.845232402679053,-71.53750228002198,1.5397792612636616,-42.69640190911812,0.20689099899680946,0.26262292087646744,0.00020257,6.179735386075022,0.00049835,0,0.0
1010,0.0060656417485187575,0.018727024891006718,-0.00032169,0.8719611650083201,3.0023031448610418,63.892710880658164,-0.0023016062189381405,67.2835027151442,0.08577636837209619,-99.83547995406057,-0.845232402679053,-10.919301646678557,1.5397792612636616,-15.254950732616988,0.20689099899680946,0.2635030909330145,0.00020257,6.09303731738753,0.00049835,0,0.0
1011,0.010693415459531508,0.04771318907731567,-0.00032169,0.8719611650083201,3.0023031448610418,69.33711488215245,-0.0023016062189381405,40.32852778021215,0.08577636837209619,-0.2669842618607773,-0.845232402679053,-80.80551545398757,1.5397792612636616,-47.000295287599535,0.20689099899680946,0.26662094548190707,0.00020257,4.577258290542465,0.00049835,0,0.0
1012,0.03648734372124118,0.01545736188690067,-0.00032169,0.8719611650083201,3.0023031448610418,33.12840757650612,-0.0023016062189381405,41.21162108702752,0.08577636837209619,-74.47172054208504,-0.845232402679053,15.776499052749756,1.5397792612636616,-2.0066911710777244,0.20689099899680946,0.2703802191385809,0.00020257,3.5573817894595807,0.00049835,0,0.0
1013,0.029092748718550387,0.031031474625471726,-0.00032169,0.8719611650083201,3.0023031448610418,57.335043661533014,-0.0023016062189381405,48.65661167702949,0.08577636837209619,-46.163348298923324,-0.845232402679053,-38.10275564076859,1.5397792612636616,-26.15843705949553,0.20689099899680946,0.2652494596326851,0.00020257,4.626080227048618,0.00049835,0,0.0
1014,0.008820717464552041,0.00675182689002959,-0.00032169,0.8719611650083201,3.0023031448610418,16.24823872233081,-0.0023016062189381405,36.82144508047208,0.08577636837209619,-98.49356253958088,-0.845232402679053,59.11320398584556,1.5397792612636616,15.252399828193917,0.20689099899680946,0.27841849650647865,0.00020257,2.8448570327247023,0.00049835,0,0.0
1015,0.0027149172237850294,0.01404047158644315,-0.00032169,0.8719611650083201,3.0023031448610418,28.757223279788267,-0.0023016062189381405,31.84562020312656,0.08577636837209619,-53.83448107112726,-0.845232402679053,11.935625910369861,1.5397792612636616,-5.828712085223688,0.20689099899680946,0.2777407222438051,0.00020257,2.8118102387555437,0.00049835,0,0.0
1016,0.7578455209830306,0.16817576036527151,-0.00032169,0.8719611650083201,3.0023031448610418,-13.864586573772351,-0.0023016062189381405,6.570737796541709,0.08577636837209619,-0.015184420051035624,-0.845232402679053,-52.38508093245537,1.5397792612636616,25.945321039043396,0.20689099899680946,-0.2151613769436788,0.00020257,0.2197226851033621,0.00049835,1,0.0
1017,0.016570904092048477,0.034242348622998325,-0.00032169,0.8719611650083201,3.0023031448610418,3.140762818740245,-0.0023016062189381405,7.723377180951177,0.08577636837209619,-30.99703331686853,-0.845232402679053,48.230081816627994,1.5397792612636616,2.718660319280257,0.20689099899680946,0.4569670633101863,0.00020257,0.5587199530637939,0.00049835,0,0.0
1018,0.015785979073093315,0.008101875231360302,-0.00032169,0.8719611650083201,3.0023031448610418,3.0110427325941163,-0.0023016062189381405,21.16461021641262,0.08577636837209619,-73.03977579857117,-0.845232402679053,63.61655824711102,1.5397792612636616,16.366792968709987,0.20689099899680946,0.30263995854605197,0.00020257,1.4513164583305227,0.00049835,0,0.0
1019,0.7672802952889946,0.17788914001037523,-0.00032169,0.8719611650083201,3.0023031448610418,2.6383364051171028,-0.0023016062189381405,40.98362687443151,0.08577636837209619,-87.82446069022271,-0.845232402679053,13.439222602679436,1.5397792612636616,35.21849843433668,0.20689099899680946,0.27515649431425615,0.00020257,2.698603197298935,0.00049835,0,0.0
1020,0.008177749246440325,0.01769369822346414,-0.00032169,0.8719611650083201,3.0023031448610418,12.79346494352728,-0.0023016062189381405,12.81467523504069,0.08577636837209619,-24.792726223901468,-0.845232402679053,19.4435729518617,1.5397792612636616,-3.938476702276751,0.20689099899680946,0.3202090921593896,0.00020257,1.1601963069866237,0.00049835,0,0.0
1021,0.15946305588002382,0.009955545186637087,-0.00032169,0.8719611650083201,3.0023031448610418,-8.328826149118116,-0.0023016062189381405,1.9954887800542644,0.08577636837209619,-17.26924879614886,-0.845232402679053,12.271507018396504,1.5397792612636616,13.639514787276298,0.20689099899680946,-0.030878800087465012,0.00020257,0.034098208252053334,0.00049835,1,0.0
1022,0.0005806741692999662,0.03547225097577568,-0.00032169,0.8719611650083201,3.0023031448610418,67.62241608085932,-0.0023016062189381405,48.26618375908091,0.08577636837209619,-30.13097607352083,-0.845232402679053,-59.30314956010613,1.5397792612636616,-37.583531465997574,0.20689099899680946,0.26655850156202554,0.00020257,5.011708409249239,0.00049835,0,0.0
1023,0.5723144181622783,0.14620729764157714,-0.00032169,0.8719611650083201,3.0023031448610418,-9.960939462614803,-0.0023016062189381405,6.690916767930293,0.08577636837209619,-0.0005664730145180552,-0.845232402679053,-45.41104357772868,1.5397792612636616,19.510633788340634,0.20689099899680946,-0.2355193036498036,0.00020257,0.2282825682308493,0.00049835,1,0.0
1024,0.0009576858159536794,0.00826043987640645,-0.00032169,0.8719611650083201,3.0023031448610418,21.683340339610577,-0.0023016062189381405,37.93105822987021,0.08577636837209619,-91.88367776685148,-0.845232402679053,47.20438050108772,1.5397792612636616,9.832602255733757,0.20689099899680946,0.27359464968234803,0.00020257,3.082414106977353,0.00049835,0,0.0
1025,0.023955370562875666,0.012116651136801947,-0.00032169,0.8719611650083201,3.0023031448610418,9.054813397699238,-0.0023016062189381405,19.67730123031648,0.08577636837209619,-54.767326212686704,-0.845232402679053,41.85335059495266,1.5397792612636616,7.5086839086748665,0.20689099899680946,0.3020626452457936,0.00020257,1.5186243802774673,0.00049835,0,0.0
1026,0.0013623176999062458,0.020137171838242637,-0.00032169,0.8719611650083201,3.0023031448610418,63.291561481900516,-0.0023016062189381405,62.890765110354714,0.08577636837209619,-87.01130131199817,-0.845232402679053,-17.842436204602862,1.5397792612636616,-18.55624463494388,0.20689099899680946,0.2619219654753637,0.00020257,5.804046429623205,0.00049835,0,0.0
1027,0.0009508573912144769,0.020874509561251604,-0.00032169,0.8719611650083201,3.0023031448610418,65.94983773886491,-0.0023016062189381405,65.15359678713864,0.08577636837209619,-87.7609719402142,-0.845232402679053,-21.354126652154715,1.5397792612636616,-20.234170140539756,0.20689099899680946,0.2650715301960327,0.00020257,5.986311647283817,0.00049835,0,0.0
1028,0.004380231421206249,0.0102296070118872,-0.00032169,0.8719611650083201,3.0023031448610418,-7.914469010115591,-0.0023016062189381405,15.899440584342436,0.08577636837209619,-82.37071656342991,-0.845232402679053,93.29535290877637,1.5397792612636616,25.12837060079271,0.20689099899680946,0.35579054165839474,0.00020257,0.865261355247373,0.00049835,0,0.0
1029,0.008701380274882542,0.05056080995457696,-0.00032169,0.8719611650083201,3.0023031448610418,93.24375461802107,-0.0023016062189381405,65.7980398837965,0.08577636837209619,-31.911289819456545,-0.845232402679053,-97.18325205754293,1.5397792612636616,-53.77989627079503,0.20689099899680946,0.26197438504933324,0.00020257,6.7743854365731915,0.00049835,0,0.0
1030,0.00590559618790687,0.05935817495312773,-0.00032169,0.8719611650083201,3.0023031448610418,97.68769439290661,-0.0023016062189381405,67.88313210936106,0.08577636837209619,-32.675384541817415,-0.845232402679053,-99.88084194000086,1.5397792612636616,-56.65106232469334,0.20689099899680946,0.2956849760981095,0.00020257,7.079656826123565,0.00049835,0,0.0
1031,0.008152263630306522,0.028869888928394455,-0.00032169,0.8719611650083201,3.0023031448610418,-6.572831004179517,-0.0023016062189381405,10.525970603839385,0.08577636837209619,-65.20365760378522,-0.845232402679053,89.1525097095449,1.5397792612636616,18.371288474309075,0.20689099899680946,0.41331447467412336,0.00020257,0.6270872996605554,0.00049835,0,0.0
1032,0.26876292321920403,0.030254548342730225,-0.00032169,0.8719611650083201,3.0023031448610418,-15.239595574795574,-0.0023016062189381405,4.2344562374867305,0.08577636837209619,-33.80870375337157,-0.845232402679053,24.876068050262106,1.5397792612636616,25.10350929506438,0.20689099899680946,-0.07071424164805068,0.00020257,0.078725490557985,0.00049835,1,0.0
1033,0.010207246292488467,0.1553983921129489,-0.00032169,0.8719611650083201,3.0023031448610418,10.696803265719316,-0.0023016062189381405,-1.2577311685308892,0.08577636837209619,-8.036152903849315,-0.845232402679053,57.48843702078356,1.5397792612636616,-11.859692360389284,0.20689099899680946,0.3374453578177075,0.00020257,0.9875882928699449,0.00049835,0,0.0
1034,0.009739368107657853,0.03757195820836052,-0.00032169,0.8719611650083201,3.0023031448610418,93.56821488203174,-0.0023016062189381405,79.53193163283782,0.08577636837209619,-78.49515506366211,-0.845232402679053,-68.12941260912962,1.5397792612636616,-40.52942843899856,0.20689099899680946,0.26014572344483744,0.00020257,7.699770024749961,0.00049835,0,0.0
1035,0.04100843212062777,0.013435392669068288,-0.00032169,0.8719611650083201,3.0023031448610418,-0.7153565826615846,-0.0023016062189381405,18.052431542109577,0.08577636837209619,-69.60540594122988,-0.845232402679053,68.0233370313093,1.5397792612636616,17.85834594638344,0.20689099899680946,0.3389149250101771,0.00020257,1.1453684439401672,0.00049835,0,0.0
1036,-0.0008610209337152064,0.09020991553920527,-0.00032169,0.8719611650083201,3.0023031448610418,1.3921807750495916,-0.0023016062189381405,4.302313835347229,0.08577636837209619,-38.422401564146355,-0.845232402679053,81.24357613392313,1.5397792612636616,3.2284446654752728,0.20689099899680946,0.37307184034774676,0.00020257,0.8069869331864418,0.00049835,0,0.0
1037,0.0004491218610562786,0.02051998591367457,-0.00032169,0.8719611650083201,3.0023031448610418,33.69755737722478,-0.0023016062189381405,25.9728969340375,0.08577636837209619,-25.603191059264365,-0.845232402679053,-12.545929086216857,1.5397792612636616,-16.97529839237702,0.20689099899680946,0.27686911289117333,0.00020257,2.6146129719319817,0.00049835,0,0.0
1038,0.000408035338494539,0.04771032332969068,-0.00032169,0.8719611650083201,3.0023031448610418,85.30432149025751,-0.0023016062189381405,58.092562142747674,0.08577636837209619,-26.8826955111649,-0.845232402679053,-86.67697170188985,1.5397792612636616,-49.968842187306365,0.20689099899680946,0.2667536142426661,0.00020257,6.151836618062324,0.00049835,0,0.0
1039,0.0019760247239815065,0.04626685569133332,-0.00032169,0.8719611650083201,3.0023031448610418,90.89055022181003,-0.0023016062189381405,65.87619912198706,0.08577636837209619,-38.472616674704526,-0.845232402679053,-88.58874118832807,1.5397792612636616,-50.46702609367444,0.20689099899680946,0.26578686027603293,0.00020257,6.735349546608403,0.00049835,0,0.0
1040,0.006403113808490346,0.2555443052269678,-0.00032169,0.8719611650083201,3.0023031448610418,99.98170173075188,-0.0023016062189381405,67.39135351826667,0.08577636837209619,-54.006355442930605,-0.845232402679053,-41.00671346575471,1.5397792612636616,-56.90288050519719,0.20689099899680946,0.9274535629775045,0.00020257,7.3365798622358405,0.00049835,0,0.0
1041,0.0018308272794691494,0.03667265468938176,-0.00032169,0.8719611650083201,3.0023031448610418,60.081463835233144,-0.0023016062189381405,37.53007588198356,0.08577636837209619,-7.965602518995687,-0.845232402679053,-62.85968958509522,1.5397792612636616,-39.16643765561711,0.20689099899680946,0.26757972925372675,0.00020257,4.064949470677721,0.00049835,0,0.0
1042,0.00034739662852167896,0.018215280089306885,-0.00032169,0.8719611650083201,3.0023031448610418,47.0418048459231,-0.0023016062189381405,45.697572137568706,0.08577636837209619,-61.35293449236643,-0.845232402679053,-10.687730031082422,1.5397792612636616,-15.560536687965449,0.20689099899680946,0.2664458343897731,0.00020257,4.193453731951137,0.00049835,0,0.0
1043,0.0011829961088398178,0.011409889758634648,-0.00032169,0.8719611650083201,3.0023031448610418,-3.4283499810434326,-0.0023016062189381405,13.701442127576124,0.08577636837209619,-65.6507482972256,-0.845232402679053,74.46682366569372,1.5397792612636616,17.71103816423688,0.20689099899680946,0.35842874562494,0.00020257,0.8344702721661146,0.00049835,0,0.0
1044,0.03644229405689092,0.02336499717822041,-0.00032169,0.8719611650083201,3.0023031448610418,63.4913853083464,-0.0023016062189381405,66.32102460846795,0.08577636837209619,-93.51269563019348,-0.845232402679053,-17.278653762580138,1.5397792612636616,-16.377549238846548,0.20689099899680946,0.26296747884309957,0.00020257,5.971633429845628,0.00049835,0,0.0
1045,0.001051595339935485,0.01786523906111028,-0.00032169,0.8719611650083201,3.0023031448610418,29.993200667545036,-0.0023016062189381405,26.611289969599422,0.08577636837209619,-34.543926427250916,-0.845232402679053,-1.4871752442398758,1.5397792612636616,-12.143770109324485,0.20689099899680946,0.2827700679436902,0.00020257,2.524715623118005,0.00049835,0,0.0
1046,0.011637381832969806,0.02714381660639745,-0.00032169,0.8719611650083201,3.0023031448610418,48.04983818430752,-0.0023016062189381405,36.124245631284886,0.08577636837209619,-28.337068232007322,-0.845232402679053,-33.11389622301726,1.5397792612636616,-25.28752494091275,0.20689099899680946,0.27020318710828395,0.00020257,3.654696659842733,0.00049835,0,0.0
1047,-0.00012209331317969419,0.0073727973116944345,-0.00032169,0.8719611650083201,3.0023031448610418,10.26102940512648,-0.0023016062189381405,30.707808147890063,0.08577636837209619,-89.10833992399405,-0.845232402679053,64.07316949944699,1.5397792612636616,15.74709098497873,0.20689099899680946,0.30288546945853134,0.00020257,2.216473972481875,0.00049835,0,0.0
1048,0.49204562054696066,0.10316433309377072,-0.00032169,0.8719611650083201,3.0023031448610418,0.5630886022309944,-0.0023016062189381405,24.325063831652454,0.08577636837209619,-56.61431315671102,-0.845232402679053,20.38476661838624,1.5397792612636616,22.248712818040204,0.20689099899680946,0.31154247002759805,0.00020257,1.5837439027967095,0.00049835,0,0.0
1049,0.0021833026197604077,0.017043868447075755,-0.00032169,0.8719611650083201,3.0023031448610418,57.8836180540445,-0.0023016062189381405,63.67241574977374,0.08577636837209619,-97.03196032058337,-0.845232402679053,-4.631424102769167,1.5397792612636616,-12.540289167400681,0.20689099899680946,0.26188256681175126,0.00020257,5.604813243446074,0.00049835,0,0.0
1050,0.006920994752278586,0.00985639387898236,-0.00032169,0.8719611650083201,3.0023031448610418,8.058644394422474,-0.0023016062189381405,21.65679382825856,0.08577636837209619,-62.53788858482605,-0.845232402679053,49.21429165704886,1.5397792612636616,9.812128062246321,0.20689099899680946,0.2982331906972304,0.00020257,1.5679870201140678,0.00049835,0,0.0
1051,0.019334084412362618,0.01127491554717416,-0.00032169,0.8719611650083201,3.0023031448610418,31.560705532598668,-0.0023016062189381405,44.706819810476645,0.08577636837209619,-89.09017036148346,-0.845232402679053,28.443142088080677,1.5397792612636616,2.6740634126062175,0.20689099899680946,0.270058366801452,0.00020257,3.6993448979200867,0.00049835,0,0.0
1052,0.0016471214945641965,0.023978494924265195,-0.00032169,0.8719611650083201,3.0023031448610418,9.553084877631063,-0.0023016062189381405,7.656618829863152,0.08577636837209619,-18.808431819717285,-0.845232402679053,25.802582617400923,1.5397792612636616,-3.9736404750441525,0.20689099899680946,0.3760636635218907,0.00020257,0.8023820902956024,0.00049835,0,0.0
1053,0.0080663535672999,0.02336047641322823,-0.00032169,0.8719611650083201,3.0023031448610418,32.79772748585846,-0.0023016062189381405,23.010441321169942,0.08577636837209619,-16.225659208307945,-0.845232402679053,-17.733397259667957,1.5397792612636616,-19.038515515997148,0.20689099899680946,0.2808256695472471,0.00020257,2.3752822137533602,0.00049835,0,0.0
1054,1.8968877454187907,0.8970241052651431,-0.00032169,0.8719611650083201,3.0023031448610418,-23.7905972172798,-0.0023016062189381405,41.3779449427761,0.08577636837209619,-72.76401942372841,-0.845232402679053,-38.91879402592459,1.5397792612636616,69.12413151717587,0.20689099899680946,0.2894869081459598,0.00020257,2.1250610421367355,0.00049835,0,0.0
1055,0.0070440628497068225,0.011735892116962104,-0.00032169,0.8719611650083201,3.0023031448610418,38.42130484461451,-0.0023016062189381405,48.118873426037965,0.08577636837209619,-87.8487280170758,-0.845232402679053,18.491026999139844,1.5397792612636616,-2.231367744368035,0.20689099899680946,0.26646242808727383,0.00020257,4.13213472365502,0.00049835,0,0.0
1056,0.00028808512411560017,0.051006067194842186,-0.00032169,0.8719611650083201,3.0023031448610418,99.95551066352644,-0.0023016062189381405,72.86981927671884,0.08577636837209619,-44.99870221581979,-0.845232402679053,-96.85350921035808,1.5397792612636616,-54.3801023442769,0.20689099899680946,0.2664059721227847,0.00020257,7.484786480062211,0.00049835,0,0.0
1057,0.006081595018633035,0.01896990844418304,-0.00032169,0.8719611650083201,3.0023031448610418,51.63838628245001,-0.0023016062189381405,53.17903125321154,0.08577636837209619,-75.16601582239079,-0.845232402679053,-9.416348926803362,1.5397792612636616,-14.617590901717033,0.20689099899680946,0.2656615595670635,0.00020257,4.768626635786801,0.00049835,0,0.0
1058,0.004069186368736322,0.04284361477020884,-0.00032169,0.8719611650083201,3.0023031448610418,98.01515456882123,-0.0023016062189381405,79.01547629518812,0.08577636837209619,-69.30531510301209,-0.845232402679053,-79.42090917331913,1.5397792612636616,-46.043588792130805,0.20689099899680946,0.26130565683164786,0.00020257,7.826801797756118,0.00049835,0,0.0
1059,0.045544960484842134,0.024171158966700888,-0.00032169,0.8719611650083201,3.0023031448610418,52.312726901860486,-0.0023016062189381405,52.723102022599505,0.08577636837209619,-72.34037571717907,-0.845232402679053,-14.598311339329173,1.5397792612636616,-14.83719166065766,0.20689099899680946,0.26542213000479054,0.00020257,4.8305455654251315,0.00049835,0,0.0
1060,0.0027370692319810264,0.012880305478608247,-0.00032169,0.8719611650083201,3.0023031448610418,25.57583205043458,-0.0023016062189381405,30.334234820694743,0.08577636837209619,-55.54766995607484,-0.845232402679053,17.8160314243827,1.5397792612636616,-3.2841794597779543,0.20689099899680946,0.27936099587039087,0.00020257,2.6290075671705404,0.00049835,0,0.0
1061,0.005248889773787735,0.023665603375580775,-0.00032169,0.8719611650083201,3.0023031448610418,21.20431083553841,-0.0023016062189381405,11.777058504404115,0.08577636837209619,-4.584418934505135,-0.845232402679053,-5.724087584796817,1.5397792612636616,-15.064897826615397,0.20689099899680946,0.30693755135050393,0.00020257,1.3547599688546506,0.00049835,0,0.0
1062,1.1007659619963568,0.37008925038211776,-0.00032169,0.8719611650083201,3.0023031448610418,-47.322814918150385,-0.0023016062189381405,9.332833065559015,0.08577636837209619,-83.0846710562638,-0.845232402679053,37.43788939971009,1.5397792612636616,78.97169429436298,0.20689099899680946,-0.09795492027357341,0.00020257,0.08608193886695173,0.00049835,1,0.0
1063,0.0009344728215809894,0.04825776432591877,-0.00032169,0.8719611650083201,3.0023031448610418,97.10184203602529,-0.0023016062189381405,87.20071165487441,0.08577636837209619,-99.35832167212888,-0.845232402679053,-52.5099924305906,1.5397792612636616,-38.00567082147277,0.20689099899680946,0.35922358325182513,0.00020257,8.26180352955295,0.00049835,0,0.0
1064,0.062431848904498655,0.02844660339128752,-0.00032169,0.8719611650083201,3.0023031448610418,-11.343486170135561,-0.0023016062189381405,12.536760482896016,0.08577636837209619,-79.55095114364359,-0.845232402679053,97.87014165520128,1.5397792612636616,27.33369248659858,0.20689099899680946,0.399816842984107,0.00020257,0.6608837413156067,0.00049835,0,0.0
1065,0.00026949713902690853,0.007466934242898593,-0.00032169,0.8719611650083201,3.0023031448610418,23.911981480047316,-0.0023016062189381405,40.28776883976006,0.08577636837209619,-92.60354995312541,-0.845232402679053,44.08935638697545,1.5397792612636616,8.28480130360402,0.20689099899680946,0.27612189093928463,0.00020257,3.226957148337995,0.00049835,0,0.0
1066,1.4609187984123229,0.5620677770759114,-0.00032169,0.8719611650083201,3.0023031448610418,-58.42048161364669,-0.0023016062189381405,15.441799678592552,0.08577636837209619,-99.99063294191997,-0.845232402679053,29.21178251177828,1.5397792612636616,98.799987544647,0.20689099899680946,-0.2495444211366109,0.00020257,0.24109317519833784,0.00049835,1,0.0
1067,0.0011556942148209792,0.03476809900463812,-0.00032169,0.8719611650083201,3.0023031448610418,72.98175413341826,-0.0023016062189381405,57.10960607379432,0.08577636837209619,-46.13354779392428,-0.845232402679053,-57.30125736734059,1.5397792612636616,-36.778431979836604,0.20689099899680946,0.27488636173702563,0.00020257,5.657992795568524,0.00049835,0,0.0
1068,-0.0024575177387493874,0.029528075284513282,-0.00032169,0.8719611650083201,3.0023031448610418,2.423486474859136,-0.0023016062189381405,7.59671989187539,0.08577636837209619,-36.46792705655825,-0.845232402679053,51.990907771937394,1.5397792612636616,5.217257617456722,0.20689099899680946,0.43532800962249024,0.00020257,0.6233758417387167,0.00049835,0,0.0
1069,0.03476313953116139,0.00885903617527391,-0.00032169,0.8719611650083201,3.0023031448610418,-8.418941481212006,-0.0023016062189381405,19.781524070471946,0.08577636837209619,-93.90095032724187,-0.845232402679053,96.19114605456102,1.5397792612636616,29.7530603646828,0.20689099899680946,0.3250388126012447,0.00020257,1.1103234250312681,0.00049835,0,0.0
1070,0.06302529299904602,0.012962371246993027,-0.00032169,0.8719611650083201,3.0023031448610418,18.98260359104469,-0.0023016062189381405,35.468777419346786,0.08577636837209619,-83.30659156931881,-0.845232402679053,40.53296859071607,1.5397792612636616,10.139259745686639,0.20689099899680946,0.2747686911567173,0.00020257,2.8030917573333713,0.00049835,0,0.0
1071,0.016748657459264127,0.044929499993108885,-0.00032169,0.8719611650083201,3.0023031448610418,64.42240455408299,-0.0023016062189381405,38.81764643453901,0.08577636837209619,-0.3411859271625146,-0.845232402679053,-75.7349642153264,1.5397792612636616,-44.034639313684735,0.20689099899680946,0.2673018012691173,0.00020257,4.219431961139114,0.00049835,0,0.0
1072,0.0011396098158336088,0.04099961518097112,-0.00032169,0.8719611650083201,3.0023031448610418,66.25476756876873,-0.0023016062189381405,40.552221719088415,0.08577636837209619,-6.896177711720485,-0.845232402679053,-71.85927057349438,1.5397792612636616,-43.3729796449296,0.20689099899680946,0.267305232050413,0.00020257,4.473640761607339,0.00049835,0,0.0
1073,0.005805301427138421,0.010640911417673258,-0.00032169,0.8719611650083201,3.0023031448610418,8.1474544641332,-0.0023016062189381405,18.78257890092995,0.08577636837209619,-56.016281849279295,-0.845232402679053,45.56833645199645,1.5397792612636616,8.231453781124461,0.20689099899680946,0.3013036259807014,0.00020257,1.4656710860942441,0.00049835,0,0.0
1074,0.0001514571933327602,0.03761014166895761,-0.00032169,0.8719611650083201,3.0023031448610418,86.11885829553673,-0.0023016062189381405,68.16660485149467,0.08577636837209619,-55.09289365022366,-0.845232402679053,-71.73152976955653,1.5397792612636616,-42.68972978009854,0.20689099899680946,0.2609285872957683,0.00020257,6.723755045582128,0.00049835,0,0.0
1075,0.0008677546524415991,0.03292847917360391,-0.00032169,0.8719611650083201,3.0023031448610418,66.33048897109657,-0.0023016062189381405,49.43094208300359,0.08577636837209619,-34.324689193360854,-0.845232402679053,-55.55015919344269,1.5397792612636616,-35.741809454402365,0.20689099899680946,0.2671373779011095,0.00020257,4.9875271067265725,0.00049835,0,0.0
1076,0.06752596096483504,0.08679310291816476,-0.00032169,0.8719611650083201,3.0023031448610418,-29.539247658620738,-0.0023016062189381405,8.908034475387746,0.08577636837209619,-96.753604376405,-0.845232402679053,99.37140825833409,1.5397792612636616,49.36039142467939,0.20689099899680946,-0.15381839370614622,0.00020257,0.15459991132873138,0.00049835,1,0.0
1077,0.0037386892634614366,0.005436449813815975,-0.00032169,0.8719611650083201,3.0023031448610418,12.313163641280894,-0.0023016062189381405,33.33667650945131,0.08577636837209619,-93.70287698334144,-0.845232402679053,62.03474860206931,1.5397792612636616,16.141701631255703,0.20689099899680946,0.2785621575249224,0.00020257,2.469365135041993,0.00049835,0,0.0
1078,0.0015214156496956566,0.03374895174716275,-0.00032169,0.8719611650083201,3.0023031448610418,63.04973705816452,-0.0023016062189381405,44.586773312987056,0.08577636837209619,-27.56635275848466,-0.845232402679053,-54.408868321531955,1.5397792612636616,-35.27530227936842,0.20689099899680946,0.2642524358926224,0.00020257,4.658049331839772,0.00049835,0,0.0
1079,0.003966879868178008,0.006395874984020754,-0.00032169,0.8719611650083201,3.0023031448610418,9.790691898998007,-0.0023016062189381405,28.226112883151128,0.08577636837209619,-82.48044741732203,-0.845232402679053,59.10492040897288,1.5397792612636616,14.583527970986728,0.20689099899680946,0.2859279350507652,0.00020257,2.0822402457897806,0.00049835,0,0.0
1080,0.009234969069617183,0.03802977950687474,-0.00032169,0.8719611650083201,3.0023031448610418,54.59778671792418,-0.0023016062189381405,32.34900958345236,0.08577636837209619,-1.5566459331337115,-0.845232402679053,-58.93205813309014,1.5397792612636616,-37.39351137251255,0.20689099899680946,0.2764882375318365,0.00020257,3.573596170366593,0.00049835,0,0.0
1081,-0.00038739735372633755,0.02308032556028996,-0.00032169,0.8719611650083201,3.0023031448610418,23.897352577656623,-0.0023016062189381405,14.484637471084703,0.08577636837209619,-7.015135148801325,-0.845232402679053,-8.781620617214587,1.5397792612636616,-16.225082359572106,0.20689099899680946,0.2976405856008981,0.00020257,1.5735709245143263,0.00049835,0,0.0
1082,0.011439742614416826,0.02774524013724758,-0.00032169,0.8719611650083201,3.0023031448610418,77.80694277593668,-0.0023016062189381405,72.12479859203417,0.08577636837209619,-86.71467077981079,-0.845232402679053,-40.116679812931075,1.5397792612636616,-27.881328648116096,0.20689099899680946,0.2600147014741263,0.00020257,6.793969497339278,0.00049835,0,0.0
1083,0.012482817158328885,0.04105743293787213,-0.00032169,0.8719611650083201,3.0023031448610418,59.29130294145747,-0.0023016062189381405,35.22566616164901,0.08577636837209619,-0.539070631993392,-0.845232402679053,-67.13749333338455,1.5397792612636616,-40.6742610474714,0.20689099899680946,0.27178268808976846,0.00020257,3.8754088120778327,0.00049835,0,0.0
1084,-0.000753037952623048,0.02088960157099091,-0.00032169,0.8719611650083201,3.0023031448610418,41.054236234645735,-0.0023016062189381405,36.2767693376356,0.08577636837209619,-43.41252341221187,-0.845232402679053,-12.599283214132232,1.5397792612636616,-16.774250480474578,0.20689099899680946,0.27258326560742074,0.00020257,3.445424400056342,0.00049835,0,0.0
1085,0.0021328899042065697,0.016939854960104233,-0.00032169,0.8719611650083201,3.0023031448610418,29.303708943199158,-0.0023016062189381405,27.337844860936542,0.08577636837209619,-37.78468072310606,-0.845232402679053,1.1466952816511744,1.5397792612636616,-10.769564705050994,0.20689099899680946,0.2799617458188737,0.00020257,2.5398470517243235,0.00049835,0,0.0
1086,0.36622478199631414,0.09301240295050084,-0.00032169,0.8719611650083201,3.0023031448610418,25.794087708691162,-0.0023016062189381405,28.343464568037465,0.08577636837209619,-28.277739228985002,-0.845232402679053,-26.82631222595374,1.5397792612636616,-3.8652421564796677,0.20689099899680946,0.28735007704659754,0.00020257,2.6166677960991924,0.00049835,0,0.0
1087,0.00034303684018544,0.009368983944101806,-0.00032169,0.8719611650083201,3.0023031448610418,1.504733706715265,-0.0023016062189381405,16.683830035989764,0.08577636837209619,-63.77197908509663,-0.845232402679053,62.915137198754216,1.5397792612636616,14.309465151241362,0.20689099899680946,0.32708996309186145,0.00020257,1.1424418185239138,0.00049835,0,0.0
1088,0.021010952002324,0.02831950783764495,-0.00032169,0.8719611650083201,3.0023031448610418,15.617897803910598,-0.0023016062189381405,9.940347285387375,0.08577636837209619,-10.084808892535829,-0.845232402679053,8.012457095148353,1.5397792612636616,-10.020709364053562,0.20689099899680946,0.35754396628689145,0.00020257,1.0689150200047681,0.00049835,0,0.0
1089,0.002871980750899894,0.02268430573142939,-0.00032169,0.8719611650083201,3.0023031448610418,74.04882634758434,-0.0023016062189381405,73.25047510543692,0.08577636837209619,-98.0847973088672,-0.845232402679053,-26.67413245970789,1.5397792612636616,-22.49795151553843,0.20689099899680946,0.26494373078312705,0.00020257,6.7365646566976825,0.00049835,0,0.0
1090,0.003706267161933896,0.030074262078455937,-0.00032169,0.8719611650083201,3.0023031448610418,38.86388957749181,-0.0023016062189381405,21.263101282374418,0.08577636837209619,-0.07517324150616732,-0.845232402679053,-35.586222507054536,1.5397792612636616,-27.529361386849555,0.20689099899680946,0.27837431539029267,0.00020257,2.488755899326625,0.00049835,0,0.0
1091,-0.003175760115963655,0.10436501600338204,-0.00032169,0.8719611650083201,3.0023031448610418,62.957854305133296,-0.0023016062189381405,64.56287564634464,0.08577636837209619,-99.96892051442806,-0.845232402679053,21.06112690914068,1.5397792612636616,-19.202084271681763,0.20689099899680946,0.7001526284588753,0.00020257,5.71982269775884,0.00049835,0,0.0
1092,0.0012112168637113951,0.006789599263885025,-0.00032169,0.8719611650083201,3.0023031448610418,-0.9305038046213674,-0.0023016062189381405,21.322271110458033,0.08577636837209619,-82.90797457671353,-0.845232402679053,78.6642431475124,1.5397792612636616,21.133278584306534,0.20689099899680946,0.3188091815042364,0.00020257,1.3452869013094162,0.00049835,0,0.0
1093,0.0028674598693910758,0.007728119211586019,-0.00032169,0.8719611650083201,3.0023031448610418,9.341194241525724,-0.0023016062189381405,25.2428545638186,0.08577636837209619,-74.56608173836881,-0.845232402679053,55.48356680177814,1.5397792612636616,12.632037083267441,0.20689099899680946,0.29497304299616045,0.00020257,1.8983191951048108,0.00049835,0,0.0
1094,0.021867201770552513,0.01952690849256691,-0.00032169,0.8719611650083201,3.0023031448610418,5.547091940905106,-0.0023016062189381405,10.68146846513309,0.08577636837209619,-34.783485553956496,-0.845232402679053,37.91025805513394,1.5397792612636616,3.8116196555298747,0.20689099899680946,0.3489929389993503,0.00020257,0.8761637166224372,0.00049835,0,0.0
1095,0.002281753820039034,0.027007896315253046,-0.00032169,0.8719611650083201,3.0023031448610418,67.75131961242504,-0.0023016062189381405,58.887370675650395,0.08577636837209619,-64.89939226631466,-0.845232402679053,-38.17983589252081,1.5397792612636616,-27.683826023199213,0.20689099899680946,0.26228330330095284,0.00020257,5.688197778765661,0.00049835,0,0.0
1096,0.0020472606798161985,0.02332429841276839,-0.00032169,0.8719611650083201,3.0023031448610418,8.558378630013847,-0.0023016062189381405,8.353302868903748,0.08577636837209619,-20.362626973383158,-0.845232402679053,27.6596809683318,1.5397792612636616,-3.176177250433804,0.20689099899680946,0.38336031822435407,0.00020257,0.7392425519630046,0.00049835,0,0.0
1097,0.002572118221853062,0.13134072279617703,-0.00032169,0.8719611650083201,3.0023031448610418,7.43886845447215,-0.0023016062189381405,1.2116386782715232,0.08577636837209619,-19.06246757332761,-0.845232402679053,67.68587272809212,1.5397792612636616,-7.00605664451973,0.20689099899680946,0.3421436992739819,0.00020257,0.9292316208510218,0.00049835,0,0.0
1098,0.0036282708978883083,0.020931067429623525,-0.00032169,0.8719611650083201,3.0023031448610418,16.71520533710593,-0.0023016062189381405,11.292697039580897,0.08577636837209619,-12.974921044722766,-0.845232402679053,6.9440878614793675,1.5397792612636616,-9.83860138003232,0.20689099899680946,0.3179161339808543,0.00020257,1.2038678157493286,0.00049835,0,0.0
1099,0.008103342504353073,0.02280691561795503,-0.00032169,0.8719611650083201,3.0023031448610418,58.786506925536656,-0.0023016062189381405,55.18536627554269,0.08577636837209619,-68.2723789964319,-0.845232402679053,-23.89790226051814,1.5397792612636616,-21.064452212887794,0.20689099899680946,0.26715209181257027,0.00020257,5.131807490014229,0.00049835,0,0.0
1100,0.041806597142760055,0.0004913652045076866,-0.00032169,1.9464841943037883,5.142739189835587,-14.180979599112108,-0.0023016062189381405,3.5210979284846076,0.08577636837209619,-20.193408678984227,-0.845232402679053,-15.842443800707875,1.5397792612636616,18.0823950141953,0.20689099899680946,-0.01502564537834035,0.00020257,0.01509045052526519,0.00049835,1,0.0
1101,0.011107438782959979,0.0017408212327198393,-0.00032169,1.9464841943037883,5.142739189835587,-25.298408974553112,-0.0023016062189381405,-2.5887341172590643,0.08577636837209619,-18.23332152753371,-0.845232402679053,79.89977266005239,1.5397792612636616,13.68461897550112,0.20689099899680946,-0.018289113541117712,0.00020257,0.01971562096882484,0.00049835,1,0.0
1102,0.09800717199163964,0.001420097801023011,-0.00032169,1.9464841943037883,5.142739189835587,-67.44134042976066,-0.0023016062189381405,7.287064406573721,0.08577636837209619,-82.52122599614685,-0.845232402679053,78.20736248347889,1.5397792612636616,62.203248756705406,0.20689099899680946,-0.019780243256173096,0.00020257,0.019402829997239458,0.00049835,1,0.0
1103,0.015687352470940982,0.0031964183688599455,-0.00032169,1.9464841943037883,5.142739189835587,15.491984740473251,-0.0023016062189381405,6.2577462255561365,0.08577636837209619,-0.3019685269149935,-0.845232402679053,-80.96487368189194,1.5397792612636616,-1.2060482652565119,0.20689099899680946,-0.028310697442990296,0.00020257,0.03022305344935657,0.00049835,1,0.0
1104,0.0609333476348925,0.0008221885325733028,-0.00032169,1.9464841943037883,5.142739189835587,-5.156101917701361,-0.0023016062189381405,4.497807852657831,0.08577636837209619,-4.4518393671381595,-0.845232402679053,-64.51024164642004,1.5397792612636616,11.79837582447812,0.20689099899680946,-0.019115156468650328,0.00020257,0.019169352180493184,0.00049835,1,0.0
1105,0.009600388894654827,0.00010625862024396605,-0.00032169,1.9464841943037883,5.142739189835587,0.6984798048246359,-0.0023016062189381405,1.0696919754616239,0.08577636837209619,-1.2430848191977226,-0.845232402679053,-17.89409466602424,1.5397792612636616,2.2070156021919485,0.20689099899680946,-0.006642338632485027,0.00020257,0.006632794393593938,0.00049835,1,0.0
1106,0.09181113827314279,0.003057450177183573,-0.00032169,1.9464841943037883,5.142739189835587,-24.430174143729182,-0.0023016062189381405,8.191602416495813,0.08577636837209619,-35.58729197451073,-0.845232402679053,-47.953439347001606,1.5397792612636616,33.22507981582252,0.20689099899680946,-0.03074802412649747,0.00020257,0.03276429951086398,0.00049835,1,0.0
1107,0.028862771588614375,9.980822993165457e-05,-0.00032169,1.9464841943037883,5.142739189835587,-25.584084436136553,-0.0023016062189381405,2.4961214944128716,0.08577636837209619,-32.98603927526082,-0.845232402679053,39.962842629853206,1.5397792612636616,23.02518320810297,0.20689099899680946,-0.006316455925922426,0.00020257,0.0063386608785881236,0.00049835,1,0.0
1108,0.21508775136615116,0.0028553647448289797,-0.00032169,1.9464841943037883,5.142739189835587,-58.73950248169636,-0.0023016062189381405,8.692699308127978,0.08577636837209619,-39.02810470800267,-0.845232402679053,-77.91728361149147,1.5397792612636616,59.48592929254124,0.20689099899680946,-0.02783690585467797,0.00020257,0.02798021715666303,0.00049835,1,0.0
1109,0.020097484186342416,5.560018262857349e-05,-0.00032169,1.9464841943037883,5.142739189835587,-21.31252028167057,-0.0023016062189381405,1.2368518219727773,0.08577636837209619,-26.108270408849407,-0.845232402679053,39.25989263347945,1.5397792612636616,18.302387513800863,0.20689099899680946,-0.0022504024878244842,0.00020257,0.0022716370599493545,0.00049835,1,0.0
1110,0.09924278908389829,0.0006314800529228066,-0.00032169,1.9464841943037883,5.142739189835587,-46.32659329974285,-0.0023016062189381405,5.309810566771967,0.08577636837209619,-46.10111475106467,-0.845232402679053,21.566407015871,1.5397792612636616,42.37037016125262,0.20689099899680946,-0.014337348901062386,0.00020257,0.014334491170094341,0.00049835,1,0.0
1111,0.28687036711447567,0.005184887433299302,-0.00032169,1.9464841943037883,5.142739189835587,-98.35436829024705,-0.0023016062189381405,12.900985487549208,0.08577636837209619,-85.00193987669599,-0.845232402679053,-50.72877781052145,1.5397792612636616,98.00535834770793,0.20689099899680946,-0.04112252704426745,0.00020257,0.04116234907699779,0.00049835,1,0.0
1112,0.036099875878115334,0.005201632147059925,-0.00032169,1.9464841943037883,5.142739189835587,-36.31559535244813,-0.0023016062189381405,10.621393216882868,0.08577636837209619,-82.22031193298453,-0.845232402679053,27.431761186455834,1.5397792612636616,49.08136291976662,0.20689099899680946,-0.045846419590949955,0.00020257,0.04571143353848958,0.00049835,1,0.0
1113,0.29274665378815456,0.004654566669663929,-0.00032169,1.9464841943037883,5.142739189835587,-81.45228315256581,-0.0023016062189381405,9.512669502597724,0.08577636837209619,-47.26433293654709,-0.845232402679053,-96.3929159861552,1.5397792612636616,79.45835781278907,0.20689099899680946,-0.029335514165441022,0.00020257,0.02935638700004338,0.00049835,1,0.0
1114,0.06305453973221545,0.0004009477287149855,-0.00032169,1.9464841943037883,5.142739189835587,-58.26303662238653,-0.0023016062189381405,4.956385531315335,0.08577636837209619,-74.06096797955776,-0.845232402679053,94.67776306993785,1.5397792612636616,51.993326001376346,0.20689099899680946,-0.011777252151378,0.00020257,0.011804222325240489,0.00049835,1,0.0
1115,0.11036229320172931,0.0014176336777444716,-0.00032169,1.9464841943037883,5.142739189835587,-13.966404604232109,-0.0023016062189381405,5.651515216233397,0.08577636837209619,-1.0416399550988216,-0.845232402679053,-89.36777569634611,1.5397792612636616,18.2132040846933,0.20689099899680946,-0.02001607829224195,0.00020257,0.01993638044765565,0.00049835,1,0.0
1116,0.1172589273104936,0.0007915347949483133,-0.00032169,1.9464841943037883,5.142739189835587,-57.27773620400115,-0.0023016062189381405,5.457558432305037,0.08577636837209619,-55.39013777217493,-0.845232402679053,34.827980022929935,1.5397792612636616,51.29058114493084,0.20689099899680946,-0.013649500361257675,0.00020257,0.013723171863895215,0.00049835,1,0.0
1117,0.10412596810538544,0.0008043014603799832,-0.00032169,1.9464841943037883,5.142739189835587,-74.05307321279469,-0.0023016062189381405,4.344292416055667,0.08577636837209619,-79.67220314711248,-0.845232402679053,99.21834042948088,1.5397792612636616,64.06272486235349,0.20689099899680946,-0.007911686341013913,0.00020257,0.007881750173473229,0.00049835,1,0.0
1118,0.059575492196605656,0.0014108084387017695,-0.00032169,1.9464841943037883,5.142739189835587,-20.472147832614546,-0.0023016062189381405,6.511385977060552,0.08577636837209619,-31.46626910172478,-0.845232402679053,-19.57674246709842,1.5397792612636616,25.358765732361476,0.20689099899680946,-0.02285729874244286,0.00020257,0.023353427637219547,0.00049835,1,0.0
1119,0.017464959633423274,0.00043791686468353224,-0.00032169,1.9464841943037883,5.142739189835587,-31.12273763928981,-0.0023016062189381405,3.706942118079445,0.08577636837209619,-44.56415858412792,-0.845232402679053,72.0677383317201,1.5397792612636616,25.654446351267104,0.20689099899680946,-0.012895512676169963,0.00020257,0.012945049239730411,0.00049835,1,0.0
1120,0.15693870540315158,0.0017457895534312236,-0.00032169,1.9464841943037883,5.142739189835587,-56.078757959831606,-0.0023016062189381405,7.109765532266751,0.08577636837209619,-50.35322220493376,-0.845232402679053,-21.19137653018017,1.5397792612636616,55.85612021981637,0.20689099899680946,-0.02261029765934703,0.00020257,0.022949169295025336,0.00049835,1,0.0
1121,0.06289435563948155,0.0009200082425546689,-0.00032169,1.9464841943037883,5.142739189835587,-58.177962863566385,-0.0023016062189381405,7.500053184889337,0.08577636837209619,-81.58786049733557,-0.845232402679053,89.97535207785299,1.5397792612636616,54.100178192007505,0.20689099899680946,-0.021052065806515863,0.00020257,0.02103255376928037,0.00049835,1,0.0
1122,0.09593553851669342,0.000560006486621502,-0.00032169,1.9464841943037883,5.142739189835587,-27.705744943412903,-0.0023016062189381405,3.649518919234596,0.08577636837209619,-18.40864218952836,-0.845232402679053,-29.23130207037725,1.5397792612636616,27.236396315442956,0.20689099899680946,-0.011108984037386428,0.00020257,0.011189247651752438,0.00049835,1,0.0
1123,0.11061255948040356,0.0017222782252645603,-0.00032169,1.9464841943037883,5.142739189835587,-42.720985047556546,-0.0023016062189381405,8.465830339657428,0.08577636837209619,-51.74243249039707,-0.845232402679053,-15.041366094120246,1.5397792612636616,46.25275389047278,0.20689099899680946,-0.028851420032804508,0.00020257,0.028848719198368716,0.00049835,1,0.0
1124,0.06474713167893556,0.0020778295676341656,-0.00032169,1.9464841943037883,5.142739189835587,-36.10742251501157,-0.0023016062189381405,8.280631464180583,0.08577636837209619,-58.62697190858195,-0.845232402679053,12.040750442130701,1.5397792612636616,41.541979157310195,0.20689099899680946,-0.03009696724405607,0.00020257,0.029955739764393863,0.00049835,1,0.0
1125,0.2301882627656276,0.0027480896441063915,-0.00032169,1.9464841943037883,5.142739189835587,-99.74044593766101,-0.0023016062189381405,8.32469558710198,0.08577636837209619,-85.28851796350686,-0.845232402679053,32.98956767734931,1.5397792612636616,89.34178220556238,0.20689099899680946,-0.019742836824292474,0.00020257,0.019731735450687807,0.00049835,1,0.0
1126,0.16547003371739966,0.002112363962348249,-0.00032169,1.9464841943037883,5.142739189835587,-62.36883434218975,-0.0023016062189381405,6.537836822016474,0.08577636837209619,-55.82293654165938,-0.845232402679053,-12.479519030288946,1.5397792612636616,61.56584878093071,0.20689099899680946,-0.021792886952100955,0.00020257,0.022350685077736344,0.00049835,1,0.0
1127,0.25092014580432415,0.00379567773131173,-0.00032169,1.9464841943037883,5.142739189835587,-97.40752750048088,-0.0023016062189381405,11.018229995609177,0.08577636837209619,-88.54970671096552,-0.845232402679053,-9.319906966629981,1.5397792612636616,94.18144293807076,0.20689099899680946,-0.03315653814135492,0.00020257,0.033249004458035226,0.00049835,1,0.0
1128,0.034442520905362886,0.0001253080251453113,-0.00032169,1.9464841943037883,5.142739189835587,-22.62254179573628,-0.0023016062189381405,2.240501832893928,0.08577636837209619,-25.698888470188987,-0.845232402679053,26.99299600473359,1.5397792612636616,19.930533226471606,0.20689099899680946,-0.005794253813139613,0.00020257,0.0058681460410193965,0.00049835,1,0.0
1129,0.1045677739878522,0.0011226645017599192,-0.00032169,1.9464841943037883,5.142739189835587,-27.238273821547597,-0.0023016062189381405,-0.0003509069195077874,0.08577636837209619,-0.3131206304233055,-0.845232402679053,-26.810374542549987,1.5397792612636616,20.759448194139793,0.20689099899680946,-0.005201969140562059,0.00020257,0.005367350380817315,0.00049835,1,0.0
1130,0.06337420201829531,0.0004750563968718425,-0.00032169,1.9464841943037883,5.142739189835587,-7.194980782751981,-0.0023016062189381405,2.94305442268484,0.08577636837209619,-0.1643370163686157,-0.845232402679053,-55.97028847098933,1.5397792612636616,10.84951084829896,0.20689099899680946,-0.01226983961952807,0.00020257,0.01220803992499951,0.00049835,1,0.0
1131,0.07823222194876137,0.0019634756699902275,-0.00032169,1.9464841943037883,5.142739189835587,-51.89060905556282,-0.0023016062189381405,7.110254507074374,0.08577636837209619,-73.31850770397699,-0.845232402679053,48.288982909241525,1.5397792612636616,53.762614370078744,0.20689099899680946,-0.024264127988225793,0.00020257,0.02541029701767315,0.00049835,1,0.0
1132,0.08177318640231238,0.0005369783728030228,-0.00032169,1.9464841943037883,5.142739189835587,-62.08170758741539,-0.0023016062189381405,3.2881619606179395,0.08577636837209619,-65.79929897785834,-0.845232402679053,93.04315869811451,1.5397792612636616,51.87715837907941,0.20689099899680946,-0.007002405784948602,0.00020257,0.007097525463773721,0.00049835,1,0.0
1133,0.27190135178928276,0.00558832337424054,-0.00032169,1.9464841943037883,5.142739189835587,-97.38258226538935,-0.0023016062189381405,13.457982917346675,0.08577636837209619,-93.16444540027214,-0.845232402679053,-43.68335923533901,1.5397792612636616,99.9575014667423,0.20689099899680946,-0.04629770878150116,0.00020257,0.046281303047315495,0.00049835,1,0.0
1134,0.22653933354418904,0.0028604826029761153,-0.00032169,1.9464841943037883,5.142739189835587,-85.1671692519756,-0.0023016062189381405,7.546920917924581,0.08577636837209619,-63.251936658041714,-0.845232402679053,-1.8781586326425894,1.5397792612636616,75.97561667719984,0.20689099899680946,-0.01806963938952354,0.00020257,0.018390982670518464,0.00049835,1,0.0
1135,0.08362979076056132,0.000813493330232822,-0.00032169,1.9464841943037883,5.142739189835587,-64.66245362798267,-0.0023016062189381405,6.958174839090631,0.08577636837209619,-81.74918557142138,-0.845232402679053,88.982814567692,1.5397792612636616,58.7516943919836,0.20689099899680946,-0.01820716030551719,0.00020257,0.018410373480023178,0.00049835,1,0.0
1136,0.1496826575929427,0.0013694685529518013,-0.00032169,1.9464841943037883,5.142739189835587,-32.67937096891011,-0.0023016062189381405,2.139896993496203,0.08577636837209619,-1.3273356626059518,-0.845232402679053,-66.72634107662921,1.5397792612636616,29.09038973769435,0.20689099899680946,-0.004583866054624459,0.00020257,0.0045828007595930245,0.00049835,1,0.0
1137,0.14590817316351157,0.0012629872930439456,-0.00032169,1.9464841943037883,5.142739189835587,-62.263431410750165,-0.0023016062189381405,6.528190171365314,0.08577636837209619,-58.156907535705066,-0.845232402679053,13.56187030387123,1.5397792612636616,58.22780038971703,0.20689099899680946,-0.017728053872822072,0.00020257,0.017886995584265535,0.00049835,1,0.0
1138,0.07919164261196505,0.0015100144066612755,-0.00032169,1.9464841943037883,5.142739189835587,-69.50837744160371,-0.0023016062189381405,8.665341787564627,0.08577636837209619,-98.34598275075057,-0.845232402679053,99.71878034294862,1.5397792612636616,66.79390358183329,0.20689099899680946,-0.02493179651258031,0.00020257,0.025316581173205968,0.00049835,1,0.0
1139,0.07146466984774416,0.0016881325734203001,-0.00032169,1.9464841943037883,5.142739189835587,-66.45056923930615,-0.0023016062189381405,7.533512882521026,0.08577636837209619,-95.38718349834703,-0.845232402679053,98.45216376446788,1.5397792612636616,64.86745347302306,0.20689099899680946,-0.022886204729464815,0.00020257,0.02358594067521623,0.00049835,1,0.0
1140,0.08461113067353229,0.0008496947409161895,-0.00032169,1.9464841943037883,5.142739189835587,-48.80095768332012,-0.0023016062189381405,2.0447576047195932,0.08577636837209619,-41.54093159212559,-0.845232402679053,56.707869552440506,1.5397792612636616,38.82860319819939,0.20689099899680946,-0.008082830645276491,0.00020257,0.00852683731451425,0.00049835,1,0.0
1141,0.07142000502613433,0.00036192157985874714,-0.00032169,1.9464841943037883,5.142739189835587,-21.478265156888817,-0.0023016062189381405,2.598216930983226,0.08577636837209619,-15.621543655906388,-0.845232402679053,-21.198704599844188,1.5397792612636616,21.800040242732024,0.20689099899680946,-0.009251339413221182,0.00020257,0.009221610470494765,0.00049835,1,0.0
1142,0.20868721186206943,0.002769733030870331,-0.00032169,1.9464841943037883,5.142739189835587,-68.18026113454076,-0.0023016062189381405,9.381546805453423,0.08577636837209619,-57.22234188238572,-0.845232402679053,-46.871254119781874,1.5397792612636616,68.58876123340774,0.20689099899680946,-0.030312826645403225,0.00020257,0.030320200875880908,0.00049835,1,0.0
1143,0.08784031360332994,0.0006857245854912965,-0.00032169,1.9464841943037883,5.142739189835587,-53.32975844149161,-0.0023016062189381405,5.779592490155707,0.08577636837209619,-59.992970512949405,-0.845232402679053,55.42067003232758,1.5397792612636616,47.563701924681254,0.20689099899680946,-0.015357558726245345,0.00020257,0.015516622836673804,0.00049835,1,0.0
1144,0.04154533139909223,0.00023895448201688985,-0.00032169,1.9464841943037883,5.142739189835587,-11.630203720409524,-0.0023016062189381405,2.934524595917609,0.08577636837209619,-12.387270859940415,-0.845232402679053,-17.732658080606008,1.5397792612636616,13.380403270698137,0.20689099899680946,-0.010254624755935533,0.00020257,0.010251184294218507,0.00049835,1,0.0
1145,0.06653569079518235,0.00034412057658091523,-0.00032169,1.9464841943037883,5.142739189835587,-49.88512716048043,-0.0023016062189381405,4.293121426361232,0.08577636837209619,-59.5918087280939,-0.845232402679053,67.33442199547385,1.5397792612636616,44.80028348211942,0.20689099899680946,-0.010312289154498815,0.00020257,0.010345893127339061,0.00049835,1,0.0
1146,0.06743190602126424,0.00046289195586024637,-0.00032169,1.9464841943037883,5.142739189835587,-60.47833166951975,-0.0023016062189381405,5.338885435148899,0.08577636837209619,-76.51288454879268,-0.845232402679053,96.46959964095994,1.5397792612636616,53.89585293666658,0.20689099899680946,-0.012873263983687721,0.00020257,0.01295099745466798,0.00049835,1,0.0
1147,0.22124291483656364,0.004893920953696886,-0.00032169,1.9464841943037883,5.142739189835587,-60.92693283786354,-0.0023016062189381405,12.11860256378907,0.08577636837209619,-56.616606365662726,-0.845232402679053,-94.49286657905355,1.5397792612636616,69.39344999209327,0.20689099899680946,-0.0458024212274387,0.00020257,0.04609725701884189,0.00049835,1,0.0
1148,0.1342925174745585,0.0022888583188951693,-0.00032169,1.9464841943037883,5.142739189835587,-73.970966484449,-0.0023016062189381405,10.669607434020715,0.08577636837209619,-92.18700723686898,-0.845232402679053,50.55633103001683,1.5397792612636616,72.50709396879752,0.20689099899680946,-0.031803961682803854,0.00020257,0.03215727077829917,0.00049835,1,0.0
1149,1.3227469206171516e-05,0.0011663038695269086,-0.00032169,1.9464841943037883,5.142739189835587,-16.09660504805229,-0.0023016062189381405,-3.5839847222992627,0.08577636837209619,-5.613683786336509,-0.845232402679053,63.09571381343835,1.5397792612636616,5.286151498692916,0.20689099899680946,-0.020227788341808765,0.00020257,0.020166640699649026,0.00049835,1,0.0
1150,0.1074479166668572,0.007390757997664114,-0.00032169,1.9464841943037883,5.142739189835587,-23.57437358127263,-0.0023016062189381405,13.703200602458741,0.08577636837209619,-52.03376634377251,-0.845232402679053,-93.57079508970874,1.5397792612636616,43.238124543793404,0.20689099899680946,-0.05904125929036809,0.00020257,0.0591147904404897,0.00049835,1,0.0
1151,0.2283054222867118,0.003465730485955238,-0.00032169,1.9464841943037883,5.142739189835587,-76.74938938989118,-0.0023016062189381405,10.867056944669164,0.08577636837209619,-67.38082642595812,-0.845232402679053,-45.91853326128952,1.5397792612636616,77.2955676772324,0.20689099899680946,-0.034866166624005816,0.00020257,0.03491211309020615,0.00049835,1,0.0
1152,0.06797544197954561,0.00039977562808033535,-0.00032169,1.9464841943037883,5.142739189835587,-14.709313979505566,-0.0023016062189381405,3.4051286278851705,0.08577636837209619,-8.819184045541249,-0.845232402679053,-36.836828854364406,1.5397792612636616,16.091923402913686,0.20689099899680946,-0.011331400002643698,0.00020257,0.011351813090978746,0.00049835,1,0.0
1153,0.08069166103296993,0.0003957098941327513,-0.00032169,1.9464841943037883,5.142739189835587,-39.192075191099086,-0.0023016062189381405,3.090371113996728,0.08577636837209619,-37.30863412833256,-0.845232402679053,21.93222073864734,1.5397792612636616,35.76782826115194,0.20689099899680946,-0.007700567025133671,0.00020257,0.007740823523468547,0.00049835,1,0.0
1154,0.1820965664547105,0.0018089034627836993,-0.00032169,1.9464841943037883,5.142739189835587,-70.2364507037143,-0.0023016062189381405,7.635953723657412,0.08577636837209619,-59.8554320565091,-0.845232402679053,-2.9896316428177148,1.5397792612636616,65.47440320719855,0.20689099899680946,-0.020766402811776347,0.00020257,0.020791337194164778,0.00049835,1,0.0
1155,0.3023323756892991,0.01555559112371515,-0.00032169,1.9464841943037883,5.142739189835587,-99.99268037552172,-0.0023016062189381405,-5.200030234199443,0.08577636837209619,-8.943106923697087,-0.845232402679053,2.1435515785583314,1.5397792612636616,68.37545152656456,0.20689099899680946,-0.0392351264540919,0.00020257,0.03930667638598162,0.00049835,1,0.0
1156,0.009438452088380095,0.0013125672119795077,-0.00032169,1.9464841943037883,5.142739189835587,-1.822834112582103,-0.0023016062189381405,4.111435796503931,0.08577636837209619,-19.162049060374052,-0.845232402679053,-24.297981211786038,1.5397792612636616,11.137981367276534,0.20689099899680946,-0.022789251421615718,0.00020257,0.022921838683132398,0.00049835,1,0.0
1157,0.08492644193615703,0.0010677349530083418,-0.00032169,1.9464841943037883,5.142739189835587,-17.426113371201687,-0.0023016062189381405,5.220256624598796,0.08577636837209619,-16.821362835071334,-0.845232402679053,-57.44186247260731,1.5397792612636616,23.583422577927315,0.20689099899680946,-0.022051493363734458,0.00020257,0.02215636953925372,0.00049835,1,0.0
1158,0.15085089970834803,0.0013297383718171654,-0.00032169,1.9464841943037883,5.142739189835587,-55.874176656379525,-0.0023016062189381405,6.396001817174748,0.08577636837209619,-48.5874582273925,-0.845232402679053,-12.788442782550005,1.5397792612636616,54.04522646090986,0.20689099899680946,-0.019268876276331268,0.00020257,0.019262644084592676,0.00049835,1,0.0
1159,0.21920762329234517,0.0029251053661048573,-0.00032169,1.9464841943037883,5.142739189835587,-76.49717283585895,-0.0023016062189381405,9.27457301281347,0.08577636837209619,-63.923826761117354,-0.845232402679053,-32.247084652342394,1.5397792612636616,74.59928391670599,0.20689099899680946,-0.02836443776129511,0.00020257,0.02827856338909636,0.00049835,1,0.0
1160,0.17627000008328517,0.002198616183901183,-0.00032169,1.9464841943037883,5.142739189835587,-51.07787379395891,-0.0023016062189381405,8.277302041481427,0.08577636837209619,-40.521521350892414,-0.845232402679053,-59.56451834172168,1.5397792612636616,53.03686522456177,0.20689099899680946,-0.027588698985301807,0.00020257,0.02754655520738502,0.00049835,1,0.0
1161,0.10674925180210502,0.000877410016737918,-0.00032169,1.9464841943037883,5.142739189835587,-75.71507670019295,-0.0023016062189381405,6.3385598824586395,0.08577636837209619,-89.11263528359711,-0.845232402679053,94.34413817971999,1.5397792612636616,68.81038832265561,0.20689099899680946,-0.015616621594126513,0.00020257,0.015614508328072787,0.00049835,1,0.0
1162,0.06202497093052188,0.0014706011836853787,-0.00032169,1.9464841943037883,5.142739189835587,-24.82579087595389,-0.0023016062189381405,-2.6640645146207604,0.08577636837209619,-0.016294232105515977,-0.845232402679053,20.89368282479988,1.5397792612636616,13.73750364456998,0.20689099899680946,-0.017425789069431076,0.00020257,0.01742818006617434,0.00049835,1,0.0
1163,0.040815138497743514,0.0010144120242957311,-0.00032169,1.9464841943037883,5.142739189835587,-14.539740243821877,-0.0023016062189381405,4.441867448343906,0.08577636837209619,-26.112565483688545,-0.845232402679053,-19.095387195175384,1.5397792612636616,21.040901684291168,0.20689099899680946,-0.02104182782917271,0.00020257,0.021188866998675268,0.00049835,1,0.0
1164,0.12847814227879656,0.000970593499333965,-0.00032169,1.9464841943037883,5.142739189835587,-47.81479565585475,-0.0023016062189381405,3.5995952550637895,0.08577636837209619,-31.958128527735838,-0.845232402679053,0.44102955751748874,1.5397792612636616,41.16128630727691,0.20689099899680946,-0.008344095320092051,0.00020257,0.00841869835257949,0.00049835,1,0.0
1165,0.1837383256932193,0.002386641995454045,-0.00032169,1.9464841943037883,5.142739189835587,-51.68876633985273,-0.0023016062189381405,8.288562870629962,0.08577636837209619,-40.514078538239055,-0.845232402679053,-68.25832854781163,1.5397792612636616,54.87684376673479,0.20689099899680946,-0.029376472011163272,0.00020257,0.029395987914554313,0.00049835,1,0.0
1166,0.02164264016794314,0.00015286851653922588,-0.00032169,1.9464841943037883,5.142739189835587,-3.001339335930962,-0.0023016062189381405,1.2171213356949158,0.08577636837209619,-0.03941190756611463,-0.845232402679053,-15.038765288611112,1.5397792612636616,3.125427881952924,0.20689099899680946,-0.004106826178655888,0.00020257,0.004242902489641348,0.00049835,1,0.0
1167,0.010503630930317386,6.833859928071528e-05,-0.00032169,1.9464841943037883,5.142739189835587,-27.636022108249612,-0.0023016062189381405,1.4989091072005407,0.08577636837209619,-37.55393223707692,-0.845232402679053,69.55007924873844,1.5397792612636616,22.602419907939154,0.20689099899680946,-0.004299693072957498,0.00020257,0.004315993547769089,0.00049835,1,0.0
1168,0.16474796469017164,0.0015133019514532715,-0.00032169,1.9464841943037883,5.142739189835587,-84.86302102560373,-0.0023016062189381405,7.055399024345536,0.08577636837209619,-83.8199551589703,-0.845232402679053,59.69188415358555,1.5397792612636616,76.5857804101121,0.20689099899680946,-0.016919421426712045,0.00020257,0.01698348838264256,0.00049835,1,0.0
1169,0.11547660872141544,0.00091699897400457,-0.00032169,1.9464841943037883,5.142739189835587,-69.17994953455643,-0.0023016062189381405,7.044323397479854,0.08577636837209619,-78.23390296906331,-0.845232402679053,66.5279690988168,1.5397792612636616,63.264809013665264,0.20689099899680946,-0.0183626457442268,0.00020257,0.01834673602492534,0.00049835,1,0.0
1170,0.08857118179281029,0.002723820987424111,-0.00032169,1.9464841943037883,5.142739189835587,-24.248130610380976,-0.0023016062189381405,8.832616594084355,0.08577636837209619,-37.12696811079334,-0.845232402679053,-48.14731413842868,1.5397792612636616,33.09923556051726,0.20689099899680946,-0.0332589447704421,0.00020257,0.033971406825495085,0.00049835,1,0.0
1171,0.2934594691555551,0.005065902405833678,-0.00032169,1.9464841943037883,5.142739189835587,-93.11276767307655,-0.0023016062189381405,6.074493918787502,0.08577636837209619,-48.339295339881225,-0.845232402679053,-48.46843589273837,1.5397792612636616,82.24894648170776,0.20689099899680946,-0.012193346805069815,0.00020257,0.012516089863675159,0.00049835,1,0.0
1172,0.1764242774272263,0.0020722291074470674,-0.00032169,1.9464841943037883,5.142739189835587,-49.81029465231742,-0.0023016062189381405,7.646177900813234,0.08577636837209619,-37.05922559899689,-0.845232402679053,-62.210525514371625,1.5397792612636616,51.591388588377946,0.20689099899680946,-0.025686046719263875,0.00020257,0.025800295578606407,0.00049835,1,0.0
1173,0.06552521354758332,0.0002510270184469801,-0.00032169,1.9464841943037883,5.142739189835587,-19.016287121749837,-0.0023016062189381405,2.0147115505698023,0.08577636837209619,-11.447872110763477,-0.845232402679053,-19.204710275087823,1.5397792612636616,18.421131230070827,0.20689099899680946,-0.006229240797435309,0.00020257,0.006264768772353272,0.00049835,1,0.0
1174,0.3039828492297667,0.005600063600221805,-0.00032169,1.9464841943037883,5.142739189835587,-99.98121800333794,-0.0023016062189381405,12.803749329616457,0.08577636837209619,-81.10237088767427,-0.845232402679053,-63.396943338185444,1.5397792612636616,99.18432040571497,0.20689099899680946,-0.040468111089630616,0.00020257,0.040608049818871235,0.00049835,1,0.0
1175,0.09553914492467969,0.0046753418350668745,-0.00032169,1.9464841943037883,5.142739189835587,-59.21257772481725,-0.0023016062189381405,12.923150231547393,0.08577636837209619,-97.62886783084458,-0.845232402679053,34.3236847475833,1.5397792612636616,67.19083377533262,0.20689099899680946,-0.04613630141676279,0.00020257,0.04654351386532315,0.00049835,1,0.0
1176,0.04112710295269428,0.0012566561677917094,-0.00032169,1.9464841943037883,5.142739189835587,-40.87959064122298,-0.0023016062189381405,7.118473534525126,0.08577636837209619,-67.47651889850381,-0.845232402679053,56.97878500572145,1.5397792612636616,42.534046859660634,0.20689099899680946,-0.023348627399177906,0.00020257,0.023298261395818722,0.00049835,1,0.0
1177,0.18685470833173679,0.0019585072225582153,-0.00032169,1.9464841943037883,5.142739189835587,-77.42576232085415,-0.0023016062189381405,8.190852348027908,0.08577636837209619,-71.21046673475217,-0.845232402679053,9.587650606114693,1.5397792612636616,72.96156344309982,0.20689099899680946,-0.02291275079491207,0.00020257,0.022917776343478122,0.00049835,1,0.0
1178,0.04039401998376349,0.00020094231638139695,-0.00032169,1.9464841943037883,5.142739189835587,-4.378747372535441,-0.0023016062189381405,2.1015780075068964,0.08577636837209619,-0.29749849443817483,-0.845232402679053,-36.079405984073716,1.5397792612636616,6.7465470281288695,0.20689099899680946,-0.008170648668067451,0.00020257,0.008218104932778275,0.00049835,1,0.0
1179,0.11303550626344908,0.0011371668742707793,-0.00032169,1.9464841943037883,5.142739189835587,-79.1687289877902,-0.0023016062189381405,7.880170025227254,0.08577636837209619,-94.85662895766367,-0.845232402679053,98.61276543174012,1.5397792612636616,71.60505075380993,0.20689099899680946,-0.01993543149114389,0.00020257,0.020252480827822997,0.00049835,1,0.0
1180,0.2810808012972011,0.005305962610279096,-0.00032169,1.9464841943037883,5.142739189835587,-89.61953811439699,-0.0023016062189381405,12.430534778980649,0.08577636837209619,-75.19724766652668,-0.845232402679053,-72.0004324869856,1.5397792612636616,91.83616715432326,0.20689099899680946,-0.04234530888631416,0.00020257,0.042441187578506026,0.00049835,1,0.0
1181,0.017272101391008363,0.0005886502066561275,-0.00032169,1.9464841943037883,5.142739189835587,-14.258642486879003,-0.0023016062189381405,2.8590545941431116,0.08577636837209619,-19.990261086117105,-0.845232402679053,23.768892866922524,1.5397792612636616,11.98313147993065,0.20689099899680946,-0.010306809792016267,0.00020257,0.010742591890565667,0.00049835,1,0.0
1182,0.2912726685745202,0.0045334551634450505,-0.00032169,1.9464841943037883,5.142739189835587,-89.44486683816348,-0.0023016062189381405,8.927038160851417,0.08577636837209619,-56.55001349207919,-0.845232402679053,-69.63906263274045,1.5397792612636616,85.0746885555533,0.20689099899680946,-0.026119751822072598,0.00020257,0.026143581591461167,0.00049835,1,0.0
1183,0.131754894825919,0.0009481211794943425,-0.00032169,1.9464841943037883,5.142739189835587,-61.54227188135352,-0.0023016062189381405,5.723068584200792,0.08577636837209619,-58.165183420425834,-0.845232402679053,29.569018521287955,1.5397792612636616,55.86987309197199,0.20689099899680946,-0.014400669405416356,0.00020257,0.014382585101017848,0.00049835,1,0.0
1184,0.05474353624654817,0.00020552134727672069,-0.00032169,1.9464841943037883,5.142739189835587,-8.375279266479858,-0.0023016062189381405,1.8481621772004528,0.08577636837209619,-0.05048513679894116,-0.845232402679053,-38.875250083400026,1.5397792612636616,9.696416493476825,0.20689099899680946,-0.006870265657221951,0.00020257,0.006897257524950972,0.00049835,1,0.0
1185,0.2596903713269645,0.00481584603622125,-0.00032169,1.9464841943037883,5.142739189835587,-77.56947078826057,-0.0023016062189381405,12.56762439291278,0.08577636837209619,-63.94977384248021,-0.845232402679053,-80.70424353123843,1.5397792612636616,80.1950651251929,0.20689099899680946,-0.04120724158932553,0.00020257,0.041416707632804604,0.00049835,1,0.0
1186,0.12102342583593696,0.001106361550429237,-0.00032169,1.9464841943037883,5.142739189835587,-46.22515933730482,-0.0023016062189381405,6.646841941363203,0.08577636837209619,-45.605966945309156,-0.845232402679053,-8.871077605625178,1.5397792612636616,45.89632328180347,0.20689099899680946,-0.020457705113242918,0.00020257,0.02054035556028801,0.00049835,1,0.0
1187,0.0528790437623676,0.0006805867634971832,-0.00032169,1.9464841943037883,5.142739189835587,-5.752188843359255,-0.0023016062189381405,3.474501158843755,0.08577636837209619,-6.011148965120372,-0.845232402679053,-54.187233954237804,1.5397792612636616,12.262619847801176,0.20689099899680946,-0.017723016364568488,0.00020257,0.017814793276369367,0.00049835,1,0.0
1188,0.2411679175280681,0.003286210889824003,-0.00032169,1.9464841943037883,5.142739189835587,-76.99622938758054,-0.0023016062189381405,8.035324458475012,0.08577636837209619,-54.48785312816988,-0.845232402679053,-52.97271428527239,1.5397792612636616,74.7528269246562,0.20689099899680946,-0.025343506182035843,0.00020257,0.02540172096382377,0.00049835,1,0.0
1189,0.1516807756436524,0.001588428330030371,-0.00032169,1.9464841943037883,5.142739189835587,-31.150805247501793,-0.0023016062189381405,5.953114035140488,0.08577636837209619,-15.01886499034462,-0.845232402679053,-88.59762385276534,1.5397792612636616,35.24777842235413,0.20689099899680946,-0.022778399059270503,0.00020257,0.022797544075361276,0.00049835,1,0.0
1190,0.05530333589550017,0.0011278842700479898,-0.00032169,1.9464841943037883,5.142739189835587,-47.69738288542671,-0.0023016062189381405,-0.11111804246107732,0.08577636837209619,-40.3695298918338,-0.845232402679053,91.75603809536592,1.5397792612636616,33.6956468773833,0.20689099899680946,-0.015727035680548892,0.00020257,0.01562507122812298,0.00049835,1,0.0
1191,0.049045877750471235,0.0003698967077724661,-0.00032169,1.9464841943037883,5.142739189835587,-31.875461717673925,-0.0023016062189381405,4.551512497445045,0.08577636837209619,-41.04506053002479,-0.845232402679053,33.26285504514095,1.5397792612636616,30.000757164772963,0.20689099899680946,-0.013131663352526938,0.00020257,0.013127841418733384,0.00049835,1,0.0
1192,0.13163637770795572,0.0011568810072044994,-0.00032169,1.9464841943037883,5.142739189835587,-74.36202414558038,-0.0023016062189381405,7.702643912204286,0.08577636837209619,-82.87004753539267,-0.845232402679053,61.89154074196963,1.5397792612636616,68.87343975122606,0.20689099899680946,-0.02056547023170031,0.00020257,0.02057590382212372,0.00049835,1,0.0
1193,0.3229799164993795,0.006322995833162472,-0.00032169,1.9464841943037883,5.142739189835587,-88.64465976944429,-0.0023016062189381405,7.345970350654395,0.08577636837209619,-32.57441236776594,-0.845232402679053,-89.43340458706531,1.5397792612636616,76.98608571043133,0.20689099899680946,-0.017673400742568658,0.00020257,0.017862942057874615,0.00049835,1,0.0
1194,0.15036021236804964,0.0012449909634579183,-0.00032169,1.9464841943037883,5.142739189835587,-76.5708712741167,-0.0023016062189381405,5.495989061884706,0.08577636837209619,-70.86104713148394,-0.845232402679053,56.33628434662224,1.5397792612636616,67.05727236920433,0.20689099899680946,-0.01174446531550918,0.00020257,0.011814644314670001,0.00049835,1,0.0
1195,0.13602365264503652,0.0015856081061940267,-0.00032169,1.9464841943037883,5.142739189835587,-25.67244557677675,-0.0023016062189381405,6.089928690612246,0.08577636837209619,-14.166071820560818,-0.845232402679053,-89.99410804384422,1.5397792612636616,31.684668487801606,0.20689099899680946,-0.02500801248786348,0.00020257,0.025045820180929112,0.00049835,1,0.0
1196,0.0932820515622785,0.0007851945468843405,-0.00032169,1.9464841943037883,5.142739189835587,-50.63241534934818,-0.0023016062189381405,2.6617690902939852,0.08577636837209619,-48.45922242744404,-0.845232402679053,41.48684945354466,1.5397792612636616,45.47126530304064,0.20689099899680946,-0.006569153867574645,0.00020257,0.006672743576888421,0.00049835,1,0.0
1197,0.21719020890060736,0.003154293418716185,-0.00032169,1.9464841943037883,5.142739189835587,-75.16468412574675,-0.0023016062189381405,10.368510645531572,0.08577636837209619,-67.3234918148324,-0.845232402679053,-37.61696740745215,1.5397792612636616,75.43323628222932,0.20689099899680946,-0.033171038511333614,0.00020257,0.03325261160872599,0.00049835,1,0.0
1198,0.09676166276464149,0.001580938775208365,-0.00032169,1.9464841943037883,5.142739189835587,-30.66368717498733,-0.0023016062189381405,6.968413400518644,0.08577636837209619,-37.02314118967437,-0.845232402679053,-36.055099975408446,1.5397792612636616,36.53429164301272,0.20689099899680946,-0.027272416687097605,0.00020257,0.027220134630086153,0.00049835,1,0.0
1199,0.11907973276905762,0.004281823314330022,-0.00032169,1.9464841943037883,5.142739189835587,-43.343317364901736,-0.0023016062189381405,-3.8586720485462123,0.08577636837209619,-0.1382095952403262,-0.845232402679053,20.620891081346052,1.5397792612636616,25.902682764923675,0.20689099899680946,-0.02588614491643555,0.00020257,0.02564988240755044,0.00049835,1,0.0
