,V,fitness,V_O,s,tau,AF3,AF3_O,AH3,AH3_O,A3N3,A3N3_O,AF5,AF5_O,AD5,AD5_O,lambda1,lambda1_O,lambda2,lambda2_O,taquiónico,taquiónico_O
0,0.4384405131323925,0.025637874072409392,-1.0696e-06,1.600149459561681,3.485910062937601,-43.80730068575548,0.04666375081316705,6.341272375956474,-0.02699790686773754,-46.502020364095095,0.32075506405016824,5.352387876453577,-0.4020895572028637,54.7223707814649,-0.08730053535036258,-0.07230315954508297,-2.7697e-07,0.07285113461038074,7.7046e-09,1,1.0
1,-0.000856517060143891,0.05369798004469454,-1.0696e-06,1.600149459561681,3.485910062937601,99.85188430341265,0.04666375081316705,17.859231971303196,-0.02699790686773754,-15.859155202871317,0.32075506405016824,-9.750386800421436,-0.4020895572028637,-49.02473145424442,-0.08730053535036258,0.4037276137196687,-2.7697e-07,0.659148664032586,7.7046e-09,0,1.0
2,0.12648359156175423,0.004278508514461455,-1.0696e-06,1.600149459561681,3.485910062937601,-12.852745532876957,0.04666375081316705,1.8370662703344678,-0.02699790686773754,-16.21877494458877,0.32075506405016824,2.027848799812722,-0.4020895572028637,17.67476244848388,-0.08730053535036258,-0.030794693823417825,-2.7697e-07,0.03230713076353898,7.7046e-09,1,1.0
3,0.19635736151541516,0.08288830856742838,-1.0696e-06,1.600149459561681,3.485910062937601,98.24474123451243,0.04666375081316705,21.94799432585508,-0.02699790686773754,-25.520410805360168,0.32075506405016824,-34.664497928424296,-0.4020895572028637,-35.72912979200667,-0.08730053535036258,0.36490491592838115,-2.7697e-07,0.7749185616849062,7.7046e-09,0,1.0
4,0.627426841435463,0.06354953831855617,-1.0696e-06,1.600149459561681,3.485910062937601,-27.257067770479708,0.04666375081316705,4.133077253914429,-0.02699790686773754,-0.025873687637163953,0.32075506405016824,-75.28066224174688,-0.4020895572028637,39.71585846171862,-0.08730053535036258,-0.08670979363720323,-2.7697e-07,0.09179218214192937,7.7046e-09,1,1.0
5,0.0049547955098356855,0.058961969083173416,-1.0696e-06,1.600149459561681,3.485910062937601,98.59142913281377,0.04666375081316705,15.089015543090955,-0.02699790686773754,-5.609491893119726,0.32075506405016824,-11.150116455468787,-0.4020895572028637,-51.993278913081106,-0.08730053535036258,0.41427154180540576,-2.7697e-07,0.630944067104728,7.7046e-09,0,1.0
6,0.015141100807865356,0.007962072738704556,-1.0696e-06,1.600149459561681,3.485910062937601,-42.88251984263239,0.04666375081316705,1.2062058508105622,-0.02699790686773754,-69.08086595550981,0.32075506405016824,98.69512611665371,-0.4020895572028637,44.90508969256358,-0.08730053535036258,-0.038520406122152365,-2.7697e-07,0.03916971163776836,7.7046e-09,1,1.0
7,0.20831825171862342,0.01090505195458415,-1.0696e-06,1.600149459561681,3.485910062937601,-54.081163102811466,0.04666375081316705,5.788844256385242,-0.02699790686773754,-82.76179786450065,0.32075506405016824,80.96235949679256,-0.4020895572028637,62.93820294947172,-0.08730053535036258,-0.05897217914447915,-2.7697e-07,0.05827166695985177,7.7046e-09,1,1.0
8,0.0091733314220101,0.07331310281504215,-1.0696e-06,1.600149459561681,3.485910062937601,75.52664669965601,0.04666375081316705,11.640108378794485,-0.02699790686773754,-23.617113566906784,0.32075506405016824,41.18466859333999,-0.4020895572028637,-36.33850562324983,-0.08730053535036258,0.43476473247215297,-2.7697e-07,0.5960444158082573,7.7046e-09,0,1.0
9,0.09418280819750897,0.002003008175407029,-1.0696e-06,1.600149459561681,3.485910062937601,-12.288975469660123,0.04666375081316705,1.9615712577366968,-0.02699790686773754,-17.474004746113472,0.32075506405016824,7.6653686992600605,-0.4020895572028637,16.12880491753473,-0.08730053535036258,-0.025797812700637624,-2.7697e-07,0.02567291316255291,7.7046e-09,1,1.0
10,0.013327384136929049,0.07269190224405235,-1.0696e-06,1.600149459561681,3.485910062937601,20.206451128490478,0.04666375081316705,5.1809642921891506,-0.02699790686773754,-1.9983378702288677,0.32075506405016824,-27.22885976938885,-0.4020895572028637,-7.1438898064816785,-0.08730053535036258,-0.04166678645711512,-2.7697e-07,0.1599469268735234,7.7046e-09,1,1.0
11,0.15230361217891053,0.005525747066667192,-1.0696e-06,1.600149459561681,3.485910062937601,-36.06532086791709,0.04666375081316705,3.8706075143012533,-0.02699790686773754,-55.7712957360804,0.32075506405016824,50.98441201965332,-0.4020895572028637,43.32204600604961,-0.08730053535036258,-0.03707411369092733,-2.7697e-07,0.037611300668410085,7.7046e-09,1,1.0
12,0.030110666270900824,0.004062472380272791,-1.0696e-06,1.600149459561681,3.485910062937601,3.157283585576641,0.04666375081316705,1.8926261811993437,-0.02699790686773754,-0.01785379054125305,0.32075506405016824,-14.625090166919037,-0.4020895572028637,0.3300905637601775,-0.08730053535036258,-0.040015965952510016,-2.7697e-07,0.04122153705464786,7.7046e-09,1,1.0
13,0.15254449160795036,0.07308484688380286,-1.0696e-06,1.600149459561681,3.485910062937601,99.046733860376,0.04666375081316705,24.138049436158784,-0.02699790686773754,-36.98254998449057,0.32075506405016824,-24.219590906137245,-0.4020895572028637,-33.96464914605584,-0.08730053535036258,0.35708513919897655,-2.7697e-07,0.7968483623387007,7.7046e-09,0,1.0
14,0.47637043111153454,0.12876875244293612,-1.0696e-06,1.600149459561681,3.485910062937601,99.18394257188942,0.04666375081316705,33.66542495079426,-0.02699790686773754,-68.65849249286002,0.32075506405016824,-49.22557149149139,-0.4020895572028637,-8.736885410537042,-0.08730053535036258,0.33069993111168683,-2.7697e-07,1.0554906310969883,7.7046e-09,0,1.0
15,0.0005768148835570974,0.03163706457451546,-1.0696e-06,1.600149459561681,3.485910062937601,84.27194104521065,0.04666375081316705,24.30181530153375,-0.02699790686773754,-80.64856591473122,0.32075506405016824,47.757952010448044,-0.4020895572028637,-16.65267388842781,-0.08730053535036258,0.3640758522541491,-2.7697e-07,0.805794363613134,7.7046e-09,0,1.0
16,0.9629802775867076,0.13146695678505943,-1.0696e-06,1.600149459561681,3.485910062937601,-77.02732816032913,0.04666375081316705,9.426706218711185,-0.02699790686773754,-64.10536570955853,0.32075506405016824,-32.82278037078064,-0.4020895572028637,99.84329243907167,-0.08730053535036258,-0.12789410054520328,-2.7697e-07,0.1334353208727279,7.7046e-09,1,1.0
17,0.03239749535026075,0.007072358366002063,-1.0696e-06,1.600149459561681,3.485910062937601,-29.095145604964486,0.04666375081316705,0.11207769720033534,-0.02699790686773754,-41.42652140588623,0.32075506405016824,62.966855858512766,-0.4020895572028637,28.956555320464854,-0.08730053535036258,-0.040344641000221074,-2.7697e-07,0.043475730763828394,7.7046e-09,1,1.0
18,0.17324241389850692,0.06711255781041375,-1.0696e-06,1.600149459561681,3.485910062937601,33.10793905259796,0.04666375081316705,20.17509935377451,-0.02699790686773754,-99.59013104327988,0.32075506405016824,98.66247153623482,-0.4020895572028637,17.37949711071759,-0.08730053535036258,0.44782161769430573,-2.7697e-07,0.5601008017175713,7.7046e-09,0,1.0
19,0.09376814238139575,0.00254970038343041,-1.0696e-06,1.600149459561681,3.485910062937601,-22.864921036128074,0.04666375081316705,1.0457908418363735,-0.02699790686773754,-29.94528091511188,0.32075506405016824,33.57799426043562,-0.4020895572028637,25.000871648077105,-0.08730053535036258,-0.011056486891935287,-2.7697e-07,0.012048733967073039,7.7046e-09,1,1.0
20,0.28547193892608547,0.023008586681580623,-1.0696e-06,1.600149459561681,3.485910062937601,-42.765412999688444,0.04666375081316705,7.548587632634787,-0.02699790686773754,-67.16127734205057,0.32075506405016824,36.44432753336968,-0.4020895572028637,56.53629346083749,-0.08730053535036258,-0.09696715178912582,-2.7697e-07,0.09869503011074868,7.7046e-09,1,1.0
21,0.012268893051367358,0.03470516143753371,-1.0696e-06,1.600149459561681,3.485910062937601,99.45253242075329,0.04666375081316705,25.93086088919139,-0.02699790686773754,-67.52328562576655,0.32075506405016824,18.93122687425166,-0.4020895572028637,-27.800734965937746,-0.08730053535036258,0.35159910928706656,-2.7697e-07,0.8663425748368316,7.7046e-09,0,1.0
22,0.5704720500097402,0.045983675716937934,-1.0696e-06,1.600149459561681,3.485910062937601,-80.50858467990034,0.04666375081316705,9.413604952596193,-0.02699790686773754,-99.99480854865463,0.32075506405016824,64.1488693178734,-0.4020895572028637,95.53524781965648,-0.08730053535036258,-0.09179513185665514,-2.7697e-07,0.09813687876626889,7.7046e-09,1,1.0
23,9.029210469868598e-05,0.05980801685183158,-1.0696e-06,1.600149459561681,3.485910062937601,80.9113874713892,0.04666375081316705,14.080947628206907,-0.02699790686773754,-24.665929090553036,0.32075506405016824,27.620563157366263,-0.4020895572028637,-38.178425634975675,-0.08730053535036258,0.4448732336892893,-2.7697e-07,0.5769111139290233,7.7046e-09,0,1.0
24,0.25970553037273003,0.017131826130610154,-1.0696e-06,1.600149459561681,3.485910062937601,-33.64969009601512,0.04666375081316705,6.686505054847765,-0.02699790686773754,-50.43067069547681,0.32075506405016824,20.641622736983436,-0.4020895572028637,44.60782133044256,-0.08730053535036258,-0.08652226052154974,-2.7697e-07,0.0868152100880796,7.7046e-09,1,1.0
25,0.0013920072696197439,0.04470050122404638,-1.0696e-06,1.600149459561681,3.485910062937601,99.57059649669907,0.04666375081316705,19.710907775365882,-0.02699790686773754,-30.92733666914234,0.32075506405016824,-0.9731378006795095,-0.4020895572028637,-42.34551068148099,-0.08730053535036258,0.38125649401000083,-2.7697e-07,0.725657540111137,7.7046e-09,0,1.0
26,0.7735224726933884,0.09049677146093267,-1.0696e-06,1.600149459561681,3.485910062937601,-39.229821542320245,0.04666375081316705,6.633222168564837,-0.02699790686773754,-13.076291682369844,0.32075506405016824,-80.87956360553947,-0.4020895572028637,56.197715101987804,-0.08730053535036258,-0.12066652191958252,-2.7697e-07,0.12170730090269721,7.7046e-09,1,1.0
27,0.004157921656608554,0.04617605454675661,-1.0696e-06,1.600149459561681,3.485910062937601,99.62126749797297,0.04666375081316705,19.160772436695197,-0.02699790686773754,-29.30658118997761,0.32075506405016824,-1.1986701621472653,-0.4020895572028637,-42.74542554444231,-0.08730053535036258,0.38328094110485816,-2.7697e-07,0.7255881291825377,7.7046e-09,0,1.0
28,0.2050566753149551,0.010607110591134235,-1.0696e-06,1.600149459561681,3.485910062937601,-5.886085800835456,0.04666375081316705,3.2866803603015353,-0.02699790686773754,-0.007978157785061946,0.32075506405016824,-32.64947837836221,-0.4020895572028637,11.16515076913319,-0.08730053535036258,-0.05402614369862681,-2.7697e-07,0.05302980200993972,7.7046e-09,1,1.0
29,-3.390320171092753e-05,0.03608982036748257,-1.0696e-06,1.600149459561681,3.485910062937601,85.25576452516644,0.04666375081316705,21.793247262991688,-0.02699790686773754,-63.82195168639713,0.32075506405016824,36.67647955094248,-0.4020895572028637,-23.61371857643048,-0.08730053535036258,0.3768773503452042,-2.7697e-07,0.7481449619632069,7.7046e-09,0,1.0
30,0.29315334088141703,0.013903400456254478,-1.0696e-06,1.600149459561681,3.485910062937601,-19.199221516365043,0.04666375081316705,2.6580364678467343,-0.02699790686773754,-9.40578876736609,0.32075506405016824,-18.865767420929338,-0.4020895572028637,23.700124464321856,-0.08730053535036258,-0.025337184925798235,-2.7697e-07,0.030494220491209416,7.7046e-09,1,1.0
31,0.40309963260100434,0.10697426330478764,-1.0696e-06,1.600149459561681,3.485910062937601,99.99797159047516,0.04666375081316705,36.28402113830693,-0.02699790686773754,-83.74622370709776,0.32075506405016824,-31.82742356222173,-0.4020895572028637,-7.182535266889886,-0.08730053535036258,0.3231034502429903,-2.7697e-07,1.0790602640905125,7.7046e-09,0,1.0
32,0.38932295432084485,0.1343753143847419,-1.0696e-06,1.600149459561681,3.485910062937601,99.89151010863796,0.04666375081316705,26.059181777825025,-0.02699790686773754,-17.90266622724755,0.32075506405016824,-75.24165794466899,-0.4020895572028637,-32.62010909441016,-0.08730053535036258,0.3528391678457435,-2.7697e-07,0.8183632060059933,7.7046e-09,0,1.0
33,0.00023593934114385373,0.04239131050573378,-1.0696e-06,1.600149459561681,3.485910062937601,91.82831360153303,0.04666375081316705,19.769567601035842,-0.02699790686773754,-40.99746467201437,0.32075506405016824,14.766801612071701,-0.4020895572028637,-35.400614336010975,-0.08730053535036258,0.38771043835840857,-2.7697e-07,0.705178528838924,7.7046e-09,0,1.0
34,0.8228993166228661,0.10609039494852454,-1.0696e-06,1.600149459561681,3.485910062937601,-36.68937416862319,0.04666375081316705,9.299020203017744,-0.02699790686773754,-10.560991404270757,0.32075506405016824,-98.63229729355972,-0.4020895572028637,55.39530897546101,-0.08730053535036258,-0.15104725947835815,-2.7697e-07,0.15026175287965457,7.7046e-09,1,1.0
35,0.0005687064967057065,0.0423299277943668,-1.0696e-06,1.600149459561681,3.485910062937601,99.84842776052906,0.04666375081316705,20.762492449071107,-0.02699790686773754,-36.59509190776243,0.32075506405016824,1.811170471790864,-0.4020895572028637,-40.327972523701376,-0.08730053535036258,0.37596358704212673,-2.7697e-07,0.7475428140886284,7.7046e-09,0,1.0
36,0.4701810685609632,0.030128993437028847,-1.0696e-06,1.600149459561681,3.485910062937601,-44.2781539069968,0.04666375081316705,6.57385773260036,-0.02699790686773754,-45.60329154118542,0.32075506405016824,-0.5421679006076081,-0.4020895572028637,56.11726860994194,-0.08730053535036258,-0.07674186390346202,-2.7697e-07,0.07816469149341929,7.7046e-09,1,1.0
37,0.12872656294650292,0.009085967063018887,-1.0696e-06,1.600149459561681,3.485910062937601,0.013521992538723049,0.04666375081316705,3.0914378940046694,-0.02699790686773754,-0.1360169314630703,0.32075506405016824,-29.71841301566011,-0.4020895572028637,6.205313985442005,-0.08730053535036258,-0.06479103829775823,-2.7697e-07,0.06507166187816263,7.7046e-09,1,1.0
38,0.033722461001903827,0.004057204963424377,-1.0696e-06,1.600149459561681,3.485910062937601,-25.06979278474136,0.04666375081316705,0.21144129028730912,-0.02699790686773754,-35.380799897956635,0.32075506405016824,52.49558409868787,-0.4020895572028637,25.12157514960702,-0.08730053535036258,-0.033252570640366186,-2.7697e-07,0.0339913119700022,7.7046e-09,1,1.0
39,0.12857914271552295,0.056725984276301385,-1.0696e-06,1.600149459561681,3.485910062937601,99.93875899574215,0.04666375081316705,26.208621066841562,-0.02699790686773754,-54.823358119252426,0.32075506405016824,-7.546132144597382,-0.4020895572028637,-28.428046393939645,-0.08730053535036258,0.3553243035577755,-2.7697e-07,0.864473185002002,7.7046e-09,0,1.0
40,0.11361076658502128,0.008745191622436654,-1.0696e-06,1.600149459561681,3.485910062937601,-51.65963581142029,0.04666375081316705,4.925986898308675,-0.02699790686773754,-87.55554921245758,0.32075506405016824,96.58917189010032,-0.4020895572028637,60.34096229330016,-0.08730053535036258,-0.0431539110845244,-2.7697e-07,0.04420149935095912,7.7046e-09,1,1.0
41,0.0004377175182455062,0.07151202066464205,-1.0696e-06,1.600149459561681,3.485910062937601,53.37883533808339,0.04666375081316705,11.455995171151999,-0.02699790686773754,-58.71967335535224,0.32075506405016824,96.17468403951264,-0.4020895572028637,-13.917139620380002,-0.08730053535036258,0.4233415596846396,-2.7697e-07,0.6086766885006406,7.7046e-09,0,1.0
42,0.17157286270719665,0.009682961848095728,-1.0696e-06,1.600149459561681,3.485910062937601,-54.24375139015758,0.04666375081316705,3.0437902511224038,-0.02699790686773754,-79.26385045892991,0.32075506405016824,90.01646153144294,-0.4020895572028637,60.79880243966521,-0.08730053535036258,-0.018244154492385586,-2.7697e-07,0.017853190383348563,7.7046e-09,1,1.0
43,0.004004500580499115,0.08428997821576312,-1.0696e-06,1.600149459561681,3.485910062937601,86.87917702273784,0.04666375081316705,9.996799908622293,-0.02699790686773754,-0.12761224859888615,0.32075506405016824,17.0188873899299,-0.4020895572028637,-50.729819944080326,-0.08730053535036258,0.42145704313254806,-2.7697e-07,0.6145627043592544,7.7046e-09,0,1.0
44,0.03660927945195358,0.06672378449771153,-1.0696e-06,1.600149459561681,3.485910062937601,98.69696135707383,0.04666375081316705,16.118110802478157,-0.02699790686773754,-2.792635319489426,0.32075506405016824,-19.919439136820362,-0.4020895572028637,-52.449253489697654,-0.08730053535036258,0.4241683102592729,-2.7697e-07,0.614020204160485,7.7046e-09,0,1.0
45,0.09991862486397844,0.0024599350795544597,-1.0696e-06,1.600149459561681,3.485910062937601,-24.52603894968176,0.04666375081316705,1.2545970847125036,-0.02699790686773754,-33.635782197023026,0.32075506405016824,35.75056551578623,-0.4020895572028637,27.732475627931585,-0.08730053535036258,-0.0035571796991888736,-2.7697e-07,0.003590303724730306,7.7046e-09,1,1.0
46,0.4233998961064707,0.028324681129340338,-1.0696e-06,1.600149459561681,3.485910062937601,-68.58588816132813,0.04666375081316705,7.8132436478950025,-0.02699790686773754,-88.01010274181733,0.32075506405016824,68.19166661304857,-0.4020895572028637,79.09556018312492,-0.08730053535036258,-0.0858472649264094,-2.7697e-07,0.08778887533532795,7.7046e-09,1,1.0
47,0.11096060521815584,0.004981842480138844,-1.0696e-06,1.600149459561681,3.485910062937601,-42.5179951954242,0.04666375081316705,3.7436936967227195,-0.02699790686773754,-67.52120831822927,0.32075506405016824,75.85042602328268,-0.4020895572028637,48.133107217908915,-0.08730053535036258,-0.03736110533658301,-2.7697e-07,0.03784496446132198,7.7046e-09,1,1.0
48,-0.00026122775762682515,0.048113454336209324,-1.0696e-06,1.600149459561681,3.485910062937601,99.87859226875909,0.04666375081316705,18.553854526513128,-0.02699790686773754,-23.572342748627587,0.32075506405016824,-5.002180706760121,-0.4020895572028637,-45.46903889836219,-0.08730053535036258,0.3888872777723572,-2.7697e-07,0.6992089453067066,7.7046e-09,0,1.0
49,0.9830370288980788,0.12562319709631714,-1.0696e-06,1.600149459561681,3.485910062937601,-70.77149676458022,0.04666375081316705,9.87723926192471,-0.02699790686773754,-49.241115082751364,0.32075506405016824,-52.96544400168668,-0.4020895572028637,91.1257752158216,-0.08730053535036258,-0.12530826659615033,-2.7697e-07,0.12520754464736653,7.7046e-09,1,1.0
50,0.14866523674903454,0.007144103642813381,-1.0696e-06,1.600149459561681,3.485910062937601,-47.14151765822165,0.04666375081316705,3.688033398483797,-0.02699790686773754,-71.82704582187371,0.32075506405016824,78.8365054890488,-0.4020895572028637,53.570111739965995,-0.08730053535036258,-0.02948268769232168,-2.7697e-07,0.03205650839157248,7.7046e-09,1,1.0
51,0.0009923612670621473,0.031209624813393264,-1.0696e-06,1.600149459561681,3.485910062937601,99.31282919423383,0.04666375081316705,27.22520248332668,-0.02699790686773754,-77.0006883064168,0.32075506405016824,27.09108371464227,-0.4020895572028637,-24.63326598687172,-0.08730053535036258,0.3480083271876321,-2.7697e-07,0.8963784539689948,7.7046e-09,0,1.0
52,0.03453228778351891,0.04199376209908804,-1.0696e-06,1.600149459561681,3.485910062937601,99.97096030946291,0.04666375081316705,24.519480769843028,-0.02699790686773754,-53.16733563912794,0.32075506405016824,5.215791055308213,-0.4020895572028637,-32.911893455054496,-0.08730053535036258,0.3608815357042561,-2.7697e-07,0.8193352470374475,7.7046e-09,0,1.0
53,0.12430700426674418,0.0033147863820204453,-1.0696e-06,1.600149459561681,3.485910062937601,-32.5630484145209,0.04666375081316705,2.183886605797686,-0.02699790686773754,-44.945046105484906,0.32075506405016824,49.502613223103815,-0.4020895572028637,35.817295650006464,-0.08730053535036258,-0.02503126582108545,-2.7697e-07,0.025016863032100673,7.7046e-09,1,1.0
54,0.13140425046099583,0.004503615204000602,-1.0696e-06,1.600149459561681,3.485910062937601,-41.27651080092102,0.04666375081316705,3.1425703852908455,-0.02699790686773754,-62.21822484629634,0.32075506405016824,68.30047636311019,-0.4020895572028637,46.72039239522298,-0.08730053535036258,-0.02654818148332142,-2.7697e-07,0.026612462833822466,7.7046e-09,1,1.0
55,0.000874094966272998,0.04926430307445142,-1.0696e-06,1.600149459561681,3.485910062937601,98.9076067928066,0.04666375081316705,17.453069853693155,-0.02699790686773754,-21.4005144569614,0.32075506405016824,-3.466258564675088,-0.4020895572028637,-45.6019116058793,-0.08730053535036258,0.39098653434290365,-2.7697e-07,0.6937714063666683,7.7046e-09,0,1.0
56,0.07251084893487626,0.0013168396463094866,-1.0696e-06,1.600149459561681,3.485910062937601,-18.269398215040034,0.04666375081316705,1.2562113468704557,-0.02699790686773754,-25.989865300105254,0.32075506405016824,26.980296869043922,-0.4020895572028637,20.819338717184447,-0.08730053535036258,-0.008261608571453772,-2.7697e-07,0.008094580805726963,7.7046e-09,1,1.0
57,0.46325577270058815,0.13318234113163357,-1.0696e-06,1.600149459561681,3.485910062937601,99.90674974344775,0.04666375081316705,32.15542417487659,-0.02699790686773754,-49.31524878284416,0.32075506405016824,-64.33575166308441,-0.4020895572028637,-17.950896074066332,-0.08730053535036258,0.33792159280383854,-2.7697e-07,0.9681044113845165,7.7046e-09,0,1.0
58,0.47701966039949856,0.03176592074603091,-1.0696e-06,1.600149459561681,3.485910062937601,-33.288002011357904,0.04666375081316705,4.226011874346055,-0.02699790686773754,-18.900146250256505,0.32075506405016824,-26.601165253817523,-0.4020895572028637,41.17846216808183,-0.08730053535036258,-0.041625104031831894,-2.7697e-07,0.04701350653439554,7.7046e-09,1,1.0
59,0.007145808761757105,0.0026053673130378846,-1.0696e-06,1.600149459561681,3.485910062937601,-25.83515260045629,0.04666375081316705,1.400888217217494,-0.02699790686773754,-45.59544769714254,0.32075506405016824,59.43428846069192,-0.4020895572028637,28.96541246587335,-0.08730053535036258,-0.007571446570669995,-2.7697e-07,0.007591436237089204,7.7046e-09,1,1.0
60,0.07359465026094547,0.0012311707196154945,-1.0696e-06,1.600149459561681,3.485910062937601,-6.36104083617866,0.04666375081316705,0.19415851544725374,-0.02699790686773754,-3.2088480241725694,0.32075506405016824,-1.0853158627060386,-0.4020895572028637,6.979950531856831,-0.08730053535036258,-0.002065858975207833,-2.7697e-07,0.002791416209454791,7.7046e-09,1,1.0
61,0.38212332896064544,0.02734633107972737,-1.0696e-06,1.600149459561681,3.485910062937601,-36.288813541091386,0.04666375081316705,6.115801566155046,-0.02699790686773754,-38.29586213516006,0.32075506405016824,2.6935602397063407,-0.4020895572028637,45.124074664452415,-0.08730053535036258,-0.06463431788938095,-2.7697e-07,0.07584086886574704,7.7046e-09,1,1.0
62,0.05872876806489691,0.06230996831139779,-1.0696e-06,1.600149459561681,3.485910062937601,98.72854558926613,0.04666375081316705,17.70178705104359,-0.02699790686773754,-12.49783781385029,0.32075506405016824,-19.249412510103195,-0.4020895572028637,-47.09948627868507,-0.08730053535036258,0.39896254555267996,-2.7697e-07,0.6691666017117455,7.7046e-09,0,1.0
63,0.1629244475996627,0.0043479679306318506,-1.0696e-06,1.600149459561681,3.485910062937601,-30.4242461571447,0.04666375081316705,3.4762451051425667,-0.02699790686773754,-43.338587846504666,0.32075506405016824,35.385411303569306,-0.4020895572028637,36.274313366186206,-0.08730053535036258,-0.03466067215489345,-2.7697e-07,0.034892662089203594,7.7046e-09,1,1.0
64,0.009865951643046267,0.051209166571735985,-1.0696e-06,1.600149459561681,3.485910062937601,83.35667820195307,0.04666375081316705,17.49869788700138,-0.02699790686773754,-33.99222402330019,0.32075506405016824,21.132645079796497,-0.4020895572028637,-35.05878903164524,-0.08730053535036258,0.42487608909401586,-2.7697e-07,0.6085820335140238,7.7046e-09,0,1.0
65,0.4961055204028269,0.06468019933679683,-1.0696e-06,1.600149459561681,3.485910062937601,-10.672428790144188,0.04666375081316705,8.331492328322462,-0.02699790686773754,-0.004668788273802758,0.32075506405016824,-87.67502905602574,-0.4020895572028637,26.767878429711843,-0.08730053535036258,-0.15701475335716425,-2.7697e-07,0.15678684027623052,7.7046e-09,1,1.0
66,0.0016238092102949242,0.05775650195079925,-1.0696e-06,1.600149459561681,3.485910062937601,79.19273063877627,0.04666375081316705,14.999528048715737,-0.02699790686773754,-28.169812095918353,0.32075506405016824,28.985532159741904,-0.4020895572028637,-36.29392485792737,-0.08730053535036258,0.45126180198111276,-2.7697e-07,0.5599887858424957,7.7046e-09,0,1.0
67,0.13360735720707562,0.09768640546808313,-1.0696e-06,1.600149459561681,3.485910062937601,30.771192656084164,0.04666375081316705,17.140760430775707,-0.02699790686773754,-92.87875315864171,0.32075506405016824,93.37467970695688,-0.4020895572028637,17.001671197842303,-0.08730053535036258,0.3841050635212854,-2.7697e-07,0.5338372118930499,7.7046e-09,0,1.0
68,0.2584902982463074,0.012254687476168508,-1.0696e-06,1.600149459561681,3.485910062937601,-40.43788762471899,0.04666375081316705,5.522265026748206,-0.02699790686773754,-58.10376815032781,0.32075506405016824,37.2547810887049,-0.4020895572028637,50.679081670693364,-0.08730053535036258,-0.0631132140437891,-2.7697e-07,0.0634357526432464,7.7046e-09,1,1.0
69,0.003394221113896867,0.04806248839160651,-1.0696e-06,1.600149459561681,3.485910062937601,99.78728852090767,0.04666375081316705,18.375784312149815,-0.02699790686773754,-23.49800020370005,0.32075506405016824,-4.955905628796325,-0.4020895572028637,-45.191781952049695,-0.08730053535036258,0.3881024962080346,-2.7697e-07,0.7030036760040645,7.7046e-09,0,1.0
70,0.24623351805268884,0.009654817274675556,-1.0696e-06,1.600149459561681,3.485910062937601,-19.266387261976817,0.04666375081316705,0.9964690559410825,-0.02699790686773754,-8.272231940871375,0.32075506405016824,-8.655465422510192,-0.4020895572028637,21.43088185869756,-0.08730053535036258,-0.006290517286807839,-2.7697e-07,0.007849000592850841,7.7046e-09,1,1.0
71,0.014904948805350544,0.0033973436833871036,-1.0696e-06,1.600149459561681,3.485910062937601,-31.267906067448493,0.04666375081316705,1.440238369375194,-0.02699790686773754,-51.91763386642357,0.32075506405016824,70.90745805511236,-0.4020895572028637,33.499205680032624,-0.08730053535036258,-0.02423487390991441,-2.7697e-07,0.02448616782061453,7.7046e-09,1,1.0
72,0.003812126006935701,0.0440968718212353,-1.0696e-06,1.600149459561681,3.485910062937601,99.84117201540084,0.04666375081316705,21.000734325964395,-0.02699790686773754,-34.78716227021544,0.32075506405016824,-0.8920900534705367,-0.4020895572028637,-41.18960662856842,-0.08730053535036258,0.37816172192299946,-2.7697e-07,0.735647078543637,7.7046e-09,0,1.0
73,0.0010333294172235608,0.04259491167425679,-1.0696e-06,1.600149459561681,3.485910062937601,99.56912364864012,0.04666375081316705,20.208871472653325,-0.02699790686773754,-38.30616358708539,0.32075506405016824,4.830715926266486,-0.4020895572028637,-39.0237710880559,-0.08730053535036258,0.3714304399239464,-2.7697e-07,0.7639358306834766,7.7046e-09,0,1.0
74,0.02554760890547842,0.006922671498726739,-1.0696e-06,1.600149459561681,3.485910062937601,-30.045163024724705,0.04666375081316705,-0.45216583346808215,-0.02699790686773754,-43.27264507667545,0.32075506405016824,65.93933476560137,-0.4020895572028637,30.44698734604316,-0.08730053535036258,-0.0364960478881526,-2.7697e-07,0.03648984932437074,7.7046e-09,1,1.0
75,0.1816904123701769,0.010139351522129584,-1.0696e-06,1.600149459561681,3.485910062937601,-59.36900990492287,0.04666375081316705,5.7375440832125975,-0.02699790686773754,-94.3049582072812,0.32075506405016824,99.53689415008,-0.4020895572028637,68.67913374655937,-0.08730053535036258,-0.05406765997439756,-2.7697e-07,0.05404285863976486,7.7046e-09,1,1.0
76,0.20419154674578235,0.008404395851454888,-1.0696e-06,1.600149459561681,3.485910062937601,-51.46525457458071,0.04666375081316705,4.6734651134109,-0.02699790686773754,-75.53044137494393,0.32075506405016824,76.27794497774397,-0.4020895572028637,58.93245777102503,-0.08730053535036258,-0.043406117999204616,-2.7697e-07,0.0443367443706867,7.7046e-09,1,1.0
77,0.0007554913886781423,0.03317226608452118,-1.0696e-06,1.600149459561681,3.485910062937601,99.99488563900871,0.04666375081316705,26.328873476254703,-0.02699790686773754,-69.78916329996702,0.32075506405016824,21.834014678746627,-0.4020895572028637,-27.821304909914595,-0.08730053535036258,0.3540543542934913,-2.7697e-07,0.871691521812638,7.7046e-09,0,1.0
78,0.003067722353189639,0.027726529961811158,-1.0696e-06,1.600149459561681,3.485910062937601,96.89042411202306,0.04666375081316705,29.728679478958657,-0.02699790686773754,-97.1460737555817,0.32075506405016824,43.21599736879413,-0.4020895572028637,-15.747264203637501,-0.08730053535036258,0.33961995733714434,-2.7697e-07,0.9586770273095726,7.7046e-09,0,1.0
79,0.3809550541684441,0.023345044118390633,-1.0696e-06,1.600149459561681,3.485910062937601,-29.570468411385864,0.04666375081316705,5.729699148670867,-0.02699790686773754,-27.464669417186922,0.32075506405016824,-15.946347098670428,-0.4020895572028637,38.949008848836556,-0.08730053535036258,-0.07462215585927753,-2.7697e-07,0.07351193663268957,7.7046e-09,1,1.0
80,0.20708828653931682,0.01167812708814353,-1.0696e-06,1.600149459561681,3.485910062937601,-61.79686000512989,0.04666375081316705,5.926527300709368,-0.02699790686773754,-96.53507743842307,0.32075506405016824,99.84142832906072,-0.4020895572028637,71.68288967514658,-0.08730053535036258,-0.05387146800039425,-2.7697e-07,0.05497180751761325,7.7046e-09,1,1.0
81,0.0057842570884355515,0.04871465221444589,-1.0696e-06,1.600149459561681,3.485910062937601,80.72156953366155,0.04666375081316705,16.691595349131315,-0.02699790686773754,-42.49616023933604,0.32075506405016824,33.54076713623132,-0.4020895572028637,-29.835241063335,-0.08730053535036258,0.4114478455648878,-2.7697e-07,0.6475686438460058,7.7046e-09,0,1.0
82,0.13860310659954067,0.08459845933225962,-1.0696e-06,1.600149459561681,3.485910062937601,99.9782198877574,0.04666375081316705,19.796960084069376,-0.02699790686773754,-5.458805254473477,0.32075506405016824,-40.39406947637186,-0.4020895572028637,-48.26714299992293,-0.08730053535036258,0.4057932181448264,-2.7697e-07,0.6603049407120004,7.7046e-09,0,1.0
83,0.0662816826329195,0.0052810779305220296,-1.0696e-06,1.600149459561681,3.485910062937601,-43.81257965008178,0.04666375081316705,3.3326998773958363,-0.02699790686773754,-73.76029037752642,0.32075506405016824,88.73791504148187,-0.4020895572028637,49.56686418760221,-0.08730053535036258,-0.028242644677303842,-2.7697e-07,0.02841748827621985,7.7046e-09,1,1.0
84,0.008982495485803654,0.043689043245813367,-1.0696e-06,1.600149459561681,3.485910062937601,80.03981818628598,0.04666375081316705,18.685567571167244,-0.02699790686773754,-49.704567847438845,0.32075506405016824,34.25417620826204,-0.4020895572028637,-26.87134207630017,-0.08730053535036258,0.4034973590725145,-2.7697e-07,0.656631048189802,7.7046e-09,0,1.0
85,0.6363239562802088,0.05519472366237416,-1.0696e-06,1.600149459561681,3.485910062937601,-52.4760448229355,0.04666375081316705,7.709836083580797,-0.02699790686773754,-47.97955385679567,0.32075506405016824,-18.784160270149638,-0.4020895572028637,68.28043978027905,-0.08730053535036258,-0.0999563045707551,-2.7697e-07,0.10043507551482556,7.7046e-09,1,1.0
86,0.003385380178331787,0.042793289324276555,-1.0696e-06,1.600149459561681,3.485910062937601,78.1968492173475,0.04666375081316705,18.561198971143785,-0.02699790686773754,-51.554248479623745,0.32075506405016824,38.75772504112951,-0.4020895572028637,-25.738922719949226,-0.08730053535036258,0.4082080797213248,-2.7697e-07,0.646238642767504,7.7046e-09,0,1.0
87,0.24880956515894093,0.01095282185933175,-1.0696e-06,1.600149459561681,3.485910062937601,-40.46770147139228,0.04666375081316705,4.32077496458487,-0.02699790686773754,-49.60854160592524,0.32075506405016824,40.531090534431925,-0.4020895572028637,45.32398184624155,-0.08730053535036258,-0.054978689272767375,-2.7697e-07,0.055254778117879585,7.7046e-09,1,1.0
88,0.038175279387102974,0.004411975233220398,-1.0696e-06,1.600149459561681,3.485910062937601,-34.016094447493984,0.04666375081316705,1.3006176596841519,-0.02699790686773754,-53.94087086800801,0.32075506405016824,72.39621827138158,-0.4020895572028637,36.563455201542524,-0.08730053535036258,-0.021654794956570057,-2.7697e-07,0.022572259797301673,7.7046e-09,1,1.0
89,0.4212056848821364,0.11100623137992706,-1.0696e-06,1.600149459561681,3.485910062937601,98.71579384188038,0.04666375081316705,39.43744072540544,-0.02699790686773754,-93.24255337714773,0.32075506405016824,-28.03630020082714,-0.4020895572028637,-3.8416319696605528,-0.08730053535036258,0.32378334197834924,-2.7697e-07,1.101351454062844,7.7046e-09,0,1.0
90,0.09790160621510116,0.024989491912109623,-1.0696e-06,1.600149459561681,3.485910062937601,7.013041564754964,0.04666375081316705,4.761328569581598,-0.02699790686773754,-0.29138730254241585,0.32075506405016824,-39.893770910151325,-0.4020895572028637,2.6295511175492328,-0.08730053535036258,-0.10765545301295969,-2.7697e-07,0.10961813858751508,7.7046e-09,1,1.0
91,0.2595695671020193,0.10861633042565702,-1.0696e-06,1.600149459561681,3.485910062937601,99.99882065015831,0.04666375081316705,20.741771207949075,-0.02699790686773754,-0.13846738029240077,0.32075506405016824,-63.510051943390174,-0.4020895572028637,-44.9403414740644,-0.08730053535036258,0.39050398220503624,-2.7697e-07,0.6951767821690906,7.7046e-09,0,1.0
92,0.6744834179445827,0.1859418965768503,-1.0696e-06,1.600149459561681,3.485910062937601,98.48530446862466,0.04666375081316705,38.28413364225071,-0.02699790686773754,-77.14269885329054,0.32075506405016824,-71.42255066713282,-0.4020895572028637,2.299741688058891,-0.08730053535036258,0.32563766179819914,-2.7697e-07,1.1589680552391302,7.7046e-09,0,1.0
93,0.14900167505841277,0.0033594833457123636,-1.0696e-06,1.600149459561681,3.485910062937601,-13.327011746162837,0.04666375081316705,0.7656190955584101,-0.02699790686773754,-9.448759670494608,0.32075506405016824,-1.6380193196579387,-0.4020895572028637,15.809091046030884,-0.08730053535036258,-0.007783554326368833,-2.7697e-07,0.00806835261520706,7.7046e-09,1,1.0
94,0.889513145430535,0.11817013487004344,-1.0696e-06,1.600149459561681,3.485910062937601,-50.54252428778029,0.04666375081316705,8.884907912554674,-0.02699790686773754,-26.349059732826284,0.32075506405016824,-77.93664544805522,-0.4020895572028637,70.29593398268818,-0.08730053535036258,-0.12822186559599286,-2.7697e-07,0.13906751264891792,7.7046e-09,1,1.0
95,0.0288142038074582,0.00043106290582142087,-1.0696e-06,1.600149459561681,3.485910062937601,-2.0335274744470966,0.04666375081316705,-0.15219526491111096,-0.02699790686773754,-0.718815081780203,0.32075506405016824,-1.6592845798730045,-0.4020895572028637,2.6624728136657785,-0.08730053535036258,-0.008612895318158509,-2.7697e-07,0.008597372579765554,7.7046e-09,1,1.0
96,-0.00028963987829233595,0.051399724525788185,-1.0696e-06,1.600149459561681,3.485910062937601,99.53505386912954,0.04666375081316705,16.97477767607593,-0.02699790686773754,-17.614815926670023,0.32075506405016824,-5.942566009970815,-0.4020895572028637,-47.46603780698176,-0.08730053535036258,0.39494899617681967,-2.7697e-07,0.683195996795224,7.7046e-09,0,1.0
97,0.00029405282424732615,0.04241753184166004,-1.0696e-06,1.600149459561681,3.485910062937601,50.63001741640724,0.04666375081316705,17.267067549049294,-0.02699790686773754,-84.42853212080081,0.32075506405016824,98.75464539309465,-0.4020895572028637,-2.1405337347075046,-0.08730053535036258,0.4500486558898914,-2.7697e-07,0.5721003781276547,7.7046e-09,0,1.0
98,0.39154807094732846,0.020836682454317867,-1.0696e-06,1.600149459561681,3.485910062937601,-50.71788011235474,0.04666375081316705,5.911580805835374,-0.02699790686773754,-59.95389718394909,0.32075506405016824,32.06391518327388,-0.4020895572028637,60.690722364400344,-0.08730053535036258,-0.06070214017768476,-2.7697e-07,0.05969463600132359,7.7046e-09,1,1.0
99,0.05379810020757775,0.003179644525475414,-1.0696e-06,1.600149459561681,3.485910062937601,-25.464775926309294,0.04666375081316705,2.5153606412331784,-0.02699790686773754,-41.44743563428806,0.32075506405016824,48.63910869818348,-0.4020895572028637,28.227025903150622,-0.08730053535036258,-0.032538939570356244,-2.7697e-07,0.03411171975290505,7.7046e-09,1,1.0
100,0.20095142749424721,0.02480492778215877,-1.0696e-06,2.459242111292193,3.0947272010640288,-23.257782524789498,0.04666375081316705,5.119996030044218,-0.02699790686773754,-54.912731551334,0.32075506405016824,23.797914383492873,-0.4020895572028637,44.611788582320905,-0.08730053535036258,-0.10567668702722603,-2.7697e-07,0.10507827803214191,7.7046e-09,1,1.0
101,0.22358588198282903,0.024285032615248333,-1.0696e-06,2.459242111292193,3.0947272010640288,-65.70061471652959,0.04666375081316705,6.488958060259318,-0.02699790686773754,-96.55618850855267,0.32075506405016824,74.17414343607939,-0.4020895572028637,80.20510543655207,-0.08730053535036258,-0.10100273564003506,-2.7697e-07,0.1048790989139611,7.7046e-09,1,1.0
102,0.03820414115918297,0.04624124583001429,-1.0696e-06,2.459242111292193,3.0947272010640288,48.97027442070478,0.04666375081316705,5.78621168920329,-0.02699790686773754,-0.25218419353867483,0.32075506405016824,-44.33111223566113,-0.4020895572028637,-16.431987678425664,-0.08730053535036258,-0.14720807440631203,-2.7697e-07,0.14746326839033466,7.7046e-09,1,1.0
103,0.11863294698622256,0.05016593582949982,-1.0696e-06,2.459242111292193,3.0947272010640288,-69.6098571931743,0.04666375081316705,-5.010323288849952,-0.02699790686773754,-14.300522539299257,0.32075506405016824,51.64083230919848,-0.4020895572028637,37.22363767536458,-0.08730053535036258,-0.14235199995821227,-2.7697e-07,0.14208409203886976,7.7046e-09,1,1.0
104,0.1297741445743481,0.00658387240710989,-1.0696e-06,2.459242111292193,3.0947272010640288,-48.30604222807444,0.04666375081316705,3.1238494745947194,-0.02699790686773754,-62.62131277953989,0.32075506405016824,54.851779112590094,-0.4020895572028637,54.11346639723395,-0.08730053535036258,-0.04235025160390058,-2.7697e-07,0.0442853412287356,7.7046e-09,1,1.0
105,0.3477475930125088,0.06779507233573762,-1.0696e-06,2.459242111292193,3.0947272010640288,-99.92524818542401,0.04666375081316705,-3.8161891037243945,-0.02699790686773754,-35.81595225527559,0.32075506405016824,62.36598083648064,-0.4020895572028637,67.73838413976455,-0.08730053535036258,-0.1355293457885387,-2.7697e-07,0.1337719224857759,7.7046e-09,1,1.0
106,0.44269395707580017,0.022663240866130467,-1.0696e-06,2.459242111292193,3.0947272010640288,-80.53546159225947,0.04666375081316705,2.8702294332863545,-0.02699790686773754,-67.4251819974674,0.32075506405016824,51.07323547938855,-0.4020895572028637,79.9906327988119,-0.08730053535036258,-0.03210526188070001,-2.7697e-07,0.03458809410304209,7.7046e-09,1,1.0
107,0.2773795239701745,0.024701827106096086,-1.0696e-06,2.459242111292193,3.0947272010640288,-99.21404532068226,0.04666375081316705,-0.7601491746076913,-0.02699790686773754,-67.72432372242866,0.32075506405016824,83.83155997160088,-0.4020895572028637,81.18282064988104,-0.08730053535036258,-0.06944601395458358,-2.7697e-07,0.06865437485346185,7.7046e-09,1,1.0
108,0.43569225281107576,0.024912456305632397,-1.0696e-06,2.459242111292193,3.0947272010640288,-99.66693298551343,0.04666375081316705,1.857919162837113,-0.02699790686773754,-75.76980050480455,0.32075506405016824,70.81888672572505,-0.4020895572028637,90.71067652227278,-0.08730053535036258,-0.04468487439922882,-2.7697e-07,0.04404555238499976,7.7046e-09,1,1.0
109,0.22677685448721688,0.010815636410598108,-1.0696e-06,2.459242111292193,3.0947272010640288,-98.4668848086935,0.04666375081316705,1.8523767650183385,-0.02699790686773754,-89.4058825015185,0.32075506405016824,97.65152250754892,-0.4020895572028637,89.19453034011809,-0.08730053535036258,-0.04781440728413466,-2.7697e-07,0.04756760888227113,7.7046e-09,1,1.0
110,0.012226698580192819,0.023801061955539646,-1.0696e-06,2.459242111292193,3.0947272010640288,6.2136755138671225,0.04666375081316705,4.785437451517347,-0.02699790686773754,-24.567524294963324,0.32075506405016824,2.9916633122056755,-0.4020895572028637,8.618393918286532,-0.08730053535036258,-0.09712823546568199,-2.7697e-07,0.09764336235947312,7.7046e-09,1,1.0
111,0.04114139530750521,0.02415161802775019,-1.0696e-06,2.459242111292193,3.0947272010640288,-60.11313991303118,0.04666375081316705,5.468700275647536,-0.02699790686773754,-97.65206932405472,0.32075506405016824,89.03565836006068,-0.4020895572028637,72.29200931122709,-0.08730053535036258,-0.08567227416592499,-2.7697e-07,0.08613184715738326,7.7046e-09,1,1.0
112,0.20677210288763448,0.08846472418891523,-1.0696e-06,2.459242111292193,3.0947272010640288,-23.6964840644835,0.04666375081316705,10.366491499190314,-0.02699790686773754,-93.83044529314205,0.32075506405016824,44.86765507134657,-0.4020895572028637,62.046420499267285,-0.08730053535036258,-0.1491766532277595,-2.7697e-07,0.2036638801813778,7.7046e-09,1,1.0
113,0.18668845566608938,0.03040678910254443,-1.0696e-06,2.459242111292193,3.0947272010640288,19.12397344801325,0.04666375081316705,4.995361012371261,-0.02699790686773754,-12.799806811310827,0.32075506405016824,-29.05450285177718,-0.4020895572028637,6.828682349515323,-0.08730053535036258,-0.11966424602731915,-2.7697e-07,0.12010002600745426,7.7046e-09,1,1.0
114,0.00031457375815269195,0.029120037630083823,-1.0696e-06,2.459242111292193,3.0947272010640288,40.138290537441485,0.04666375081316705,4.14349031372726,-0.02699790686773754,-0.33090523167401015,0.32075506405016824,-32.31287486743932,-0.4020895572028637,-14.022047755367936,-0.08730053535036258,-0.11391147942682735,-2.7697e-07,0.11642720398624136,7.7046e-09,1,1.0
115,0.03284590660716458,0.018474304608997093,-1.0696e-06,2.459242111292193,3.0947272010640288,12.593344356889165,0.04666375081316705,3.6811493220047984,-0.02699790686773754,-20.393837734149418,0.32075506405016824,-3.8738717600808403,-0.4020895572028637,7.528583656263294,-0.08730053535036258,-0.09098079002955531,-2.7697e-07,0.09263506404952407,7.7046e-09,1,1.0
116,0.04933391983208576,0.012767900738610116,-1.0696e-06,2.459242111292193,3.0947272010640288,-79.49223049392083,0.04666375081316705,-0.4377099637687224,-0.02699790686773754,-69.55990267216893,0.32075506405016824,92.32735146963705,-0.4020895572028637,66.49091663938727,-0.08730053535036258,-0.048621062162588616,-2.7697e-07,0.04867900588795118,7.7046e-09,1,1.0
117,0.0030044891162934045,0.0048960442320440545,-1.0696e-06,2.459242111292193,3.0947272010640288,-30.9033085808355,0.04666375081316705,-1.0893958445715284,-0.02699790686773754,-17.739496161718165,0.32075506405016824,32.91286251357792,-0.4020895572028637,20.002619131956227,-0.08730053535036258,-0.04686881819900789,-2.7697e-07,0.04713267617964673,7.7046e-09,1,1.0
118,0.5699321761271701,0.09703646478317915,-1.0696e-06,2.459242111292193,3.0947272010640288,-99.83527475172737,0.04666375081316705,-1.2025254712344295,-0.02699790686773754,-32.36376875590766,0.32075506405016824,35.335949064730286,-0.4020895572028637,72.55498603586281,-0.08730053535036258,-0.12320525792454255,-2.7697e-07,0.11483774032317688,7.7046e-09,1,1.0
119,0.23020629035169077,0.008219160079605265,-1.0696e-06,2.459242111292193,3.0947272010640288,-62.30077683853668,0.04666375081316705,0.9215658198808638,-0.02699790686773754,-48.27126728848585,0.32075506405016824,49.02411272343133,-0.4020895572028637,55.55438217967669,-0.08730053535036258,-0.030923254786088036,-2.7697e-07,0.03038942906981069,7.7046e-09,1,1.0
120,0.17375542168826075,0.011700877614163979,-1.0696e-06,2.459242111292193,3.0947272010640288,-34.89723439331638,0.04666375081316705,4.247016519017928,-0.02699790686773754,-56.64802299270656,0.32075506405016824,36.40826155222631,-0.4020895572028637,47.940626483185795,-0.08730053535036258,-0.072749505496622,-2.7697e-07,0.07297618576852531,7.7046e-09,1,1.0
121,0.14593328093990354,0.010744185902671635,-1.0696e-06,2.459242111292193,3.0947272010640288,-46.851636692998085,0.04666375081316705,-0.5792657051867132,-0.02699790686773754,-25.127626181633396,0.32075506405016824,34.13969455099513,-0.4020895572028637,34.674320698900914,-0.08730053535036258,-0.05331881805272332,-2.7697e-07,0.051909817683245325,7.7046e-09,1,1.0
122,0.004521440782175201,0.04894429931833937,-1.0696e-06,2.459242111292193,3.0947272010640288,98.47685752782395,0.04666375081316705,15.984052507368826,-0.02699790686773754,-99.79644884898808,0.32075506405016824,62.18868442980941,-0.4020895572028637,0.4307238000937358,-0.08730053535036258,0.44749781423689944,-2.7697e-07,0.5677632773748407,7.7046e-09,0,1.0
123,0.06957101180491754,0.03919227305428394,-1.0696e-06,2.459242111292193,3.0947272010640288,17.250504954865512,0.04666375081316705,4.9507545209010395,-0.02699790686773754,-22.077675390057678,0.32075506405016824,-7.125670157951506,-0.4020895572028637,6.465184026774563,-0.08730053535036258,-0.06540526709571827,-2.7697e-07,0.1132574280355685,7.7046e-09,1,1.0
124,0.002597852835112935,0.11814389364355346,-1.0696e-06,2.459242111292193,3.0947272010640288,99.96332682409792,0.04666375081316705,11.806464246233183,-0.02699790686773754,-56.798118324993595,0.32075506405016824,30.834116483803943,-0.4020895572028637,-20.29911898205433,-0.08730053535036258,0.3540600168821999,-2.7697e-07,0.5489478911810519,7.7046e-09,0,1.0
125,0.001047719067838182,0.05645222418963936,-1.0696e-06,2.459242111292193,3.0947272010640288,90.44750753031758,0.04666375081316705,15.064100312526314,-0.02699790686773754,-99.12956410513951,0.32075506405016824,70.36296578496257,-0.4020895572028637,2.317136215109141,-0.08730053535036258,0.4206133032880191,-2.7697e-07,0.6129327644302517,7.7046e-09,0,1.0
126,0.28780260959180926,0.015762646048554336,-1.0696e-06,2.459242111292193,3.0947272010640288,-95.96722052588386,0.04666375081316705,1.2183880781294236,-0.02699790686773754,-75.96752820153985,0.32075506405016824,82.92128091701643,-0.4020895572028637,83.55432107226842,-0.08730053535036258,-0.05859289482218933,-2.7697e-07,0.05797442105252471,7.7046e-09,1,1.0
127,0.47637429951553434,0.06468794893630717,-1.0696e-06,2.459242111292193,3.0947272010640288,-9.037698074072663,0.04666375081316705,7.065609466895269,-0.02699790686773754,-22.98043409059681,0.32075506405016824,-33.70174817789867,-0.4020895572028637,30.566230880011826,-0.08730053535036258,-0.13647520873308402,-2.7697e-07,0.1363292707677249,7.7046e-09,1,1.0
128,0.20552724141593204,0.009433803584411916,-1.0696e-06,2.459242111292193,3.0947272010640288,-89.69046084958289,0.04666375081316705,3.535914504241169,-0.02699790686773754,-97.79926800828231,0.32075506405016824,96.61427436270482,-0.4020895572028637,89.54196776383469,-0.08730053535036258,-0.04561618432045389,-2.7697e-07,0.046284880300554054,7.7046e-09,1,1.0
129,1.05525443847236,0.25565473305225844,-1.0696e-06,2.459242111292193,3.0947272010640288,-40.05251829339914,0.04666375081316705,13.741573171630666,-0.02699790686773754,-85.47823608926232,0.32075506405016824,-36.68633541498713,-0.4020895572028637,99.04044392347231,-0.08730053535036258,-0.2883602016130761,-2.7697e-07,0.2875780672919913,7.7046e-09,1,1.0
130,0.07114778712488291,0.007548637672710343,-1.0696e-06,2.459242111292193,3.0947272010640288,14.808843565091982,0.04666375081316705,1.8358853523910774,-0.02699790686773754,-0.27747038547867364,0.32075506405016824,-18.741993428837784,-0.4020895572028637,-1.866890988655872,-0.08730053535036258,-0.058163331841336055,-2.7697e-07,0.059034073953986146,7.7046e-09,1,1.0
131,0.0018484371333740146,0.11868303047309346,-1.0696e-06,2.459242111292193,3.0947272010640288,99.99810428022145,0.04666375081316705,11.52886570389748,-0.02699790686773754,-57.746277490957844,0.32075506405016824,36.979565003545204,-0.4020895572028637,-20.647930921601603,-0.08730053535036258,0.3518160116434099,-2.7697e-07,0.609217551437041,7.7046e-09,0,1.0
132,0.12461603676468369,0.011460719356074994,-1.0696e-06,2.459242111292193,3.0947272010640288,-91.37840192631938,0.04666375081316705,0.6044427851980188,-0.02699790686773754,-79.78538293359604,0.32075506405016824,98.14082824385545,-0.4020895572028637,77.94463379975261,-0.08730053535036258,-0.056919462127139976,-2.7697e-07,0.056970648752204096,7.7046e-09,1,1.0
133,0.0539019975201933,0.0030265165865968726,-1.0696e-06,2.459242111292193,3.0947272010640288,-46.208109160251,0.04666375081316705,0.844236575728925,-0.02699790686773754,-46.41806406748765,0.32075506405016824,53.54710229497288,-0.4020895572028637,42.27751355144848,-0.08730053535036258,-0.018293739418950374,-2.7697e-07,0.019263037340460944,7.7046e-09,1,1.0
134,0.26940973882543956,0.007963343519546973,-1.0696e-06,2.459242111292193,3.0947272010640288,-45.49559086875933,0.04666375081316705,2.2023486531433534,-0.02699790686773754,-41.17552908572792,0.32075506405016824,28.023778851527805,-0.4020895572028637,47.41454085909305,-0.08730053535036258,-0.02841836385579005,-2.7697e-07,0.02834572592254844,7.7046e-09,1,1.0
135,0.15123126238708617,0.03527062202330042,-1.0696e-06,2.459242111292193,3.0947272010640288,19.139844339686377,0.04666375081316705,5.47400435201336,-0.02699790686773754,-17.444000385696533,0.32075506405016824,-22.577685917387214,-0.4020895572028637,7.111142501015028,-0.08730053535036258,-0.11168199975524805,-2.7697e-07,0.124443100994289,7.7046e-09,1,1.0
136,0.017831517586015866,0.10498522654061695,-1.0696e-06,2.459242111292193,3.0947272010640288,33.022748171507075,0.04666375081316705,7.86737049188102,-0.02699790686773754,-49.71709212669325,0.32075506405016824,17.581941006029755,-0.4020895572028637,10.508730024686013,-0.08730053535036258,0.04630967938826752,-2.7697e-07,0.20031969101259312,7.7046e-09,0,1.0
137,0.19680960980484508,0.011726797094722748,-1.0696e-06,2.459242111292193,3.0947272010640288,-76.83938163666666,0.04666375081316705,4.147329849242002,-0.02699790686773754,-93.23737384014224,0.32075506405016824,85.35303413413169,-0.4020895572028637,82.49011887920005,-0.08730053535036258,-0.05189404917327435,-2.7697e-07,0.05486434861446028,7.7046e-09,1,1.0
138,1.7040023242986813e-05,0.17464967099909168,-1.0696e-06,2.459242111292193,3.0947272010640288,99.54205617457134,0.04666375081316705,7.956207093885782,-0.02699790686773754,-12.721334895525667,0.32075506405016824,-5.435174449281494,-0.4020895572028637,-40.61808198273049,-0.08730053535036258,0.2579099121803697,-2.7697e-07,0.47526112114806157,7.7046e-09,0,1.0
139,7.124606777209053e-05,0.14099491896408856,-1.0696e-06,2.459242111292193,3.0947272010640288,93.39647844251795,0.04666375081316705,9.365079644474731,-0.02699790686773754,-18.7275126382461,0.32075506405016824,-25.092700660080716,-0.4020895572028637,-30.46113084674335,-0.08730053535036258,0.1620579136242236,-2.7697e-07,0.28150799283972633,7.7046e-09,0,1.0
140,0.3245126467468675,0.04463122703504573,-1.0696e-06,2.459242111292193,3.0947272010640288,-72.58527546680168,0.04666375081316705,-0.29110045954025543,-0.02699790686773754,-31.338099437902066,0.32075506405016824,39.14635300012795,-0.4020895572028637,52.18299739392177,-0.08730053535036258,-0.10202480902966567,-2.7697e-07,0.11051691937575596,7.7046e-09,1,1.0
141,0.35825428997347464,0.021125501362224054,-1.0696e-06,2.459242111292193,3.0947272010640288,-80.08260948950688,0.04666375081316705,5.917334565821181,-0.02699790686773754,-98.36993379848185,0.32075506405016824,73.0772449410614,-0.4020895572028637,92.16241413288392,-0.08730053535036258,-0.08770120103845012,-2.7697e-07,0.08762186557188377,7.7046e-09,1,1.0
142,0.1952567283511975,0.026136672338539266,-1.0696e-06,2.459242111292193,3.0947272010640288,-32.70800900147753,0.04666375081316705,-2.9540151246727793,-0.02699790686773754,-1.0708051484431231,0.32075506405016824,9.107877966029907,-0.4020895572028637,21.822059445326573,-0.08730053535036258,-0.07173519884661711,-2.7697e-07,0.07308480852761956,7.7046e-09,1,1.0
143,0.2751918812653834,0.023428115337165448,-1.0696e-06,2.459242111292193,3.0947272010640288,-69.00736036211826,0.04666375081316705,6.116948270585789,-0.02699790686773754,-97.01955743160374,0.32075506405016824,72.1304832790764,-0.4020895572028637,84.5845290756579,-0.08730053535036258,-0.09712633994892586,-2.7697e-07,0.09635783183314209,7.7046e-09,1,1.0
144,0.06990674789570703,0.007686754274633566,-1.0696e-06,2.459242111292193,3.0947272010640288,-7.723673666509206,0.04666375081316705,2.907865866037869,-0.02699790686773754,-23.75322300770087,0.32075506405016824,9.16112886362773,-0.4020895572028637,16.807547491762243,-0.08730053535036258,-0.05542157120130756,-2.7697e-07,0.054417025884343634,7.7046e-09,1,1.0
145,0.05100075683492192,0.004789437185317737,-1.0696e-06,2.459242111292193,3.0947272010640288,-24.64038962860766,0.04666375081316705,2.7399207789535893,-0.02699790686773754,-40.38071299705036,0.32075506405016824,32.849592341339324,-0.4020895572028637,30.80710091522506,-0.08730053535036258,-0.04522434112148052,-2.7697e-07,0.045408076324865404,7.7046e-09,1,1.0
146,0.7720002291573684,0.085621594265635,-1.0696e-06,2.459242111292193,3.0947272010640288,-76.87017614000617,0.04666375081316705,7.233324860020597,-0.02699790686773754,-80.32522654614577,0.32075506405016824,20.51206328280761,-0.4020895572028637,98.10043945810008,-0.08730053535036258,-0.11386468540618082,-2.7697e-07,0.11968224838123968,7.7046e-09,1,1.0
147,0.22026408548712129,0.006902198316260998,-1.0696e-06,2.459242111292193,3.0947272010640288,-71.3706757651527,0.04666375081316705,1.3631273937676491,-0.02699790686773754,-61.053997968741555,0.32075506405016824,63.31884453437552,-0.4020895572028637,64.8887457478964,-0.08730053535036258,-0.03331247767428519,-2.7697e-07,0.03327437617473877,7.7046e-09,1,1.0
148,0.2294131051380846,0.009687307963043713,-1.0696e-06,2.459242111292193,3.0947272010640288,-49.57824666963854,0.04666375081316705,3.908048681299011,-0.02699790686773754,-63.4621849564099,0.32075506405016824,45.81513597969937,-0.4020895572028637,58.84064425532807,-0.08730053535036258,-0.059284639673028904,-2.7697e-07,0.05947225780564521,7.7046e-09,1,1.0
149,0.2274958615705608,0.0073347038458720735,-1.0696e-06,2.459242111292193,3.0947272010640288,-78.20312389875374,0.04666375081316705,1.9485321823374748,-0.02699790686773754,-74.78891525623736,0.32075506405016824,74.95420980847813,-0.4020895572028637,75.16533224711128,-0.08730053535036258,-0.01939724420919488,-2.7697e-07,0.019627444785475335,7.7046e-09,1,1.0
150,0.10107325751535223,0.021172199987834036,-1.0696e-06,2.459242111292193,3.0947272010640288,-44.297700977092774,0.04666375081316705,4.867482497478212,-0.02699790686773754,-70.97448947341789,0.32075506405016824,58.82642245629187,-0.4020895572028637,54.381121097811835,-0.08730053535036258,-0.06658780188252673,-2.7697e-07,0.0847614069429747,7.7046e-09,1,1.0
151,0.20971936727928658,0.009167431395005941,-1.0696e-06,2.459242111292193,3.0947272010640288,-91.64930226815157,0.04666375081316705,1.7389307065326602,-0.02699790686773754,-84.6808057508857,0.32075506405016824,91.99687098923133,-0.4020895572028637,83.9380113758706,-0.08730053535036258,-0.037555452545683245,-2.7697e-07,0.038212546464304116,7.7046e-09,1,1.0
152,0.03576003169090522,0.005292667931785874,-1.0696e-06,2.459242111292193,3.0947272010640288,14.372082946999894,0.04666375081316705,1.717209008697955,-0.02699790686773754,-0.8891914957908751,0.32075506405016824,-14.745661227574864,-0.4020895572028637,-2.9892315944246155,-0.08730053535036258,-0.05117140653288453,-2.7697e-07,0.05126116353204162,7.7046e-09,1,1.0
153,0.010091802047260012,0.13131010684062827,-1.0696e-06,2.459242111292193,3.0947272010640288,99.16709924433896,0.04666375081316705,12.148768201739072,-0.02699790686773754,-49.85163137374045,0.32075506405016824,8.424210702745347,-0.4020895572028637,-20.300092541021613,-0.08730053535036258,0.33940250712908976,-2.7697e-07,0.3653127256030683,7.7046e-09,0,1.0
154,0.3292869254483089,0.014313955088144507,-1.0696e-06,2.459242111292193,3.0947272010640288,-92.29161853155051,0.04666375081316705,1.6569972301906302,-0.02699790686773754,-75.33808216835277,0.32075506405016824,75.74374440369225,-0.4020895572028637,83.86288509749902,-0.08730053535036258,-0.040628694732842745,-2.7697e-07,0.040786511868152346,7.7046e-09,1,1.0
155,0.16173293568035496,0.007096229508059737,-1.0696e-06,2.459242111292193,3.0947272010640288,-15.394372626993503,0.04666375081316705,2.7311127618284203,-0.02699790686773754,-24.46815771262752,0.32075506405016824,6.612599233058534,-0.4020895572028637,23.773137146198298,-0.08730053535036258,-0.04922563891874851,-2.7697e-07,0.048496975586431096,7.7046e-09,1,1.0
156,0.2716717800007167,0.014597780614893056,-1.0696e-06,2.459242111292193,3.0947272010640288,-54.10950080024407,0.04666375081316705,-0.31660831151596125,-0.02699790686773754,-29.575880124894965,0.32075506405016824,29.994387094293568,-0.4020895572028637,45.21093842823933,-0.08730053535036258,-0.033311675279253466,-2.7697e-07,0.032897514879733344,7.7046e-09,1,1.0
157,0.23944685863729767,0.011722641304645622,-1.0696e-06,2.459242111292193,3.0947272010640288,-93.50396880994303,0.04666375081316705,1.505801154856988,-0.02699790686773754,-85.21517073024981,0.32075506405016824,91.3464822441604,-0.4020895572028637,86.57051515411135,-0.08730053535036258,-0.02424529418842871,-2.7697e-07,0.02635777870375141,7.7046e-09,1,1.0
158,0.0826291843349164,0.00864015993147804,-1.0696e-06,2.459242111292193,3.0947272010640288,16.033900911121066,0.04666375081316705,2.444336139345607,-0.02699790686773754,-0.35407868633201023,0.32075506405016824,-21.445454633046154,-0.4020895572028637,-2.494455299743158,-0.08730053535036258,-0.06035611210093386,-2.7697e-07,0.06166579973834793,7.7046e-09,1,1.0
159,0.23127586168030656,0.04794061166652078,-1.0696e-06,2.459242111292193,3.0947272010640288,22.07503432765814,0.04666375081316705,6.118760779451587,-0.02699790686773754,-18.235349932354126,0.32075506405016824,-32.94494182023856,-0.4020895572028637,10.440328230909229,-0.08730053535036258,-0.14517979171145182,-2.7697e-07,0.1500071859724839,7.7046e-09,1,1.0
160,0.05829193288770282,0.0021737394491183754,-1.0696e-06,2.459242111292193,3.0947272010640288,-29.043795706108845,0.04666375081316705,-0.15858724807391555,-0.02699790686773754,-21.3043573162462,0.32075506405016824,27.553898312412272,-0.4020895572028637,23.47026959572843,-0.08730053535036258,-0.022406156895868702,-2.7697e-07,0.02331637711661235,7.7046e-09,1,1.0
161,0.1184009463721943,0.005907090978565145,-1.0696e-06,2.459242111292193,3.0947272010640288,-8.253825347360504,0.04666375081316705,2.592854041142893,-0.02699790686773754,-19.484740077217904,0.32075506405016824,3.1321520741566764,-0.4020895572028637,16.903161721225295,-0.08730053535036258,-0.04690560794549797,-2.7697e-07,0.04857434818004413,7.7046e-09,1,1.0
162,0.024542954676455286,0.11629131374875884,-1.0696e-06,2.459242111292193,3.0947272010640288,79.6375713974164,0.04666375081316705,12.75351345087325,-0.02699790686773754,-77.16099802851058,0.32075506405016824,50.37894806417167,-0.4020895572028637,-1.9054238686924014,-0.08730053535036258,0.3523462925239165,-2.7697e-07,0.5140219514041144,7.7046e-09,0,1.0
163,0.2832291249604156,0.014108384412185024,-1.0696e-06,2.459242111292193,3.0947272010640288,-14.810090080054538,0.04666375081316705,0.8575177794369225,-0.02699790686773754,-0.6280598519878893,0.32075506405016824,-16.8397493213926,-0.4020895572028637,16.38239421696119,-0.08730053535036258,-0.010819671256802318,-2.7697e-07,0.011634386047284728,7.7046e-09,1,1.0
164,0.006624269799254456,0.0514815977810429,-1.0696e-06,2.459242111292193,3.0947272010640288,98.365353555506,0.04666375081316705,15.622975513445121,-0.02699790686773754,-98.1241133695694,0.32075506405016824,62.07646545798477,-0.4020895572028637,-0.14017881393025666,-0.08730053535036258,0.4425714071428639,-2.7697e-07,0.5784494274871201,7.7046e-09,0,1.0
165,0.477040723128441,0.035629556453129985,-1.0696e-06,2.459242111292193,3.0947272010640288,-65.16176997252357,0.04666375081316705,1.6051208710241154,-0.02699790686773754,-36.99501217276699,0.32075506405016824,20.716691443368937,-0.4020895572028637,59.716535963652746,-0.08730053535036258,-0.03586444606366278,-2.7697e-07,0.039918544024056354,7.7046e-09,1,1.0
166,0.3562361667378447,0.06986041137378604,-1.0696e-06,2.459242111292193,3.0947272010640288,-22.649035642383097,0.04666375081316705,8.915560480739758,-0.02699790686773754,-74.54774433988932,0.32075506405016824,16.125301961271184,-0.4020895572028637,59.88655682915193,-0.08730053535036258,-0.1808220391753091,-2.7697e-07,0.18319149428768594,7.7046e-09,1,1.0
167,0.090210236562277,0.1428032777730919,-1.0696e-06,2.459242111292193,3.0947272010640288,98.15329288950859,0.04666375081316705,13.073233730428168,-0.02699790686773754,-51.78012973170888,0.32075506405016824,0.4110347818090987,-0.4020895572028637,-15.815101187941332,-0.08730053535036258,0.3194256403839775,-2.7697e-07,0.3715501401514865,7.7046e-09,0,1.0
168,0.1625268279992878,0.010648048131456634,-1.0696e-06,2.459242111292193,3.0947272010640288,-4.403749891414205,0.04666375081316705,3.1908234253500396,-0.02699790686773754,-20.279310003101486,0.32075506405016824,-3.9884200853716467,-0.4020895572028637,18.121926446697668,-0.08730053535036258,-0.0672511480326217,-2.7697e-07,0.06689822195974873,7.7046e-09,1,1.0
169,0.001997915422456309,0.08401524660222667,-1.0696e-06,2.459242111292193,3.0947272010640288,77.57686115362026,0.04666375081316705,12.124919058577317,-0.02699790686773754,-99.9960570931106,0.32075506405016824,91.97478436771958,-0.4020895572028637,7.9982167477337525,-0.08730053535036258,0.37492126759024413,-2.7697e-07,0.7519322484059411,7.7046e-09,0,1.0
170,0.3455504658938623,0.019205859481470328,-1.0696e-06,2.459242111292193,3.0947272010640288,-41.907200033865635,0.04666375081316705,4.074497446275915,-0.02699790686773754,-51.829631414227826,0.32075506405016824,22.714971782144723,-0.4020895572028637,55.04796608035213,-0.08730053535036258,-0.06946504943010284,-2.7697e-07,0.07051690460152993,7.7046e-09,1,1.0
171,0.03167825959385018,0.0344591862002321,-1.0696e-06,2.459242111292193,3.0947272010640288,6.136462962331966,0.04666375081316705,5.953864193475654,-0.02699790686773754,-40.43180367866443,0.32075506405016824,9.624881666986905,-0.4020895572028637,18.830104637495282,-0.08730053535036258,-0.12278422648592452,-2.7697e-07,0.12450258068690018,7.7046e-09,1,1.0
172,0.0021218637024263964,0.1287580756447961,-1.0696e-06,2.459242111292193,3.0947272010640288,32.968228551503074,0.04666375081316705,11.533743973971136,-0.02699790686773754,-99.6359320922692,0.32075506405016824,74.84325654515914,-0.4020895572028637,30.081087495552968,-0.08730053535036258,0.28185619622628694,-2.7697e-07,0.30678476176007025,7.7046e-09,0,1.0
173,0.0011272005368854199,0.09667703298564709,-1.0696e-06,2.459242111292193,3.0947272010640288,99.78542189510826,0.04666375081316705,13.004918031532293,-0.02699790686773754,-69.64711145722794,0.32075506405016824,42.686050995784484,-0.4020895572028637,-14.860709700457669,-0.08730053535036258,0.3805717953163626,-2.7697e-07,0.5833945037092244,7.7046e-09,0,1.0
174,0.022688328680133374,0.10332633268265844,-1.0696e-06,2.459242111292193,3.0947272010640288,40.20551932021021,0.04666375081316705,7.2339357561678215,-0.02699790686773754,-38.306688158373106,0.32075506405016824,5.79453395725003,-0.4020895572028637,2.6457960082318825,-0.08730053535036258,0.04716465525139467,-2.7697e-07,0.1948766689797743,7.7046e-09,0,1.0
175,0.17827011603290988,0.030138210983597678,-1.0696e-06,2.459242111292193,3.0947272010640288,-68.84819621961687,0.04666375081316705,-2.985603379502529,-0.02699790686773754,-26.799442336619336,0.32075506405016824,50.62496243482618,-0.4020895572028637,45.51913897328205,-0.08730053535036258,-0.0990556173548202,-2.7697e-07,0.10010751335961081,7.7046e-09,1,1.0
176,0.07147970124276976,0.0139148136050956,-1.0696e-06,2.459242111292193,3.0947272010640288,17.315899471352267,0.04666375081316705,3.409202599318633,-0.02699790686773754,-2.5013395098892843,0.32075506405016824,-21.352063536561534,-0.4020895572028637,-3.4817345381741633,-0.08730053535036258,-0.07180898218396556,-2.7697e-07,0.07386183724724807,7.7046e-09,1,1.0
177,0.09154427392242485,0.004851988900990957,-1.0696e-06,2.459242111292193,3.0947272010640288,6.881048220914904,0.04666375081316705,1.7778589444178325,-0.02699790686773754,-0.26383483511142186,0.32075506405016824,-15.441195916459499,-0.4020895572028637,0.7099686048971949,-0.08730053535036258,-0.03875754304096013,-2.7697e-07,0.0382744786255714,7.7046e-09,1,1.0
178,0.006860592813507704,0.057904672373199094,-1.0696e-06,2.459242111292193,3.0947272010640288,93.02332227124641,0.04666375081316705,14.507920109978926,-0.02699790686773754,-96.55767966968597,0.32075506405016824,67.6684932171596,-0.4020895572028637,1.2397932574630652,-0.08730053535036258,0.4208614071067369,-2.7697e-07,0.6158969412078044,7.7046e-09,0,1.0
179,-0.0013310498379597302,0.09011945107950468,-1.0696e-06,2.459242111292193,3.0947272010640288,-11.551164465343646,0.04666375081316705,7.143524737102863,-0.02699790686773754,-83.2471251310739,0.32075506405016824,66.15464296605818,-0.4020895572028637,43.64507409180779,-0.08730053535036258,0.03498681787970702,-2.7697e-07,0.15767902765609132,7.7046e-09,0,1.0
180,0.16944047884187807,0.012323450497508515,-1.0696e-06,2.459242111292193,3.0947272010640288,-9.285351326095956,0.04666375081316705,3.557865699174078,-0.02699790686773754,-21.561180778174,0.32075506405016824,-0.9049911179819847,-0.4020895572028637,19.5239689123791,-0.08730053535036258,-0.06460789863079279,-2.7697e-07,0.06742316995418073,7.7046e-09,1,1.0
181,0.2180074597107117,0.041073496489988565,-1.0696e-06,2.459242111292193,3.0947272010640288,-78.13787389459542,0.04666375081316705,-2.8641255627959925,-0.02699790686773754,-31.766791645103964,0.32075506405016824,56.601152674192,-0.4020895572028637,52.37672949499903,-0.08730053535036258,-0.10871885707119071,-2.7697e-07,0.11594766733879606,7.7046e-09,1,1.0
182,0.0450394665848301,0.007556445658770376,-1.0696e-06,2.459242111292193,3.0947272010640288,-31.245675413163838,0.04666375081316705,3.0394135148459474,-0.02699790686773754,-50.49544478126229,0.32075506405016824,43.90463410580021,-0.4020895572028637,38.219560082812286,-0.08730053535036258,-0.04596484306761145,-2.7697e-07,0.0489747270810596,7.7046e-09,1,1.0
183,0.08200231854831552,0.019137060922154663,-1.0696e-06,2.459242111292193,3.0947272010640288,18.688535901440613,0.04666375081316705,3.52894895427527,-0.02699790686773754,-9.560321186060795,0.32075506405016824,-19.18917735332129,-0.4020895572028637,1.70581775417478,-0.08730053535036258,-0.09398636233163783,-2.7697e-07,0.09286959468855456,7.7046e-09,1,1.0
184,0.0873143447703677,0.06636217567688063,-1.0696e-06,2.459242111292193,3.0947272010640288,99.5710482307351,0.04666375081316705,17.6655957252735,-0.02699790686773754,-99.9877988975184,0.32075506405016824,50.088185610133934,-0.4020895572028637,2.1913555740029045,-0.08730053535036258,0.45410811869004564,-2.7697e-07,0.5453099811646142,7.7046e-09,0,1.0
185,0.12749139120161673,0.031708119739918,-1.0696e-06,2.459242111292193,3.0947272010640288,6.048934765830582,0.04666375081316705,4.633898083808441,-0.02699790686773754,-23.053692268703816,0.32075506405016824,-4.8884411696226415,-0.4020895572028637,12.97615998203055,-0.08730053535036258,-0.06118419832687039,-2.7697e-07,0.09809748189793593,7.7046e-09,1,1.0
186,0.002995280537050782,0.05772800451113554,-1.0696e-06,2.459242111292193,3.0947272010640288,99.90931178329394,0.04666375081316705,15.078299587701116,-0.02699790686773754,-91.50405347243665,0.32075506405016824,57.63039532590484,-0.4020895572028637,-4.222315505842978,-0.08730053535036258,0.4305915497629077,-2.7697e-07,0.5856675777659833,7.7046e-09,0,1.0
187,0.8143792874759902,0.18220607151339335,-1.0696e-06,2.459242111292193,3.0947272010640288,-41.9666245687522,0.04666375081316705,13.889134055861414,-0.02699790686773754,-87.70147420827873,0.32075506405016824,-12.527940531183983,-0.4020895572028637,88.06957356308082,-0.08730053535036258,-0.261730014121549,-2.7697e-07,0.25986944622941904,7.7046e-09,1,1.0
188,0.0031962125787622364,0.014625239214108828,-1.0696e-06,2.459242111292193,3.0947272010640288,-16.520597862017453,0.04666375081316705,3.2826484945595347,-0.02699790686773754,-34.792600513833854,0.32075506405016824,28.133369580511438,-0.4020895572028637,21.788018048188437,-0.08730053535036258,-0.06176627688370727,-2.7697e-07,0.06944754080654696,7.7046e-09,1,1.0
189,0.0006114701102961639,0.14302217688997082,-1.0696e-06,2.459242111292193,3.0947272010640288,99.70891966959462,0.04666375081316705,10.559386570590899,-0.02699790686773754,-28.78848211612743,0.32075506405016824,-13.994568183033104,-0.4020895572028637,-29.581351643964318,-0.08730053535036258,0.2516433318763408,-2.7697e-07,0.3151343748990526,7.7046e-09,0,1.0
190,0.14005527027281306,0.0286144505352113,-1.0696e-06,2.459242111292193,3.0947272010640288,-8.632598244807918,0.04666375081316705,5.575292734832351,-0.02699790686773754,-44.24898769906816,0.32075506405016824,13.56567695820705,-0.4020895572028637,30.144672252794518,-0.08730053535036258,-0.09684885960182828,-2.7697e-07,0.11102790452685692,7.7046e-09,1,1.0
191,0.012996073703402472,0.006281877840410404,-1.0696e-06,2.459242111292193,3.0947272010640288,-9.442992439239932,0.04666375081316705,2.6118048841698167,-0.02699790686773754,-26.913323015067235,0.32075506405016824,17.95195483833027,-0.4020895572028637,16.86097998558765,-0.08730053535036258,-0.04860722712242881,-2.7697e-07,0.04811459798885492,7.7046e-09,1,1.0
192,0.012026122202675849,0.06969609053063652,-1.0696e-06,2.459242111292193,3.0947272010640288,90.24103356731129,0.04666375081316705,14.471401401047032,-0.02699790686773754,-92.43824454047255,0.32075506405016824,66.6408064560355,-0.4020895572028637,-0.9113162756105291,-0.08730053535036258,0.404779682020603,-2.7697e-07,0.6340005099444973,7.7046e-09,0,1.0
193,0.042780552391590565,0.043337113987147464,-1.0696e-06,2.459242111292193,3.0947272010640288,31.07960913007332,0.04666375081316705,6.26987893395191,-0.02699790686773754,-17.393184499255366,0.32075506405016824,-22.94376696078173,-0.4020895572028637,-1.766857344971304,-0.08730053535036258,-0.14105100490260503,-2.7697e-07,0.1411185078515892,7.7046e-09,1,1.0
194,0.09613294258683466,0.0035516886337219507,-1.0696e-06,2.459242111292193,3.0947272010640288,-11.716768607335895,0.04666375081316705,-0.6920862939434955,-0.02699790686773754,-0.251405902032058,0.32075506405016824,0.28762313147097196,-0.4020895572028637,8.445596607606802,-0.08730053535036258,-0.017796058486282216,-2.7697e-07,0.01887728335900628,7.7046e-09,1,1.0
195,0.6126827351135945,0.05811411777602794,-1.0696e-06,2.459242111292193,3.0947272010640288,-91.00386994149885,0.04666375081316705,0.8106106909695434,-0.02699790686773754,-51.2632315579705,0.32075506405016824,35.48608343314738,-0.4020895572028637,82.8743628908974,-0.08730053535036258,-0.02413964241290598,-2.7697e-07,0.02666925352661519,7.7046e-09,1,1.0
196,0.12138971154830996,0.036414110224476194,-1.0696e-06,2.459242111292193,3.0947272010640288,37.62643584162813,0.04666375081316705,4.938052664081222,-0.02699790686773754,-0.4057178185375586,0.32075506405016824,-43.10503634445251,-0.4020895572028637,-8.479076901106412,-0.08730053535036258,-0.1319812096693234,-2.7697e-07,0.13134850652606314,7.7046e-09,1,1.0
197,0.019919571730976582,0.07371365233870636,-1.0696e-06,2.459242111292193,3.0947272010640288,99.79015043465547,0.04666375081316705,14.544941477611102,-0.02699790686773754,-88.16267780300575,0.32075506405016824,50.4628475637504,-0.4020895572028637,-3.476710469652842,-0.08730053535036258,0.4200023212948313,-2.7697e-07,0.5455730858787927,7.7046e-09,0,1.0
198,0.8094420915155234,0.12150932396544395,-1.0696e-06,2.459242111292193,3.0947272010640288,-15.947681396303292,0.04666375081316705,4.868813232685173,-0.02699790686773754,-1.4189655691929217,0.32075506405016824,-69.75109319598411,-0.4020895572028637,37.85040891342499,-0.08730053535036258,-0.10761614998744465,-2.7697e-07,0.10578833943591873,7.7046e-09,1,1.0
199,0.2284283801779099,0.009052553262732183,-1.0696e-06,2.459242111292193,3.0947272010640288,-71.58056874512424,0.04666375081316705,3.4151212817373584,-0.02699790686773754,-81.3465098404057,0.32075506405016824,72.4734222688968,-0.4020895572028637,76.1345251379216,-0.08730053535036258,-0.0405425686418926,-2.7697e-07,0.04149669183314975,7.7046e-09,1,1.0
200,0.5483368630694754,0.002909757014530583,-1.0696e-06,1.053781742958659,1.4533862399266007,7.3554578283293335,0.04666375081316705,22.20285615749684,-0.02699790686773754,-73.45272785931533,0.32075506405016824,16.833311804272576,-0.4020895572028637,28.25021361098205,-0.08730053535036258,0.5242275787292208,-2.7697e-07,11.645599627456956,7.7046e-09,0,1.0
201,0.05997249386899739,0.22765219037469817,-1.0696e-06,1.053781742958659,1.4533862399266007,46.71450500057751,0.04666375081316705,35.81113559032877,-0.02699790686773754,-61.833864567184015,0.32075506405016824,-8.32932795017417,-0.4020895572028637,-12.192207563303771,-0.08730053535036258,0.4395377520402963,-2.7697e-07,22.863897101788183,7.7046e-09,0,1.0
202,-3.3871867921938765,6.9509659372165,-1.0696e-06,1.053781742958659,1.4533862399266007,99.86589167023456,0.04666375081316705,54.95359234424324,-0.02699790686773754,-84.03936013298872,0.32075506405016824,-6.3595564531634,-0.4020895572028637,-63.574609544969235,-0.08730053535036258,12.276771780666099,-2.7697e-07,39.67229076178306,7.7046e-09,0,1.0
203,-0.12484826375837876,1.5536159904724383,-1.0696e-06,1.053781742958659,1.4533862399266007,71.01062858159499,0.04666375081316705,37.683445852700004,-0.02699790686773754,-30.456501658638505,0.32075506405016824,-31.265185163141332,-0.4020895572028637,-47.26799325511863,-0.08730053535036258,0.26217266721302934,-2.7697e-07,27.631511366716396,7.7046e-09,0,1.0
204,-1.5457949179175152,3.9468937109945514,-1.0696e-06,1.053781742958659,1.4533862399266007,98.60709843681538,0.04666375081316705,40.22177251535088,-0.02699790686773754,-0.5297859883918883,0.32075506405016824,-50.63825575923599,-0.4020895572028637,-89.69172688654196,-0.08730053535036258,0.33490565618430423,-2.7697e-07,32.41441848752623,7.7046e-09,0,1.0
205,-0.15826950483349123,1.4807984952131503,-1.0696e-06,1.053781742958659,1.4533862399266007,85.07612473138063,0.04666375081316705,51.12325567436767,-0.02699790686773754,-59.2489674141914,0.32075506405016824,-30.71322812591776,-0.4020895572028637,-46.58694192511459,-0.08730053535036258,0.2591562599091084,-2.7697e-07,35.51878819047228,7.7046e-09,0,1.0
206,-0.03358473066724876,0.9448964633926392,-1.0696e-06,1.053781742958659,1.4533862399266007,58.25680158019521,0.04666375081316705,32.95504505939217,-0.02699790686773754,-31.53512016965523,0.32075506405016824,-24.074351297557694,-0.4020895572028637,-35.77548676414341,-0.08730053535036258,0.2659185443458991,-2.7697e-07,23.354685085430013,7.7046e-09,0,1.0
207,-0.7908047309361361,2.293915675080573,-1.0696e-06,1.053781742958659,1.4533862399266007,74.13339577119169,0.04666375081316705,33.148507081996755,-0.02699790686773754,-10.955593710787474,0.32075506405016824,-36.22792029298327,-0.4020895572028637,-61.16053609805593,-0.08730053535036258,0.26723367409345933,-2.7697e-07,25.956657115128905,7.7046e-09,0,1.0
208,-1.0087036354148573,2.8682717848468773,-1.0696e-06,1.053781742958659,1.4533862399266007,99.51102015679656,0.04666375081316705,57.25389552151799,-0.02699790686773754,-68.93021782747351,0.32075506405016824,-30.094731306916316,-0.4020895572028637,-58.09386707659909,-0.08730053535036258,2.5709515445318694,-2.7697e-07,40.73645699157129,7.7046e-09,0,1.0
209,0.49438404727948715,0.7130965745449344,-1.0696e-06,1.053781742958659,1.4533862399266007,39.95587888155518,0.04666375081316705,42.51980820919323,-0.02699790686773754,-99.87956428388544,0.32075506405016824,8.24836395660829,-0.4020895572028637,11.068494265071235,-0.08730053535036258,3.2547636531335673,-2.7697e-07,25.144304975880715,7.7046e-09,0,1.0
210,-2.5373118062005364,6.157225451687053,-1.0696e-06,1.053781742958659,1.4533862399266007,63.39264216344329,0.04666375081316705,35.90633810459364,-0.02699790686773754,-61.00527070697805,0.32075506405016824,4.811636841849541,-0.4020895572028637,-40.94841431683794,-0.08730053535036258,13.58005293456687,-2.7697e-07,24.902705632393975,7.7046e-09,0,1.0
211,0.3138732412824585,0.39389906181104267,-1.0696e-06,1.053781742958659,1.4533862399266007,-0.4248877128134271,0.04666375081316705,6.3825675900047205,-0.02699790686773754,-26.52293246077371,0.32075506405016824,10.164854155290914,-0.4020895572028637,12.065752934115316,-0.08730053535036258,2.2847901831321056,-2.7697e-07,3.9055478467741005,7.7046e-09,0,1.0
212,-0.12764838828385905,0.5750044861741996,-1.0696e-06,1.053781742958659,1.4533862399266007,77.51859050119768,0.04666375081316705,55.89982559244711,-0.02699790686773754,-91.95519433486334,0.32075506405016824,-16.249012319179787,-0.4020895572028637,-25.310917372273913,-0.08730053535036258,0.32198369568404317,-2.7697e-07,36.67435246882724,7.7046e-09,0,1.0
213,3.2179841289927023,52.05676241326601,-1.0696e-06,1.053781742958659,1.4533862399266007,-82.47000255126272,0.04666375081316705,-30.01922138148638,-0.02699790686773754,-14.77149923371653,0.32075506405016824,40.318868104949225,-0.4020895572028637,90.9437977584116,-0.08730053535036258,-22.501517623588324,-2.7697e-07,-0.9369157145213727,7.7046e-09,1,1.0
214,-1.8454784249556404,3.9680327834342672,-1.0696e-06,1.053781742958659,1.4533862399266007,99.97488033723073,0.04666375081316705,56.78682170561526,-0.02699790686773754,-77.32737374297757,0.32075506405016824,-23.8257403657342,-0.4020895572028637,-56.75967849888188,-0.08730053535036258,2.147498637053353,-2.7697e-07,41.54504391677357,7.7046e-09,0,1.0
215,1.2321229629605592,1.8678564957935238,-1.0696e-06,1.053781742958659,1.4533862399266007,-23.89481642243373,0.04666375081316705,7.373973847801871,-0.02699790686773754,-75.77808476459755,0.32075506405016824,36.521159211340084,-0.4020895572028637,59.04061422249758,-0.08730053535036258,1.4145851481291185,-2.7697e-07,3.786212854129662,7.7046e-09,0,1.0
216,-0.1895955930237765,1.9359339282875747,-1.0696e-06,1.053781742958659,1.4533862399266007,37.65297578372211,0.04666375081316705,38.31607526475336,-0.02699790686773754,-89.51915780989093,0.32075506405016824,12.212031850732172,-0.4020895572028637,3.769216434353212,-0.08730053535036258,6.85818881365906,-2.7697e-07,22.147742004914626,7.7046e-09,0,1.0
217,0.3492363613644329,0.0007832241063466939,-1.0696e-06,1.053781742958659,1.4533862399266007,-0.39813362986568424,0.04666375081316705,12.680325039077422,-0.02699790686773754,-49.86868704816893,0.32075506405016824,15.372392399340056,-0.4020895572028637,23.31358845545613,-0.08730053535036258,0.8622907074083113,-2.7697e-07,6.249948912807509,7.7046e-09,0,1.0
218,0.019565875537532307,0.006699139660855398,-1.0696e-06,1.053781742958659,1.4533862399266007,12.882865014046926,0.04666375081316705,16.433088741986072,-0.02699790686773754,-45.396387892552646,0.32075506405016824,7.562117268503777,-0.4020895572028637,9.120505837847274,-0.08730053535036258,1.1426762260105772,-2.7697e-07,9.547706305349683,7.7046e-09,0,1.0
219,-0.007051554960106898,0.2744931017361976,-1.0696e-06,1.053781742958659,1.4533862399266007,50.92711336994142,0.04666375081316705,36.097016615429524,-0.02699790686773754,-59.70904993115222,0.32075506405016824,-10.854330349924739,-0.4020895572028637,-16.357851954802403,-0.08730053535036258,0.2852870188937917,-2.7697e-07,24.2149017002005,7.7046e-09,0,1.0
220,0.13013763148392776,0.04051216485280984,-1.0696e-06,1.053781742958659,1.4533862399266007,31.932439320922224,0.04666375081316705,31.866395624652654,-0.02699790686773754,-70.81694402427303,0.32075506405016824,2.8012452854445895,-0.4020895572028637,4.603334929383328,-0.08730053535036258,0.3846203288500494,-2.7697e-07,18.989697941306147,7.7046e-09,0,1.0
221,-1.995802719897747,4.389778332094998,-1.0696e-06,1.053781742958659,1.4533862399266007,31.422668873153906,0.04666375081316705,13.989692907426392,-0.02699790686773754,-19.160706378479865,0.32075506405016824,3.5298602898676306,-0.4020895572028637,-28.913737282418975,-0.08730053535036258,8.45231953544422,-2.7697e-07,10.2466571522805,7.7046e-09,0,1.0
222,-0.04725825678107398,0.8505967348124206,-1.0696e-06,1.053781742958659,1.4533862399266007,58.126041611810955,0.04666375081316705,34.54551132663575,-0.02699790686773754,-42.01494544059179,0.32075506405016824,-20.051781085280535,-0.4020895572028637,-30.56583211171035,-0.08730053535036258,0.45680589292109985,-2.7697e-07,24.70744227610523,7.7046e-09,0,1.0
223,0.017544496361569628,0.21389329766674703,-1.0696e-06,1.053781742958659,1.4533862399266007,59.65996950663982,0.04666375081316705,48.07020315941263,-0.02699790686773754,-88.07785199789534,0.32075506405016824,-7.843151461127874,-0.4020895572028637,-11.701684394503603,-0.08730053535036258,0.3288677688277417,-2.7697e-07,30.19119758310095,7.7046e-09,0,1.0
224,0.36480977277661175,0.46435200616293865,-1.0696e-06,1.053781742958659,1.4533862399266007,3.1096392275370732,0.04666375081316705,19.278075584033168,-0.02699790686773754,-76.78549995917851,0.32075506405016824,25.777811379007662,-0.4020895572028637,31.42315515408571,-0.08730053535036258,5.11817252542264,-2.7697e-07,10.189688049544817,7.7046e-09,0,1.0
225,0.5912328154278939,0.003791184965450388,-1.0696e-06,1.053781742958659,1.4533862399266007,-18.126863087867335,0.04666375081316705,12.667971417320752,-0.02699790686773754,-81.15534680823143,0.32075506405016824,36.97585065189753,-0.4020895572028637,52.26655892074974,-0.08730053535036258,0.5097451844307104,-2.7697e-07,6.884053918486763,7.7046e-09,0,1.0
226,0.04500881053031058,0.014133735047757258,-1.0696e-06,1.053781742958659,1.4533862399266007,45.741479143215116,0.04666375081316705,42.754779988481154,-0.02699790686773754,-93.71236272276106,0.32075506405016824,2.6979095230461043,-0.4020895572028637,3.0084069987388533,-0.08730053535036258,0.7745398911881392,-2.7697e-07,26.242834956030393,7.7046e-09,0,1.0
227,-1.3971936563234575,4.392033486636304,-1.0696e-06,1.053781742958659,1.4533862399266007,99.37053716410499,0.04666375081316705,44.95525061875093,-0.02699790686773754,-13.19227955179757,0.32075506405016824,-48.04252265787664,-0.4020895572028637,-84.90613625304265,-0.08730053535036258,0.8944797894521734,-2.7697e-07,33.74710703934713,7.7046e-09,0,1.0
228,2.0475840872233517,4.457373924597579,-1.0696e-06,1.053781742958659,1.4533862399266007,-33.49132594582456,0.04666375081316705,6.347684659481098,-0.02699790686773754,-84.99253301963324,0.32075506405016824,39.89610861482322,-0.4020895572028637,75.71642304375341,-0.08730053535036258,0.01813201934018882,-2.7697e-07,1.830998206217555,7.7046e-09,0,1.0
229,-0.20520409539362738,1.7449409256291302,-1.0696e-06,1.053781742958659,1.4533862399266007,82.5651509936588,0.04666375081316705,45.86120297544206,-0.02699790686773754,-44.04111251697886,0.32075506405016824,-33.51570072654441,-0.4020895572028637,-51.26664504370793,-0.08730053535036258,0.25426044616125054,-2.7697e-07,33.02565508407109,7.7046e-09,0,1.0
230,0.7007365453317655,0.0022133297006139046,-1.0696e-06,1.053781742958659,1.4533862399266007,-12.378575357012476,0.04666375081316705,16.029239638800302,-0.02699790686773754,-82.58480353114336,0.32075506405016824,32.14955361414325,-0.4020895572028637,48.93668729676946,-0.08730053535036258,0.694910058551645,-2.7697e-07,7.524120516421561,7.7046e-09,0,1.0
231,0.003038259237982288,0.07730770295202465,-1.0696e-06,1.053781742958659,1.4533862399266007,58.99366374765601,0.04666375081316705,48.12239004785555,-0.02699790686773754,-91.91405426260765,0.32075506405016824,-5.982727748207514,-0.4020895572028637,-9.071474714446191,-0.08730053535036258,0.26892699154062605,-2.7697e-07,30.508413127965653,7.7046e-09,0,1.0
232,1.0519261805998603,59.17862652486984,-1.0696e-06,1.053781742958659,1.4533862399266007,-94.25114218417349,0.04666375081316705,-35.48150814134912,-0.02699790686773754,-30.208379382371366,0.32075506405016824,62.361946092232074,-0.4020895572028637,99.93243178255895,-0.08730053535036258,-26.802596835496892,-2.7697e-07,0.24223252245830373,7.7046e-09,1,1.0
233,0.1517437912176023,0.22662291277167879,-1.0696e-06,1.053781742958659,1.4533862399266007,5.226093661548607,0.04666375081316705,10.541597868469376,-0.02699790686773754,-29.679769756590243,0.32075506405016824,6.480769437186153,-0.4020895572028637,8.190268288375055,-0.08730053535036258,1.0704174423137385,-2.7697e-07,5.497519116634356,7.7046e-09,0,1.0
234,-0.2732505773849425,2.0542180022396304,-1.0696e-06,1.053781742958659,1.4533862399266007,89.37900566607838,0.04666375081316705,48.85291061993438,-0.02699790686773754,-45.55612395724219,0.32075506405016824,-36.62387582097523,-0.4020895572028637,-56.5238270859997,-0.08730053535036258,0.2532587899598546,-2.7697e-07,35.53119160867392,7.7046e-09,0,1.0
235,-0.10769654127641815,1.5375292579463318,-1.0696e-06,1.053781742958659,1.4533862399266007,94.18494400932381,0.04666375081316705,58.67567640056454,-0.02699790686773754,-74.15432708364605,0.32075506405016824,-31.572814970512603,-0.4020895572028637,-47.39627498277105,-0.08730053535036258,0.29155386141510675,-2.7697e-07,40.382357570081794,7.7046e-09,0,1.0
236,-0.049330283129170205,0.1004630267244864,-1.0696e-06,1.053781742958659,1.4533862399266007,8.0771518031312,0.04666375081316705,6.541771533115319,-0.02699790686773754,-13.144267478375516,0.32075506405016824,-0.14161215444089326,-0.4020895572028637,-1.2502244005347563,-0.08730053535036258,0.33269698158585714,-2.7697e-07,4.176376414757603,7.7046e-09,0,1.0
237,1.7252432805766282,4.492210071548628,-1.0696e-06,1.053781742958659,1.4533862399266007,-22.938956136408965,0.04666375081316705,0.5755008661932136,-0.02699790686773754,-43.194927266571085,0.32075506405016824,21.772509033422065,-0.4020895572028637,46.553833318311916,-0.08730053535036258,-0.7829243451536751,-2.7697e-07,0.9217689266289331,7.7046e-09,1,1.0
238,0.007767610543254477,0.9325800872891993,-1.0696e-06,1.053781742958659,1.4533862399266007,58.08160734054256,0.04666375081316705,33.87770287092106,-0.02699790686773754,-34.21272793780247,0.32075506405016824,-23.446838131629846,-0.4020895572028637,-34.44137790025206,-0.08730053535036258,0.2977749864198369,-2.7697e-07,23.552323606013566,7.7046e-09,0,1.0
239,-6.134190626560343,12.625927401936837,-1.0696e-06,1.053781742958659,1.4533862399266007,30.269288993691813,0.04666375081316705,-4.304682853468919,-0.02699790686773754,-0.022100394814523305,0.32075506405016824,36.304732352179855,-0.4020895572028637,-57.88305391346138,-0.08730053535036258,1.5482894542657402,-2.7697e-07,30.38356375448074,7.7046e-09,0,1.0
240,-2.940304345819211,8.61329832225732,-1.0696e-06,1.053781742958659,1.4533862399266007,99.71193315629411,0.04666375081316705,53.22261306226094,-0.02699790686773754,-72.58931794506638,0.32075506405016824,-9.271784524409913,-0.4020895572028637,-68.77231139205229,-0.08730053535036258,15.467185420663803,-2.7697e-07,38.17926081234625,7.7046e-09,0,1.0
241,-0.3409581119635874,1.943617476177784,-1.0696e-06,1.053781742958659,1.4533862399266007,86.09844389667497,0.04666375081316705,46.713117351207664,-0.02699790686773754,-43.260711653240406,0.32075506405016824,-35.0873503045291,-0.4020895572028637,-54.98471759498565,-0.08730053535036258,0.2651504841296273,-2.7697e-07,34.104297035381336,7.7046e-09,0,1.0
242,-0.8566023521046121,1.835199421470482,-1.0696e-06,1.053781742958659,1.4533862399266007,8.76253386749379,0.04666375081316705,0.9508889021169592,-0.02699790686773754,-0.9026161949495386,0.32075506405016824,1.9890429320233234,-0.4020895572028637,-10.56975028913843,-0.08730053535036258,1.1575306530590694,-2.7697e-07,4.032849860476129,7.7046e-09,0,1.0
243,0.12127901581872402,0.3280837556284456,-1.0696e-06,1.053781742958659,1.4533862399266007,-27.242447504360445,0.04666375081316705,10.24542215198566,-0.02699790686773754,-99.0256159543637,0.32075506405016824,56.20231169269328,-0.4020895572028637,64.52982555391324,-0.08730053535036258,0.45429262534551373,-2.7697e-07,11.464961907365552,7.7046e-09,0,1.0
244,-0.04158094814232882,0.2929792188316644,-1.0696e-06,1.053781742958659,1.4533862399266007,41.51774183635004,0.04666375081316705,32.86947507730265,-0.02699790686773754,-62.86949212834438,0.32075506405016824,-3.1372365345042943,-0.4020895572028637,-7.779009292484572,-0.08730053535036258,1.6602499693053918,-2.7697e-07,21.122932931669737,7.7046e-09,0,1.0
245,0.6721050128396975,0.0006670298541574269,-1.0696e-06,1.053781742958659,1.4533862399266007,12.12275330333143,0.04666375081316705,30.714350975117206,-0.02699790686773754,-98.33599766271344,0.32075506405016824,21.499797299577665,-0.4020895572028637,35.53839994469645,-0.08730053535036258,0.8256332903924397,-2.7697e-07,16.25569060965266,7.7046e-09,0,1.0
246,-0.054770586408412925,0.215633114443962,-1.0696e-06,1.053781742958659,1.4533862399266007,28.89234799430637,0.04666375081316705,18.676912280017557,-0.02699790686773754,-26.335705535655208,0.32075506405016824,-8.251212845326673,-0.4020895572028637,-12.989101054465154,-0.08730053535036258,0.26790940829638377,-2.7697e-07,12.791209919982737,7.7046e-09,0,1.0
247,2.4685377513231455,24.512806840866062,-1.0696e-06,1.053781742958659,1.4533862399266007,-50.27151263600361,0.04666375081316705,-12.473774779355777,-0.02699790686773754,-28.114219533598497,0.32075506405016824,28.764158781047335,-0.4020895572028637,65.35437655882102,-0.08730053535036258,-11.341516587360527,-2.7697e-07,0.21300999762707118,7.7046e-09,1,1.0
248,3.3446001015037092,15.571820158715814,-1.0696e-06,1.053781742958659,1.4533862399266007,-40.81322491157676,0.04666375081316705,-2.047566951595285,-0.02699790686773754,-48.97566323580216,0.32075506405016824,25.29268837854719,-0.4020895572028637,70.44380284631328,-0.08730053535036258,-4.973137234416347,-2.7697e-07,-0.5400286110028181,7.7046e-09,1,1.0
249,-1.0318135580612182,2.968438609582702,-1.0696e-06,1.053781742958659,1.4533862399266007,94.8234695473151,0.04666375081316705,43.695932327753205,-0.02699790686773754,-20.67968082735023,0.32075506405016824,-44.10210544130807,-0.4020895572028637,-75.0798405324452,-0.08730053535036258,0.2571455017280364,-2.7697e-07,34.02868210369792,7.7046e-09,0,1.0
250,-0.21091544847828736,0.9494239161129804,-1.0696e-06,1.053781742958659,1.4533862399266007,66.50378696708184,0.04666375081316705,42.44858879719584,-0.02699790686773754,-55.235981219943774,0.32075506405016824,-21.073972793126156,-0.4020895572028637,-32.99803208836374,-0.08730053535036258,0.2639511849017868,-2.7697e-07,28.57008799282704,7.7046e-09,0,1.0
251,0.581426389340379,0.00441189941949535,-1.0696e-06,1.053781742958659,1.4533862399266007,-14.473036152085127,0.04666375081316705,16.834232628718926,-0.02699790686773754,-90.74896313663425,0.32075506405016824,37.43923337544916,-0.4020895572028637,53.44759290633833,-0.08730053535036258,1.1304372802778295,-2.7697e-07,8.24514245426103,7.7046e-09,0,1.0
252,-0.257839421998165,1.249672254721912,-1.0696e-06,1.053781742958659,1.4533862399266007,1.6817211146091906,0.04666375081316705,24.860670212173314,-0.02699790686773754,-99.98378268985012,0.32075506405016824,38.95188051721447,-0.4020895572028637,37.9750563322798,-0.08730053535036258,6.083941743044913,-2.7697e-07,13.910420497879361,7.7046e-09,0,1.0
253,7.693222290076662,52.22009773618748,-1.0696e-06,1.053781742958659,1.4533862399266007,-28.34130541155221,0.04666375081316705,6.133935827175876,-0.02699790686773754,-1.6073640273180776,0.32075506405016824,-36.95586177420047,-0.4020895572028637,60.52826850282404,-0.08730053535036258,-23.531577469645462,-2.7697e-07,0.10368531449687879,7.7046e-09,1,1.0
254,0.5381766909285908,0.014170354727456827,-1.0696e-06,1.053781742958659,1.4533862399266007,-24.7752562916742,0.04666375081316705,13.991877509445898,-0.02699790686773754,-99.9764537120063,0.32075506405016824,49.19365080175977,-0.4020895572028637,65.1802061587694,-0.08730053535036258,0.3483519267868411,-2.7697e-07,9.1491119081984,7.7046e-09,0,1.0
255,-9.036128344271338,18.165410045990253,-1.0696e-06,1.053781742958659,1.4533862399266007,97.21992956502316,0.04666375081316705,31.7164120660039,-0.02699790686773754,-62.850962717226,0.32075506405016824,37.882666407700924,-0.4020895572028637,-99.31530451031422,-0.08730053535036258,25.39119558653811,-2.7697e-07,42.347809133598766,7.7046e-09,0,1.0
256,7.662005316409779,44.02298941576367,-1.0696e-06,1.053781742958659,1.4533862399266007,-14.944961059720946,0.04666375081316705,33.8432500338257,-0.02699790686773754,-99.979348806846,0.32075506405016824,9.59293806221082,-0.4020895572028637,81.25047963790732,-0.08730053535036258,0.45750628500049384,-2.7697e-07,16.063246451109666,7.7046e-09,0,1.0
257,-0.08724912233367088,0.5667363369229522,-1.0696e-06,1.053781742958659,1.4533862399266007,-6.016621619903529,0.04666375081316705,4.758345783111827,-0.02699790686773754,-34.447034260536135,0.32075506405016824,20.35393669638345,-0.4020895572028637,17.770792901740933,-0.08730053535036258,0.9311681790039623,-2.7697e-07,6.632066270539634,7.7046e-09,0,1.0
258,0.19827696843776232,0.004927555086866509,-1.0696e-06,1.053781742958659,1.4533862399266007,-4.563422690839309,0.04666375081316705,5.898337630851325,-0.02699790686773754,-30.995749866534446,0.32075506405016824,12.33924527546049,-0.4020895572028637,18.07686530212198,-0.08730053535036258,0.31271758117225557,-2.7697e-07,2.777681584861903,7.7046e-09,0,1.0
259,-0.6735014558964281,1.7150438549888138,-1.0696e-06,1.053781742958659,1.4533862399266007,47.369740933082305,0.04666375081316705,23.3384059603044,-0.02699790686773754,-23.16655547138105,0.32075506405016824,-16.065475938291282,-0.4020895572028637,-31.84016427657995,-0.08730053535036258,0.7434319861382797,-2.7697e-07,18.67930098189241,7.7046e-09,0,1.0
260,-0.18958868603484547,1.106097950661272,-1.0696e-06,1.053781742958659,1.4533862399266007,55.85772167436362,0.04666375081316705,29.256603883764708,-0.02699790686773754,-22.10105689382225,0.32075506405016824,-24.857963639990984,-0.4020895572028637,-38.50015951147545,-0.08730053535036258,0.2662595868245816,-2.7697e-07,21.36704534815199,7.7046e-09,0,1.0
261,0.022259781047220706,0.045703445459966796,-1.0696e-06,1.053781742958659,1.4533862399266007,18.185645766744173,0.04666375081316705,14.4249280615414,-0.02699790686773754,-25.8801904104361,0.32075506405016824,-2.536761035475271,-0.4020895572028637,-4.056794328137237,-0.08730053535036258,0.3607027995179939,-2.7697e-07,9.076377082219423,7.7046e-09,0,1.0
262,-0.10565878771382486,1.5994158370045581,-1.0696e-06,1.053781742958659,1.4533862399266007,70.46749408147221,0.04666375081316705,38.78537546141277,-0.02699790686773754,-32.22448806523132,0.32075506405016824,-30.992258047998597,-0.4020895572028637,-46.42216989823254,-0.08730053535036258,0.2533341071808035,-2.7697e-07,27.39936065299507,7.7046e-09,0,1.0
263,-4.1272613266842875,8.763384399941371,-1.0696e-06,1.053781742958659,1.4533862399266007,99.98670785244063,0.04666375081316705,49.36000778663652,-0.02699790686773754,-72.46121975510789,0.32075506405016824,-2.2883251977036685,-0.4020895572028637,-72.83180662644192,-0.08730053535036258,16.43464598459601,-2.7697e-07,37.88973808325253,7.7046e-09,0,1.0
264,0.09064526576316112,2.4877152697858986,-1.0696e-06,1.053781742958659,1.4533862399266007,59.391964020890626,0.04666375081316705,28.612691102958237,-0.02699790686773754,-19.015853564938386,0.32075506405016824,-27.047850261122694,-0.4020895572028637,-41.38968315273221,-0.08730053535036258,1.2340701777473946,-2.7697e-07,23.054148264297798,7.7046e-09,0,1.0
265,0.17850885805433414,0.365272614091879,-1.0696e-06,1.053781742958659,1.4533862399266007,37.51355545661179,0.04666375081316705,28.357667858479193,-0.02699790686773754,-45.74231962919072,0.32075506405016824,-8.588430288107572,-0.4020895572028637,-11.309771788353597,-0.08730053535036258,0.38001609993925634,-2.7697e-07,17.96318062218524,7.7046e-09,0,1.0
266,-6.6320475954163465,13.564942944802256,-1.0696e-06,1.053781742958659,1.4533862399266007,75.34959310036211,0.04666375081316705,13.522959530017824,-0.02699790686773754,-0.13293745074380547,0.32075506405016824,9.921256035582351,-0.4020895572028637,-96.05622427141454,-0.08730053535036258,13.927619170956467,-2.7697e-07,30.48349097655221,7.7046e-09,0,1.0
267,0.1265513740862474,0.002705036039483453,-1.0696e-06,1.053781742958659,1.4533862399266007,-10.344219255940786,0.04666375081316705,12.176216974672508,-0.02699790686773754,-68.9144941849614,0.32075506405016824,30.804804303904678,-0.4020895572028637,38.39672397314998,-0.08730053535036258,1.7517838114250397,-2.7697e-07,6.676776591562368,7.7046e-09,0,1.0
268,-0.022071178417843562,0.8614589287120828,-1.0696e-06,1.053781742958659,1.4533862399266007,40.48108915119363,0.04666375081316705,19.29114282822851,-0.02699790686773754,-10.749731303816962,0.32075506405016824,-19.289478352465885,-0.4020895572028637,-29.6233967646421,-0.08730053535036258,0.5702965322548108,-2.7697e-07,15.249632616259621,7.7046e-09,0,1.0
269,-0.08690160359786958,1.6688602935367671,-1.0696e-06,1.053781742958659,1.4533862399266007,97.98226813513675,0.04666375081316705,60.546002207157976,-0.02699790686773754,-76.2959361911362,0.32075506405016824,-33.06621691140098,-0.4020895572028637,-49.39002269254096,-0.08730053535036258,0.2628020844376664,-2.7697e-07,42.03402032420931,7.7046e-09,0,1.0
270,-0.5193726259172351,2.1577039150227364,-1.0696e-06,1.053781742958659,1.4533862399266007,67.45395404506564,0.04666375081316705,28.495279157344374,-0.02699790686773754,-1.9314361901446817,0.32075506405016824,-36.21960166175711,-0.4020895572028637,-58.567330227901266,-0.08730053535036258,0.25627287050503256,-2.7697e-07,22.941827291882017,7.7046e-09,0,1.0
271,-0.1631822065800712,0.8835529933313877,-1.0696e-06,1.053781742958659,1.4533862399266007,86.55186429399131,0.04666375081316705,58.936648892171185,-0.02699790686773754,-90.58413464632191,0.32075506405016824,-21.593827494149004,-0.4020895572028637,-33.46407631496594,-0.08730053535036258,0.3014794680988224,-2.7697e-07,39.67748029460731,7.7046e-09,0,1.0
272,0.25276450498563463,0.0010558223525158749,-1.0696e-06,1.053781742958659,1.4533862399266007,33.311009658635896,0.04666375081316705,38.0229713128347,-0.02699790686773754,-93.69902013030016,0.32075506405016824,8.656776175513425,-0.4020895572028637,14.339182553948367,-0.08730053535036258,0.30577251139882833,-2.7697e-07,22.288037775022545,7.7046e-09,0,1.0
273,0.9452396438393404,8.677614168083519,-1.0696e-06,1.053781742958659,1.4533862399266007,-14.08336029431108,0.04666375081316705,-5.99543492175627,-0.02699790686773754,-0.04005718388263098,0.32075506405016824,5.229958369483344,-0.4020895572028637,16.200627715423796,-0.08730053535036258,-3.733599246606632,-2.7697e-07,0.3527156545963468,7.7046e-09,1,1.0
274,-0.006328248478485676,0.6866314861483558,-1.0696e-06,1.053781742958659,1.4533862399266007,59.301516184781185,0.04666375081316705,36.31238993991817,-0.02699790686773754,-45.312421768147296,0.32075506405016824,-20.286402041385642,-0.4020895572028637,-30.048820739625526,-0.08730053535036258,0.2526930498551039,-2.7697e-07,25.428620300555146,7.7046e-09,0,1.0
275,-0.484462780104554,2.5821550994487623,-1.0696e-06,1.053781742958659,1.4533862399266007,95.3362121799349,0.04666375081316705,49.25636443860835,-0.02699790686773754,-36.91645630670194,0.32075506405016824,-42.0301495114208,-0.4020895572028637,-66.44094473742047,-0.08730053535036258,0.25902957126271176,-2.7697e-07,36.3278205796712,7.7046e-09,0,1.0
276,-6.504644661655243,13.056791335755966,-1.0696e-06,1.053781742958659,1.4533862399266007,99.96979135990885,0.04666375081316705,43.825447790843334,-0.02699790686773754,-77.1924228589768,0.32075506405016824,17.899465540824025,-0.4020895572028637,-81.8656700630172,-0.08730053535036258,23.6365953645122,-2.7697e-07,37.29094045212396,7.7046e-09,0,1.0
277,-6.491057809407501,13.410866143429939,-1.0696e-06,1.053781742958659,1.4533862399266007,99.97445158507118,0.04666375081316705,39.759672464209295,-0.02699790686773754,-60.44081744542105,0.32075506405016824,14.12339016928642,-0.4020895572028637,-90.23741124293589,-0.08730053535036258,24.291750963402464,-2.7697e-07,36.27478946031896,7.7046e-09,0,1.0
278,-0.11975466764182308,0.8000949086297111,-1.0696e-06,1.053781742958659,1.4533862399266007,38.893257715795954,0.04666375081316705,40.49790791553373,-0.02699790686773754,-99.8606940638883,0.32075506405016824,13.856445586419477,-0.4020895572028637,8.83424418925977,-0.08730053535036258,5.83452660843899,-2.7697e-07,23.98195535770131,7.7046e-09,0,1.0
279,0.15175151455132152,0.0002349734013252605,-1.0696e-06,1.053781742958659,1.4533862399266007,-5.815902941760767,0.04666375081316705,15.516639408832201,-0.02699790686773754,-74.54516410290819,0.32075506405016824,29.79120044314084,-0.4020895572028637,37.194543769778385,-0.08730053535036258,2.7456040760426146,-2.7697e-07,7.8837249188030185,7.7046e-09,0,1.0
280,0.0756013003413809,0.16066321064253067,-1.0696e-06,1.053781742958659,1.4533862399266007,38.83044289062374,0.04666375081316705,30.216288451637375,-0.02699790686773754,-55.55142757567698,0.32075506405016824,-5.2646117837584585,-0.4020895572028637,-7.905497019403241,-0.08730053535036258,0.5859810825289546,-2.7697e-07,19.60289618837073,7.7046e-09,0,1.0
281,2.4999752367829506,26.422782971204846,-1.0696e-06,1.053781742958659,1.4533862399266007,-56.45557970277917,0.04666375081316705,-13.141541642486558,-0.02699790686773754,-41.45433879603424,0.32075506405016824,37.05418703754563,-0.4020895572028637,77.53493972711912,-0.08730053535036258,-11.51014698834783,-2.7697e-07,0.13198945730407097,7.7046e-09,1,1.0
282,-0.08689881692998114,1.6618243926843932,-1.0696e-06,1.053781742958659,1.4533862399266007,97.4562134416548,0.04666375081316705,61.25433903805037,-0.02699790686773754,-78.09855207872494,0.32075506405016824,-32.3677335021986,-0.4020895572028637,-48.47482320127562,-0.08730053535036258,0.3884165286056884,-2.7697e-07,41.906229909260105,7.7046e-09,0,1.0
283,0.25398666917652957,0.16075543189122415,-1.0696e-06,1.053781742958659,1.4533862399266007,2.6344323532032607,0.04666375081316705,3.8192384312349246,-0.02699790686773754,-7.910982900719811,0.32075506405016824,0.34596864714966613,-0.4020895572028637,1.6417475378984676,-0.08730053535036258,0.6054790574281812,-2.7697e-07,2.0555878574540563,7.7046e-09,0,1.0
284,-0.16791826091677678,1.6938385589538223,-1.0696e-06,1.053781742958659,1.4533862399266007,-8.941068161964006,0.04666375081316705,-0.34385451816304,-0.02699790686773754,-21.269270449419455,0.32075506405016824,13.738709711405905,-0.4020895572028637,17.155986364460823,-0.08730053535036258,-0.5707754103658637,-2.7697e-07,0.6356694071048835,7.7046e-09,1,1.0
285,-0.021311421747402193,0.9998279294775091,-1.0696e-06,1.053781742958659,1.4533862399266007,84.5859158160935,0.04666375081316705,55.15727938124211,-0.02699790686773754,-77.33665766871258,0.32075506405016824,-25.204870232782678,-0.4020895572028637,-37.27804307362577,-0.08730053535036258,0.2588407557112369,-2.7697e-07,37.6259271481853,7.7046e-09,0,1.0
286,0.021820762255471138,0.4761925034318664,-1.0696e-06,1.053781742958659,1.4533862399266007,40.51694060872404,0.04666375081316705,24.616733501906765,-0.02699790686773754,-27.002845781457104,0.32075506405016824,-15.49961531363337,-0.4020895572028637,-22.69710308052927,-0.08730053535036258,0.27787725920367556,-2.7697e-07,16.741122622123235,7.7046e-09,0,1.0
287,0.16052976600554025,0.0028865208990335087,-1.0696e-06,1.053781742958659,1.4533862399266007,-4.898473770762688,0.04666375081316705,6.960120724444241,-0.02699790686773754,-36.92264293725389,0.32075506405016824,15.62468357839205,-0.4020895572028637,20.41809179084384,-0.08730053535036258,1.0667599885625512,-2.7697e-07,3.6382689029900765,7.7046e-09,0,1.0
288,0.02539303985948571,0.20189906930773632,-1.0696e-06,1.053781742958659,1.4533862399266007,51.37781605115062,0.04666375081316705,39.77146377763065,-0.02699790686773754,-70.20870626677088,0.32075506405016824,-8.274559011083083,-0.4020895572028637,-12.50524782754645,-0.08730053535036258,0.47235240272277146,-2.7697e-07,25.380639312015212,7.7046e-09,0,1.0
289,-2.7406283369235407,6.02982040112301,-1.0696e-06,1.053781742958659,1.4533862399266007,23.566726430918447,0.04666375081316705,1.1357491958567223,-0.02699790686773754,-1.254849097225789,0.32075506405016824,11.730222633382061,-0.4020895572028637,-33.03030869849358,-0.08730053535036258,3.5903151159392728,-2.7697e-07,14.823552693010573,7.7046e-09,0,1.0
290,0.6685868575196441,0.0011670165803862535,-1.0696e-06,1.053781742958659,1.4533862399266007,13.221818709737567,0.04666375081316705,31.410788820345235,-0.02699790686773754,-99.1979959111592,0.32075506405016824,20.859743851836246,-0.4020895572028637,35.12518310340924,-0.08730053535036258,0.5404446746240055,-2.7697e-07,16.72593045798442,7.7046e-09,0,1.0
291,3.0912563678571248,17.357647033695756,-1.0696e-06,1.053781742958659,1.4533862399266007,-48.74887628570077,0.04666375081316705,-0.8063422878744957,-0.02699790686773754,-61.84608600194637,0.32075506405016824,33.39575391666053,-0.4020895572028637,81.29192422706889,-0.08730053535036258,-8.199126023692884,-2.7697e-07,0.12462879773038082,7.7046e-09,1,1.0
292,4.599909982935062,26.208569433355304,-1.0696e-06,1.053781742958659,1.4533862399266007,-34.33982441400667,0.04666375081316705,6.054533883501229,-0.02699790686773754,-39.840633785083526,0.32075506405016824,3.0289312682463514,-0.4020895572028637,66.4898536138067,-0.08730053535036258,-12.08981617940946,-2.7697e-07,-0.27998469932332615,7.7046e-09,1,1.0
293,0.06466869806022757,0.43736186627850404,-1.0696e-06,1.053781742958659,1.4533862399266007,78.06588693164309,0.04666375081316705,58.13927445537676,-0.02699790686773754,-99.40958638439645,0.32075506405016824,-15.03686797846561,-0.4020895572028637,-21.6226066215957,-0.08730053535036258,0.27632891295339235,-2.7697e-07,37.92822172699955,7.7046e-09,0,1.0
294,-5.948321549973237,11.98188630454042,-1.0696e-06,1.053781742958659,1.4533862399266007,7.890979134078745,0.04666375081316705,-0.8905375403092797,-0.02699790686773754,-54.73087528463363,0.32075506405016824,68.78383428587665,-0.4020895572028637,-14.822143707424683,-0.08730053535036258,0.5464233158597906,-2.7697e-07,33.3324076694072,7.7046e-09,0,1.0
295,0.4337894823774513,0.0016676172038095948,-1.0696e-06,1.053781742958659,1.4533862399266007,-11.232914129349203,0.04666375081316705,10.249202698866736,-0.02699790686773754,-59.10091974622525,0.32075506405016824,25.16558955019353,-0.4020895572028637,36.59469418718307,-0.08730053535036258,0.43117439641695254,-2.7697e-07,5.056513152666618,7.7046e-09,0,1.0
296,0.016467668915799205,0.04749266251924327,-1.0696e-06,1.053781742958659,1.4533862399266007,9.375129647458065,0.04666375081316705,6.957305923342717,-0.02699790686773754,-11.933118295129406,0.32075506405016824,-1.2744965969190507,-0.4020895572028637,-2.8674650144820863,-0.08730053535036258,0.6966223089045025,-2.7697e-07,4.481274755525441,7.7046e-09,0,1.0
297,0.23402916859053136,0.000893800937281062,-1.0696e-06,1.053781742958659,1.4533862399266007,34.02317710931078,0.04666375081316705,37.4441819930893,-0.02699790686773754,-90.50542817359732,0.32075506405016824,7.477601296623879,-0.4020895572028637,12.205592039884033,-0.08730053535036258,0.46565772597762844,-2.7697e-07,22.121825274806355,7.7046e-09,0,1.0
298,0.03104855483895852,0.0026613707393159953,-1.0696e-06,1.053781742958659,1.4533862399266007,2.5399386442266536,0.04666375081316705,9.226040136604318,-0.02699790686773754,-33.99577208686677,0.32075506405016824,10.245353513610786,-0.4020895572028637,12.695233551947299,-0.08730053535036258,1.2573924358407575,-2.7697e-07,4.837283426784388,7.7046e-09,0,1.0
299,7.121585545805348,42.009362012254826,-1.0696e-06,1.053781742958659,1.4533862399266007,-48.09444381708711,0.04666375081316705,3.3121289468629738,-0.02699790686773754,-45.075991536444995,0.32075506405016824,0.7208242375183351,-0.4020895572028637,92.46708327038075,-0.08730053535036258,-13.910414860375266,-2.7697e-07,-2.3281523258342247,7.7046e-09,1,1.0
300,0.32178349376576887,0.011159127381903146,-1.0696e-06,1.1211449964209517,4.787338469101568,-69.75675739538814,0.04666375081316705,16.92470537624568,-0.02699790686773754,-99.8426966953475,0.32075506405016824,28.21978377294337,-0.4020895572028637,83.47720159117844,-0.08730053535036258,-0.05939297703425694,-2.7697e-07,0.05946900032552412,7.7046e-09,1,1.0
301,0.4457688306949289,0.12056972345621011,-1.0696e-06,1.1211449964209517,4.787338469101568,99.97684711627876,0.04666375081316705,60.36952240482844,-0.02699790686773754,-70.22401147531617,0.32075506405016824,52.32696370575559,-0.4020895572028637,-23.545085327561026,-0.08730053535036258,0.33100183684679724,-2.7697e-07,1.028654309846091,7.7046e-09,0,1.0
302,0.028194009380888216,0.00010839801041928585,-1.0696e-06,1.1211449964209517,4.787338469101568,-4.543759049894942,0.04666375081316705,1.1811907986047419,-0.02699790686773754,-4.491599597585858,0.32075506405016824,-6.133746279575332,-0.4020895572028637,5.611070632045163,-0.08730053535036258,-0.0051220855694335266,-2.7697e-07,0.005104174686359871,7.7046e-09,1,1.0
303,0.4513927921790062,0.019367786991626182,-1.0696e-06,1.1211449964209517,4.787338469101568,-71.16600564054491,0.04666375081316705,17.752713268870004,-0.02699790686773754,-67.23358933661449,0.32075506405016824,-96.56772434879548,-0.4020895572028637,87.35171354020714,-0.08730053535036258,-0.07394600307897997,-2.7697e-07,0.07392115509121844,7.7046e-09,1,1.0
304,0.3716883778871731,0.11396651167210547,-1.0696e-06,1.1211449964209517,4.787338469101568,99.92716120671909,0.04666375081316705,45.6865972967775,-0.02699790686773754,-50.06685913167196,0.32075506405016824,94.7228356573658,-0.4020895572028637,-33.53102204332482,-0.08730053535036258,0.34340894314211556,-2.7697e-07,0.9194428599389352,7.7046e-09,0,1.0
305,0.3716591540975269,0.12092963078603444,-1.0696e-06,1.1211449964209517,4.787338469101568,99.99191578404812,0.04666375081316705,41.93790075052357,-0.02699790686773754,-26.296637844714294,0.32075506405016824,81.95558962051327,-0.4020895572028637,-41.73921290448029,-0.08730053535036258,0.3583723762096611,-2.7697e-07,0.8264991780515671,7.7046e-09,0,1.0
306,0.03537415156770228,0.0021923959834630143,-1.0696e-06,1.1211449964209517,4.787338469101568,-13.528564456649898,0.04666375081316705,1.8168067732012312,-0.02699790686773754,-25.16772007565496,0.32075506405016824,18.70155801172605,-0.4020895572028637,17.020988369272093,-0.08730053535036258,-0.014762903241010818,-2.7697e-07,0.01653806810563848,7.7046e-09,1,1.0
307,0.13990593363618997,0.0021927907584715035,-1.0696e-06,1.1211449964209517,4.787338469101568,-31.15100430208698,0.04666375081316705,7.753723413482345,-0.02699790686773754,-45.8907985946767,0.32075506405016824,16.735372966788425,-0.4020895572028637,37.1840052272646,-0.08730053535036258,-0.027201520036342585,-2.7697e-07,0.027190992601412115,7.7046e-09,1,1.0
308,0.2762862371880089,0.007044804152892892,-1.0696e-06,1.1211449964209517,4.787338469101568,-44.0339076179175,0.04666375081316705,11.959117600729153,-0.02699790686773754,-43.846880401000625,0.32075506405016824,-50.797993954042894,-0.4020895572028637,53.5419821337097,-0.08730053535036258,-0.04641809090164864,-2.7697e-07,0.04643329082861215,7.7046e-09,1,1.0
309,0.08087984654561339,0.0012884540803524667,-1.0696e-06,1.1211449964209517,4.787338469101568,-28.453164574711682,0.04666375081316705,6.644539142050396,-0.02699790686773754,-54.46382507991336,0.32075506405016824,55.72805924378334,-0.4020895572028637,33.69437794758924,-0.08730053535036258,-0.0221509325691971,-2.7697e-07,0.022148464303731626,7.7046e-09,1,1.0
310,0.10850616254174204,0.0017793311787023974,-1.0696e-06,1.1211449964209517,4.787338469101568,-29.127248612822434,0.04666375081316705,6.970537465370304,-0.02699790686773754,-48.67724154161027,0.32075506405016824,31.523198821684474,-0.4020895572028637,34.92178432174509,-0.08730053535036258,-0.02448167709217284,-2.7697e-07,0.024654657520235983,7.7046e-09,1,1.0
311,0.027272376207311926,0.0004992271172966118,-1.0696e-06,1.1211449964209517,4.787338469101568,-18.656835281203897,0.04666375081316705,4.024438732506716,-0.02699790686773754,-42.768597111820434,0.32075506405016824,63.637152084986454,-0.4020895572028637,21.581885797140984,-0.08730053535036258,-0.013078606356442734,-2.7697e-07,0.013212380981333522,7.7046e-09,1,1.0
312,0.17244908418473115,0.005660040375936725,-1.0696e-06,1.1211449964209517,4.787338469101568,-51.986498470871105,0.04666375081316705,13.448807243927115,-0.02699790686773754,-93.66383500145872,0.32075506405016824,70.66074687644954,-0.4020895572028637,62.48325458088092,-0.08730053535036258,-0.0489299579017504,-2.7697e-07,0.049024327928013596,7.7046e-09,1,1.0
313,0.08530704857646781,0.0020863874412714012,-1.0696e-06,1.1211449964209517,4.787338469101568,-37.95071835291848,0.04666375081316705,8.271958457925164,-0.02699790686773754,-78.28287408896756,0.32075506405016824,94.0664083527761,-0.4020895572028637,44.79733408171192,-0.08730053535036258,-0.026316642199558548,-2.7697e-07,0.026377207740600237,7.7046e-09,1,1.0
314,0.1295039649287023,0.0027084890223263644,-1.0696e-06,1.1211449964209517,4.787338469101568,-35.844742167861554,0.04666375081316705,8.471167626596268,-0.02699790686773754,-60.8501089676033,0.32075506405016824,43.1278235838699,-0.4020895572028637,42.8398299989768,-0.08730053535036258,-0.029484925824955325,-2.7697e-07,0.029306547607979416,7.7046e-09,1,1.0
315,0.3071905897979703,0.010590655028762655,-1.0696e-06,1.1211449964209517,4.787338469101568,-61.694199700833146,0.04666375081316705,16.525153814128075,-0.02699790686773754,-83.40364083716821,0.32075506405016824,-2.209407913594625,-0.4020895572028637,74.55960341020666,-0.08730053535036258,-0.06205688023832493,-2.7697e-07,0.0621632688912036,7.7046e-09,1,1.0
316,0.3021533835966265,0.008138044380687057,-1.0696e-06,1.1211449964209517,4.787338469101568,-49.42833550202607,0.04666375081316705,10.8231413169907,-0.02699790686773754,-48.97254095773847,0.32075506405016824,-42.91411183949915,-0.4020895572028637,59.54374364412479,-0.08730053535036258,-0.038647639538238646,-2.7697e-07,0.039085647794435505,7.7046e-09,1,1.0
317,0.1273178124257533,0.0014609053170328158,-1.0696e-06,1.1211449964209517,4.787338469101568,-18.17500605997854,0.04666375081316705,3.550133821200529,-0.02699790686773754,-13.12805929812032,0.32075506405016824,-27.84590520543966,-0.4020895572028637,21.846953513544108,-0.08730053535036258,-0.012362503929675386,-2.7697e-07,0.012587735751403702,7.7046e-09,1,1.0
318,0.09352091642005118,0.0009488872534873396,-1.0696e-06,1.1211449964209517,4.787338469101568,-9.745884443938163,0.04666375081316705,2.8372728005255676,-0.02699790686773754,-0.5396499585810857,0.32075506405016824,-47.403727268420106,-0.4020895572028637,12.685963271671277,-0.08730053535036258,-0.017114346124836755,-2.7697e-07,0.017195776736543066,7.7046e-09,1,1.0
319,0.08777086392806363,0.003113494796883022,-1.0696e-06,1.1211449964209517,4.787338469101568,-39.98175502165943,0.04666375081316705,7.6795868757724,-0.02699790686773754,-81.69268136919626,0.32075506405016824,99.31295886871959,-0.4020895572028637,47.245988770180844,-0.08730053535036258,-0.023269456494957503,-2.7697e-07,0.02281261552048922,7.7046e-09,1,1.0
320,0.00850582923775925,0.0003863390655962777,-1.0696e-06,1.1211449964209517,4.787338469101568,-9.067711120530442,0.04666375081316705,2.518665165613832,-0.02699790686773754,-22.832320332109106,0.32075506405016824,35.32799436672681,-0.4020895572028637,10.477222532515656,-0.08730053535036258,-0.009436599287447844,-2.7697e-07,0.009834062137258317,7.7046e-09,1,1.0
321,0.38490184549257944,0.012312123146776259,-1.0696e-06,1.1211449964209517,4.787338469101568,-60.56436724937114,0.04666375081316705,13.818104588802548,-0.02699790686773754,-56.992880820807144,0.32075506405016824,-55.78926406441177,-0.4020895572028637,72.30201041049125,-0.08730053535036258,-0.04668844860074738,-2.7697e-07,0.04715137965768986,7.7046e-09,1,1.0
322,0.007907083419087116,0.001975437287871072,-1.0696e-06,1.1211449964209517,4.787338469101568,-5.762886372420586,0.04666375081316705,-0.9023675241169768,-0.02699790686773754,-12.575456212621956,0.32075506405016824,51.90911625020218,-0.4020895572028637,4.235308656829337,-0.08730053535036258,-0.027058551065301483,-2.7697e-07,0.02743556428686696,7.7046e-09,1,1.0
323,0.05203068463467006,0.0009929242109523438,-1.0696e-06,1.1211449964209517,4.787338469101568,-20.90454235799598,0.04666375081316705,2.8467206855336293,-0.02699790686773754,-39.885580164846566,0.32075506405016824,49.600067065273514,-0.4020895572028637,24.52941288582566,-0.08730053535036258,-0.006448300928316242,-2.7697e-07,0.0063941663565396795,7.7046e-09,1,1.0
324,0.1526693287859041,0.0025750646994710533,-1.0696e-06,1.1211449964209517,4.787338469101568,-30.147288344294264,0.04666375081316705,7.73219963112008,-0.02699790686773754,-39.65624824466635,0.32075506405016824,-2.71133661675679,-0.4020895572028637,36.388820199269276,-0.08730053535036258,-0.028766861806574895,-2.7697e-07,0.02868664013012627,7.7046e-09,1,1.0
325,0.29050822519106145,0.009810814583070752,-1.0696e-06,1.1211449964209517,4.787338469101568,-54.57064691892124,0.04666375081316705,15.36048927425558,-0.02699790686773754,-68.9830963800119,0.32075506405016824,-25.51159029497563,-0.4020895572028637,66.60787456706817,-0.08730053535036258,-0.06101964045826603,-2.7697e-07,0.06092711650224466,7.7046e-09,1,1.0
326,0.360809584125393,0.011855017052008232,-1.0696e-06,1.1211449964209517,4.787338469101568,-70.95128864684919,0.04666375081316705,14.580567747403304,-0.02699790686773754,-90.07637524563893,0.32075506405016824,16.38444417695068,-0.4020895572028637,83.8069424893789,-0.08730053535036258,-0.04501184775422259,-2.7697e-07,0.04503020758451185,7.7046e-09,1,1.0
327,0.1238958886713169,0.0016949350694511899,-1.0696e-06,1.1211449964209517,4.787338469101568,-25.842164925945237,0.04666375081316705,5.290666726490214,-0.02699790686773754,-34.59483288786366,0.32075506405016824,7.077273568296701,-0.4020895572028637,30.88859017174886,-0.08730053535036258,-0.017750338991337808,-2.7697e-07,0.01767629853570462,7.7046e-09,1,1.0
328,0.18531724805637362,0.002788311568535198,-1.0696e-06,1.1211449964209517,4.787338469101568,-20.01576971421529,0.04666375081316705,4.801929491679053,-0.02699790686773754,-2.507819325365167,0.32075506405016824,-76.71341255645758,-0.4020895572028637,24.842237863952327,-0.08730053535036258,-0.02237296623281556,-2.7697e-07,0.02234154144770438,7.7046e-09,1,1.0
329,0.3559683822064724,0.014506017512650793,-1.0696e-06,1.1211449964209517,4.787338469101568,-67.32469471967336,0.04666375081316705,18.09841059735711,-0.02699790686773754,-84.74242473482681,0.32075506405016824,-32.00951223124595,-0.4020895572028637,82.3865461506745,-0.08730053535036258,-0.07287726426097396,-2.7697e-07,0.07294204603869578,7.7046e-09,1,1.0
330,0.39051671213836614,0.10772500157005144,-1.0696e-06,1.1211449964209517,4.787338469101568,99.38210915882485,0.04666375081316705,60.85756102127642,-0.02699790686773754,-89.76236504447144,0.32075506405016824,99.65510872346833,-0.4020895572028637,-21.815832721149825,-0.08730053535036258,0.3288640066746182,-2.7697e-07,1.0404356527033247,7.7046e-09,0,1.0
331,0.05664484069688634,0.0004943986882994158,-1.0696e-06,1.1211449964209517,4.787338469101568,-16.95278805253027,0.04666375081316705,2.9337308564528417,-0.02699790686773754,-29.447017025872462,0.32075506405016824,36.184617153717774,-0.4020895572028637,19.326025284773625,-0.08730053535036258,-0.009266522730489848,-2.7697e-07,0.009252087498288087,7.7046e-09,1,1.0
332,0.3336901105121771,0.014239560209199732,-1.0696e-06,1.1211449964209517,4.787338469101568,-60.677109621243154,0.04666375081316705,19.101960091469362,-0.02699790686773754,-76.12750301416145,0.32075506405016824,-36.52558796763683,-0.4020895572028637,74.07727719948825,-0.08730053535036258,-0.07633539699438219,-2.7697e-07,0.07653596480871327,7.7046e-09,1,1.0
333,0.12009688141458393,0.002309706035439555,-1.0696e-06,1.1211449964209517,4.787338469101568,-27.850848020533135,0.04666375081316705,7.7899591690722225,-0.02699790686773754,-42.88578054501875,0.32075506405016824,9.478403437736084,-0.4020895572028637,33.96742560378247,-0.08730053535036258,-0.03083628081053898,-2.7697e-07,0.030762544018148697,7.7046e-09,1,1.0
334,0.10596623502449842,0.0016750834867478351,-1.0696e-06,1.1211449964209517,4.787338469101568,-30.179349183993832,0.04666375081316705,7.223398725945686,-0.02699790686773754,-52.41440193735773,0.32075506405016824,42.36235115470356,-0.4020895572028637,35.81670643510981,-0.08730053535036258,-0.024420136425809046,-2.7697e-07,0.024524198098823596,7.7046e-09,1,1.0
335,0.39995086079520187,0.12448941838931409,-1.0696e-06,1.1211449964209517,4.787338469101568,99.89876394863397,0.04666375081316705,43.716528340313666,-0.02699790686773754,-26.934873901731926,0.32075506405016824,63.92500546924182,-0.4020895572028637,-39.03032386639062,-0.08730053535036258,0.3539459742640202,-2.7697e-07,0.8557583985607243,7.7046e-09,0,1.0
336,0.20107512561943408,0.004512925706240231,-1.0696e-06,1.1211449964209517,4.787338469101568,-32.88004644524326,0.04666375081316705,9.761630558742862,-0.02699790686773754,-34.69552736748658,0.32075506405016824,-42.52446630812007,-0.4020895572028637,40.66137574052105,-0.08730053535036258,-0.04141009151041418,-2.7697e-07,0.04147143209675144,7.7046e-09,1,1.0
337,0.10674779413962751,0.0016156364336753614,-1.0696e-06,1.1211449964209517,4.787338469101568,-28.267687034958698,0.04666375081316705,6.900782869251189,-0.02699790686773754,-47.02938493970183,0.32075506405016824,30.598790158252008,-0.4020895572028637,33.79124033906197,-0.08730053535036258,-0.024117416854126827,-2.7697e-07,0.02418856951157801,7.7046e-09,1,1.0
338,0.1903911151001968,0.004467663039853139,-1.0696e-06,1.1211449964209517,4.787338469101568,-25.232346317798793,0.04666375081316705,8.89471249217468,-0.02699790686773754,-18.055282967450555,0.32075506405016824,-68.86514582419012,-0.4020895572028637,31.873317111057652,-0.08730053535036258,-0.040323808044555653,-2.7697e-07,0.040922795951681606,7.7046e-09,1,1.0
339,0.1936546190557841,0.0053684083919226435,-1.0696e-06,1.1211449964209517,4.787338469101568,-53.00823991023524,0.04666375081316705,12.072504891728062,-0.02699790686773754,-89.26531176847199,0.32075506405016824,66.0034407416667,-0.4020895572028637,63.139146242682266,-0.08730053535036258,-0.04022514778705486,-2.7697e-07,0.040730379898257306,7.7046e-09,1,1.0
340,0.07688827322823116,0.0012756724024538847,-1.0696e-06,1.1211449964209517,4.787338469101568,-29.401859493047354,0.04666375081316705,5.908879463284337,-0.02699790686773754,-57.148981797442616,0.32075506405016824,65.17849198303061,-0.4020895572028637,34.63519992872486,-0.08730053535036258,-0.01783151318898334,-2.7697e-07,0.017807942986390938,7.7046e-09,1,1.0
341,0.10022011174505235,0.0022322020689777215,-1.0696e-06,1.1211449964209517,4.787338469101568,-9.66892995790608,0.04666375081316705,5.218443110201457,-0.02699790686773754,-0.8339344918135339,0.32075506405016824,-58.0610272891496,-0.4020895572028637,12.936243469481042,-0.08730053535036258,-0.026793366506680998,-2.7697e-07,0.026439676401789656,7.7046e-09,1,1.0
342,0.09260756875616141,0.0012803482936301672,-1.0696e-06,1.1211449964209517,4.787338469101568,-26.5303949389586,0.04666375081316705,4.167476033226945,-0.02699790686773754,-44.17912914686179,0.32075506405016824,46.064981195707794,-0.4020895572028637,30.83079449604549,-0.08730053535036258,-0.009661515104015741,-2.7697e-07,0.009717000185281611,7.7046e-09,1,1.0
343,0.24383164071980065,0.008686424348069904,-1.0696e-06,1.1211449964209517,4.787338469101568,-61.28110597055365,0.04666375081316705,15.174765698227244,-0.02699790686773754,-98.23885240368956,0.32075506405016824,45.492731335712115,-0.4020895572028637,74.10703869266172,-0.08730053535036258,-0.05661851881012142,-2.7697e-07,0.056717220473262386,7.7046e-09,1,1.0
344,0.0214610053717179,0.0007307224238861536,-1.0696e-06,1.1211449964209517,4.787338469101568,-11.335852939042324,0.04666375081316705,0.25684231446599903,-0.02699790686773754,-22.976188476593183,0.32075506405016824,51.070996690151155,-0.4020895572028637,11.849517619613833,-0.08730053535036258,-0.01350539174733776,-2.7697e-07,0.013566110337393838,7.7046e-09,1,1.0
345,0.011781696816302707,0.01038948736425618,-1.0696e-06,1.1211449964209517,4.787338469101568,-2.384421043927063,0.04666375081316705,-4.5890022663439005,-0.02699790686773754,-1.634167875306092,0.32075506405016824,73.2320332072068,-0.4020895572028637,-2.467309261428054,-0.08730053535036258,-0.058741220902974275,-2.7697e-07,0.061596903337693465,7.7046e-09,1,1.0
346,0.07643497051372118,0.0021915045523514943,-1.0696e-06,1.1211449964209517,4.787338469101568,-33.194915891130535,0.04666375081316705,8.923576459419083,-0.02699790686773754,-69.59105741019745,0.32075506405016824,75.47672752582938,-0.4020895572028637,39.5928285940581,-0.08730053535036258,-0.0321559029545305,-2.7697e-07,0.03214705426444787,7.7046e-09,1,1.0
347,0.09464409515718174,0.0018050765060209047,-1.0696e-06,1.1211449964209517,4.787338469101568,-20.319869493230087,0.04666375081316705,6.994310467918406,-0.02699790686773754,-30.806819970460147,0.32075506405016824,0.026384771963562426,-0.4020895572028637,24.907056716098143,-0.08730053535036258,-0.02857103066838277,-2.7697e-07,0.028682811335522876,7.7046e-09,1,1.0
348,0.16330972094540527,0.002607170758689112,-1.0696e-06,1.1211449964209517,4.787338469101568,-18.61242413959477,0.04666375081316705,4.8167833111176455,-0.02699790686773754,-5.037780007788584,0.32075506405016824,-69.36891797477132,-0.4020895572028637,23.541818835143197,-0.08730053535036258,-0.02505815494140455,-2.7697e-07,0.02539616256247266,7.7046e-09,1,1.0
349,0.035803170159216684,0.00018478150177638012,-1.0696e-06,1.1211449964209517,4.787338469101568,-3.51396889030472,0.04666375081316705,1.5025547965067862,-0.02699790686773754,-0.16896412938650235,0.32075506405016824,-18.284718968315214,-0.4020895572028637,4.532663721522586,-0.08730053535036258,-0.007224569440830153,-2.7697e-07,0.007197557809005756,7.7046e-09,1,1.0
350,0.2684104063947873,0.00826643714678621,-1.0696e-06,1.1211449964209517,4.787338469101568,-60.56718197984053,0.04666375081316705,14.406224096793926,-0.02699790686773754,-89.22468811265026,0.32075506405016824,30.538289708145975,-0.4020895572028637,72.67034828645049,-0.08730053535036258,-0.05106064579559002,-2.7697e-07,0.051017320293030334,7.7046e-09,1,1.0
351,0.1761880687512521,0.0036938107998235486,-1.0696e-06,1.1211449964209517,4.787338469101568,-24.01317768952505,0.04666375081316705,6.395826810823099,-0.02699790686773754,-15.949278130236985,0.32075506405016824,-65.38701649356344,-0.4020895572028637,30.577979728593117,-0.08730053535036258,-0.03482361832721936,-2.7697e-07,0.034970251467856164,7.7046e-09,1,1.0
352,0.09260071567565069,0.0018017543010707573,-1.0696e-06,1.1211449964209517,4.787338469101568,-34.05746527455537,0.04666375081316705,7.216438657516148,-0.02699790686773754,-66.02734705031122,0.32075506405016824,78.1697697642764,-0.4020895572028637,39.75288545574715,-0.08730053535036258,-0.02218236091015695,-2.7697e-07,0.022641627651765906,7.7046e-09,1,1.0
353,0.34807759719858444,0.11555467612447715,-1.0696e-06,1.1211449964209517,4.787338469101568,99.97947496689206,0.04666375081316705,42.68877206819259,-0.02699790686773754,-35.36176393632359,0.32075506405016824,99.8168536493078,-0.4020895572028637,-40.81195160624965,-0.08730053535036258,0.35551431918802445,-2.7697e-07,0.836662519134502,7.7046e-09,0,1.0
354,0.27327917664616375,0.0069726238449831415,-1.0696e-06,1.1211449964209517,4.787338469101568,-49.271631860107284,0.04666375081316705,11.01921065103614,-0.02699790686773754,-57.06862008108627,0.32075506405016824,-14.985192220606445,-0.4020895572028637,58.93133760540504,-0.08730053535036258,-0.037185873226835336,-2.7697e-07,0.03784620439481738,7.7046e-09,1,1.0
355,0.04802984053414212,0.0003643773534624545,-1.0696e-06,1.1211449964209517,4.787338469101568,-7.925052637314473,0.04666375081316705,2.2814751254458803,-0.02699790686773754,-8.661748184714444,0.32075506405016824,-5.839477056705891,-0.4020895572028637,9.515139661524165,-0.08730053535036258,-0.008331043670494524,-2.7697e-07,0.008603426119465817,7.7046e-09,1,1.0
356,0.06394475830693519,0.0006265406485468834,-1.0696e-06,1.1211449964209517,4.787338469101568,-19.393780000981334,0.04666375081316705,4.430957996476674,-0.02699790686773754,-34.768161403855025,0.32075506405016824,34.307545977698936,-0.4020895572028637,22.7197388015255,-0.08730053535036258,-0.014440078190587718,-2.7697e-07,0.014499835865245912,7.7046e-09,1,1.0
357,0.028780400684141064,0.000520912128133895,-1.0696e-06,1.1211449964209517,4.787338469101568,-13.537026199541767,0.04666375081316705,1.83099097151256,-0.02699790686773754,-27.95770817334922,0.32075506405016824,52.04352376285665,-0.4020895572028637,14.64660691234709,-0.08730053535036258,-0.013038701747245123,-2.7697e-07,0.013068352269354919,7.7046e-09,1,1.0
358,0.028266815943599925,0.0003569787898573218,-1.0696e-06,1.1211449964209517,4.787338469101568,-12.370953014432384,0.04666375081316705,1.8517218870000827,-0.02699790686773754,-25.08821925206908,0.32075506405016824,43.66715308394756,-0.4020895572028637,13.562860754741001,-0.08730053535036258,-0.010540131037225096,-2.7697e-07,0.010533137484703376,7.7046e-09,1,1.0
359,0.19438158095718633,0.0038195771599913346,-1.0696e-06,1.1211449964209517,4.787338469101568,-24.455199600422475,0.04666375081316705,7.492349148842413,-0.02699790686773754,-13.304416778624894,0.32075506405016824,-76.18831051869225,-0.4020895572028637,30.951785351408578,-0.08730053535036258,-0.03637224194383536,-2.7697e-07,0.03635172116754877,7.7046e-09,1,1.0
360,0.10165265010967994,0.0011708744259179985,-1.0696e-06,1.1211449964209517,4.787338469101568,-19.809302160971374,0.04666375081316705,4.662393103703645,-0.02699790686773754,-25.11712926327435,0.32075506405016824,-5.486510854485213,-0.4020895572028637,24.127858793136745,-0.08730053535036258,-0.018371403736219462,-2.7697e-07,0.018418108015447937,7.7046e-09,1,1.0
361,0.05071644931547664,0.000997082510787757,-1.0696e-06,1.1211449964209517,4.787338469101568,-24.470622029934795,0.04666375081316705,4.242199451230382,-0.02699790686773754,-51.189994068720225,0.32075506405016824,80.42890777288224,-0.4020895572028637,27.595974662755793,-0.08730053535036258,-0.015776392187329253,-2.7697e-07,0.015665218687387555,7.7046e-09,1,1.0
362,0.14903226353950932,0.003164294067003689,-1.0696e-06,1.1211449964209517,4.787338469101568,-34.29682813716875,0.04666375081316705,9.193151644840823,-0.02699790686773754,-52.54868526600434,0.32075506405016824,21.76307103483298,-0.4020895572028637,40.959206245475336,-0.08730053535036258,-0.03335452827897932,-2.7697e-07,0.03311424999009338,7.7046e-09,1,1.0
363,0.1330708795389791,0.004308503799541752,-1.0696e-06,1.1211449964209517,4.787338469101568,-30.783355971141617,0.04666375081316705,8.92444100938975,-0.02699790686773754,-46.982365387830775,0.32075506405016824,-5.484433477049638,-0.4020895572028637,38.80156226949273,-0.08730053535036258,-0.04288177752637297,-2.7697e-07,0.043139191999854665,7.7046e-09,1,1.0
364,0.2071158619369059,0.0035955956116870366,-1.0696e-06,1.1211449964209517,4.787338469101568,-31.190107347979673,0.04666375081316705,6.516535708112965,-0.02699790686773754,-26.123466486975992,0.32075506405016824,-37.790854704126154,-0.4020895572028637,37.38653187003644,-0.08730053535036258,-0.022261157394062262,-2.7697e-07,0.022435227689605767,7.7046e-09,1,1.0
365,0.0784403400906758,0.003202747090446827,-1.0696e-06,1.1211449964209517,4.787338469101568,-31.85496078792535,0.04666375081316705,7.105841978814757,-0.02699790686773754,-62.994897860871134,0.32075506405016824,53.090512192186914,-0.4020895572028637,39.177990380002605,-0.08730053535036258,-0.031335099527105045,-2.7697e-07,0.03127787845841784,7.7046e-09,1,1.0
366,0.009664718160796906,0.003769764743343334,-1.0696e-06,1.1211449964209517,4.787338469101568,-17.290118897562387,0.04666375081316705,8.39901682325462,-0.02699790686773754,-47.85922910384043,0.32075506405016824,43.959272206829446,-0.4020895572028637,22.136259774896025,-0.08730053535036258,-0.03847629487336252,-2.7697e-07,0.03874151010082629,7.7046e-09,1,1.0
367,0.006397572821267725,0.0004048851913250195,-1.0696e-06,1.1211449964209517,4.787338469101568,-9.263309256226018,0.04666375081316705,1.4846640032852076,-0.02699790686773754,-23.244585479159497,0.32075506405016824,50.272146056703505,-0.4020895572028637,9.69958246942293,-0.08730053535036258,-0.01346883592078807,-2.7697e-07,0.01350157005331512,7.7046e-09,1,1.0
368,0.3623719838599966,0.012232069631001229,-1.0696e-06,1.1211449964209517,4.787338469101568,-65.11967441292445,0.04666375081316705,15.804244073943755,-0.02699790686773754,-75.90195700587864,0.32075506405016824,-29.060668331005573,-0.4020895572028637,78.44323020698006,-0.08730053535036258,-0.05741445542969355,-2.7697e-07,0.05753172923025386,7.7046e-09,1,1.0
369,0.1664666507718115,0.003910012901362968,-1.0696e-06,1.1211449964209517,4.787338469101568,-32.47139692262914,0.04666375081316705,8.83268880480993,-0.02699790686773754,-42.130726055766445,0.32075506405016824,-16.277321799331805,-0.4020895572028637,40.096315469421484,-0.08730053535036258,-0.03789042236996284,-2.7697e-07,0.03771854329526284,7.7046e-09,1,1.0
370,0.33102312060288996,0.010323627263255013,-1.0696e-06,1.1211449964209517,4.787338469101568,-50.15165913500889,0.04666375081316705,14.093612415394617,-0.02699790686773754,-45.77825825744912,0.32075506405016824,-76.05154857460249,-0.4020895572028637,61.41833148437374,-0.08730053535036258,-0.05672319501852995,-2.7697e-07,0.0569589682765806,7.7046e-09,1,1.0
371,0.061966258678810976,0.0006614960207799194,-1.0696e-06,1.1211449964209517,4.787338469101568,-15.757009745627952,0.04666375081316705,4.59124040572875,-0.02699790686773754,-26.279419446474336,0.32075506405016824,13.365505149016114,-0.4020895572028637,18.966919829457385,-0.08730053535036258,-0.01734877367915324,-2.7697e-07,0.017347086326077975,7.7046e-09,1,1.0
372,0.33083535074958415,0.012732653560467043,-1.0696e-06,1.1211449964209517,4.787338469101568,-65.6693155433506,0.04666375081316705,11.422900307013096,-0.02699790686773754,-82.12914433695727,0.32075506405016824,12.458698336390873,-0.4020895572028637,78.19963911095094,-0.08730053535036258,-0.03406067170513544,-2.7697e-07,0.036060814175825434,7.7046e-09,1,1.0
373,0.32531017775241167,0.010539385315331311,-1.0696e-06,1.1211449964209517,4.787338469101568,-60.3200683199971,0.04666375081316705,15.695219355748637,-0.02699790686773754,-74.46101654494952,0.32075506405016824,-14.691675297317541,-0.4020895572028637,72.3130090102809,-0.08730053535036258,-0.05684243938295418,-2.7697e-07,0.05666909772198457,7.7046e-09,1,1.0
374,0.06107905230690287,0.0013438429198008419,-1.0696e-06,1.1211449964209517,4.787338469101568,-24.79190505634797,0.04666375081316705,6.422048133907117,-0.02699790686773754,-50.63457010522765,0.32075506405016824,52.14147645157191,-0.4020895572028637,29.692846422994396,-0.08730053535036258,-0.02284051649070999,-2.7697e-07,0.023164585932328764,7.7046e-09,1,1.0
375,0.4596219513962193,0.019342595675140597,-1.0696e-06,1.1211449964209517,4.787338469101568,-83.32514284746239,0.04666375081316705,16.86827153787129,-0.02699790686773754,-94.92578212796248,0.32075506405016824,-23.662130206466486,-0.4020895572028637,99.54829788593926,-0.08730053535036258,-0.056079697548471856,-2.7697e-07,0.05602175845565204,7.7046e-09,1,1.0
376,0.026979967830637566,0.0009545556443484786,-1.0696e-06,1.1211449964209517,4.787338469101568,-18.322397387239853,0.04666375081316705,5.199954004150326,-0.02699790686773754,-42.6925194567009,0.32075506405016824,49.83254915538155,-0.4020895572028637,22.14285012606997,-0.08730053535036258,-0.019813246543065585,-2.7697e-07,0.01975171626654843,7.7046e-09,1,1.0
377,0.00941706875128541,0.0011208922272369038,-1.0696e-06,1.1211449964209517,4.787338469101568,-2.379746264694282,0.04666375081316705,-2.0060028984222136,-0.02699790686773754,-1.6069790765891705,0.32075506405016824,11.929477946899219,-0.4020895572028637,2.1873479375275693,-0.08730053535036258,-0.011778311607094572,-2.7697e-07,0.012593603133395862,7.7046e-09,1,1.0
378,0.10212189500129798,0.0019628454093151963,-1.0696e-06,1.1211449964209517,4.787338469101568,-28.536257755194622,0.04666375081316705,7.159077369405641,-0.02699790686773754,-49.327381437943465,0.32075506405016824,34.39983796841326,-0.4020895572028637,34.24924866327647,-0.08730053535036258,-0.025222098188506247,-2.7697e-07,0.025846886397507655,7.7046e-09,1,1.0
379,0.35113141790781066,0.015364503177570675,-1.0696e-06,1.1211449964209517,4.787338469101568,-57.24285719507359,0.04666375081316705,18.258281243509575,-0.02699790686773754,-61.64567588988204,0.32075506405016824,-76.80680427933243,-0.4020895572028637,71.04237587345106,-0.08730053535036258,-0.0774964961643572,-2.7697e-07,0.07848262847284905,7.7046e-09,1,1.0
380,0.4800784929696207,0.11982884500450525,-1.0696e-06,1.1211449964209517,4.787338469101568,99.98708279612569,0.04666375081316705,67.09222821516818,-0.02699790686773754,-99.53686104243172,0.32075506405016824,55.85732041684695,-0.4020895572028637,-11.546691664701246,-0.08730053535036258,0.3188262744030861,-2.7697e-07,1.1640607283022781,7.7046e-09,0,1.0
381,0.21171385855388342,0.00371183811669854,-1.0696e-06,1.1211449964209517,4.787338469101568,-22.754344137953222,0.04666375081316705,5.874905407494443,-0.02699790686773754,-2.9424271892117226,0.32075506405016824,-89.66335413147435,-0.4020895572028637,28.36310910523406,-0.08730053535036258,-0.02751236342443056,-2.7697e-07,0.027435718032605378,7.7046e-09,1,1.0
382,0.01804037437018967,0.0007625907192869702,-1.0696e-06,1.1211449964209517,4.787338469101568,-10.173269988603574,0.04666375081316705,0.31358200839288597,-0.02699790686773754,-20.788732011432128,0.32075506405016824,38.286994803217745,-0.4020895572028637,11.368992455069522,-0.08730053535036258,-0.004221700217954547,-2.7697e-07,0.004917135514954372,7.7046e-09,1,1.0
383,0.030875402015254468,0.0015265038511340953,-1.0696e-06,1.1211449964209517,4.787338469101568,-13.536483491578743,0.04666375081316705,0.8738594982095169,-0.02699790686773754,-26.248602429196094,0.32075506405016824,52.04884741179019,-0.4020895572028637,14.449280521544654,-0.08730053535036258,-0.01310375340819161,-2.7697e-07,0.01255042729630528,7.7046e-09,1,1.0
384,0.0063375173561566,0.00029234445887784885,-1.0696e-06,1.1211449964209517,4.787338469101568,-9.389420399825699,0.04666375081316705,0.584514313327857,-0.02699790686773754,-22.424638690864334,0.32075506405016824,48.27489499808933,-0.4020895572028637,10.044306661331108,-0.08730053535036258,-0.008795643931468039,-2.7697e-07,0.008791626962790873,7.7046e-09,1,1.0
385,0.4334538959594103,0.13371092356952005,-1.0696e-06,1.1211449964209517,4.787338469101568,99.97968625786511,0.04666375081316705,43.26964451134651,-0.02699790686773754,-12.704214786647665,0.32075506405016824,33.296251555180135,-0.4020895572028637,-40.834432196329644,-0.08730053535036258,0.35649075140353326,-2.7697e-07,0.8359925633126758,7.7046e-09,0,1.0
386,0.19782628410603437,0.005154742577343349,-1.0696e-06,1.1211449964209517,4.787338469101568,-55.61644184091766,0.04666375081316705,11.590610516170802,-0.02699790686773754,-94.11626871079744,0.32075506405016824,80.2527189170356,-0.4020895572028637,65.65504009491454,-0.08730053535036258,-0.036016639173701924,-2.7697e-07,0.035991875010177816,7.7046e-09,1,1.0
387,0.07389099155131232,0.0010983544704833352,-1.0696e-06,1.1211449964209517,4.787338469101568,-23.104478748141418,0.04666375081316705,6.163499626535384,-0.02699790686773754,-43.025935048675464,0.32075506405016824,42.74873204328709,-0.4020895572028637,27.05244663006593,-0.08730053535036258,-0.022136760666831422,-2.7697e-07,0.022133958202253376,7.7046e-09,1,1.0
388,0.15317565642026743,0.002026050198014503,-1.0696e-06,1.1211449964209517,4.787338469101568,-24.847928919445742,0.04666375081316705,4.597869148066813,-0.02699790686773754,-23.617511722469654,0.32075506405016824,-15.714749526427525,-0.4020895572028637,29.381651309448298,-0.08730053535036258,-0.01347285300151332,-2.7697e-07,0.01353375217072475,7.7046e-09,1,1.0
389,0.018935559130254118,0.0005911293995025802,-1.0696e-06,1.1211449964209517,4.787338469101568,-15.547552026893584,0.04666375081316705,1.4816525216489516,-0.02699790686773754,-35.226507264391145,0.32075506405016824,69.78115584066182,-0.4020895572028637,16.90581956990069,-0.08730053535036258,-0.012178941888402423,-2.7697e-07,0.012189761772924069,7.7046e-09,1,1.0
390,0.05586761512998188,0.00033970043428437654,-1.0696e-06,1.1211449964209517,4.787338469101568,-5.964188918967521,0.04666375081316705,1.3179288366746407,-0.02699790686773754,-0.2879126638575139,0.32075506405016824,-26.566691895788157,-0.4020895572028637,7.650552245710827,-0.08730053535036258,-0.008900128215921583,-2.7697e-07,0.008892052511846396,7.7046e-09,1,1.0
391,0.45437799991460315,0.02176471022861639,-1.0696e-06,1.1211449964209517,4.787338469101568,-77.86723386265194,0.04666375081316705,20.200312790833227,-0.02699790686773754,-85.85296357682834,0.32075506405016824,-70.3630370412025,-0.4020895572028637,95.43635664068516,-0.08730053535036258,-0.08120468923510606,-2.7697e-07,0.08273724950517332,7.7046e-09,1,1.0
392,0.5167794838872274,0.02404889203987624,-1.0696e-06,1.1211449964209517,4.787338469101568,-81.33425846751793,0.04666375081316705,19.458709325815445,-0.02699790686773754,-76.51530732804714,0.32075506405016824,-98.03999331797067,-0.4020895572028637,98.92748866520068,-0.08730053535036258,-0.07503327138011517,-2.7697e-07,0.07590850909375854,7.7046e-09,1,1.0
393,0.43788563073621456,0.019891603279756725,-1.0696e-06,1.1211449964209517,4.787338469101568,-81.30471275175144,0.04666375081316705,20.706443063768457,-0.02699790686773754,-99.22206556587201,0.32075506405016824,-36.84446521586745,-0.4020895572028637,98.85129935841276,-0.08730053535036258,-0.08022384043338471,-2.7697e-07,0.08018761616206893,7.7046e-09,1,1.0
394,0.35814483508039596,0.013314008071254687,-1.0696e-06,1.1211449964209517,4.787338469101568,-73.42495301076745,0.04666375081316705,15.730306287612652,-0.02699790686773754,-99.52931479579847,0.32075506405016824,55.79362849317827,-0.4020895572028637,84.70025768079307,-0.08730053535036258,-0.051758966332416244,-2.7697e-07,0.05222764174518937,7.7046e-09,1,1.0
395,0.05337646048586989,0.0012079762673835434,-1.0696e-06,1.1211449964209517,4.787338469101568,-28.89517344769147,0.04666375081316705,6.749290318588354,-0.02699790686773754,-63.5116907625464,0.32075506405016824,85.78635918715486,-0.4020895572028637,33.70808111218097,-0.08730053535036258,-0.022579658627841545,-2.7697e-07,0.022551830464960163,7.7046e-09,1,1.0
396,0.09324538563164575,0.0012883824397866275,-1.0696e-06,1.1211449964209517,4.787338469101568,-22.42058513528299,0.04666375081316705,5.611145842621752,-0.02699790686773754,-35.58258301377886,0.32075506405016824,28.051911325409037,-0.4020895572028637,25.968151836704976,-0.08730053535036258,-0.020146005578716354,-2.7697e-07,0.020067409427527952,7.7046e-09,1,1.0
397,0.32531813231954726,0.00931759884576212,-1.0696e-06,1.1211449964209517,4.787338469101568,-51.03940074937654,0.04666375081316705,12.597699074611555,-0.02699790686773754,-48.614513085155714,0.32075506405016824,-54.248014713887684,-0.4020895572028637,61.47874766437552,-0.08730053535036258,-0.04530749118209639,-2.7697e-07,0.046080381794835056,7.7046e-09,1,1.0
398,0.20137573871809594,0.003195802706617373,-1.0696e-06,1.1211449964209517,4.787338469101568,-24.559266890741693,0.04666375081316705,6.258467064238738,-0.02699790686773754,-11.258286481282958,0.32075506405016824,-60.48221113233393,-0.4020895572028637,29.45967361600426,-0.08730053535036258,-0.02256777255684327,-2.7697e-07,0.022518011511752593,7.7046e-09,1,1.0
399,0.11283989740598421,0.0010574580393603065,-1.0696e-06,1.1211449964209517,4.787338469101568,-13.308473036201423,0.04666375081316705,3.763215976303159,-0.02699790686773754,-5.344489607421538,0.32075506405016824,-39.42442405095047,-0.4020895572028637,16.26573361486528,-0.08730053535036258,-0.01496305649327138,-2.7697e-07,0.015047984464481945,7.7046e-09,1,1.0
400,0.008347120813948727,0.034852343952310884,-1.0696e-06,2.1555968919717063,3.134572259162862,99.99315764210255,0.04666375081316705,18.818036316478462,-0.02699790686773754,-86.07483766809652,0.32075506405016824,35.382708987902404,-0.4020895572028637,-9.874718386069564,-0.08730053535036258,0.4354620425670427,-2.7697e-07,0.5869016105118575,7.7046e-09,0,1.0
401,0.004844743442636856,0.04789530299200785,-1.0696e-06,2.1555968919717063,3.134572259162862,77.50539456158491,0.04666375081316705,15.714165306575612,-0.02699790686773754,-84.05806464894252,0.32075506405016824,54.582717281835144,-0.4020895572028637,-2.516562196382038,-0.08730053535036258,0.4794284980906251,-2.7697e-07,0.5059990823800661,7.7046e-09,0,1.0
402,0.11035887192357713,0.006821413075973653,-1.0696e-06,2.1555968919717063,3.134572259162862,-32.201296669902874,0.04666375081316705,3.1254481353638095,-0.02699790686773754,-49.79576256969165,0.32075506405016824,40.439570523248285,-0.4020895572028637,40.21516033078622,-0.08730053535036258,-0.049700368690075006,-2.7697e-07,0.050098859952466504,7.7046e-09,1,1.0
403,0.30618431887404196,0.051218254383531114,-1.0696e-06,2.1555968919717063,3.134572259162862,-24.16020746337379,0.04666375081316705,7.937788391748399,-0.02699790686773754,-50.45574482471614,0.32075506405016824,7.702343047627462,-0.4020895572028637,42.728928093533895,-0.08730053535036258,-0.15130453994742044,-2.7697e-07,0.1502318882088831,7.7046e-09,1,1.0
404,0.11923880685390242,0.0670471195488607,-1.0696e-06,2.1555968919717063,3.134572259162862,-39.01595500157165,0.04666375081316705,8.720479790374416,-0.02699790686773754,-96.48960976970896,0.32075506405016824,65.2540781449152,-0.4020895572028637,65.21897747000487,-0.08730053535036258,-0.15977921964303105,-2.7697e-07,0.17031760551647207,7.7046e-09,1,1.0
405,0.006616527274230344,0.062177032278488406,-1.0696e-06,2.1555968919717063,3.134572259162862,99.79804573732268,0.04666375081316705,13.475244605544852,-0.02699790686773754,-49.28129200101717,0.32075506405016824,20.76314526693047,-0.4020895572028637,-26.937272014585982,-0.08730053535036258,0.44414667508287564,-2.7697e-07,0.5646846211485016,7.7046e-09,0,1.0
406,0.17529619018973422,0.008402746439779264,-1.0696e-06,2.1555968919717063,3.134572259162862,-29.961446521943493,0.04666375081316705,3.1137942756598713,-0.02699790686773754,-43.05311123465288,0.32075506405016824,28.27017219600805,-0.4020895572028637,38.66086073772464,-0.08730053535036258,-0.05106746883391583,-2.7697e-07,0.052969016522822154,7.7046e-09,1,1.0
407,0.0008067427261713167,0.08852328062659254,-1.0696e-06,2.1555968919717063,3.134572259162862,48.22306587120505,0.04666375081316705,6.0695216826763865,-0.02699790686773754,-0.37463761210609414,0.32075506405016824,-39.40100786276856,-0.4020895572028637,-18.646273596707935,-0.08730053535036258,-0.0898328865688679,-2.7697e-07,0.19480789239461332,7.7046e-09,1,1.0
408,0.0007514909168127026,0.04873715731770976,-1.0696e-06,2.1555968919717063,3.134572259162862,95.86864245925553,0.04666375081316705,15.420070236958237,-0.02699790686773754,-64.1257068445086,0.32075506405016824,30.205604568966052,-0.4020895572028637,-19.239976016660563,-0.08730053535036258,0.4796620309195968,-2.7697e-07,0.5251245520202271,7.7046e-09,0,1.0
409,0.053457962960234244,0.005472893037902545,-1.0696e-06,2.1555968919717063,3.134572259162862,-31.606355417009997,0.04666375081316705,-0.517632954001083,-0.02699790686773754,-24.607967031519483,0.32075506405016824,36.42295030368494,-0.4020895572028637,25.220453474342,-0.08730053535036258,-0.04723384328022784,-2.7697e-07,0.04755256703589511,7.7046e-09,1,1.0
410,0.030353689094561542,0.021931283830205754,-1.0696e-06,2.1555968919717063,3.134572259162862,22.040685065618018,0.04666375081316705,3.8336677445249348,-0.02699790686773754,-0.08987615413851902,0.32075506405016824,-26.92780475153949,-0.4020895572028637,-7.358411330706099,-0.08730053535036258,-0.09795687712557635,-2.7697e-07,0.0996155711927508,7.7046e-09,1,1.0
411,0.002129606455423483,0.04603082097500639,-1.0696e-06,2.1555968919717063,3.134572259162862,95.43835994429263,0.04666375081316705,15.367243560758904,-0.02699790686773754,-68.08631504899306,0.32075506405016824,32.84927646141407,-0.4020895572028637,-16.35980916416836,-0.08730053535036258,0.4595624733522974,-2.7697e-07,0.5473149025248978,7.7046e-09,0,1.0
412,0.17092866929244954,0.005723363625255993,-1.0696e-06,2.1555968919717063,3.134572259162862,-54.25649999808157,0.04666375081316705,2.464398638186361,-0.02699790686773754,-61.15113301198984,0.32075506405016824,60.716169353391706,-0.4020895572028637,55.48090498364511,-0.08730053535036258,-0.037023649774718954,-2.7697e-07,0.03818575904576003,7.7046e-09,1,1.0
413,0.05048892357241708,0.10896395038057831,-1.0696e-06,2.1555968919717063,3.134572259162862,-54.072211559716465,0.04666375081316705,-8.181712426973393,-0.02699790686773754,-0.13171591577412695,0.32075506405016824,52.54545473708873,-0.4020895572028637,22.92473413419367,-0.08730053535036258,-0.21384973445263203,-2.7697e-07,0.21608689813447648,7.7046e-09,1,1.0
414,0.11213198571997252,0.006882322967900582,-1.0696e-06,2.1555968919717063,3.134572259162862,-21.790668073780907,0.04666375081316705,2.4510920920894783,-0.02699790686773754,-35.89706111893765,0.32075506405016824,24.261445509150423,-0.4020895572028637,30.215155260840326,-0.08730053535036258,-0.0498415791241164,-2.7697e-07,0.04976934282407879,7.7046e-09,1,1.0
415,0.002296297150501836,0.05651675233998956,-1.0696e-06,2.1555968919717063,3.134572259162862,98.03962187975249,0.04666375081316705,14.788044294470618,-0.02699790686773754,-55.32389708816563,0.32075506405016824,23.447566897880023,-0.4020895572028637,-24.417098107230274,-0.08730053535036258,0.47286036643187446,-2.7697e-07,0.5252224575718923,7.7046e-09,0,1.0
416,0.0017836691988004638,0.06166308410862176,-1.0696e-06,2.1555968919717063,3.134572259162862,95.64453990980948,0.04666375081316705,14.364558990823863,-0.02699790686773754,-53.565771786195945,0.32075506405016824,26.790169816128664,-0.4020895572028637,-25.094043566876554,-0.08730053535036258,0.4600790752810253,-2.7697e-07,0.5545293208031905,7.7046e-09,0,1.0
417,0.09496264011306499,0.06665766775922367,-1.0696e-06,2.1555968919717063,3.134572259162862,54.7502707403385,0.04666375081316705,14.166234569610891,-0.02699790686773754,-99.98192124539018,0.32075506405016824,79.98099036060084,-0.4020895572028637,17.792008676117664,-0.08730053535036258,0.4419685657728095,-2.7697e-07,0.5855274625795531,7.7046e-09,0,1.0
418,0.003333355224467538,0.13058184528295844,-1.0696e-06,2.1555968919717063,3.134572259162862,51.645404233841965,0.04666375081316705,6.976287046332807,-0.02699790686773754,-16.57404674072882,0.32075506405016824,-5.490914599371657,-0.4020895572028637,-17.05668365151587,-0.08730053535036258,0.17813795526083323,-2.7697e-07,0.22755887378307513,7.7046e-09,0,1.0
419,0.1306278906686173,0.002663330702149365,-1.0696e-06,2.1555968919717063,3.134572259162862,-11.986019086698072,0.04666375081316705,1.387038317123959,-0.02699790686773754,-12.65029689178703,0.32075506405016824,2.3847570586860964,-0.4020895572028637,15.327532618144307,-0.08730053535036258,-0.022454592516183567,-2.7697e-07,0.022756726418887294,7.7046e-09,1,1.0
420,0.5084078920085011,0.045439697395433014,-1.0696e-06,2.1555968919717063,3.134572259162862,-24.930257628877893,0.04666375081316705,1.0577248115108977,-0.02699790686773754,-1.0489192961853764,0.32075506405016824,-30.971562366366552,-0.4020895572028637,29.748542836813016,-0.08730053535036258,-0.03002560233762364,-2.7697e-07,0.03084624726056383,7.7046e-09,1,1.0
421,0.015478760103108335,0.0159867135433136,-1.0696e-06,2.1555968919717063,3.134572259162862,18.12077819040501,0.04666375081316705,2.297803826166062,-0.02699790686773754,-0.002510659657831347,0.32075506405016824,-19.857415725405538,-0.4020895572028637,-5.427818373832901,-0.08730053535036258,-0.07894895892277551,-2.7697e-07,0.08385492729717225,7.7046e-09,1,1.0
422,0.024380273898087446,0.035041304114865314,-1.0696e-06,2.1555968919717063,3.134572259162862,-33.71576497749859,0.04666375081316705,5.651681836096625,-0.02699790686773754,-70.59755364044034,0.32075506405016824,62.22315254013242,-0.4020895572028637,45.57332380488005,-0.08730053535036258,-0.07145021836100934,-2.7697e-07,0.10521029767552381,7.7046e-09,1,1.0
423,0.003459117638110243,0.03205834830277519,-1.0696e-06,2.1555968919717063,3.134572259162862,99.93915062276405,0.04666375081316705,18.996725203158896,-0.02699790686773754,-94.60493273899418,0.32075506405016824,42.48052436099273,-0.4020895572028637,-5.102235733873128,-0.08730053535036258,0.4199503221787785,-2.7697e-07,0.624307683231676,7.7046e-09,0,1.0
424,0.4638961151009988,0.15580447471802594,-1.0696e-06,2.1555968919717063,3.134572259162862,99.13308720341425,0.04666375081316705,20.644266962395086,-0.02699790686773754,-70.08233346434658,0.32075506405016824,-20.31487265221682,-0.4020895572028637,0.2996202826718193,-0.08730053535036258,0.38916436257602605,-2.7697e-07,0.6467819673908634,7.7046e-09,0,1.0
425,0.024972305654666238,0.06146065032104328,-1.0696e-06,2.1555968919717063,3.134572259162862,99.952525454443,0.04666375081316705,14.177870875290171,-0.02699790686773754,-50.759175936645335,0.32075506405016824,18.57888632443422,-0.4020895572028637,-25.98045807977534,-0.08730053535036258,0.45933744617268474,-2.7697e-07,0.5481471910905413,7.7046e-09,0,1.0
426,0.5043559364538981,0.04993319391966744,-1.0696e-06,2.1555968919717063,3.134572259162862,-71.15207073973384,0.04666375081316705,7.536590631565151,-0.02699790686773754,-96.21347198929085,0.32075506405016824,54.3083219664172,-0.4020895572028637,92.20101214399169,-0.08730053535036258,-0.12724603024573358,-2.7697e-07,0.12854940893049063,7.7046e-09,1,1.0
427,0.8435108553326047,0.09232546228299851,-1.0696e-06,2.1555968919717063,3.134572259162862,-86.6478075969108,0.04666375081316705,5.497720383608157,-0.02699790686773754,-71.4572035148547,0.32075506405016824,21.910329434010585,-0.4020895572028637,98.51058335695718,-0.08730053535036258,-0.07107475967451145,-2.7697e-07,0.0710517827348593,7.7046e-09,1,1.0
428,0.0009332951027053449,0.09179237548267112,-1.0696e-06,2.1555968919717063,3.134572259162862,-31.205700648202416,0.04666375081316705,6.900424091186084,-0.02699790686773754,-97.79784412272498,0.32075506405016824,89.16533614843195,-0.4020895572028637,57.20525448544959,-0.08730053535036258,0.01176072896866899,-2.7697e-07,0.1597274682298685,7.7046e-09,0,1.0
429,0.9540208721085487,0.2000535002168341,-1.0696e-06,2.1555968919717063,3.134572259162862,-75.83319211549981,0.04666375081316705,-1.635968317753064,-0.02699790686773754,-0.6581946169879102,0.32075506405016824,-29.313458603718498,-0.4020895572028637,64.76478330694475,-0.08730053535036258,-0.08335922467731252,-2.7697e-07,0.08018086650049802,7.7046e-09,1,1.0
430,0.19757122990671871,0.011445609086267182,-1.0696e-06,2.1555968919717063,3.134572259162862,-78.95842991184234,0.04666375081316705,3.8263982774102407,-0.02699790686773754,-98.13421280955706,0.32075506405016824,98.15149384081309,-0.4020895572028637,83.99479866150094,-0.08730053535036258,-0.04280447457028054,-2.7697e-07,0.04299748180843495,7.7046e-09,1,1.0
431,0.06507535428834517,0.005220312385682294,-1.0696e-06,2.1555968919717063,3.134572259162862,-17.629825198403317,0.04666375081316705,-1.3471303476165317,-0.02699790686773754,-5.473755668855909,0.32075506405016824,13.444372125341006,-0.4020895572028637,11.834841219803266,-0.08730053535036258,-0.04067387311078321,-2.7697e-07,0.040760464552310464,7.7046e-09,1,1.0
432,0.18500745697612436,0.031200751619244908,-1.0696e-06,2.1555968919717063,3.134572259162862,0.4549031351784617,0.04666375081316705,5.031813861177024,-0.02699790686773754,-21.15173377398426,0.32075506405016824,-12.28345837650895,-0.4020895572028637,16.345577376855726,-0.08730053535036258,-0.09538273519263016,-2.7697e-07,0.11229783714182898,7.7046e-09,1,1.0
433,-0.00024010589187217768,0.03161848254891266,-1.0696e-06,2.1555968919717063,3.134572259162862,81.72948203298762,0.04666375081316705,17.983916260854677,-0.02699790686773754,-99.8613058852188,0.32075506405016824,59.58118548728077,-0.4020895572028637,3.45395594230595,-0.08730053535036258,0.45577307650230114,-2.7697e-07,0.5533947199255875,7.7046e-09,0,1.0
434,0.061085892770779845,0.0030441792867000063,-1.0696e-06,2.1555968919717063,3.134572259162862,4.576437613531532,0.04666375081316705,1.3243174306580918,-0.02699790686773754,-0.4987787546320991,0.32075506405016824,-11.65466135755609,-0.4020895572028637,0.9292064265190807,-0.08730053535036258,-0.035925624850742015,-2.7697e-07,0.035746318518965266,7.7046e-09,1,1.0
435,0.0013742516071642008,0.032021436139020504,-1.0696e-06,2.1555968919717063,3.134572259162862,91.2049167762642,0.04666375081316705,18.471588245043463,-0.02699790686773754,-95.422422015652,0.32075506405016824,49.56871129380618,-0.4020895572028637,-2.053969078152905,-0.08730053535036258,0.4430475729316762,-2.7697e-07,0.581604505475887,7.7046e-09,0,1.0
436,0.02245949997488228,0.07514551136609315,-1.0696e-06,2.1555968919717063,3.134572259162862,99.28915192597646,0.04666375081316705,13.396898814143228,-0.02699790686773754,-41.8489390309951,0.32075506405016824,15.33807499209124,-0.4020895572028637,-30.924990400053336,-0.08730053535036258,0.4433470054124568,-2.7697e-07,0.5622235246457313,7.7046e-09,0,1.0
437,0.2676545016312761,0.01987029475484455,-1.0696e-06,2.1555968919717063,3.134572259162862,-25.20570411775278,0.04666375081316705,0.7046506575579905,-0.02699790686773754,-10.909610459289812,0.32075506405016824,1.0451548302887863,-0.4020895572028637,24.043649075064756,-0.08730053535036258,-0.017783689163314697,-2.7697e-07,0.030635393457726066,7.7046e-09,1,1.0
438,0.46402506613617933,0.09195818129707305,-1.0696e-06,2.1555968919717063,3.134572259162862,-92.87223066253887,0.04666375081316705,-3.453754195876366,-0.02699790686773754,-44.82597258013377,0.32075506405016824,62.8315106781292,-0.4020895572028637,74.3039161359465,-0.08730053535036258,-0.13475317567284115,-2.7697e-07,0.13654318383676808,7.7046e-09,1,1.0
439,0.12393854249314074,0.0041977582053775555,-1.0696e-06,2.1555968919717063,3.134572259162862,-20.284272573141887,0.04666375081316705,0.4203742598108212,-0.02699790686773754,-13.316790035918986,0.32075506405016824,11.824483947715137,-0.4020895572028637,18.132405572231924,-0.08730053535036258,-0.024352974653528793,-2.7697e-07,0.023698517212969332,7.7046e-09,1,1.0
440,0.6496574147268837,0.059828269389036466,-1.0696e-06,2.1555968919717063,3.134572259162862,-70.17164816343964,0.04666375081316705,6.945027282449062,-0.02699790686773754,-75.43455569208372,0.32075506405016824,28.047110154788346,-0.4020895572028637,86.30863270432049,-0.08730053535036258,-0.10607235974669789,-2.7697e-07,0.10878249880111297,7.7046e-09,1,1.0
441,0.0007088105469736927,0.09304240382955352,-1.0696e-06,2.1555968919717063,3.134572259162862,99.84207732685707,0.04666375081316705,11.1120906519913,-0.02699790686773754,-30.46822385233665,0.32075506405016824,17.04838599978072,-0.4020895572028637,-37.49910916924361,-0.08730053535036258,0.399158453402067,-2.7697e-07,0.6414506461781063,7.7046e-09,0,1.0
442,0.004865758010005772,0.04725245753324716,-1.0696e-06,2.1555968919717063,3.134572259162862,99.25473356795929,0.04666375081316705,15.51286517426883,-0.02699790686773754,-64.01767287651202,0.32075506405016824,26.770091097052184,-0.4020895572028637,-19.784122613552842,-0.08730053535036258,0.4618585980175369,-2.7697e-07,0.544539695893073,7.7046e-09,0,1.0
443,0.6501140767838218,0.09287282425867133,-1.0696e-06,2.1555968919717063,3.134572259162862,-99.5657357585467,0.04666375081316705,0.40734519870098584,-0.02699790686773754,-55.17758579929278,0.32075506405016824,50.53548173391223,-0.4020895572028637,86.56700734341982,-0.08730053535036258,-0.11104858001704587,-2.7697e-07,0.1116951406143108,7.7046e-09,1,1.0
444,0.11667045141132754,0.05141660223749146,-1.0696e-06,2.1555968919717063,3.134572259162862,30.135627807517235,0.04666375081316705,5.580225833688941,-0.02699790686773754,-0.32478761337664214,0.32075506405016824,-43.64876736504092,-0.4020895572028637,-6.771663223929013,-0.08730053535036258,-0.13943171969785775,-2.7697e-07,0.15408007430543666,7.7046e-09,1,1.0
445,0.11909083472575087,0.002085233633554711,-1.0696e-06,2.1555968919717063,3.134572259162862,-23.646484939090257,0.04666375081316705,1.0123426475754917,-0.02699790686773754,-22.684211540361673,0.32075506405016824,19.71878630758947,-0.4020895572028637,23.923486570750175,-0.08730053535036258,-0.016535644078115936,-2.7697e-07,0.016339762815098264,7.7046e-09,1,1.0
446,0.0789009133250777,0.013593027010996562,-1.0696e-06,2.1555968919717063,3.134572259162862,-68.36769826947801,0.04666375081316705,4.0912994810991705,-0.02699790686773754,-95.8007006545701,0.32075506405016824,99.5321957990353,-0.4020895572028637,74.11569225126945,-0.08730053535036258,-0.05297008071457315,-2.7697e-07,0.054046576262606005,7.7046e-09,1,1.0
447,0.1226743663997783,0.01774306113801262,-1.0696e-06,2.1555968919717063,3.134572259162862,-36.077137316378156,0.04666375081316705,5.117337578030771,-0.02699790686773754,-65.68024474460668,0.32075506405016824,48.819664344410135,-0.4020895572028637,49.41560916175775,-0.08730053535036258,-0.08912869059152134,-2.7697e-07,0.08910642987209794,7.7046e-09,1,1.0
448,0.00739372309682973,0.12226086324947431,-1.0696e-06,2.1555968919717063,3.134572259162862,99.99898346722328,0.04666375081316705,10.670731573932466,-0.02699790686773754,-17.346407469169634,0.32075506405016824,-2.446937771131077,-0.4020895572028637,-42.32368267189808,-0.08730053535036258,0.3750442673492896,-2.7697e-07,0.5423202200005673,7.7046e-09,0,1.0
449,0.17354078048918242,0.011786571458622573,-1.0696e-06,2.1555968919717063,3.134572259162862,-75.07634493427928,0.04666375081316705,4.0319291305882405,-0.02699790686773754,-96.56178690505936,0.32075506405016824,96.04865559452827,-0.4020895572028637,80.77254905275589,-0.08730053535036258,-0.048776444982323856,-2.7697e-07,0.04842174246285901,7.7046e-09,1,1.0
450,0.2806816980860507,0.03212573396482519,-1.0696e-06,2.1555968919717063,3.134572259162862,-19.178775478855542,0.04666375081316705,5.68008456700708,-0.02699790686773754,-41.81286441814361,0.32075506405016824,4.320184733818914,-0.4020895572028637,37.924503307376796,-0.08730053535036258,-0.11583150005715713,-2.7697e-07,0.11924263869190986,7.7046e-09,1,1.0
451,0.022641729342662953,0.0029271598908899707,-1.0696e-06,2.1555968919717063,3.134572259162862,-32.84251509357752,0.04666375081316705,1.3557370949961665,-0.02699790686773754,-43.40560276707743,0.32075506405016824,48.709370594144325,-0.4020895572028637,33.89800514294874,-0.08730053535036258,-0.015888702151282796,-2.7697e-07,0.01663565344475154,7.7046e-09,1,1.0
452,0.2727135587671302,0.032523469821184856,-1.0696e-06,2.1555968919717063,3.134572259162862,-94.3084999250744,0.04666375081316705,-0.37439855837826297,-0.02699790686773754,-80.99580050252082,0.32075506405016824,99.92052504676842,-0.4020895572028637,84.64807913906255,-0.08730053535036258,-0.07670020147041534,-2.7697e-07,0.07973431820545196,7.7046e-09,1,1.0
453,0.3512875031785353,0.020431671170567732,-1.0696e-06,2.1555968919717063,3.134572259162862,-66.99128607367335,0.04666375081316705,5.794280070789946,-0.02699790686773754,-83.88966056637709,0.32075506405016824,61.676486960427646,-0.4020895572028637,77.63636834537033,-0.08730053535036258,-0.08650946581377394,-2.7697e-07,0.08656582620769315,7.7046e-09,1,1.0
454,0.004578298984023843,0.05212635347362297,-1.0696e-06,2.1555968919717063,3.134572259162862,80.87958111942582,0.04666375081316705,13.905911288272323,-0.02699790686773754,-74.26673278383062,0.32075506405016824,51.62449711059551,-0.4020895572028637,-7.926077853854181,-0.08730053535036258,0.44697900734830825,-2.7697e-07,0.5709211163196289,7.7046e-09,0,1.0
455,0.09626553929685039,0.07296431322486069,-1.0696e-06,2.1555968919717063,3.134572259162862,24.880695750726034,0.04666375081316705,6.956067143199413,-0.02699790686773754,-19.296849329316043,0.32075506405016824,-28.85322901655137,-0.4020895572028637,4.088049172704847,-0.08730053535036258,-0.17982143277762894,-2.7697e-07,0.18824982773599994,7.7046e-09,1,1.0
456,0.11397984999615751,0.007812867559202102,-1.0696e-06,2.1555968919717063,3.134572259162862,-48.5407821605515,0.04666375081316705,-0.1013515346851322,-0.02699790686773754,-46.321187259301354,0.32075506405016824,56.44425883220552,-0.4020895572028637,45.246155283629655,-0.08730053535036258,-0.029426434098284326,-2.7697e-07,0.029932626993955824,7.7046e-09,1,1.0
457,0.015195070393695498,0.07924273344048136,-1.0696e-06,2.1555968919717063,3.134572259162862,99.99331839149932,0.04666375081316705,13.130957298920308,-0.02699790686773754,-39.75944842935716,0.32075506405016824,12.442578752033404,-0.4020895572028637,-31.872763312535835,-0.08730053535036258,0.4378255208399946,-2.7697e-07,0.5453031261954162,7.7046e-09,0,1.0
458,0.005170305240674411,0.046500214253633536,-1.0696e-06,2.1555968919717063,3.134572259162862,76.04094581285973,0.04666375081316705,15.132366713415799,-0.02699790686773754,-83.36844253129752,0.32075506405016824,57.43401878348989,-0.4020895572028637,-2.231071693499102,-0.08730053535036258,0.4691712954752332,-2.7697e-07,0.5293135323364637,7.7046e-09,0,1.0
459,0.002592523599060037,0.030329285864459748,-1.0696e-06,2.1555968919717063,3.134572259162862,99.07585565765902,0.04666375081316705,20.175608261688673,-0.02699790686773754,-98.45306666751024,0.32075506405016824,44.12124527430518,-0.4020895572028637,-4.142516389384393,-0.08730053535036258,0.42875353071965483,-2.7697e-07,0.6163225477659897,7.7046e-09,0,1.0
460,0.5527450120317835,0.05574503450681573,-1.0696e-06,2.1555968919717063,3.134572259162862,-21.63321324286066,0.04666375081316705,2.389149182218531,-0.02699790686773754,-0.9753923745774418,0.32075506405016824,-39.288381643611,-0.4020895572028637,29.371823087440752,-0.08730053535036258,-0.037127563841102655,-2.7697e-07,0.045829143090426815,7.7046e-09,1,1.0
461,0.06455837882523302,0.028926878808678724,-1.0696e-06,2.1555968919717063,3.134572259162862,-31.357477334718578,0.04666375081316705,-3.9867641622698313,-0.02699790686773754,-2.9144426305986872,0.32075506405016824,27.407452951506063,-0.4020895572028637,16.004884342057352,-0.08730053535036258,-0.10648520284402425,-2.7697e-07,0.1070496279463239,7.7046e-09,1,1.0
462,0.6517355482605498,0.1017581366541144,-1.0696e-06,2.1555968919717063,3.134572259162862,-76.8749230229296,0.04666375081316705,1.4981439770956948,-0.02699790686773754,-31.82869080082854,0.32075506405016824,16.438116177572454,-0.4020895572028637,65.58744832859037,-0.08730053535036258,-0.11967178024684137,-2.7697e-07,0.12095834299743467,7.7046e-09,1,1.0
463,0.18719309871500994,0.008438817120172089,-1.0696e-06,2.1555968919717063,3.134572259162862,-66.3644511519629,0.04666375081316705,1.3424905775127216,-0.02699790686773754,-66.79826528751943,0.32075506405016824,74.01465804207191,-0.4020895572028637,63.72457162885137,-0.08730053535036258,-0.03650239243727013,-2.7697e-07,0.03652081835888349,7.7046e-09,1,1.0
464,0.010373144039156568,0.04657205227892739,-1.0696e-06,2.1555968919717063,3.134572259162862,57.65389804127385,0.04666375081316705,14.476448985863552,-0.02699790686773754,-99.42766476687252,0.32075506405016824,84.1890873384282,-0.4020895572028637,12.38708238610916,-0.08730053535036258,0.4464784153791934,-2.7697e-07,0.5678635442266466,7.7046e-09,0,1.0
465,0.42761598884430235,0.06487190623641359,-1.0696e-06,2.1555968919717063,3.134572259162862,-49.78375191410226,0.04666375081316705,7.817647940545336,-0.02699790686773754,-82.89639892752365,0.32075506405016824,39.23831661117374,-0.4020895572028637,74.46157469951167,-0.08730053535036258,-0.11621453567717138,-2.7697e-07,0.15286675598049898,7.7046e-09,1,1.0
466,0.13727821336396984,0.009823706922819614,-1.0696e-06,2.1555968919717063,3.134572259162862,-9.387584016579906,0.04666375081316705,3.4363475216784245,-0.02699790686773754,-20.482042340702392,0.32075506405016824,1.271776498115907,-0.4020895572028637,17.6235363130872,-0.08730053535036258,-0.06505483201682945,-2.7697e-07,0.06571368061268036,7.7046e-09,1,1.0
467,0.07156369541942142,0.048498124781901186,-1.0696e-06,2.1555968919717063,3.134572259162862,97.57397829686556,0.04666375081316705,18.67671382365231,-0.02699790686773754,-80.95184905343456,0.32075506405016824,27.74680585707717,-0.4020895572028637,-9.305052733815046,-0.08730053535036258,0.441746638388575,-2.7697e-07,0.5739629434700743,7.7046e-09,0,1.0
468,0.6699502644702253,0.07721462798140336,-1.0696e-06,2.1555968919717063,3.134572259162862,-59.89591948192888,0.04666375081316705,7.709537589258789,-0.02699790686773754,-63.54125181528649,0.32075506405016824,10.500289320060489,-0.4020895572028637,76.28656512166971,-0.08730053535036258,-0.11749717960167719,-2.7697e-07,0.13008334871045027,7.7046e-09,1,1.0
469,1.2443308657938037,0.2518834272667744,-1.0696e-06,2.1555968919717063,3.134572259162862,-54.508877001807754,0.04666375081316705,5.729409389487891,-0.02699790686773754,-10.425645410747824,0.32075506405016824,-81.21668691049496,-0.4020895572028637,72.64088871703578,-0.08730053535036258,-0.1072761284122125,-2.7697e-07,0.1069402547105429,7.7046e-09,1,1.0
470,0.11823405186001776,0.011090924012185168,-1.0696e-06,2.1555968919717063,3.134572259162862,-74.60557868347196,0.04666375081316705,3.071674831417133,-0.02699790686773754,-91.52737388012024,0.32075506405016824,99.68077526037713,-0.4020895572028637,75.75962852497891,-0.08730053535036258,-0.04634084261409619,-2.7697e-07,0.04536538967525037,7.7046e-09,1,1.0
471,0.3050302873161315,0.09304306360680137,-1.0696e-06,2.1555968919717063,3.134572259162862,-50.66514423304426,0.04666375081316705,-4.153687801635978,-0.02699790686773754,-0.2680737389746967,0.32075506405016824,20.769874354054952,-0.4020895572028637,29.434247196285384,-0.08730053535036258,-0.1424972865292808,-2.7697e-07,0.16654396049866438,7.7046e-09,1,1.0
472,0.02720763697653116,0.0012017454899804537,-1.0696e-06,2.1555968919717063,3.134572259162862,1.622548027478044,0.04666375081316705,0.729242947521876,-0.02699790686773754,-0.8593763182078011,0.32075506405016824,-4.67050248455606,-0.4020895572028637,0.7153840268709251,-0.08730053535036258,-0.01680536517675288,-2.7697e-07,0.016420002082340256,7.7046e-09,1,1.0
473,0.48290480301930805,0.0729729213279081,-1.0696e-06,2.1555968919717063,3.134572259162862,-68.4349861454136,0.04666375081316705,-2.062967429060791,-0.02699790686773754,-27.896679940912524,0.32075506405016824,27.543682888709686,-0.4020895572028637,58.19554405449358,-0.08730053535036258,-0.08113200903348676,-2.7697e-07,0.07362073283331948,7.7046e-09,1,1.0
474,0.054917360191940816,0.004136647421517471,-1.0696e-06,2.1555968919717063,3.134572259162862,-43.8428515378358,0.04666375081316705,0.7706553582621509,-0.02699790686773754,-47.6273218689639,0.32075506405016824,58.062604507084,-0.4020895572028637,41.02657807902173,-0.08730053535036258,-0.03193233979240762,-2.7697e-07,0.032392190775478384,7.7046e-09,1,1.0
475,0.14183790130147922,0.00293494040573165,-1.0696e-06,2.1555968919717063,3.134572259162862,-34.07766240198704,0.04666375081316705,1.9891492405352094,-0.02699790686773754,-39.922222631294126,0.32075506405016824,34.838533904077856,-0.4020895572028637,37.06618439083806,-0.08730053535036258,-0.024813500617359638,-2.7697e-07,0.025136132305284234,7.7046e-09,1,1.0
476,0.5602087981257263,0.07647678778285728,-1.0696e-06,2.1555968919717063,3.134572259162862,-23.918656546063968,0.04666375081316705,8.03093746487293,-0.02699790686773754,-39.82489556581881,0.32075506405016824,-24.503461293961397,-0.4020895572028637,48.66180221934295,-0.08730053535036258,-0.16299644895132354,-2.7697e-07,0.1627745751252882,7.7046e-09,1,1.0
477,0.16652772193874446,0.006461892798524336,-1.0696e-06,2.1555968919717063,3.134572259162862,-62.887726759784144,0.04666375081316705,2.396802125291297,-0.02699790686773754,-71.96745780090089,0.32075506405016824,74.68796222699883,-0.4020895572028637,64.08312169570281,-0.08730053535036258,-0.030718190265568032,-2.7697e-07,0.031339201434007743,7.7046e-09,1,1.0
478,0.5555001244527087,0.19497380195049557,-1.0696e-06,2.1555968919717063,3.134572259162862,99.9834912476265,0.04666375081316705,22.101339343852704,-0.02699790686773754,-60.09953309083117,0.32075506405016824,-36.75697317464286,-0.4020895572028637,-4.2211027719183845,-0.08730053535036258,0.41178971050683577,-2.7697e-07,0.6328555976795034,7.7046e-09,0,1.0
479,0.30548340641452676,0.015859891205420803,-1.0696e-06,2.1555968919717063,3.134572259162862,-18.775842430953066,0.04666375081316705,2.5100408288146108,-0.02699790686773754,-16.475179517375086,0.32075506405016824,-8.683686260592125,-0.4020895572028637,26.49812910855711,-0.08730053535036258,-0.04481391748404,-2.7697e-07,0.04722620916290789,7.7046e-09,1,1.0
480,0.17705670385180816,0.019980945938196673,-1.0696e-06,2.1555968919717063,3.134572259162862,-40.484922618005264,0.04666375081316705,-1.5396748542225192,-0.02699790686773754,-18.689976992938192,0.32075506405016824,29.299556512697126,-0.4020895572028637,30.596753265979977,-0.08730053535036258,-0.06912339564933277,-2.7697e-07,0.06710439534385897,7.7046e-09,1,1.0
481,0.010536909978341447,0.08037028045150421,-1.0696e-06,2.1555968919717063,3.134572259162862,95.20699915517302,0.04666375081316705,12.571653515327851,-0.02699790686773754,-42.31021552603358,0.32075506405016824,20.512802000073403,-0.4020895572028637,-29.170376221732575,-0.08730053535036258,0.42423553542421766,-2.7697e-07,0.572315512839111,7.7046e-09,0,1.0
482,0.0888024410045376,0.12113146250268893,-1.0696e-06,2.1555968919717063,3.134572259162862,90.37320631550281,0.04666375081316705,11.200746652520019,-0.02699790686773754,-32.21344868503519,0.32075506405016824,7.819108523878876,-0.4020895572028637,-27.8760042733663,-0.08730053535036258,0.3894608581135274,-2.7697e-07,0.5556992666000867,7.7046e-09,0,1.0
483,-5.308149071403534e-05,0.0376752644492914,-1.0696e-06,2.1555968919717063,3.134572259162862,90.39712065122154,0.04666375081316705,16.885453759468376,-0.02699790686773754,-83.3658255375821,0.32075506405016824,44.252501353871565,-0.4020895572028637,-7.536052698685076,-0.08730053535036258,0.462368961048057,-2.7697e-07,0.5468195688888597,7.7046e-09,0,1.0
484,0.4166891915882241,0.09585933367554954,-1.0696e-06,2.1555968919717063,3.134572259162862,13.999313285796356,0.04666375081316705,8.301777234169382,-0.02699790686773754,-9.0680130185208,0.32075506405016824,-56.39448280432254,-0.4020895572028637,12.856141517308792,-0.08730053535036258,-0.14901500845129742,-2.7697e-07,0.18781415834128842,7.7046e-09,1,1.0
485,0.010230596689347338,0.1346584843393414,-1.0696e-06,2.1555968919717063,3.134572259162862,98.24652114872615,0.04666375081316705,9.989732727629617,-0.02699790686773754,-12.231451180286006,0.32075506405016824,-7.016206168145417,-0.4020895572028637,-43.39256002759854,-0.08730053535036258,0.3561697637925938,-2.7697e-07,0.5218495960742704,7.7046e-09,0,1.0
486,0.0005438640634319869,0.07729649811164416,-1.0696e-06,2.1555968919717063,3.134572259162862,99.99530683456628,0.04666375081316705,12.516803578651547,-0.02699790686773754,-37.78111702431184,0.32075506405016824,16.91096111396869,-0.4020895572028637,-33.972586737351904,-0.08730053535036258,0.42635789614874686,-2.7697e-07,0.5904993859403322,7.7046e-09,0,1.0
487,0.0792780308366078,0.005121735810832376,-1.0696e-06,2.1555968919717063,3.134572259162862,-40.12237695414662,0.04666375081316705,1.3261472077400436,-0.02699790686773754,-50.47539755549443,0.32075506405016824,53.08034487494127,-0.4020895572028637,42.90440000815662,-0.08730053535036258,-0.01122702014741385,-2.7697e-07,0.01108832132209435,7.7046e-09,1,1.0
488,0.49773757202942565,0.06248516333045041,-1.0696e-06,2.1555968919717063,3.134572259162862,-27.96534821055964,0.04666375081316705,6.679121803106135,-0.02699790686773754,-43.45032325510796,0.32075506405016824,-11.204116851433218,-0.4020895572028637,50.52753378210978,-0.08730053535036258,-0.14387520166857684,-2.7697e-07,0.14091245910969166,7.7046e-09,1,1.0
489,0.08236546177186513,0.00296019119161931,-1.0696e-06,2.1555968919717063,3.134572259162862,-26.39181827500638,0.04666375081316705,1.312537432037371,-0.02699790686773754,-27.500555509011395,0.32075506405016824,28.235249536029922,-0.4020895572028637,25.245988053154413,-0.08730053535036258,-0.03623984902748116,-2.7697e-07,0.036448343398682914,7.7046e-09,1,1.0
490,0.6059163745620151,0.06508463422333302,-1.0696e-06,2.1555968919717063,3.134572259162862,-35.92716147718501,0.04666375081316705,6.499765134103886,-0.02699790686773754,-38.768738001434855,0.32075506405016824,-17.002780758160657,-0.4020895572028637,54.32581160039175,-0.08730053535036258,-0.11738484501723914,-2.7697e-07,0.12083192712041449,7.7046e-09,1,1.0
491,0.04957047664710368,0.038649747701552835,-1.0696e-06,2.1555968919717063,3.134572259162862,90.48464718688962,0.04666375081316705,18.888343710881273,-0.02699790686773754,-95.02058460653362,0.32075506405016824,44.4255957521437,-0.4020895572028637,-0.2634929513834703,-0.08730053535036258,0.4368403086996691,-2.7697e-07,0.5867558846856094,7.7046e-09,0,1.0
492,0.17282690778836407,0.018378280490711052,-1.0696e-06,2.1555968919717063,3.134572259162862,-67.85699933260338,0.04666375081316705,5.84028617508833,-0.02699790686773754,-96.93275543575851,0.32075506405016824,87.8777647908021,-0.4020895572028637,77.21372854838617,-0.08730053535036258,-0.08971075643266639,-2.7697e-07,0.08997676856553304,7.7046e-09,1,1.0
493,0.2957442209175639,0.011340961652304825,-1.0696e-06,2.1555968919717063,3.134572259162862,-37.020748534581855,0.04666375081316705,2.388888633408782,-0.02699790686773754,-34.96299768260592,0.32075506405016824,18.514690413886125,-0.4020895572028637,41.62072105830357,-0.08730053535036258,-0.029554155140788105,-2.7697e-07,0.030890085345026245,7.7046e-09,1,1.0
494,0.07555992272366766,0.0198672589902703,-1.0696e-06,2.1555968919717063,3.134572259162862,-72.2035708185871,0.04666375081316705,-0.4382427900803748,-0.02699790686773754,-68.79053537922262,0.32075506405016824,94.27236312685658,-0.4020895572028637,62.59576068998585,-0.08730053535036258,-0.0741930758265471,-2.7697e-07,0.07835024922440756,7.7046e-09,1,1.0
495,0.0002604078696649692,0.12872953793167088,-1.0696e-06,2.1555968919717063,3.134572259162862,10.148853458871365,0.04666375081316705,9.57189674259669,-0.02699790686773754,-83.07724070410382,0.32075506405016824,70.03735495964213,-0.4020895572028637,29.35644733651855,-0.08730053535036258,0.20465810310265523,-2.7697e-07,0.25746831358048555,7.7046e-09,0,1.0
496,0.5340313897545209,0.03765579110805346,-1.0696e-06,2.1555968919717063,3.134572259162862,-89.57396664730321,0.04666375081316705,2.593392413815377,-0.02699790686773754,-75.4020872112237,0.32075506405016824,61.95637136637683,-0.4020895572028637,89.6006805462808,-0.08730053535036258,-0.03391743960103687,-2.7697e-07,0.033774737213682834,7.7046e-09,1,1.0
497,0.24302936919573653,0.010074178644614257,-1.0696e-06,2.1555968919717063,3.134572259162862,-14.70382235539614,0.04666375081316705,2.1575694015978506,-0.02699790686773754,-10.974903357131383,0.32075506405016824,-8.672339502357094,-0.4020895572028637,19.402361757509485,-0.08730053535036258,-0.03717734358953662,-2.7697e-07,0.03686258526487075,7.7046e-09,1,1.0
498,0.04721192597029496,0.0024668432057704096,-1.0696e-06,2.1555968919717063,3.134572259162862,-28.41076091502718,0.04666375081316705,1.6861093872276067,-0.02699790686773754,-36.700949584575575,0.32075506405016824,38.24698431846063,-0.4020895572028637,29.43799108830421,-0.08730053535036258,-0.028792005906453876,-2.7697e-07,0.02961667069681768,7.7046e-09,1,1.0
499,0.22420211578229315,0.04728712304643592,-1.0696e-06,2.1555968919717063,3.134572259162862,17.143945986146676,0.04666375081316705,4.1725021900375765,-0.02699790686773754,-0.16495101095001108,0.32075506405016824,-38.82023891334253,-0.4020895572028637,2.07914592555872,-0.08730053535036258,-0.08050700524315443,-2.7697e-07,0.1242880156189429,7.7046e-09,1,1.0
500,0.011698404167668208,0.01738152052409386,-1.0696e-06,0.7631940241558249,2.47659447396597,27.244106195510582,0.04666375081316705,36.447158322216175,-0.02699790686773754,-43.10371295197341,0.32075506405016824,-9.558549964365127,-0.4020895572028637,-9.08891735381456,-0.08730053535036258,0.26070431542716976,-2.7697e-07,6.683284337297371,7.7046e-09,0,1.0
501,2.5031948478381825,2.452403654270487,-1.0696e-06,0.7631940241558249,2.47659447396597,-49.98719175731146,0.04666375081316705,18.417613237020486,-0.02699790686773754,-99.9684307114111,0.32075506405016824,30.596793742695585,-0.4020895572028637,98.30099205898254,-0.08730053535036258,-0.6459468861957617,-2.7697e-07,0.6322839875617442,7.7046e-09,1,1.0
502,0.0037848116245542407,0.01914070985083026,-1.0696e-06,0.7631940241558249,2.47659447396597,39.10004318973391,0.04666375081316705,52.98384354337264,-0.02699790686773754,-63.82914759110739,0.32075506405016824,-14.657983915877406,-0.4020895572028637,-12.137133135466668,-0.08730053535036258,0.2585970370597188,-2.7697e-07,9.730720426826279,7.7046e-09,0,1.0
503,0.01656701724531895,0.004519774254079323,-1.0696e-06,0.7631940241558249,2.47659447396597,10.70761408975387,0.04666375081316705,27.32415289764432,-0.02699790686773754,-56.26119105935523,0.32075506405016824,20.6694841767171,-0.4020895572028637,7.37387092875172,-0.08730053535036258,0.28116318404571716,-2.7697e-07,4.301915318268952,7.7046e-09,0,1.0
504,0.04064286964088715,0.003089271528648142,-1.0696e-06,0.7631940241558249,2.47659447396597,13.947105761152493,0.04666375081316705,37.98742657238163,-0.02699790686773754,-79.01216451387718,0.32075506405016824,27.1107786354202,-0.4020895572028637,11.888709621731048,-0.08730053535036258,0.2662209914445719,-2.7697e-07,5.95247803123827,7.7046e-09,0,1.0
505,-0.00802396444746023,0.16241667894109527,-1.0696e-06,0.7631940241558249,2.47659447396597,86.29515051026357,0.04666375081316705,75.4871091371246,-0.02699790686773754,-20.928317544011165,0.32075506405016824,-99.6014322863711,-0.4020895572028637,-60.874255628438384,-0.08730053535036258,0.2910262704758235,-2.7697e-07,16.3289517550922,7.7046e-09,0,1.0
506,0.0870142675516683,0.17789598775493085,-1.0696e-06,0.7631940241558249,2.47659447396597,69.02383049564484,0.04666375081316705,55.84163946892588,-0.02699790686773754,-4.536025399011309,0.32075506405016824,-87.29807094895743,-0.4020895572028637,-51.04460467241326,-0.08730053535036258,0.2713205205209279,-2.7697e-07,12.728994350290233,7.7046e-09,0,1.0
507,-0.04190940588769965,0.8202113817436003,-1.0696e-06,0.7631940241558249,2.47659447396597,16.20894795625322,0.04666375081316705,34.7570470781454,-0.02699790686773754,-99.35733564026515,0.32075506405016824,98.49539895253986,-0.4020895572028637,6.209365407254199,-0.08730053535036258,2.9411827540427344,-2.7697e-07,5.750513476676734,7.7046e-09,0,1.0
508,1.1089405513781434,0.34881037973270235,-1.0696e-06,0.7631940241558249,2.47659447396597,-17.68508008793196,0.04666375081316705,30.43414127508154,-0.02699790686773754,-99.17559478716689,0.32075506405016824,47.33735843687484,-0.4020895572028637,53.764917473697295,-0.08730053535036258,0.283952148121166,-2.7697e-07,3.120240803088694,7.7046e-09,0,1.0
509,0.008095986075554285,0.022464891834826067,-1.0696e-06,0.7631940241558249,2.47659447396597,5.176235751531799,0.04666375081316705,18.55438993182011,-0.02699790686773754,-42.922849514730096,0.32075506405016824,24.25122674777023,-0.4020895572028637,6.833982274049946,-0.08730053535036258,0.40182549933880907,-2.7697e-07,2.602044098213906,7.7046e-09,0,1.0
510,1.4843720888384557,1.0968901338191126,-1.0696e-06,0.7631940241558249,2.47659447396597,-39.60989518052459,0.04666375081316705,9.653852920918565,-0.02699790686773754,-93.47339931793996,0.32075506405016824,56.34849407534387,-0.4020895572028637,76.49684788353377,-0.08730053535036258,-0.19989525923431298,-2.7697e-07,0.1999938695988778,7.7046e-09,1,1.0
511,0.9550875620570951,0.32723320316693505,-1.0696e-06,0.7631940241558249,2.47659447396597,-22.522750227378733,0.04666375081316705,23.774720789889884,-0.02699790686773754,-99.88727236953498,0.32075506405016824,66.0013194735917,-0.4020895572028637,55.0192868165626,-0.08730053535036258,0.3741109585234277,-2.7697e-07,2.056047137756508,7.7046e-09,0,1.0
512,0.003048032830700542,0.014168789548592237,-1.0696e-06,0.7631940241558249,2.47659447396597,32.26433944586912,0.04666375081316705,48.504987182688716,-0.02699790686773754,-68.23142979728159,0.32075506405016824,-1.9720855314855679,-0.4020895572028637,-5.673426404019255,-0.08730053535036258,0.2927981557676862,-2.7697e-07,8.691123580362662,7.7046e-09,0,1.0
513,0.0034354672241585504,0.013369037909044543,-1.0696e-06,0.7631940241558249,2.47659447396597,32.519365996508924,0.04666375081316705,47.15467101584752,-0.02699790686773754,-63.3481771526729,0.32075506405016824,-5.680240865410474,-0.4020895572028637,-7.1632078408879165,-0.08730053535036258,0.2578591320726229,-2.7697e-07,8.539917212226278,7.7046e-09,0,1.0
514,0.0015084304106337543,0.010604085009822378,-1.0696e-06,0.7631940241558249,2.47659447396597,13.010543169718678,0.04666375081316705,17.97097342117142,-0.02699790686773754,-24.220718097207303,0.32075506405016824,0.8763740739178407,-0.4020895572028637,-3.8154016026056103,-0.08730053535036258,0.2722870756504101,-2.7697e-07,3.2716944071391936,7.7046e-09,0,1.0
515,0.002747189250839388,0.0015981194234388515,-1.0696e-06,0.7631940241558249,2.47659447396597,-1.7905467694104977,0.04666375081316705,13.768648614857826,-0.02699790686773754,-48.39884506811091,0.32075506405016824,35.42212862521271,-0.4020895572028637,14.419785872263443,-0.08730053535036258,0.2946670832465982,-2.7697e-07,1.7042679553501694,7.7046e-09,0,1.0
516,0.0019079424587968852,0.21213472783686382,-1.0696e-06,0.7631940241558249,2.47659447396597,53.74959828833014,0.04666375081316705,76.99895622964506,-0.02699790686773754,-99.99987174735412,0.32075506405016824,-0.1566702258871055,-0.4020895572028637,-16.154222091542895,-0.08730053535036258,1.0132035685823633,-2.7697e-07,13.453179993864946,7.7046e-09,0,1.0
517,0.005909115993162128,0.12789734147189527,-1.0696e-06,0.7631940241558249,2.47659447396597,80.99669654658989,0.04666375081316705,71.51490673162266,-0.02699790686773754,-18.13371169218948,0.32075506405016824,-95.92620747214669,-0.4020895572028637,-57.59508691940354,-0.08730053535036258,0.25430826561863995,-2.7697e-07,15.245709838207768,7.7046e-09,0,1.0
518,0.04174982614010103,0.01701310685499661,-1.0696e-06,0.7631940241558249,2.47659447396597,16.67737186139233,0.04666375081316705,28.1670073206644,-0.02699790686773754,-42.24963206517845,0.32075506405016824,3.8023252026303838,-0.4020895572028637,-1.110496200566791,-0.08730053535036258,0.2827347099088442,-2.7697e-07,4.770542159562655,7.7046e-09,0,1.0
519,0.009068554131016704,0.0018184484137795808,-1.0696e-06,0.7631940241558249,2.47659447396597,0.08454814070235778,0.04666375081316705,15.477798678671059,-0.02699790686773754,-48.25276866839412,0.32075506405016824,32.050920624193544,-0.4020895572028637,13.059652185212343,-0.08730053535036258,0.28560844974386457,-2.7697e-07,2.0419602371610197,7.7046e-09,0,1.0
520,0.11697572252547206,0.011025736408499165,-1.0696e-06,0.7631940241558249,2.47659447396597,-2.570699456057214,0.04666375081316705,14.478750243350134,-0.02699790686773754,-48.63546027886873,0.32075506405016824,32.742043988854114,-0.4020895572028637,16.381713526264853,-0.08730053535036258,0.3004880588388934,-2.7697e-07,1.774244755780166,7.7046e-09,0,1.0
521,-0.0021934939399468334,0.07362063744026127,-1.0696e-06,0.7631940241558249,2.47659447396597,45.94767230555789,0.04666375081316705,35.92533912321608,-0.02699790686773754,-0.5010778692099318,0.32075506405016824,-55.608207562458695,-0.4020895572028637,-35.917187361813305,-0.08730053535036258,0.2774367584262869,-2.7697e-07,8.17165566236426,7.7046e-09,0,1.0
522,-9.136926453034988e-05,0.015791966911092525,-1.0696e-06,0.7631940241558249,2.47659447396597,45.36862910740464,0.04666375081316705,70.00532289904963,-0.02699790686773754,-99.8170391631433,0.32075506405016824,-3.0314545176832897,-0.4020895572028637,-6.569163247357328,-0.08730053535036258,0.30644438015576725,-2.7697e-07,12.435384323580994,7.7046e-09,0,1.0
523,0.0003188272125473901,0.004968199642039041,-1.0696e-06,0.7631940241558249,2.47659447396597,27.42384295154218,0.04666375081316705,54.563915136874925,-0.02699790686773754,-96.15654766007518,0.32075506405016824,19.342463660929454,-0.4020895572028637,5.981706734819783,-0.08730053535036258,0.293502912826086,-2.7697e-07,9.03774199516662,7.7046e-09,0,1.0
524,0.02281723517798806,0.14327422322736733,-1.0696e-06,0.7631940241558249,2.47659447396597,84.34432525388847,0.04666375081316705,76.3621940041653,-0.02699790686773754,-27.627036969585582,0.32075506405016824,-95.11139446962733,-0.4020895572028637,-56.853775781988126,-0.08730053535036258,0.2573985285811684,-2.7697e-07,16.362076488827782,7.7046e-09,0,1.0
525,0.004789375475564128,0.022952303753271962,-1.0696e-06,0.7631940241558249,2.47659447396597,25.347689047228467,0.04666375081316705,32.101083459387425,-0.02699790686773754,-37.07272408181123,0.32075506405016824,-7.929983830878809,-0.4020895572028637,-9.639478515458224,-0.08730053535036258,0.3359693283900098,-2.7697e-07,6.039804108485518,7.7046e-09,0,1.0
526,1.1678363098782825,0.787785349985071,-1.0696e-06,0.7631940241558249,2.47659447396597,-24.59658888069976,0.04666375081316705,9.218326479101856,-0.02699790686773754,-51.2084227085455,0.32075506405016824,13.254694260884445,-0.4020895572028637,49.28905810109632,-0.08730053535036258,-0.43579137008393726,-2.7697e-07,0.3242664207163391,7.7046e-09,1,1.0
527,0.010179198118316357,0.08906433228416237,-1.0696e-06,0.7631940241558249,2.47659447396597,87.54297912091806,0.04666375081316705,99.12347983604111,-0.02699790686773754,-86.4716889920826,0.32075506405016824,-68.78273025782296,-0.4020895572028637,-42.1656027249183,-0.08730053535036258,0.2536248953390512,-2.7697e-07,19.521244339709554,7.7046e-09,0,1.0
528,0.040169490834712995,0.032222855693849944,-1.0696e-06,0.7631940241558249,2.47659447396597,56.21319278267627,0.04666375081316705,79.94742777129176,-0.02699790686773754,-99.99660067426224,0.32075506405016824,-20.13235278318025,-0.4020895572028637,-14.397001172435715,-0.08730053535036258,0.28267115206812576,-2.7697e-07,14.45358407705195,7.7046e-09,0,1.0
529,0.01226725192005862,0.03717532966959492,-1.0696e-06,0.7631940241558249,2.47659447396597,60.77683845842611,0.04666375081316705,79.55874033641506,-0.02699790686773754,-91.97781149538004,0.32075506405016824,-29.460109174229398,-0.4020895572028637,-20.147691690676222,-0.08730053535036258,0.25792019823336165,-2.7697e-07,14.935255597420966,7.7046e-09,0,1.0
530,0.0074371866075635396,0.0030240817314640374,-1.0696e-06,0.7631940241558249,2.47659447396597,23.99032926324482,0.04666375081316705,49.96175802435062,-0.02699790686773754,-90.95060210243075,0.32075506405016824,20.56321871662482,-0.4020895572028637,7.325373332895362,-0.08730053535036258,0.2652112772811015,-2.7697e-07,8.226079719328107,7.7046e-09,0,1.0
531,0.005972229806684215,0.05321745260339981,-1.0696e-06,0.7631940241558249,2.47659447396597,57.31110319715246,0.04666375081316705,62.82847959743231,-0.02699790686773754,-48.11508691866745,0.32075506405016824,-48.201721550264146,-0.4020895572028637,-30.740194231577743,-0.08730053535036258,0.2570972317577995,-2.7697e-07,12.29562842456792,7.7046e-09,0,1.0
532,0.04788785796571782,0.057126602839220234,-1.0696e-06,0.7631940241558249,2.47659447396597,41.55560798251744,0.04666375081316705,39.16847019591526,-0.02699790686773754,-17.488330179412213,0.32075506405016824,-43.41137562043326,-0.4020895572028637,-26.97809826851768,-0.08730053535036258,0.258290619327076,-2.7697e-07,8.214080516106181,7.7046e-09,0,1.0
533,0.007494853886271358,0.1685707869232346,-1.0696e-06,0.7631940241558249,2.47659447396597,99.690845175264,0.04666375081316705,98.9707414021901,-0.02699790686773754,-58.29843452680451,0.32075506405016824,-97.48883796070075,-0.4020895572028637,-60.164745160715604,-0.08730053535036258,0.36138125818365374,-2.7697e-07,20.393540961304524,7.7046e-09,0,1.0
534,0.01244358509115484,0.10334426160434987,-1.0696e-06,0.7631940241558249,2.47659447396597,72.7481821781065,0.04666375081316705,70.22713334024748,-0.02699790686773754,-31.440420821786947,0.32075506405016824,-78.60406237103957,-0.4020895572028637,-47.49053261271356,-0.08730053535036258,0.25455856710384506,-2.7697e-07,14.323752731763992,7.7046e-09,0,1.0
535,0.039220631388030114,0.11193417398288674,-1.0696e-06,0.7631940241558249,2.47659447396597,74.19360048172868,0.04666375081316705,76.6852488032393,-0.02699790686773754,-45.83005920433614,0.32075506405016824,-73.35993003519036,-0.4020895572028637,-44.23961017118498,-0.08730053535036258,0.29122182463738255,-2.7697e-07,15.241536532160033,7.7046e-09,0,1.0
536,0.012070526209543075,0.01699625476977343,-1.0696e-06,0.7631940241558249,2.47659447396597,-6.148813912301261,0.04666375081316705,14.401147894261575,-0.02699790686773754,-63.087519994080935,0.32075506405016824,56.78687825832934,-0.4020895572028637,20.76567348177192,-0.08730053535036258,0.5283479497689503,-2.7697e-07,1.5089617109478284,7.7046e-09,0,1.0
537,0.010712518345012079,0.06822172415840048,-1.0696e-06,0.7631940241558249,2.47659447396597,67.19942507011017,0.04666375081316705,71.73253073479525,-0.02699790686773754,-51.31480176219867,0.32075506405016824,-60.018899242933,-0.4020895572028637,-37.24000410706827,-0.08730053535036258,0.25773051608096775,-2.7697e-07,14.239232499594678,7.7046e-09,0,1.0
538,0.0006568088543850159,0.11057328420159386,-1.0696e-06,0.7631940241558249,2.47659447396597,70.76318108639055,0.04666375081316705,63.366901401885286,-0.02699790686773754,-21.94228898445988,0.32075506405016824,-77.93470889136434,-0.4020895572028637,-48.662314379665816,-0.08730053535036258,0.3063947653878323,-2.7697e-07,13.578840781646576,7.7046e-09,0,1.0
539,0.0007605656020908125,0.038788002023234444,-1.0696e-06,0.7631940241558249,2.47659447396597,29.595313120462535,0.04666375081316705,23.405402215501148,-0.02699790686773754,-1.6019075042471653,0.32075506405016824,-33.267633340364085,-0.4020895572028637,-23.09028311686054,-0.08730053535036258,0.2707907143791708,-2.7697e-07,5.267993833538252,7.7046e-09,0,1.0
540,0.019299429182290773,0.06218974337154052,-1.0696e-06,0.7631940241558249,2.47659447396597,52.08249872987013,0.04666375081316705,57.604691871062585,-0.02699790686773754,-42.805817084089036,0.32075506405016824,-44.59192351490101,-0.4020895572028637,-28.367970280903,-0.08730053535036258,0.2653108946106082,-2.7697e-07,11.103189763401954,7.7046e-09,0,1.0
541,0.005675596800899907,0.00444246221240623,-1.0696e-06,0.7631940241558249,2.47659447396597,22.432917161753878,0.04666375081316705,51.432156310823366,-0.02699790686773754,-99.96158076101379,0.32075506405016824,29.577134939353954,-0.4020895572028637,10.80213137101628,-0.08730053535036258,0.35356300435656784,-2.7697e-07,8.297946785107907,7.7046e-09,0,1.0
542,0.004744081376193643,0.02904312628854111,-1.0696e-06,0.7631940241558249,2.47659447396597,26.10963257529132,0.04666375081316705,29.08691614496023,-0.02699790686773754,-26.733959667733213,0.32075506405016824,-14.21945162287253,-0.4020895572028637,-13.246594784702312,-0.08730053535036258,0.33996283744128153,-2.7697e-07,5.719196171252757,7.7046e-09,0,1.0
543,-0.002570584196901038,0.7017090281331433,-1.0696e-06,0.7631940241558249,2.47659447396597,95.70996949550178,0.04666375081316705,99.94406290385673,-0.02699790686773754,-97.15262354767943,0.32075506405016824,-46.31730336402218,-0.4020895572028637,-47.66752866671432,-0.08730053535036258,1.2860462033193567,-2.7697e-07,21.167280139776835,7.7046e-09,0,1.0
544,0.0075545269043395535,0.06091427481201878,-1.0696e-06,0.7631940241558249,2.47659447396597,46.79009224227704,0.04666375081316705,40.88617670749693,-0.02699790686773754,-10.255811395062407,0.32075506405016824,-53.10542225971175,-0.4020895572028637,-33.69539054943534,-0.08730053535036258,0.2609981994297401,-2.7697e-07,8.743103740531676,7.7046e-09,0,1.0
545,0.01636962410152254,0.39285947879202876,-1.0696e-06,0.7631940241558249,2.47659447396597,28.865829637595937,0.04666375081316705,50.19321490080107,-0.02699790686773754,-99.92719327683727,0.32075506405016824,57.54851638883673,-0.4020895572028637,0.44928096030927733,-0.08730053535036258,1.9989970225556872,-2.7697e-07,8.618214369574183,7.7046e-09,0,1.0
546,0.0019262327128706236,0.000648430358746634,-1.0696e-06,0.7631940241558249,2.47659447396597,-13.2904657215421,0.04666375081316705,18.686708949949544,-0.02699790686773754,-93.00697922700809,0.32075506405016824,80.68384641215427,-0.4020895572028637,35.31164933042694,-0.08730053535036258,0.3241638598288915,-2.7697e-07,1.7137078727108186,7.7046e-09,0,1.0
547,0.01893775444415713,0.10139712992787214,-1.0696e-06,0.7631940241558249,2.47659447396597,61.413610201610226,0.04666375081316705,50.00455755098546,-0.02699790686773754,-3.4530203434568674,0.32075506405016824,-76.56657860136932,-0.4020895572028637,-46.616880946029696,-0.08730053535036258,0.25769239333993266,-2.7697e-07,11.125363206987767,7.7046e-09,0,1.0
548,0.0009105618100795354,0.13346556751715893,-1.0696e-06,0.7631940241558249,2.47659447396597,89.01715898993172,0.04666375081316705,83.67823083686604,-0.02699790686773754,-33.94217040357864,0.32075506405016824,-98.57891987899453,-0.4020895572028637,-59.25402392380529,-0.08730053535036258,0.26327053254179944,-2.7697e-07,17.361448484701146,7.7046e-09,0,1.0
549,0.006649703040096044,0.031974225242331934,-1.0696e-06,0.7631940241558249,2.47659447396597,31.943490781487053,0.04666375081316705,34.13037956206629,-0.02699790686773754,-26.148612302129486,0.32075506405016824,-23.83578370779978,-0.4020895572028637,-17.780104294293086,-0.08730053535036258,0.2936159807928349,-2.7697e-07,6.756369977671392,7.7046e-09,0,1.0
550,0.009263945407254504,0.09793044606180556,-1.0696e-06,0.7631940241558249,2.47659447396597,89.66045806575742,0.04666375081316705,99.31678467791504,-0.02699790686773754,-80.87724176127989,0.32075506405016824,-74.13420658521062,-0.4020895572028637,-45.70149573101792,-0.08730053535036258,0.2887924586029058,-2.7697e-07,19.608168027552253,7.7046e-09,0,1.0
551,0.002573685873727527,0.03276486582154955,-1.0696e-06,0.7631940241558249,2.47659447396597,26.193955026854944,0.04666375081316705,23.563169603904047,-0.02699790686773754,-9.104815887848408,0.32075506405016824,-24.668976096358595,-0.4020895572028637,-18.430119106385053,-0.08730053535036258,0.2931218745414541,-2.7697e-07,4.958675004698177,7.7046e-09,0,1.0
552,-0.03937678816611978,0.46252637841215805,-1.0696e-06,0.7631940241558249,2.47659447396597,4.107749151371962,0.04666375081316705,-1.3364652334107014,-0.02699790686773754,-14.755449975547721,0.32075506405016824,48.719824724359626,-0.4020895572028637,-5.483031148500901,-0.08730053535036258,0.3439876467154368,-2.7697e-07,1.9920477318030698,7.7046e-09,0,1.0
553,0.013525012347442633,0.11986191507370962,-1.0696e-06,0.7631940241558249,2.47659447396597,72.66211608494918,0.04666375081316705,62.5452803458844,-0.02699790686773754,-11.101776293849806,0.32075506405016824,-88.3536857903659,-0.4020895572028637,-53.269371885686716,-0.08730053535036258,0.26382503418324,-2.7697e-07,13.433789938564246,7.7046e-09,0,1.0
554,0.008334897962748222,0.010284158186589747,-1.0696e-06,0.7631940241558249,2.47659447396597,40.256143897344984,0.04666375081316705,65.42881592993501,-0.02699790686773754,-97.28156734057853,0.32075506405016824,1.3008415677235279,-0.4020895572028637,-3.219104223859911,-0.08730053535036258,0.263535039233588,-2.7697e-07,11.431792026871966,7.7046e-09,0,1.0
555,0.000445639202878656,0.03063989785899185,-1.0696e-06,0.7631940241558249,2.47659447396597,41.14118248810146,0.04666375081316705,47.12577527507073,-0.02699790686773754,-43.028712689073714,0.32075506405016824,-27.85464877156429,-0.4020895572028637,-19.75689429655269,-0.08730053535036258,0.2647401195174206,-2.7697e-07,9.18033569716825,7.7046e-09,0,1.0
556,0.011783106959202705,0.047514956195026575,-1.0696e-06,0.7631940241558249,2.47659447396597,63.46728902412479,0.04666375081316705,80.18918688888606,-0.02699790686773754,-82.9194536283127,0.32075506405016824,-38.71709632556022,-0.4020895572028637,-25.32940120479604,-0.08730053535036258,0.265874653800533,-2.7697e-07,14.936638441947572,7.7046e-09,0,1.0
557,0.038502550119779766,0.05745665071886945,-1.0696e-06,0.7631940241558249,2.47659447396597,53.07419560102417,0.04666375081316705,59.41910623687329,-0.02699790686773754,-46.3254372576248,0.32075506405016824,-44.71051269755672,-0.4020895572028637,-27.715671421193836,-0.08730053535036258,0.255597305486174,-2.7697e-07,11.4987025845619,7.7046e-09,0,1.0
558,0.008900486519364703,0.017360062122841847,-1.0696e-06,0.7631940241558249,2.47659447396597,-10.228425985857637,0.04666375081316705,9.751384690751276,-0.02699790686773754,-62.54307569316227,0.32075506405016824,63.256299138080465,-0.4020895572028637,23.92393759030487,-0.08730053535036258,0.3608701325383853,-2.7697e-07,0.9700300797702949,7.7046e-09,0,1.0
559,0.0012786947535983195,0.0036424187292728835,-1.0696e-06,0.7631940241558249,2.47659447396597,18.806160983112242,0.04666375081316705,45.079069745203114,-0.02699790686773754,-90.941853677926,0.32075506405016824,29.903031351484948,-0.4020895572028637,11.01452532127665,-0.08730053535036258,0.34359688300083446,-2.7697e-07,7.255511378334909,7.7046e-09,0,1.0
560,0.004242075093581654,0.003315419251211915,-1.0696e-06,0.7631940241558249,2.47659447396597,23.143982582240067,0.04666375081316705,47.75391068479817,-0.02699790686773754,-86.99909658504743,0.32075506405016824,20.008951538866135,-0.4020895572028637,6.780092485980181,-0.08730053535036258,0.2744518190883616,-2.7697e-07,7.8916978169138305,7.7046e-09,0,1.0
561,0.027623409048102898,0.10806886757384686,-1.0696e-06,0.7631940241558249,2.47659447396597,-5.500410782069223,0.04666375081316705,11.463261530685338,-0.02699790686773754,-49.97760365050091,0.32075506405016824,53.99110466049288,-0.4020895572028637,15.018918340157548,-0.08730053535036258,0.308741788944513,-2.7697e-07,1.3376986942727653,7.7046e-09,0,1.0
562,0.06114897158639643,0.040683356772643675,-1.0696e-06,0.7631940241558249,2.47659447396597,40.72996392711593,0.04666375081316705,48.955335329244036,-0.02699790686773754,-47.81989681038771,0.32075506405016824,-26.975053010167656,-0.4020895572028637,-17.258490671456748,-0.08730053535036258,0.25779089574241887,-2.7697e-07,9.439259412800757,7.7046e-09,0,1.0
563,-0.00036002756163799887,0.05231170466455872,-1.0696e-06,0.7631940241558249,2.47659447396597,69.11977490556953,0.04666375081316705,81.42264299838162,-0.02699790686773754,-76.13444206226238,0.32075506405016824,-49.084953123816106,-0.4020895572028637,-31.508405773201968,-0.08730053535036258,0.26123475099822,-2.7697e-07,15.676977321610735,7.7046e-09,0,1.0
564,0.018841902456379067,0.06750598786941374,-1.0696e-06,0.7631940241558249,2.47659447396597,82.93550108378896,0.04666375081316705,99.746434252671,-0.02699790686773754,-96.21968672831711,0.32075506405016824,-58.18358327064054,-0.4020895572028637,-35.969572526672,-0.08730053535036258,0.2619987503136496,-2.7697e-07,19.089424846806764,7.7046e-09,0,1.0
565,-0.0027606115546348065,0.22751691037627253,-1.0696e-06,0.7631940241558249,2.47659447396597,89.34192046992786,0.04666375081316705,99.23331483323007,-0.02699790686773754,-92.2635105720983,0.32075506405016824,-56.853578133360976,-0.4020895572028637,-43.08846363191477,-0.08730053535036258,0.6850875157373757,-2.7697e-07,19.927941988309644,7.7046e-09,0,1.0
566,0.0054221970099663785,0.009747760309892141,-1.0696e-06,0.7631940241558249,2.47659447396597,38.123779460613406,0.04666375081316705,63.70960936152861,-0.02699790686773754,-98.9698309701728,0.32075506405016824,5.691522780517502,-0.4020895572028637,-1.011244296075655,-0.08730053535036258,0.27115281186757834,-2.7697e-07,11.137534387374954,7.7046e-09,0,1.0
567,0.0069343234620729,0.023976633925093423,-1.0696e-06,0.7631940241558249,2.47659447396597,29.50739446328635,0.04666375081316705,40.01088730473749,-0.02699790686773754,-52.25662943556535,0.32075506405016824,-6.538104207791104,-0.4020895572028637,-7.881196066212114,-0.08730053535036258,0.27476852773163163,-2.7697e-07,7.5434956489403735,7.7046e-09,0,1.0
568,0.011639771207299532,0.005015510077457502,-1.0696e-06,0.7631940241558249,2.47659447396597,-8.388254750953914,0.04666375081316705,12.6814250303559,-0.02699790686773754,-62.21191212126048,0.32075506405016824,56.05082194438736,-0.4020895572028637,22.798447151247867,-0.08730053535036258,0.3271838960936417,-2.7697e-07,1.2031472071135152,7.7046e-09,0,1.0
569,0.027391717075246458,0.15329144207196008,-1.0696e-06,0.7631940241558249,2.47659447396597,79.77308449351928,0.04666375081316705,68.23367345291167,-0.02699790686773754,-8.889352841195622,0.32075506405016824,-99.95793157030475,-0.4020895572028637,-59.36182845529499,-0.08730053535036258,0.27054470499908234,-2.7697e-07,14.610545599355413,7.7046e-09,0,1.0
570,0.004726467076217711,0.012816404326716662,-1.0696e-06,0.7631940241558249,2.47659447396597,20.706202696228832,0.04666375081316705,29.37468845590425,-0.02699790686773754,-38.61927344109788,0.32075506405016824,-2.39907525852063,-0.4020895572028637,-5.490065102921675,-0.08730053535036258,0.27029118061910173,-2.7697e-07,5.295261665171198,7.7046e-09,0,1.0
571,-0.006075195137127842,0.12132403234807054,-1.0696e-06,0.7631940241558249,2.47659447396597,83.91014094380245,0.04666375081316705,81.27479038650986,-0.02699790686773754,-40.22141903728129,0.32075506405016824,-87.90861208889642,-0.4020895572028637,-53.48595060747583,-0.08730053535036258,0.2610467203404827,-2.7697e-07,16.72566595010585,7.7046e-09,0,1.0
572,0.8231342478461081,0.2790522090745888,-1.0696e-06,0.7631940241558249,2.47659447396597,-8.101761773731631,0.04666375081316705,4.661214084111897,-0.02699790686773754,-1.7377228650209124,0.32075506405016824,-19.687687894285716,-0.4020895572028637,16.23683389957023,-0.08730053535036258,-0.2309987164624451,-2.7697e-07,0.21831006640941628,7.7046e-09,1,1.0
573,0.008894382598723993,0.039519211755988395,-1.0696e-06,0.7631940241558249,2.47659447396597,47.84481316801737,0.04666375081316705,53.982752844126445,-0.02699790686773754,-46.94004288299945,0.32075506405016824,-35.272441885043875,-0.4020895572028637,-23.632786433729255,-0.08730053535036258,0.26458216715614924,-2.7697e-07,10.57705307641242,7.7046e-09,0,1.0
574,0.0029538864794536046,0.0036130935195437842,-1.0696e-06,0.7631940241558249,2.47659447396597,13.066887292839526,0.04666375081316705,29.350540605755675,-0.02699790686773754,-56.992282465587884,0.32075506405016824,17.90040699903451,-0.4020895572028637,5.71103092404166,-0.08730053535036258,0.265128225136086,-2.7697e-07,4.744662822118139,7.7046e-09,0,1.0
575,0.0008866222622661013,0.06817675767293097,-1.0696e-06,0.7631940241558249,2.47659447396597,55.960071735285005,0.04666375081316705,53.01305919273408,-0.02699790686773754,-23.652570861965746,0.32075506405016824,-58.38921396199281,-0.4020895572028637,-36.93812947954176,-0.08730053535036258,0.2714057770087752,-2.7697e-07,10.961054686270495,7.7046e-09,0,1.0
576,0.051664366478045176,0.01272510129780455,-1.0696e-06,0.7631940241558249,2.47659447396597,-0.4376755781338637,0.04666375081316705,7.307658159409888,-0.02699790686773754,-25.03966460624975,0.32075506405016824,20.2467157743487,-0.4020895572028637,7.0198499039071205,-0.08730053535036258,0.3476620646672338,-2.7697e-07,0.956565046238416,7.7046e-09,0,1.0
577,-0.0003462887772887058,0.05728576131555124,-1.0696e-06,0.7631940241558249,2.47659447396597,51.50921272270636,0.04666375081316705,50.96585893546551,-0.02699790686773754,-31.601512715339716,0.32075506405016824,-47.585722367989995,-0.4020895572028637,-30.852708922950114,-0.08730053535036258,0.25683344734326763,-2.7697e-07,10.576354076251462,7.7046e-09,0,1.0
578,0.004394845416614945,0.004070566968684134,-1.0696e-06,0.7631940241558249,2.47659447396597,27.096192605766802,0.04666375081316705,52.891486489204006,-0.02699790686773754,-93.0593993776065,0.32075506405016824,17.758530956282872,-0.4020895572028637,5.598688008345075,-0.08730053535036258,0.27193536636815274,-2.7697e-07,8.880905093209906,7.7046e-09,0,1.0
579,-0.0006874138308354816,0.13254486894556167,-1.0696e-06,0.7631940241558249,2.47659447396597,91.670832338962,0.04666375081316705,87.45037518515183,-0.02699790686773754,-40.53548832074492,0.32075506405016824,-98.2548415635369,-0.4020895572028637,-59.2083664776175,-0.08730053535036258,0.2638019773834941,-2.7697e-07,18.159102935350738,7.7046e-09,0,1.0
580,0.0875763265579736,0.4162661408358404,-1.0696e-06,0.7631940241558249,2.47659447396597,6.113444391092683,0.04666375081316705,-1.2112263704510768,-0.02699790686773754,-0.7182877908059861,0.32075506405016824,29.23192459805453,-0.4020895572028637,-9.34863372779796,-0.08730053535036258,0.3548411481811946,-2.7697e-07,1.8006009686408244,7.7046e-09,0,1.0
581,0.00495585901545792,0.00029174970052772806,-1.0696e-06,0.7631940241558249,2.47659447396597,10.722956855133143,0.04666375081316705,39.05639357138626,-0.02699790686773754,-90.79824215224428,0.32075506405016824,39.13244782708864,-0.4020895572028637,17.32814133468186,-0.08730053535036258,0.26271616724357205,-2.7697e-07,5.836817938971273,7.7046e-09,0,1.0
582,0.008051094380401747,0.03706673228408516,-1.0696e-06,0.7631940241558249,2.47659447396597,57.25910500298311,0.04666375081316705,72.60281556403744,-0.02699790686773754,-78.1702551861031,0.32075506405016824,-31.696929357410045,-0.4020895572028637,-21.841081484636973,-0.08730053535036258,0.2807464207114112,-2.7697e-07,13.632564515547156,7.7046e-09,0,1.0
583,0.007196635413014185,0.05594066325057386,-1.0696e-06,0.7631940241558249,2.47659447396597,76.92734904285162,0.04666375081316705,93.2481373443564,-0.02699790686773754,-91.15926335549271,0.32075506405016824,-52.480879606096835,-0.4020895572028637,-33.03192132733535,-0.08730053535036258,0.255573923964878,-2.7697e-07,17.755250493878844,7.7046e-09,0,1.0
584,-0.0676914947012941,0.7707429023466882,-1.0696e-06,0.7631940241558249,2.47659447396597,99.81147023511588,0.04666375081316705,78.07309771581015,-0.02699790686773754,-5.3315002101181195,0.32075506405016824,-99.82431408589807,-0.4020895572028637,-80.91256708377828,-0.08730053535036258,1.4152340319416803,-2.7697e-07,17.282910192249847,7.7046e-09,0,1.0
585,0.001366304307545363,0.0418069501904388,-1.0696e-06,0.7631940241558249,2.47659447396597,37.37357440311605,0.04666375081316705,36.536231778454415,-0.02699790686773754,-19.035875855872465,0.32075506405016824,-35.57451147578412,-0.4020895572028637,-24.11085147438246,-0.08730053535036258,0.2706502647700626,-2.7697e-07,7.401418994509366,7.7046e-09,0,1.0
586,0.004398935137057247,0.0012040981555279061,-1.0696e-06,0.7631940241558249,2.47659447396597,20.58419241001617,0.04666375081316705,49.51475847701198,-0.02699790686773754,-98.62370311188575,0.32075506405016824,29.659731956550047,-0.4020895572028637,12.18720875384997,-0.08730053535036258,0.26714886856729114,-2.7697e-07,7.96163100859439,7.7046e-09,0,1.0
587,-0.427951642992646,1.6212877487285455,-1.0696e-06,0.7631940241558249,2.47659447396597,69.09723859266974,0.04666375081316705,53.02156535557759,-0.02699790686773754,-48.01273771921033,0.32075506405016824,9.504640926691122,-0.4020895572028637,-51.80883946368918,-0.08730053535036258,2.610455913369016,-2.7697e-07,12.691616662057179,7.7046e-09,0,1.0
588,0.014201890980989118,0.03790593275996728,-1.0696e-06,0.7631940241558249,2.47659447396597,36.910384612432075,0.04666375081316705,37.701175624819705,-0.02699790686773754,-24.23459169665691,0.32075506405016824,-32.51210951442884,-0.4020895572028637,-21.959753926548753,-0.08730053535036258,0.26605592089514074,-2.7697e-07,7.593412960788948,7.7046e-09,0,1.0
589,-0.0020296750041675082,0.0497235638952642,-1.0696e-06,0.7631940241558249,2.47659447396597,41.349306067228056,0.04666375081316705,40.03068454951849,-0.02699790686773754,-21.284463776707533,0.32075506405016824,-39.033579763678354,-0.4020895572028637,-26.488210428489715,-0.08730053535036258,0.28780375570560723,-2.7697e-07,8.221605129848756,7.7046e-09,0,1.0
590,-0.027033039447445617,0.32016703696425025,-1.0696e-06,0.7631940241558249,2.47659447396597,89.04758849531177,0.04666375081316705,99.97666065145879,-0.02699790686773754,-97.96932415600483,0.32075506405016824,-46.74362738644994,-0.4020895572028637,-42.49267572955585,-0.08730053535036258,0.9551286931992475,-2.7697e-07,19.92729246680313,7.7046e-09,0,1.0
591,-0.001018078350578211,0.12778271855896176,-1.0696e-06,0.7631940241558249,2.47659447396597,72.97855697230582,0.04666375081316705,59.030695424040516,-0.02699790686773754,-0.3506883740445602,0.32075506405016824,-94.00429266214118,-0.4020895572028637,-56.83477492080945,-0.08730053535036258,0.2562914410431407,-2.7697e-07,12.990292390562038,7.7046e-09,0,1.0
592,0.0018800495486303026,0.004993368047367828,-1.0696e-06,0.7631940241558249,2.47659447396597,-0.880958062719571,0.04666375081316705,16.876777431326378,-0.02699790686773754,-53.6449260721033,0.32075506405016824,37.40378019171392,-0.4020895572028637,14.902096148242801,-0.08730053535036258,0.3120178179019697,-2.7697e-07,2.066671711706159,7.7046e-09,0,1.0
593,0.0067971359173650825,0.1241537546591439,-1.0696e-06,0.7631940241558249,2.47659447396597,96.71055776105543,0.04666375081316705,98.54844331221783,-0.02699790686773754,-59.945808512640525,0.32075506405016824,-95.75924820275583,-0.4020895572028637,-57.29713207807805,-0.08730053535036258,0.25351769084607767,-2.7697e-07,19.934982692841213,7.7046e-09,0,1.0
594,0.011161255807554227,0.004562099040663453,-1.0696e-06,0.7631940241558249,2.47659447396597,24.23651412389099,0.04666375081316705,50.48982117025579,-0.02699790686773754,-91.2598209491795,0.32075506405016824,20.417439097648593,-0.4020895572028637,7.158317009271997,-0.08730053535036258,0.2772176985139052,-2.7697e-07,8.274208901108684,7.7046e-09,0,1.0
595,0.021889730291682064,0.005513501117942086,-1.0696e-06,0.7631940241558249,2.47659447396597,30.187339718360803,0.04666375081316705,57.16119840776842,-0.02699790686773754,-97.32087663560596,0.32075506405016824,14.81857320019763,-0.4020895572028637,4.713504013977681,-0.08730053535036258,0.26007932601932815,-2.7697e-07,9.661061021720936,7.7046e-09,0,1.0
596,0.0027045413720636624,0.0035262903905457065,-1.0696e-06,0.7631940241558249,2.47659447396597,-6.808863265519139,0.04666375081316705,15.442237972196907,-0.02699790686773754,-67.78514224922056,0.32075506405016824,55.50203357564658,-0.4020895572028637,23.621477547982153,-0.08730053535036258,0.36621285934488546,-2.7697e-07,1.6693581078182027,7.7046e-09,0,1.0
597,-0.0009581968271836772,0.39029971535150515,-1.0696e-06,0.7631940241558249,2.47659447396597,97.77907229553973,0.04666375081316705,84.96235478104335,-0.02699790686773754,-25.03027245161241,0.32075506405016824,-99.96168945474537,-0.4020895572028637,-70.82423533424351,-0.08730053535036258,0.9179649654852469,-2.7697e-07,18.210569640592954,7.7046e-09,0,1.0
598,0.07944516321518735,0.006093636443050315,-1.0696e-06,0.7631940241558249,2.47659447396597,21.888070969895445,0.04666375081316705,52.22021053939767,-0.02699790686773754,-99.92403447506706,0.32075506405016824,25.7633653643535,-0.4020895572028637,12.320629057281845,-0.08730053535036258,0.2694558153017992,-2.7697e-07,8.369236323844703,7.7046e-09,0,1.0
599,0.0018522656629897938,0.006114720746476434,-1.0696e-06,0.7631940241558249,2.47659447396597,20.308456794087405,0.04666375081316705,38.11670692426523,-0.02699790686773754,-64.9346777443648,0.32075506405016824,12.103613440785052,-0.4020895572028637,2.4288615192370004,-0.08730053535036258,0.2698672736872867,-2.7697e-07,6.386680549459948,7.7046e-09,0,1.0
600,0.0007227905411250795,1.3923325562668726e-08,-1.0696e-06,4.121352885726401,32.50711697721612,-99.32178712274892,0.04666375081316705,2.4373753187402762,-0.02699790686773754,-24.125114025070744,0.32075506405016824,30.88586008908044,-0.4020895572028637,22.096527509503115,-0.08730053535036258,-6.095934115844891e-06,-2.7697e-07,6.119499742032944e-06,7.7046e-09,1,1.0
601,0.0012966158283831074,2.809998592090389e-08,-1.0696e-06,4.121352885726401,32.50711697721612,-99.30070366581468,0.04666375081316705,5.580313034634704,-0.02699790686773754,-10.380194344507373,0.32075506405016824,-29.32751803917331,-0.4020895572028637,20.266494550629726,-0.08730053535036258,-1.7918171548109607e-05,-2.7697e-07,1.7921004002017447e-05,7.7046e-09,1,1.0
602,0.00010090059633954414,1.2197915053961813e-08,-1.0696e-06,4.121352885726401,32.50711697721612,-68.35495176747585,0.04666375081316705,-1.7371968210182378,-0.02699790686773754,-19.612677096473295,0.32075506405016824,9.503642879828552,-0.4020895572028637,16.568287314704627,-0.08730053535036258,-7.133798046618692e-06,-2.7697e-07,7.138623104840603e-06,7.7046e-09,1,1.0
603,0.00010607251919986647,5.6867935489503966e-09,-1.0696e-06,4.121352885726401,32.50711697721612,-87.20539626418562,0.04666375081316705,2.1963782350530616,-0.02699790686773754,-44.908448600103135,0.32075506405016824,40.62545881758936,-0.4020895572028637,21.153793803792787,-0.08730053535036258,-5.234487853349126e-06,-2.7697e-07,5.231774003587036e-06,7.7046e-09,1,1.0
604,0.0001252440172138631,2.5190079917531173e-08,-1.0696e-06,4.121352885726401,32.50711697721612,15.798542614985452,0.04666375081316705,3.3253692611009646,-0.02699790686773754,-0.5223666310060224,0.32075506405016824,-22.205324040906476,-0.4020895572028637,-4.2837191856575245,-0.08730053535036258,-9.96816922871462e-06,-2.7697e-07,9.992431062611777e-06,7.7046e-09,1,1.0
605,2.9740273675978198e-05,1.190243000660226e-08,-1.0696e-06,4.121352885726401,32.50711697721612,7.950428269521501,0.04666375081316705,3.410284834248906,-0.02699790686773754,-8.802112784818348,0.32075506405016824,-13.9240173077577,-0.4020895572028637,-2.0409783739930996,-0.08730053535036258,-9.491222607231342e-06,-2.7697e-07,9.492190359415046e-06,7.7046e-09,1,1.0
606,9.68562866937887e-05,8.578083714963662e-07,-1.0696e-06,4.121352885726401,32.50711697721612,61.473790539900705,0.04666375081316705,29.428914726220846,-0.02699790686773754,-88.57745572805607,0.32075506405016824,-26.562445053293054,-0.4020895572028637,-15.482184859725646,-0.08730053535036258,-8.126754427979869e-05,-2.7697e-07,8.131741083852286e-05,7.7046e-09,1,1.0
607,0.0001137061879039154,2.5696426793592256e-07,-1.0696e-06,4.121352885726401,32.50711697721612,72.9565077313241,0.04666375081316705,15.217221929155281,-0.02699790686773754,-24.687342916918766,0.32075506405016824,-0.17261662160905536,-0.4020895572028637,-18.451019962749836,-0.08730053535036258,-4.382172592494381e-05,-2.7697e-07,4.3821047745430154e-05,7.7046e-09,1,1.0
608,1.9734199034084987e-05,2.0034342852858117e-07,-1.0696e-06,4.121352885726401,32.50711697721612,-73.39238736870553,0.04666375081316705,16.232680529039353,-0.02699790686773754,-96.91729657795133,0.32075506405016824,-95.28635742293815,-0.4020895572028637,18.313784583151698,-0.08730053535036258,-4.1534749636688654e-05,-2.7697e-07,4.158012789727091e-05,7.7046e-09,1,1.0
609,6.484810382817143e-05,2.0831555685868443e-08,-1.0696e-06,4.121352885726401,32.50711697721612,19.513955977276588,0.04666375081316705,3.021216056549628,-0.02699790686773754,-0.594930488808544,0.32075506405016824,-6.87061162848347,-0.4020895572028637,-5.039217325036839,-0.08730053535036258,-9.090561560292117e-06,-2.7697e-07,9.085678541816302e-06,7.7046e-09,1,1.0
610,6.273200461104139e-05,2.5313783113739284e-07,-1.0696e-06,4.121352885726401,32.50711697721612,-44.9151737360483,0.04666375081316705,17.648387257535006,-0.02699790686773754,-92.55517561654536,0.32075506405016824,87.9557491717133,-0.4020895572028637,10.741538097132132,-0.08730053535036258,-4.633199971618836e-05,-2.7697e-07,4.636071505015656e-05,7.7046e-09,1,1.0
611,3.756286211665182e-05,2.935468915583154e-07,-1.0696e-06,4.121352885726401,32.50711697721612,19.141776204655507,0.04666375081316705,16.33579956513988,-0.02699790686773754,-58.16243035702402,0.32075506405016824,42.72581194029778,-0.4020895572028637,-4.925015665841443,-0.08730053535036258,-4.4610421511050254e-05,-2.7697e-07,4.470595511174411e-05,7.7046e-09,1,1.0
612,0.0001104490562346017,4.714679287929267e-08,-1.0696e-06,4.121352885726401,32.50711697721612,-87.78793417611088,0.04666375081316705,9.289522854269489,-0.02699790686773754,-73.4099091274865,0.32075506405016824,8.363062060774503,-0.4020895572028637,21.350436168172884,-0.08730053535036258,-2.2916692487658865e-05,-2.7697e-07,2.292088436244773e-05,7.7046e-09,1,1.0
613,0.0017974628682004994,7.155439226603837e-08,-1.0696e-06,4.121352885726401,32.50711697721612,-98.777213742909,0.04666375081316705,7.8803193617137035,-0.02699790686773754,-0.8211323460651014,0.32075506405016824,96.6919376180587,-0.4020895572028637,18.18797480640204,-0.08730053535036258,-2.823924695026178e-05,-2.7697e-07,2.8238523771970467e-05,7.7046e-09,1,1.0
614,1.1290152987376411e-05,6.351762714288523e-07,-1.0696e-06,4.121352885726401,32.50711697721612,93.02669768476626,0.04666375081316705,24.47957927785457,-0.02699790686773754,-58.02503624884122,0.32075506405016824,-9.371626278847675,-0.4020895572028637,-23.058740904854165,-0.08730053535036258,-6.889793873572685e-05,-2.7697e-07,6.888900346242526e-05,7.7046e-09,1,1.0
615,1.6175499256773727e-05,1.344624237535896e-07,-1.0696e-06,4.121352885726401,32.50711697721612,-75.43910489005206,0.04666375081316705,12.782667195835428,-0.02699790686773754,-85.43734288159746,0.32075506405016824,-29.921894174422444,-0.4020895572028637,18.706299090914012,-0.08730053535036258,-3.232414449963463e-05,-2.7697e-07,3.238828738036723e-05,7.7046e-09,1,1.0
616,1.6603399650790994e-06,2.0251687729059437e-08,-1.0696e-06,4.121352885726401,32.50711697721612,-13.979556820225074,0.04666375081316705,4.610053495949331,-0.02699790686773754,-25.679366035396765,0.32075506405016824,16.515407933758404,-0.4020895572028637,3.42559478020754,-0.08730053535036258,-1.2001524259980886e-05,-2.7697e-07,1.2010578885670416e-05,7.7046e-09,1,1.0
617,0.00043567266793809547,1.4366348467189467e-08,-1.0696e-06,4.121352885726401,32.50711697721612,-96.5780896795374,0.04666375081316705,0.016184854820305183,-0.02699790686773754,-23.671643997151516,0.32075506405016824,-41.649041041971174,-0.4020895572028637,22.53379191802322,-0.08730053535036258,-2.1153691816728377e-06,-2.7697e-07,2.137238002508492e-06,7.7046e-09,1,1.0
618,1.518508267734156e-06,6.231121917855586e-07,-1.0696e-06,4.121352885726401,32.50711697721612,99.63286146983553,0.04666375081316705,23.651698216155705,-0.02699790686773754,-52.61545425808131,0.32075506405016824,10.75788232805016,-0.4020895572028637,-24.680764590828325,-0.08730053535036258,-6.687367686183682e-05,-2.7697e-07,6.693695118136474e-05,7.7046e-09,1,1.0
619,7.329204472166103e-05,2.144966158996578e-07,-1.0696e-06,4.121352885726401,32.50711697721612,-83.85466654291733,0.04666375081316705,16.284968250046067,-0.02699790686773754,-99.82755437674467,0.32075506405016824,-80.8779747219883,-0.4020895572028637,20.67444145666543,-0.08730053535036258,-4.1545462331317466e-05,-2.7697e-07,4.152361749120931e-05,7.7046e-09,1,1.0
620,4.22344615160355e-05,1.68279937628278e-08,-1.0696e-06,4.121352885726401,32.50711697721612,-66.30332082196337,0.04666375081316705,5.570037812693129,-0.02699790686773754,-49.52883846210835,0.32075506405016824,-63.995290771755585,-0.4020895572028637,16.40750650549288,-0.08730053535036258,-1.3561663856690722e-05,-2.7697e-07,1.356834122246032e-05,7.7046e-09,1,1.0
621,9.716455857810245e-05,9.170490211152396e-08,-1.0696e-06,4.121352885726401,32.50711697721612,-56.65156563514818,0.04666375081316705,9.746264568027872,-0.02699790686773754,-62.76621884556915,0.32075506405016824,46.00161111754087,-0.4020895572028637,13.625523813005124,-0.08730053535036258,-2.4805265975200632e-05,-2.7697e-07,2.4865402907370787e-05,7.7046e-09,1,1.0
622,6.438085599639459e-06,3.1608715108969624e-07,-1.0696e-06,4.121352885726401,32.50711697721612,69.75964069391411,0.04666375081316705,16.98237249969891,-0.02699790686773754,-36.77850779059745,0.32075506405016824,-54.303502871532544,-0.4020895572028637,-17.178970484660965,-0.08730053535036258,-4.7850433785917015e-05,-2.7697e-07,4.787806121895759e-05,7.7046e-09,1,1.0
623,2.055670679622758e-05,8.731226261429876e-07,-1.0696e-06,4.121352885726401,32.50711697721612,84.84795427349819,0.04666375081316705,29.464451796275583,-0.02699790686773754,-80.86311879164269,0.32075506405016824,-50.46361539741391,-0.4020895572028637,-20.971998006846118,-0.08730053535036258,-8.18878093057916e-05,-2.7697e-07,8.191167916387967e-05,7.7046e-09,1,1.0
624,0.0007273551435202725,5.644825323654481e-09,-1.0696e-06,4.121352885726401,32.50711697721612,-75.27777320488003,0.04666375081316705,-0.5871368706916651,-0.02699790686773754,-0.8599426453799617,0.32075506405016824,43.172410233419804,-0.4020895572028637,16.09493766542645,-0.08730053535036258,-4.909086792561773e-06,-2.7697e-07,4.908558498294888e-06,7.7046e-09,1,1.0
625,1.54447382061558e-07,7.626816940289183e-08,-1.0696e-06,4.121352885726401,32.50711697721612,13.462518859008494,0.04666375081316705,8.671844811182476,-0.02699790686773754,-30.492605079946365,0.32075506405016824,33.720928476216336,-0.4020895572028637,-3.398897359078772,-0.08730053535036258,-2.3779999726358477e-05,-2.7697e-07,2.3791785398726723e-05,7.7046e-09,1,1.0
626,4.4928299908261055e-06,7.695256669614441e-09,-1.0696e-06,4.121352885726401,32.50711697721612,-88.94346247229223,0.04666375081316705,4.759248395577803,-0.02699790686773754,-59.85024271950412,0.32075506405016824,6.102324978994989,-0.4020895572028637,21.99899161165522,-0.08730053535036258,-1.1447255927239559e-05,-2.7697e-07,1.1450060602606792e-05,7.7046e-09,1,1.0
627,0.0003302091993530082,1.2524689554138458e-07,-1.0696e-06,4.121352885726401,32.50711697721612,-42.496158403256025,0.04666375081316705,10.95143033784499,-0.02699790686773754,-49.5000511295863,0.32075506405016824,-18.25006510204549,-0.4020895572028637,9.464553576299313,-0.08730053535036258,-2.891506427730737e-05,-2.7697e-07,2.898422048013726e-05,7.7046e-09,1,1.0
628,3.173206186611035e-05,1.875625853299743e-07,-1.0696e-06,4.121352885726401,32.50711697721612,-6.7517507457656,0.04666375081316705,14.932014768935659,-0.02699790686773754,-61.01339106942319,0.32075506405016824,-87.41084281332466,-0.4020895572028637,1.7413481878270454,-0.08730053535036258,-3.9861639663614764e-05,-2.7697e-07,3.986233347772252e-05,7.7046e-09,1,1.0
629,3.1821796863025237e-06,2.3030960323348955e-07,-1.0696e-06,4.121352885726401,32.50711697721612,91.40213110982052,0.04666375081316705,13.6964879171364,-0.02699790686773754,-14.889421099895639,0.32075506405016824,-1.706622846589576,-0.4020895572028637,-22.6367372468837,-0.08730053535036258,-4.000869808013317e-05,-2.7697e-07,4.002582559456828e-05,7.7046e-09,1,1.0
630,5.133780768161412e-05,1.1634157771999001e-07,-1.0696e-06,4.121352885726401,32.50711697721612,-95.5367732133076,0.04666375081316705,12.600294816434578,-0.02699790686773754,-93.48637445295721,0.32075506405016824,22.133530976028744,-0.4020895572028637,23.43614657605236,-0.08730053535036258,-3.151675528477263e-05,-2.7697e-07,3.150330511922799e-05,7.7046e-09,1,1.0
631,2.5005106583673997e-05,1.4197171177738961e-07,-1.0696e-06,4.121352885726401,32.50711697721612,-3.1384556700644506,0.04666375081316705,12.511229819998377,-0.02699790686773754,-53.490553482502335,0.32075506405016824,64.02035711702096,-0.4020895572028637,0.5620105117576837,-0.08730053535036258,-3.3688048761242745e-05,-2.7697e-07,3.368332572843391e-05,7.7046e-09,1,1.0
632,1.6795720411131687e-05,2.7277509767115683e-08,-1.0696e-06,4.121352885726401,32.50711697721612,-43.65830477384468,0.04666375081316705,4.706274644549744,-0.02699790686773754,-37.15887636163344,0.32075506405016824,-50.38717915530004,-0.4020895572028637,10.853905315785292,-0.08730053535036258,-1.1635119471972278e-05,-2.7697e-07,1.1626997748081409e-05,7.7046e-09,1,1.0
633,8.353951364194244e-06,1.9476438721372098e-07,-1.0696e-06,4.121352885726401,32.50711697721612,-58.299082869173,0.04666375081316705,15.681777631740035,-0.02699790686773754,-90.29138280298174,0.32075506405016824,-14.457000613544206,-0.4020895572028637,14.434407948085768,-0.08730053535036258,-4.051001066845854e-05,-2.7697e-07,4.0498180572093943e-05,7.7046e-09,1,1.0
634,0.00017196431394476096,1.4161928563420927e-07,-1.0696e-06,4.121352885726401,32.50711697721612,-60.42419545632007,0.04666375081316705,14.062384835117754,-0.02699790686773754,-78.14120135953249,0.32075506405016824,14.342476017263786,-0.4020895572028637,14.353839516391043,-0.08730053535036258,-3.642009546096504e-05,-2.7697e-07,3.642338675554007e-05,7.7046e-09,1,1.0
635,1.4885216643005256e-06,1.0440774869542274e-07,-1.0696e-06,4.121352885726401,32.50711697721612,53.12947945935591,0.04666375081316705,9.589982830650063,-0.02699790686773754,-13.706517827930487,0.32075506405016824,-67.5910751639488,-0.4020895572028637,-13.024206918525643,-0.08730053535036258,-2.744083479065195e-05,-2.7697e-07,2.74448418021066e-05,7.7046e-09,1,1.0
636,0.00035329213553414576,2.2784526055867212e-08,-1.0696e-06,4.121352885726401,32.50711697721612,-76.4937951494247,0.04666375081316705,6.314722233796116,-0.02699790686773754,-44.719871021712464,0.32075506405016824,-18.302208015667155,-0.4020895572028637,17.7868851619554,-0.08730053535036258,-1.5504244372729476e-05,-2.7697e-07,1.55102936871959e-05,7.7046e-09,1,1.0
637,3.993460046738755e-05,9.542500534192261e-08,-1.0696e-06,4.121352885726401,32.50711697721612,-67.76466759635564,0.04666375081316705,11.272239960943864,-0.02699790686773754,-75.68317495209563,0.32075506405016824,11.868383873680386,-0.4020895572028637,16.61949793835839,-0.08730053535036258,-2.856224252504646e-05,-2.7697e-07,2.8553717708070054e-05,7.7046e-09,1,1.0
638,4.6393317010070797e-05,1.7091375181743557e-07,-1.0696e-06,4.121352885726401,32.50711697721612,-0.18635655606264145,0.04666375081316705,13.906789280724787,-0.02699790686773754,-56.04484385898604,0.32075506405016824,26.9203012330815,-0.4020895572028637,-0.16351215352089998,-0.08730053535036258,-3.7521429117054684e-05,-2.7697e-07,3.752661546598538e-05,7.7046e-09,1,1.0
639,8.31222890855304e-06,3.131591646080431e-07,-1.0696e-06,4.121352885726401,32.50711697721612,21.200523331011624,0.04666375081316705,18.152626058145827,-0.02699790686773754,-63.94841453654508,0.32075506405016824,-35.58927810940145,-0.4020895572028637,-5.208779900152315,-0.08730053535036258,-4.94073887677126e-05,-2.7697e-07,4.939902822919908e-05,7.7046e-09,1,1.0
640,3.293319603961051e-08,3.9630235205017493e-07,-1.0696e-06,4.121352885726401,32.50711697721612,32.32556550852335,0.04666375081316705,20.256541925911147,-0.02699790686773754,-71.20462412295043,0.32075506405016824,94.29489714846609,-0.4020895572028637,-8.197633728902955,-0.08730053535036258,-5.563162207518533e-05,-2.7697e-07,5.5624305803276495e-05,7.7046e-09,1,1.0
641,2.110092910010894e-05,4.276365044369e-07,-1.0696e-06,4.121352885726401,32.50711697721612,62.71309284105792,0.04666375081316705,20.21758410304168,-0.02699790686773754,-53.13548088237743,0.32075506405016824,-35.608893688779396,-0.4020895572028637,-15.519034305113772,-0.08730053535036258,-5.6352300680105914e-05,-2.7697e-07,5.6387542883044035e-05,7.7046e-09,1,1.0
642,0.00011849729031515447,5.403233124799181e-08,-1.0696e-06,4.121352885726401,32.50711697721612,10.125611404750664,0.04666375081316705,7.43477106801947,-0.02699790686773754,-21.208314593252016,0.32075506405016824,13.809452787560698,-0.4020895572028637,-2.9354865084221267,-0.08730053535036258,-2.0725870073208416e-05,-2.7697e-07,2.072761545366792e-05,7.7046e-09,1,1.0
643,2.7860650181966637e-05,1.060900418656251e-07,-1.0696e-06,4.121352885726401,32.50711697721612,-11.692627571903799,0.04666375081316705,11.147392225200171,-0.02699790686773754,-52.02980631111841,0.32075506405016824,80.06983638439075,-0.4020895572028637,2.641454720783865,-0.08730053535036258,-2.9781013374766008e-05,-2.7697e-07,2.978693857591511e-05,7.7046e-09,1,1.0
644,1.3987464554336866e-05,2.4330977092108844e-07,-1.0696e-06,4.121352885726401,32.50711697721612,80.67216243818844,0.04666375081316705,14.104600311381603,-0.02699790686773754,-22.550725422591352,0.32075506405016824,61.30702767960924,-0.4020895572028637,-20.13873838527982,-0.08730053535036258,-4.086826107475719e-05,-2.7697e-07,4.090084150218997e-05,7.7046e-09,1,1.0
645,5.007212620386373e-06,1.7325498065875878e-07,-1.0696e-06,4.121352885726401,32.50711697721612,-94.62890642079591,0.04666375081316705,12.236639321593831,-0.02699790686773754,-94.56741131667958,0.32075506405016824,54.02738370977075,-0.4020895572028637,23.360263117441512,-0.08730053535036258,-3.044134242486311e-05,-2.7697e-07,3.061822273512701e-05,7.7046e-09,1,1.0
646,0.0007726679335113911,1.2763650779823475e-07,-1.0696e-06,4.121352885726401,32.50711697721612,-98.06246323847537,0.04666375081316705,13.108299135217043,-0.02699790686773754,-65.38096954509264,0.32075506405016824,33.261972150185116,-0.4020895572028637,21.60226475425641,-0.08730053535036258,-3.4437970902713636e-05,-2.7697e-07,3.443141445827923e-05,7.7046e-09,1,1.0
647,1.6251770400930662e-05,6.673831291629893e-08,-1.0696e-06,4.121352885726401,32.50711697721612,-81.64811622372213,0.04666375081316705,10.695058253886637,-0.02699790686773754,-79.8526025223904,0.32075506405016824,-19.349158056771667,-0.4020895572028637,20.20282936246272,-0.08730053535036258,-2.6714454556361994e-05,-2.7697e-07,2.6713277791063833e-05,7.7046e-09,1,1.0
648,0.0002890153181897475,8.6465301046377e-09,-1.0696e-06,4.121352885726401,32.50711697721612,-93.85894635134602,0.04666375081316705,-0.9200043280683379,-0.02699790686773754,-26.174695557287343,0.32075506405016824,5.3286376071904895,-0.4020895572028637,22.255603647269478,-0.08730053535036258,-5.135356876606946e-06,-2.7697e-07,5.137518482667033e-06,7.7046e-09,1,1.0
649,1.222510633537067e-05,3.293227476982343e-08,-1.0696e-06,4.121352885726401,32.50711697721612,-93.52511275233695,0.04666375081316705,7.884580296004827,-0.02699790686773754,-73.78723192071746,0.32075506405016824,-21.260444736889944,-0.4020895572028637,23.165263301564693,-0.08730053535036258,-1.9206931071015546e-05,-2.7697e-07,1.9218452294040076e-05,7.7046e-09,1,1.0
650,1.8285386843200368e-05,2.5228042446777116e-09,-1.0696e-06,4.121352885726401,32.50711697721612,-52.49930503608877,0.04666375081316705,1.969323533077043,-0.02699790686773754,-31.392388009879554,0.32075506405016824,12.14883147280655,-0.4020895572028637,12.914114614111947,-0.08730053535036258,-4.770868727545378e-06,-2.7697e-07,4.769892997695719e-06,7.7046e-09,1,1.0
651,1.2868036621647636e-05,4.1406125104531274e-07,-1.0696e-06,4.121352885726401,32.50711697721612,76.53609159209617,0.04666375081316705,19.75586254649599,-0.02699790686773754,-45.22427827777569,0.32075506405016824,-39.3689684998689,-0.4020895572028637,-18.912136926378388,-0.08730053535036258,-5.558186617355933e-05,-2.7697e-07,5.559881185303458e-05,7.7046e-09,1,1.0
652,1.5303103650438424e-05,1.670999019864623e-07,-1.0696e-06,4.121352885726401,32.50711697721612,43.37930734644746,0.04666375081316705,12.73665691383591,-0.02699790686773754,-34.01170409712623,0.32075506405016824,73.08574675749965,-0.4020895572028637,-10.941443579202955,-0.08730053535036258,-3.586692896313294e-05,-2.7697e-07,3.586740261390729e-05,7.7046e-09,1,1.0
653,0.0012378382695124382,2.1115485716486842e-07,-1.0696e-06,4.121352885726401,32.50711697721612,-95.71487706357938,0.04666375081316705,16.19281702952334,-0.02699790686773754,-55.88947386481228,0.32075506405016824,3.1111878639907546,-0.4020895572028637,19.51320112382735,-0.08730053535036258,-4.470439060814212e-05,-2.7697e-07,4.471204384619319e-05,7.7046e-09,1,1.0
654,0.00025963097035979534,9.050284950670351e-09,-1.0696e-06,4.121352885726401,32.50711697721612,-56.618422043575826,0.04666375081316705,-1.1879498784624132,-0.02699790686773754,-7.5250225868970535,0.32075506405016824,-73.02648354710055,-0.4020895572028637,13.289736064774777,-0.08730053535036258,-4.4641053386230375e-06,-2.7697e-07,4.4619996265884295e-06,7.7046e-09,1,1.0
655,7.950398032887849e-06,3.7296156971576736e-08,-1.0696e-06,4.121352885726401,32.50711697721612,-63.21842602991458,0.04666375081316705,3.900153663560988,-0.02699790686773754,-45.29495475118805,0.32075506405016824,35.38051222579096,-0.4020895572028637,15.576111491745573,-0.08730053535036258,-9.294170706102577e-06,-2.7697e-07,9.358692616889732e-06,7.7046e-09,1,1.0
656,0.0001681829306480143,3.324713817201236e-09,-1.0696e-06,4.121352885726401,32.50711697721612,-43.49579810569662,0.04666375081316705,1.3576640965623468,-0.02699790686773754,-19.15347352995245,0.32075506405016824,49.03493649863892,-0.4020895572028637,10.105366747159822,-0.08730053535036258,-2.8316990742763574e-06,-2.7697e-07,2.8378987683356217e-06,7.7046e-09,1,1.0
657,1.3247657882572723e-05,6.716710717221951e-07,-1.0696e-06,4.121352885726401,32.50711697721612,13.711079254131416,0.04666375081316705,25.97526974344179,-0.02699790686773754,-98.9162568368262,0.32075506405016824,-58.775030024521946,-0.4020895572028637,-3.276058745556467,-0.08730053535036258,-7.004168205137709e-05,-2.7697e-07,7.019434566714271e-05,7.7046e-09,1,1.0
658,0.0005563446875536741,6.9547626547223134e-09,-1.0696e-06,4.121352885726401,32.50711697721612,-82.97799345504434,0.04666375081316705,-0.82232224550404,-0.02699790686773754,-8.06923516549537,0.32075506405016824,-68.7995065826331,-0.4020895572028637,18.807149021782116,-0.08730053535036258,-3.6078862121534974e-06,-2.7697e-07,3.6110911112861363e-06,7.7046e-09,1,1.0
659,4.3559455874427055e-06,2.7279452925150845e-07,-1.0696e-06,4.121352885726401,32.50711697721612,39.73291531461625,0.04666375081316705,16.514072727441718,-0.02699790686773754,-51.03235569810351,0.32075506405016824,45.5891139866406,-0.4020895572028637,-9.941906544181135,-0.08730053535036258,-4.574842280305694e-05,-2.7697e-07,4.576245434172672e-05,7.7046e-09,1,1.0
660,1.0322946216831125e-05,4.837683654480915e-07,-1.0696e-06,4.121352885726401,32.50711697721612,-0.983545343660603,0.04666375081316705,23.355020283703716,-0.02699790686773754,-97.78065249882155,0.32075506405016824,61.39231314449073,-0.4020895572028637,0.08226482601750924,-0.08730053535036258,-6.284531709422662e-05,-2.7697e-07,6.283703922537481e-05,7.7046e-09,1,1.0
661,4.629009655472073e-05,4.805546107194386e-09,-1.0696e-06,4.121352885726401,32.50711697721612,-8.256128122108697,0.04666375081316705,1.6526783019885167,-0.02699790686773754,-8.60418715066675,0.32075506405016824,3.1511991462465705,-0.4020895572028637,1.883351689266573,-0.08730053535036258,-4.307056376324533e-06,-2.7697e-07,4.31278658257108e-06,7.7046e-09,1,1.0
662,4.289794378198786e-06,1.7464233927021506e-08,-1.0696e-06,4.121352885726401,32.50711697721612,20.357327000187077,0.04666375081316705,3.6763761614399657,-0.02699790686773754,-6.8444540802544696,0.32075506405016824,43.684189295347394,-0.4020895572028637,-5.142714322388061,-0.08730053535036258,-1.0703846440107975e-05,-2.7697e-07,1.0707857124002485e-05,7.7046e-09,1,1.0
663,8.951241178348224e-06,1.3949159065558662e-07,-1.0696e-06,4.121352885726401,32.50711697721612,45.96780370299409,0.04666375081316705,11.405481202663498,-0.02699790686773754,-27.303159892833726,0.32075506405016824,59.87533277003772,-0.4020895572028637,-11.533287613732824,-0.08730053535036258,-3.2347216678708566e-05,-2.7697e-07,3.235111277718934e-05,7.7046e-09,1,1.0
664,1.2102063157245872e-05,1.5712657350797253e-07,-1.0696e-06,4.121352885726401,32.50711697721612,-38.678340660394475,0.04666375081316705,14.229520245101597,-0.02699790686773754,-77.3247296712087,0.32075506405016824,67.27519762104195,-0.4020895572028637,9.404020623257416,-0.08730053535036258,-3.7211652807590774e-05,-2.7697e-07,3.722027489919709e-05,7.7046e-09,1,1.0
665,0.0007883843664951723,1.0055342692528646e-08,-1.0696e-06,4.121352885726401,32.50711697721612,-95.0925095118367,0.04666375081316705,-1.376176324683314,-0.02699790686773754,-0.8001385951447265,0.32075506405016824,-80.62507729931725,-0.4020895572028637,21.045910615660496,-0.08730053535036258,-5.645973518136287e-06,-2.7697e-07,5.64733650443362e-06,7.7046e-09,1,1.0
666,0.00021075639912324548,2.7197263047137207e-09,-1.0696e-06,4.121352885726401,32.50711697721612,-8.895525927586256,0.04666375081316705,1.3795586253484604,-0.02699790686773754,-0.405261311784634,0.32075506405016824,-2.6854644450401874,-0.4020895572028637,1.4955669636823752,-0.08730053535036258,-4.44743308068431e-06,-2.7697e-07,4.447049332805769e-06,7.7046e-09,1,1.0
667,5.775859142695319e-06,6.263288970098897e-07,-1.0696e-06,4.121352885726401,32.50711697721612,82.17558720530307,0.04666375081316705,24.834069814185046,-0.02699790686773754,-64.14598023179477,0.32075506405016824,-29.56183658984481,-0.4020895572028637,-20.30829200783121,-0.08730053535036258,-6.938985131454648e-05,-2.7697e-07,6.939406247340929e-05,7.7046e-09,1,1.0
668,4.2507548456183035e-05,5.269918691514657e-07,-1.0696e-06,4.121352885726401,32.50711697721612,30.03668344752124,0.04666375081316705,23.678058537795046,-0.02699790686773754,-83.69649670161499,0.32075506405016824,62.276821678694006,-0.4020895572028637,-7.70271796017228,-0.08730053535036258,-6.479275815393556e-05,-2.7697e-07,6.480923601585685e-05,7.7046e-09,1,1.0
669,6.340626300300762e-07,1.4660302703770773e-07,-1.0696e-06,4.121352885726401,32.50711697721612,-83.94243310081164,0.04666375081316705,14.489832537251697,-0.02699790686773754,-95.82202956770969,0.32075506405016824,-75.93793476151507,-0.4020895572028637,20.947308943099685,-0.08730053535036258,-3.6671677620487365e-05,-2.7697e-07,3.670168332096776e-05,7.7046e-09,1,1.0
670,5.578172480730399e-05,6.197525230392615e-08,-1.0696e-06,4.121352885726401,32.50711697721612,-58.84492108712094,0.04666375081316705,9.870534313236625,-0.02699790686773754,-64.60611127028764,0.32075506405016824,-10.999233207517207,-0.4020895572028637,14.405980058127144,-0.08730053535036258,-2.5024671863807915e-05,-2.7697e-07,2.5025412472009756e-05,7.7046e-09,1,1.0
671,0.001282606888087109,1.782566291037036e-07,-1.0696e-06,4.121352885726401,32.50711697721612,-98.0305547435839,0.04666375081316705,13.710911911080377,-0.02699790686773754,-44.60897208291586,0.32075506405016824,-4.134326435167241,-0.4020895572028637,19.965725896494877,-0.08730053535036258,-3.8274216146713714e-05,-2.7697e-07,3.833500670246345e-05,7.7046e-09,1,1.0
672,9.047937021038977e-05,1.1403739621960594e-07,-1.0696e-06,4.121352885726401,32.50711697721612,-77.8232592706823,0.04666375081316705,13.08164991196576,-0.02699790686773754,-86.78032850681609,0.32075506405016824,63.53870094654721,-0.4020895572028637,18.836821629894164,-0.08730053535036258,-3.324907198597883e-05,-2.7697e-07,3.3246090028910637e-05,7.7046e-09,1,1.0
673,2.0108928408538e-05,5.384775679603823e-07,-1.0696e-06,4.121352885726401,32.50711697721612,10.596282851913958,0.04666375081316705,24.39831770892751,-0.02699790686773754,-96.8109849093511,0.32075506405016824,76.46801267199787,-0.4020895572028637,-2.8398954386963555,-0.08730053535036258,-6.604453265879867e-05,-2.7697e-07,6.606631604506113e-05,7.7046e-09,1,1.0
674,0.00022478827299825065,1.6982004509568334e-09,-1.0696e-06,4.121352885726401,32.50711697721612,-83.34265402427319,0.04666375081316705,1.5863807609685279,-0.02699790686773754,-33.64805035307571,0.32075506405016824,-30.979500016857536,-0.4020895572028637,19.942129150345338,-0.08730053535036258,-3.48116978997166e-06,-2.7697e-07,3.484309641943204e-06,7.7046e-09,1,1.0
675,4.983254410167266e-07,4.1711214025193107e-08,-1.0696e-06,4.121352885726401,32.50711697721612,-31.510873641632436,0.04666375081316705,7.58955312578769,-0.02699790686773754,-45.60484533730165,0.32075506405016824,3.1507559954985798,-0.4020895572028637,7.794847148363184,-0.08730053535036258,-1.9524770615296315e-05,-2.7697e-07,1.9523573014541997e-05,7.7046e-09,1,1.0
676,6.0156004030682267e-05,1.0877236430646752e-07,-1.0696e-06,4.121352885726401,32.50711697721612,-99.81282435814742,0.04666375081316705,9.706186882120784,-0.02699790686773754,-85.14914909239421,0.32075506405016824,98.86707927664285,-0.4020895572028637,24.351359834272802,-0.08730053535036258,-2.3722416694172244e-05,-2.7697e-07,2.3846734034849412e-05,7.7046e-09,1,1.0
677,1.1747927411244366e-05,4.45753327704638e-08,-1.0696e-06,4.121352885726401,32.50711697721612,-6.415241886995345,0.04666375081316705,7.254263377894854,-0.02699790686773754,-32.762614634330816,0.32075506405016824,18.959627834844927,-0.4020895572028637,1.5104772827809936,-0.08730053535036258,-1.9352634128930478e-05,-2.7697e-07,1.9352036573855646e-05,7.7046e-09,1,1.0
678,8.645702765551749e-06,1.689727797291779e-07,-1.0696e-06,4.121352885726401,32.50711697721612,80.5067556730783,0.04666375081316705,11.807255931952055,-0.02699790686773754,-11.477508810349146,0.32075506405016824,-14.098676003695886,-0.4020895572028637,-19.935332492709293,-0.08730053535036258,-3.455729527469749e-05,-2.7697e-07,3.456356696807923e-05,7.7046e-09,1,1.0
679,0.00011062024684997717,7.537174496036065e-08,-1.0696e-06,4.121352885726401,32.50711697721612,17.11655584494224,0.04666375081316705,8.566645156426816,-0.02699790686773754,-23.48449482192963,0.32075506405016824,30.875496148733017,-0.4020895572028637,-4.673275254650656,-0.08730053535036258,-2.401524893377368e-05,-2.7697e-07,2.402116724657555e-05,7.7046e-09,1,1.0
680,1.8114462013166287e-05,3.1614083754731096e-08,-1.0696e-06,4.121352885726401,32.50711697721612,30.50489980071815,0.04666375081316705,4.911418248890211,-0.02699790686773754,-3.878508773413169,0.32075506405016824,-70.20623997860481,-0.4020895572028637,-7.471295616885849,-0.08730053535036258,-1.4156669793637056e-05,-2.7697e-07,1.4164608569996848e-05,7.7046e-09,1,1.0
681,0.00018891911343090205,3.6350763681387065e-08,-1.0696e-06,4.121352885726401,32.50711697721612,3.3474381932898725,0.04666375081316705,4.8123572005283135,-0.02699790686773754,-11.474895470140215,0.32075506405016824,56.548373573507774,-0.4020895572028637,-1.5741020645001793,-0.08730053535036258,-1.3895432756534243e-05,-2.7697e-07,1.3921498129397307e-05,7.7046e-09,1,1.0
682,3.0651263438464214e-07,1.6694303431185641e-07,-1.0696e-06,4.121352885726401,32.50711697721612,-39.24550217787019,0.04666375081316705,14.85343157918522,-0.02699790686773754,-78.66538709225323,0.32075506405016824,-12.418867190510648,-0.4020895572028637,9.743464535238566,-0.08730053535036258,-3.876201681213471e-05,-2.7697e-07,3.8764720065503856e-05,7.7046e-09,1,1.0
683,1.1079225494347146e-06,1.0469420838423483e-07,-1.0696e-06,4.121352885726401,32.50711697721612,54.70486606859623,0.04666375081316705,6.7824347455638545,-0.02699790686773754,-1.8165318147900744,0.32075506405016824,-55.58297255358796,-0.4020895572028637,-13.410115852779164,-0.08730053535036258,-1.9971162812446023e-05,-2.7697e-07,2.006641599233301e-05,7.7046e-09,1,1.0
684,0.0007304550828050771,5.908470819400276e-09,-1.0696e-06,4.121352885726401,32.50711697721612,-83.85614573088286,0.04666375081316705,-0.312288871694439,-0.02699790686773754,-3.439951591104791,0.32075506405016824,-48.677907215036655,-0.4020895572028637,18.39538805412093,-0.08730053535036258,-3.7029777543448266e-06,-2.7697e-07,3.7064765921035614e-06,7.7046e-09,1,1.0
685,4.918127857708504e-05,9.190499589905217e-09,-1.0696e-06,4.121352885726401,32.50711697721612,-36.32663306362102,0.04666375081316705,3.137044247577064,-0.02699790686773754,-27.38287220993621,0.32075506405016824,6.075493660257341,-0.4020895572028637,8.820031898408008,-0.08730053535036258,-7.615879891199501e-06,-2.7697e-07,7.625208874687418e-06,7.7046e-09,1,1.0
686,7.229386548983016e-06,4.778703151503263e-07,-1.0696e-06,4.121352885726401,32.50711697721612,35.01962429315612,0.04666375081316705,22.5412680958138,-0.02699790686773754,-78.88246986867593,0.32075506405016824,85.83967417377508,-0.4020895572028637,-8.86870920505096,-0.08730053535036258,-6.185188276468397e-05,-2.7697e-07,6.185577275831175e-05,7.7046e-09,1,1.0
687,1.0048099196191974e-05,4.531722494927401e-07,-1.0696e-06,4.121352885726401,32.50711697721612,43.270850042525495,0.04666375081316705,21.693933768331444,-0.02699790686773754,-69.18153386440041,0.32075506405016824,-7.515398700848118,-0.4020895572028637,-10.735271959459759,-0.08730053535036258,-5.969420675896908e-05,-2.7697e-07,5.969078744970102e-05,7.7046e-09,1,1.0
688,7.051925838360076e-06,4.827367511701586e-07,-1.0696e-06,4.121352885726401,32.50711697721612,95.3896524065358,0.04666375081316705,20.763584338904888,-0.02699790686773754,-41.9841066748105,0.32075506405016824,-4.618520778586003,-0.4020895572028637,-23.6252958650636,-0.08730053535036258,-5.9002066631008594e-05,-2.7697e-07,5.903969552924983e-05,7.7046e-09,1,1.0
689,9.555067950252046e-05,1.5876909164497177e-09,-1.0696e-06,4.121352885726401,32.50711697721612,-1.6865407920563529,0.04666375081316705,1.3001700879174356,-0.02699790686773754,-0.1840859341371301,0.32075506405016824,-69.68477720281345,-0.4020895572028637,0.23527245562543087,-0.08730053535036258,-3.622838486254476e-06,-2.7697e-07,3.6229240133782327e-06,7.7046e-09,1,1.0
690,0.0004938249894650517,5.015567297132796e-09,-1.0696e-06,4.121352885726401,32.50711697721612,-46.351908495537344,0.04666375081316705,1.1210369697850626,-0.02699790686773754,-3.102438937781765,0.32075506405016824,-34.333665409765906,-0.4020895572028637,9.880277870644703,-0.08730053535036258,-4.022431055108954e-06,-2.7697e-07,4.029927014741812e-06,7.7046e-09,1,1.0
691,4.354026445361776e-06,2.1631008652744483e-07,-1.0696e-06,4.121352885726401,32.50711697721612,-28.63806578915285,0.04666375081316705,16.42866229120202,-0.02699790686773754,-78.46627027769816,0.32075506405016824,-80.81631277467156,-0.4020895572028637,7.243216931940232,-0.08730053535036258,-4.319971520258146e-05,-2.7697e-07,4.320966750700583e-05,7.7046e-09,1,1.0
692,9.445551013258398e-05,5.95117968620659e-07,-1.0696e-06,4.121352885726401,32.50711697721612,44.60565150960204,0.04666375081316705,24.661631328000766,-0.02699790686773754,-77.12375909471577,0.32075506405016824,-6.592931164951672,-0.4020895572028637,-11.355362399652932,-0.08730053535036258,-6.798033331772354e-05,-2.7697e-07,6.796922760906559e-05,7.7046e-09,1,1.0
693,3.609711156446482e-05,7.728497888889233e-08,-1.0696e-06,4.121352885726401,32.50711697721612,-10.610150631153477,0.04666375081316705,9.411391730462352,-0.02699790686773754,-41.95072580387184,0.32075506405016824,-2.2504606666326947,-0.4020895572028637,2.509085353031387,-0.08730053535036258,-2.5051690567904216e-05,-2.7697e-07,2.5048766603423426e-05,7.7046e-09,1,1.0
694,0.0008407142271680959,1.42540396620621e-07,-1.0696e-06,4.121352885726401,32.50711697721612,-99.2663644783645,0.04666375081316705,12.519346225580907,-0.02699790686773754,-59.16075165969364,0.32075506405016824,-23.376691873808475,-0.4020895572028637,21.80841322167908,-0.08730053535036258,-3.2891253728966894e-05,-2.7697e-07,3.296449721569217e-05,7.7046e-09,1,1.0
695,2.1878659416945875e-05,4.92451828733975e-07,-1.0696e-06,4.121352885726401,32.50711697721612,31.362837541557862,0.04666375081316705,22.96338909095796,-0.02699790686773754,-80.87360369353839,0.32075506405016824,55.37608520784894,-0.4020895572028637,-7.95039648296637,-0.08730053535036258,-6.284948267034353e-05,-2.7697e-07,6.285604079426508e-05,7.7046e-09,1,1.0
696,2.493542565768902e-07,2.1311561069867873e-07,-1.0696e-06,4.121352885726401,32.50711697721612,17.16974219135012,0.04666375081316705,14.145623290039083,-0.02699790686773754,-49.58334805277895,0.32075506405016824,-39.09518925108472,-0.4020895572028637,-4.155495298851544,-0.08730053535036258,-3.843482083267074e-05,-2.7697e-07,3.84962398922241e-05,7.7046e-09,1,1.0
697,0.0004973330979855319,2.6229303834695965e-08,-1.0696e-06,4.121352885726401,32.50711697721612,-50.54378937675622,0.04666375081316705,1.4474529511762086,-0.02699790686773754,-6.609662955951202,0.32075506405016824,-19.095179850769515,-0.4020895572028637,10.88822757669133,-0.08730053535036258,-4.490984179687145e-06,-2.7697e-07,4.540491722019306e-06,7.7046e-09,1,1.0
698,6.0268548265371945e-05,8.83032697965564e-09,-1.0696e-06,4.121352885726401,32.50711697721612,-70.5934939369961,0.04666375081316705,4.1975275779501215,-0.02699790686773754,-46.1808743696506,0.32075506405016824,-17.623156496996483,-0.4020895572028637,17.31282528393075,-0.08730053535036258,-9.983682728894424e-06,-2.7697e-07,9.981960336782384e-06,7.7046e-09,1,1.0
699,2.567570234716845e-06,5.710878176747938e-07,-1.0696e-06,4.121352885726401,32.50711697721612,34.65313900485746,0.04666375081316705,24.29032002607875,-0.02699790686773754,-83.00671109784395,0.32075506405016824,-53.48809601781611,-0.4020895572028637,-8.466127401115196,-0.08730053535036258,-6.623287912165049e-05,-2.7697e-07,6.628651551852784e-05,7.7046e-09,1,1.0
